step,timestamp,hour_of_day,day_of_week,hour_sin,hour_cos,dow_sin,dow_cos,is_weekend,is_holiday,shift_block,arrivals_15m,arrivals_30m,arrivals_1h,arrivals_3h,arrivals_6h,arrivals_24h,current_queue,critical_queue,priority_mix_critical,admissions_rate_1h,discharge_rate_1h,occupied_beds,occupied_icu,bed_occupancy,icu_occupancy,available_beds,available_icu,available_doctors,available_nurses,doctor_utilisation,nurse_utilisation,ventilators_in_use,monitors_in_use,available_equipment,reserved_equipment,equipment_utilisation,ot_backlog,ot_utilisation,emergency_resource_pressure,surge_active,surge_kind,waiting_minutes_mean,pressure_index,queue_change_15m,queue_change_30m,queue_change_1h,rolling_queue_mean,rolling_queue_max,arrival_rate_trend,ot_backlog_change_1h,queue_backlog_pressure,target_arrivals_1h,target_queue_1h,target_icu_occupancy_1h,target_bed_occupancy_1h,target_doctor_utilisation_1h,target_nurse_utilisation_1h,target_equipment_utilisation_1h,target_ot_utilisation_1h,target_emergency_resource_pressure_1h,target_arrivals_2h,target_queue_2h,target_icu_occupancy_2h,target_bed_occupancy_2h,target_doctor_utilisation_2h,target_nurse_utilisation_2h,target_equipment_utilisation_2h,target_ot_utilisation_2h,target_emergency_resource_pressure_2h,target_admissions_6h,target_discharges_6h,target_icu_occupancy_6h,target_bed_occupancy_6h,target_ot_backlog_6h,pressure_label
0,2026-06-01 00:00:00+00:00,0,0,0.0,1.0,0.0,1.0,False,False,NIGHT,1.0,1.0,1.0,1.0,1.0,1.0,3.92,0.72,0.1837,8.534,0.803,49.67,6.26,80.118,62.596,12.33,3.74,5.73,16.81,94.469,69.547,6.18,4.83,15.99,1.98,40.784,5.68,100.0,48.559,False,,7.3,65.006,0.0,0.0,0.0,3.92,3.92,0.0,0.0,2.4,5.0,0.0,66.081,82.727,86.109,64.783,35.847,100.0,26.432,9.0,0.0,65.344,81.02,88.994,66.1,36.29,81.808,26.137,6.72,3.94,76.235,83.618,0.26,NORMAL
1,2026-06-01 00:15:00+00:00,0,0,0.0,1.0,0.0,1.0,False,False,NIGHT,1.0,2.0,2.0,2.0,2.0,2.0,0.23,0.35,0.3528,7.872,2.073,50.82,6.57,81.961,65.67,11.18,3.43,6.26,17.98,85.597,64.378,6.54,4.59,15.87,2.0,41.232,5.36,100.0,27.673,False,,0.5,62.021,-3.69,0.0,0.0,2.075,3.92,0.0,0.0,1.398,4.0,0.0,66.795,82.519,85.893,64.62,37.461,91.383,26.718,11.0,0.0,64.52,80.808,84.112,63.28,37.476,78.617,25.808,0.0,3.87,75.872,82.116,0.0,NORMAL
2,2026-06-01 00:30:00+00:00,0,0,0.0,1.0,0.0,1.0,False,False,NIGHT,0.0,1.0,2.0,2.0,2.0,2.0,0.0,0.02,0.0211,0.393,1.169,50.68,6.51,81.736,65.124,11.32,3.49,6.27,17.99,85.077,64.007,6.21,4.39,16.4,1.91,39.271,4.88,72.158,26.05,False,,0.0,58.925,-0.23,-3.92,0.0,1.383,3.92,0.0,0.0,1.22,4.0,0.0,67.204,82.594,99.103,71.992,35.894,100.0,26.881,12.0,0.0,65.129,81.624,84.961,63.919,37.162,100.0,26.052,1.68,1.813,75.06,82.193,0.0,NORMAL
3,2026-06-01 00:45:00+00:00,0,0,0.0,1.0,0.0,1.0,False,False,NIGHT,2.0,2.0,4.0,4.0,4.0,4.0,0.0,0.0,0.0,3.36,1.777,51.0,6.59,82.25,65.891,11.0,3.41,5.93,17.24,90.529,67.207,6.16,4.24,16.61,1.87,38.499,4.72,100.0,26.357,False,,0.0,62.666,0.0,-0.23,0.0,1.038,3.92,0.0,0.0,1.18,4.0,0.0,65.326,81.596,84.931,63.897,36.067,59.4,26.131,10.0,0.0,65.236,81.109,84.425,63.516,35.786,73.833,26.095,5.04,2.102,77.202,83.033,0.0,NORMAL
4,2026-06-01 01:00:00+00:00,1,0,0.258819,0.965926,0.0,1.0,False,False,NIGHT,2.0,4.0,5.0,6.0,6.0,6.0,0.0,0.0,0.0,3.36,2.101,51.29,6.61,82.727,66.081,10.71,3.39,6.27,17.99,86.109,64.783,5.56,4.12,17.32,1.74,35.847,4.56,100.0,26.432,False,,0.0,61.749,0.0,0.0,-3.92,0.83,3.92,4.0,-1.12,1.14,5.0,0.0,65.344,81.02,88.994,66.1,36.29,81.808,26.137,9.0,0.0,64.289,80.997,87.616,65.318,35.138,43.442,25.716,6.72,2.288,79.305,84.48,0.16,NORMAL
5,2026-06-01 01:15:00+00:00,1,0,0.258819,0.965926,0.0,1.0,False,False,NIGHT,1.0,3.0,5.0,7.0,7.0,7.0,0.0,0.0,0.0,1.68,1.911,51.16,6.68,82.519,66.795,10.84,3.32,6.27,17.99,85.893,64.62,6.09,4.03,16.89,1.82,37.461,4.24,91.383,26.718,False,,0.0,61.171,0.0,0.0,-0.23,0.692,3.92,3.0,-1.12,1.06,4.0,0.0,64.52,80.808,84.112,63.28,37.476,78.617,25.808,12.0,0.0,65.682,82.085,87.452,65.433,34.56,100.0,26.273,5.04,3.183,80.124,85.097,0.16,NORMAL
6,2026-06-01 01:30:00+00:00,1,0,0.258819,0.965926,0.0,1.0,False,False,NIGHT,2.0,3.0,7.0,9.0,9.0,9.0,0.0,0.0,0.0,3.36,3.01,51.21,6.72,82.594,67.204,10.79,3.28,5.44,16.17,99.103,71.992,5.73,3.96,17.31,1.74,35.894,4.09,100.0,26.881,False,,0.0,64.373,0.0,0.0,0.0,0.593,3.92,5.0,-0.79,1.022,6.0,0.0,65.129,81.624,84.961,63.919,37.162,100.0,26.052,15.0,0.0,65.443,81.324,84.649,63.684,34.316,38.658,26.177,6.437,3.953,82.171,85.768,0.48,NORMAL
7,2026-06-01 01:45:00+00:00,1,0,0.258819,0.965926,0.0,1.0,False,False,NIGHT,0.0,2.0,5.0,9.0,9.0,9.0,0.0,0.0,0.0,0.0,3.227,50.59,6.53,81.596,65.326,11.41,3.47,6.27,17.99,84.931,63.897,5.85,3.89,17.26,1.75,36.067,3.61,59.4,26.131,False,,0.0,57.468,0.0,0.0,0.0,0.519,3.92,1.0,-1.11,0.902,4.0,0.0,65.236,81.109,84.425,63.516,35.786,73.833,26.095,17.0,0.0,64.933,80.696,83.995,63.192,34.518,61.067,25.973,5.323,2.532,82.937,86.77,0.32,NORMAL
8,2026-06-01 02:00:00+00:00,2,0,0.5,0.866025,0.0,1.0,False,False,NIGHT,1.0,1.0,4.0,10.0,10.0,10.0,0.0,0.0,0.0,1.68,3.101,50.23,6.53,81.02,65.344,11.77,3.47,5.94,17.27,88.994,66.1,5.97,3.83,17.2,1.76,36.29,3.29,81.808,26.137,False,,0.0,60.133,0.0,0.0,0.0,0.461,3.92,-1.0,-1.27,0.822,4.0,0.0,64.289,80.997,87.616,65.318,35.138,43.442,25.716,17.0,0.0,66.79,81.059,84.373,63.477,33.989,100.0,26.716,3.36,2.449,82.617,87.189,0.17,NORMAL
9,2026-06-01 02:15:00+00:00,2,0,0.5,0.866025,0.0,1.0,False,False,NIGHT,1.0,2.0,4.0,11.0,11.0,11.0,0.0,0.0,0.0,1.68,2.534,50.1,6.45,80.808,64.52,11.9,3.55,6.27,17.99,84.112,63.28,6.35,3.77,16.88,1.82,37.476,2.97,78.617,25.808,False,,0.0,58.817,0.0,0.0,0.0,0.415,3.92,-1.0,-1.27,0.742,7.0,0.0,65.682,82.085,87.452,65.433,34.56,100.0,26.273,18.0,0.0,68.153,81.243,84.565,63.621,34.428,85.083,27.261,3.36,4.958,83.076,86.471,0.01,NORMAL
10,2026-06-01 02:30:00+00:00,2,0,0.5,0.866025,0.0,1.0,False,False,NIGHT,2.0,3.0,4.0,13.0,13.0,13.0,0.0,0.0,0.0,3.36,1.093,50.61,6.51,81.624,65.129,11.39,3.49,6.27,17.99,84.961,63.919,6.3,3.74,16.97,1.81,37.162,2.81,100.0,26.052,False,,0.0,61.193,0.0,0.0,0.0,0.377,3.92,-3.0,-1.28,0.702,6.0,0.0,65.443,81.324,84.649,63.684,34.316,38.658,26.177,16.0,0.0,67.451,80.371,83.656,62.938,33.54,29.092,26.98,6.072,3.742,83.577,87.33,0.17,NORMAL
11,2026-06-01 02:45:00+00:00,2,0,0.5,0.866025,0.0,1.0,False,False,NIGHT,1.0,3.0,5.0,14.0,14.0,14.0,0.0,0.0,0.0,1.68,2.914,50.29,6.52,81.109,65.236,11.71,3.48,6.27,17.99,84.425,63.516,5.96,3.71,17.34,1.74,35.786,2.49,73.833,26.095,False,,0.0,58.51,0.0,0.0,0.0,0.346,3.92,0.0,-1.12,0.622,6.0,0.0,64.933,80.696,83.995,63.192,34.518,61.067,25.973,17.0,0.0,67.087,80.384,83.67,62.948,32.498,24.3,26.835,0.648,4.975,81.742,85.881,0.0,NORMAL
12,2026-06-01 03:00:00+00:00,3,0,0.707107,0.707107,0.0,1.0,False,False,NIGHT,0.0,1.0,4.0,13.0,14.0,14.0,0.0,0.0,0.0,0.0,0.658,50.22,6.43,80.997,64.289,11.78,3.57,6.03,17.47,87.616,65.318,5.82,3.67,17.51,1.71,35.138,2.01,43.442,25.716,False,,0.0,56.101,0.0,0.0,0.0,0.319,3.92,0.0,-1.28,0.502,5.0,0.0,66.79,81.059,84.373,63.477,33.989,100.0,26.716,20.0,0.0,68.883,81.345,86.987,65.028,33.012,100.0,27.553,3.36,3.335,81.765,85.887,0.0,NORMAL
13,2026-06-01 03:15:00+00:00,3,0,0.707107,0.707107,0.0,1.0,False,False,NIGHT,3.0,3.0,6.0,15.0,17.0,17.0,0.0,0.0,0.0,5.04,1.784,50.89,6.57,82.085,65.682,11.11,3.43,6.13,17.68,87.452,65.433,5.67,3.66,17.67,1.68,34.56,2.01,100.0,26.273,False,,0.0,61.652,0.0,0.0,0.0,0.296,3.92,2.0,-0.96,0.502,5.0,0.0,68.153,81.243,84.565,63.621,34.428,85.083,27.261,21.0,1.54,71.789,82.791,95.422,70.272,34.47,100.0,37.981,6.228,3.549,84.154,86.582,0.32,NORMAL
14,2026-06-01 03:30:00+00:00,3,0,0.707107,0.707107,0.0,1.0,False,False,NIGHT,0.0,3.0,4.0,15.0,17.0,17.0,0.0,0.0,0.0,0.0,1.982,50.42,6.54,81.324,65.443,11.58,3.46,6.27,17.99,84.649,63.684,5.62,3.65,17.73,1.67,34.316,1.53,38.658,26.177,False,,0.0,55.347,0.0,0.0,0.0,0.277,3.92,0.0,-1.28,0.382,9.0,0.0,67.451,80.371,83.656,62.938,33.54,29.092,26.98,18.0,0.0,73.559,84.054,87.49,65.822,33.96,78.725,29.424,6.029,6.006,85.537,86.368,0.64,NORMAL
15,2026-06-01 03:45:00+00:00,3,0,0.707107,0.707107,0.0,1.0,False,False,NIGHT,1.0,1.0,4.0,14.0,18.0,18.0,0.0,0.0,0.0,1.68,3.441,50.03,6.49,80.696,64.933,11.97,3.51,6.27,17.99,83.995,63.192,5.69,3.63,17.68,1.68,34.518,1.21,61.067,25.973,False,,0.0,57.005,0.0,0.0,0.0,0.259,3.92,-1.0,-1.28,0.302,11.0,0.0,67.087,80.384,83.67,62.948,32.498,24.3,26.835,21.0,0.0,73.674,82.91,86.3,64.926,36.405,49.933,29.47,6.055,3.453,85.381,87.442,0.48,NORMAL
16,2026-06-01 04:00:00+00:00,4,0,0.866025,0.5,0.0,1.0,False,False,NIGHT,3.0,4.0,7.0,15.0,21.0,21.0,0.0,0.0,0.0,5.04,3.396,50.26,6.68,81.059,66.79,11.74,3.32,6.27,17.99,84.373,63.477,5.54,3.64,17.82,1.65,33.989,1.21,100.0,26.716,False,,0.0,60.992,0.0,0.0,0.0,0.014,0.23,3.0,-0.8,0.302,12.0,0.0,68.883,81.345,86.987,65.028,33.012,100.0,27.553,22.0,0.0,76.235,83.618,45.591,42.98,39.137,100.0,30.494,5.811,3.66,85.438,88.301,0.64,NORMAL
17,2026-06-01 04:15:00+00:00,4,0,0.866025,0.5,0.0,1.0,False,False,NIGHT,2.0,5.0,6.0,16.0,23.0,23.0,0.0,0.0,0.0,3.36,2.359,50.37,6.82,81.243,68.153,11.63,3.18,6.27,17.99,84.565,63.621,5.63,3.66,17.7,1.67,34.428,1.05,85.083,27.261,False,,0.0,60.042,0.0,0.0,0.0,0.0,0.0,0.0,-0.96,0.262,13.0,1.54,71.789,82.791,95.422,70.272,34.47,100.0,37.981,20.0,0.0,75.872,82.116,47.975,45.101,40.477,23.333,30.349,2.757,4.255,84.233,87.891,0.16,NORMAL
18,2026-06-01 04:30:00+00:00,4,0,0.866025,0.5,0.0,1.0,False,False,NIGHT,0.0,2.0,6.0,14.0,23.0,23.0,0.0,0.0,0.0,0.0,2.445,49.83,6.75,80.371,67.451,12.17,3.25,6.27,17.99,83.656,62.938,5.38,3.67,17.94,1.63,33.54,0.58,29.092,26.98,False,,0.0,54.4,0.0,0.0,0.0,0.0,0.0,2.0,-0.95,0.145,7.0,0.0,73.559,84.054,87.49,65.822,33.96,78.725,29.424,22.0,0.0,75.06,82.193,44.814,42.248,39.125,48.933,30.024,5.728,4.309,84.869,88.36,0.33,NORMAL
19,2026-06-01 04:45:00+00:00,4,0,0.866025,0.5,0.0,1.0,False,False,NIGHT,0.0,0.0,5.0,14.0,23.0,23.0,0.0,0.0,0.0,0.0,0.114,49.84,6.71,80.384,67.087,12.16,3.29,6.27,17.99,83.67,62.948,5.1,3.68,18.23,1.58,32.498,0.1,24.3,26.835,False,,0.0,53.808,0.0,0.0,0.0,0.0,0.0,1.0,-1.11,0.025,6.0,0.0,73.674,82.91,86.3,64.926,36.405,49.933,29.47,25.0,0.0,77.202,83.033,51.22,48.039,41.328,100.0,30.881,5.609,4.962,85.358,88.543,0.49,NORMAL
20,2026-06-01 05:00:00+00:00,5,0,0.965926,0.258819,0.0,1.0,False,False,NIGHT,3.0,3.0,5.0,16.0,26.0,26.0,0.0,0.0,0.0,5.04,1.937,50.43,6.89,81.345,68.883,11.57,3.11,6.1,17.63,86.987,65.028,5.22,3.7,18.09,1.6,33.012,0.1,100.0,27.553,False,,0.0,61.885,0.0,0.0,0.0,0.0,0.0,-2.0,-1.11,0.025,8.0,0.0,76.235,83.618,45.591,42.98,39.137,100.0,30.494,22.0,0.0,79.305,84.48,50.932,47.816,41.802,100.0,31.722,5.559,4.282,85.858,88.977,1.13,NORMAL
21,2026-06-01 05:15:00+00:00,5,0,0.965926,0.258819,0.0,1.0,False,False,NIGHT,6.0,9.0,9.0,21.0,32.0,32.0,1.54,0.0,0.0,7.486,2.737,51.33,7.18,82.791,71.789,10.67,2.82,5.74,16.83,95.422,70.272,5.5,3.8,17.69,1.68,34.47,0.58,100.0,37.981,False,,3.3,65.543,1.54,1.54,1.54,0.096,1.54,3.0,-0.47,0.53,8.0,0.0,75.872,82.116,47.975,45.101,40.477,23.333,30.349,20.0,0.0,80.124,85.097,51.407,48.258,40.323,100.0,32.05,5.452,3.644,85.599,89.748,1.29,NORMAL
22,2026-06-01 05:30:00+00:00,5,0,0.965926,0.258819,0.0,1.0,False,False,NIGHT,2.0,8.0,11.0,21.0,34.0,34.0,0.0,0.14,0.139,5.954,2.114,52.11,7.36,84.054,73.559,9.89,2.64,6.27,17.99,87.49,65.822,5.32,3.85,17.83,1.65,33.96,0.42,78.725,29.424,False,,0.0,61.743,-1.54,0.0,0.0,0.096,1.54,5.0,-0.16,0.105,11.0,0.0,75.06,82.193,44.814,42.248,39.125,48.933,30.024,22.0,1.17,82.171,85.768,47.225,44.521,41.842,100.0,39.88,5.279,6.242,86.147,89.271,0.81,NORMAL
23,2026-06-01 05:45:00+00:00,5,0,0.965926,0.258819,0.0,1.0,False,False,NIGHT,1.0,3.0,12.0,21.0,35.0,35.0,0.0,0.0,0.0,1.68,4.471,51.4,7.37,82.91,73.674,10.6,2.63,6.27,17.99,86.3,64.926,5.94,3.89,17.17,1.77,36.405,0.1,49.933,29.47,False,,0.0,58.893,0.0,-1.54,0.0,0.096,1.54,7.0,0.0,0.025,15.0,0.0,77.202,83.033,51.22,48.039,41.328,100.0,30.881,22.0,0.0,82.937,86.77,47.309,44.6,41.124,77.775,33.175,5.379,4.229,86.489,89.68,1.61,NORMAL
24,2026-06-01 06:00:00+00:00,6,0,1.0,0.0,0.0,1.0,False,False,MORNING,4.0,5.0,13.0,25.0,38.0,39.0,0.0,0.0,0.0,6.72,3.94,51.84,7.62,83.618,76.235,10.16,2.38,11.97,27.41,45.591,42.98,6.61,3.95,16.43,1.9,39.137,0.26,100.0,30.494,False,,0.0,56.794,0.0,0.0,0.0,0.096,1.54,8.0,0.16,0.065,14.0,0.0,79.305,84.48,50.932,47.816,41.802,100.0,31.722,22.0,0.0,82.617,87.189,48.513,45.698,40.405,76.183,33.047,5.28,4.214,86.147,90.164,1.45,NORMAL
25,2026-06-01 06:15:00+00:00,6,0,1.0,0.0,0.0,1.0,False,False,MORNING,0.0,4.0,7.0,22.0,37.0,39.0,0.0,0.0,0.0,0.0,3.87,50.91,7.59,82.116,75.872,11.09,2.41,11.17,25.66,47.975,45.101,6.93,4.0,16.07,1.97,40.477,0.0,23.333,30.349,False,,0.0,50.152,0.0,0.0,-1.54,0.096,1.54,-2.0,-0.58,0.0,12.0,0.0,80.124,85.097,51.407,48.258,40.323,100.0,32.05,24.0,0.0,83.076,86.471,47.183,44.48,41.014,74.592,33.23,5.175,4.469,86.612,90.374,1.61,NORMAL
26,2026-06-01 06:30:00+00:00,6,0,1.0,0.0,0.0,1.0,False,False,MORNING,1.0,1.0,6.0,23.0,38.0,40.0,0.0,0.0,0.0,1.68,1.813,50.96,7.51,82.193,75.06,11.04,2.49,11.97,27.41,44.814,42.248,6.54,4.02,16.44,1.9,39.125,0.0,48.933,30.024,False,,0.0,51.467,0.0,0.0,0.0,0.096,1.54,-5.0,-0.42,0.0,11.0,1.17,82.171,85.768,47.225,44.521,41.842,100.0,39.88,22.0,0.39,83.577,87.33,49.733,46.809,42.187,100.0,35.743,5.119,5.866,86.861,90.033,1.45,NORMAL
27,2026-06-01 06:45:00+00:00,6,0,1.0,0.0,0.0,1.0,False,False,MORNING,3.0,4.0,8.0,25.0,39.0,43.0,0.0,0.0,0.0,5.04,2.102,51.48,7.72,83.033,77.202,10.52,2.28,10.58,24.36,51.22,48.039,7.09,4.07,15.84,2.01,41.328,0.0,100.0,30.881,False,,0.0,58.338,0.0,0.0,0.0,0.096,1.54,-4.0,-0.1,0.0,10.0,0.0,82.937,86.77,47.309,44.6,41.124,77.775,33.175,22.0,0.0,81.742,85.881,46.824,44.143,41.228,23.333,32.697,5.193,4.369,86.912,90.357,1.45,NORMAL
28,2026-06-01 07:00:00+00:00,7,0,0.965926,-0.258819,0.0,1.0,False,False,MORNING,4.0,7.0,8.0,26.0,41.0,47.0,0.0,0.0,0.0,6.72,2.288,52.38,7.93,84.48,79.305,9.62,2.07,10.83,24.9,50.932,47.816,7.16,4.13,15.71,2.03,41.802,0.16,100.0,31.722,False,,0.0,59.059,0.0,0.0,0.0,0.096,1.54,-5.0,-0.1,0.04,8.0,0.0,82.617,87.189,48.513,45.698,40.405,76.183,33.047,26.0,0.0,81.765,85.887,46.846,44.163,42.541,74.533,32.706,5.118,3.039,87.426,91.112,1.29,NORMAL
29,2026-06-01 07:15:00+00:00,7,0,0.965926,-0.258819,0.0,1.0,False,False,MORNING,3.0,7.0,11.0,27.0,43.0,50.0,0.0,0.0,0.0,5.04,3.183,52.76,8.01,85.097,80.124,9.24,1.99,10.8,24.85,51.407,48.258,6.7,4.18,16.11,1.96,40.323,0.16,100.0,32.05,False,,0.0,59.335,0.0,0.0,0.0,0.096,1.54,4.0,0.16,0.04,8.0,0.0,83.076,86.471,47.183,44.48,41.014,74.592,33.23,31.0,1.29,84.154,86.582,48.33,45.54,43.944,100.0,41.417,4.936,6.073,86.913,90.736,1.13,NORMAL
30,2026-06-01 07:30:00+00:00,7,0,0.965926,-0.258819,0.0,1.0,False,False,MORNING,5.0,8.0,15.0,32.0,46.0,55.0,1.17,0.0,0.0,6.437,3.953,53.18,8.22,85.768,82.171,8.82,1.78,11.97,27.41,47.225,44.521,7.01,4.29,15.7,2.03,41.842,0.48,100.0,39.88,False,,2.9,59.827,1.17,1.17,1.17,0.169,1.54,9.0,0.48,0.412,11.0,0.39,83.577,87.33,49.733,46.809,42.187,100.0,35.743,30.0,2.7,85.537,86.368,55.938,52.402,46.771,100.0,50.438,5.031,3.82,86.385,91.309,0.81,NORMAL
31,2026-06-01 07:45:00+00:00,7,0,0.965926,-0.258819,0.0,1.0,False,False,MORNING,2.0,7.0,14.0,34.0,48.0,57.0,0.0,0.11,0.1052,5.323,2.532,53.8,8.29,86.77,82.937,8.2,1.71,11.97,27.41,47.309,44.6,6.76,4.35,15.9,2.0,41.124,0.32,77.775,33.175,False,,0.0,57.407,-1.17,0.0,0.0,0.169,1.54,6.0,0.32,0.08,12.0,0.0,81.742,85.881,46.824,44.143,41.228,23.333,32.697,25.0,1.1,85.381,87.442,48.111,45.356,46.906,79.358,40.752,4.908,6.45,86.01,90.748,0.66,NORMAL
32,2026-06-01 08:00:00+00:00,8,0,0.866025,-0.5,0.0,1.0,False,False,MORNING,2.0,4.0,12.0,33.0,49.0,59.0,0.0,0.0,0.0,3.36,2.449,54.06,8.26,87.189,82.617,7.94,1.74,11.73,26.88,48.513,45.698,6.52,4.39,16.09,1.96,40.405,0.17,76.183,33.047,False,,0.0,57.503,0.0,-1.17,0.0,0.169,1.54,4.0,0.01,0.042,14.0,0.0,81.765,85.887,46.846,44.163,42.541,74.533,32.706,31.0,1.64,85.438,88.301,48.793,45.999,47.414,100.0,44.02,5.043,6.678,85.853,90.114,0.5,NORMAL
33,2026-06-01 08:15:00+00:00,8,0,0.866025,-0.5,0.0,1.0,False,False,MORNING,2.0,4.0,11.0,29.0,50.0,61.0,0.0,0.0,0.0,3.36,4.958,53.61,8.31,86.471,83.076,8.39,1.69,11.96,27.39,47.183,44.48,6.65,4.42,15.93,1.99,41.014,0.01,74.592,33.23,False,,0.0,57.043,0.0,0.0,0.0,0.169,1.54,0.0,-0.15,0.002,16.0,1.29,84.154,86.582,48.33,45.54,43.944,100.0,41.417,29.0,0.0,84.233,87.891,47.977,45.228,47.912,24.975,33.693,3.512,4.996,84.805,89.685,0.34,NORMAL
34,2026-06-01 08:30:00+00:00,8,0,0.866025,-0.5,0.0,1.0,False,False,MORNING,4.0,6.0,10.0,31.0,52.0,65.0,0.39,0.0,0.0,6.072,3.742,54.14,8.36,87.33,83.577,7.86,1.64,11.5,26.37,49.733,46.809,6.92,4.47,15.61,2.05,42.187,0.17,100.0,35.743,False,,1.0,60.559,0.39,0.39,-0.7799999999999999,0.194,1.54,-5.0,-0.31,0.14,11.0,2.7,85.537,86.368,55.938,52.402,46.771,100.0,50.438,33.0,0.59,84.869,88.36,50.493,47.521,46.916,100.0,37.491,5.307,6.439,85.001,89.196,0.82,NORMAL
35,2026-06-01 08:45:00+00:00,8,0,0.866025,-0.5,0.0,1.0,False,False,MORNING,0.0,4.0,8.0,30.0,51.0,65.0,0.0,0.03,0.0347,0.648,4.975,53.25,8.17,85.881,81.742,8.75,1.83,11.97,27.41,46.824,44.143,6.66,4.48,15.87,2.0,41.228,0.0,23.333,32.697,False,,0.0,51.969,-0.39,0.0,0.0,0.194,1.54,-6.0,-0.32,0.0,10.0,1.1,85.381,87.442,48.111,45.356,46.906,79.358,40.752,31.0,1.25,85.358,88.543,59.364,55.49,46.085,100.0,41.653,5.416,4.863,85.711,89.305,0.82,NORMAL
36,2026-06-01 09:00:00+00:00,9,0,0.707107,-0.707107,0.0,1.0,False,False,MORNING,2.0,2.0,8.0,28.0,53.0,67.0,0.0,0.0,0.0,3.36,3.335,53.25,8.18,85.887,81.765,8.75,1.82,11.97,27.4,46.846,44.163,7.01,4.48,15.51,2.07,42.541,0.0,74.533,32.706,False,,0.0,56.706,0.0,-0.39,0.0,0.194,1.54,-4.0,-0.17,0.0,12.0,1.64,85.438,88.301,48.793,45.999,47.414,100.0,44.02,30.0,4.94,85.858,88.977,58.483,54.791,46.062,100.0,63.998,5.379,5.715,86.545,89.035,0.82,NORMAL
37,2026-06-01 09:15:00+00:00,9,0,0.707107,-0.707107,0.0,1.0,False,False,MORNING,5.0,7.0,11.0,33.0,55.0,72.0,1.29,0.0,0.0,6.228,3.549,53.68,8.42,86.582,84.154,8.32,1.58,11.82,27.08,48.33,45.54,7.31,4.56,15.13,2.14,43.944,0.32,100.0,41.417,False,,3.3,60.924,1.29,1.29,1.29,0.178,1.29,0.0,0.31,0.402,15.0,0.0,84.233,87.891,47.977,45.228,47.912,24.975,33.693,25.0,5.7,85.599,89.748,51.781,48.793,45.847,100.0,68.425,5.427,3.522,86.393,89.827,0.82,NORMAL
38,2026-06-01 09:30:00+00:00,9,0,0.707107,-0.707107,0.0,1.0,False,False,MORNING,5.0,10.0,12.0,37.0,60.0,77.0,2.7,0.12,0.043,6.029,6.006,53.55,8.55,86.368,85.537,8.45,1.45,10.31,23.75,55.938,52.402,7.94,4.68,14.37,2.27,46.771,0.64,100.0,50.438,False,,7.2,64.047,1.4100000000000001,2.7,2.31,0.347,2.7,2.0,0.47,0.835,19.0,0.59,84.869,88.36,50.493,47.521,46.916,100.0,37.491,23.0,2.56,86.147,89.271,49.684,46.839,46.035,31.417,49.789,5.248,4.633,86.79,90.011,0.66,NORMAL
39,2026-06-01 09:45:00+00:00,9,0,0.707107,-0.707107,0.0,1.0,False,False,MORNING,2.0,7.0,14.0,36.0,61.0,79.0,1.1,0.24,0.2213,6.055,3.453,54.21,8.54,87.442,85.381,7.79,1.46,11.97,27.41,48.111,45.356,7.94,4.73,14.34,2.28,46.906,0.48,79.358,40.752,False,,2.9,59.597,-1.6,-0.18999999999999995,1.1,0.416,2.7,6.0,0.48,0.395,15.0,1.25,85.358,88.543,59.364,55.49,46.085,100.0,41.653,24.0,7.35,86.489,89.68,64.052,59.827,47.868,100.0,78.715,5.199,6.25,86.55,89.626,0.66,NORMAL
40,2026-06-01 10:00:00+00:00,10,0,0.5,-0.866025,0.0,1.0,False,False,MORNING,4.0,6.0,16.0,36.0,62.0,83.0,1.64,0.1,0.0603,5.811,3.66,54.75,8.54,88.301,85.438,7.25,1.46,11.97,27.41,48.793,45.999,8.02,4.78,14.2,2.3,47.414,0.64,100.0,44.02,False,,4.5,62.206,0.5399999999999998,-1.0600000000000003,1.64,0.518,2.7,8.0,0.64,0.57,19.0,4.94,85.858,88.977,58.483,54.791,46.062,100.0,63.998,18.0,6.21,86.147,90.164,52.72,49.659,46.703,89.033,71.721,5.291,3.982,86.412,90.176,0.82,NORMAL
41,2026-06-01 10:15:00+00:00,10,0,0.5,-0.866025,0.0,1.0,False,False,MORNING,0.0,4.0,11.0,33.0,60.0,83.0,0.0,0.15,0.1477,2.757,4.255,54.49,8.42,87.891,84.233,7.51,1.58,11.96,27.38,47.977,45.228,8.19,4.75,14.06,2.33,47.912,0.16,24.975,33.693,False,,0.0,53.927,-1.64,-1.1,-1.29,0.518,2.7,0.0,-0.16,0.04,14.0,5.7,85.599,89.748,51.781,48.793,45.847,100.0,68.425,18.0,7.13,86.612,90.374,61.899,57.925,49.224,100.0,77.427,5.167,4.326,86.84,90.446,0.82,NORMAL
42,2026-06-01 10:30:00+00:00,10,0,0.5,-0.866025,0.0,1.0,False,False,MORNING,4.0,4.0,10.0,32.0,64.0,87.0,0.59,0.0,0.0,5.728,4.309,54.78,8.49,88.36,84.869,7.22,1.51,11.48,26.33,50.493,47.521,7.91,4.75,14.33,2.28,46.916,0.33,100.0,37.491,False,,1.6,61.775,0.59,-1.0499999999999998,-2.1100000000000003,0.555,2.7,-2.0,-0.31,0.23,14.0,2.56,86.147,89.271,49.684,46.839,46.035,31.417,49.789,16.0,6.08,86.861,90.033,51.495,48.547,50.139,89.05,71.245,5.098,4.866,86.482,90.598,0.98,NORMAL
43,2026-06-01 10:45:00+00:00,10,0,0.5,-0.866025,0.0,1.0,False,False,MORNING,4.0,8.0,12.0,34.0,68.0,91.0,1.25,0.05,0.0425,5.609,4.962,54.9,8.54,88.543,85.358,7.1,1.46,9.83,22.71,59.364,55.49,7.66,4.79,14.56,2.24,46.085,0.49,100.0,41.653,False,,3.6,64.281,0.66,1.25,0.1499999999999999,0.633,2.7,-2.0,0.01,0.435,16.0,7.35,86.489,89.68,64.052,59.827,47.868,100.0,78.715,20.0,5.99,86.912,90.357,53.339,50.22,50.243,100.0,70.72,5.07,4.803,85.91,90.798,1.15,NORMAL
44,2026-06-01 11:00:00+00:00,11,0,0.258819,-0.965926,0.0,1.0,False,False,MORNING,7.0,11.0,15.0,39.0,72.0,98.0,4.94,0.11,0.0228,5.559,4.282,55.17,8.59,88.977,85.858,6.83,1.41,10.33,23.81,58.483,54.791,7.48,4.95,14.56,2.24,46.062,1.13,100.0,63.998,False,,14.2,66.647,3.6900000000000004,4.3500000000000005,3.3000000000000007,0.942,4.94,-1.0,0.49,1.518,11.0,6.21,86.147,90.164,52.72,49.659,46.703,89.033,71.721,20.0,4.95,87.426,91.112,51.634,48.677,49.684,87.467,64.648,5.033,6.407,85.487,90.312,0.83,NORMAL
45,2026-06-01 11:15:00+00:00,11,0,0.258819,-0.965926,0.0,1.0,False,False,MORNING,4.0,11.0,19.0,41.0,70.0,102.0,5.7,0.44,0.0781,5.452,3.644,55.64,8.56,89.748,85.599,6.36,1.44,11.83,27.11,51.781,48.793,7.27,5.11,14.62,2.23,45.847,1.29,100.0,68.425,False,,16.7,65.707,0.7599999999999998,4.45,5.7,1.298,5.7,8.0,1.13,1.748,11.0,7.13,86.612,90.374,61.899,57.925,49.224,100.0,77.427,21.0,4.01,86.913,90.736,55.137,51.817,49.208,85.875,58.814,5.152,4.898,85.417,90.426,1.31,NORMAL
46,2026-06-01 11:30:00+00:00,11,0,0.258819,-0.965926,0.0,1.0,False,False,MORNING,0.0,4.0,15.0,37.0,68.0,102.0,2.56,0.51,0.2007,5.279,6.242,55.35,8.61,89.271,86.147,6.65,1.39,11.97,27.41,49.684,46.839,7.3,5.13,14.57,2.24,46.035,0.81,31.417,49.789,False,,7.7,57.061,-3.14,-2.3800000000000003,1.9700000000000002,1.385,5.7,5.0,0.48,0.842,9.0,6.08,86.861,90.033,51.495,48.547,50.139,89.05,71.245,22.0,2.01,86.385,91.309,55.783,52.377,48.481,57.083,46.636,5.127,5.645,85.685,90.174,1.31,NORMAL
47,2026-06-01 11:45:00+00:00,11,0,0.258819,-0.965926,0.0,1.0,False,False,MORNING,8.0,8.0,19.0,45.0,75.0,110.0,7.35,0.23,0.0313,5.379,4.229,55.6,8.65,89.68,86.489,6.4,1.35,9.68,22.38,64.052,59.827,7.61,5.32,14.08,2.33,47.868,1.61,100.0,78.715,False,,21.8,69.905,4.789999999999999,1.6499999999999995,6.1,1.844,7.35,7.0,1.12,2.24,8.0,5.99,86.912,90.357,53.339,50.22,50.243,100.0,70.72,23.0,1.09,86.01,90.748,49.91,47.052,48.162,81.092,40.957,5.18,4.963,85.688,90.261,1.47,NORMAL
48,2026-06-01 12:00:00+00:00,12,0,0.0,-1.0,0.0,1.0,False,False,MORNING,2.0,10.0,14.0,45.0,73.0,112.0,6.21,0.66,0.1066,5.28,4.214,55.9,8.61,90.164,86.147,6.1,1.39,11.72,26.86,52.72,49.659,7.18,5.43,14.39,2.27,46.703,1.45,89.033,71.721,False,,18.8,65.542,-1.1399999999999997,3.65,1.2699999999999996,2.232,7.35,-1.0,0.32,1.915,7.0,4.95,87.426,91.112,51.634,48.677,49.684,87.467,64.648,24.0,0.09,85.853,90.114,57.363,54.556,47.005,79.5,34.883,5.16,4.876,86.374,90.265,1.15,NORMAL
49,2026-06-01 12:15:00+00:00,12,0,0.0,-1.0,0.0,1.0,False,False,MORNING,4.0,6.0,14.0,44.0,77.0,116.0,7.13,0.56,0.0784,5.175,4.469,56.03,8.66,90.374,86.612,5.97,1.34,10.07,23.24,61.899,57.925,7.74,5.55,13.71,2.39,49.224,1.61,100.0,77.427,False,,22.0,69.577,0.9199999999999999,-0.21999999999999975,1.4299999999999997,2.678,7.35,-5.0,0.32,2.185,7.0,4.01,86.913,90.736,55.137,51.817,49.208,85.875,58.814,26.0,0.0,84.805,89.685,57.411,54.591,48.245,77.908,33.922,5.148,4.979,86.992,90.233,1.31,NORMAL
50,2026-06-01 12:30:00+00:00,12,0,0.0,-1.0,0.0,1.0,False,False,MORNING,2.0,6.0,16.0,41.0,78.0,118.0,6.08,0.64,0.1055,5.119,5.866,55.82,8.69,90.033,86.861,6.18,1.31,11.97,27.41,51.495,48.547,7.92,5.61,13.46,2.44,50.139,1.45,89.05,71.245,False,,19.0,65.603,-1.0499999999999998,-0.1299999999999999,3.52,3.034,7.35,1.0,0.64,1.882,7.0,2.01,86.385,91.309,55.783,52.377,48.481,57.083,46.636,27.0,2.84,85.001,89.196,58.049,55.208,47.543,100.0,51.047,5.145,5.451,87.602,90.011,1.47,NORMAL
51,2026-06-01 12:45:00+00:00,12,0,0.0,-1.0,0.0,1.0,False,False,MORNING,3.0,5.0,11.0,42.0,78.0,121.0,5.99,0.55,0.0914,5.193,4.369,56.02,8.69,90.357,86.912,5.98,1.31,11.59,26.57,53.339,50.22,7.9,5.66,13.43,2.44,50.243,1.45,100.0,70.72,False,,18.4,67.043,-0.08999999999999986,-1.1399999999999997,-1.3599999999999994,3.408,7.35,-8.0,-0.16,1.86,12.0,1.09,86.01,90.748,49.91,47.052,48.162,81.092,40.957,25.0,2.62,85.711,89.305,58.015,55.176,47.776,100.0,49.989,5.185,4.518,87.953,90.224,2.11,NORMAL
52,2026-06-01 13:00:00+00:00,13,0,-0.258819,-0.965926,0.0,1.0,False,False,MORNING,2.0,5.0,11.0,40.0,76.0,123.0,4.95,0.54,0.109,5.118,3.039,56.49,8.74,91.112,87.426,5.51,1.26,11.97,27.41,51.634,48.677,7.74,5.67,13.59,2.41,49.684,1.29,87.467,64.648,False,,15.4,65.079,-1.04,-1.13,-1.2599999999999998,3.718,7.35,-3.0,-0.16,1.56,13.0,0.09,85.853,90.114,57.363,54.556,47.005,79.5,34.883,26.0,2.42,86.545,89.035,69.578,65.757,47.3,100.0,49.112,5.131,4.945,88.36,90.233,2.11,NORMAL
53,2026-06-01 13:15:00+00:00,13,0,-0.258819,-0.965926,0.0,1.0,False,False,MORNING,2.0,4.0,9.0,42.0,75.0,125.0,4.01,0.45,0.1111,4.936,6.073,56.26,8.69,90.736,86.913,5.74,1.31,11.08,25.47,55.137,51.817,7.65,5.64,13.71,2.39,49.208,1.13,85.875,58.814,False,,13.0,64.903,-0.9400000000000004,-1.9800000000000004,-3.12,3.887,7.35,-5.0,-0.48,1.285,14.0,0.0,84.805,89.685,57.411,54.591,48.245,77.908,33.922,24.0,2.19,86.393,89.827,58.147,55.302,46.89,100.0,47.67,5.122,4.491,87.979,90.549,2.27,NORMAL
54,2026-06-01 13:30:00+00:00,13,0,-0.258819,-0.965926,0.0,1.0,False,False,MORNING,1.0,3.0,8.0,39.0,71.0,126.0,2.01,0.36,0.1791,5.031,3.82,56.61,8.64,91.309,86.385,5.39,1.36,10.85,24.96,55.783,52.377,7.56,5.53,13.91,2.36,48.481,0.81,57.083,46.636,False,,6.4,61.131,-2.0,-2.9400000000000004,-4.07,3.844,7.35,-8.0,-0.64,0.705,15.0,2.84,85.001,89.196,58.049,55.208,47.543,100.0,51.047,27.0,1.06,86.79,90.011,57.746,54.92,45.912,81.15,41.087,5.056,5.613,88.445,90.249,2.75,NORMAL
55,2026-06-01 13:45:00+00:00,13,0,-0.258819,-0.965926,0.0,1.0,False,False,MORNING,2.0,3.0,7.0,37.0,71.0,128.0,1.09,0.18,0.1659,4.908,6.45,56.26,8.6,90.748,86.01,5.74,1.4,11.97,27.41,49.91,47.052,7.59,5.41,14.0,2.34,48.162,0.66,81.092,40.957,False,,3.6,61.132,-0.9199999999999997,-2.92,-4.9,3.844,7.35,-4.0,-0.79,0.438,11.0,2.62,85.711,89.305,58.015,55.176,47.776,100.0,49.989,28.0,0.97,86.55,89.626,59.354,56.392,45.549,100.0,40.423,5.117,4.274,88.948,90.508,2.92,NORMAL
56,2026-06-01 14:00:00+00:00,14,0,-0.5,-0.866025,0.0,1.0,False,False,EVENING,2.0,4.0,7.0,32.0,71.0,130.0,0.09,0.1,0.0983,5.043,6.678,55.87,8.59,90.114,85.853,6.13,1.41,10.26,23.29,57.363,54.556,7.41,5.28,14.31,2.28,47.005,0.5,79.5,34.883,False,,0.3,61.869,-1.0,-1.9199999999999997,-4.86,3.747,7.35,-4.0,-0.79,0.148,11.0,2.42,86.545,89.035,69.578,65.757,47.3,100.0,49.112,29.0,1.82,86.412,90.176,58.2,55.352,46.919,100.0,45.471,5.049,4.481,87.901,90.906,3.24,NORMAL
57,2026-06-01 14:15:00+00:00,14,0,-0.5,-0.866025,0.0,1.0,False,False,EVENING,2.0,4.0,7.0,30.0,71.0,132.0,0.0,0.01,0.0081,3.512,4.996,55.6,8.48,89.685,84.805,6.4,1.52,10.2,23.15,57.411,54.591,7.87,5.15,13.97,2.34,48.245,0.34,77.908,33.922,False,,0.0,61.486,-0.09,-1.09,-4.01,3.747,7.35,-2.0,-0.79,0.085,12.0,2.19,86.393,89.827,58.147,55.302,46.89,100.0,47.67,26.0,1.74,86.84,90.446,58.337,55.482,47.516,100.0,45.187,4.975,4.563,87.063,91.207,3.24,NORMAL
58,2026-06-01 14:30:00+00:00,14,0,-0.5,-0.866025,0.0,1.0,False,False,EVENING,6.0,8.0,12.0,36.0,73.0,138.0,2.84,0.0,0.0,5.307,6.439,55.3,8.5,89.196,85.001,6.7,1.5,10.26,23.29,58.049,55.208,7.68,5.16,14.16,2.31,47.543,0.82,100.0,51.047,False,,8.5,65.311,2.84,2.75,0.8300000000000001,3.887,7.35,4.0,0.01,0.915,12.0,1.06,86.79,90.011,57.746,54.92,45.912,81.15,41.087,27.0,2.71,86.482,90.598,60.716,57.69,48.407,100.0,50.835,4.92,6.225,88.08,90.517,3.72,NORMAL
59,2026-06-01 14:45:00+00:00,14,0,-0.5,-0.866025,0.0,1.0,False,False,EVENING,3.0,9.0,13.0,31.0,76.0,141.0,2.62,0.26,0.0977,5.416,4.863,55.37,8.57,89.305,85.711,6.63,1.43,10.26,23.29,58.015,55.176,7.73,5.17,14.1,2.32,47.776,0.82,100.0,49.989,False,,7.7,65.349,-0.21999999999999975,2.62,1.53,3.973,7.35,6.0,0.16,0.86,14.0,0.97,86.55,89.626,59.354,56.392,45.549,100.0,40.423,27.0,3.69,85.91,90.798,59.459,56.55,48.287,100.0,56.501,5.061,4.855,87.887,90.631,3.4,NORMAL
60,2026-06-01 15:00:00+00:00,15,0,-0.707107,-0.707107,0.0,1.0,False,False,EVENING,3.0,6.0,14.0,32.0,77.0,144.0,2.42,0.24,0.0975,5.379,5.715,55.2,8.65,89.035,86.545,6.8,1.35,8.52,19.45,69.578,65.757,7.6,5.17,14.23,2.3,47.3,0.82,100.0,49.112,False,,7.2,67.943,-0.20000000000000018,-0.41999999999999993,2.33,3.816,7.35,7.0,0.32,0.81,15.0,1.82,86.412,90.176,58.2,55.352,46.919,100.0,45.471,30.0,1.69,85.487,90.312,67.594,63.968,48.782,57.2,44.355,5.038,5.066,88.013,90.599,3.24,NORMAL
61,2026-06-01 15:15:00+00:00,15,0,-0.707107,-0.707107,0.0,1.0,False,False,EVENING,3.0,6.0,15.0,31.0,75.0,147.0,2.19,0.22,0.0995,5.427,3.522,55.69,8.64,89.827,86.393,6.31,1.36,10.26,23.29,58.147,55.302,7.49,5.17,14.34,2.28,46.89,0.82,100.0,47.67,False,,6.4,65.276,-0.22999999999999998,-0.43000000000000016,2.19,3.596,7.35,8.0,0.48,0.752,12.0,1.74,86.84,90.446,58.337,55.482,47.516,100.0,45.187,32.0,4.63,85.417,90.426,61.405,58.347,50.377,100.0,61.928,5.044,5.356,87.6,90.54,3.56,NORMAL
62,2026-06-01 15:30:00+00:00,15,0,-0.707107,-0.707107,0.0,1.0,False,False,EVENING,2.0,5.0,11.0,31.0,72.0,149.0,1.06,0.2,0.1852,5.248,4.633,55.81,8.68,90.011,86.79,6.19,1.32,10.26,23.29,57.746,54.92,7.27,5.13,14.6,2.23,45.912,0.66,81.15,41.087,False,,3.2,62.794,-1.13,-1.3599999999999999,-1.7799999999999998,3.502,7.35,-1.0,-0.16,0.43,15.0,2.71,86.482,90.598,60.716,57.69,48.407,100.0,50.835,30.0,4.58,85.685,90.174,67.826,64.228,50.296,100.0,61.724,5.064,5.683,87.19,90.357,3.56,NORMAL
63,2026-06-01 15:45:00+00:00,15,0,-0.707107,-0.707107,0.0,1.0,False,False,EVENING,3.0,5.0,11.0,31.0,73.0,152.0,0.97,0.1,0.0956,5.199,6.25,55.57,8.65,89.626,86.55,6.43,1.35,9.93,22.57,59.354,56.392,7.21,5.09,14.7,2.21,45.549,0.66,100.0,40.423,False,,3.0,64.637,-0.09000000000000008,-1.22,-1.6500000000000001,3.104,7.13,-2.0,-0.16,0.408,14.0,3.69,85.91,90.798,59.459,56.55,48.287,100.0,56.501,33.0,5.49,85.688,90.261,59.95,57.016,50.07,100.0,67.224,5.113,4.821,87.306,90.456,3.4,NORMAL
64,2026-06-01 16:00:00+00:00,16,0,-0.866025,-0.5,0.0,1.0,False,False,EVENING,4.0,7.0,12.0,33.0,73.0,156.0,1.82,0.09,0.0479,5.291,3.982,55.91,8.64,90.176,86.412,6.09,1.36,10.26,23.29,58.2,55.352,7.58,5.09,14.33,2.28,46.919,0.82,100.0,45.471,False,,5.5,65.135,0.8500000000000001,0.76,-0.5999999999999999,2.829,7.13,-2.0,0.0,0.66,14.0,1.69,85.487,90.312,67.594,63.968,48.782,57.2,44.355,33.0,3.42,86.374,90.265,74.426,70.217,48.577,60.433,55.069,5.088,5.302,86.874,90.439,3.08,NORMAL
65,2026-06-01 16:15:00+00:00,16,0,-0.866025,-0.5,0.0,1.0,False,False,EVENING,3.0,7.0,12.0,34.0,76.0,159.0,1.74,0.16,0.0939,5.167,4.326,56.08,8.68,90.446,86.84,5.92,1.32,10.26,23.29,58.337,55.482,7.74,5.09,14.17,2.31,47.516,0.82,100.0,45.187,False,,5.4,65.314,-0.08000000000000007,0.77,-0.44999999999999996,2.492,6.08,-3.0,0.0,0.64,14.0,4.63,85.417,90.426,61.405,58.347,50.377,100.0,61.928,37.0,4.36,86.992,90.233,59.408,56.501,50.102,100.0,60.932,5.099,5.577,87.351,90.17,2.76,NORMAL
66,2026-06-01 16:30:00+00:00,16,0,-0.866025,-0.5,0.0,1.0,False,False,EVENING,4.0,7.0,14.0,37.0,76.0,163.0,2.71,0.16,0.0579,5.098,4.866,56.17,8.65,90.598,86.482,5.83,1.35,9.95,22.61,60.716,57.69,7.95,5.12,13.93,2.35,48.407,0.98,100.0,50.835,False,,8.5,66.528,0.97,0.8899999999999999,1.65,2.282,5.99,3.0,0.32,0.922,12.0,4.58,85.685,90.174,67.826,64.228,50.296,100.0,61.724,36.0,5.29,87.602,90.011,70.466,66.646,49.65,100.0,66.802,5.153,5.098,87.7,90.136,2.92,NORMAL
67,2026-06-01 16:45:00+00:00,16,0,-0.866025,-0.5,0.0,1.0,False,False,EVENING,4.0,8.0,15.0,39.0,76.0,167.0,3.69,0.24,0.066,5.07,4.803,56.29,8.59,90.798,85.91,5.71,1.41,10.26,23.29,59.459,56.55,7.87,5.17,13.96,2.35,48.287,1.15,100.0,56.501,False,,11.6,66.786,0.98,1.95,2.7199999999999998,2.138,4.95,4.0,0.49,1.21,13.0,5.49,85.688,90.261,59.95,57.016,50.07,100.0,67.224,38.0,9.21,87.953,90.224,83.14,78.229,51.537,100.0,90.423,5.155,3.871,87.503,90.686,2.77,NORMAL
68,2026-06-01 17:00:00+00:00,17,0,-0.965926,-0.258819,0.0,1.0,False,False,EVENING,1.0,5.0,12.0,38.0,70.0,168.0,1.69,0.33,0.1961,5.033,6.407,55.99,8.55,90.312,85.487,6.01,1.45,8.84,20.16,67.594,63.968,8.03,5.14,13.83,2.37,48.782,0.83,57.2,44.355,False,,5.4,63.373,-2.0,-1.02,-0.13000000000000012,1.934,4.01,0.0,0.01,0.63,16.0,3.42,86.374,90.265,74.426,70.217,48.577,60.433,55.069,32.0,9.15,88.36,90.233,61.622,58.607,51.676,100.0,90.263,5.032,5.015,87.225,90.738,2.29,NORMAL
69,2026-06-01 17:15:00+00:00,17,0,-0.965926,-0.258819,0.0,1.0,False,False,EVENING,6.0,7.0,15.0,42.0,72.0,174.0,4.63,0.15,0.0329,5.152,4.898,56.06,8.54,90.426,85.417,5.94,1.46,9.97,22.65,61.405,58.347,8.38,5.22,13.4,2.45,50.377,1.31,100.0,61.928,False,,14.3,67.844,2.94,0.94,2.8899999999999997,1.973,4.63,3.0,0.49,1.485,18.0,4.36,86.992,90.233,59.408,56.501,50.102,100.0,60.932,31.0,10.1,87.979,90.549,62.262,59.216,52.494,100.0,95.818,5.025,5.307,86.808,90.691,2.77,NORMAL
70,2026-06-01 17:30:00+00:00,17,0,-0.965926,-0.258819,0.0,1.0,False,False,EVENING,3.0,9.0,14.0,39.0,75.0,177.0,4.58,0.42,0.091,5.127,5.645,55.91,8.57,90.174,85.685,6.09,1.43,9.0,20.51,67.826,64.228,8.3,5.28,13.42,2.44,50.296,1.31,100.0,61.724,False,,14.2,69.28,-0.04999999999999982,2.89,1.87,2.134,4.63,0.0,0.33,1.473,18.0,5.29,87.602,90.011,70.466,66.646,49.65,100.0,66.802,32.0,13.1,88.445,90.249,63.452,60.348,51.439,100.0,100.0,5.043,4.835,87.388,90.682,2.61,NORMAL
71,2026-06-01 17:45:00+00:00,17,0,-0.965926,-0.258819,0.0,1.0,False,False,EVENING,4.0,7.0,14.0,40.0,71.0,181.0,5.49,0.41,0.075,5.18,4.963,55.96,8.57,90.261,85.688,6.04,1.43,10.26,23.29,59.95,57.016,8.15,5.37,13.48,2.43,50.07,1.47,100.0,67.224,False,,16.9,68.051,0.9100000000000001,0.8600000000000003,1.8000000000000003,2.409,5.49,-1.0,0.32,1.74,20.0,9.21,87.953,90.224,83.14,78.229,51.537,100.0,90.423,29.0,14.05,88.948,90.508,70.41,66.76,53.756,100.0,100.0,5.035,5.082,87.423,90.657,2.77,NORMAL
72,2026-06-01 18:00:00+00:00,18,0,-1.0,-0.0,0.0,1.0,False,False,EVENING,1.0,5.0,14.0,38.0,70.0,182.0,3.42,0.49,0.1445,5.16,4.876,55.96,8.64,90.265,86.374,6.04,1.36,8.13,18.61,74.426,70.217,7.75,5.37,13.88,2.36,48.577,1.15,60.433,55.069,False,,10.6,66.49,-2.0700000000000003,-1.1600000000000001,1.73,2.617,5.49,2.0,0.32,1.142,17.0,9.15,88.36,90.233,61.622,58.607,51.676,100.0,90.263,27.0,16.04,87.901,90.906,65.232,62.04,55.376,100.0,100.0,5.04,5.477,87.009,90.548,2.77,NORMAL
73,2026-06-01 18:15:00+00:00,18,0,-1.0,-0.0,0.0,1.0,False,False,EVENING,4.0,5.0,12.0,39.0,70.0,186.0,4.36,0.31,0.0707,5.148,4.979,55.94,8.7,90.233,86.992,6.06,1.3,10.26,23.29,59.408,56.501,8.12,5.41,13.47,2.43,50.102,1.31,100.0,60.932,False,,13.5,67.458,0.9400000000000004,-1.13,-0.2699999999999996,2.889,5.49,-3.0,0.0,1.418,19.0,10.1,87.979,90.549,62.262,59.216,52.494,100.0,95.818,23.0,16.08,87.063,91.207,65.441,62.239,55.835,100.0,100.0,5.072,5.756,87.229,90.236,2.29,NORMAL
74,2026-06-01 18:30:00+00:00,18,0,-1.0,-0.0,0.0,1.0,False,False,EVENING,4.0,8.0,13.0,41.0,72.0,190.0,5.29,0.39,0.0741,5.145,5.451,55.81,8.76,90.011,87.602,6.19,1.24,8.69,19.84,70.466,66.646,7.93,5.48,13.59,2.41,49.65,1.47,100.0,66.802,False,,16.4,70.63,0.9299999999999997,1.87,0.71,3.042,5.49,-1.0,0.16,1.69,18.0,13.1,88.445,90.249,63.452,60.348,51.439,100.0,100.0,21.0,19.15,88.08,90.517,66.42,63.17,57.774,100.0,100.0,5.14,6.111,86.298,89.995,1.81,MODERATE
75,2026-06-01 18:45:00+00:00,18,0,-1.0,-0.0,0.0,1.0,False,False,EVENING,7.0,11.0,16.0,45.0,76.0,197.0,9.21,0.48,0.0517,5.185,4.518,55.94,8.8,90.224,87.953,6.06,1.2,7.61,17.46,83.14,78.229,8.23,5.68,13.09,2.5,51.537,2.11,100.0,90.423,False,,28.3,76.337,3.920000000000001,4.8500000000000005,3.7200000000000006,3.454,9.21,2.0,0.64,2.83,18.0,14.05,88.948,90.508,70.41,66.76,53.756,100.0,100.0,19.0,17.14,87.887,90.631,65.564,62.355,58.212,82.925,100.0,5.211,5.516,87.005,89.758,1.49,MODERATE
76,2026-06-01 19:00:00+00:00,19,0,-0.965926,0.258819,0.0,1.0,False,False,EVENING,3.0,10.0,18.0,44.0,77.0,200.0,9.15,0.83,0.0905,5.131,4.945,55.94,8.84,90.233,88.36,6.06,1.16,10.26,23.29,61.622,58.607,8.11,5.85,13.05,2.51,51.676,2.11,100.0,90.263,False,,28.5,71.458,-0.0600000000000005,3.8600000000000003,5.73,3.875,9.21,4.0,0.96,2.815,15.0,16.04,87.901,90.906,65.232,62.04,55.376,100.0,100.0,20.0,16.14,88.013,90.599,65.082,61.898,59.024,100.0,100.0,5.253,4.265,86.578,90.225,1.01,MODERATE
77,2026-06-01 19:15:00+00:00,19,0,-0.965926,0.258819,0.0,1.0,False,False,EVENING,4.0,7.0,18.0,45.0,79.0,204.0,10.1,0.82,0.0815,5.122,4.491,56.14,8.8,90.549,87.979,5.86,1.2,10.26,23.29,62.262,59.216,8.16,6.01,12.83,2.55,52.494,2.27,100.0,95.818,False,,31.5,72.282,0.9499999999999993,0.8899999999999988,5.739999999999999,4.369,10.1,6.0,0.96,3.092,12.0,16.08,87.063,91.207,65.441,62.239,55.835,100.0,100.0,18.0,18.14,87.6,90.54,65.967,62.739,58.88,100.0,100.0,4.351,5.443,86.836,89.743,0.69,MODERATE
78,2026-06-01 19:30:00+00:00,19,0,-0.965926,0.258819,0.0,1.0,False,False,EVENING,6.0,10.0,20.0,47.0,84.0,210.0,13.1,0.91,0.0694,5.056,5.613,55.95,8.84,90.249,88.445,6.05,1.16,10.26,23.29,63.452,60.348,7.64,6.25,13.11,2.5,51.439,2.75,100.0,100.0,False,,41.3,74.413,3.0,3.9499999999999993,7.81,5.122,13.1,7.0,1.28,3.962,14.0,19.15,88.08,90.517,66.42,63.17,57.774,100.0,100.0,19.0,18.13,87.19,90.357,65.844,62.622,58.038,100.0,100.0,3.36,4.598,86.494,89.299,0.53,MODERATE
79,2026-06-01 19:45:00+00:00,19,0,-0.965926,0.258819,0.0,1.0,False,False,EVENING,4.0,10.0,17.0,47.0,86.0,214.0,14.05,1.18,0.0839,5.117,4.274,56.11,8.89,90.508,88.948,5.89,1.11,9.33,21.26,70.41,66.76,8.03,6.49,12.49,2.61,53.756,2.92,100.0,100.0,False,,43.8,76.992,0.9500000000000011,3.950000000000001,4.84,5.939,14.05,1.0,0.81,4.242,11.0,17.14,87.887,90.631,65.564,62.355,58.212,82.925,100.0,18.0,17.08,87.306,90.456,65.425,62.224,57.468,100.0,100.0,0.0,4.69,84.403,87.745,0.06,MODERATE
80,2026-06-01 20:00:00+00:00,20,0,-0.866025,0.5,0.0,1.0,False,False,EVENING,5.0,9.0,19.0,51.0,89.0,219.0,16.04,1.26,0.0788,5.049,4.481,56.36,8.79,90.906,87.901,5.64,1.21,10.26,23.29,65.232,62.04,8.22,6.73,12.05,2.69,55.376,3.24,100.0,100.0,False,,50.7,77.102,1.9899999999999984,2.9399999999999995,6.889999999999999,6.828,16.04,1.0,1.13,4.82,12.0,16.14,88.013,90.599,65.082,61.898,59.024,100.0,100.0,20.0,15.05,86.874,90.439,100.0,79.378,55.176,79.767,100.0,5.04,5.559,85.029,87.435,0.06,MODERATE
81,2026-06-01 20:15:00+00:00,20,0,-0.866025,0.5,0.0,1.0,False,False,EVENING,3.0,8.0,18.0,48.0,90.0,222.0,16.08,1.44,0.0898,4.975,4.563,56.55,8.71,91.207,87.063,5.45,1.29,10.26,23.29,65.441,62.239,8.15,6.92,11.92,2.71,55.835,3.24,100.0,100.0,False,,51.6,77.116,0.03999999999999915,2.0299999999999976,5.979999999999999,7.724,16.08,0.0,0.97,4.83,11.0,18.14,87.6,90.54,65.967,62.739,58.88,100.0,100.0,22.0,13.02,87.351,90.17,100.0,83.427,55.179,76.575,100.0,0.0,1.999,83.701,86.843,0.0,MODERATE
82,2026-06-01 20:30:00+00:00,20,0,-0.866025,0.5,0.0,1.0,False,False,EVENING,6.0,9.0,18.0,51.0,90.0,228.0,19.15,1.45,0.0756,4.92,6.225,56.12,8.81,90.517,88.08,5.88,1.19,10.26,23.29,66.42,63.17,8.4,7.2,11.4,2.81,57.774,3.72,100.0,100.0,False,,62.1,79.536,3.0700000000000003,3.1099999999999994,6.049999999999999,8.752,19.15,-2.0,0.97,5.717,7.0,18.13,87.19,90.357,65.844,62.622,58.038,100.0,100.0,21.0,13.95,87.7,90.136,100.0,78.514,55.506,100.0,100.0,1.68,2.075,83.194,86.766,0.0,MODERATE
83,2026-06-01 20:45:00+00:00,20,0,-0.866025,0.5,0.0,1.0,False,False,EVENING,1.0,7.0,15.0,48.0,88.0,229.0,17.14,1.72,0.1006,5.061,4.855,56.19,8.79,90.631,87.887,5.81,1.21,10.26,23.29,65.564,62.355,8.38,7.34,11.28,2.83,58.212,3.4,82.925,100.0,False,,54.1,76.538,-2.009999999999998,1.0600000000000023,3.09,9.593,19.15,-2.0,0.48,5.135,8.0,17.08,87.306,90.456,65.425,62.224,57.468,100.0,100.0,17.0,12.88,87.503,90.686,100.0,81.833,55.961,100.0,100.0,0.0,3.914,81.872,85.401,0.0,MODERATE
84,2026-06-01 21:00:00+00:00,21,0,-0.707107,0.707107,0.0,1.0,False,False,EVENING,2.0,3.0,12.0,49.0,87.0,231.0,16.14,1.54,0.0956,5.038,5.066,56.17,8.8,90.599,88.013,5.83,1.2,10.26,23.29,65.082,61.898,8.51,7.42,11.06,2.87,59.024,3.24,100.0,100.0,False,,51.1,77.414,-1.0,-3.009999999999998,0.10000000000000142,10.496,19.15,-7.0,0.0,4.845,8.0,15.05,86.874,90.439,100.0,79.378,55.176,79.767,100.0,16.0,9.89,87.225,90.738,100.0,76.675,55.95,46.2,94.212,1.68,2.955,80.73,85.071,0.0,MODERATE
85,2026-06-01 21:15:00+00:00,21,0,-0.707107,0.707107,0.0,1.0,False,False,EVENING,5.0,7.0,14.0,50.0,89.0,236.0,18.14,1.45,0.0801,5.044,5.356,56.13,8.76,90.54,87.6,5.87,1.24,10.26,23.29,65.967,62.739,8.34,7.55,11.1,2.86,58.88,3.56,100.0,100.0,False,,57.4,78.792,2.0,1.0,2.0600000000000023,11.34,19.15,-4.0,0.32,5.425,7.0,13.02,87.351,90.17,100.0,83.427,55.179,76.575,100.0,16.0,12.9,86.808,90.691,100.0,78.349,57.465,100.0,100.0,1.68,3.821,81.444,84.092,0.0,MODERATE
86,2026-06-01 21:30:00+00:00,21,0,-0.707107,0.707107,0.0,1.0,False,False,EVENING,3.0,8.0,11.0,49.0,90.0,239.0,18.13,1.63,0.0901,5.064,5.683,56.02,8.72,90.357,87.19,5.98,1.28,10.26,23.29,65.844,62.622,8.01,7.66,11.33,2.82,58.038,3.56,100.0,100.0,False,,57.1,78.559,-0.010000000000001563,1.9899999999999984,-1.0199999999999996,12.187,19.15,-7.0,-0.16,5.422,12.0,13.95,87.7,90.136,100.0,78.514,55.506,100.0,100.0,11.0,11.89,87.388,90.682,100.0,79.558,57.213,100.0,100.0,0.0,2.948,80.121,83.117,0.0,MODERATE
87,2026-06-01 21:45:00+00:00,21,0,-0.707107,0.707107,0.0,1.0,False,False,EVENING,2.0,5.0,12.0,44.0,89.0,241.0,17.08,1.63,0.0955,5.113,4.821,56.08,8.73,90.456,87.306,5.92,1.27,10.26,23.29,65.425,62.224,7.82,7.7,11.48,2.79,57.468,3.4,100.0,100.0,False,,53.3,77.783,-1.0500000000000007,-1.0600000000000023,-0.060000000000002274,12.911,19.15,-3.0,0.0,5.12,10.0,12.88,87.503,90.686,100.0,81.833,55.961,100.0,100.0,11.0,12.9,87.423,90.657,100.0,95.923,57.58,100.0,100.0,1.68,3.36,79.083,82.606,0.0,MODERATE
88,2026-06-01 22:00:00+00:00,22,0,-0.5,0.866025,0.0,1.0,False,False,NIGHT,1.0,3.0,11.0,42.0,86.0,242.0,15.05,1.54,0.1021,5.088,5.302,56.07,8.69,90.439,86.874,5.93,1.31,6.27,17.99,100.0,79.378,7.24,7.66,12.1,2.68,55.176,3.08,79.767,100.0,False,,47.2,80.574,-2.0299999999999976,-3.0799999999999983,-1.0899999999999999,13.638,19.15,-1.0,-0.16,4.533,12.0,9.89,87.225,90.738,100.0,76.675,55.95,46.2,94.212,7.0,12.9,87.009,90.548,100.0,78.237,58.2,100.0,100.0,3.36,3.433,80.052,82.421,0.0,MODERATE
89,2026-06-01 22:15:00+00:00,22,0,-0.5,0.866025,0.0,1.0,False,False,NIGHT,1.0,2.0,7.0,39.0,84.0,243.0,13.02,1.35,0.1041,5.099,5.577,55.91,8.74,90.17,87.351,6.09,1.26,5.74,16.83,100.0,83.427,7.34,7.56,12.1,2.68,55.179,2.76,76.575,100.0,False,,40.7,79.51,-2.030000000000001,-4.059999999999999,-5.120000000000001,14.179,19.15,-7.0,-0.8,3.945,15.0,12.9,86.808,90.691,100.0,78.349,57.465,100.0,100.0,7.0,9.88,87.229,90.236,100.0,76.277,57.73,46.242,94.159,3.36,2.994,80.469,82.501,0.0,MODERATE
90,2026-06-01 22:30:00+00:00,22,0,-0.5,0.866025,0.0,1.0,False,False,NIGHT,4.0,5.0,8.0,37.0,84.0,247.0,13.95,1.17,0.084,5.153,5.098,55.88,8.77,90.136,87.7,6.12,1.23,6.27,17.99,100.0,78.514,7.48,7.51,12.01,2.7,55.506,2.92,100.0,100.0,False,,43.2,81.715,0.9299999999999997,-1.1000000000000014,-4.18,14.721,19.15,-3.0,-0.64,4.217,9.0,11.89,87.388,90.682,100.0,79.558,57.213,100.0,100.0,7.0,6.82,86.298,89.995,98.825,74.349,54.64,41.45,75.429,5.04,3.407,81.83,82.94,0.0,MODERATE
91,2026-06-01 22:45:00+00:00,22,0,-0.5,0.866025,0.0,1.0,False,False,NIGHT,2.0,6.0,8.0,35.0,82.0,249.0,12.88,1.26,0.0975,5.155,3.871,56.23,8.75,90.686,87.503,5.77,1.25,5.92,17.23,100.0,81.833,7.67,7.44,11.89,2.72,55.961,2.77,100.0,100.0,False,,39.9,81.551,-1.0699999999999985,-0.1399999999999988,-4.1999999999999975,14.95,19.15,-4.0,-0.63,3.912,7.0,12.9,87.423,90.657,100.0,95.923,57.58,100.0,100.0,8.0,4.72,87.005,89.758,96.991,72.969,53.952,63.858,63.102,1.68,2.963,80.872,82.577,0.0,MODERATE
92,2026-06-01 23:00:00+00:00,23,0,-0.258819,0.965926,0.0,1.0,False,False,NIGHT,0.0,2.0,7.0,30.0,81.0,249.0,9.89,1.16,0.1173,5.032,5.015,56.26,8.72,90.738,87.225,5.74,1.28,6.27,17.99,100.0,76.675,7.84,7.26,11.89,2.72,55.95,2.29,46.2,94.212,False,,31.4,74.131,-2.99,-4.059999999999999,-5.16,14.996,19.15,-4.0,-0.79,3.045,4.0,12.9,87.009,90.548,100.0,78.237,58.2,100.0,100.0,7.0,1.59,86.578,90.225,100.0,94.255,52.161,33.467,44.169,0.0,3.187,80.872,81.292,0.0,MODERATE
93,2026-06-01 23:15:00+00:00,23,0,-0.258819,0.965926,0.0,1.0,False,False,NIGHT,6.0,6.0,12.0,33.0,81.0,255.0,12.9,0.89,0.069,5.025,5.307,56.23,8.68,90.691,86.808,5.77,1.32,6.27,17.99,100.0,78.349,8.29,7.23,11.48,2.79,57.465,2.77,100.0,100.0,False,,41.0,81.143,3.01,0.019999999999999574,-0.11999999999999922,15.171,19.15,5.0,0.01,3.918,1.0,9.88,87.229,90.236,100.0,76.277,57.73,46.242,94.159,8.0,0.0,86.836,89.743,93.412,70.277,51.101,55.875,34.734,6.72,0.384,81.718,83.71,0.16,MODERATE
94,2026-06-01 23:30:00+00:00,23,0,-0.258819,0.965926,0.0,1.0,False,False,NIGHT,2.0,8.0,10.0,29.0,80.0,257.0,11.89,1.16,0.0976,5.043,4.835,56.22,8.74,90.682,87.388,5.78,1.26,6.09,17.59,100.0,79.558,8.27,7.17,11.55,2.78,57.213,2.61,100.0,100.0,False,,37.6,80.733,-1.0099999999999998,2.0,-2.0599999999999987,15.096,19.15,2.0,-0.31,3.625,2.0,6.82,86.298,89.995,98.825,74.349,54.64,41.45,75.429,8.0,0.0,86.494,89.299,100.0,98.19,50.989,79.883,34.598,6.72,2.456,83.638,85.12,0.32,MODERATE
95,2026-06-01 23:45:00+00:00,23,0,-0.258819,0.965926,0.0,1.0,False,False,NIGHT,4.0,6.0,12.0,32.0,80.0,261.0,12.9,1.07,0.083,5.035,5.082,56.21,8.74,90.657,87.423,5.79,1.26,4.77,14.69,100.0,95.923,8.38,7.16,11.45,2.8,57.58,2.77,100.0,100.0,False,,40.9,83.378,1.0099999999999998,0.0,0.019999999999999574,15.024,19.15,4.0,0.0,3.918,4.0,4.72,87.005,89.758,96.991,72.969,53.952,63.858,63.102,6.0,0.0,84.403,87.745,91.332,68.712,50.644,23.892,33.761,1.68,4.707,83.649,83.897,0.0,MODERATE
96,2026-06-02 00:00:00+00:00,0,1,0.0,1.0,0.781831,0.62349,False,False,NIGHT,3.0,7.0,15.0,33.0,82.0,263.0,12.9,1.16,0.09,5.04,5.477,56.14,8.7,90.548,87.009,5.86,1.3,6.27,17.99,100.0,78.237,8.56,7.15,11.29,2.83,58.2,2.77,100.0,100.0,False,,40.8,81.205,0.0,1.0099999999999998,3.01,14.827,19.15,8.0,0.48,3.918,3.0,1.59,86.578,90.225,100.0,94.255,52.161,33.467,44.169,7.0,0.0,85.029,87.435,93.142,69.693,49.494,100.0,34.012,3.36,3.094,83.014,84.107,0.0,MODERATE
97,2026-06-02 00:15:00+00:00,0,1,0.0,1.0,0.781831,0.62349,False,False,NIGHT,0.0,3.0,9.0,28.0,78.0,262.0,9.88,1.16,0.1175,5.072,5.756,55.95,8.72,90.236,87.229,6.05,1.28,6.27,17.99,100.0,76.277,8.55,7.04,11.41,2.81,57.73,2.29,46.242,94.159,False,,31.1,74.132,-3.0199999999999996,-3.0199999999999996,-3.0199999999999996,14.44,19.15,-3.0,-0.48,3.043,6.0,0.0,86.836,89.743,93.412,70.277,51.101,55.875,34.734,6.0,0.0,83.701,86.843,91.541,68.666,49.015,23.333,33.48,1.68,2.583,82.39,83.844,0.0,MODERATE
98,2026-06-02 00:30:00+00:00,0,1,0.0,1.0,0.781831,0.62349,False,False,NIGHT,0.0,0.0,7.0,25.0,74.0,262.0,6.82,0.89,0.1304,5.14,6.111,55.8,8.63,89.995,86.298,6.2,1.37,6.27,17.99,98.825,74.349,7.93,6.82,12.25,2.66,54.64,1.81,41.45,75.429,False,,21.2,70.852,-3.0600000000000005,-6.08,-5.07,13.669,18.14,-3.0,-0.8,2.158,5.0,0.0,86.494,89.299,100.0,98.19,50.989,79.883,34.598,8.0,0.0,83.194,86.766,93.575,69.811,48.549,48.933,33.277,3.36,2.788,81.84,84.163,0.0,MODERATE
99,2026-06-02 00:45:00+00:00,0,1,0.0,1.0,0.781831,0.62349,False,False,NIGHT,1.0,1.0,4.0,24.0,68.0,261.0,4.72,0.61,0.1301,5.211,5.516,55.65,8.7,89.758,87.005,6.35,1.3,6.27,17.99,96.991,72.969,7.98,6.59,12.43,2.62,53.952,1.49,63.858,63.102,False,,14.4,71.167,-2.1000000000000005,-5.160000000000001,-8.18,12.893,18.14,-8.0,-1.28,1.552,4.0,0.0,84.403,87.745,91.332,68.712,50.644,23.892,33.761,10.0,0.0,81.872,85.401,88.892,66.876,48.203,23.333,32.749,3.36,3.641,81.715,84.07,0.0,MODERATE
100,2026-06-02 01:00:00+00:00,1,1,0.258819,0.965926,0.781831,0.62349,False,False,NIGHT,0.0,1.0,1.0,23.0,65.0,259.0,1.59,0.42,0.267,5.253,4.265,55.94,8.66,90.225,86.578,6.06,1.34,4.3,13.66,100.0,94.255,7.8,6.28,12.92,2.54,52.161,1.01,33.467,44.169,False,,4.8,69.2,-3.13,-5.23,-11.31,11.984,18.14,-14.0,-1.76,0.65,4.0,0.0,85.029,87.435,93.142,69.693,49.494,100.0,34.012,11.0,0.0,80.73,85.071,88.548,66.618,46.695,48.933,32.292,6.646,4.015,82.1,85.069,0.48,NORMAL
101,2026-06-02 01:15:00+00:00,1,1,0.258819,0.965926,0.781831,0.62349,False,False,NIGHT,1.0,1.0,2.0,23.0,62.0,259.0,0.0,0.14,0.1431,4.351,5.443,55.64,8.68,89.743,86.836,6.36,1.32,6.27,17.99,93.412,70.277,7.82,5.98,13.2,2.48,51.101,0.69,55.875,34.734,False,,0.0,66.381,-1.59,-4.72,-9.88,10.85,18.13,-7.0,-1.6,0.172,2.0,0.0,83.701,86.843,91.541,68.666,49.015,23.333,33.48,10.0,0.0,81.444,84.092,95.418,70.307,44.872,48.933,32.578,5.114,3.656,81.976,85.676,0.16,NORMAL
102,2026-06-02 01:30:00+00:00,1,1,0.258819,0.965926,0.781831,0.62349,False,False,NIGHT,2.0,3.0,4.0,21.0,58.0,259.0,0.0,0.0,0.0,3.36,4.598,55.37,8.65,89.299,86.494,6.63,1.35,3.92,12.81,100.0,98.19,8.03,5.73,13.23,2.48,50.989,0.53,79.883,34.598,False,,0.0,72.506,0.0,-1.59,-6.82,9.717,17.08,-3.0,-1.28,0.132,3.0,0.0,83.194,86.766,93.575,69.811,48.549,48.933,33.277,13.0,0.0,80.121,83.117,100.0,74.035,45.34,23.333,32.048,1.68,2.274,80.518,85.672,0.0,MODERATE
103,2026-06-02 01:45:00+00:00,1,1,0.258819,0.965926,0.781831,0.62349,False,False,NIGHT,0.0,2.0,3.0,19.0,54.0,259.0,0.0,0.0,0.0,0.0,4.69,54.4,8.44,87.745,84.403,7.6,1.56,6.27,17.99,91.332,68.712,8.16,5.52,13.33,2.46,50.644,0.06,23.892,33.761,False,,0.0,62.098,0.0,0.0,-4.72,8.649,15.05,-1.0,-1.43,0.015,2.0,0.0,81.872,85.401,88.892,66.876,48.203,23.333,32.749,17.0,0.0,79.083,82.606,85.983,64.688,45.147,48.933,31.633,3.36,3.386,80.424,85.677,0.0,NORMAL
104,2026-06-02 02:00:00+00:00,2,1,0.5,0.866025,0.781831,0.62349,False,False,NIGHT,3.0,3.0,6.0,22.0,52.0,261.0,0.0,0.0,0.0,5.04,5.559,54.21,8.5,87.435,85.029,7.79,1.5,6.13,17.68,93.142,69.693,8.02,5.35,13.64,2.41,49.494,0.06,100.0,34.012,False,,0.0,69.236,0.0,0.0,-1.59,7.709,13.95,5.0,-0.95,0.015,3.0,0.0,80.73,85.071,88.548,66.618,46.695,48.933,32.292,17.0,0.0,80.052,82.421,88.917,66.331,45.006,74.533,32.021,6.299,2.742,82.703,86.743,0.16,NORMAL
105,2026-06-02 02:15:00+00:00,2,1,0.5,0.866025,0.781831,0.62349,False,False,NIGHT,0.0,3.0,5.0,16.0,49.0,260.0,0.0,0.0,0.0,0.0,1.999,53.84,8.37,86.843,83.701,8.16,1.63,6.19,17.82,91.541,68.666,8.04,5.2,13.77,2.38,49.015,0.0,23.333,33.48,False,,0.0,61.582,0.0,0.0,0.0,6.895,13.95,3.0,-0.69,0.0,4.0,0.0,81.444,84.092,95.418,70.307,44.872,48.933,32.578,17.0,0.0,80.469,82.501,100.0,83.856,44.341,74.533,32.188,0.421,2.774,81.024,86.065,0.0,NORMAL
106,2026-06-02 02:30:00+00:00,2,1,0.5,0.866025,0.781831,0.62349,False,False,NIGHT,1.0,1.0,4.0,15.0,44.0,259.0,0.0,0.0,0.0,1.68,2.075,53.79,8.32,86.766,83.194,8.21,1.68,6.05,17.51,93.575,69.811,8.03,5.07,13.89,2.36,48.549,0.0,48.933,33.277,False,,0.0,64.107,0.0,0.0,0.0,6.023,12.9,0.0,-0.53,0.0,5.0,0.0,80.121,83.117,100.0,74.035,45.34,23.333,32.048,16.0,0.0,81.83,82.94,86.331,64.949,46.255,100.0,32.732,0.0,3.937,80.787,84.516,0.0,NORMAL
107,2026-06-02 02:45:00+00:00,2,1,0.5,0.866025,0.781831,0.62349,False,False,NIGHT,0.0,1.0,4.0,11.0,43.0,258.0,0.0,0.0,0.0,0.0,3.914,52.95,8.19,85.401,81.872,9.05,1.81,6.27,17.99,88.892,66.876,8.05,4.96,13.99,2.34,48.203,0.0,23.333,32.749,False,,0.0,60.293,0.0,0.0,0.0,5.218,12.9,1.0,-0.06,0.0,8.0,0.0,79.083,82.606,85.983,64.688,45.147,48.933,31.633,15.0,0.0,80.872,82.577,85.953,64.665,44.888,48.933,32.349,5.04,1.906,81.216,85.711,0.0,NORMAL
108,2026-06-02 03:00:00+00:00,3,1,0.707107,0.707107,0.781831,0.62349,False,False,NIGHT,1.0,1.0,2.0,9.0,42.0,259.0,0.0,0.0,0.0,1.68,2.955,52.74,8.07,85.071,80.73,9.26,1.93,6.27,17.99,88.548,66.618,7.75,4.86,14.39,2.27,46.695,0.0,48.933,32.292,False,,0.0,62.088,0.0,0.0,0.0,4.6,12.9,-4.0,-0.06,0.0,8.0,0.0,80.052,82.421,88.917,66.331,45.006,74.533,32.021,16.0,0.0,80.872,81.292,89.27,66.309,43.788,23.333,32.349,6.278,2.315,83.025,87.017,0.16,NORMAL
109,2026-06-02 03:15:00+00:00,3,1,0.707107,0.707107,0.781831,0.62349,False,False,NIGHT,1.0,2.0,3.0,10.0,38.0,257.0,0.0,0.0,0.0,1.68,3.821,52.14,8.14,84.092,81.444,9.86,1.86,5.75,16.85,95.418,70.307,7.33,4.78,14.88,2.18,44.872,0.0,48.933,32.578,False,,0.0,63.118,0.0,0.0,0.0,3.794,12.9,-2.0,0.0,0.0,6.0,0.0,80.469,82.501,100.0,83.856,44.341,74.533,32.188,22.0,0.0,81.718,83.71,87.132,65.553,44.455,100.0,32.687,3.802,4.947,83.162,86.533,0.0,NORMAL
110,2026-06-02 03:30:00+00:00,3,1,0.707107,0.707107,0.781831,0.62349,False,False,NIGHT,0.0,1.0,2.0,10.0,35.0,257.0,0.0,0.0,0.0,0.0,2.948,51.53,8.01,83.117,80.121,10.47,1.99,5.28,15.82,100.0,74.035,7.54,4.71,14.76,2.2,45.34,0.0,23.333,32.048,False,,0.0,61.375,0.0,0.0,0.0,3.051,12.9,-2.0,0.0,0.0,8.0,0.0,81.83,82.94,86.331,64.949,46.255,100.0,32.732,19.0,0.0,83.638,85.12,88.599,66.656,44.407,100.0,33.455,1.68,3.609,82.984,85.784,0.0,NORMAL
111,2026-06-02 03:45:00+00:00,3,1,0.707107,0.707107,0.781831,0.62349,False,False,NIGHT,1.0,1.0,3.0,10.0,34.0,257.0,0.0,0.0,0.0,1.68,3.36,51.22,7.91,82.606,79.083,10.78,2.09,6.27,17.99,85.983,64.688,7.55,4.63,14.81,2.19,45.147,0.0,48.933,31.633,False,,0.0,60.538,0.0,0.0,0.0,2.244,12.9,-1.0,0.0,0.0,9.0,0.0,80.872,82.577,85.953,64.665,44.888,48.933,32.349,16.0,0.0,83.649,83.897,95.067,70.073,43.769,48.958,33.46,3.36,3.565,83.746,85.578,0.0,NORMAL
112,2026-06-02 04:00:00+00:00,4,1,0.866025,0.5,0.781831,0.62349,False,False,NIGHT,2.0,3.0,4.0,12.0,35.0,256.0,0.0,0.0,0.0,3.36,3.433,51.1,8.01,82.421,80.052,10.9,1.99,6.05,17.51,88.917,66.331,7.56,4.59,14.85,2.19,45.006,0.0,74.533,32.021,False,,0.0,63.531,0.0,0.0,0.0,1.438,9.88,2.0,0.0,0.0,9.0,0.0,80.872,81.292,89.27,66.309,43.788,23.333,32.349,17.0,0.0,83.014,84.107,57.123,53.336,44.395,74.533,33.205,6.266,3.236,84.672,86.651,0.32,NORMAL
113,2026-06-02 04:15:00+00:00,4,1,0.866025,0.5,0.781831,0.62349,False,False,NIGHT,2.0,4.0,5.0,13.0,36.0,256.0,0.0,0.0,0.0,3.36,2.994,51.15,8.05,82.501,80.469,10.85,1.95,4.39,13.86,100.0,83.856,7.42,4.56,15.03,2.15,44.341,0.0,74.533,32.188,False,,0.0,67.005,0.0,0.0,0.0,0.821,6.82,2.0,0.0,0.0,11.0,0.0,81.718,83.71,87.132,65.553,44.455,100.0,32.687,19.0,0.0,82.39,83.844,45.714,43.096,43.826,48.933,32.956,6.005,4.844,85.121,87.046,0.8,NORMAL
114,2026-06-02 04:30:00+00:00,4,1,0.866025,0.5,0.781831,0.62349,False,False,NIGHT,3.0,5.0,8.0,14.0,35.0,259.0,0.0,0.0,0.0,5.04,3.407,51.42,8.18,82.94,81.83,10.58,1.82,6.27,17.99,86.331,64.949,7.94,4.54,14.51,2.25,46.255,0.0,100.0,32.732,False,,0.0,65.929,0.0,0.0,0.0,0.394,4.72,6.0,0.0,0.0,8.0,0.0,83.638,85.12,88.599,66.656,44.407,100.0,33.455,18.0,0.0,81.84,84.163,52.046,48.808,43.25,74.533,32.736,5.906,3.883,85.793,87.754,1.12,NORMAL
115,2026-06-02 04:45:00+00:00,4,1,0.866025,0.5,0.781831,0.62349,False,False,NIGHT,1.0,4.0,8.0,15.0,34.0,260.0,0.0,0.0,0.0,1.68,2.963,51.2,8.09,82.577,80.872,10.8,1.91,6.27,17.99,85.953,64.665,7.59,4.53,14.88,2.18,44.888,0.0,48.933,32.349,False,,0.0,60.859,0.0,0.0,0.0,0.099,1.59,5.0,0.0,0.0,6.0,0.0,83.649,83.897,95.067,70.073,43.769,48.958,33.46,16.0,0.0,81.715,84.07,52.72,49.409,44.161,74.533,32.686,5.733,3.147,85.767,88.801,1.28,NORMAL
116,2026-06-02 05:00:00+00:00,5,1,0.965926,0.258819,0.781831,0.62349,False,False,NIGHT,0.0,1.0,6.0,12.0,34.0,257.0,0.0,0.0,0.0,0.0,3.187,50.4,8.09,81.292,80.872,11.6,1.91,5.94,17.27,89.27,66.309,7.31,4.51,15.18,2.13,43.788,0.0,23.333,32.349,False,,0.0,58.769,0.0,0.0,0.0,0.0,0.0,2.0,0.0,0.0,7.0,0.0,83.014,84.107,57.123,53.336,44.395,74.533,33.205,17.0,2.04,82.1,85.069,47.19,44.488,45.548,100.0,45.106,5.493,5.223,85.691,88.922,1.12,NORMAL
117,2026-06-02 05:15:00+00:00,5,1,0.965926,0.258819,0.781831,0.62349,False,False,NIGHT,4.0,4.0,8.0,16.0,32.0,255.0,0.0,0.0,0.0,6.72,0.384,51.9,8.17,83.71,81.718,10.1,1.83,6.27,17.99,87.132,65.553,7.5,4.51,15.0,2.16,44.455,0.16,100.0,32.687,False,,0.0,66.083,0.0,0.0,0.0,0.0,0.0,3.0,0.16,0.04,11.0,0.0,82.39,83.844,45.714,43.096,43.826,48.933,32.956,15.0,0.0,81.976,85.676,46.713,44.038,45.733,50.55,32.791,5.467,5.708,85.38,88.875,1.28,NORMAL
118,2026-06-02 05:30:00+00:00,5,1,0.965926,0.258819,0.781831,0.62349,False,False,NIGHT,4.0,8.0,9.0,19.0,34.0,257.0,0.0,0.0,0.0,6.72,2.456,52.77,8.36,85.12,83.638,9.23,1.64,6.27,17.99,88.599,66.656,7.46,4.53,15.01,2.16,44.407,0.32,100.0,33.455,False,,0.0,67.081,0.0,0.0,0.0,0.0,0.0,1.0,0.32,0.08,11.0,0.0,81.84,84.163,52.046,48.808,43.25,74.533,32.736,16.0,0.0,80.518,85.672,55.993,52.377,44.865,48.933,32.207,5.483,4.115,85.476,89.411,0.97,NORMAL
119,2026-06-02 05:45:00+00:00,5,1,0.965926,0.258819,0.781831,0.62349,False,False,NIGHT,1.0,5.0,9.0,20.0,31.0,257.0,0.0,0.0,0.0,1.68,4.707,52.02,8.36,83.897,83.649,9.98,1.64,5.76,16.87,95.067,70.073,7.28,4.54,15.18,2.13,43.769,0.0,48.958,33.46,False,,0.0,63.349,0.0,0.0,0.0,0.0,0.0,1.0,0.0,0.0,10.0,0.0,81.715,84.07,52.72,49.409,44.161,74.533,32.686,16.0,0.0,80.424,85.677,51.243,48.125,42.876,74.533,32.17,5.358,5.671,85.806,89.232,1.29,NORMAL
120,2026-06-02 06:00:00+00:00,6,1,1.0,0.0,0.781831,0.62349,False,False,MORNING,2.0,3.0,11.0,21.0,30.0,255.0,0.0,0.0,0.0,3.36,3.094,52.15,8.3,84.107,83.014,9.85,1.7,9.61,22.22,57.123,53.336,7.44,4.55,15.01,2.16,44.395,0.0,74.533,33.205,False,,0.0,59.065,0.0,0.0,0.0,0.0,0.0,5.0,0.0,0.0,10.0,2.04,82.1,85.069,47.19,44.488,45.548,100.0,45.106,16.0,0.25,82.703,86.743,47.394,44.68,40.448,100.0,34.584,5.394,4.805,85.54,89.513,1.13,NORMAL
121,2026-06-02 06:15:00+00:00,6,1,1.0,0.0,0.781831,0.62349,False,False,MORNING,1.0,3.0,8.0,21.0,31.0,256.0,0.0,0.0,0.0,1.68,2.583,51.98,8.24,83.844,82.39,10.02,1.76,11.97,27.41,45.714,43.096,7.29,4.54,15.17,2.13,43.826,0.0,48.933,32.956,False,,0.0,53.929,0.0,0.0,0.0,0.0,0.0,0.0,-0.16,0.0,8.0,0.0,81.976,85.676,46.713,44.038,45.733,50.55,32.791,17.0,0.0,81.024,86.065,63.036,58.634,42.369,23.333,32.41,5.334,5.473,86.536,89.296,1.29,NORMAL
122,2026-06-02 06:30:00+00:00,6,1,1.0,0.0,0.781831,0.62349,False,False,MORNING,2.0,3.0,6.0,23.0,33.0,257.0,0.0,0.0,0.0,3.36,2.788,52.18,8.18,84.163,81.84,9.82,1.82,10.55,24.3,52.046,48.808,7.14,4.53,15.32,2.1,43.25,0.0,74.533,32.736,False,,0.0,57.587,0.0,0.0,0.0,0.0,0.0,-3.0,-0.32,0.0,7.0,0.0,80.518,85.672,55.993,52.377,44.865,48.933,32.207,23.0,0.0,80.787,84.516,54.076,50.634,42.819,23.333,32.315,5.367,5.468,87.22,89.145,1.29,NORMAL
123,2026-06-02 06:45:00+00:00,6,1,1.0,0.0,0.781831,0.62349,False,False,MORNING,2.0,4.0,7.0,24.0,34.0,256.0,0.0,0.0,0.0,3.36,3.641,52.12,8.17,84.07,81.715,9.88,1.83,10.41,23.98,52.72,49.409,7.4,4.53,15.08,2.15,44.161,0.0,74.533,32.686,False,,0.0,57.776,0.0,0.0,0.0,0.0,0.0,-2.0,0.0,0.0,6.0,0.0,80.424,85.677,51.243,48.125,42.876,74.533,32.17,28.0,0.0,81.216,85.711,48.513,45.666,41.84,100.0,32.486,5.39,4.086,87.742,89.586,1.29,NORMAL
124,2026-06-02 07:00:00+00:00,7,1,0.965926,-0.258819,0.781831,0.62349,False,False,MORNING,6.0,8.0,11.0,28.0,40.0,258.0,2.04,0.0,0.0,6.646,4.015,52.74,8.21,85.069,82.1,9.26,1.79,11.97,27.41,47.19,44.488,7.7,4.6,14.7,2.21,45.548,0.48,100.0,45.106,False,,4.9,60.541,2.04,2.04,2.04,0.128,2.04,0.0,0.48,0.63,7.0,0.25,82.703,86.743,47.394,44.68,40.448,100.0,34.584,29.0,0.26,83.025,87.017,47.548,44.825,42.903,100.0,34.789,5.28,4.459,87.876,89.896,1.13,NORMAL
125,2026-06-02 07:15:00+00:00,7,1,0.965926,-0.258819,0.781831,0.62349,False,False,MORNING,1.0,7.0,11.0,27.0,40.0,256.0,0.0,0.18,0.184,5.114,3.656,53.12,8.2,85.676,81.976,8.88,1.8,11.97,27.41,46.713,44.038,7.77,4.58,14.65,2.22,45.733,0.16,50.55,32.791,False,,0.0,54.8,-2.04,0.0,0.0,0.128,2.04,3.0,0.16,0.04,7.0,0.0,81.024,86.065,63.036,58.634,42.369,23.333,32.41,27.0,0.0,83.162,86.533,49.302,46.396,42.989,74.558,33.265,5.207,4.697,87.646,90.139,1.29,NORMAL
126,2026-06-02 07:30:00+00:00,7,1,0.965926,-0.258819,0.781831,0.62349,False,False,MORNING,1.0,2.0,10.0,25.0,39.0,252.0,0.0,0.0,0.0,1.68,2.274,53.12,8.05,85.672,80.518,8.88,1.95,9.99,23.05,55.993,52.377,7.56,4.55,14.89,2.18,44.865,0.0,48.933,32.207,False,,0.0,56.398,0.0,-2.04,0.0,0.128,2.04,4.0,0.0,0.0,9.0,0.0,80.787,84.516,54.076,50.634,42.819,23.333,32.315,29.0,0.0,82.984,85.784,46.771,44.093,41.93,48.933,33.194,5.155,5.05,87.178,90.257,1.45,NORMAL
127,2026-06-02 07:45:00+00:00,7,1,0.965926,-0.258819,0.781831,0.62349,False,False,MORNING,2.0,3.0,10.0,26.0,41.0,252.0,0.0,0.0,0.0,3.36,3.386,53.12,8.04,85.677,80.424,8.88,1.96,10.91,25.09,51.243,48.125,7.05,4.52,15.42,2.08,42.876,0.0,74.533,32.17,False,,0.0,57.425,0.0,0.0,0.0,0.128,2.04,3.0,0.0,0.0,10.0,0.0,81.216,85.711,48.513,45.666,41.84,100.0,32.486,29.0,0.0,83.746,85.578,46.659,43.988,41.935,74.533,33.498,5.136,4.089,86.789,90.742,1.77,NORMAL
128,2026-06-02 08:00:00+00:00,8,1,0.866025,-0.5,0.781831,0.62349,False,False,MORNING,4.0,6.0,8.0,30.0,42.0,254.0,0.25,0.0,0.0,6.299,2.742,53.78,8.27,86.743,82.703,8.22,1.73,11.97,27.41,47.394,44.68,6.38,4.54,16.08,1.97,40.448,0.16,100.0,34.584,False,,0.6,59.473,0.25,0.25,-1.79,0.143,2.04,-3.0,-0.32,0.103,9.0,0.26,83.025,87.017,47.548,44.825,42.903,100.0,34.789,32.0,1.27,84.672,86.651,47.747,45.013,43.815,100.0,41.491,5.031,5.599,87.364,90.42,1.77,NORMAL
129,2026-06-02 08:15:00+00:00,8,1,0.866025,-0.5,0.781831,0.62349,False,False,MORNING,0.0,4.0,7.0,26.0,42.0,252.0,0.0,0.02,0.0225,0.421,2.774,53.36,8.1,86.065,81.024,8.64,1.9,8.91,20.68,63.036,58.634,6.92,4.52,15.56,2.06,42.369,0.0,23.333,32.41,False,,0.0,55.653,-0.25,0.0,0.0,0.143,2.04,-4.0,-0.16,0.0,10.0,0.0,83.162,86.533,49.302,46.396,42.989,74.558,33.265,29.0,3.7,85.121,87.046,48.922,46.121,47.077,100.0,56.226,5.095,4.931,87.369,90.486,1.93,NORMAL
130,2026-06-02 08:30:00+00:00,8,1,0.866025,-0.5,0.781831,0.62349,False,False,MORNING,0.0,0.0,6.0,22.0,41.0,248.0,0.0,0.0,0.0,0.0,3.937,52.4,8.08,84.516,80.787,9.6,1.92,10.2,23.52,54.076,50.634,7.05,4.51,15.44,2.08,42.819,0.0,23.333,32.315,False,,0.0,53.27,0.0,-0.25,0.0,0.143,2.04,-4.0,0.0,0.0,14.0,0.0,82.984,85.784,46.771,44.093,41.93,48.933,33.194,27.0,5.18,85.793,87.754,50.928,47.973,47.38,100.0,65.401,5.08,6.045,86.483,90.24,1.78,NORMAL
131,2026-06-02 08:45:00+00:00,8,1,0.866025,-0.5,0.781831,0.62349,False,False,MORNING,3.0,3.0,7.0,24.0,44.0,251.0,0.0,0.0,0.0,5.04,1.906,53.14,8.12,85.711,81.216,8.86,1.88,11.53,26.45,48.513,45.666,6.8,4.5,15.7,2.03,41.84,0.0,100.0,32.486,False,,0.0,59.167,0.0,0.0,0.0,0.143,2.04,-3.0,0.0,0.0,18.0,0.0,83.746,85.578,46.659,43.988,41.935,74.533,33.498,25.0,5.77,85.767,88.801,55.075,51.745,48.79,100.0,68.915,5.152,5.252,86.88,90.135,2.26,NORMAL
132,2026-06-02 09:00:00+00:00,9,1,0.707107,-0.707107,0.781831,0.62349,False,False,MORNING,4.0,7.0,7.0,26.0,47.0,253.0,0.26,0.0,0.0,6.278,2.315,53.95,8.3,87.017,83.025,8.05,1.7,11.97,27.41,47.548,44.825,7.06,4.52,15.42,2.09,42.903,0.16,100.0,34.789,False,,0.7,59.861,0.26,0.26,0.010000000000000009,0.159,2.04,-1.0,0.0,0.105,20.0,1.27,84.672,86.651,47.747,45.013,43.815,100.0,41.491,24.0,4.5,85.691,88.922,56.986,53.442,48.784,85.775,61.266,5.169,4.52,86.837,90.404,2.1,NORMAL
133,2026-06-02 09:15:00+00:00,9,1,0.707107,-0.707107,0.781831,0.62349,False,False,MORNING,2.0,6.0,9.0,27.0,48.0,250.0,0.0,0.02,0.0237,3.802,4.947,53.65,8.32,86.533,83.162,8.35,1.68,11.45,26.28,49.302,46.396,7.08,4.53,15.39,2.09,42.989,0.0,74.558,33.265,False,,0.0,57.733,-0.26,0.0,0.0,0.159,2.04,2.0,0.0,0.0,17.0,3.7,85.121,87.046,48.922,46.121,47.077,100.0,56.226,24.0,5.24,85.38,88.875,50.532,47.639,48.611,100.0,65.616,5.108,4.39,86.312,90.778,1.78,NORMAL
134,2026-06-02 09:30:00+00:00,9,1,0.707107,-0.707107,0.781831,0.62349,False,False,MORNING,1.0,3.0,10.0,26.0,49.0,246.0,0.0,0.0,0.0,1.68,3.609,53.19,8.3,85.784,82.984,8.81,1.7,11.97,27.41,46.771,44.093,6.78,4.54,15.68,2.04,41.93,0.0,48.933,33.194,False,,0.0,54.551,0.0,-0.26,0.0,0.159,2.04,4.0,0.0,0.0,15.0,5.18,85.793,87.754,50.928,47.973,47.38,100.0,65.401,24.0,2.98,85.476,89.411,51.666,48.641,48.359,58.592,52.073,5.031,6.156,87.507,90.132,1.62,NORMAL
135,2026-06-02 09:45:00+00:00,9,1,0.707107,-0.707107,0.781831,0.62349,False,False,MORNING,2.0,3.0,9.0,26.0,50.0,246.0,0.0,0.0,0.0,3.36,3.565,53.06,8.37,85.578,83.746,8.94,1.63,11.97,27.41,46.659,43.988,6.77,4.55,15.68,2.04,41.935,0.0,74.533,33.498,False,,0.0,56.936,0.0,0.0,0.0,0.159,2.04,2.0,0.0,0.0,11.0,5.77,85.767,88.801,55.075,51.745,48.79,100.0,68.915,27.0,4.79,85.806,89.232,56.019,52.588,48.35,100.0,63.067,5.159,4.639,86.787,90.458,1.46,NORMAL
136,2026-06-02 10:00:00+00:00,10,1,0.5,-0.866025,0.781831,0.62349,False,False,MORNING,5.0,7.0,10.0,25.0,53.0,247.0,1.27,0.0,0.0,6.266,3.236,53.72,8.47,86.651,84.672,8.28,1.53,11.97,27.41,47.747,45.013,7.21,4.62,15.17,2.13,43.815,0.32,100.0,41.491,False,,3.2,60.885,1.27,1.27,1.01,0.239,2.04,3.0,0.16,0.398,12.0,4.5,85.691,88.922,56.986,53.442,48.784,85.775,61.266,27.0,3.58,85.54,89.513,56.362,52.88,46.901,85.808,55.697,5.097,6.214,86.811,90.004,1.46,NORMAL
137,2026-06-02 10:15:00+00:00,10,1,0.5,-0.866025,0.781831,0.62349,False,False,MORNING,6.0,11.0,14.0,30.0,57.0,253.0,3.7,0.11,0.0309,6.005,4.844,53.97,8.51,87.046,85.121,8.03,1.49,11.97,27.41,48.922,46.121,7.95,4.76,14.29,2.29,47.077,0.8,100.0,56.226,False,,9.8,63.184,2.43,3.7,3.7,0.47,3.7,5.0,0.8,1.125,12.0,5.24,85.38,88.875,50.532,47.639,48.611,100.0,65.616,28.0,4.41,86.536,89.296,50.429,47.542,48.387,100.0,61.044,5.2,4.62,87.518,90.123,1.46,NORMAL
138,2026-06-02 10:30:00+00:00,10,1,0.5,-0.866025,0.781831,0.62349,False,False,MORNING,5.0,11.0,18.0,34.0,59.0,254.0,5.18,0.33,0.0642,5.906,3.883,54.41,8.58,87.754,85.793,7.59,1.42,11.73,26.88,50.928,47.973,7.85,4.94,14.21,2.3,47.38,1.12,100.0,65.401,False,,14.0,64.912,1.4799999999999995,3.9099999999999997,5.18,0.794,5.18,8.0,1.12,1.575,12.0,2.98,85.476,89.411,51.666,48.641,48.359,58.592,52.073,28.0,4.21,87.22,89.145,54.011,50.769,48.471,100.0,60.15,5.161,3.097,87.873,90.898,1.46,NORMAL
139,2026-06-02 10:45:00+00:00,10,1,0.5,-0.866025,0.781831,0.62349,False,False,MORNING,4.0,9.0,20.0,36.0,62.0,254.0,5.77,0.47,0.0808,5.733,3.147,55.06,8.58,88.801,85.767,6.94,1.42,11.02,25.32,55.075,51.745,8.07,5.1,13.83,2.37,48.79,1.28,100.0,68.915,False,,16.1,66.592,0.5899999999999999,2.0699999999999994,5.77,1.154,5.77,11.0,1.28,1.762,14.0,4.79,85.806,89.232,56.019,52.588,48.35,100.0,63.067,27.0,4.0,87.742,89.586,50.428,47.541,48.496,100.0,59.108,4.977,4.219,87.616,91.246,1.46,NORMAL
140,2026-06-02 11:00:00+00:00,11,1,0.258819,-0.965926,0.781831,0.62349,False,False,MORNING,2.0,6.0,17.0,34.0,64.0,249.0,4.5,0.52,0.1154,5.493,5.223,55.13,8.57,88.922,85.691,6.87,1.43,10.56,24.31,56.986,53.442,7.98,5.19,13.83,2.37,48.784,1.12,85.775,61.266,False,,13.1,64.943,-1.2699999999999996,-0.6799999999999997,3.23,1.308,5.77,7.0,0.8,1.405,12.0,3.58,85.54,89.513,56.362,52.88,46.901,85.808,55.697,30.0,2.86,87.876,89.896,50.145,47.273,48.361,85.842,52.303,4.902,4.557,88.11,91.305,1.62,NORMAL
141,2026-06-02 11:15:00+00:00,11,1,0.258819,-0.965926,0.781831,0.62349,False,False,MORNING,4.0,6.0,15.0,38.0,64.0,249.0,5.24,0.4,0.0772,5.467,5.708,55.1,8.54,88.875,85.38,6.9,1.46,11.97,27.41,50.532,47.639,7.85,5.28,13.88,2.36,48.611,1.28,100.0,65.616,False,,15.3,65.138,0.7400000000000002,-0.5299999999999994,1.54,1.636,5.77,1.0,0.48,1.63,12.0,4.41,86.536,89.296,50.429,47.542,48.387,100.0,61.044,30.0,3.76,87.646,90.139,50.634,47.734,47.907,100.0,57.615,4.88,3.533,88.409,91.8,1.79,NORMAL
142,2026-06-02 11:30:00+00:00,11,1,0.258819,-0.965926,0.781831,0.62349,False,False,MORNING,1.0,5.0,11.0,39.0,61.0,250.0,2.98,0.47,0.1584,5.483,4.115,55.43,8.55,89.411,85.476,6.57,1.45,11.57,26.53,51.666,48.641,7.79,5.27,13.94,2.35,48.359,0.97,58.592,52.073,False,,8.7,60.335,-2.2600000000000002,-1.52,-2.1999999999999997,1.822,5.77,-7.0,-0.15,0.988,12.0,4.21,87.22,89.145,54.011,50.769,48.471,100.0,60.15,27.0,4.69,87.178,90.257,51.066,48.142,47.116,100.0,63.016,4.762,6.186,87.938,91.302,1.79,NORMAL
143,2026-06-02 11:45:00+00:00,11,1,0.258819,-0.965926,0.781831,0.62349,False,False,MORNING,5.0,6.0,12.0,41.0,65.0,247.0,4.79,0.27,0.056,5.358,5.671,55.32,8.58,89.232,85.806,6.68,1.42,10.8,24.84,56.019,52.588,7.72,5.33,13.95,2.35,48.35,1.29,100.0,63.067,False,,14.3,66.242,1.81,-0.4500000000000002,-0.9799999999999995,2.121,5.77,-8.0,0.01,1.52,13.0,4.0,87.742,89.586,50.428,47.541,48.496,100.0,59.108,25.0,6.63,86.789,90.742,52.1,49.116,47.302,100.0,74.518,4.884,6.242,88.165,90.718,1.95,NORMAL
144,2026-06-02 12:00:00+00:00,12,1,0.0,-1.0,0.781831,0.62349,False,False,MORNING,2.0,7.0,12.0,39.0,65.0,247.0,3.58,0.43,0.1204,5.394,4.805,55.5,8.55,89.513,85.54,6.5,1.45,10.67,24.54,56.362,52.88,7.33,5.34,14.34,2.28,46.901,1.13,85.808,55.697,False,,10.6,64.145,-1.21,0.6000000000000001,-0.9199999999999999,2.329,5.77,-5.0,0.01,1.178,15.0,2.86,87.876,89.896,50.145,47.273,48.361,85.842,52.303,22.0,6.64,87.364,90.42,60.581,57.616,48.763,100.0,74.778,5.014,4.696,88.324,90.82,2.11,NORMAL
145,2026-06-02 12:15:00+00:00,12,1,0.0,-1.0,0.781831,0.62349,False,False,MORNING,4.0,6.0,12.0,41.0,68.0,247.0,4.41,0.32,0.0731,5.334,5.473,55.36,8.65,89.296,86.536,6.64,1.35,11.97,27.41,50.429,47.542,7.69,5.38,13.94,2.35,48.387,1.29,100.0,61.044,False,,13.2,64.886,0.8300000000000001,-0.3799999999999999,-0.8300000000000001,2.605,5.77,-3.0,0.01,1.425,16.0,3.76,87.646,90.139,50.634,47.734,47.907,100.0,57.615,22.0,7.61,87.369,90.486,61.069,58.081,50.107,100.0,80.582,4.988,4.885,88.035,90.908,2.11,NORMAL
146,2026-06-02 12:30:00+00:00,12,1,0.0,-1.0,0.781831,0.62349,False,False,MORNING,3.0,7.0,14.0,43.0,69.0,248.0,4.21,0.4,0.0942,5.367,5.468,55.27,8.72,89.145,87.22,6.73,1.28,11.14,25.59,54.011,50.769,7.67,5.41,13.91,2.36,48.471,1.29,100.0,60.15,False,,12.5,65.686,-0.20000000000000018,0.6299999999999999,1.23,2.868,5.77,3.0,0.32,1.375,16.0,4.69,87.178,90.257,51.066,48.142,47.116,100.0,63.016,21.0,6.58,86.483,90.24,60.439,57.482,50.43,92.292,74.083,4.972,5.428,88.072,90.718,2.11,NORMAL
147,2026-06-02 12:45:00+00:00,12,1,0.0,-1.0,0.781831,0.62349,False,False,MORNING,3.0,6.0,12.0,44.0,70.0,248.0,4.0,0.38,0.0947,5.39,4.086,55.54,8.77,89.586,87.742,6.46,1.23,11.97,27.41,50.428,47.541,7.65,5.44,13.91,2.36,48.496,1.29,100.0,59.108,False,,11.8,64.938,-0.20999999999999996,-0.41000000000000014,-0.79,3.118,5.77,0.0,0.0,1.322,14.0,6.63,86.789,90.742,52.1,49.116,47.302,100.0,74.518,22.0,9.52,86.88,90.135,65.521,62.196,48.981,100.0,91.843,5.015,6.31,87.967,90.213,2.11,NORMAL
148,2026-06-02 13:00:00+00:00,13,1,-0.258819,-0.965926,0.781831,0.62349,False,False,MORNING,2.0,5.0,12.0,41.0,66.0,248.0,2.86,0.36,0.126,5.28,4.459,55.74,8.79,89.896,87.876,6.26,1.21,11.97,27.41,50.145,47.273,7.64,5.42,13.94,2.35,48.361,1.13,85.842,52.303,False,,8.6,62.951,-1.1400000000000001,-1.35,-0.7200000000000002,3.281,5.77,0.0,0.0,0.997,15.0,6.64,87.364,90.42,60.581,57.616,48.763,100.0,74.778,19.0,8.44,86.837,90.404,61.401,58.397,52.281,95.508,85.365,5.133,6.142,87.688,89.851,1.79,NORMAL
149,2026-06-02 13:15:00+00:00,13,1,-0.258819,-0.965926,0.781831,0.62349,False,False,MORNING,4.0,6.0,12.0,39.0,69.0,250.0,3.76,0.26,0.0684,5.207,4.697,55.89,8.76,90.139,87.646,6.11,1.24,11.97,27.41,50.634,47.734,7.5,5.44,14.07,2.33,47.907,1.29,100.0,57.615,False,,11.5,64.882,0.8999999999999999,-0.2400000000000002,-0.6500000000000004,3.516,5.77,0.0,0.0,1.262,14.0,7.61,87.369,90.486,61.069,58.081,50.107,100.0,80.582,21.0,6.4,86.312,90.778,64.893,61.586,51.719,66.717,72.912,5.22,5.209,87.879,89.825,1.63,NORMAL
150,2026-06-02 13:30:00+00:00,13,1,-0.258819,-0.965926,0.781831,0.62349,False,False,MORNING,4.0,8.0,13.0,38.0,72.0,253.0,4.69,0.34,0.0721,5.155,5.05,55.96,8.72,90.257,87.178,6.04,1.28,11.97,27.41,51.066,48.142,7.24,5.48,14.28,2.29,47.116,1.45,100.0,63.016,False,,14.5,65.439,0.9300000000000006,1.8300000000000005,0.4800000000000004,3.809,5.77,-1.0,0.16,1.535,11.0,6.58,86.483,90.24,60.439,57.482,50.43,92.292,74.083,24.0,5.4,87.507,90.132,74.174,70.026,51.686,90.725,67.422,5.223,5.435,87.92,89.733,1.47,NORMAL
151,2026-06-02 13:45:00+00:00,13,1,-0.258819,-0.965926,0.781831,0.62349,False,False,MORNING,5.0,9.0,15.0,39.0,75.0,256.0,6.63,0.42,0.0636,5.136,4.089,56.26,8.68,90.742,86.789,5.74,1.32,11.97,27.41,52.1,49.116,7.2,5.58,14.23,2.3,47.302,1.77,100.0,74.518,False,,20.6,66.967,1.9399999999999995,2.87,2.63,4.223,6.63,3.0,0.48,2.1,11.0,9.52,86.88,90.135,65.521,62.196,48.981,100.0,91.843,25.0,4.33,86.787,90.458,63.353,60.134,52.427,89.133,60.709,5.244,4.242,87.609,90.187,1.31,NORMAL
152,2026-06-02 14:00:00+00:00,14,1,-0.5,-0.866025,0.781831,0.62349,False,False,EVENING,3.0,8.0,16.0,40.0,74.0,257.0,6.64,0.6,0.0899,5.031,5.599,56.06,8.74,90.42,87.364,5.94,1.26,10.26,23.29,60.581,57.616,7.51,5.66,13.83,2.37,48.763,1.77,100.0,74.778,False,,21.1,69.187,0.009999999999999787,1.9499999999999993,3.78,4.559,6.64,4.0,0.64,2.102,7.0,8.44,86.837,90.404,61.401,58.397,52.281,95.508,85.365,27.0,4.3,86.811,90.004,61.45,58.376,53.04,100.0,60.516,5.145,3.819,86.764,90.858,0.99,NORMAL
153,2026-06-02 14:15:00+00:00,14,1,-0.5,-0.866025,0.781831,0.62349,False,False,EVENING,4.0,7.0,16.0,40.0,78.0,259.0,7.61,0.6,0.0786,5.095,4.931,56.1,8.74,90.486,87.369,5.9,1.26,10.26,23.29,61.069,58.081,7.77,5.76,13.47,2.44,50.107,1.93,100.0,80.582,False,,23.8,70.059,0.9700000000000006,0.9800000000000004,3.8500000000000005,4.803,7.61,4.0,0.64,2.385,8.0,6.4,86.312,90.778,64.893,61.586,51.719,66.717,72.912,28.0,4.2,87.518,90.123,59.267,56.367,52.633,100.0,60.227,5.005,5.091,86.021,90.943,1.32,MODERATE
154,2026-06-02 14:30:00+00:00,14,1,-0.5,-0.866025,0.781831,0.62349,False,False,EVENING,2.0,6.0,14.0,41.0,80.0,255.0,6.58,0.68,0.104,5.08,6.045,55.95,8.65,90.24,86.483,6.05,1.35,10.26,23.29,60.439,57.482,7.82,5.8,13.38,2.45,50.43,1.78,92.292,74.083,False,,20.7,68.356,-1.0300000000000002,-0.05999999999999961,1.8899999999999997,4.891,7.61,1.0,0.33,2.09,10.0,5.4,87.507,90.132,74.174,70.026,51.686,90.725,67.422,28.0,4.13,87.873,90.898,59.727,56.805,50.959,100.0,59.936,4.998,4.634,86.109,91.076,0.84,NORMAL
155,2026-06-02 14:45:00+00:00,14,1,-0.5,-0.866025,0.781831,0.62349,False,False,EVENING,6.0,8.0,15.0,42.0,83.0,258.0,9.52,0.59,0.0623,5.152,5.252,55.88,8.69,90.135,86.88,6.12,1.31,9.67,21.99,65.521,62.196,7.29,5.94,13.78,2.38,48.981,2.26,100.0,91.843,False,,29.5,72.033,2.9399999999999995,1.9099999999999993,2.8899999999999997,5.125,9.52,0.0,0.49,2.945,11.0,4.33,86.787,90.458,63.353,60.134,52.427,89.133,60.709,28.0,4.17,87.616,91.246,59.965,57.031,51.608,100.0,60.058,3.857,5.255,84.369,90.794,0.68,MODERATE
156,2026-06-02 15:00:00+00:00,15,1,-0.707107,-0.707107,0.781831,0.62349,False,False,EVENING,2.0,8.0,14.0,42.0,81.0,257.0,8.44,0.86,0.1015,5.169,4.52,56.05,8.68,90.404,86.837,5.95,1.32,10.26,23.29,61.401,58.397,8.11,6.01,12.88,2.54,52.281,2.1,95.508,85.365,False,,26.1,70.335,-1.08,1.8599999999999994,1.7999999999999998,5.371,9.52,-2.0,0.33,2.635,12.0,4.3,86.811,90.004,61.45,58.376,53.04,100.0,60.516,28.0,5.25,88.11,91.305,60.503,57.542,51.414,100.0,66.747,3.36,3.941,84.173,90.591,0.52,MODERATE
157,2026-06-02 15:15:00+00:00,15,1,-0.707107,-0.707107,0.781831,0.62349,False,False,EVENING,1.0,3.0,11.0,39.0,80.0,255.0,6.4,0.76,0.1187,5.108,4.39,56.28,8.63,90.778,86.312,5.72,1.37,9.6,21.83,64.893,61.586,7.98,5.99,13.04,2.51,51.719,1.78,66.717,72.912,False,,20.0,67.166,-2.039999999999999,-3.119999999999999,-1.21,5.444,9.52,-5.0,-0.15,2.045,13.0,4.2,87.518,90.123,59.267,56.367,52.633,100.0,60.227,25.0,6.35,88.409,91.8,64.959,61.668,51.241,100.0,73.438,0.0,6.464,82.937,88.184,0.04,NORMAL
158,2026-06-02 15:30:00+00:00,15,1,-0.707107,-0.707107,0.781831,0.62349,False,False,EVENING,2.0,3.0,11.0,38.0,81.0,255.0,5.4,0.58,0.1066,5.031,6.156,55.88,8.75,90.132,87.507,6.12,1.25,8.28,18.93,74.174,70.026,8.01,5.95,13.04,2.51,51.686,1.62,90.725,67.422,False,,17.1,70.907,-1.0,-3.039999999999999,-1.1799999999999997,5.595,9.52,-3.0,-0.16,1.755,14.0,4.13,87.873,90.898,59.727,56.805,50.959,100.0,59.936,23.0,6.51,87.938,91.302,61.144,58.15,49.676,100.0,74.243,5.04,4.982,84.212,88.002,0.04,MODERATE
159,2026-06-02 15:45:00+00:00,15,1,-0.707107,-0.707107,0.781831,0.62349,False,False,EVENING,2.0,4.0,7.0,37.0,81.0,254.0,4.33,0.49,0.1122,5.159,4.639,56.08,8.68,90.458,86.787,5.92,1.32,9.64,21.93,63.353,60.134,8.29,5.87,12.84,2.55,52.427,1.46,89.133,60.709,False,,13.4,67.588,-1.0700000000000003,-2.0700000000000003,-5.1899999999999995,5.566,9.52,-8.0,-0.8,1.448,14.0,4.17,87.616,91.246,59.965,57.031,51.608,100.0,60.058,22.0,7.6,88.165,90.718,64.424,61.172,50.376,100.0,80.891,3.36,5.941,84.718,86.879,0.0,NORMAL
160,2026-06-02 16:00:00+00:00,16,1,-0.866025,-0.5,0.781831,0.62349,False,False,EVENING,3.0,5.0,8.0,38.0,79.0,253.0,4.3,0.39,0.0907,5.097,6.214,55.8,8.68,90.004,86.811,6.2,1.32,9.89,22.48,61.45,58.376,8.52,5.8,12.68,2.58,53.04,1.46,100.0,60.516,False,,13.5,68.068,-0.03000000000000025,-1.1000000000000005,-4.14,5.611,9.52,-6.0,-0.64,1.44,15.0,5.25,88.11,91.305,60.503,57.542,51.414,100.0,66.747,20.0,8.62,88.324,90.82,66.392,62.997,50.135,100.0,87.048,5.04,3.76,84.766,87.388,0.0,NORMAL
161,2026-06-02 16:15:00+00:00,16,1,-0.866025,-0.5,0.781831,0.62349,False,False,EVENING,3.0,6.0,10.0,37.0,76.0,253.0,4.2,0.39,0.092,5.2,4.62,55.88,8.75,90.123,87.518,6.12,1.25,10.26,23.29,59.267,56.367,8.45,5.76,12.79,2.56,52.633,1.46,100.0,60.227,False,,12.9,67.632,-0.09999999999999964,-0.1299999999999999,-2.2,5.598,9.52,-1.0,-0.32,1.415,15.0,6.35,88.409,91.8,64.959,61.668,51.241,100.0,73.438,17.0,8.65,88.035,90.908,61.82,58.795,49.878,100.0,87.119,3.36,4.74,84.318,86.903,0.0,NORMAL
162,2026-06-02 16:30:00+00:00,16,1,-0.866025,-0.5,0.781831,0.62349,False,False,EVENING,3.0,6.0,11.0,36.0,74.0,252.0,4.13,0.38,0.0916,5.161,3.097,56.36,8.79,90.898,87.873,5.64,1.21,10.26,23.29,59.727,56.805,8.04,5.72,13.24,2.48,50.959,1.46,100.0,59.936,False,,12.8,67.786,-0.07000000000000028,-0.16999999999999993,-1.2700000000000005,5.593,9.52,0.0,-0.16,1.398,14.0,6.51,87.938,91.302,61.144,58.15,49.676,100.0,74.243,19.0,8.69,88.072,90.718,67.358,63.882,49.882,100.0,87.375,3.36,4.984,84.243,86.26,0.0,NORMAL
163,2026-06-02 16:45:00+00:00,16,1,-0.866025,-0.5,0.781831,0.62349,False,False,EVENING,3.0,6.0,12.0,34.0,73.0,251.0,4.17,0.37,0.0892,4.977,4.219,56.57,8.76,91.246,87.616,5.43,1.24,10.26,23.29,59.965,57.031,8.24,5.69,13.07,2.51,51.608,1.46,100.0,60.058,False,,13.4,67.95,0.040000000000000036,-0.03000000000000025,-0.16000000000000014,5.604,9.52,5.0,0.0,1.408,14.0,7.6,88.165,90.718,64.424,61.172,50.376,100.0,80.891,16.0,8.71,87.967,90.213,68.093,64.543,49.402,100.0,87.421,1.68,3.247,82.659,85.884,0.0,NORMAL
164,2026-06-02 17:00:00+00:00,17,1,-0.965926,-0.258819,0.781831,0.62349,False,False,EVENING,4.0,7.0,13.0,35.0,75.0,254.0,5.25,0.38,0.0715,4.902,4.557,56.61,8.81,91.305,88.11,5.39,1.19,10.26,23.29,60.503,57.542,8.17,5.71,13.12,2.5,51.414,1.62,100.0,66.747,False,,17.1,68.862,1.08,1.12,0.9500000000000002,5.753,9.52,5.0,0.16,1.718,13.0,8.62,88.324,90.82,66.392,62.997,50.135,100.0,87.048,15.0,6.65,87.688,89.851,65.31,61.953,50.417,66.842,74.978,5.04,4.163,83.313,86.132,0.0,NORMAL
165,2026-06-02 17:15:00+00:00,17,1,-0.965926,-0.258819,0.781831,0.62349,False,False,EVENING,4.0,8.0,14.0,35.0,75.0,252.0,6.35,0.47,0.0745,4.88,3.533,56.92,8.84,91.8,88.409,5.08,1.16,9.69,22.03,64.959,61.668,8.07,5.77,13.16,2.49,51.241,1.79,100.0,73.438,False,,20.8,70.749,1.0999999999999996,2.1799999999999997,2.1499999999999995,5.915,9.52,4.0,0.33,2.035,10.0,8.65,88.035,90.908,61.82,58.795,49.878,100.0,87.119,16.0,5.54,87.879,89.825,61.559,58.49,50.0,90.85,68.41,0.0,4.022,81.531,84.798,0.0,MODERATE
166,2026-06-02 17:30:00+00:00,17,1,-0.965926,-0.258819,0.781831,0.62349,False,False,EVENING,3.0,7.0,14.0,36.0,77.0,252.0,6.51,0.57,0.0877,4.762,6.186,56.61,8.79,91.302,87.938,5.39,1.21,10.25,23.27,61.144,58.15,7.6,5.82,13.59,2.41,49.676,1.79,100.0,74.243,False,,21.8,69.627,0.16000000000000014,1.2599999999999998,2.38,6.029,9.52,3.0,0.33,2.075,9.0,8.69,88.072,90.718,67.358,63.882,49.882,100.0,87.375,14.0,4.43,87.92,89.733,69.358,65.613,50.338,89.258,61.772,1.68,4.126,81.756,83.775,0.0,NORMAL
167,2026-06-02 17:45:00+00:00,17,1,-0.965926,-0.258819,0.781831,0.62349,False,False,EVENING,4.0,7.0,15.0,34.0,76.0,252.0,7.6,0.59,0.0771,4.884,6.242,56.24,8.82,90.718,88.165,5.76,1.18,9.75,22.17,64.424,61.172,7.7,5.9,13.4,2.45,50.376,1.95,100.0,80.891,False,,24.8,71.06,1.0899999999999999,1.25,3.4299999999999997,6.089,9.52,3.0,0.49,2.387,8.0,8.71,87.967,90.213,68.093,64.543,49.402,100.0,87.421,15.0,3.31,87.609,90.187,58.897,56.015,50.673,87.667,54.921,3.36,1.877,81.769,84.371,0.0,MODERATE
168,2026-06-02 18:00:00+00:00,18,1,-1.0,-0.0,0.781831,0.62349,False,False,EVENING,4.0,8.0,15.0,36.0,78.0,255.0,8.62,0.68,0.0794,5.014,4.696,56.31,8.83,90.82,88.324,5.69,1.17,9.54,21.71,66.392,62.997,7.54,6.0,13.46,2.44,50.135,2.11,100.0,87.048,False,,27.4,72.201,1.0199999999999996,2.1099999999999994,3.369999999999999,6.213,9.52,2.0,0.49,2.682,7.0,6.65,87.688,89.851,65.31,61.953,50.417,66.842,74.978,15.0,1.25,86.764,90.858,58.371,55.515,51.512,58.875,42.208,5.04,3.898,82.463,84.72,0.0,MODERATE
169,2026-06-02 18:15:00+00:00,18,1,-1.0,-0.0,0.781831,0.62349,False,False,EVENING,3.0,7.0,14.0,38.0,77.0,254.0,8.65,0.78,0.0897,4.988,4.885,56.36,8.8,90.908,88.035,5.64,1.2,10.26,23.29,61.82,58.795,7.39,6.08,13.53,2.42,49.878,2.11,100.0,87.119,False,,27.7,71.106,0.030000000000001137,1.0500000000000007,2.3000000000000007,6.278,9.52,0.0,0.32,2.69,7.0,5.54,87.879,89.825,61.559,58.49,50.0,90.85,68.41,17.0,3.27,86.021,90.943,59.359,56.454,52.486,100.0,54.035,1.68,3.659,81.553,84.068,0.0,MODERATE
170,2026-06-02 18:30:00+00:00,18,1,-1.0,-0.0,0.781831,0.62349,False,False,EVENING,3.0,6.0,14.0,39.0,77.0,253.0,8.69,0.78,0.0896,4.972,5.428,56.25,8.81,90.718,88.072,5.75,1.19,9.4,21.4,67.358,63.882,7.32,6.15,13.53,2.42,49.882,2.11,100.0,87.375,False,,27.9,72.372,0.03999999999999915,0.07000000000000028,2.1799999999999997,6.41,9.52,0.0,0.32,2.7,10.0,4.43,87.92,89.733,69.358,65.613,50.338,89.258,61.772,14.0,0.3,86.109,91.076,61.867,58.721,52.796,31.692,36.22,3.36,3.903,81.066,83.928,0.0,MODERATE
171,2026-06-02 18:45:00+00:00,18,1,-1.0,-0.0,0.781831,0.62349,False,False,EVENING,3.0,6.0,13.0,40.0,77.0,249.0,8.71,0.78,0.0898,5.015,6.31,55.93,8.8,90.213,87.967,6.07,1.2,9.25,21.07,68.093,64.543,7.14,6.2,13.66,2.4,49.402,2.11,100.0,87.421,False,,27.7,72.377,0.02000000000000135,0.0600000000000005,1.1100000000000012,6.359,8.71,-2.0,0.16,2.705,8.0,3.31,87.609,90.187,58.897,56.015,50.673,87.667,54.921,16.0,0.0,84.369,90.794,57.753,54.927,50.936,81.3,33.747,1.68,3.146,80.717,83.393,0.0,MODERATE
172,2026-06-02 19:00:00+00:00,19,1,-0.965926,0.258819,0.781831,0.62349,False,False,EVENING,1.0,4.0,10.0,38.0,76.0,247.0,6.65,0.78,0.1178,5.133,6.142,55.71,8.77,89.851,87.688,6.29,1.23,9.46,21.53,65.31,61.953,7.45,6.16,13.39,2.45,50.417,1.79,66.842,74.978,False,,20.7,67.386,-2.0600000000000005,-2.039999999999999,-1.9699999999999989,6.248,8.71,-5.0,-0.32,2.11,8.0,1.25,86.764,90.858,58.371,55.515,51.512,58.875,42.208,15.0,0.0,84.173,90.591,57.624,54.805,48.874,79.708,33.669,3.36,2.681,81.19,83.591,0.0,NORMAL
173,2026-06-02 19:15:00+00:00,19,1,-0.965926,0.258819,0.781831,0.62349,False,False,EVENING,2.0,3.0,9.0,37.0,74.0,245.0,5.54,0.6,0.108,5.22,5.209,55.69,8.79,89.825,87.879,6.31,1.21,9.95,22.61,61.559,58.49,7.4,6.1,13.5,2.43,50.0,1.63,90.85,68.41,False,,16.9,67.965,-1.1100000000000003,-3.170000000000001,-3.1100000000000003,6.194,8.71,-5.0,-0.48,1.792,9.0,3.27,86.021,90.943,59.359,56.454,52.486,100.0,54.035,16.0,0.0,82.937,88.184,57.525,54.667,48.842,23.717,33.175,1.68,3.077,81.446,82.986,0.0,NORMAL
174,2026-06-02 19:30:00+00:00,19,1,-0.965926,0.258819,0.781831,0.62349,False,False,EVENING,2.0,4.0,8.0,36.0,72.0,241.0,4.43,0.5,0.1125,5.223,5.435,55.63,8.79,89.733,87.92,6.37,1.21,8.75,19.96,69.358,65.613,7.59,6.0,13.41,2.45,50.338,1.47,89.258,61.772,False,,13.5,68.921,-1.1100000000000003,-2.2200000000000006,-4.26,6.133,8.71,-6.0,-0.64,1.475,4.0,0.3,86.109,91.076,61.867,58.721,52.796,31.692,36.22,16.0,0.0,84.212,88.002,55.977,53.238,48.807,100.0,33.685,5.04,2.29,83.329,83.792,0.0,NORMAL
175,2026-06-02 19:45:00+00:00,19,1,-0.965926,0.258819,0.781831,0.62349,False,False,EVENING,2.0,4.0,7.0,35.0,69.0,239.0,3.31,0.4,0.1205,5.244,4.242,55.92,8.76,90.187,87.609,6.08,1.24,10.26,23.29,58.897,56.015,7.8,5.89,13.32,2.46,50.673,1.31,87.667,54.921,False,,10.1,65.721,-1.1199999999999997,-2.23,-5.4,6.069,8.71,-6.0,-0.8,1.155,7.0,0.0,84.369,90.794,57.753,54.927,50.936,81.3,33.747,14.0,0.0,84.718,86.879,55.263,52.559,48.482,74.533,33.887,3.36,2.503,83.148,84.166,0.0,NORMAL
176,2026-06-02 20:00:00+00:00,20,1,-0.866025,0.5,0.781831,0.62349,False,False,EVENING,1.0,3.0,7.0,32.0,67.0,235.0,1.25,0.3,0.2384,5.145,3.819,56.33,8.68,90.858,86.764,5.67,1.32,10.26,23.29,58.371,55.515,8.2,5.71,13.09,2.5,51.512,0.99,58.875,42.208,False,,3.9,61.743,-2.06,-3.1799999999999997,-5.4,5.879,8.71,-3.0,-0.8,0.56,7.0,0.0,84.173,90.591,57.624,54.805,48.874,79.708,33.669,14.0,0.0,84.766,87.388,90.96,68.432,46.63,100.0,33.907,1.68,1.821,83.862,83.994,0.0,NORMAL
177,2026-06-02 20:15:00+00:00,20,1,-0.866025,0.5,0.781831,0.62349,False,False,EVENING,5.0,6.0,10.0,33.0,68.0,237.0,3.27,0.11,0.0344,5.005,5.091,56.38,8.6,90.943,86.021,5.62,1.4,10.26,23.29,59.359,56.454,8.54,5.63,12.83,2.55,52.486,1.32,100.0,54.035,False,,10.4,66.926,2.02,-0.040000000000000036,-2.27,5.821,8.71,1.0,-0.31,1.148,8.0,0.0,82.937,88.184,57.525,54.667,48.842,23.717,33.175,14.0,0.0,84.318,86.903,99.065,72.91,48.236,74.533,33.727,5.04,3.458,84.773,84.485,0.0,NORMAL
178,2026-06-02 20:30:00+00:00,20,1,-0.866025,0.5,0.781831,0.62349,False,False,EVENING,0.0,5.0,8.0,30.0,66.0,231.0,0.3,0.29,0.2944,4.998,4.634,56.47,8.61,91.076,86.109,5.53,1.39,9.63,21.91,61.867,58.721,8.79,5.46,12.75,2.57,52.796,0.84,31.692,36.22,False,,0.9,59.525,-2.97,-0.95,-4.13,5.581,8.71,0.0,-0.63,0.285,10.0,0.0,84.212,88.002,55.977,53.238,48.807,100.0,33.685,13.0,0.0,84.243,86.26,89.787,67.55,47.793,74.533,33.697,0.0,3.643,83.672,83.194,0.0,NORMAL
179,2026-06-02 20:45:00+00:00,20,1,-0.866025,0.5,0.781831,0.62349,False,False,EVENING,2.0,2.0,8.0,28.0,62.0,232.0,0.0,0.03,0.0266,3.857,5.255,56.29,8.44,90.794,84.369,5.71,1.56,10.26,23.29,57.753,54.927,8.46,5.3,13.25,2.48,50.936,0.68,81.3,33.747,False,,0.0,62.271,-0.3,-3.27,-3.31,5.321,8.71,1.0,-0.63,0.17,9.0,0.0,84.718,86.879,55.263,52.559,48.482,74.533,33.887,13.0,0.0,82.659,85.884,100.0,77.86,46.117,48.933,33.063,5.04,3.502,84.726,83.644,0.0,NORMAL
180,2026-06-02 21:00:00+00:00,21,1,-0.707107,0.707107,0.781831,0.62349,False,False,EVENING,2.0,4.0,9.0,26.0,62.0,232.0,0.0,0.0,0.0,3.36,3.941,56.17,8.42,90.591,84.173,5.83,1.58,10.26,23.29,57.624,54.805,8.03,5.16,13.8,2.38,48.874,0.52,79.708,33.669,False,,0.0,61.828,0.0,-0.3,-1.25,4.992,8.71,2.0,-0.47,0.13,8.0,0.0,84.766,87.388,90.96,68.432,46.63,100.0,33.907,13.0,0.0,83.313,86.132,89.653,67.449,46.999,100.0,33.325,1.68,3.817,84.3,82.851,0.0,NORMAL
181,2026-06-02 21:15:00+00:00,21,1,-0.707107,0.707107,0.781831,0.62349,False,False,EVENING,0.0,2.0,4.0,23.0,61.0,227.0,0.0,0.0,0.0,0.0,6.464,54.67,8.29,88.184,82.937,7.33,1.71,10.0,22.73,57.525,54.667,8.14,5.04,13.81,2.37,48.842,0.04,23.717,33.175,False,,0.0,55.981,0.0,0.0,-3.27,4.596,8.71,-6.0,-1.28,0.01,8.0,0.0,84.318,86.903,99.065,72.91,48.236,74.533,33.727,12.0,0.0,81.531,84.798,100.0,77.791,46.43,23.333,32.612,0.0,2.805,82.67,81.983,0.0,NORMAL
182,2026-06-02 21:30:00+00:00,21,1,-0.707107,0.707107,0.781831,0.62349,False,False,EVENING,3.0,3.0,7.0,23.0,62.0,227.0,0.0,0.0,0.0,5.04,4.982,54.56,8.42,88.002,84.212,7.44,1.58,10.26,23.29,55.977,53.238,8.22,4.96,13.82,2.37,48.807,0.04,100.0,33.685,False,,0.0,62.701,0.0,0.0,-0.3,4.189,8.71,-1.0,-0.8,0.01,6.0,0.0,84.243,86.26,89.787,67.55,47.793,74.533,33.697,13.0,0.0,81.756,83.775,100.0,73.954,45.729,48.933,32.702,0.0,1.344,82.107,81.531,0.0,NORMAL
183,2026-06-02 21:45:00+00:00,21,1,-0.707107,0.707107,0.781831,0.62349,False,False,EVENING,2.0,5.0,7.0,22.0,62.0,227.0,0.0,0.0,0.0,3.36,5.941,53.87,8.47,86.879,84.718,8.13,1.53,10.26,23.29,55.263,52.559,8.19,4.9,13.91,2.36,48.482,0.0,74.533,33.887,False,,0.0,60.067,0.0,0.0,0.0,3.714,8.71,-1.0,-0.68,0.0,5.0,0.0,82.659,85.884,100.0,77.86,46.117,48.933,33.063,15.0,0.0,81.769,84.371,87.82,66.07,45.258,74.533,32.708,1.68,2.873,81.544,81.141,0.0,NORMAL
184,2026-06-02 22:00:00+00:00,22,1,-0.5,0.866025,0.781831,0.62349,False,False,NIGHT,3.0,5.0,8.0,24.0,62.0,229.0,0.0,0.0,0.0,5.04,3.76,54.18,8.48,87.388,84.766,7.82,1.52,6.27,17.99,90.96,68.432,7.74,4.85,14.41,2.27,46.63,0.0,100.0,33.907,False,,0.0,68.502,0.0,0.0,0.0,3.175,8.71,-1.0,-0.52,0.0,6.0,0.0,83.313,86.132,89.653,67.449,46.999,100.0,33.325,15.0,0.0,82.463,84.72,88.183,66.343,45.809,100.0,32.985,1.68,2.163,81.451,80.961,0.0,NORMAL
185,2026-06-02 22:15:00+00:00,22,1,-0.5,0.866025,0.781831,0.62349,False,False,NIGHT,2.0,5.0,10.0,24.0,61.0,230.0,0.0,0.0,0.0,3.36,4.74,53.88,8.43,86.903,84.318,8.12,1.57,5.73,16.8,99.065,72.91,8.21,4.81,13.98,2.34,48.236,0.0,74.533,33.727,False,,0.0,67.668,0.0,0.0,0.0,2.634,8.71,6.0,-0.04,0.0,6.0,0.0,81.531,84.798,100.0,77.791,46.43,23.333,32.612,13.0,0.0,81.553,84.068,87.505,65.833,46.444,48.933,32.621,0.0,2.625,81.155,79.951,0.0,NORMAL
186,2026-06-02 22:30:00+00:00,22,1,-0.5,0.866025,0.781831,0.62349,False,False,NIGHT,2.0,4.0,9.0,24.0,60.0,228.0,0.0,0.0,0.0,3.36,4.984,53.48,8.42,86.26,84.243,8.52,1.58,6.27,17.99,89.787,67.55,8.13,4.77,14.1,2.32,47.793,0.0,74.533,33.697,False,,0.0,65.716,0.0,0.0,0.0,2.091,8.71,2.0,-0.04,0.0,7.0,0.0,81.756,83.775,100.0,73.954,45.729,48.933,32.702,15.0,0.0,81.066,83.928,87.359,65.723,46.422,74.533,32.426,0.0,3.042,80.41,78.844,0.0,NORMAL
187,2026-06-02 22:45:00+00:00,22,1,-0.5,0.866025,0.781831,0.62349,False,False,NIGHT,1.0,3.0,8.0,23.0,58.0,227.0,0.0,0.0,0.0,1.68,3.247,53.25,8.27,85.884,82.659,8.75,1.73,5.16,15.54,100.0,77.86,7.72,4.73,14.55,2.24,46.117,0.0,48.933,33.063,False,,0.0,65.324,0.0,0.0,0.0,1.547,6.65,1.0,0.0,0.0,8.0,0.0,81.769,84.371,87.82,66.07,45.258,74.533,32.708,13.0,0.0,80.717,83.393,100.0,81.574,47.631,48.933,32.287,1.68,1.211,80.384,79.038,0.0,NORMAL
188,2026-06-02 23:00:00+00:00,23,1,-0.258819,0.965926,0.781831,0.62349,False,False,NIGHT,3.0,4.0,8.0,25.0,57.0,230.0,0.0,0.0,0.0,5.04,4.163,53.4,8.33,86.132,83.313,8.6,1.67,6.27,17.99,89.653,67.449,7.99,4.7,14.31,2.28,46.999,0.0,100.0,33.325,False,,0.0,67.694,0.0,0.0,0.0,1.131,5.54,0.0,0.0,0.0,7.0,0.0,82.463,84.72,88.183,66.343,45.809,100.0,32.985,15.0,0.0,81.19,83.591,100.0,81.84,46.884,74.533,32.476,3.36,1.029,79.931,80.051,0.0,NORMAL
189,2026-06-02 23:15:00+00:00,23,1,-0.258819,0.965926,0.781831,0.62349,False,False,NIGHT,0.0,3.0,6.0,20.0,53.0,224.0,0.0,0.0,0.0,0.0,4.022,52.57,8.15,84.798,81.531,9.43,1.85,5.07,15.36,100.0,77.791,7.88,4.66,14.46,2.26,46.43,0.0,23.333,32.612,False,,0.0,62.575,0.0,0.0,0.0,0.785,4.43,-4.0,0.0,0.0,6.0,0.0,81.553,84.068,87.505,65.833,46.444,48.933,32.621,14.0,0.0,81.446,82.986,100.0,75.999,47.23,48.933,32.578,1.68,2.249,79.47,79.896,0.0,NORMAL
190,2026-06-02 23:30:00+00:00,23,1,-0.258819,0.965926,0.781831,0.62349,False,False,NIGHT,1.0,1.0,5.0,21.0,51.0,223.0,0.0,0.0,0.0,1.68,4.126,51.94,8.18,83.775,81.756,10.06,1.82,5.35,15.96,100.0,73.954,7.72,4.62,14.65,2.22,45.729,0.0,48.933,32.702,False,,0.0,64.176,0.0,0.0,0.0,0.508,3.31,-4.0,0.0,0.0,6.0,0.0,81.066,83.928,87.359,65.723,46.422,74.533,32.426,13.0,0.0,83.329,83.792,91.61,68.12,47.402,100.0,33.332,1.68,0.761,79.495,80.262,0.0,NORMAL
191,2026-06-02 23:45:00+00:00,23,1,-0.258819,0.965926,0.781831,0.62349,False,False,NIGHT,2.0,3.0,6.0,21.0,49.0,221.0,0.0,0.0,0.0,3.36,1.877,52.31,8.18,84.371,81.769,9.69,1.82,6.27,17.99,87.82,66.07,7.62,4.6,14.78,2.2,45.258,0.0,74.533,32.708,False,,0.0,64.163,0.0,0.0,0.0,0.301,3.27,-2.0,0.0,0.0,7.0,0.0,80.717,83.393,100.0,81.574,47.631,48.933,32.287,10.0,0.0,83.148,84.166,90.946,67.818,45.928,74.533,33.259,3.36,1.284,80.006,81.017,0.0,NORMAL
192,2026-06-03 00:00:00+00:00,0,2,0.0,1.0,0.974928,-0.222521,False,False,NIGHT,3.0,5.0,6.0,22.0,48.0,221.0,0.0,0.0,0.0,5.04,3.898,52.53,8.25,84.72,82.463,9.47,1.75,6.27,17.99,88.183,66.343,7.78,4.59,14.63,2.23,45.809,0.0,100.0,32.985,False,,0.0,66.797,0.0,0.0,0.0,0.223,3.27,-2.0,0.0,0.0,8.0,0.0,81.19,83.591,100.0,81.84,46.884,74.533,32.476,9.0,0.0,83.862,83.994,87.428,65.775,45.349,48.933,33.545,0.0,1.671,78.249,80.627,0.0,NORMAL
193,2026-06-03 00:15:00+00:00,0,2,0.0,1.0,0.974928,-0.222521,False,False,NIGHT,1.0,4.0,7.0,23.0,46.0,222.0,0.0,0.0,0.0,1.68,3.659,52.12,8.16,84.068,81.553,9.88,1.84,6.27,17.99,87.505,65.833,7.97,4.57,14.46,2.26,46.444,0.0,48.933,32.621,False,,0.0,61.79,0.0,0.0,0.0,0.019,0.3,1.0,0.0,0.0,7.0,0.0,81.446,82.986,100.0,75.999,47.23,48.933,32.578,9.0,0.0,84.773,84.485,87.939,66.159,47.136,100.0,33.909,1.68,2.346,78.418,80.331,0.0,NORMAL
194,2026-06-03 00:30:00+00:00,0,2,0.0,1.0,0.974928,-0.222521,False,False,NIGHT,2.0,3.0,8.0,22.0,45.0,224.0,0.0,0.0,0.0,3.36,3.903,52.04,8.11,83.928,81.066,9.96,1.89,6.27,17.99,87.359,65.723,7.99,4.54,14.47,2.26,46.422,0.0,74.533,32.426,False,,0.0,63.933,0.0,0.0,0.0,0.0,0.0,3.0,0.0,0.0,9.0,0.0,83.329,83.792,91.61,68.12,47.402,100.0,33.332,6.0,0.0,83.672,83.194,86.595,65.148,46.468,23.333,33.469,3.36,1.843,78.994,80.85,0.0,NORMAL
195,2026-06-03 00:45:00+00:00,0,2,0.0,1.0,0.974928,-0.222521,False,False,NIGHT,1.0,3.0,7.0,21.0,43.0,224.0,0.0,0.0,0.0,1.68,3.146,51.7,8.07,83.393,80.717,10.3,1.93,4.64,14.41,100.0,81.574,8.34,4.52,14.14,2.31,47.631,0.0,48.933,32.287,False,,0.0,64.969,0.0,0.0,0.0,0.0,0.0,1.0,0.0,0.0,6.0,0.0,83.148,84.166,90.946,67.818,45.928,74.533,33.259,6.0,0.0,84.726,83.644,96.191,70.639,46.468,100.0,33.89,3.36,0.588,79.47,81.89,0.0,NORMAL
196,2026-06-03 01:00:00+00:00,1,2,0.258819,0.965926,0.974928,-0.222521,False,False,NIGHT,2.0,3.0,6.0,20.0,44.0,226.0,0.0,0.0,0.0,3.36,2.681,51.83,8.12,83.591,81.19,10.17,1.88,4.63,14.39,100.0,81.84,8.15,4.51,14.34,2.28,46.884,0.0,74.533,32.476,False,,0.0,67.376,0.0,0.0,0.0,0.0,0.0,0.0,0.0,0.0,7.0,0.0,83.862,83.994,87.428,65.775,45.349,48.933,33.545,4.0,0.0,84.3,82.851,86.238,64.88,45.565,48.933,33.72,3.36,1.702,79.697,82.523,0.0,NORMAL
197,2026-06-03 01:15:00+00:00,1,2,0.258819,0.965926,0.974928,-0.222521,False,False,NIGHT,1.0,3.0,6.0,19.0,43.0,226.0,0.0,0.0,0.0,1.68,3.077,51.45,8.14,82.986,81.446,10.55,1.86,5.08,15.39,100.0,75.999,8.25,4.51,14.25,2.3,47.23,0.0,48.933,32.578,False,,0.0,64.321,0.0,0.0,0.0,0.0,0.0,-1.0,0.0,0.0,7.0,0.0,84.773,84.485,87.939,66.159,47.136,100.0,33.909,5.0,0.0,82.67,81.983,93.563,68.841,44.265,23.333,33.068,5.04,2.607,79.626,83.515,0.0,NORMAL
198,2026-06-03 01:30:00+00:00,1,2,0.258819,0.965926,0.974928,-0.222521,False,False,NIGHT,3.0,4.0,7.0,20.0,44.0,227.0,0.0,0.0,0.0,5.04,2.29,51.95,8.33,83.792,83.329,10.05,1.67,5.97,17.33,91.61,68.12,8.28,4.52,14.2,2.3,47.402,0.0,100.0,33.332,False,,0.0,67.534,0.0,0.0,0.0,0.0,0.0,-1.0,0.0,0.0,4.0,0.0,83.672,83.194,86.595,65.148,46.468,23.333,33.469,6.0,0.0,82.107,81.531,84.864,63.846,44.1,23.333,32.843,0.0,2.794,78.132,82.63,0.0,NORMAL
199,2026-06-03 01:45:00+00:00,1,2,0.258819,0.965926,0.974928,-0.222521,False,False,NIGHT,2.0,5.0,8.0,21.0,44.0,229.0,0.0,0.0,0.0,3.36,2.503,52.18,8.31,84.166,83.148,9.82,1.69,6.04,17.49,90.946,67.818,7.87,4.53,14.6,2.23,45.928,0.0,74.533,33.259,False,,0.0,65.039,0.0,0.0,0.0,0.0,0.0,1.0,0.0,0.0,4.0,0.0,84.726,83.644,96.191,70.639,46.468,100.0,33.89,7.0,0.0,81.544,81.141,94.673,69.27,45.067,48.933,32.618,3.36,3.175,78.811,82.595,0.0,NORMAL
200,2026-06-03 02:00:00+00:00,2,2,0.5,0.866025,0.974928,-0.222521,False,False,NIGHT,1.0,3.0,7.0,19.0,44.0,227.0,0.0,0.0,0.0,1.68,1.821,52.08,8.39,83.994,83.862,9.92,1.61,6.27,17.99,87.428,65.775,7.7,4.55,14.76,2.2,45.349,0.0,48.933,33.545,False,,0.0,62.121,0.0,0.0,0.0,0.0,0.0,1.0,0.0,0.0,2.0,0.0,84.3,82.851,86.238,64.88,45.565,48.933,33.72,8.0,0.0,81.451,80.961,93.859,68.787,45.42,48.933,32.58,7.032,1.194,81.496,84.516,0.8,NORMAL
201,2026-06-03 02:15:00+00:00,2,2,0.5,0.866025,0.974928,-0.222521,False,False,NIGHT,3.0,4.0,9.0,22.0,42.0,230.0,0.0,0.0,0.0,5.04,3.458,52.38,8.48,84.485,84.773,9.62,1.52,6.27,17.99,87.939,66.159,8.16,4.57,14.27,2.29,47.136,0.0,100.0,33.909,False,,0.0,67.275,0.0,0.0,0.0,0.0,0.0,3.0,0.0,0.0,2.0,0.0,82.67,81.983,93.563,68.841,44.265,23.333,33.068,7.0,0.0,81.155,79.951,100.0,74.303,44.077,23.333,32.462,6.547,3.474,82.728,85.556,0.8,NORMAL
202,2026-06-03 02:30:00+00:00,2,2,0.5,0.866025,0.974928,-0.222521,False,False,NIGHT,0.0,3.0,6.0,21.0,42.0,229.0,0.0,0.0,0.0,0.0,3.643,51.58,8.37,83.194,83.672,10.42,1.63,6.27,17.99,86.595,65.148,7.97,4.58,14.45,2.26,46.468,0.0,23.333,33.469,False,,0.0,59.528,0.0,0.0,0.0,0.0,0.0,-1.0,0.0,0.0,2.0,0.0,82.107,81.531,84.864,63.846,44.1,23.333,32.843,8.0,0.0,80.41,78.844,82.067,61.742,42.309,23.333,32.164,6.288,3.135,83.749,86.663,0.8,NORMAL
203,2026-06-03 02:45:00+00:00,2,2,0.5,0.866025,0.974928,-0.222521,False,False,NIGHT,3.0,3.0,7.0,22.0,43.0,232.0,0.0,0.0,0.0,5.04,3.502,51.86,8.47,83.644,84.726,10.14,1.53,5.68,16.69,96.191,70.639,7.95,4.59,14.45,2.26,46.468,0.0,100.0,33.89,False,,0.0,68.549,0.0,0.0,0.0,0.0,0.0,-1.0,0.0,0.0,2.0,0.0,81.544,81.141,94.673,69.27,45.067,48.933,32.618,10.0,0.0,80.384,79.038,88.661,65.514,44.347,48.933,32.154,6.017,5.048,85.0,86.852,0.64,NORMAL
204,2026-06-03 03:00:00+00:00,3,2,0.707107,0.707107,0.974928,-0.222521,False,False,NIGHT,1.0,4.0,7.0,20.0,42.0,232.0,0.0,0.0,0.0,1.68,3.817,51.37,8.43,82.851,84.3,10.63,1.57,6.27,17.99,86.238,64.88,7.7,4.6,14.7,2.21,45.565,0.0,48.933,33.72,False,,0.0,61.726,0.0,0.0,0.0,0.0,0.0,0.0,0.0,0.0,2.0,0.0,81.451,80.961,93.859,68.787,45.42,48.933,32.58,11.0,0.0,79.931,80.051,83.323,62.687,44.86,74.533,31.973,10.141,2.87,88.225,89.263,0.96,NORMAL
205,2026-06-03 03:15:00+00:00,3,2,0.707107,0.707107,0.974928,-0.222521,False,False,NIGHT,0.0,1.0,4.0,19.0,42.0,231.0,0.0,0.0,0.0,0.0,2.805,50.83,8.27,81.983,82.67,11.17,1.73,5.72,16.78,93.563,68.841,7.36,4.59,15.05,2.15,44.265,0.0,23.333,33.068,False,,0.0,60.143,0.0,0.0,0.0,0.0,0.0,-5.0,0.0,0.0,3.0,0.0,81.155,79.951,100.0,74.303,44.077,23.333,32.462,11.0,0.0,79.47,79.896,83.162,62.566,44.555,48.933,31.788,9.108,4.77,91.34,90.51,2.08,NORMAL
206,2026-06-03 03:30:00+00:00,3,2,0.707107,0.707107,0.974928,-0.222521,False,False,NIGHT,0.0,0.0,4.0,17.0,39.0,231.0,0.0,0.0,0.0,0.0,1.344,50.55,8.21,81.531,82.107,11.45,1.79,6.27,17.99,84.864,63.846,7.33,4.58,15.09,2.14,44.1,0.0,23.333,32.843,False,,0.0,58.272,0.0,0.0,0.0,0.0,0.0,-2.0,0.0,0.0,4.0,0.0,80.41,78.844,82.067,61.742,42.309,23.333,32.164,13.0,0.0,79.495,80.262,96.136,69.868,44.874,48.933,31.798,8.532,6.499,92.675,91.115,2.57,NORMAL
207,2026-06-03 03:45:00+00:00,3,2,0.707107,0.707107,0.974928,-0.222521,False,False,NIGHT,1.0,1.0,2.0,17.0,38.0,231.0,0.0,0.0,0.0,1.68,2.873,50.31,8.15,81.141,81.544,11.69,1.85,5.59,16.51,94.673,69.27,7.61,4.56,14.83,2.19,45.067,0.0,48.933,32.618,False,,0.0,62.293,0.0,0.0,0.0,0.0,0.0,-5.0,0.0,0.0,5.0,0.0,80.384,79.038,88.661,65.514,44.347,48.933,32.154,12.0,0.0,80.006,81.017,100.0,72.321,43.638,74.533,32.002,8.258,4.171,94.292,92.502,3.69,NORMAL
208,2026-06-03 04:00:00+00:00,4,2,0.866025,0.5,0.974928,-0.222521,False,False,NIGHT,1.0,2.0,2.0,16.0,36.0,230.0,0.0,0.0,0.0,1.68,2.163,50.2,8.15,80.961,81.451,11.8,1.85,5.63,16.58,93.859,68.787,7.72,4.54,14.74,2.21,45.42,0.0,48.933,32.58,False,,0.0,62.111,0.0,0.0,0.0,0.0,0.0,-5.0,0.0,0.0,6.0,0.0,79.931,80.051,83.323,62.687,44.86,74.533,31.973,12.0,0.0,78.249,80.627,51.568,48.286,42.277,23.333,31.3,7.67,5.622,95.125,93.193,4.17,NORMAL
209,2026-06-03 04:15:00+00:00,4,2,0.866025,0.5,0.974928,-0.222521,False,False,NIGHT,0.0,1.0,2.0,15.0,34.0,228.0,0.0,0.0,0.0,0.0,2.625,49.57,8.12,79.951,81.155,12.43,1.88,4.98,15.16,100.0,74.303,7.37,4.53,15.1,2.14,44.077,0.0,23.333,32.462,False,,0.0,60.803,0.0,0.0,0.0,0.0,0.0,-2.0,0.0,0.0,4.0,0.0,79.47,79.896,83.162,62.566,44.555,48.933,31.788,20.0,0.0,78.418,80.331,43.798,41.29,40.909,48.933,31.367,7.376,5.522,95.452,93.888,4.97,NORMAL
210,2026-06-03 04:30:00+00:00,4,2,0.866025,0.5,0.974928,-0.222521,False,False,NIGHT,0.0,0.0,2.0,12.0,32.0,225.0,0.0,0.0,0.0,0.0,3.042,48.88,8.04,78.844,80.41,13.12,1.96,6.27,17.99,82.067,61.742,6.92,4.51,15.58,2.06,42.309,0.0,23.333,32.164,False,,0.0,56.593,0.0,0.0,0.0,0.0,0.0,-2.0,0.0,0.0,4.0,0.0,79.495,80.262,96.136,69.868,44.874,48.933,31.798,22.0,0.0,78.994,80.85,44.081,41.557,41.578,74.533,31.597,7.095,6.651,96.424,93.91,6.41,NORMAL
211,2026-06-03 04:45:00+00:00,4,2,0.866025,0.5,0.974928,-0.222521,False,False,NIGHT,1.0,1.0,2.0,11.0,32.0,225.0,0.0,0.0,0.0,1.68,1.211,49.0,8.04,79.038,80.384,13.0,1.96,5.82,17.0,88.661,65.514,7.48,4.49,15.03,2.16,44.347,0.0,48.933,32.154,False,,0.0,60.361,0.0,0.0,0.0,0.0,0.0,0.0,0.0,0.0,5.0,0.0,80.006,81.017,100.0,72.321,43.638,74.533,32.002,23.0,0.0,79.47,81.89,44.649,42.092,41.936,74.533,31.788,7.059,5.296,96.996,94.529,7.53,NORMAL
212,2026-06-03 05:00:00+00:00,5,2,0.965926,0.258819,0.974928,-0.222521,False,False,NIGHT,2.0,3.0,3.0,12.0,31.0,227.0,0.0,0.0,0.0,3.36,1.029,49.63,7.99,80.051,79.931,12.37,2.01,6.27,17.99,83.323,62.687,7.64,4.47,14.89,2.18,44.86,0.0,74.533,31.973,False,,0.0,61.864,0.0,0.0,0.0,0.0,0.0,1.0,0.0,0.0,5.0,0.0,78.249,80.627,51.568,48.286,42.277,23.333,31.3,23.0,0.0,79.697,82.523,44.993,42.417,41.418,74.533,31.879,6.801,6.923,96.974,94.483,8.01,NORMAL
213,2026-06-03 05:15:00+00:00,5,2,0.965926,0.258819,0.974928,-0.222521,False,False,NIGHT,1.0,3.0,4.0,10.0,32.0,224.0,0.0,0.0,0.0,1.68,2.249,49.54,7.95,79.896,79.47,12.46,2.05,6.27,17.99,83.162,62.566,7.58,4.45,14.97,2.17,44.555,0.0,48.933,31.788,False,,0.0,59.372,0.0,0.0,0.0,0.0,0.0,2.0,0.0,0.0,7.0,0.0,78.418,80.331,43.798,41.29,40.909,48.933,31.367,26.0,0.0,79.626,83.515,45.534,42.927,42.183,100.0,31.851,6.82,6.821,96.66,94.533,8.81,NORMAL
214,2026-06-03 05:30:00+00:00,5,2,0.965926,0.258819,0.974928,-0.222521,False,False,NIGHT,1.0,2.0,5.0,11.0,32.0,221.0,0.0,0.0,0.0,1.68,0.761,49.76,7.95,80.262,79.495,12.24,2.05,5.45,16.19,96.136,69.868,7.68,4.43,14.88,2.18,44.874,0.0,48.933,31.798,False,,0.0,61.92,0.0,0.0,0.0,0.0,0.0,3.0,0.0,0.0,9.0,0.0,78.994,80.85,44.081,41.557,41.578,74.533,31.597,33.0,0.0,78.132,82.63,45.051,42.472,41.3,23.333,31.253,6.809,5.549,96.437,95.077,10.25,NORMAL
215,2026-06-03 05:45:00+00:00,5,2,0.965926,0.258819,0.974928,-0.222521,False,False,NIGHT,2.0,3.0,6.0,10.0,32.0,222.0,0.0,0.0,0.0,3.36,1.284,50.23,8.0,81.017,80.006,11.77,2.0,5.27,15.79,100.0,72.321,7.35,4.43,15.22,2.12,43.638,0.0,74.533,32.002,False,,0.0,65.139,0.0,0.0,0.0,0.0,0.0,4.0,0.0,0.0,7.0,0.0,79.47,81.89,44.649,42.092,41.936,74.533,31.788,39.0,0.0,78.811,82.595,45.109,42.523,41.314,74.533,31.525,6.603,5.554,96.667,95.463,11.69,NORMAL
216,2026-06-03 06:00:00+00:00,6,2,1.0,0.0,0.974928,-0.222521,False,False,MORNING,0.0,2.0,4.0,9.0,29.0,220.0,0.0,0.0,0.0,0.0,1.671,49.99,7.82,80.627,78.249,12.01,2.18,10.2,23.53,51.568,48.286,7.01,4.4,15.59,2.05,42.277,0.0,23.333,31.3,False,,0.0,51.275,0.0,0.0,0.0,0.0,0.0,1.0,0.0,0.0,7.0,0.0,79.697,82.523,44.993,42.417,41.418,74.533,31.879,47.0,3.81,81.496,84.516,53.008,49.75,40.97,100.0,55.483,6.446,6.14,97.227,95.496,12.65,NORMAL
217,2026-06-03 06:15:00+00:00,6,2,1.0,0.0,0.974928,-0.222521,False,False,MORNING,1.0,1.0,4.0,10.0,29.0,220.0,0.0,0.0,0.0,1.68,2.346,49.81,7.84,80.331,78.418,12.19,2.16,11.97,27.41,43.798,41.29,6.66,4.39,15.95,1.99,40.909,0.0,48.933,31.367,False,,0.0,51.653,0.0,0.0,0.0,0.0,0.0,0.0,0.0,0.0,13.0,0.0,79.626,83.515,45.534,42.927,42.183,100.0,31.851,45.0,2.92,82.728,85.556,47.801,45.064,42.038,100.0,50.593,6.417,7.34,97.052,95.152,12.98,NORMAL
218,2026-06-03 06:30:00+00:00,6,2,1.0,0.0,0.974928,-0.222521,False,False,MORNING,2.0,3.0,5.0,12.0,29.0,220.0,0.0,0.0,0.0,3.36,1.843,50.13,7.9,80.85,78.994,11.87,2.1,11.97,27.41,44.081,41.557,6.85,4.38,15.77,2.02,41.578,0.0,74.533,31.597,False,,0.0,54.312,0.0,0.0,0.0,0.0,0.0,0.0,0.0,0.0,13.0,0.0,78.132,82.63,45.051,42.472,41.3,23.333,31.253,50.0,2.17,83.749,86.663,48.111,45.356,43.188,100.0,46.544,6.556,6.683,96.267,95.228,13.78,NORMAL
219,2026-06-03 06:45:00+00:00,6,2,1.0,0.0,0.974928,-0.222521,False,False,MORNING,2.0,4.0,5.0,13.0,30.0,220.0,0.0,0.0,0.0,3.36,0.588,50.77,7.95,81.89,79.47,11.23,2.05,11.97,27.41,44.649,42.092,6.95,4.38,15.68,2.04,41.936,0.0,74.533,31.788,False,,0.0,54.801,0.0,0.0,0.0,0.0,0.0,-1.0,0.0,0.0,16.0,0.0,78.811,82.595,45.109,42.523,41.314,74.533,31.525,59.0,0.59,85.0,86.852,49.624,46.704,43.859,80.967,37.554,6.549,6.914,95.777,95.16,14.42,NORMAL
220,2026-06-03 07:00:00+00:00,7,2,0.965926,-0.258819,0.974928,-0.222521,False,False,MORNING,2.0,4.0,7.0,14.0,30.0,216.0,0.0,0.0,0.0,3.36,1.702,51.16,7.97,82.523,79.697,10.84,2.03,11.97,27.41,44.993,42.417,6.81,4.38,15.82,2.01,41.418,0.0,74.533,31.879,False,,0.0,55.019,0.0,0.0,0.0,0.0,0.0,3.0,0.0,0.0,16.0,3.81,81.496,84.516,53.008,49.75,40.97,100.0,55.483,67.0,0.81,88.225,89.263,54.988,54.183,44.609,100.0,40.142,6.59,7.462,95.792,94.805,14.74,NORMAL
221,2026-06-03 07:15:00+00:00,7,2,0.965926,-0.258819,0.974928,-0.222521,False,False,MORNING,3.0,5.0,9.0,17.0,32.0,218.0,0.0,0.0,0.0,5.04,2.607,51.78,7.96,83.515,79.626,10.22,2.04,11.97,27.41,45.534,42.927,7.01,4.38,15.61,2.05,42.183,0.0,100.0,31.851,False,,0.0,57.71,0.0,0.0,0.0,0.0,0.0,5.0,0.0,0.0,13.0,2.92,82.728,85.556,47.801,45.064,42.038,100.0,50.593,68.0,6.51,91.34,90.51,64.769,63.117,46.94,100.0,75.612,6.728,6.821,96.259,94.692,15.86,NORMAL
222,2026-06-03 07:30:00+00:00,7,2,0.965926,-0.258819,0.974928,-0.222521,False,False,MORNING,0.0,3.0,7.0,17.0,29.0,217.0,0.0,0.0,0.0,0.0,2.794,51.23,7.81,82.63,78.132,10.77,2.19,11.97,27.41,45.051,42.472,6.79,4.36,15.85,2.01,41.3,0.0,23.333,31.253,False,,0.0,50.125,0.0,0.0,0.0,0.0,0.0,2.0,0.0,0.0,20.0,2.17,83.749,86.663,48.111,45.356,43.188,100.0,46.544,66.0,8.49,92.675,91.115,59.037,58.0,47.12,100.0,88.0,6.758,6.716,96.247,94.711,16.18,NORMAL
223,2026-06-03 07:45:00+00:00,7,2,0.965926,-0.258819,0.974928,-0.222521,False,False,MORNING,2.0,2.0,7.0,18.0,29.0,217.0,0.0,0.0,0.0,3.36,3.175,51.21,7.88,82.595,78.811,10.79,2.12,11.95,27.37,45.109,42.523,6.8,4.36,15.85,2.01,41.314,0.0,74.533,31.525,False,,0.0,54.875,0.0,0.0,0.0,0.0,0.0,2.0,0.0,0.0,23.0,0.59,85.0,86.852,49.624,46.704,43.859,80.967,37.554,72.0,14.59,94.292,92.502,62.209,60.991,48.883,100.0,100.0,6.751,6.967,98.02,94.338,16.5,NORMAL
224,2026-06-03 08:00:00+00:00,8,2,0.866025,-0.5,0.974928,-0.222521,False,False,MORNING,8.0,10.0,13.0,24.0,36.0,221.0,3.81,0.0,0.0,7.032,1.194,52.4,8.15,84.516,81.496,9.6,1.85,10.75,24.72,53.008,49.75,6.54,4.52,15.94,1.99,40.97,0.8,100.0,55.483,False,,8.7,62.349,3.81,3.81,3.81,0.238,3.81,6.0,0.8,1.152,31.0,0.81,88.225,89.263,54.988,54.183,44.609,100.0,40.142,74.0,16.98,95.125,93.193,77.477,74.747,52.432,100.0,100.0,4.019,6.883,96.111,93.491,16.66,NORMAL
225,2026-06-03 08:15:00+00:00,8,2,0.866025,-0.5,0.974928,-0.222521,False,False,MORNING,3.0,11.0,13.0,26.0,36.0,224.0,2.92,0.34,0.1177,6.547,3.474,53.04,8.27,85.556,82.728,8.96,1.73,11.97,27.41,47.801,45.064,6.72,4.63,15.65,2.04,42.038,0.8,100.0,50.593,False,,7.1,61.164,-0.8900000000000001,2.92,2.92,0.421,3.81,4.0,0.8,0.93,32.0,6.51,91.34,90.51,64.769,63.117,46.94,100.0,75.612,77.0,21.5,95.452,93.888,89.147,85.192,54.704,100.0,100.0,4.245,6.604,94.684,92.77,16.66,NORMAL
226,2026-06-03 08:30:00+00:00,8,2,0.866025,-0.5,0.974928,-0.222521,False,False,MORNING,3.0,6.0,16.0,28.0,39.0,227.0,2.17,0.26,0.1208,6.288,3.135,53.73,8.37,86.663,83.749,8.27,1.63,11.97,27.41,48.111,45.356,6.96,4.7,15.34,2.1,43.188,0.8,100.0,46.544,False,,5.5,61.307,-0.75,-1.6400000000000001,2.17,0.556,3.81,9.0,0.8,0.742,30.0,8.49,92.675,91.115,59.037,58.0,47.12,100.0,88.0,74.0,30.15,96.424,93.91,73.002,71.014,57.773,100.0,100.0,4.434,6.465,93.367,92.164,16.5,NORMAL
227,2026-06-03 08:45:00+00:00,8,2,0.866025,-0.5,0.974928,-0.222521,False,False,MORNING,2.0,5.0,16.0,28.0,38.0,226.0,0.59,0.2,0.1957,6.017,5.048,53.85,8.5,86.852,85.0,8.15,1.5,11.48,26.33,49.624,46.704,7.12,4.72,15.16,2.13,43.859,0.64,80.967,37.554,False,,1.6,59.279,-1.58,-2.33,0.59,0.593,3.81,9.0,0.64,0.308,36.0,14.59,94.292,92.502,62.209,60.991,48.883,100.0,100.0,70.0,36.82,96.996,94.529,84.785,81.717,65.013,100.0,100.0,4.595,6.22,91.931,91.74,16.18,NORMAL
228,2026-06-03 09:00:00+00:00,9,2,0.707107,-0.707107,0.974928,-0.222521,False,False,MORNING,5.0,7.0,13.0,33.0,42.0,227.0,0.81,0.07,0.072,10.141,2.87,55.34,8.82,89.263,88.225,6.66,1.18,11.97,27.41,54.988,54.183,7.27,4.78,14.96,2.17,44.609,0.96,100.0,40.142,True,MASS_CASUALTY_INTAKE,1.6,63.917,0.22000000000000008,-1.3599999999999999,-3.0,0.644,3.81,0.0,0.16,0.442,36.0,16.98,95.125,93.193,77.477,74.747,52.432,100.0,100.0,67.0,39.61,96.974,94.483,74.931,72.918,68.259,100.0,100.0,4.716,5.415,91.219,91.573,15.86,NORMAL
229,2026-06-03 09:15:00+00:00,9,2,0.707107,-0.707107,0.974928,-0.222521,False,False,MORNING,10.0,15.0,20.0,42.0,52.0,235.0,6.51,0.1,0.0151,9.108,4.77,56.12,9.13,90.51,91.34,5.88,0.87,10.58,24.35,64.769,63.117,7.61,5.06,14.33,2.28,46.94,2.08,100.0,75.612,True,MASS_CASUALTY_INTAKE,14.4,70.918,5.699999999999999,5.92,3.59,1.051,6.51,7.0,1.28,2.148,36.0,21.5,95.452,93.888,89.147,85.192,54.704,100.0,100.0,66.0,44.39,96.66,94.533,75.11,73.153,71.156,100.0,100.0,4.767,6.525,89.132,91.201,15.86,MODERATE
230,2026-06-03 09:30:00+00:00,9,2,0.707107,-0.707107,0.974928,-0.222521,False,False,MORNING,6.0,16.0,23.0,46.0,58.0,240.0,8.49,0.79,0.0932,8.532,6.499,56.49,9.27,91.115,92.675,5.51,0.73,11.97,27.41,59.037,58.0,7.33,5.39,14.28,2.29,47.12,2.57,100.0,88.0,True,MASS_CASUALTY_INTAKE,20.0,71.299,1.9800000000000004,7.68,6.32,1.581,8.49,7.0,1.77,2.765,36.0,30.15,96.424,93.91,73.002,71.014,57.773,100.0,100.0,68.0,53.18,96.437,95.077,92.991,89.39,71.572,100.0,100.0,4.887,5.526,88.81,90.995,15.87,MODERATE
231,2026-06-03 09:45:00+00:00,9,2,0.707107,-0.707107,0.974928,-0.222521,False,False,MORNING,10.0,16.0,31.0,54.0,67.0,248.0,14.59,1.03,0.0707,8.258,4.171,57.35,9.43,92.502,94.292,4.65,0.57,11.97,27.41,62.209,60.991,7.3,5.9,13.8,2.38,48.883,3.69,100.0,100.0,True,MASS_CASUALTY_INTAKE,35.6,76.73,6.1,8.08,14.0,2.493,14.59,15.0,3.05,4.57,36.0,36.82,96.996,94.529,84.785,81.717,65.013,100.0,100.0,61.0,60.0,96.667,95.463,88.881,85.848,72.567,100.0,100.0,4.94,6.001,88.907,90.551,15.55,MODERATE
232,2026-06-03 10:00:00+00:00,10,2,0.5,-0.866025,0.974928,-0.222521,False,False,MORNING,6.0,16.0,32.0,58.0,72.0,249.0,16.98,1.77,0.1044,7.67,5.622,57.78,9.51,93.193,95.125,4.22,0.49,9.63,22.28,77.477,74.747,7.75,6.41,12.84,2.55,52.432,4.17,100.0,100.0,True,MASS_CASUALTY_INTAKE,44.6,82.38,2.3900000000000006,8.49,16.17,3.554,16.98,19.0,3.21,5.288,38.0,39.61,96.974,94.483,74.931,72.918,68.259,100.0,100.0,54.0,60.0,97.227,95.496,81.81,79.469,74.667,100.0,100.0,5.04,5.798,89.212,90.196,15.23,MODERATE
233,2026-06-03 10:15:00+00:00,10,2,0.5,-0.866025,0.974928,-0.222521,False,False,MORNING,8.0,14.0,30.0,63.0,80.0,251.0,21.5,2.06,0.0959,7.376,5.522,58.21,9.55,93.888,95.452,3.79,0.45,8.59,19.99,89.147,85.192,7.78,6.99,12.23,2.66,54.704,4.97,100.0,100.0,True,MASS_CASUALTY_INTAKE,58.7,88.35,4.52,6.91,14.99,4.898,21.5,10.0,2.89,6.618,41.0,44.39,96.66,94.533,75.11,73.153,71.156,100.0,100.0,49.0,60.0,97.052,95.152,91.316,88.027,74.875,100.0,100.0,5.116,5.677,88.528,90.08,15.39,HIGH
234,2026-06-03 10:30:00+00:00,10,2,0.5,-0.866025,0.974928,-0.222521,False,False,MORNING,12.0,20.0,36.0,75.0,92.0,258.0,30.15,2.61,0.0866,7.095,6.651,58.22,9.64,93.91,96.424,3.78,0.36,11.28,25.89,73.002,71.014,7.81,7.79,11.4,2.81,57.773,6.41,100.0,100.0,True,MASS_CASUALTY_INTAKE,85.6,87.426,8.649999999999999,13.169999999999998,21.659999999999997,6.782,30.15,13.0,3.84,9.14,38.0,53.18,96.437,95.077,92.991,89.39,71.572,100.0,100.0,47.0,60.0,96.267,95.228,81.664,79.332,77.318,100.0,100.0,5.154,4.497,88.402,90.365,15.07,HIGH
235,2026-06-03 10:45:00+00:00,10,2,0.5,-0.866025,0.974928,-0.222521,False,False,MORNING,10.0,22.0,36.0,83.0,101.0,264.0,36.82,3.66,0.0995,7.059,5.296,58.61,9.7,94.529,96.996,3.39,0.3,10.04,23.18,84.785,81.717,8.92,8.63,9.45,3.16,65.013,7.53,100.0,100.0,True,MASS_CASUALTY_INTAKE,105.1,91.027,6.670000000000002,15.32,22.23,9.084,36.82,5.0,3.84,11.088,34.0,60.0,96.667,95.463,88.881,85.848,72.567,100.0,100.0,41.0,60.0,95.777,95.16,98.639,94.567,78.232,100.0,100.0,5.091,5.117,88.044,90.412,14.91,HIGH
236,2026-06-03 11:00:00+00:00,11,2,0.258819,-0.965926,0.974928,-0.222521,False,False,MORNING,6.0,16.0,36.0,81.0,105.0,268.0,39.61,4.47,0.1129,6.801,6.923,58.58,9.7,94.483,96.974,3.42,0.3,11.67,26.75,74.931,72.918,9.12,9.31,8.57,3.32,68.259,8.01,100.0,100.0,True,MASS_CASUALTY_INTAKE,117.3,89.066,2.789999999999999,9.46,22.63,11.559,39.61,4.0,3.84,11.905,29.0,60.0,97.227,95.496,81.81,79.469,74.667,100.0,100.0,35.0,60.0,95.792,94.805,81.434,79.114,78.799,100.0,100.0,5.086,5.221,88.445,90.293,14.75,HIGH
237,2026-06-03 11:15:00+00:00,11,2,0.258819,-0.965926,0.974928,-0.222521,False,False,MORNING,8.0,14.0,36.0,86.0,112.0,272.0,44.39,4.81,0.1084,6.82,6.821,58.61,9.67,94.533,96.66,3.39,0.33,11.97,27.41,75.11,73.153,9.37,9.85,7.79,3.46,71.156,8.81,100.0,100.0,True,MASS_CASUALTY_INTAKE,131.1,89.325,4.780000000000001,7.57,22.89,14.334,44.39,6.0,3.84,13.3,25.0,60.0,97.052,95.152,91.316,88.027,74.875,100.0,100.0,31.0,60.0,96.259,94.692,81.372,79.056,78.469,100.0,100.0,5.106,5.714,88.002,90.12,15.07,HIGH
238,2026-06-03 11:30:00+00:00,11,2,0.258819,-0.965926,0.974928,-0.222521,False,False,MORNING,12.0,20.0,36.0,95.0,123.0,283.0,53.18,5.39,0.1014,6.809,5.549,58.95,9.64,95.077,96.437,3.05,0.36,10.03,23.14,92.991,89.39,9.05,10.28,7.68,3.48,71.572,10.25,100.0,100.0,True,MASS_CASUALTY_INTAKE,157.3,93.532,8.79,13.57,23.03,17.658,53.18,0.0,3.84,15.858,30.0,60.0,96.267,95.228,81.664,79.332,77.318,100.0,100.0,24.0,60.0,96.247,94.711,81.382,79.066,79.292,100.0,100.0,5.154,4.762,87.354,90.382,15.39,HIGH
239,2026-06-03 11:45:00+00:00,11,2,0.258819,-0.965926,0.974928,-0.222521,False,False,MORNING,12.0,24.0,38.0,105.0,133.0,290.0,60.0,6.46,0.1077,6.603,5.554,59.19,9.67,95.463,96.667,2.81,0.33,10.95,25.16,88.881,85.848,8.97,10.62,7.41,3.53,72.567,11.69,100.0,100.0,True,MASS_CASUALTY_INTAKE,183.0,92.834,6.82,15.61,23.18,21.408,60.0,2.0,4.16,17.922,27.0,60.0,95.777,95.16,98.639,94.567,78.232,100.0,100.0,22.0,60.0,98.02,94.338,89.469,86.35,79.983,100.0,100.0,5.104,4.887,87.472,90.451,15.55,HIGH
240,2026-06-03 12:00:00+00:00,12,2,0.0,-1.0,0.974928,-0.222521,False,False,MORNING,9.0,21.0,41.0,109.0,142.0,297.0,60.0,7.29,0.1215,6.446,6.14,59.21,9.72,95.496,97.227,2.79,0.28,11.97,27.41,81.81,79.469,9.26,10.9,6.84,3.63,74.667,12.65,100.0,100.0,True,MASS_CASUALTY_INTAKE,187.5,91.528,0.0,6.82,20.39,24.919,60.0,5.0,4.64,18.162,25.0,60.0,95.792,94.805,81.434,79.114,78.799,100.0,100.0,18.0,60.0,96.111,93.491,87.17,82.905,80.408,100.0,100.0,5.087,6.136,86.77,90.141,15.55,HIGH
241,2026-06-03 12:15:00+00:00,12,2,0.0,-1.0,0.974928,-0.222521,False,False,MORNING,5.0,14.0,38.0,104.0,146.0,298.0,60.0,7.29,0.1215,6.417,7.34,58.99,9.71,95.152,97.052,3.01,0.29,10.61,24.42,91.316,88.027,9.1,11.12,6.78,3.64,74.875,12.98,100.0,100.0,True,MASS_CASUALTY_INTAKE,188.3,93.604,0.0,0.0,15.61,28.487,60.0,2.0,4.17,18.245,24.0,60.0,96.259,94.692,81.372,79.056,78.469,100.0,100.0,15.0,60.0,94.684,92.77,95.167,90.238,79.454,100.0,100.0,5.17,5.495,87.363,89.914,15.39,HIGH
242,2026-06-03 12:30:00+00:00,12,2,0.0,-1.0,0.974928,-0.222521,False,False,MORNING,8.0,13.0,34.0,106.0,152.0,303.0,60.0,7.29,0.1215,6.556,6.683,59.04,9.63,95.228,96.267,2.96,0.37,11.97,27.41,81.664,79.332,9.58,11.29,6.12,3.76,77.318,13.78,100.0,100.0,True,MASS_CASUALTY_INTAKE,184.3,91.482,0.0,0.0,6.82,32.101,60.0,-2.0,3.53,18.445,17.0,60.0,96.247,94.711,81.382,79.066,79.292,100.0,100.0,16.0,59.36,93.367,92.164,92.575,87.838,79.646,100.0,100.0,5.212,4.405,87.746,90.177,15.08,HIGH
243,2026-06-03 12:45:00+00:00,12,2,0.0,-1.0,0.974928,-0.222521,False,False,MORNING,7.0,15.0,29.0,103.0,157.0,307.0,60.0,7.29,0.1215,6.549,6.914,59.0,9.58,95.16,95.777,3.0,0.42,9.77,22.58,98.639,94.567,9.69,11.44,5.88,3.8,78.232,14.42,100.0,100.0,True,MASS_CASUALTY_INTAKE,184.5,95.316,0.0,0.0,0.0,35.814,60.0,-9.0,2.73,18.605,14.0,60.0,98.02,94.338,89.469,86.35,79.983,100.0,100.0,15.0,57.63,91.931,91.74,84.96,80.803,79.866,100.0,100.0,5.145,6.13,88.193,89.708,14.92,CRITICAL
244,2026-06-03 13:00:00+00:00,13,2,-0.258819,-0.965926,0.974928,-0.222521,False,False,MORNING,5.0,12.0,25.0,102.0,160.0,310.0,60.0,7.29,0.1215,6.59,7.462,58.78,9.58,94.805,95.792,3.22,0.42,11.97,27.41,81.434,79.114,9.73,11.55,5.72,3.83,78.799,14.74,100.0,100.0,True,MASS_CASUALTY_INTAKE,183.4,91.373,0.0,0.0,0.0,39.514,60.0,-16.0,2.09,18.685,10.0,60.0,96.111,93.491,87.17,82.905,80.408,100.0,100.0,16.0,55.82,91.219,91.573,84.019,79.908,80.296,100.0,100.0,5.245,5.041,88.679,89.712,15.08,HIGH
245,2026-06-03 13:15:00+00:00,13,2,-0.258819,-0.965926,0.974928,-0.222521,False,False,MORNING,10.0,15.0,30.0,104.0,167.0,316.0,60.0,7.29,0.1215,6.728,6.821,58.71,9.63,94.692,96.259,3.29,0.37,11.97,27.41,81.372,79.056,9.55,11.64,5.81,3.81,78.469,15.86,100.0,100.0,True,MASS_CASUALTY_INTAKE,179.6,91.398,0.0,0.0,0.0,42.857,60.0,-8.0,2.88,18.965,7.0,60.0,94.684,92.77,95.167,90.238,79.454,100.0,100.0,17.0,55.98,89.132,91.201,88.521,84.045,80.369,100.0,100.0,5.236,6.044,87.98,89.499,15.56,HIGH
246,2026-06-03 13:30:00+00:00,13,2,-0.258819,-0.965926,0.974928,-0.222521,False,False,MORNING,5.0,15.0,27.0,97.0,172.0,317.0,60.0,7.29,0.1215,6.758,6.716,58.72,9.62,94.711,96.247,3.28,0.38,11.97,27.41,81.382,79.066,9.7,11.71,5.59,3.85,79.292,16.18,100.0,100.0,True,MASS_CASUALTY_INTAKE,178.8,91.476,0.0,0.0,0.0,46.076,60.0,-7.0,2.4,19.045,7.0,59.36,93.367,92.164,92.575,87.838,79.646,100.0,100.0,19.0,56.07,88.81,90.995,93.51,88.616,79.374,100.0,100.0,5.296,4.537,87.38,89.902,15.72,HIGH
247,2026-06-03 13:45:00+00:00,13,2,-0.258819,-0.965926,0.974928,-0.222521,False,False,MORNING,5.0,10.0,25.0,92.0,175.0,317.0,60.0,7.29,0.1215,6.751,6.967,58.49,9.8,94.338,98.02,3.51,0.2,10.78,24.8,89.469,86.35,9.83,11.77,5.4,3.89,79.983,16.5,100.0,100.0,True,MASS_CASUALTY_INTAKE,179.0,93.655,0.0,0.0,0.0,48.914,60.0,-4.0,2.08,19.125,8.0,57.63,91.931,91.74,84.96,80.803,79.866,100.0,100.0,21.0,54.13,88.907,90.551,82.591,78.549,79.916,100.0,100.0,5.214,5.909,87.18,89.654,15.56,HIGH
248,2026-06-03 14:00:00+00:00,14,2,-0.5,-0.866025,0.974928,-0.222521,False,False,EVENING,4.0,9.0,24.0,90.0,171.0,318.0,60.0,5.4,0.09,4.019,6.883,57.96,9.61,93.491,96.111,4.04,0.39,10.26,23.29,87.17,82.905,9.9,11.81,5.29,3.91,80.408,16.66,100.0,100.0,False,,238.3,92.436,0.0,0.0,0.0,51.603,60.0,-1.0,1.92,19.165,8.0,55.82,91.219,91.573,84.019,79.908,80.296,100.0,100.0,24.0,52.13,89.212,90.196,81.441,77.456,79.016,100.0,100.0,5.274,5.132,86.654,89.796,15.56,HIGH
249,2026-06-03 14:15:00+00:00,14,2,-0.5,-0.866025,0.974928,-0.222521,False,False,EVENING,3.0,7.0,17.0,85.0,171.0,317.0,60.0,5.4,0.09,4.245,6.604,57.52,9.47,92.77,94.684,4.48,0.53,9.35,21.29,95.167,90.238,9.6,11.85,5.55,3.86,79.454,16.66,100.0,100.0,False,,225.6,93.746,0.0,0.0,0.0,54.009,60.0,-13.0,0.8,19.165,8.0,55.98,89.132,91.201,88.521,84.045,80.369,100.0,100.0,26.0,53.09,88.528,90.08,84.009,79.832,77.067,100.0,100.0,5.25,5.257,85.76,89.938,15.08,HIGH
250,2026-06-03 14:30:00+00:00,14,2,-0.5,-0.866025,0.974928,-0.222521,False,False,EVENING,2.0,5.0,14.0,75.0,170.0,317.0,59.36,5.4,0.091,4.434,6.465,57.14,9.34,92.164,93.367,4.86,0.66,9.53,21.7,92.575,87.838,9.62,11.88,5.5,3.87,79.646,16.5,100.0,100.0,False,,213.7,92.767,-0.6400000000000006,-0.6400000000000006,-0.6400000000000006,55.835,60.0,-13.0,0.32,18.965,9.0,56.07,88.81,90.995,93.51,88.616,79.374,100.0,100.0,24.0,51.02,88.402,90.365,81.035,77.07,77.312,100.0,100.0,5.233,4.151,86.032,90.33,14.76,HIGH
251,2026-06-03 14:45:00+00:00,14,2,-0.5,-0.866025,0.974928,-0.222521,False,False,EVENING,1.0,3.0,10.0,64.0,169.0,312.0,57.63,5.34,0.0927,4.595,6.22,56.88,9.19,91.74,91.931,5.12,0.81,10.26,23.29,84.96,80.803,9.66,11.91,5.44,3.88,79.866,16.18,100.0,100.0,False,,200.1,90.648,-1.7299999999999969,-2.3699999999999974,-2.3699999999999974,57.136,60.0,-15.0,-0.32,18.452,7.0,54.13,88.907,90.551,82.591,78.549,79.916,100.0,100.0,24.0,49.99,88.044,90.412,84.5,80.245,79.208,100.0,100.0,5.139,5.469,86.636,90.1,14.92,HIGH
252,2026-06-03 15:00:00+00:00,15,2,-0.707107,-0.707107,0.974928,-0.222521,False,False,EVENING,1.0,2.0,7.0,56.0,165.0,311.0,55.82,5.19,0.0929,4.716,5.415,56.78,9.12,91.573,91.219,5.22,0.88,10.26,23.29,84.019,79.908,9.76,11.92,5.32,3.9,80.296,15.86,100.0,100.0,False,,188.9,90.288,-1.8100000000000023,-3.539999999999999,-4.18,58.149,60.0,-17.0,-0.8,17.92,8.0,52.13,89.212,90.196,81.441,77.456,79.016,100.0,100.0,24.0,48.96,88.445,90.293,85.749,81.373,78.591,100.0,100.0,8.827,4.961,90.265,91.073,15.88,HIGH
253,2026-06-03 15:15:00+00:00,15,2,-0.707107,-0.707107,0.974928,-0.222521,False,False,EVENING,3.0,4.0,7.0,54.0,158.0,313.0,55.98,5.02,0.0897,4.767,6.525,56.54,8.91,91.201,89.132,5.46,1.09,9.72,22.1,88.521,84.045,9.76,11.94,5.3,3.91,80.369,15.86,100.0,100.0,False,,187.4,90.832,0.1599999999999966,-1.6500000000000057,-4.020000000000003,58.873,60.0,-10.0,-0.8,17.96,9.0,53.09,88.528,90.08,84.009,79.832,77.067,100.0,100.0,26.0,50.92,88.002,90.12,80.834,76.879,77.231,100.0,100.0,8.343,5.398,92.331,91.927,16.2,HIGH
254,2026-06-03 15:30:00+00:00,15,2,-0.707107,-0.707107,0.974928,-0.222521,False,False,EVENING,3.0,6.0,8.0,49.0,155.0,314.0,56.07,5.04,0.0899,4.887,5.526,56.42,8.88,90.995,88.81,5.58,1.12,9.19,20.94,93.51,88.616,9.48,11.95,5.57,3.86,79.374,15.87,100.0,100.0,False,,183.1,91.78,0.09000000000000341,0.25,-3.289999999999999,59.054,60.0,-6.0,-0.63,17.985,10.0,51.02,88.402,90.365,81.035,77.07,77.312,100.0,100.0,27.0,52.85,87.354,90.382,86.562,82.181,76.988,100.0,100.0,7.95,6.971,94.369,91.993,16.69,HIGH
255,2026-06-03 15:45:00+00:00,15,2,-0.707107,-0.707107,0.974928,-0.222521,False,False,EVENING,1.0,4.0,8.0,43.0,146.0,313.0,54.13,5.05,0.0932,4.94,6.001,56.14,8.89,90.551,88.907,5.86,1.11,10.26,23.29,82.591,78.549,9.62,11.96,5.42,3.88,79.916,15.55,100.0,100.0,False,,174.9,89.232,-1.9399999999999977,-1.8499999999999943,-3.5,58.687,60.0,-2.0,-0.63,17.42,14.0,49.99,88.044,90.412,84.5,80.245,79.208,100.0,100.0,26.0,53.82,87.472,90.451,100.0,100.0,77.306,100.0,100.0,7.866,4.789,96.813,92.839,17.49,HIGH
256,2026-06-03 16:00:00+00:00,16,2,-0.866025,-0.5,0.974928,-0.222521,False,False,EVENING,1.0,2.0,8.0,39.0,141.0,311.0,52.13,4.87,0.0935,5.04,5.798,55.92,8.92,90.196,89.212,6.08,1.08,10.26,23.29,81.441,77.456,9.37,11.97,5.67,3.84,79.016,15.23,100.0,100.0,False,,165.1,88.865,-2.0,-3.9399999999999977,-3.6899999999999977,58.195,60.0,1.0,-0.63,16.84,16.0,48.96,88.445,90.293,85.749,81.373,78.591,100.0,100.0,24.0,53.79,86.77,90.141,95.156,90.06,76.214,100.0,100.0,7.466,5.288,97.495,93.608,18.29,HIGH
257,2026-06-03 16:15:00+00:00,16,2,-0.866025,-0.5,0.974928,-0.222521,False,False,EVENING,4.0,5.0,9.0,33.0,137.0,312.0,53.09,4.69,0.0884,5.116,5.677,55.85,8.85,90.08,88.528,6.15,1.15,9.99,22.7,84.009,79.832,8.83,11.98,6.19,3.75,77.067,15.39,100.0,100.0,False,,165.6,89.12,0.9600000000000009,-1.0399999999999991,-2.8899999999999935,57.763,60.0,2.0,-0.47,17.12,17.0,50.92,88.002,90.12,80.834,76.879,77.231,100.0,100.0,24.0,52.71,87.363,89.914,81.529,77.54,76.948,100.0,100.0,7.146,7.709,98.019,93.296,19.09,HIGH
258,2026-06-03 16:30:00+00:00,16,2,-0.866025,-0.5,0.974928,-0.222521,False,False,EVENING,1.0,5.0,7.0,29.0,126.0,310.0,51.02,4.78,0.0936,5.154,4.497,56.03,8.84,90.365,88.402,5.97,1.16,10.26,23.29,81.035,77.07,8.89,11.98,6.13,3.76,77.312,15.07,100.0,100.0,False,,158.0,88.491,-2.0700000000000003,-1.1099999999999994,-5.049999999999997,57.202,60.0,-1.0,-0.8,16.522,14.0,52.85,87.354,90.382,86.562,82.181,76.988,100.0,100.0,22.0,50.61,87.746,90.177,83.627,79.446,76.659,100.0,100.0,7.253,4.543,99.177,94.202,20.21,HIGH
259,2026-06-03 16:45:00+00:00,16,2,-0.866025,-0.5,0.974928,-0.222521,False,False,EVENING,2.0,3.0,8.0,26.0,118.0,309.0,49.99,4.59,0.0919,5.091,5.117,56.06,8.8,90.412,88.044,5.94,1.2,9.79,22.25,84.5,80.245,9.4,11.98,5.61,3.85,79.208,14.91,100.0,100.0,False,,156.7,89.398,-1.0300000000000011,-3.1000000000000014,-4.140000000000001,56.576,60.0,0.0,-0.64,16.225,10.0,53.82,87.472,90.451,100.0,100.0,77.306,100.0,100.0,22.0,49.55,88.193,89.708,100.0,96.314,78.193,100.0,100.0,6.866,6.212,98.577,94.563,20.53,HIGH
260,2026-06-03 17:00:00+00:00,17,2,-0.965926,-0.258819,0.974928,-0.222521,False,False,EVENING,2.0,4.0,9.0,24.0,114.0,307.0,48.96,4.5,0.0919,5.086,5.221,55.98,8.84,90.293,88.445,6.02,1.16,9.58,21.79,85.749,81.373,9.23,11.99,5.78,3.82,78.591,14.75,100.0,100.0,False,,153.6,89.681,-1.0300000000000011,-2.0600000000000023,-3.1700000000000017,55.886,60.0,1.0,-0.48,15.928,8.0,53.79,86.77,90.141,95.156,90.06,76.214,100.0,100.0,24.0,50.42,88.679,89.712,81.348,77.338,79.328,100.0,100.0,6.743,8.441,97.862,93.993,21.01,HIGH
261,2026-06-03 17:15:00+00:00,17,2,-0.965926,-0.258819,0.974928,-0.222521,False,False,EVENING,5.0,7.0,10.0,26.0,111.0,308.0,50.92,4.41,0.0865,5.106,5.714,55.87,8.8,90.12,88.002,6.13,1.2,10.26,23.29,80.834,76.879,8.86,11.99,6.15,3.75,77.231,15.07,100.0,100.0,False,,159.2,88.303,1.9600000000000009,0.9299999999999997,-2.1700000000000017,55.319,60.0,1.0,-0.32,16.498,9.0,52.71,87.363,89.914,81.529,77.54,76.948,100.0,100.0,29.0,53.31,87.98,89.499,81.541,77.551,82.261,100.0,100.0,6.985,6.496,98.007,94.167,22.29,HIGH
262,2026-06-03 17:30:00+00:00,17,2,-0.965926,-0.258819,0.974928,-0.222521,False,False,EVENING,5.0,10.0,14.0,29.0,104.0,310.0,52.85,4.58,0.0867,5.154,4.762,56.04,8.74,90.382,87.354,5.96,1.26,9.71,22.07,86.562,82.181,8.79,11.99,6.21,3.74,76.988,15.39,100.0,100.0,False,,163.7,89.533,1.9299999999999997,3.8900000000000006,1.8299999999999983,54.872,60.0,7.0,0.32,17.06,13.0,50.61,87.746,90.177,83.627,79.446,76.659,100.0,100.0,28.0,54.16,87.38,89.902,82.189,78.167,80.387,100.0,100.0,6.913,5.728,97.751,94.686,23.89,HIGH
263,2026-06-03 17:45:00+00:00,17,2,-0.965926,-0.258819,0.974928,-0.222521,False,False,EVENING,4.0,9.0,16.0,32.0,96.0,310.0,53.82,4.76,0.0884,5.104,4.887,56.08,8.75,90.451,87.472,5.92,1.25,7.75,17.77,100.0,100.0,8.88,11.99,6.13,3.76,77.306,15.55,100.0,100.0,False,,168.3,93.351,0.9699999999999989,2.8999999999999986,3.8299999999999983,54.486,60.0,8.0,0.64,17.342,16.0,49.55,88.193,89.708,100.0,96.314,78.193,100.0,100.0,30.0,53.05,87.18,89.654,96.976,91.694,79.68,100.0,100.0,6.718,5.686,97.547,95.135,24.37,HIGH
264,2026-06-03 18:00:00+00:00,18,2,-1.0,-0.0,0.974928,-0.222521,False,False,EVENING,3.0,7.0,17.0,34.0,90.0,309.0,53.79,4.84,0.09,5.087,6.136,55.89,8.68,90.141,86.77,6.11,1.32,8.86,20.21,95.156,90.06,8.58,11.99,6.42,3.7,76.214,15.55,100.0,100.0,False,,168.8,91.27,-0.030000000000001137,0.9399999999999977,4.829999999999998,54.098,60.0,8.0,0.8,17.335,16.0,50.42,88.679,89.712,81.348,77.338,79.328,100.0,100.0,36.0,52.91,86.654,89.796,91.044,86.278,78.891,100.0,100.0,6.549,8.015,98.198,94.439,24.53,HIGH
265,2026-06-03 18:15:00+00:00,18,2,-1.0,-0.0,0.974928,-0.222521,False,False,EVENING,2.0,5.0,14.0,33.0,87.0,308.0,52.71,4.84,0.0918,5.17,5.495,55.75,8.74,89.914,87.363,6.25,1.26,10.26,23.29,81.529,77.54,8.78,12.0,6.22,3.74,76.948,15.39,100.0,100.0,False,,162.7,88.267,-1.0799999999999983,-1.1099999999999994,1.7899999999999991,53.642,59.36,4.0,0.32,17.025,15.0,53.31,87.98,89.499,81.541,77.551,82.261,100.0,100.0,41.0,49.79,85.76,89.938,80.195,76.27,80.179,100.0,100.0,6.802,7.021,98.094,94.367,25.17,HIGH
266,2026-06-03 18:30:00+00:00,18,2,-1.0,-0.0,0.974928,-0.222521,False,False,EVENING,1.0,3.0,10.0,31.0,80.0,306.0,50.61,4.74,0.0937,5.212,4.405,55.91,8.77,90.177,87.746,6.09,1.23,9.9,22.51,83.627,79.446,8.7,12.0,6.3,3.73,76.659,15.08,100.0,100.0,False,,155.0,88.856,-2.1000000000000014,-3.1799999999999997,-2.240000000000002,53.095,57.63,-4.0,-0.31,16.422,9.0,54.16,87.38,89.902,82.189,78.167,80.387,100.0,100.0,49.0,47.67,86.032,90.33,87.234,82.716,79.757,100.0,100.0,6.833,6.205,98.326,94.583,25.66,HIGH
267,2026-06-03 18:45:00+00:00,18,2,-1.0,-0.0,0.974928,-0.222521,False,False,EVENING,2.0,3.0,8.0,32.0,75.0,305.0,49.55,4.55,0.0919,5.145,6.13,55.62,8.82,89.708,88.193,6.38,1.18,8.03,18.39,100.0,96.314,9.11,12.0,5.89,3.8,78.193,14.92,100.0,100.0,False,,153.7,92.969,-1.0600000000000023,-3.1600000000000037,-4.270000000000003,52.59,56.07,-8.0,-0.63,16.118,6.0,53.05,87.18,89.654,96.976,91.694,79.68,100.0,100.0,58.0,48.61,86.636,90.1,79.756,75.853,79.407,100.0,100.0,6.742,6.553,98.246,94.672,25.66,HIGH
268,2026-06-03 19:00:00+00:00,19,2,-0.965926,0.258819,0.974928,-0.222521,False,False,EVENING,4.0,6.0,9.0,35.0,74.0,308.0,50.42,4.46,0.0884,5.245,5.041,55.62,8.87,89.712,88.679,6.38,1.13,10.13,23.01,81.348,77.338,9.42,12.0,5.58,3.86,79.328,15.08,100.0,100.0,False,,153.4,88.654,0.8700000000000045,-0.18999999999999773,-3.3699999999999974,52.252,56.07,-8.0,-0.47,16.375,8.0,52.91,86.654,89.796,91.044,86.278,78.891,100.0,100.0,59.0,53.45,90.265,91.073,88.608,86.566,78.842,100.0,100.0,3.938,6.743,96.848,93.767,25.5,HIGH
269,2026-06-03 19:15:00+00:00,19,2,-0.965926,0.258819,0.974928,-0.222521,False,False,EVENING,6.0,10.0,13.0,37.0,70.0,312.0,53.31,4.54,0.0851,5.236,6.044,55.49,8.8,89.499,87.98,6.51,1.2,10.26,23.29,81.541,77.551,10.21,12.0,4.79,4.0,82.261,15.56,100.0,100.0,False,,162.5,88.78,2.8900000000000006,3.760000000000005,0.6000000000000014,52.086,56.07,-1.0,0.17,17.218,14.0,49.79,85.76,89.938,80.195,76.27,80.179,100.0,100.0,56.0,54.52,92.331,91.927,89.643,87.55,78.982,100.0,100.0,4.169,7.117,94.111,93.02,25.18,HIGH
270,2026-06-03 19:30:00+00:00,19,2,-0.965926,0.258819,0.974928,-0.222521,False,False,EVENING,4.0,10.0,16.0,40.0,69.0,314.0,54.16,4.8,0.0886,5.296,4.537,55.74,8.74,89.902,87.38,6.26,1.26,10.26,23.29,82.189,78.167,9.71,12.0,5.3,3.91,80.387,15.72,100.0,100.0,False,,163.2,88.732,0.8499999999999943,3.739999999999995,3.549999999999997,51.966,54.16,6.0,0.64,17.47,19.0,47.67,86.032,90.33,87.234,82.716,79.757,100.0,100.0,62.0,56.77,94.369,91.993,90.723,88.578,80.161,100.0,100.0,4.387,6.739,92.463,92.337,25.5,HIGH
271,2026-06-03 19:45:00+00:00,19,2,-0.965926,0.258819,0.974928,-0.222521,False,False,EVENING,2.0,6.0,16.0,40.0,66.0,314.0,53.05,4.87,0.0919,5.214,5.909,55.59,8.72,89.654,87.18,6.41,1.28,8.62,19.69,96.976,91.694,9.51,12.0,5.49,3.87,79.68,15.56,100.0,100.0,False,,162.4,91.971,-1.1099999999999994,-0.2600000000000051,3.5,51.899,54.16,8.0,0.64,17.152,24.0,48.61,86.636,90.1,79.756,75.853,79.407,100.0,100.0,69.0,60.0,96.813,92.839,95.093,92.663,79.856,100.0,100.0,4.571,5.626,91.113,92.129,25.18,HIGH
272,2026-06-03 20:00:00+00:00,20,2,-0.866025,0.5,0.974928,-0.222521,False,False,EVENING,3.0,5.0,15.0,41.0,65.0,316.0,52.91,4.77,0.0902,5.274,5.132,55.67,8.67,89.796,86.654,6.33,1.33,9.19,20.94,91.044,86.278,9.3,12.0,5.7,3.83,78.891,15.56,100.0,100.0,False,,160.1,90.465,-0.14000000000000057,-1.25,2.489999999999995,51.948,54.16,6.0,0.48,17.118,28.0,53.45,90.265,91.073,88.608,86.566,78.842,100.0,100.0,67.0,60.0,97.495,93.608,100.0,100.0,80.232,100.0,100.0,4.641,5.3,89.998,92.043,24.86,HIGH
273,2026-06-03 20:15:00+00:00,20,2,-0.866025,0.5,0.974928,-0.222521,False,False,EVENING,0.0,3.0,9.0,36.0,62.0,311.0,49.79,4.76,0.0956,5.25,5.257,55.76,8.58,89.938,85.76,6.24,1.42,10.26,23.29,80.195,76.27,9.65,12.0,5.35,3.9,80.179,15.08,100.0,100.0,False,,151.3,87.93,-3.1199999999999974,-3.259999999999998,-3.520000000000003,51.741,54.16,-4.0,-0.48,16.218,27.0,54.52,92.331,91.927,89.643,87.55,78.982,100.0,100.0,63.0,60.0,98.019,93.296,100.0,100.0,80.936,100.0,100.0,4.679,6.549,90.341,91.234,24.7,HIGH
274,2026-06-03 20:30:00+00:00,20,2,-0.866025,0.5,0.974928,-0.222521,False,False,EVENING,1.0,1.0,6.0,32.0,61.0,312.0,47.67,4.48,0.094,5.233,4.151,56.0,8.6,90.33,86.032,6.0,1.4,9.35,21.28,87.234,82.716,9.54,12.0,5.47,3.88,79.757,14.76,100.0,100.0,False,,145.4,89.651,-2.1199999999999974,-5.239999999999995,-6.489999999999995,51.532,54.16,-10.0,-0.96,15.608,30.0,56.77,94.369,91.993,90.723,88.578,80.161,100.0,100.0,62.0,60.0,99.177,94.202,100.0,100.0,80.136,100.0,100.0,4.859,5.309,89.636,91.166,24.22,HIGH
275,2026-06-03 20:45:00+00:00,20,2,-0.866025,0.5,0.974928,-0.222521,False,False,EVENING,4.0,5.0,8.0,32.0,64.0,314.0,48.61,4.29,0.0883,5.139,5.469,55.86,8.66,90.1,86.636,6.14,1.34,10.26,23.29,79.756,75.853,9.44,12.0,5.56,3.86,79.407,14.92,100.0,100.0,False,,151.0,87.969,0.9399999999999977,-1.1799999999999997,-4.439999999999998,51.446,54.16,-8.0,-0.64,15.882,34.0,60.0,96.813,92.839,95.093,92.663,79.856,100.0,100.0,58.0,60.0,98.577,94.563,100.0,100.0,79.003,100.0,100.0,4.886,4.212,89.471,91.464,23.74,HIGH
276,2026-06-03 21:00:00+00:00,21,2,-0.707107,0.707107,0.974928,-0.222521,False,False,EVENING,9.0,13.0,14.0,38.0,72.0,321.0,53.45,5.91,0.1105,8.827,4.961,56.47,9.03,91.073,90.265,5.53,0.97,10.26,23.29,88.608,86.566,9.29,12.0,5.71,3.83,78.842,15.88,100.0,100.0,True,MASS_CASUALTY_INTAKE,122.0,91.206,4.840000000000003,5.780000000000001,0.5400000000000063,51.726,54.16,-1.0,0.32,17.332,31.0,60.0,97.495,93.608,100.0,100.0,80.232,100.0,100.0,56.0,60.0,97.862,93.993,100.0,100.0,77.266,100.0,100.0,4.821,5.838,89.096,91.115,23.26,HIGH
277,2026-06-03 21:15:00+00:00,21,2,-0.707107,0.707107,0.974928,-0.222521,False,False,EVENING,5.0,14.0,19.0,41.0,74.0,326.0,54.52,6.49,0.1191,8.343,5.398,56.99,9.23,91.927,92.331,5.01,0.77,10.26,23.29,89.643,87.55,9.33,12.0,5.67,3.84,78.982,16.2,100.0,100.0,True,MASS_CASUALTY_INTAKE,131.6,92.062,1.0700000000000003,5.910000000000004,4.730000000000004,51.951,54.52,10.0,1.12,17.68,29.0,60.0,98.019,93.296,100.0,100.0,80.936,100.0,100.0,52.0,60.0,98.007,94.167,100.0,100.0,78.104,100.0,100.0,4.907,5.804,88.091,90.915,23.1,HIGH
278,2026-06-03 21:30:00+00:00,21,2,-0.707107,0.707107,0.974928,-0.222521,False,False,EVENING,6.0,11.0,24.0,46.0,77.0,329.0,56.77,6.62,0.1167,7.95,6.971,57.04,9.44,91.993,94.369,4.96,0.56,10.26,23.29,90.723,88.578,9.64,12.0,5.36,3.9,80.161,16.69,100.0,100.0,True,MASS_CASUALTY_INTAKE,143.8,92.843,2.25,3.3200000000000003,9.100000000000001,52.196,56.77,18.0,1.93,18.365,32.0,60.0,99.177,94.202,100.0,100.0,80.136,100.0,100.0,42.0,60.0,97.751,94.686,100.0,100.0,80.783,100.0,100.0,4.97,5.735,87.663,90.676,22.79,HIGH
279,2026-06-03 21:45:00+00:00,21,2,-0.707107,0.707107,0.974928,-0.222521,False,False,EVENING,8.0,14.0,28.0,52.0,84.0,335.0,60.0,6.9,0.1149,7.866,4.789,57.56,9.68,92.839,96.813,4.44,0.32,9.99,22.7,95.093,92.663,9.56,12.0,5.44,3.88,79.856,17.49,100.0,100.0,True,MASS_CASUALTY_INTAKE,153.6,94.505,3.229999999999997,5.479999999999997,11.39,52.582,60.0,20.0,2.57,19.372,35.0,60.0,98.577,94.563,100.0,100.0,79.003,100.0,100.0,34.0,60.0,97.547,95.135,100.0,100.0,81.023,100.0,100.0,5.032,7.14,87.992,89.773,22.31,HIGH
280,2026-06-03 22:00:00+00:00,22,2,-0.5,0.866025,0.974928,-0.222521,False,False,NIGHT,8.0,16.0,27.0,56.0,91.0,340.0,60.0,7.29,0.1215,7.466,5.288,58.04,9.75,93.608,97.495,3.96,0.25,5.1,15.41,100.0,100.0,9.66,12.0,5.34,3.9,80.232,18.29,100.0,100.0,True,MASS_CASUALTY_INTAKE,161.9,96.314,0.0,3.229999999999997,6.549999999999997,52.971,60.0,13.0,2.41,19.572,36.0,60.0,97.862,93.993,100.0,100.0,77.266,100.0,100.0,29.0,60.0,98.198,94.439,100.0,100.0,81.498,100.0,100.0,5.233,4.171,87.53,90.276,21.83,CRITICAL
281,2026-06-03 22:15:00+00:00,22,2,-0.5,0.866025,0.974928,-0.222521,False,False,NIGHT,8.0,16.0,30.0,58.0,95.0,346.0,60.0,7.29,0.1215,7.146,7.709,57.84,9.8,93.296,98.019,4.16,0.2,6.11,17.65,100.0,100.0,9.85,12.0,5.15,3.93,80.936,19.09,100.0,100.0,True,MASS_CASUALTY_INTAKE,169.1,96.413,0.0,0.0,5.479999999999997,53.426,60.0,11.0,2.89,19.772,34.0,60.0,98.007,94.167,100.0,100.0,78.104,100.0,100.0,26.0,60.0,98.094,94.367,100.0,100.0,79.791,100.0,100.0,5.126,4.638,87.171,90.53,21.83,CRITICAL
282,2026-06-03 22:30:00+00:00,22,2,-0.5,0.866025,0.974928,-0.222521,False,False,NIGHT,10.0,18.0,34.0,64.0,104.0,354.0,60.0,7.29,0.1215,7.253,4.543,58.41,9.92,94.202,99.177,3.59,0.08,4.93,15.04,100.0,100.0,9.64,12.0,5.36,3.89,80.136,20.21,100.0,100.0,True,MASS_CASUALTY_INTAKE,166.6,96.772,0.0,0.0,3.229999999999997,54.013,60.0,10.0,3.52,20.053,30.0,60.0,97.751,94.686,100.0,100.0,80.783,100.0,100.0,21.0,60.0,98.326,94.583,100.0,100.0,80.014,100.0,100.0,5.074,3.84,87.753,90.934,21.51,CRITICAL
283,2026-06-03 22:45:00+00:00,22,2,-0.5,0.866025,0.974928,-0.222521,False,False,NIGHT,5.0,15.0,31.0,67.0,107.0,358.0,60.0,7.29,0.1215,6.866,6.212,58.63,9.86,94.563,98.577,3.37,0.14,6.27,17.99,100.0,100.0,9.33,12.0,5.67,3.84,79.003,20.53,100.0,100.0,True,MASS_CASUALTY_INTAKE,176.0,96.63,0.0,0.0,0.0,54.666,60.0,3.0,3.04,20.132,23.0,60.0,97.547,95.135,100.0,100.0,81.023,100.0,100.0,15.0,59.82,98.246,94.672,100.0,100.0,79.471,100.0,100.0,4.971,6.475,87.6,90.352,21.51,CRITICAL
284,2026-06-03 23:00:00+00:00,23,2,-0.258819,0.965926,0.974928,-0.222521,False,False,NIGHT,6.0,11.0,29.0,70.0,111.0,361.0,60.0,7.29,0.1215,6.743,8.441,58.28,9.79,93.993,97.862,3.72,0.21,6.27,17.99,100.0,100.0,8.86,12.0,6.14,3.76,77.266,21.01,100.0,100.0,True,MASS_CASUALTY_INTAKE,179.2,96.205,0.0,0.0,0.0,55.265,60.0,2.0,2.72,20.252,20.0,60.0,98.198,94.439,100.0,100.0,81.498,100.0,100.0,12.0,59.48,96.848,93.767,100.0,100.0,80.759,100.0,100.0,5.107,4.066,87.158,90.843,21.03,CRITICAL
285,2026-06-03 23:15:00+00:00,23,2,-0.258819,0.965926,0.974928,-0.222521,False,False,NIGHT,11.0,17.0,32.0,81.0,117.0,372.0,60.0,7.29,0.1215,6.985,6.496,58.38,9.8,94.167,98.007,3.62,0.2,6.27,17.99,100.0,100.0,9.09,12.0,5.91,3.8,78.104,22.29,100.0,100.0,True,MASS_CASUALTY_INTAKE,173.0,96.347,0.0,0.0,0.0,55.683,60.0,2.0,3.2,20.572,18.0,60.0,98.094,94.367,100.0,100.0,79.791,100.0,100.0,10.0,57.99,94.111,93.02,100.0,100.0,82.558,100.0,100.0,5.002,4.908,87.662,90.8,20.87,CRITICAL
286,2026-06-03 23:30:00+00:00,23,2,-0.258819,0.965926,0.974928,-0.222521,False,False,NIGHT,13.0,24.0,35.0,93.0,125.0,384.0,60.0,7.29,0.1215,6.913,5.728,58.71,9.78,94.686,97.751,3.29,0.22,6.27,17.99,100.0,100.0,9.81,12.0,5.19,3.93,80.783,23.89,100.0,100.0,True,MASS_CASUALTY_INTAKE,174.8,96.652,0.0,0.0,0.0,56.048,60.0,1.0,3.68,20.972,12.0,60.0,98.326,94.583,100.0,100.0,80.014,100.0,100.0,11.0,60.0,92.463,92.337,100.0,100.0,84.067,100.0,100.0,5.004,6.382,87.215,90.316,21.03,CRITICAL
287,2026-06-03 23:45:00+00:00,23,2,-0.258819,0.965926,0.974928,-0.222521,False,False,NIGHT,6.0,19.0,36.0,95.0,127.0,388.0,60.0,7.29,0.1215,6.718,5.686,58.98,9.75,95.135,97.547,3.02,0.25,6.27,17.99,100.0,100.0,9.88,12.0,5.12,3.94,81.023,24.37,100.0,100.0,True,MASS_CASUALTY_INTAKE,179.9,96.731,0.0,0.0,0.0,56.482,60.0,5.0,3.84,21.092,11.0,59.82,98.246,94.672,100.0,100.0,79.471,100.0,100.0,7.0,58.28,91.113,92.129,100.0,100.0,85.071,100.0,100.0,5.122,4.663,86.702,90.584,20.55,CRITICAL
288,2026-06-04 00:00:00+00:00,0,3,0.0,1.0,0.433884,-0.900969,False,False,NIGHT,4.0,10.0,34.0,90.0,128.0,389.0,60.0,7.29,0.1215,6.549,8.015,58.55,9.82,94.439,98.198,3.45,0.18,6.27,17.99,100.0,100.0,10.0,12.0,5.0,3.96,81.498,24.53,100.0,100.0,True,MASS_CASUALTY_INTAKE,184.5,96.751,0.0,0.0,0.0,56.926,60.0,5.0,3.52,21.132,9.0,59.48,96.848,93.767,100.0,100.0,80.759,100.0,100.0,6.0,56.52,89.998,92.043,100.0,100.0,83.119,100.0,100.0,5.069,4.482,86.504,90.853,20.39,CRITICAL
289,2026-06-04 00:15:00+00:00,0,3,0.0,1.0,0.433884,-0.900969,False,False,NIGHT,7.0,11.0,30.0,92.0,133.0,395.0,60.0,7.29,0.1215,6.802,7.021,58.51,9.81,94.367,98.094,3.49,0.19,5.94,17.28,100.0,100.0,9.54,12.0,5.46,3.88,79.791,25.17,100.0,100.0,True,MASS_CASUALTY_INTAKE,177.7,96.561,0.0,0.0,0.0,57.564,60.0,-2.0,2.88,21.292,8.0,57.99,94.111,93.02,100.0,100.0,82.558,100.0,100.0,5.0,55.73,90.341,91.234,100.0,100.0,81.889,100.0,100.0,5.011,5.7,86.622,90.556,20.39,CRITICAL
290,2026-06-04 00:30:00+00:00,0,3,0.0,1.0,0.433884,-0.900969,False,False,NIGHT,6.0,13.0,23.0,92.0,138.0,399.0,60.0,7.29,0.1215,6.833,6.205,58.64,9.83,94.583,98.326,3.36,0.17,6.27,17.99,100.0,100.0,9.6,12.0,5.4,3.89,80.014,25.66,100.0,100.0,True,MASS_CASUALTY_INTAKE,176.9,96.675,0.0,0.0,0.0,58.334,60.0,-12.0,1.77,21.415,9.0,60.0,92.463,92.337,100.0,100.0,84.067,100.0,100.0,6.0,52.84,89.636,91.166,100.0,100.0,81.4,100.0,100.0,5.077,4.923,86.918,90.57,20.08,CRITICAL
291,2026-06-04 00:45:00+00:00,0,3,0.0,1.0,0.433884,-0.900969,False,False,NIGHT,3.0,9.0,20.0,87.0,139.0,401.0,59.82,7.29,0.1219,6.742,6.553,58.7,9.82,94.672,98.246,3.3,0.18,6.27,17.99,100.0,100.0,9.46,12.0,5.54,3.86,79.471,25.66,100.0,100.0,True,MASS_CASUALTY_INTAKE,178.7,96.629,-0.17999999999999972,-0.17999999999999972,-0.17999999999999972,59.035,60.0,-16.0,1.29,21.37,4.0,58.28,91.113,92.129,100.0,100.0,85.071,100.0,100.0,7.0,49.93,89.471,91.464,100.0,100.0,80.425,100.0,100.0,5.069,4.469,87.158,90.773,19.6,CRITICAL
292,2026-06-04 01:00:00+00:00,1,3,0.258819,0.965926,0.433884,-0.900969,False,False,NIGHT,2.0,5.0,18.0,81.0,137.0,401.0,59.48,5.38,0.0905,3.938,6.743,58.14,9.68,93.767,96.848,3.86,0.32,6.27,17.99,100.0,100.0,9.8,12.0,5.2,3.92,80.759,25.5,100.0,100.0,False,,241.0,96.267,-0.3400000000000034,-0.5200000000000031,-0.5200000000000031,59.412,60.0,-16.0,0.97,21.245,3.0,56.52,89.998,92.043,100.0,100.0,83.119,100.0,100.0,10.0,47.06,89.096,91.115,100.0,100.0,81.149,100.0,100.0,5.018,6.24,87.728,90.188,19.28,CRITICAL
293,2026-06-04 01:15:00+00:00,1,3,0.258819,0.965926,0.433884,-0.900969,False,False,NIGHT,1.0,3.0,12.0,74.0,132.0,401.0,57.99,5.35,0.0923,4.169,7.117,57.67,9.41,93.02,94.111,4.33,0.59,6.27,17.99,100.0,100.0,10.29,12.0,4.71,4.01,82.558,25.18,100.0,100.0,False,,222.0,95.717,-1.4899999999999949,-1.8299999999999983,-2.009999999999998,59.629,60.0,-18.0,0.01,20.792,2.0,55.73,90.341,91.234,100.0,100.0,81.889,100.0,100.0,10.0,46.14,88.091,90.915,100.0,100.0,80.166,100.0,100.0,5.143,6.325,87.737,89.71,19.12,CRITICAL
294,2026-06-04 01:30:00+00:00,1,3,0.258819,0.965926,0.433884,-0.900969,False,False,NIGHT,5.0,6.0,11.0,69.0,133.0,403.0,60.0,5.22,0.087,4.387,6.739,57.25,9.25,92.337,92.463,4.75,0.75,5.42,16.13,100.0,100.0,10.7,12.0,4.3,4.09,84.067,25.5,100.0,100.0,False,,218.3,95.373,2.009999999999998,0.5200000000000031,0.0,59.831,60.0,-12.0,-0.16,21.375,2.0,52.84,89.636,91.166,100.0,100.0,81.4,100.0,100.0,10.0,44.18,87.663,90.676,100.0,100.0,78.207,100.0,100.0,5.252,4.246,87.872,90.094,18.8,CRITICAL
295,2026-06-04 01:45:00+00:00,1,3,0.258819,0.965926,0.433884,-0.900969,False,False,NIGHT,1.0,6.0,9.0,65.0,132.0,402.0,58.28,5.4,0.0927,4.571,5.626,57.12,9.11,92.129,91.113,4.88,0.89,6.27,17.99,100.0,100.0,10.97,12.0,4.03,4.13,85.071,25.18,100.0,100.0,False,,203.5,95.147,-1.7199999999999989,0.28999999999999915,-1.5399999999999991,59.723,60.0,-11.0,-0.48,20.865,3.0,49.93,89.471,91.464,100.0,100.0,80.425,100.0,100.0,13.0,41.19,87.992,89.773,100.0,100.0,77.743,100.0,100.0,5.162,5.634,86.856,90.067,18.48,CRITICAL
296,2026-06-04 02:00:00+00:00,2,3,0.5,0.866025,0.433884,-0.900969,False,False,NIGHT,1.0,2.0,8.0,60.0,130.0,402.0,56.52,5.25,0.0928,4.641,5.3,57.07,9.0,92.043,89.998,4.93,1.0,6.27,17.99,100.0,100.0,10.44,12.0,4.56,4.04,83.119,24.86,100.0,100.0,False,,194.4,94.73,-1.759999999999998,-3.479999999999997,-2.9599999999999937,59.506,60.0,-10.0,-0.64,20.345,3.0,47.06,89.096,91.115,100.0,100.0,81.149,100.0,100.0,13.0,38.07,87.53,90.276,100.0,100.0,76.801,100.0,100.0,5.185,4.273,87.107,90.395,18.8,HIGH
297,2026-06-04 02:15:00+00:00,2,3,0.5,0.866025,0.433884,-0.900969,False,False,NIGHT,2.0,3.0,9.0,51.0,132.0,401.0,55.73,5.09,0.0913,4.679,6.549,56.56,9.03,91.234,90.341,5.44,0.97,6.27,17.99,100.0,100.0,10.11,12.0,4.89,3.98,81.889,24.7,100.0,100.0,False,,190.1,94.51,-0.7900000000000063,-2.5500000000000043,-2.260000000000005,59.239,60.0,-3.0,-0.48,20.107,3.0,46.14,88.091,90.915,100.0,100.0,80.166,100.0,100.0,15.0,38.02,87.171,90.53,100.0,92.503,75.491,100.0,100.0,5.106,5.555,87.675,90.122,18.64,HIGH
298,2026-06-04 02:30:00+00:00,2,3,0.5,0.866025,0.433884,-0.900969,False,False,NIGHT,0.0,2.0,4.0,38.0,131.0,401.0,52.84,5.02,0.0949,4.859,5.309,56.52,8.96,91.166,89.636,5.48,1.04,5.8,16.96,100.0,100.0,9.98,12.0,5.02,3.96,81.4,24.22,100.0,100.0,False,,173.6,94.31,-2.8899999999999935,-3.6799999999999997,-7.159999999999997,58.791,60.0,-7.0,-1.28,19.265,4.0,44.18,87.663,90.676,100.0,100.0,78.207,100.0,100.0,15.0,36.0,87.753,90.934,100.0,94.229,74.228,100.0,100.0,5.159,4.322,88.266,90.364,18.32,HIGH
299,2026-06-04 02:45:00+00:00,2,3,0.5,0.866025,0.433884,-0.900969,False,False,NIGHT,0.0,0.0,3.0,32.0,127.0,398.0,49.93,4.76,0.0952,4.886,4.212,56.71,8.95,91.464,89.471,5.29,1.05,5.41,16.1,100.0,100.0,9.71,12.0,5.29,3.91,80.425,23.74,100.0,100.0,False,,163.1,94.255,-2.9100000000000037,-5.799999999999997,-8.350000000000001,58.162,60.0,-6.0,-1.44,18.418,4.0,41.19,87.992,89.773,100.0,100.0,77.743,100.0,100.0,15.0,36.04,87.6,90.352,100.0,91.239,76.206,100.0,100.0,5.093,4.622,87.757,90.636,18.16,HIGH
300,2026-06-04 03:00:00+00:00,3,3,0.707107,0.707107,0.433884,-0.900969,False,False,NIGHT,0.0,0.0,2.0,28.0,118.0,397.0,47.06,4.49,0.0955,4.821,5.838,56.49,8.91,91.115,89.096,5.51,1.09,4.66,14.46,100.0,100.0,9.91,12.0,5.09,3.94,81.149,23.26,100.0,100.0,False,,155.8,94.168,-2.8699999999999974,-5.780000000000001,-9.46,57.353,60.0,-6.0,-1.6,17.58,7.0,38.07,87.53,90.276,100.0,100.0,76.801,100.0,100.0,12.0,33.0,87.158,90.843,100.0,89.895,74.302,100.0,100.0,5.039,5.844,88.102,90.256,18.32,HIGH
301,2026-06-04 03:15:00+00:00,3,3,0.707107,0.707107,0.433884,-0.900969,False,False,NIGHT,2.0,2.0,2.0,23.0,115.0,399.0,46.14,4.24,0.0918,4.907,5.804,56.37,8.81,90.915,88.091,5.63,1.19,5.71,16.77,100.0,100.0,9.64,12.0,5.36,3.9,80.166,23.1,100.0,100.0,False,,150.1,93.834,-0.9200000000000017,-3.789999999999999,-9.589999999999996,56.487,60.0,-7.0,-1.6,17.31,7.0,38.02,87.171,90.53,100.0,92.503,75.491,100.0,100.0,13.0,32.02,87.662,90.8,100.0,100.0,74.189,100.0,100.0,5.121,3.479,88.127,90.914,18.64,HIGH
302,2026-06-04 03:30:00+00:00,3,3,0.707107,0.707107,0.433884,-0.900969,False,False,NIGHT,1.0,3.0,3.0,18.0,110.0,400.0,44.18,4.15,0.094,4.97,5.735,56.22,8.77,90.676,87.663,5.78,1.23,5.48,16.27,100.0,100.0,9.12,12.0,5.88,3.8,78.207,22.79,100.0,100.0,False,,141.9,93.52,-1.9600000000000009,-2.8800000000000026,-8.660000000000004,55.498,60.0,-1.0,-1.43,16.742,6.0,36.0,87.753,90.934,100.0,94.229,74.228,100.0,100.0,13.0,33.05,87.215,90.316,100.0,89.508,76.106,100.0,100.0,4.97,5.375,87.832,90.798,19.13,HIGH
303,2026-06-04 03:45:00+00:00,3,3,0.707107,0.707107,0.433884,-0.900969,False,False,NIGHT,0.0,1.0,3.0,15.0,102.0,399.0,41.19,3.98,0.0965,5.032,7.14,55.66,8.8,89.773,87.992,6.34,1.2,3.6,12.13,100.0,100.0,8.99,12.0,6.01,3.78,77.743,22.31,100.0,100.0,False,,130.6,93.345,-2.990000000000002,-4.950000000000003,-8.740000000000002,54.322,60.0,0.0,-1.43,15.875,9.0,36.04,87.6,90.352,100.0,91.239,76.206,100.0,100.0,10.0,30.0,86.702,90.584,100.0,87.985,75.12,100.0,100.0,5.001,5.842,88.26,90.39,18.65,HIGH
304,2026-06-04 04:00:00+00:00,4,3,0.866025,0.5,0.433884,-0.900969,False,False,NIGHT,0.0,0.0,3.0,13.0,94.0,398.0,38.07,3.71,0.0974,5.233,4.171,55.97,8.75,90.276,87.53,6.03,1.25,5.26,15.76,100.0,100.0,8.8,11.93,6.26,3.73,76.801,21.83,100.0,100.0,False,,116.1,93.279,-3.1199999999999974,-6.109999999999999,-8.990000000000002,52.952,60.0,1.0,-1.43,14.975,6.0,33.0,87.158,90.843,100.0,89.895,74.302,100.0,100.0,11.0,28.98,86.504,90.853,61.003,57.51,73.654,100.0,100.0,5.087,2.538,87.013,91.619,18.65,HIGH
305,2026-06-04 04:15:00+00:00,4,3,0.866025,0.5,0.433884,-0.900969,False,False,NIGHT,3.0,3.0,4.0,15.0,89.0,401.0,38.02,3.43,0.0901,5.126,4.638,56.13,8.72,90.53,87.171,5.87,1.28,6.27,17.99,100.0,92.503,8.51,11.87,6.62,3.67,75.491,21.83,100.0,100.0,False,,118.4,92.245,-0.04999999999999716,-3.1699999999999946,-8.119999999999997,51.578,60.0,2.0,-1.27,14.962,8.0,32.02,87.662,90.8,100.0,100.0,74.189,100.0,100.0,14.0,29.0,86.622,90.556,63.226,59.514,69.9,100.0,100.0,4.827,6.43,86.404,91.071,18.17,HIGH
306,2026-06-04 04:30:00+00:00,4,3,0.866025,0.5,0.433884,-0.900969,False,False,NIGHT,1.0,4.0,4.0,11.0,80.0,402.0,36.0,3.42,0.095,5.074,3.84,56.38,8.78,90.934,87.753,5.62,1.22,6.05,17.51,100.0,94.229,8.28,11.76,6.96,3.61,74.228,21.51,100.0,100.0,False,,113.2,92.544,-2.020000000000003,-2.0700000000000003,-8.18,50.078,60.0,1.0,-1.28,14.378,9.0,33.05,87.215,90.316,100.0,89.508,76.106,100.0,100.0,13.0,26.97,86.918,90.57,62.057,58.427,70.117,100.0,100.0,4.963,5.25,86.13,90.999,18.49,HIGH
307,2026-06-04 04:45:00+00:00,4,3,0.866025,0.5,0.433884,-0.900969,False,False,NIGHT,3.0,4.0,7.0,13.0,78.0,404.0,36.04,3.24,0.0899,4.971,6.475,56.02,8.76,90.352,87.6,5.98,1.24,6.27,17.99,100.0,91.239,8.91,11.67,6.42,3.7,76.206,21.51,100.0,100.0,False,,115.7,92.205,0.03999999999999915,-1.980000000000004,-5.149999999999999,48.592,60.0,4.0,-0.8,14.388,6.0,30.0,86.702,90.584,100.0,87.985,75.12,100.0,100.0,13.0,23.96,87.158,90.773,58.972,55.596,69.411,100.0,100.0,4.984,5.211,85.896,90.945,18.49,HIGH
308,2026-06-04 05:00:00+00:00,5,3,0.965926,0.258819,0.433884,-0.900969,False,False,NIGHT,0.0,3.0,7.0,12.0,72.0,402.0,33.0,3.24,0.0983,5.107,4.066,56.32,8.72,90.843,87.158,5.68,1.28,6.27,17.99,100.0,89.895,8.58,11.48,6.94,3.61,74.302,21.03,100.0,100.0,False,,103.1,91.892,-3.039999999999999,-3.0,-5.07,46.937,60.0,4.0,-0.8,13.508,6.0,28.98,86.504,90.853,61.003,57.51,73.654,100.0,100.0,15.0,21.97,87.728,90.188,57.867,54.554,67.534,100.0,100.0,5.0,6.125,86.21,90.441,18.49,HIGH
309,2026-06-04 05:15:00+00:00,5,3,0.965926,0.258819,0.433884,-0.900969,False,False,NIGHT,2.0,2.0,6.0,12.0,63.0,403.0,32.02,2.97,0.0927,5.002,4.908,56.3,8.77,90.8,87.662,5.7,1.23,5.34,15.94,100.0,100.0,8.73,11.3,6.97,3.61,74.189,20.87,100.0,100.0,False,,102.2,93.185,-0.9799999999999969,-4.019999999999996,-6.0,45.314,60.0,2.0,-0.96,13.222,5.0,29.0,86.622,90.556,63.226,59.514,69.9,100.0,100.0,18.0,20.91,87.737,89.71,57.187,53.912,65.594,100.0,100.0,5.11,4.996,87.013,90.357,18.49,HIGH
310,2026-06-04 05:30:00+00:00,5,3,0.965926,0.258819,0.433884,-0.900969,False,False,NIGHT,4.0,6.0,9.0,16.0,54.0,406.0,33.05,2.88,0.0872,5.004,6.382,56.0,8.72,90.316,87.215,6.0,1.28,6.27,17.99,100.0,89.508,9.36,11.19,6.45,3.7,76.106,21.03,100.0,100.0,False,,105.4,91.903,1.029999999999994,0.04999999999999716,-2.950000000000003,43.629,58.28,5.0,-0.48,13.52,4.0,26.97,86.918,90.57,62.057,58.427,70.117,100.0,100.0,21.0,18.78,87.872,90.094,59.485,55.965,65.045,100.0,100.0,5.116,4.704,87.339,90.471,18.33,HIGH
311,2026-06-04 05:45:00+00:00,5,3,0.965926,0.258819,0.433884,-0.900969,False,False,NIGHT,0.0,4.0,6.0,16.0,48.0,404.0,30.0,2.97,0.0991,5.122,4.663,56.16,8.67,90.584,86.702,5.84,1.33,6.27,17.99,100.0,87.985,9.3,10.99,6.72,3.65,75.12,20.55,100.0,100.0,False,,93.5,91.588,-3.049999999999997,-2.020000000000003,-6.039999999999999,41.862,56.52,-1.0,-0.96,12.638,4.0,23.96,87.158,90.773,58.972,55.596,69.411,100.0,100.0,26.0,16.71,86.856,90.067,58.521,55.061,64.047,100.0,100.0,5.084,4.747,88.368,90.441,18.33,HIGH
312,2026-06-04 06:00:00+00:00,6,3,1.0,0.0,0.433884,-0.900969,False,False,MORNING,2.0,2.0,8.0,18.0,46.0,406.0,28.98,2.7,0.0932,5.069,4.482,56.33,8.65,90.853,86.504,5.67,1.35,11.97,27.41,61.003,57.51,9.1,10.78,7.11,3.58,73.654,20.39,100.0,100.0,False,,91.2,83.139,-1.0199999999999996,-4.069999999999997,-4.02,40.141,55.73,1.0,-0.64,12.343,5.0,21.97,87.728,90.188,57.867,54.554,67.534,100.0,100.0,25.0,18.63,87.107,90.395,56.656,53.412,65.214,100.0,100.0,5.074,5.437,88.203,90.321,18.33,MODERATE
313,2026-06-04 06:15:00+00:00,6,3,1.0,0.0,0.433884,-0.900969,False,False,MORNING,3.0,5.0,9.0,19.0,42.0,408.0,29.0,2.61,0.0899,5.011,5.7,56.14,8.66,90.556,86.622,5.86,1.34,11.52,26.42,63.226,59.514,8.25,10.62,8.13,3.4,69.9,20.39,100.0,100.0,False,,92.4,83.267,0.019999999999999574,-1.0,-3.020000000000003,38.47,52.84,3.0,-0.48,12.348,9.0,20.91,87.737,89.71,57.187,53.912,65.594,100.0,100.0,23.0,17.59,87.675,90.122,56.096,52.884,63.624,100.0,100.0,5.104,3.777,88.461,90.815,18.17,MODERATE
314,2026-06-04 06:30:00+00:00,6,3,1.0,0.0,0.433884,-0.900969,False,False,MORNING,1.0,4.0,6.0,19.0,37.0,407.0,26.97,2.61,0.0967,5.077,4.923,56.15,8.69,90.57,86.918,5.85,1.31,11.58,26.56,62.057,58.427,8.51,10.43,8.07,3.41,70.117,20.08,100.0,100.0,False,,84.8,83.078,-2.030000000000001,-2.0100000000000016,-6.079999999999998,36.853,49.93,-3.0,-0.95,11.762,9.0,18.78,87.872,90.094,59.485,55.965,65.045,100.0,100.0,21.0,15.52,88.266,90.364,60.096,56.466,61.596,100.0,100.0,4.987,5.116,88.663,90.73,17.86,MODERATE
315,2026-06-04 06:45:00+00:00,6,3,1.0,0.0,0.433884,-0.900969,False,False,MORNING,0.0,1.0,6.0,19.0,34.0,405.0,23.96,2.43,0.1013,5.069,4.469,56.28,8.72,90.773,87.158,5.72,1.28,11.97,27.41,58.972,55.596,8.58,10.16,8.26,3.37,69.411,19.6,100.0,100.0,False,,75.4,81.731,-3.009999999999998,-5.039999999999999,-6.039999999999999,35.23,47.06,0.0,-0.95,10.89,9.0,16.71,86.856,90.067,58.521,55.061,64.047,100.0,100.0,25.0,14.48,87.757,90.636,55.148,51.991,61.189,100.0,100.0,5.003,5.414,87.983,90.673,18.02,MODERATE
316,2026-06-04 07:00:00+00:00,7,3,0.965926,-0.258819,0.433884,-0.900969,False,False,MORNING,1.0,1.0,5.0,20.0,33.0,404.0,21.97,2.16,0.0981,5.018,6.24,55.92,8.77,90.188,87.728,6.08,1.23,11.97,27.41,57.867,54.554,8.35,9.89,8.77,3.28,67.534,19.28,100.0,100.0,False,,69.9,80.016,-1.990000000000002,-5.0,-7.010000000000002,33.662,46.14,-3.0,-1.11,10.312,10.0,18.63,87.107,90.395,56.656,53.412,65.214,100.0,100.0,26.0,15.48,88.102,90.256,57.635,54.246,61.4,100.0,100.0,5.027,4.714,87.99,90.799,17.54,MODERATE
317,2026-06-04 07:15:00+00:00,7,3,0.965926,-0.258819,0.433884,-0.900969,False,False,MORNING,2.0,3.0,4.0,19.0,34.0,403.0,20.91,1.98,0.0946,5.143,6.325,55.62,8.77,89.71,87.737,6.38,1.23,11.97,27.41,57.187,53.912,8.08,9.63,9.29,3.19,65.594,19.12,100.0,100.0,False,,64.9,78.901,-1.0599999999999987,-3.0500000000000007,-8.09,32.085,44.18,-5.0,-1.27,10.008,9.0,17.59,87.675,90.122,56.096,52.884,63.624,100.0,100.0,25.0,17.44,88.127,90.914,56.468,53.235,61.157,100.0,100.0,4.998,6.194,87.57,90.384,17.54,MODERATE
318,2026-06-04 07:30:00+00:00,7,3,0.965926,-0.258819,0.433884,-0.900969,False,False,MORNING,1.0,3.0,4.0,19.0,30.0,404.0,18.78,1.88,0.1002,5.252,4.246,55.86,8.79,90.094,87.872,6.14,1.21,11.38,26.12,59.485,55.965,8.22,9.34,9.44,3.16,65.045,18.8,100.0,100.0,False,,57.1,78.122,-2.129999999999999,-3.1899999999999977,-8.189999999999998,30.498,41.19,-2.0,-1.28,9.395,12.0,15.52,88.266,90.364,60.096,56.466,61.596,100.0,100.0,23.0,20.48,87.832,90.798,57.609,54.31,61.806,100.0,100.0,5.1,4.828,87.351,90.529,17.86,MODERATE
319,2026-06-04 07:45:00+00:00,7,3,0.965926,-0.258819,0.433884,-0.900969,False,False,MORNING,1.0,2.0,5.0,17.0,30.0,403.0,16.71,1.69,0.1012,5.162,5.634,55.84,8.69,90.067,86.856,6.16,1.31,11.4,26.15,58.521,55.061,8.26,9.03,9.71,3.11,64.047,18.48,100.0,100.0,False,,51.7,76.274,-2.0700000000000003,-4.199999999999999,-7.25,28.968,38.07,-1.0,-1.12,8.798,17.0,14.48,87.757,90.636,55.148,51.991,61.189,100.0,100.0,19.0,17.5,88.26,90.39,61.553,57.812,60.737,100.0,100.0,5.071,5.581,87.188,90.35,17.7,MODERATE
320,2026-06-04 08:00:00+00:00,8,3,0.866025,-0.5,0.433884,-0.900969,False,False,MORNING,5.0,6.0,9.0,22.0,34.0,400.0,18.63,1.5,0.0808,5.185,4.273,56.04,8.71,90.395,87.107,5.96,1.29,11.97,27.41,56.656,53.412,8.75,8.85,9.39,3.17,65.214,18.8,100.0,100.0,False,,57.3,77.309,1.9199999999999982,-0.15000000000000213,-3.34,27.752,38.02,4.0,-0.48,9.358,15.0,15.48,88.102,90.256,57.635,54.246,61.4,100.0,100.0,22.0,17.47,87.013,91.619,64.139,60.164,59.954,100.0,100.0,5.115,6.607,87.033,89.773,18.02,MODERATE
321,2026-06-04 08:15:00+00:00,8,3,0.866025,-0.5,0.433884,-0.900969,False,False,MORNING,2.0,7.0,9.0,22.0,34.0,399.0,17.59,1.68,0.0953,5.106,5.555,55.88,8.77,90.122,87.675,6.12,1.23,11.97,27.41,56.096,52.884,8.5,8.68,9.82,3.09,63.624,18.64,100.0,100.0,False,,55.0,76.423,-1.0399999999999991,0.879999999999999,-3.3200000000000003,26.476,36.04,5.0,-0.48,9.058,14.0,17.44,88.127,90.914,56.468,53.235,61.157,100.0,100.0,22.0,14.6,86.404,91.071,69.013,64.439,58.933,100.0,100.0,5.249,4.686,87.187,89.976,18.18,MODERATE
322,2026-06-04 08:30:00+00:00,8,3,0.866025,-0.5,0.433884,-0.900969,False,False,MORNING,1.0,3.0,9.0,19.0,35.0,397.0,15.52,1.58,0.102,5.159,4.322,56.03,8.83,90.364,88.266,5.97,1.17,11.04,25.36,60.096,56.466,8.16,8.47,10.37,2.99,61.596,18.32,100.0,100.0,False,,48.0,75.997,-2.0700000000000003,-3.1099999999999994,-3.2600000000000016,25.196,36.04,5.0,-0.48,8.46,9.0,20.48,87.832,90.798,57.609,54.31,61.806,100.0,100.0,24.0,16.65,86.13,90.999,67.096,62.775,56.787,100.0,100.0,5.2,6.492,87.935,89.334,18.18,MODERATE
323,2026-06-04 08:45:00+00:00,8,3,0.866025,-0.5,0.433884,-0.900969,False,False,MORNING,2.0,3.0,10.0,21.0,37.0,397.0,14.48,1.4,0.0964,5.093,4.622,56.19,8.78,90.636,87.757,5.81,1.22,11.97,27.41,55.148,51.991,8.25,8.27,10.48,2.97,61.189,18.16,100.0,100.0,False,,45.4,74.122,-1.0399999999999991,-3.1099999999999994,-2.2300000000000004,23.848,33.05,5.0,-0.32,8.16,8.0,17.5,88.26,90.39,61.553,57.812,60.737,100.0,100.0,20.0,16.68,85.896,90.945,64.243,60.224,56.855,100.0,100.0,5.335,5.839,88.077,89.108,18.18,MODERATE
324,2026-06-04 09:00:00+00:00,9,3,0.707107,-0.707107,0.433884,-0.900969,False,False,MORNING,4.0,6.0,9.0,23.0,41.0,396.0,15.48,1.3,0.0842,5.039,5.844,55.96,8.81,90.256,88.102,6.04,1.19,11.49,26.36,57.635,54.246,8.44,8.14,10.42,2.98,61.4,18.32,100.0,100.0,False,,49.0,75.336,1.0,-0.03999999999999915,-3.1499999999999986,22.753,33.05,0.0,-0.48,8.45,11.0,17.47,87.013,91.619,64.139,60.164,59.954,100.0,100.0,21.0,16.7,86.21,90.441,63.23,59.304,56.709,100.0,100.0,5.384,3.803,88.56,89.668,18.18,MODERATE
325,2026-06-04 09:15:00+00:00,9,3,0.707107,-0.707107,0.433884,-0.900969,False,False,MORNING,5.0,9.0,12.0,25.0,44.0,391.0,17.44,1.39,0.0799,5.121,3.479,56.37,8.81,90.914,88.127,5.63,1.19,11.97,27.41,56.468,53.235,8.4,8.11,10.49,2.97,61.157,18.64,100.0,100.0,False,,54.3,76.457,1.9600000000000009,2.960000000000001,-0.14999999999999858,21.842,33.05,3.0,0.0,9.02,11.0,14.6,86.404,91.071,69.013,64.439,58.933,100.0,100.0,18.0,16.66,87.013,90.357,55.858,52.66,57.273,100.0,100.0,5.248,4.925,89.174,89.699,18.18,MODERATE
326,2026-06-04 09:30:00+00:00,9,3,0.707107,-0.707107,0.433884,-0.900969,False,False,MORNING,6.0,11.0,17.0,30.0,49.0,391.0,20.48,1.57,0.0766,4.97,5.375,56.29,8.78,90.798,87.832,5.71,1.22,11.97,27.41,57.609,54.31,8.5,8.19,10.31,3.0,61.806,19.13,100.0,100.0,False,,65.8,78.642,3.039999999999999,5.0,4.960000000000001,21.056,30.0,8.0,0.81,9.902,14.0,16.65,86.13,90.999,67.096,62.775,56.787,100.0,100.0,18.0,15.62,87.339,90.471,57.569,54.193,57.155,100.0,100.0,5.23,5.035,88.938,89.816,17.87,MODERATE
327,2026-06-04 09:45:00+00:00,9,3,0.707107,-0.707107,0.433884,-0.900969,False,False,MORNING,0.0,6.0,15.0,30.0,49.0,381.0,17.5,1.84,0.1053,5.001,5.842,56.04,8.83,90.39,88.26,5.96,1.17,10.93,25.13,61.553,57.812,8.25,8.15,10.6,2.95,60.737,18.65,100.0,100.0,False,,55.9,77.528,-2.9800000000000004,0.05999999999999872,3.0199999999999996,20.275,29.0,5.0,0.49,9.038,11.0,16.68,85.896,90.945,64.243,60.224,56.855,100.0,100.0,21.0,15.59,88.368,90.441,55.48,52.303,57.449,100.0,100.0,5.208,3.063,88.553,90.742,17.87,MODERATE
328,2026-06-04 10:00:00+00:00,10,3,0.5,-0.866025,0.433884,-0.900969,False,False,MORNING,3.0,3.0,14.0,32.0,52.0,378.0,17.47,1.58,0.0901,5.087,2.538,56.8,8.7,91.619,87.013,5.2,1.3,10.61,24.43,64.139,60.164,8.08,8.11,10.81,2.91,59.954,18.65,100.0,100.0,False,,54.8,78.052,-0.030000000000001137,-3.0100000000000016,1.9899999999999984,19.556,29.0,5.0,0.33,9.03,11.0,16.7,86.21,90.441,63.23,59.304,56.709,100.0,100.0,20.0,15.57,88.203,90.321,55.407,52.234,58.365,100.0,100.0,5.002,4.131,88.981,91.025,18.03,MODERATE
329,2026-06-04 10:15:00+00:00,10,3,0.5,-0.866025,0.433884,-0.900969,False,False,MORNING,0.0,3.0,9.0,30.0,49.0,370.0,14.6,1.57,0.1077,4.827,6.43,56.46,8.64,91.071,86.404,5.54,1.36,9.61,22.23,69.013,64.439,7.95,7.96,11.09,2.86,58.933,18.17,100.0,100.0,False,,48.3,76.979,-2.869999999999999,-2.9000000000000004,-2.8400000000000016,18.656,26.97,-3.0,-0.47,8.192,11.0,16.66,87.013,90.357,55.858,52.66,57.273,100.0,100.0,22.0,14.53,88.461,90.815,55.265,52.1,59.443,100.0,100.0,4.93,6.175,88.343,90.626,18.67,MODERATE
330,2026-06-04 10:30:00+00:00,10,3,0.5,-0.866025,0.433884,-0.900969,False,False,MORNING,5.0,5.0,8.0,34.0,53.0,363.0,16.65,1.31,0.0789,4.963,5.25,56.42,8.61,90.999,86.13,5.58,1.39,10.03,23.14,67.096,62.775,7.42,7.92,11.67,2.76,56.787,18.49,100.0,100.0,False,,53.5,77.597,2.049999999999999,-0.8200000000000003,-3.830000000000002,18.011,23.96,-9.0,-0.64,8.785,10.0,15.62,87.339,90.471,57.569,54.193,57.155,100.0,100.0,24.0,12.56,88.663,90.73,56.3,53.005,59.906,100.0,100.0,5.032,5.984,88.699,90.184,18.67,MODERATE
331,2026-06-04 10:45:00+00:00,10,3,0.5,-0.866025,0.433884,-0.900969,False,False,MORNING,3.0,8.0,11.0,36.0,53.0,356.0,16.68,1.5,0.0898,4.984,5.211,56.39,8.59,90.945,85.896,5.61,1.41,10.47,24.11,64.243,60.224,7.47,7.88,11.65,2.76,56.855,18.49,100.0,100.0,False,,53.4,76.915,0.030000000000001137,2.08,-0.8200000000000003,17.556,21.97,-4.0,-0.16,8.792,9.0,15.59,88.368,90.441,55.48,52.303,57.449,100.0,100.0,26.0,13.59,87.983,90.673,54.813,51.675,59.368,100.0,100.0,5.127,4.362,88.457,90.532,18.51,MODERATE
332,2026-06-04 11:00:00+00:00,11,3,0.258819,-0.965926,0.433884,-0.900969,False,False,MORNING,3.0,6.0,11.0,34.0,56.0,353.0,16.7,1.5,0.0899,5.0,6.125,56.07,8.62,90.441,86.21,5.93,1.38,10.59,24.37,63.23,59.304,7.46,7.85,11.69,2.76,56.709,18.49,100.0,100.0,False,,53.3,76.635,0.019999999999999574,0.05000000000000071,-0.7699999999999996,17.226,20.91,-3.0,-0.16,8.798,10.0,15.57,88.203,90.321,55.407,52.234,58.365,100.0,100.0,25.0,10.59,87.99,90.799,53.698,50.623,56.871,100.0,98.756,5.052,4.755,88.372,90.665,18.99,MODERATE
333,2026-06-04 11:15:00+00:00,11,3,0.258819,-0.965926,0.433884,-0.900969,False,False,MORNING,3.0,6.0,14.0,35.0,57.0,348.0,16.66,1.5,0.0902,5.11,4.996,56.02,8.7,90.357,87.013,5.98,1.3,11.97,27.41,55.858,52.66,7.62,7.84,11.54,2.78,57.273,18.49,100.0,100.0,False,,52.0,75.12,-0.03999999999999915,-0.019999999999999574,2.0600000000000005,16.961,20.48,5.0,0.32,8.788,7.0,14.53,88.461,90.815,55.265,52.1,59.443,100.0,100.0,28.0,10.62,87.57,90.384,53.966,50.858,58.974,100.0,98.737,5.022,4.456,88.415,90.886,18.99,MODERATE
334,2026-06-04 11:30:00+00:00,11,3,0.258819,-0.965926,0.433884,-0.900969,False,False,MORNING,2.0,5.0,11.0,36.0,55.0,338.0,15.62,1.5,0.096,5.116,4.704,56.09,8.73,90.471,87.339,5.91,1.27,11.54,26.47,57.569,54.193,7.64,7.79,11.57,2.78,57.155,18.33,100.0,100.0,False,,48.7,74.924,-1.040000000000001,-1.08,-1.0299999999999994,16.763,20.48,3.0,-0.16,8.487,8.0,12.56,88.663,90.73,56.3,53.005,59.906,100.0,100.0,28.0,12.58,87.351,90.529,56.234,52.941,59.932,100.0,100.0,4.971,5.037,88.038,90.921,19.15,MODERATE
335,2026-06-04 11:45:00+00:00,11,3,0.258819,-0.965926,0.433884,-0.900969,False,False,MORNING,3.0,5.0,11.0,37.0,58.0,329.0,15.59,1.41,0.0902,5.084,4.747,56.07,8.84,90.441,88.368,5.93,1.16,11.97,27.41,55.48,52.303,7.74,7.77,11.49,2.79,57.449,18.33,100.0,100.0,False,,48.9,74.653,-0.02999999999999936,-1.0700000000000003,-1.0899999999999999,16.693,20.48,0.0,-0.16,8.48,12.0,13.59,87.983,90.673,54.813,51.675,59.368,100.0,100.0,24.0,11.56,87.188,90.35,53.837,50.754,59.571,100.0,100.0,4.97,4.154,87.757,91.295,19.15,MODERATE
336,2026-06-04 12:00:00+00:00,12,3,0.0,-1.0,0.433884,-0.900969,False,False,MORNING,3.0,6.0,11.0,36.0,59.0,323.0,15.57,1.4,0.0901,5.074,5.437,56.0,8.82,90.321,88.203,6.0,1.18,11.97,27.41,55.407,52.234,8.01,7.75,11.24,2.84,58.365,18.33,100.0,100.0,False,,49.0,74.646,-0.019999999999999574,-0.049999999999998934,-1.129999999999999,16.502,20.48,0.0,-0.16,8.475,10.0,10.59,87.99,90.799,53.698,50.623,56.871,100.0,98.756,25.0,13.52,87.033,89.773,63.346,60.246,56.921,100.0,100.0,4.888,6.278,87.801,90.728,19.31,MODERATE
337,2026-06-04 12:15:00+00:00,12,3,0.0,-1.0,0.433884,-0.900969,False,False,MORNING,2.0,5.0,10.0,33.0,58.0,320.0,14.53,1.4,0.0964,5.104,3.777,56.31,8.85,90.815,88.461,5.69,1.15,11.97,27.41,55.265,52.1,8.36,7.69,10.95,2.89,59.443,18.17,100.0,100.0,False,,45.4,74.204,-1.040000000000001,-1.0600000000000005,-2.130000000000001,16.311,20.48,-4.0,-0.32,8.175,15.0,10.62,87.57,90.384,53.966,50.858,58.974,100.0,98.737,24.0,14.39,87.187,89.976,66.462,63.131,56.962,100.0,100.0,5.018,5.043,87.002,90.846,19.31,MODERATE
338,2026-06-04 12:30:00+00:00,12,3,0.0,-1.0,0.433884,-0.900969,False,False,MORNING,1.0,3.0,9.0,28.0,58.0,313.0,12.56,1.31,0.1041,4.987,5.116,56.25,8.87,90.73,88.663,5.75,1.13,11.57,26.54,56.3,53.005,8.59,7.58,10.83,2.91,59.906,17.86,100.0,100.0,False,,40.2,73.24,-1.9699999999999989,-3.01,-3.0599999999999987,16.126,20.48,-2.0,-0.47,7.605,16.0,12.58,87.351,90.529,56.234,52.941,59.932,100.0,100.0,27.0,14.3,87.935,89.334,63.427,60.323,57.495,100.0,100.0,5.004,5.961,87.202,90.428,19.64,MODERATE
339,2026-06-04 12:45:00+00:00,12,3,0.0,-1.0,0.433884,-0.900969,False,False,MORNING,4.0,5.0,10.0,32.0,62.0,310.0,13.59,1.13,0.0832,5.003,5.414,56.22,8.8,90.673,87.983,5.78,1.2,11.97,27.41,54.813,51.675,8.51,7.52,10.97,2.89,59.368,18.02,100.0,100.0,False,,43.3,73.364,1.0299999999999994,-0.9399999999999995,-2.0,16.07,20.48,-1.0,-0.31,7.902,14.0,11.56,87.188,90.35,53.837,50.754,59.571,100.0,100.0,27.0,14.12,88.077,89.108,63.202,60.109,56.797,100.0,100.0,5.096,4.271,87.643,90.69,19.64,MODERATE
340,2026-06-04 13:00:00+00:00,13,3,-0.258819,-0.965926,0.433884,-0.900969,False,False,MORNING,0.0,4.0,7.0,29.0,61.0,305.0,10.59,1.22,0.1154,5.027,4.714,56.3,8.8,90.799,87.99,5.7,1.2,11.97,27.41,53.698,50.623,7.99,7.37,11.64,2.76,56.871,17.54,100.0,98.756,False,,33.6,70.988,-3.0,-1.9700000000000006,-4.98,15.764,20.48,-4.0,-0.79,7.032,15.0,13.52,87.033,89.773,63.346,60.246,56.921,100.0,100.0,26.0,13.92,88.56,89.668,63.809,60.677,58.657,100.0,100.0,5.029,5.584,87.903,90.424,19.96,MODERATE
341,2026-06-04 13:15:00+00:00,13,3,-0.258819,-0.965926,0.433884,-0.900969,False,False,MORNING,3.0,3.0,8.0,32.0,62.0,298.0,10.62,0.95,0.0898,4.998,6.194,56.04,8.76,90.384,87.57,5.96,1.24,11.86,27.18,53.966,50.858,8.68,7.24,11.08,2.87,58.974,17.54,100.0,98.737,False,,33.9,71.082,0.02999999999999936,-2.9700000000000006,-3.91,15.338,20.48,-2.0,-0.63,7.04,13.0,14.39,87.187,89.976,66.462,63.131,56.962,100.0,100.0,29.0,13.8,89.174,89.699,63.426,60.322,58.72,100.0,100.0,5.086,2.466,87.961,91.471,19.48,MODERATE
342,2026-06-04 13:30:00+00:00,13,3,-0.258819,-0.965926,0.433884,-0.900969,False,False,MORNING,5.0,8.0,12.0,32.0,66.0,298.0,12.58,0.96,0.076,5.1,4.828,56.13,8.74,90.529,87.351,5.87,1.26,11.57,26.53,56.234,52.941,8.98,7.21,10.82,2.91,59.932,17.86,100.0,100.0,False,,39.4,72.933,1.9600000000000009,1.9900000000000002,0.019999999999999574,14.844,17.5,3.0,0.0,7.61,12.0,14.3,87.935,89.334,63.427,60.323,57.495,100.0,100.0,29.0,11.68,88.938,89.816,67.849,64.36,59.411,100.0,100.0,4.845,5.374,87.343,91.357,19.48,MODERATE
343,2026-06-04 13:45:00+00:00,13,3,-0.258819,-0.965926,0.433884,-0.900969,False,False,MORNING,2.0,7.0,10.0,31.0,67.0,295.0,11.56,1.13,0.0979,5.071,5.581,56.02,8.72,90.35,87.188,5.98,1.28,11.97,27.41,53.837,50.754,8.94,7.14,10.92,2.9,59.571,17.7,100.0,100.0,False,,36.4,71.625,-1.0199999999999996,0.9400000000000013,-2.0299999999999994,14.473,17.47,0.0,-0.32,7.315,10.0,14.12,88.077,89.108,63.202,60.109,56.797,100.0,100.0,32.0,11.58,88.553,90.742,63.068,59.982,58.415,100.0,100.0,4.881,5.072,87.288,91.289,19.32,MODERATE
344,2026-06-04 14:00:00+00:00,14,3,-0.5,-0.866025,0.433884,-0.900969,False,False,EVENING,5.0,7.0,15.0,33.0,67.0,296.0,13.52,1.04,0.077,5.115,6.607,55.66,8.7,89.773,87.033,6.34,1.3,10.26,23.29,63.346,60.246,8.21,7.16,11.63,2.77,56.921,18.02,100.0,100.0,False,,42.2,74.763,1.959999999999999,0.9399999999999995,2.9299999999999997,14.226,16.7,8.0,0.48,7.885,10.0,13.92,88.56,89.668,63.809,60.677,58.657,100.0,100.0,32.0,12.61,88.981,91.025,63.72,60.602,57.167,100.0,100.0,4.898,5.695,86.85,91.038,19.32,MODERATE
345,2026-06-04 14:15:00+00:00,14,3,-0.5,-0.866025,0.433884,-0.900969,False,False,EVENING,4.0,9.0,16.0,34.0,69.0,297.0,14.39,1.22,0.0845,5.249,4.686,55.78,8.72,89.976,87.187,6.22,1.28,9.86,22.41,66.462,63.131,8.18,7.2,11.62,2.77,56.962,18.18,100.0,100.0,False,,43.8,76.119,0.870000000000001,2.83,3.7700000000000014,14.213,16.7,8.0,0.64,8.142,11.0,13.8,89.174,89.699,63.426,60.322,58.72,100.0,100.0,32.0,16.67,88.343,90.626,65.343,62.145,55.623,100.0,100.0,4.962,5.004,87.031,90.992,19.48,MODERATE
346,2026-06-04 14:30:00+00:00,14,3,-0.5,-0.866025,0.433884,-0.900969,False,False,EVENING,3.0,7.0,14.0,35.0,71.0,298.0,14.3,1.3,0.0906,5.2,6.492,55.39,8.79,89.334,87.935,6.61,1.21,10.26,23.29,63.427,60.323,8.28,7.24,11.48,2.79,57.495,18.18,100.0,100.0,False,,43.9,75.417,-0.08999999999999986,0.7800000000000011,1.7200000000000006,14.066,16.7,2.0,0.32,8.12,15.0,11.68,88.938,89.816,67.849,64.36,59.411,100.0,100.0,28.0,16.68,88.699,90.184,65.064,61.88,56.217,100.0,100.0,4.97,5.335,86.686,90.901,19.48,MODERATE
347,2026-06-04 14:45:00+00:00,14,3,-0.5,-0.866025,0.433884,-0.900969,False,False,EVENING,3.0,6.0,15.0,35.0,72.0,300.0,14.12,1.29,0.0911,5.335,5.839,55.25,8.81,89.108,88.077,6.75,1.19,10.26,23.29,63.202,60.109,8.06,7.27,11.66,2.76,56.797,18.18,100.0,100.0,False,,42.3,75.165,-0.1800000000000015,-0.27000000000000135,2.5599999999999987,13.906,16.7,5.0,0.48,8.075,17.0,11.58,88.553,90.742,63.068,59.982,58.415,100.0,100.0,30.0,15.62,88.457,90.532,64.8,61.629,55.811,100.0,100.0,4.997,3.809,86.412,91.424,19.16,MODERATE
348,2026-06-04 15:00:00+00:00,15,3,-0.707107,-0.707107,0.433884,-0.900969,False,False,EVENING,3.0,6.0,13.0,35.0,71.0,302.0,13.92,1.27,0.0913,5.384,3.803,55.59,8.86,89.668,88.56,6.41,1.14,10.2,23.17,63.809,60.677,8.54,7.29,11.16,2.85,58.657,18.18,100.0,100.0,False,,41.3,75.565,-0.1999999999999993,-0.3800000000000008,0.40000000000000036,13.732,16.66,-2.0,0.16,8.025,16.0,12.61,88.981,91.025,63.72,60.602,57.167,100.0,100.0,31.0,18.62,88.372,90.665,75.313,71.327,58.131,100.0,100.0,4.882,5.36,85.694,91.347,19.0,MODERATE
349,2026-06-04 15:15:00+00:00,15,3,-0.707107,-0.707107,0.433884,-0.900969,False,False,EVENING,3.0,6.0,12.0,36.0,69.0,302.0,13.8,1.25,0.0908,5.248,4.925,55.61,8.92,89.699,89.174,6.39,1.08,10.26,23.29,63.426,60.322,8.54,7.31,11.15,2.85,58.72,18.18,100.0,100.0,False,,42.0,75.535,-0.11999999999999922,-0.3199999999999985,-0.5899999999999999,13.554,15.62,-4.0,0.0,7.995,18.0,16.67,88.343,90.626,65.343,62.145,55.623,100.0,100.0,30.0,18.63,88.415,90.886,66.974,63.68,58.469,100.0,100.0,4.911,4.791,85.306,91.458,19.48,MODERATE
350,2026-06-04 15:30:00+00:00,15,3,-0.707107,-0.707107,0.433884,-0.900969,False,False,EVENING,1.0,4.0,10.0,36.0,64.0,300.0,11.68,1.24,0.1063,5.23,5.035,55.69,8.89,89.816,88.938,6.31,1.11,9.45,21.52,67.849,64.36,8.79,7.25,10.96,2.89,59.411,17.87,100.0,100.0,False,,35.6,75.234,-2.120000000000001,-2.24,-2.620000000000001,13.308,15.59,-4.0,-0.31,7.388,14.0,16.68,88.699,90.184,65.064,61.88,56.217,100.0,100.0,27.0,19.67,88.038,90.921,66.914,63.64,59.117,100.0,100.0,4.892,7.234,85.133,90.542,19.65,MODERATE
351,2026-06-04 15:45:00+00:00,15,3,-0.707107,-0.707107,0.433884,-0.900969,False,False,EVENING,3.0,4.0,10.0,35.0,67.0,302.0,11.58,1.05,0.0908,5.208,3.063,56.26,8.86,90.742,88.553,5.74,1.14,10.26,23.29,63.068,59.982,8.58,7.19,11.23,2.84,58.415,17.87,100.0,100.0,False,,35.5,74.108,-0.09999999999999964,-2.2200000000000006,-2.539999999999999,13.057,15.57,-5.0,-0.31,7.363,15.0,15.62,88.457,90.532,64.8,61.629,55.811,100.0,100.0,26.0,19.71,87.757,91.295,79.618,75.291,61.025,100.0,100.0,5.105,4.167,85.306,90.892,20.13,MODERATE
352,2026-06-04 16:00:00+00:00,16,3,-0.866025,-0.5,0.433884,-0.900969,False,False,EVENING,4.0,7.0,11.0,39.0,68.0,305.0,12.61,1.04,0.0827,5.002,4.131,56.44,8.9,91.025,88.981,5.56,1.1,10.26,23.29,63.72,60.602,8.25,7.18,11.56,2.78,57.167,18.03,100.0,100.0,False,,40.2,74.956,1.0299999999999994,0.9299999999999997,-1.3100000000000005,12.872,14.53,-2.0,-0.15,7.66,16.0,18.62,88.372,90.665,75.313,71.327,58.131,100.0,100.0,25.0,20.8,87.801,90.728,68.893,65.474,60.834,100.0,100.0,5.022,5.781,86.36,90.416,20.29,MODERATE
353,2026-06-04 16:15:00+00:00,16,3,-0.866025,-0.5,0.433884,-0.900969,False,False,EVENING,7.0,11.0,15.0,43.0,75.0,308.0,16.67,1.13,0.0681,4.93,6.175,56.19,8.83,90.626,88.343,5.81,1.17,10.26,23.29,65.343,62.145,7.7,7.32,11.98,2.7,55.623,18.67,100.0,100.0,False,,54.0,77.58,4.060000000000002,5.090000000000002,2.870000000000001,13.006,16.67,3.0,0.49,8.835,14.0,18.63,88.415,90.886,66.974,63.68,58.469,100.0,100.0,24.0,20.81,87.002,90.846,68.463,65.081,62.41,100.0,100.0,5.113,5.773,86.273,90.164,20.13,MODERATE
354,2026-06-04 16:30:00+00:00,16,3,-0.866025,-0.5,0.433884,-0.900969,False,False,EVENING,3.0,10.0,17.0,41.0,73.0,310.0,16.68,1.5,0.09,5.032,5.984,55.91,8.87,90.184,88.699,6.09,1.13,10.26,23.29,65.064,61.88,7.75,7.43,11.82,2.73,56.217,18.67,100.0,100.0,False,,52.9,77.548,0.00999999999999801,4.07,5.0,13.263,16.68,7.0,0.8,8.838,14.0,19.67,88.038,90.921,66.914,63.64,59.117,100.0,100.0,25.0,22.83,87.202,90.428,68.063,64.733,59.437,100.0,100.0,5.173,5.765,86.066,89.958,19.97,MODERATE
355,2026-06-04 16:45:00+00:00,16,3,-0.866025,-0.5,0.433884,-0.900969,False,False,EVENING,2.0,5.0,16.0,41.0,72.0,310.0,15.62,1.5,0.0961,5.127,4.362,56.13,8.85,90.532,88.457,5.87,1.15,10.26,23.29,64.8,61.629,7.59,7.48,11.93,2.71,55.811,18.51,100.0,100.0,False,,48.6,76.8,-1.0600000000000005,-1.0500000000000025,4.039999999999999,13.39,16.68,6.0,0.64,8.532,15.0,19.71,87.757,91.295,79.618,75.291,61.025,100.0,100.0,23.0,22.8,87.643,90.69,68.214,64.876,61.491,100.0,100.0,5.223,6.112,85.993,89.612,20.29,MODERATE
356,2026-06-04 17:00:00+00:00,17,3,-0.965926,-0.258819,0.433884,-0.900969,False,False,EVENING,6.0,8.0,18.0,42.0,75.0,314.0,18.62,1.41,0.0755,5.052,4.755,56.21,8.84,90.665,88.372,5.79,1.16,9.03,20.58,75.313,71.327,8.07,7.63,11.3,2.83,58.131,18.99,100.0,100.0,False,,58.8,81.366,3.0000000000000018,1.9400000000000013,6.010000000000002,13.892,18.62,7.0,0.96,9.402,15.0,20.8,87.801,90.728,68.893,65.474,60.834,100.0,100.0,21.0,24.81,87.903,90.424,68.971,65.596,62.17,100.0,100.0,5.304,4.461,86.414,89.883,20.45,MODERATE
357,2026-06-04 17:15:00+00:00,17,3,-0.965926,-0.258819,0.433884,-0.900969,False,False,EVENING,3.0,9.0,14.0,41.0,75.0,312.0,18.63,1.68,0.0899,5.022,4.456,56.35,8.84,90.886,88.415,5.65,1.16,10.17,23.1,66.974,63.68,8.04,7.74,11.21,2.84,58.469,18.99,100.0,100.0,False,,59.2,79.542,0.00999999999999801,3.01,1.9599999999999973,14.392,18.63,-1.0,0.32,9.405,16.0,20.81,87.002,90.846,68.463,65.081,62.41,100.0,100.0,18.0,21.78,87.961,91.471,68.24,64.901,63.255,100.0,100.0,5.234,5.205,87.477,89.724,20.13,MODERATE
358,2026-06-04 17:30:00+00:00,17,3,-0.965926,-0.258819,0.433884,-0.900969,False,False,EVENING,4.0,7.0,15.0,42.0,77.0,311.0,19.67,1.68,0.0852,4.971,5.037,56.37,8.8,90.921,88.038,5.63,1.2,10.26,23.29,66.914,63.64,8.09,7.87,11.04,2.87,59.117,19.15,100.0,100.0,False,,63.1,80.186,1.0400000000000027,1.0500000000000007,2.990000000000002,14.836,19.67,-2.0,0.48,9.705,13.0,22.83,87.202,90.428,68.063,64.733,59.437,100.0,100.0,24.0,21.9,87.343,91.357,68.221,64.883,62.458,100.0,100.0,5.253,5.967,87.444,89.442,19.65,MODERATE
359,2026-06-04 17:45:00+00:00,17,3,-0.965926,-0.258819,0.433884,-0.900969,False,False,EVENING,3.0,7.0,16.0,42.0,77.0,310.0,19.71,1.77,0.0898,4.97,4.154,56.6,8.78,91.295,87.757,5.4,1.22,8.66,19.76,79.618,75.291,8.5,7.97,10.52,2.97,61.025,19.15,100.0,100.0,False,,63.3,83.332,0.03999999999999915,1.0800000000000018,4.090000000000002,15.345,19.71,0.0,0.64,9.715,11.0,22.8,87.643,90.69,68.214,64.876,61.491,100.0,100.0,25.0,20.99,87.288,91.289,70.154,66.648,63.175,100.0,100.0,5.318,5.094,87.274,89.56,19.49,MODERATE
360,2026-06-04 18:00:00+00:00,18,3,-1.0,-0.0,0.433884,-0.900969,False,False,EVENING,4.0,7.0,14.0,43.0,78.0,311.0,20.8,1.77,0.0853,4.888,6.278,56.25,8.78,90.728,87.801,5.75,1.22,10.02,22.77,68.893,65.474,8.33,8.09,10.57,2.96,60.834,19.31,100.0,100.0,False,,67.9,81.431,1.0899999999999999,1.129999999999999,2.1799999999999997,15.8,20.8,-4.0,0.32,10.028,10.0,24.81,87.903,90.424,68.971,65.596,62.17,100.0,100.0,29.0,21.08,86.85,91.038,76.885,72.815,62.193,100.0,100.0,5.294,3.349,87.39,90.325,19.17,MODERATE
361,2026-06-04 18:15:00+00:00,18,3,-1.0,-0.0,0.433884,-0.900969,False,False,EVENING,3.0,7.0,14.0,43.0,79.0,312.0,20.81,1.87,0.0899,5.018,5.043,56.32,8.7,90.846,87.002,5.68,1.3,10.1,22.94,68.463,65.081,8.67,8.18,10.15,3.03,62.41,19.31,100.0,100.0,False,,66.2,81.347,0.00999999999999801,1.0999999999999979,2.1799999999999997,16.201,20.81,0.0,0.32,10.03,8.0,21.78,87.961,91.471,68.24,64.901,63.255,100.0,100.0,30.0,22.12,87.031,90.992,78.398,74.215,62.585,100.0,100.0,5.117,4.352,86.692,90.746,18.69,MODERATE
362,2026-06-04 18:30:00+00:00,18,3,-1.0,-0.0,0.433884,-0.900969,False,False,EVENING,5.0,8.0,15.0,47.0,83.0,316.0,22.83,1.87,0.082,5.004,5.961,56.07,8.72,90.428,87.202,5.93,1.28,10.26,23.29,68.063,64.733,7.72,8.33,10.95,2.89,59.437,19.64,100.0,100.0,False,,72.8,82.231,2.0199999999999996,2.0299999999999976,3.1599999999999966,16.734,22.83,0.0,0.49,10.618,12.0,21.9,87.343,91.357,68.221,64.883,62.458,100.0,100.0,28.0,22.16,86.686,90.901,68.054,64.724,63.578,100.0,100.0,5.032,5.29,86.141,90.731,18.22,MODERATE
363,2026-06-04 18:45:00+00:00,18,3,-1.0,-0.0,0.433884,-0.900969,False,False,EVENING,3.0,8.0,15.0,47.0,82.0,317.0,22.8,2.06,0.0901,5.096,4.271,56.23,8.76,90.69,87.643,5.77,1.24,10.26,23.29,68.214,64.876,8.16,8.45,10.4,2.99,61.491,19.64,100.0,100.0,False,,71.4,82.577,-0.029999999999997584,1.990000000000002,3.09,17.277,22.83,-1.0,0.49,10.61,12.0,20.99,87.288,91.289,70.154,66.648,63.175,100.0,100.0,27.0,20.19,86.412,91.424,67.475,64.174,62.567,100.0,100.0,5.045,4.745,86.203,90.842,18.06,MODERATE
364,2026-06-04 19:00:00+00:00,19,3,-0.965926,0.258819,0.433884,-0.900969,False,False,EVENING,5.0,8.0,16.0,48.0,87.0,318.0,24.81,2.05,0.0827,5.029,5.584,56.06,8.79,90.424,87.903,5.94,1.21,10.26,23.29,68.971,65.596,8.17,8.62,10.21,3.02,62.17,19.96,100.0,100.0,False,,78.7,84.096,2.009999999999998,1.9800000000000004,4.009999999999998,17.958,24.81,2.0,0.65,11.192,11.0,21.08,86.85,91.038,76.885,72.815,62.193,100.0,100.0,31.0,19.28,85.694,91.347,67.008,63.729,62.362,100.0,100.0,5.018,4.206,85.362,91.306,17.74,MODERATE
365,2026-06-04 19:15:00+00:00,19,3,-0.965926,0.258819,0.433884,-0.900969,False,False,EVENING,0.0,5.0,13.0,41.0,84.0,312.0,21.78,2.23,0.1025,5.086,2.466,56.71,8.8,91.471,87.961,5.29,1.2,10.26,23.29,68.24,64.901,8.43,8.64,9.92,3.07,63.255,19.48,100.0,100.0,False,,68.4,82.325,-3.0299999999999976,-1.0199999999999996,0.9700000000000024,18.456,24.81,-1.0,0.17,10.315,10.0,22.12,87.031,90.992,78.398,74.215,62.585,100.0,100.0,33.0,22.36,85.306,91.458,75.303,71.399,62.341,100.0,100.0,4.926,4.703,86.303,91.244,17.26,MODERATE
366,2026-06-04 19:30:00+00:00,19,3,-0.965926,0.258819,0.433884,-0.900969,False,False,EVENING,3.0,3.0,11.0,41.0,82.0,311.0,21.9,1.96,0.0895,4.845,5.374,56.64,8.73,91.357,87.343,5.36,1.27,10.26,23.29,68.221,64.883,8.2,8.66,10.14,3.04,62.458,19.48,100.0,100.0,False,,72.1,82.177,0.11999999999999744,-2.91,-0.9299999999999997,19.095,24.81,-4.0,-0.16,10.345,12.0,22.16,86.686,90.901,68.054,64.724,63.578,100.0,100.0,28.0,23.45,85.133,90.542,68.419,65.071,63.384,100.0,100.0,4.925,4.002,86.787,91.538,16.78,MODERATE
367,2026-06-04 19:45:00+00:00,19,3,-0.965926,0.258819,0.433884,-0.900969,False,False,EVENING,2.0,5.0,10.0,41.0,82.0,311.0,20.99,1.97,0.0939,4.881,5.072,56.6,8.73,91.289,87.288,5.4,1.27,9.91,22.52,70.154,66.648,8.41,8.65,9.94,3.07,63.175,19.32,100.0,100.0,False,,68.6,82.077,-0.9100000000000001,-0.7900000000000027,-1.8100000000000023,19.683,24.81,-5.0,-0.32,10.078,13.0,20.19,86.412,91.424,67.475,64.174,62.567,100.0,100.0,24.0,26.41,85.306,90.892,70.327,66.876,62.677,100.0,100.0,4.849,6.03,86.621,91.088,16.3,MODERATE
368,2026-06-04 20:00:00+00:00,20,3,-0.866025,0.5,0.433884,-0.900969,False,False,EVENING,3.0,5.0,8.0,38.0,80.0,311.0,21.08,1.89,0.0896,4.898,5.695,56.44,8.69,91.038,86.85,5.56,1.31,9.03,20.58,76.885,72.815,8.16,8.63,10.21,3.02,62.193,19.32,100.0,100.0,False,,68.7,83.451,0.08999999999999986,-0.8200000000000003,-3.7300000000000004,20.212,24.81,-8.0,-0.64,10.1,18.0,19.28,85.694,91.347,67.008,63.729,62.362,100.0,100.0,20.0,27.42,86.36,90.416,100.0,89.682,64.677,100.0,100.0,4.955,5.179,86.175,91.07,16.3,MODERATE
369,2026-06-04 20:15:00+00:00,20,3,-0.866025,0.5,0.433884,-0.900969,False,False,EVENING,4.0,7.0,12.0,39.0,80.0,315.0,22.12,1.9,0.0857,4.962,5.004,56.42,8.7,90.992,87.031,5.58,1.3,8.91,20.33,78.398,74.215,8.24,8.66,10.1,3.04,62.585,19.48,100.0,100.0,False,,71.1,84.527,1.0400000000000027,1.1300000000000026,0.33999999999999986,20.553,24.81,-1.0,0.0,10.4,20.0,22.36,85.306,91.458,75.303,71.399,62.341,100.0,100.0,17.0,26.38,86.273,90.164,100.0,95.011,63.006,100.0,100.0,4.607,5.56,85.023,90.872,15.98,MODERATE
370,2026-06-04 20:30:00+00:00,20,3,-0.866025,0.5,0.433884,-0.900969,False,False,EVENING,3.0,7.0,12.0,38.0,80.0,317.0,22.16,1.99,0.0898,4.97,5.335,56.36,8.67,90.901,86.686,5.64,1.33,10.26,23.29,68.054,64.724,8.49,8.68,9.83,3.09,63.578,19.48,100.0,100.0,False,,71.2,82.173,0.03999999999999915,1.0800000000000018,0.26000000000000156,20.896,24.81,1.0,0.0,10.41,16.0,23.45,85.133,90.542,68.419,65.071,63.384,100.0,100.0,15.0,25.3,86.066,89.958,100.0,84.824,64.463,100.0,100.0,0.0,5.952,84.1,88.62,15.5,MODERATE
371,2026-06-04 20:45:00+00:00,20,3,-0.866025,0.5,0.433884,-0.900969,False,False,EVENING,1.0,4.0,11.0,36.0,78.0,314.0,20.19,1.99,0.0988,4.997,3.809,56.68,8.64,91.424,86.412,5.32,1.36,10.26,23.29,67.475,64.174,8.27,8.62,10.11,3.04,62.567,19.16,100.0,100.0,False,,64.5,80.746,-1.9699999999999989,-1.9299999999999997,-0.7999999999999972,21.181,24.81,1.0,-0.16,9.838,14.0,26.41,85.306,90.892,70.327,66.876,62.677,100.0,100.0,13.0,27.19,85.993,89.612,100.0,85.627,63.743,100.0,100.0,3.36,3.773,83.391,88.568,15.34,MODERATE
372,2026-06-04 21:00:00+00:00,21,3,-0.707107,0.707107,0.433884,-0.900969,False,False,EVENING,2.0,3.0,10.0,34.0,77.0,307.0,19.28,1.82,0.0942,4.882,5.36,56.63,8.57,91.347,85.694,5.37,1.43,10.26,23.29,67.008,63.729,8.3,8.53,10.16,3.03,62.362,19.0,100.0,100.0,False,,63.0,79.875,-0.9100000000000001,-2.879999999999999,-1.7999999999999972,21.222,24.81,2.0,-0.32,9.57,13.0,27.42,86.36,90.416,100.0,89.682,64.677,100.0,100.0,10.0,28.03,86.414,89.883,100.0,100.0,63.77,100.0,100.0,0.0,5.162,81.345,86.817,14.86,MODERATE
373,2026-06-04 21:15:00+00:00,21,3,-0.707107,0.707107,0.433884,-0.900969,False,False,EVENING,6.0,8.0,12.0,37.0,80.0,308.0,22.36,1.74,0.0776,4.911,4.791,56.7,8.53,91.458,85.306,5.3,1.47,9.33,21.25,75.303,71.399,8.26,8.57,10.17,3.03,62.341,19.48,100.0,100.0,False,,72.7,83.707,3.0799999999999983,2.169999999999998,0.23999999999999844,21.456,24.81,0.0,0.0,10.46,13.0,26.38,86.273,90.164,100.0,95.011,63.006,100.0,100.0,7.0,25.92,87.477,89.724,100.0,84.992,64.148,100.0,100.0,1.68,3.8,80.201,86.146,14.54,MODERATE
374,2026-06-04 21:30:00+00:00,21,3,-0.707107,0.707107,0.433884,-0.900969,False,False,EVENING,4.0,10.0,13.0,36.0,83.0,306.0,23.45,2.01,0.0858,4.892,7.234,56.14,8.51,90.542,85.133,5.86,1.49,10.26,23.29,68.419,65.071,8.48,8.64,9.89,3.08,63.384,19.65,100.0,100.0,False,,76.5,82.677,1.0899999999999999,4.169999999999998,1.2899999999999991,21.692,24.81,1.0,0.17,10.775,12.0,25.3,86.066,89.958,100.0,84.824,64.463,100.0,100.0,6.0,22.79,87.444,89.442,100.0,83.126,63.651,100.0,100.0,0.0,2.791,78.052,85.367,14.07,MODERATE
375,2026-06-04 21:45:00+00:00,21,3,-0.707107,0.707107,0.433884,-0.900969,False,False,EVENING,6.0,10.0,18.0,39.0,86.0,304.0,26.41,2.11,0.0799,5.105,4.167,56.35,8.53,90.892,85.306,5.65,1.47,10.21,23.19,70.327,66.876,8.12,8.8,10.08,3.05,62.677,20.13,100.0,100.0,False,,82.6,84.163,2.960000000000001,4.050000000000001,6.219999999999999,22.111,26.41,7.0,0.97,11.635,10.0,27.19,85.993,89.612,100.0,85.627,63.743,100.0,100.0,6.0,21.62,87.274,89.56,100.0,82.424,64.999,100.0,100.0,1.68,2.949,77.176,84.997,13.75,MODERATE
376,2026-06-04 22:00:00+00:00,22,3,-0.5,0.866025,0.433884,-0.900969,False,False,NIGHT,4.0,10.0,20.0,38.0,86.0,300.0,27.42,2.38,0.0867,5.022,5.781,56.06,8.64,90.416,86.36,5.94,1.36,5.97,17.33,100.0,89.682,8.49,8.98,9.54,3.14,64.677,20.29,100.0,100.0,False,,87.1,90.746,1.0100000000000016,3.9700000000000024,8.14,22.524,27.42,10.0,1.29,11.928,7.0,28.03,86.414,89.883,100.0,100.0,63.77,100.0,100.0,4.0,19.47,87.39,90.325,100.0,81.8,63.587,100.0,100.0,1.68,4.531,77.164,83.849,13.43,HIGH
377,2026-06-04 22:15:00+00:00,22,3,-0.5,0.866025,0.433884,-0.900969,False,False,NIGHT,2.0,6.0,16.0,40.0,81.0,294.0,26.38,2.47,0.0936,5.113,5.773,55.9,8.63,90.164,86.273,6.1,1.37,5.46,16.21,100.0,95.011,7.93,9.08,9.99,3.06,63.006,20.13,100.0,100.0,False,,82.3,91.163,-1.0400000000000027,-0.030000000000001137,4.02,22.872,27.42,4.0,0.65,11.628,4.0,25.92,87.477,89.724,100.0,84.992,64.148,100.0,100.0,6.0,16.43,86.692,90.746,100.0,80.399,61.941,100.0,100.0,1.68,2.262,76.649,83.698,13.11,HIGH
378,2026-06-04 22:30:00+00:00,22,3,-0.5,0.866025,0.433884,-0.900969,False,False,NIGHT,2.0,4.0,14.0,39.0,80.0,286.0,25.3,2.37,0.0938,5.173,5.765,55.77,8.61,89.958,86.066,6.23,1.39,6.27,17.99,100.0,84.824,8.28,9.12,9.59,3.13,64.463,19.97,100.0,100.0,False,,78.1,89.985,-1.0799999999999983,-2.120000000000001,1.8500000000000014,23.027,27.42,1.0,0.32,11.317,3.0,22.79,87.444,89.442,100.0,83.126,63.651,100.0,100.0,7.0,13.43,86.141,90.731,100.0,78.685,59.353,100.0,100.0,1.68,2.758,76.429,83.299,12.79,HIGH
379,2026-06-04 22:45:00+00:00,22,3,-0.5,0.866025,0.433884,-0.900969,False,False,NIGHT,5.0,7.0,13.0,42.0,83.0,286.0,27.19,2.28,0.0837,5.223,6.112,55.56,8.6,89.612,85.993,6.44,1.4,6.27,17.99,100.0,85.627,7.99,9.22,9.79,3.1,63.743,20.29,100.0,100.0,False,,83.1,89.925,1.8900000000000006,0.8100000000000023,0.7800000000000011,23.301,27.42,-5.0,0.16,11.87,3.0,21.62,87.274,89.56,100.0,82.424,64.999,100.0,100.0,7.0,12.43,86.203,90.842,100.0,82.252,59.798,100.0,100.0,0.0,3.061,74.998,82.295,12.31,HIGH
380,2026-06-04 23:00:00+00:00,23,3,-0.258819,0.965926,0.433884,-0.900969,False,False,NIGHT,4.0,9.0,13.0,43.0,81.0,284.0,28.03,2.45,0.0873,5.304,4.461,55.73,8.64,89.883,86.414,6.27,1.36,4.32,13.71,100.0,100.0,7.88,9.34,9.78,3.1,63.77,20.45,100.0,100.0,False,,84.4,91.796,0.8399999999999999,2.7300000000000004,0.6099999999999994,23.502,28.03,-7.0,0.16,12.12,3.0,19.47,87.39,90.325,100.0,81.8,63.587,100.0,100.0,7.0,10.44,85.362,91.306,100.0,77.435,58.774,100.0,96.794,1.68,3.453,75.076,81.567,11.99,HIGH
381,2026-06-04 23:15:00+00:00,23,3,-0.258819,0.965926,0.433884,-0.900969,False,False,NIGHT,1.0,5.0,12.0,40.0,79.0,274.0,25.92,2.52,0.0973,5.234,5.205,55.63,8.75,89.724,87.477,6.37,1.25,6.27,17.99,100.0,84.992,7.96,9.36,9.68,3.12,64.148,20.13,100.0,100.0,False,,79.0,90.207,-2.1099999999999994,-1.2699999999999996,-0.4599999999999973,23.761,28.03,-4.0,0.0,11.512,3.0,16.43,86.692,90.746,100.0,80.399,61.941,100.0,100.0,6.0,7.51,86.303,91.244,100.0,75.72,57.687,100.0,79.577,1.68,2.422,75.323,81.228,11.67,HIGH
382,2026-06-04 23:30:00+00:00,23,3,-0.258819,0.965926,0.433884,-0.900969,False,False,NIGHT,0.0,1.0,10.0,37.0,75.0,261.0,22.79,2.33,0.1023,5.253,5.967,55.45,8.74,89.442,87.444,6.55,1.26,6.26,17.97,100.0,83.126,7.91,9.27,9.81,3.09,63.651,19.65,100.0,100.0,False,,69.2,88.455,-3.1300000000000026,-5.240000000000002,-2.5100000000000016,23.817,28.03,-4.0,-0.32,10.61,3.0,13.43,86.141,90.731,100.0,78.685,59.353,100.0,100.0,7.0,4.58,86.787,91.538,98.738,74.284,56.137,100.0,62.182,0.0,1.94,75.203,80.465,11.19,HIGH
383,2026-06-04 23:45:00+00:00,23,3,-0.258819,0.965926,0.433884,-0.900969,False,False,NIGHT,2.0,2.0,7.0,38.0,74.0,257.0,21.62,2.05,0.0949,5.318,5.094,55.53,8.73,89.56,87.274,6.47,1.27,6.27,17.99,100.0,82.424,8.39,9.16,9.45,3.16,64.999,19.49,100.0,100.0,False,,64.9,87.736,-1.1699999999999982,-4.300000000000001,-5.57,23.856,28.03,-6.0,-0.8,10.278,3.0,12.43,86.203,90.842,100.0,82.252,59.798,100.0,100.0,7.0,1.69,86.621,91.088,96.09,72.292,53.767,100.0,44.798,6.72,3.18,77.123,81.583,11.35,HIGH
384,2026-06-05 00:00:00+00:00,0,4,0.0,1.0,-0.433884,-0.900969,False,False,NIGHT,1.0,3.0,4.0,37.0,71.0,254.0,19.47,1.95,0.0999,5.294,3.349,56.0,8.74,90.325,87.39,6.0,1.26,6.27,17.99,100.0,81.8,8.18,8.99,9.83,3.09,63.587,19.17,100.0,100.0,False,,58.7,86.349,-2.150000000000002,-3.3200000000000003,-8.560000000000002,23.756,28.03,-9.0,-1.28,9.66,1.0,10.44,85.362,91.306,100.0,77.435,58.774,100.0,96.794,8.0,1.74,86.175,91.07,99.055,73.993,50.934,100.0,44.923,5.04,1.708,78.226,82.749,11.35,HIGH
385,2026-06-05 00:15:00+00:00,0,4,0.0,1.0,-0.433884,-0.900969,False,False,NIGHT,0.0,1.0,3.0,31.0,68.0,247.0,16.43,1.75,0.1067,5.117,4.352,56.26,8.67,90.746,86.692,5.74,1.33,6.27,17.99,100.0,80.399,7.99,8.74,10.28,3.01,61.941,18.69,100.0,100.0,False,,51.2,84.04,-3.039999999999999,-5.190000000000001,-9.490000000000002,23.4,28.03,-9.0,-1.44,8.78,3.0,7.51,86.303,91.244,100.0,75.72,57.687,100.0,79.577,6.0,0.0,85.023,90.872,94.587,71.161,51.022,100.0,34.009,0.0,2.497,77.415,81.873,10.87,MODERATE
386,2026-06-05 00:30:00+00:00,0,4,0.0,1.0,-0.433884,-0.900969,False,False,NIGHT,0.0,0.0,3.0,27.0,63.0,241.0,13.43,1.48,0.1101,5.032,5.29,56.25,8.61,90.731,86.141,5.75,1.39,6.27,17.99,100.0,78.685,7.61,8.42,10.97,2.88,59.353,18.22,100.0,100.0,False,,42.6,81.568,-3.0,-6.039999999999999,-9.36,22.854,28.03,-7.0,-1.43,7.912,4.0,4.58,86.787,91.538,98.738,74.284,56.137,100.0,62.182,6.0,0.0,84.1,88.62,92.243,69.398,48.762,100.0,33.64,1.68,2.352,78.129,81.487,10.56,MODERATE
387,2026-06-05 00:45:00+00:00,0,4,0.0,1.0,-0.433884,-0.900969,False,False,NIGHT,2.0,2.0,3.0,23.0,62.0,240.0,12.43,1.21,0.0973,5.045,4.745,56.32,8.62,90.842,86.203,5.68,1.38,5.87,17.11,100.0,82.252,8.01,8.13,10.85,2.91,59.798,18.06,100.0,100.0,False,,39.3,81.433,-1.0,-4.0,-9.190000000000001,22.369,28.03,-4.0,-1.43,7.622,4.0,1.69,86.621,91.088,96.09,72.292,53.767,100.0,44.798,7.0,0.0,83.391,88.568,92.189,69.357,46.937,100.0,33.356,1.68,2.931,78.543,80.916,10.24,MODERATE
388,2026-06-05 01:00:00+00:00,1,4,0.258819,0.965926,-0.433884,-0.900969,False,False,NIGHT,1.0,3.0,3.0,20.0,58.0,239.0,10.44,1.12,0.1071,5.018,4.206,56.61,8.54,91.306,85.362,5.39,1.46,6.27,17.99,100.0,77.435,8.05,7.82,11.13,2.86,58.774,17.74,100.0,96.794,False,,33.2,79.423,-1.9900000000000002,-2.99,-9.03,21.817,28.03,-1.0,-1.43,7.045,6.0,1.74,86.175,91.07,99.055,73.993,50.934,100.0,44.923,5.0,0.0,81.345,86.817,90.366,67.985,47.855,100.0,32.538,3.36,1.296,79.845,81.538,10.08,MODERATE
389,2026-06-05 01:15:00+00:00,1,4,0.258819,0.965926,-0.433884,-0.900969,False,False,NIGHT,0.0,1.0,3.0,18.0,58.0,238.0,7.51,0.94,0.1251,4.926,4.703,56.57,8.63,91.244,86.303,5.43,1.37,6.27,17.99,100.0,75.72,8.1,7.48,11.42,2.8,57.687,17.26,100.0,79.577,False,,24.3,77.419,-2.9299999999999997,-4.92,-8.92,20.889,28.03,0.0,-1.43,6.193,3.0,0.0,85.023,90.872,94.587,71.161,51.022,100.0,34.009,6.0,0.0,80.201,86.146,89.668,67.46,45.755,100.0,32.08,5.04,2.202,81.987,82.337,10.08,MODERATE
390,2026-06-05 01:30:00+00:00,1,4,0.258819,0.965926,-0.433884,-0.900969,False,False,NIGHT,0.0,0.0,3.0,16.0,55.0,233.0,4.58,0.68,0.1476,4.925,4.002,56.75,8.68,91.538,86.787,5.25,1.32,6.27,17.99,98.738,74.284,8.06,7.1,11.84,2.73,56.137,16.78,100.0,62.182,False,,14.8,75.242,-2.9299999999999997,-5.859999999999999,-8.85,19.709,28.03,0.0,-1.44,5.34,3.0,0.0,84.1,88.62,92.243,69.398,48.762,100.0,33.64,6.0,0.0,78.052,85.367,88.857,66.85,44.371,100.0,31.221,3.36,2.802,83.048,82.391,9.92,MODERATE
391,2026-06-05 01:45:00+00:00,1,4,0.258819,0.965926,-0.433884,-0.900969,False,False,NIGHT,0.0,0.0,1.0,11.0,53.0,232.0,1.69,0.41,0.2436,4.849,6.03,56.47,8.66,91.088,86.621,5.53,1.34,6.27,17.99,96.09,72.292,7.82,6.69,12.48,2.61,53.767,16.3,100.0,44.798,False,,5.6,72.49,-2.89,-5.82,-10.74,18.164,28.03,-2.0,-1.76,4.498,3.0,0.0,83.391,88.568,92.189,69.357,46.937,100.0,33.356,6.0,0.0,77.176,84.997,88.471,66.56,45.986,100.0,30.87,3.36,2.292,82.416,82.923,9.76,MODERATE
392,2026-06-05 02:00:00+00:00,2,4,0.5,0.866025,-0.433884,-0.900969,False,False,NIGHT,3.0,3.0,3.0,10.0,53.0,234.0,1.74,0.15,0.0874,4.955,5.179,56.46,8.62,91.07,86.175,5.54,1.38,6.08,17.58,99.055,73.993,7.39,6.37,13.25,2.48,50.934,16.3,100.0,44.923,False,,5.6,72.734,0.050000000000000044,-2.84,-8.7,16.559,28.03,0.0,-1.44,4.51,2.0,0.0,81.345,86.817,90.366,67.985,47.855,100.0,32.538,9.0,0.0,77.164,83.849,100.0,78.003,46.549,100.0,30.866,3.36,3.564,82.778,82.783,9.6,MODERATE
393,2026-06-05 02:15:00+00:00,2,4,0.5,0.866025,-0.433884,-0.900969,False,False,NIGHT,1.0,4.0,4.0,10.0,50.0,233.0,0.0,0.16,0.1568,4.607,5.56,56.34,8.5,90.872,85.023,5.66,1.5,6.27,17.99,94.587,71.161,7.75,6.03,13.22,2.48,51.022,15.98,100.0,34.009,False,,0.0,70.478,-1.74,-1.69,-7.51,14.911,28.03,1.0,-1.28,3.995,3.0,0.0,80.201,86.146,89.668,67.46,45.755,100.0,32.08,11.0,0.0,76.649,83.698,87.119,65.543,46.291,100.0,30.66,1.68,2.582,82.843,82.408,9.28,MODERATE
394,2026-06-05 02:30:00+00:00,2,4,0.5,0.866025,-0.433884,-0.900969,False,False,NIGHT,0.0,1.0,4.0,10.0,47.0,233.0,0.0,0.0,0.0,0.0,5.952,54.94,8.41,88.62,84.1,7.06,1.59,6.27,17.99,92.243,69.398,7.42,5.75,13.83,2.37,48.762,15.5,100.0,33.64,False,,0.0,69.102,0.0,-1.74,-4.58,13.329,28.03,1.0,-1.28,3.875,3.0,0.0,78.052,85.367,88.857,66.85,44.371,100.0,31.221,10.0,0.0,76.429,83.299,91.173,67.777,46.143,100.0,30.572,1.68,2.044,82.292,82.35,8.96,NORMAL
395,2026-06-05 02:45:00+00:00,2,4,0.5,0.866025,-0.433884,-0.900969,False,False,NIGHT,2.0,2.0,6.0,10.0,48.0,235.0,0.0,0.0,0.0,3.36,3.773,54.91,8.34,88.568,83.391,7.09,1.66,6.27,17.99,92.189,69.357,7.16,5.52,14.33,2.28,46.937,15.34,100.0,33.356,False,,0.0,68.773,0.0,0.0,-1.69,11.63,28.03,5.0,-0.96,3.835,4.0,0.0,77.176,84.997,88.471,66.56,45.986,100.0,30.87,10.0,0.0,74.998,82.295,85.659,64.444,44.798,100.0,29.999,5.04,2.372,83.218,83.277,8.96,NORMAL
396,2026-06-05 03:00:00+00:00,3,4,0.707107,0.707107,-0.433884,-0.900969,False,False,NIGHT,0.0,2.0,3.0,9.0,46.0,235.0,0.0,0.0,0.0,0.0,5.162,53.83,8.13,86.817,81.345,8.17,1.87,6.27,17.99,90.366,67.985,7.61,5.31,14.08,2.33,47.855,14.86,100.0,32.538,False,,0.0,67.678,0.0,0.0,-1.74,9.878,25.92,0.0,-1.44,3.715,3.0,0.0,77.164,83.849,100.0,78.003,46.549,100.0,30.866,11.0,0.0,75.076,81.567,97.941,71.134,42.089,100.0,30.031,6.72,1.118,84.215,85.375,9.12,NORMAL
397,2026-06-05 03:15:00+00:00,3,4,0.707107,0.707107,-0.433884,-0.900969,False,False,NIGHT,1.0,1.0,3.0,10.0,41.0,234.0,0.0,0.0,0.0,1.68,3.8,53.41,8.02,86.146,80.201,8.59,1.98,6.27,17.99,89.668,67.46,7.23,5.13,14.65,2.22,45.755,14.54,100.0,32.08,False,,0.0,66.966,0.0,0.0,0.0,8.258,22.79,-1.0,-1.44,3.635,3.0,0.0,76.649,83.698,87.119,65.543,46.291,100.0,30.66,12.0,0.0,75.323,81.228,100.0,83.169,42.485,100.0,30.129,1.68,3.918,82.929,84.68,8.8,NORMAL
398,2026-06-05 03:30:00+00:00,3,4,0.707107,0.707107,-0.433884,-0.900969,False,False,NIGHT,0.0,1.0,3.0,10.0,37.0,233.0,0.0,0.0,0.0,0.0,2.791,52.93,7.81,85.367,78.052,9.07,2.19,6.27,17.99,88.857,66.85,7.02,4.96,15.02,2.16,44.371,14.07,100.0,31.221,False,,0.0,66.069,0.0,0.0,0.0,6.834,21.62,-1.0,-1.43,3.518,3.0,0.0,76.429,83.299,91.173,67.777,46.143,100.0,30.572,14.0,0.0,75.203,80.465,83.755,63.011,40.579,100.0,30.081,5.04,4.358,82.555,85.015,8.81,NORMAL
399,2026-06-05 03:45:00+00:00,3,4,0.707107,0.707107,-0.433884,-0.900969,False,False,NIGHT,1.0,1.0,2.0,9.0,32.0,234.0,0.0,0.0,0.0,1.68,2.949,52.7,7.72,84.997,77.176,9.3,2.28,6.27,17.99,88.471,66.56,7.6,4.82,14.58,2.23,45.986,13.75,100.0,30.87,False,,0.0,65.877,0.0,0.0,0.0,5.482,19.47,-4.0,-1.59,3.438,2.0,0.0,74.998,82.295,85.659,64.444,44.798,100.0,29.999,16.0,0.0,77.123,81.583,84.918,63.887,42.069,100.0,30.849,1.68,4.338,81.782,84.068,8.49,NORMAL
400,2026-06-05 04:00:00+00:00,4,4,0.866025,0.5,-0.433884,-0.900969,False,False,NIGHT,1.0,2.0,3.0,9.0,29.0,235.0,0.0,0.0,0.0,1.68,4.531,51.99,7.72,83.849,77.164,10.01,2.28,4.98,15.15,100.0,78.003,7.87,4.7,14.43,2.26,46.549,13.43,100.0,30.866,False,,0.0,68.429,0.0,0.0,0.0,4.266,16.43,0.0,-1.43,3.358,6.0,0.0,75.076,81.567,97.941,71.134,42.089,100.0,30.031,14.0,0.0,78.226,82.749,46.153,43.471,42.041,100.0,31.29,3.36,1.96,82.061,84.587,8.33,NORMAL
401,2026-06-05 04:15:00+00:00,4,4,0.866025,0.5,-0.433884,-0.900969,False,False,NIGHT,1.0,2.0,3.0,10.0,28.0,233.0,0.0,0.0,0.0,1.68,2.262,51.89,7.66,83.698,76.649,10.11,2.34,6.27,17.99,87.119,65.543,7.89,4.61,14.5,2.25,46.291,13.11,100.0,30.66,False,,0.0,65.229,0.0,0.0,0.0,3.239,13.43,0.0,-1.43,3.278,8.0,0.0,75.323,81.228,100.0,83.169,42.485,100.0,30.129,13.0,0.0,77.415,81.873,53.14,49.725,44.068,100.0,30.966,6.521,3.938,83.266,85.435,8.49,NORMAL
402,2026-06-05 04:30:00+00:00,4,4,0.866025,0.5,-0.433884,-0.900969,False,False,NIGHT,1.0,2.0,4.0,11.0,27.0,233.0,0.0,0.0,0.0,1.68,2.758,51.65,7.64,83.299,76.429,10.35,2.36,5.96,17.32,91.173,67.777,7.93,4.53,14.54,2.24,46.143,12.79,100.0,30.572,False,,0.0,65.838,0.0,0.0,0.0,2.399,12.43,1.0,-1.28,3.198,7.0,0.0,75.203,80.465,83.755,63.011,40.579,100.0,30.081,14.0,0.0,78.129,81.487,44.428,41.885,44.764,100.0,31.252,6.307,4.523,83.414,86.13,8.65,NORMAL
403,2026-06-05 04:45:00+00:00,4,4,0.866025,0.5,-0.433884,-0.900969,False,False,NIGHT,0.0,1.0,3.0,11.0,22.0,230.0,0.0,0.0,0.0,0.0,3.061,51.02,7.5,82.295,74.998,10.98,2.5,6.27,17.99,85.659,64.444,7.65,4.45,14.9,2.18,44.798,12.31,100.0,29.999,False,,0.0,64.149,0.0,0.0,0.0,1.622,10.44,1.0,-1.44,3.078,8.0,0.0,77.123,81.583,84.918,63.887,42.069,100.0,30.849,14.0,0.0,78.543,80.916,44.117,41.591,42.681,100.0,31.417,2.292,3.536,82.729,85.739,8.33,NORMAL
404,2026-06-05 05:00:00+00:00,5,4,0.965926,0.258819,-0.433884,-0.900969,False,False,NIGHT,1.0,1.0,3.0,9.0,19.0,231.0,0.0,0.0,0.0,1.68,3.453,50.57,7.51,81.567,75.076,11.43,2.49,5.44,16.16,97.941,71.134,6.98,4.38,15.64,2.05,42.089,11.99,100.0,30.031,False,,0.0,66.037,0.0,0.0,0.0,0.97,7.51,0.0,-1.44,2.998,5.0,0.0,78.226,82.749,46.153,43.471,42.041,100.0,31.29,16.0,0.0,79.845,81.538,44.456,41.911,43.555,100.0,31.938,3.36,2.475,82.794,86.085,8.17,NORMAL
405,2026-06-05 05:15:00+00:00,5,4,0.965926,0.258819,-0.433884,-0.900969,False,False,NIGHT,1.0,2.0,3.0,9.0,19.0,230.0,0.0,0.0,0.0,1.68,2.422,50.36,7.53,81.228,75.323,11.64,2.47,4.35,13.76,100.0,83.169,7.14,4.33,15.53,2.06,42.485,11.67,100.0,30.129,False,,0.0,67.739,0.0,0.0,0.0,0.501,4.58,0.0,-1.44,2.918,4.0,0.0,77.415,81.873,53.14,49.725,44.068,100.0,30.966,18.0,0.0,81.987,82.337,44.892,42.322,43.18,100.0,32.795,5.04,4.425,83.921,86.151,8.17,NORMAL
406,2026-06-05 05:30:00+00:00,5,4,0.965926,0.258819,-0.433884,-0.900969,False,False,NIGHT,0.0,1.0,2.0,9.0,19.0,226.0,0.0,0.0,0.0,0.0,1.94,49.89,7.52,80.465,75.203,12.11,2.48,6.27,17.99,83.755,63.011,6.66,4.29,16.04,1.97,40.579,11.19,100.0,30.081,False,,0.0,63.007,0.0,0.0,0.0,0.214,1.74,-2.0,-1.6,2.798,7.0,0.0,78.129,81.487,44.428,41.885,44.764,100.0,31.252,16.0,0.0,83.048,82.391,44.921,42.349,42.797,100.0,33.219,3.36,4.869,83.484,85.613,8.01,NORMAL
407,2026-06-05 05:45:00+00:00,5,4,0.965926,0.258819,-0.433884,-0.900969,False,False,NIGHT,4.0,4.0,6.0,11.0,21.0,230.0,0.0,0.0,0.0,6.72,3.18,50.58,7.71,81.583,77.123,11.42,2.29,6.27,17.99,84.918,63.887,7.07,4.28,15.64,2.04,42.069,11.35,100.0,30.849,False,,0.0,64.016,0.0,0.0,0.0,0.109,1.74,3.0,-0.96,2.838,8.0,0.0,78.543,80.916,44.117,41.591,42.681,100.0,31.417,17.0,0.0,82.416,82.923,51.579,48.357,44.11,100.0,32.966,6.262,4.028,84.448,86.359,8.65,NORMAL
408,2026-06-05 06:00:00+00:00,6,4,1.0,0.0,-0.433884,-0.900969,False,False,MORNING,3.0,7.0,8.0,14.0,23.0,231.0,0.0,0.0,0.0,5.04,1.708,51.3,7.82,82.749,78.226,10.7,2.18,11.7,26.82,46.153,43.471,7.06,4.29,15.65,2.04,42.041,11.35,100.0,31.29,False,,0.0,57.389,0.0,0.0,0.0,0.0,0.0,5.0,-0.64,2.838,9.0,0.0,79.845,81.538,44.456,41.911,43.555,100.0,31.938,16.0,0.0,82.778,82.783,45.135,42.551,43.223,100.0,33.111,6.075,3.485,85.426,87.245,8.65,NORMAL
409,2026-06-05 06:15:00+00:00,6,4,1.0,0.0,-0.433884,-0.900969,False,False,MORNING,0.0,3.0,7.0,13.0,23.0,228.0,0.0,0.0,0.0,0.0,2.497,50.76,7.74,81.873,77.415,11.24,2.26,10.06,23.2,53.14,49.725,7.62,4.28,15.1,2.14,44.068,10.87,100.0,30.966,False,,0.0,58.805,0.0,0.0,0.0,0.0,0.0,4.0,-0.8,2.718,9.0,0.0,81.987,82.337,44.892,42.322,43.18,100.0,32.795,16.0,0.0,82.843,82.408,44.931,42.358,41.908,100.0,33.137,5.856,2.554,86.319,88.433,8.49,NORMAL
410,2026-06-05 06:30:00+00:00,6,4,1.0,0.0,-0.433884,-0.900969,False,False,MORNING,1.0,1.0,8.0,14.0,24.0,228.0,0.0,0.0,0.0,1.68,2.352,50.52,7.81,81.487,78.129,11.48,2.19,11.97,27.41,44.428,41.885,7.8,4.28,14.91,2.18,44.764,10.56,100.0,31.252,False,,0.0,56.939,0.0,0.0,0.0,0.0,0.0,6.0,-0.63,2.64,7.0,0.0,83.048,82.391,44.921,42.349,42.797,100.0,33.219,19.0,0.0,82.292,82.35,44.899,42.328,42.43,100.0,32.917,3.647,4.726,86.144,88.026,8.18,NORMAL
411,2026-06-05 06:45:00+00:00,6,4,1.0,0.0,-0.433884,-0.900969,False,False,MORNING,1.0,2.0,5.0,14.0,23.0,229.0,0.0,0.0,0.0,1.68,2.931,50.17,7.85,80.916,78.543,11.83,2.15,11.97,27.41,44.117,41.591,7.23,4.29,15.48,2.07,42.681,10.24,100.0,31.417,False,,0.0,56.636,0.0,0.0,0.0,0.0,0.0,-1.0,-1.11,2.56,6.0,0.0,82.416,82.923,51.579,48.357,44.11,100.0,32.966,22.0,0.0,83.218,83.277,46.899,44.156,41.79,100.0,33.287,5.665,4.373,86.437,88.499,8.66,NORMAL
412,2026-06-05 07:00:00+00:00,7,4,0.965926,-0.258819,-0.433884,-0.900969,False,False,MORNING,2.0,3.0,4.0,15.0,24.0,230.0,0.0,0.0,0.0,3.36,1.296,50.55,7.98,81.538,79.845,11.45,2.02,11.97,27.41,44.456,41.911,7.45,4.31,15.24,2.12,43.555,10.08,100.0,31.938,False,,0.0,57.191,0.0,0.0,0.0,0.0,0.0,-4.0,-1.27,2.52,7.0,0.0,82.778,82.783,45.135,42.551,43.223,100.0,33.111,20.0,0.0,84.215,85.375,48.606,45.744,42.985,100.0,33.686,5.551,5.3,86.428,88.602,8.34,NORMAL
413,2026-06-05 07:15:00+00:00,7,4,0.965926,-0.258819,-0.433884,-0.900969,False,False,MORNING,3.0,5.0,7.0,17.0,27.0,231.0,0.0,0.0,0.0,5.04,2.202,51.05,8.2,82.337,81.987,10.95,1.8,11.97,27.41,44.892,42.322,7.31,4.35,15.34,2.1,43.18,10.08,100.0,32.795,False,,0.0,57.863,0.0,0.0,0.0,0.0,0.0,0.0,-0.79,2.52,9.0,0.0,82.843,82.408,44.931,42.358,41.908,100.0,33.137,18.0,0.0,82.929,84.68,46.23,43.581,41.747,100.0,33.171,5.528,5.01,86.691,88.769,8.34,NORMAL
414,2026-06-05 07:30:00+00:00,7,4,0.965926,-0.258819,-0.433884,-0.900969,False,False,MORNING,2.0,5.0,8.0,18.0,29.0,232.0,0.0,0.0,0.0,3.36,2.802,51.08,8.3,82.391,83.048,10.92,1.7,11.97,27.41,44.921,42.349,7.16,4.39,15.44,2.08,42.797,9.92,100.0,33.219,False,,0.0,58.06,0.0,0.0,0.0,0.0,0.0,0.0,-0.64,2.48,9.0,0.0,82.292,82.35,44.899,42.328,42.43,100.0,32.917,20.0,0.0,82.555,85.015,46.352,43.698,42.091,100.0,33.022,3.416,4.394,85.91,88.5,8.18,NORMAL
415,2026-06-05 07:45:00+00:00,7,4,0.965926,-0.258819,-0.433884,-0.900969,False,False,MORNING,2.0,4.0,9.0,20.0,31.0,233.0,0.0,0.0,0.0,3.36,2.292,51.41,8.24,82.923,82.416,10.59,1.76,10.49,24.16,51.579,48.357,7.49,4.42,15.09,2.14,44.11,9.76,100.0,32.966,False,,0.0,59.688,0.0,0.0,0.0,0.0,0.0,4.0,-0.48,2.44,11.0,0.0,83.218,83.277,46.899,44.156,41.79,100.0,33.287,19.0,0.0,81.782,84.068,45.836,43.211,44.036,100.0,32.713,5.56,4.542,85.898,88.913,8.34,NORMAL
416,2026-06-05 08:00:00+00:00,8,4,0.866025,-0.5,-0.433884,-0.900969,False,False,MORNING,2.0,4.0,9.0,21.0,30.0,230.0,0.0,0.0,0.0,3.36,3.564,51.33,8.28,82.783,82.778,10.67,1.72,11.97,27.41,45.135,42.551,7.22,4.45,15.33,2.1,43.223,9.6,100.0,33.111,False,,0.0,58.18,0.0,0.0,0.0,0.0,0.0,5.0,-0.48,2.4,9.0,0.0,84.215,85.375,48.606,45.744,42.985,100.0,33.686,25.0,0.0,82.061,84.587,46.119,43.478,44.275,100.0,32.824,4.52,3.732,85.682,89.265,8.18,NORMAL
417,2026-06-05 08:15:00+00:00,8,4,0.866025,-0.5,-0.433884,-0.900969,False,False,MORNING,1.0,3.0,7.0,21.0,30.0,229.0,0.0,0.0,0.0,1.68,2.582,51.09,8.28,82.408,82.843,10.91,1.72,11.97,27.41,44.931,42.358,6.85,4.47,15.68,2.04,41.908,9.28,100.0,33.137,False,,0.0,57.945,0.0,0.0,0.0,0.0,0.0,0.0,-0.8,2.32,7.0,0.0,82.929,84.68,46.23,43.581,41.747,100.0,33.171,26.0,0.12,83.266,85.435,48.068,45.261,44.597,100.0,34.016,3.36,5.426,85.463,88.467,8.02,NORMAL
418,2026-06-05 08:30:00+00:00,8,4,0.866025,-0.5,-0.433884,-0.900969,False,False,MORNING,1.0,2.0,6.0,22.0,31.0,229.0,0.0,0.0,0.0,1.68,2.044,51.06,8.23,82.35,82.292,10.94,1.77,11.97,27.41,44.899,42.328,6.97,4.48,15.54,2.06,42.43,8.96,100.0,32.917,False,,0.0,57.861,0.0,0.0,0.0,0.0,0.0,-2.0,-0.96,2.24,10.0,0.0,82.555,85.015,46.352,43.698,42.091,100.0,33.022,24.0,0.36,83.414,86.13,47.104,44.407,43.14,100.0,35.551,5.04,4.771,85.451,88.578,8.02,NORMAL
419,2026-06-05 08:45:00+00:00,8,4,0.866025,-0.5,-0.433884,-0.900969,False,False,MORNING,3.0,4.0,7.0,21.0,32.0,230.0,0.0,0.0,0.0,5.04,2.372,51.63,8.32,83.277,83.218,10.37,1.68,11.59,26.57,46.899,44.156,6.78,4.5,15.72,2.03,41.79,8.96,100.0,33.287,False,,0.0,58.652,0.0,0.0,0.0,0.0,0.0,-2.0,-0.8,2.24,11.0,0.0,81.782,84.068,45.836,43.211,44.036,100.0,32.713,21.0,0.0,82.729,85.739,46.747,44.07,43.285,100.0,33.092,5.04,4.512,84.884,88.882,8.02,NORMAL
420,2026-06-05 09:00:00+00:00,9,4,0.707107,-0.707107,-0.433884,-0.900969,False,False,MORNING,4.0,7.0,9.0,22.0,36.0,230.0,0.0,0.0,0.0,6.72,1.118,52.93,8.42,85.375,84.215,9.07,1.58,11.46,26.3,48.606,45.744,7.08,4.53,15.39,2.09,42.985,9.12,100.0,33.686,False,,0.0,59.816,0.0,0.0,0.0,0.0,0.0,0.0,-0.48,2.28,11.0,0.0,82.061,84.587,46.119,43.478,44.275,100.0,32.824,26.0,0.0,82.794,86.085,50.839,47.772,41.009,100.0,33.117,0.0,5.093,82.901,87.148,7.54,NORMAL
421,2026-06-05 09:15:00+00:00,9,4,0.707107,-0.707107,-0.433884,-0.900969,False,False,MORNING,1.0,5.0,9.0,23.0,36.0,226.0,0.0,0.0,0.0,1.68,3.918,52.5,8.29,84.68,82.929,9.5,1.71,11.95,27.38,46.23,43.581,6.74,4.53,15.73,2.03,41.747,8.8,100.0,33.171,False,,0.0,58.75,0.0,0.0,0.0,0.0,0.0,2.0,-0.48,2.2,11.0,0.12,83.266,85.435,48.068,45.261,44.597,100.0,34.016,25.0,0.0,83.921,86.151,48.651,45.801,42.12,100.0,33.568,5.92,5.067,83.812,87.346,8.02,NORMAL
422,2026-06-05 09:30:00+00:00,9,4,0.707107,-0.707107,-0.433884,-0.900969,False,False,MORNING,3.0,4.0,11.0,25.0,39.0,223.0,0.0,0.0,0.0,5.04,4.358,52.71,8.26,85.015,82.555,9.29,1.74,11.97,27.41,46.352,43.698,6.83,4.53,15.64,2.05,42.091,8.81,100.0,33.022,False,,0.0,58.808,0.0,0.0,0.0,0.0,0.0,5.0,-0.15,2.202,10.0,0.36,83.414,86.13,47.104,44.407,43.14,100.0,35.551,25.0,0.0,83.484,85.613,46.678,44.005,42.53,100.0,33.394,5.86,6.485,85.191,86.871,8.19,NORMAL
423,2026-06-05 09:45:00+00:00,9,4,0.707107,-0.707107,-0.433884,-0.900969,False,False,MORNING,1.0,4.0,9.0,25.0,39.0,224.0,0.0,0.0,0.0,1.68,4.338,52.12,8.18,84.068,81.782,9.88,1.82,11.97,27.41,45.836,43.211,7.36,4.53,15.11,2.14,44.036,8.49,100.0,32.713,False,,0.0,58.5,0.0,0.0,0.0,0.0,0.0,2.0,-0.47,2.122,8.0,0.0,82.729,85.739,46.747,44.07,43.285,100.0,33.092,25.0,3.27,84.448,86.359,48.38,45.61,42.658,100.0,53.414,5.945,3.83,86.087,87.58,7.87,NORMAL
424,2026-06-05 10:00:00+00:00,10,4,0.5,-0.866025,-0.433884,-0.900969,False,False,MORNING,2.0,3.0,7.0,25.0,40.0,223.0,0.0,0.0,0.0,3.36,1.96,52.44,8.21,84.587,82.061,9.56,1.79,11.97,27.41,46.119,43.478,7.43,4.52,15.05,2.15,44.275,8.33,100.0,32.824,False,,0.0,58.758,0.0,0.0,0.0,0.0,0.0,-2.0,-0.79,2.082,14.0,0.0,82.794,86.085,50.839,47.772,41.009,100.0,33.117,22.0,2.66,85.426,87.245,55.431,51.97,44.55,100.0,50.108,5.768,4.555,86.345,88.027,7.87,NORMAL
425,2026-06-05 10:15:00+00:00,10,4,0.5,-0.866025,-0.433884,-0.900969,False,False,MORNING,4.0,6.0,10.0,26.0,43.0,227.0,0.12,0.0,0.0,6.521,3.938,52.97,8.33,85.435,83.266,9.03,1.67,11.61,26.63,48.068,45.261,7.5,4.54,14.96,2.17,44.597,8.49,100.0,34.016,False,,0.3,59.739,0.12,0.12,0.12,0.008,0.12,1.0,-0.31,2.152,15.0,0.0,83.921,86.151,48.651,45.801,42.12,100.0,33.568,21.0,1.17,86.319,88.433,53.6,50.331,45.472,100.0,41.553,3.387,4.829,85.904,87.517,7.71,NORMAL
426,2026-06-05 10:30:00+00:00,10,4,0.5,-0.866025,-0.433884,-0.900969,False,False,MORNING,4.0,8.0,11.0,28.0,46.0,226.0,0.36,0.01,0.0106,6.307,4.523,53.4,8.34,86.13,83.414,8.6,1.66,11.97,27.41,47.104,44.407,7.09,4.56,15.35,2.1,43.14,8.65,100.0,35.551,False,,0.9,59.726,0.24,0.36,0.36,0.03,0.36,0.0,-0.16,2.252,14.0,0.0,83.484,85.613,46.678,44.005,42.53,100.0,33.394,21.0,0.0,86.144,88.026,47.994,45.246,44.451,100.0,34.457,5.04,4.784,86.253,87.564,7.71,NORMAL
427,2026-06-05 10:45:00+00:00,10,4,0.5,-0.866025,-0.433884,-0.900969,False,False,MORNING,1.0,5.0,11.0,27.0,47.0,224.0,0.0,0.03,0.0328,2.292,3.536,53.16,8.27,85.739,82.729,8.84,1.73,11.97,27.41,46.747,44.07,7.13,4.56,15.31,2.1,43.285,8.33,100.0,33.092,False,,0.0,59.202,-0.36,-0.12,0.0,0.03,0.36,2.0,-0.16,2.082,13.0,3.27,84.448,86.359,48.38,45.61,42.658,100.0,53.414,23.0,2.63,86.437,88.499,53.249,50.041,44.084,100.0,50.344,1.68,4.899,84.817,86.497,7.39,NORMAL
428,2026-06-05 11:00:00+00:00,11,4,0.258819,-0.965926,-0.433884,-0.900969,False,False,MORNING,2.0,3.0,11.0,27.0,48.0,223.0,0.0,0.0,0.0,3.36,2.475,53.37,8.28,86.085,82.794,8.63,1.72,11.05,25.39,50.839,47.772,6.51,4.56,15.93,1.99,41.009,8.17,100.0,33.117,False,,0.0,60.022,0.0,-0.36,0.0,0.03,0.36,4.0,-0.16,2.042,12.0,2.66,85.426,87.245,55.431,51.97,44.55,100.0,50.108,20.0,0.32,86.428,88.602,48.775,45.97,44.042,100.0,36.514,5.04,4.333,84.576,86.821,7.39,NORMAL
429,2026-06-05 11:15:00+00:00,11,4,0.258819,-0.965926,-0.433884,-0.900969,False,False,MORNING,3.0,5.0,10.0,29.0,50.0,223.0,0.0,0.0,0.0,5.04,4.425,53.41,8.39,86.151,83.921,8.59,1.61,11.56,26.51,48.651,45.801,6.8,4.57,15.63,2.05,42.12,8.17,100.0,33.568,False,,0.0,59.862,0.0,0.0,-0.12,0.03,0.36,0.0,-0.32,2.042,10.0,1.17,86.319,88.433,53.6,50.331,45.472,100.0,41.553,19.0,0.03,86.691,88.769,48.412,45.64,44.605,100.0,34.877,3.36,4.162,83.493,86.672,7.23,NORMAL
430,2026-06-05 11:30:00+00:00,11,4,0.258819,-0.965926,-0.433884,-0.900969,False,False,MORNING,2.0,5.0,8.0,30.0,52.0,223.0,0.0,0.0,0.0,3.36,4.869,53.08,8.35,85.613,83.484,8.92,1.65,11.97,27.41,46.678,44.005,6.91,4.57,15.52,2.07,42.53,8.01,100.0,33.394,False,,0.0,59.241,0.0,0.0,-0.36,0.03,0.36,-3.0,-0.64,2.002,11.0,0.0,86.144,88.026,47.994,45.246,44.451,100.0,34.457,22.0,0.0,85.91,88.5,48.252,45.49,44.624,100.0,34.364,3.36,4.677,83.56,86.131,7.07,NORMAL
431,2026-06-05 11:45:00+00:00,11,4,0.258819,-0.965926,-0.433884,-0.900969,False,False,MORNING,7.0,9.0,14.0,34.0,55.0,227.0,3.27,0.0,0.0,6.262,4.028,53.54,8.44,86.359,84.448,8.46,1.56,11.97,27.41,48.38,45.61,6.81,4.71,15.48,2.07,42.658,8.65,100.0,53.414,False,,8.3,62.099,3.27,3.27,3.27,0.234,3.27,3.0,0.32,2.98,12.0,2.63,86.437,88.499,53.249,50.041,44.084,100.0,50.344,24.0,0.69,85.898,88.913,48.75,45.959,44.695,100.0,38.502,6.142,4.236,84.089,86.814,7.23,NORMAL
432,2026-06-05 12:00:00+00:00,12,4,0.0,-1.0,-0.433884,-0.900969,False,False,MORNING,3.0,10.0,15.0,33.0,55.0,227.0,2.66,0.29,0.1109,6.075,3.485,54.09,8.54,87.245,85.426,7.91,1.46,10.5,24.18,55.431,51.97,7.23,4.8,14.97,2.17,44.55,8.65,100.0,50.108,False,,7.0,63.879,-0.6099999999999999,2.66,2.66,0.401,3.27,4.0,0.48,2.828,10.0,0.32,86.428,88.602,48.775,45.97,44.042,100.0,36.514,21.0,0.0,85.682,89.265,56.781,54.003,44.552,100.0,34.273,2.258,4.195,83.374,86.148,6.91,NORMAL
433,2026-06-05 12:15:00+00:00,12,4,0.0,-1.0,-0.433884,-0.900969,False,False,MORNING,2.0,5.0,14.0,34.0,57.0,227.0,1.17,0.24,0.2042,5.856,2.554,54.83,8.63,88.433,86.319,7.17,1.37,10.87,25.0,53.6,50.331,7.45,4.83,14.72,2.21,45.472,8.49,100.0,41.553,False,,3.2,63.032,-1.4900000000000002,-2.1,1.17,0.474,3.27,4.0,0.32,2.415,11.0,0.03,86.691,88.769,48.412,45.64,44.605,100.0,34.877,22.0,0.0,85.463,88.467,56.536,53.762,44.574,100.0,34.185,0.0,5.105,82.54,84.224,6.43,NORMAL
434,2026-06-05 12:30:00+00:00,12,4,0.0,-1.0,-0.433884,-0.900969,False,False,MORNING,1.0,3.0,13.0,32.0,57.0,227.0,0.0,0.11,0.1054,3.647,4.726,54.58,8.61,88.026,86.144,7.42,1.39,11.97,27.41,47.994,45.246,7.19,4.81,15.0,2.16,44.451,8.18,100.0,34.457,False,,0.0,60.784,-1.17,-2.66,0.0,0.474,3.27,5.0,0.17,2.045,10.0,0.0,85.91,88.5,48.252,45.49,44.624,100.0,34.364,22.0,0.0,85.451,88.578,65.602,62.077,44.833,100.0,34.18,6.596,4.183,84.02,84.959,7.08,NORMAL
435,2026-06-05 12:45:00+00:00,12,4,0.0,-1.0,-0.433884,-0.900969,False,False,MORNING,6.0,7.0,12.0,37.0,62.0,229.0,2.63,0.0,0.0,5.665,4.373,54.87,8.64,88.499,86.437,7.13,1.36,11.08,25.46,53.249,50.041,7.01,4.9,15.1,2.14,44.084,8.66,100.0,50.344,False,,7.4,63.803,2.63,1.46,-0.6400000000000001,0.638,3.27,-2.0,0.01,2.822,11.0,0.69,85.898,88.913,48.75,45.959,44.695,100.0,38.502,22.0,0.0,84.884,88.882,56.537,53.771,45.096,100.0,33.954,6.403,4.491,84.836,85.598,7.4,NORMAL
436,2026-06-05 13:00:00+00:00,13,4,-0.258819,-0.965926,-0.433884,-0.900969,False,False,MORNING,1.0,7.0,10.0,36.0,61.0,230.0,0.32,0.24,0.2365,5.551,5.3,54.93,8.64,88.602,86.428,7.07,1.36,11.89,27.23,48.775,45.97,7.01,4.88,15.11,2.14,44.042,8.34,100.0,36.514,False,,0.9,61.316,-2.31,0.32,-2.3400000000000003,0.658,3.27,-5.0,-0.31,2.165,10.0,0.0,85.682,89.265,56.781,54.003,44.552,100.0,34.273,20.0,0.0,82.901,87.148,59.335,56.309,45.423,98.775,33.16,6.243,3.977,86.528,86.239,7.08,NORMAL
437,2026-06-05 13:15:00+00:00,13,4,-0.258819,-0.965926,-0.433884,-0.900969,False,False,MORNING,3.0,4.0,11.0,35.0,61.0,230.0,0.03,0.03,0.0291,5.528,5.01,55.04,8.67,88.769,86.691,6.96,1.33,11.97,27.41,48.412,45.64,7.19,4.86,14.96,2.17,44.605,8.34,100.0,34.877,False,,0.1,61.187,-0.29000000000000004,-2.6,-1.14,0.66,3.27,-3.0,-0.15,2.092,8.0,0.0,85.463,88.467,56.536,53.762,44.574,100.0,34.185,23.0,2.48,83.812,87.346,56.703,53.928,45.583,100.0,48.381,5.958,2.623,87.477,87.431,6.92,NORMAL
438,2026-06-05 13:30:00+00:00,13,4,-0.258819,-0.965926,-0.433884,-0.900969,False,False,MORNING,2.0,5.0,12.0,33.0,61.0,227.0,0.0,0.0,0.003,3.416,4.394,54.87,8.59,88.5,85.91,7.13,1.41,11.97,27.41,48.252,45.49,7.22,4.83,14.95,2.17,44.624,8.18,100.0,34.364,False,,0.0,60.917,-0.03,-0.32,0.0,0.66,3.27,-1.0,0.0,2.045,12.0,0.0,85.451,88.578,65.602,62.077,44.833,100.0,34.18,19.0,2.99,85.191,86.871,57.743,54.884,46.634,100.0,52.005,3.36,3.093,86.481,87.699,6.76,NORMAL
439,2026-06-05 13:45:00+00:00,13,4,-0.258819,-0.965926,-0.433884,-0.900969,False,False,MORNING,4.0,6.0,10.0,36.0,63.0,229.0,0.69,0.0,0.0,5.56,4.542,55.13,8.59,88.913,85.898,6.87,1.41,11.97,27.41,48.75,45.959,7.23,4.83,14.93,2.17,44.695,8.34,100.0,38.502,False,,2.0,61.57,0.69,0.6599999999999999,-1.94,0.703,3.27,-2.0,-0.32,2.258,13.0,0.0,84.884,88.882,56.537,53.771,45.096,100.0,33.954,17.0,0.45,86.087,87.58,55.916,53.18,46.613,100.0,37.13,5.04,4.419,85.892,88.045,6.76,NORMAL
440,2026-06-05 14:00:00+00:00,14,4,-0.5,-0.866025,-0.433884,-0.900969,False,False,EVENING,2.0,6.0,11.0,36.0,63.0,226.0,0.0,0.06,0.0621,4.52,3.732,55.34,8.57,89.265,85.682,6.66,1.43,10.26,23.29,56.781,54.003,7.22,4.81,14.97,2.17,44.552,8.18,100.0,34.273,False,,0.0,63.078,-0.69,0.0,-0.32,0.703,3.27,1.0,-0.16,2.045,11.0,0.0,82.901,87.148,59.335,56.309,45.423,98.775,33.16,20.0,0.02,86.345,88.027,73.069,68.845,47.409,100.0,34.634,5.665,4.167,85.862,88.654,7.08,NORMAL
441,2026-06-05 14:15:00+00:00,14,4,-0.5,-0.866025,-0.433884,-0.900969,False,False,EVENING,2.0,4.0,10.0,35.0,64.0,224.0,0.0,0.0,0.0,3.36,5.426,54.85,8.55,88.467,85.463,7.15,1.45,10.21,23.19,56.536,53.762,7.25,4.79,14.96,2.17,44.574,8.02,100.0,34.185,False,,0.0,62.803,0.0,-0.69,-0.03,0.696,3.27,-1.0,-0.32,2.005,14.0,2.48,83.812,87.346,56.703,53.928,45.583,100.0,48.381,18.0,0.0,85.904,87.517,70.068,66.111,48.0,100.0,34.362,4.415,4.084,85.864,88.787,6.76,NORMAL
442,2026-06-05 14:30:00+00:00,14,4,-0.5,-0.866025,-0.433884,-0.900969,False,False,EVENING,3.0,5.0,11.0,36.0,66.0,224.0,0.0,0.0,0.0,5.04,4.771,54.92,8.55,88.578,85.451,7.08,1.45,8.81,20.11,65.602,62.077,7.33,4.77,14.9,2.18,44.833,8.02,100.0,34.18,False,,0.0,64.934,0.0,0.0,0.0,0.673,3.27,-1.0,-0.16,2.005,10.0,2.99,85.191,86.871,57.743,54.884,46.634,100.0,52.005,16.0,0.0,86.253,87.564,55.699,52.973,46.537,100.0,34.501,1.68,4.136,84.144,88.074,6.44,NORMAL
443,2026-06-05 14:45:00+00:00,14,4,-0.5,-0.866025,-0.433884,-0.900969,False,False,EVENING,3.0,6.0,10.0,32.0,66.0,224.0,0.0,0.0,0.0,5.04,4.512,55.11,8.49,88.882,84.884,6.89,1.51,10.26,23.29,56.537,53.771,7.43,4.75,14.82,2.19,45.096,8.02,100.0,33.954,False,,0.0,62.826,0.0,0.0,-0.69,0.673,3.27,0.0,-0.32,2.005,9.0,0.45,86.087,87.58,55.916,53.18,46.613,100.0,37.13,20.0,0.0,84.817,86.497,55.02,52.328,46.894,100.0,33.927,1.68,4.112,82.955,87.285,6.12,NORMAL
444,2026-06-05 15:00:00+00:00,15,4,-0.707107,-0.707107,-0.433884,-0.900969,False,False,EVENING,0.0,3.0,8.0,29.0,62.0,221.0,0.0,0.0,0.0,0.0,5.093,54.03,8.29,87.148,82.901,7.97,1.71,9.59,21.81,59.335,56.309,7.55,4.71,14.74,2.21,45.423,7.54,98.775,33.16,False,,0.0,62.608,0.0,0.0,0.0,0.673,3.27,-3.0,-0.64,1.885,9.0,0.02,86.345,88.027,73.069,68.845,47.409,100.0,34.634,24.0,0.0,84.576,86.821,55.226,52.524,45.299,100.0,33.831,3.36,2.518,82.608,87.68,5.96,NORMAL
445,2026-06-05 15:15:00+00:00,15,4,-0.707107,-0.707107,-0.433884,-0.900969,False,False,EVENING,6.0,6.0,12.0,33.0,67.0,224.0,2.48,0.0,0.0,5.92,5.067,54.15,8.38,87.346,83.812,7.85,1.62,10.26,23.29,56.703,53.928,7.53,4.78,14.69,2.22,45.583,8.02,100.0,48.381,False,,6.7,63.944,2.48,2.48,2.48,0.828,3.27,2.0,0.0,2.625,9.0,0.0,85.904,87.517,70.068,66.111,48.0,100.0,34.362,22.0,0.0,83.493,86.672,55.132,52.434,46.313,100.0,33.397,5.04,4.236,82.905,87.957,5.96,NORMAL
446,2026-06-05 15:30:00+00:00,15,4,-0.707107,-0.707107,-0.433884,-0.900969,False,False,EVENING,4.0,10.0,13.0,36.0,68.0,227.0,2.99,0.22,0.0746,5.86,6.485,53.86,8.52,86.871,85.191,8.14,1.48,10.06,22.86,57.743,54.884,7.72,4.87,14.41,2.27,46.634,8.19,100.0,52.005,False,,8.1,64.776,0.5100000000000002,2.99,2.99,1.015,3.27,2.0,0.17,2.795,9.0,0.0,86.253,87.564,55.699,52.973,46.537,100.0,34.501,22.0,0.0,83.56,86.131,54.787,52.106,45.61,100.0,33.424,3.36,4.644,82.668,87.478,5.81,NORMAL
447,2026-06-05 15:45:00+00:00,15,4,-0.707107,-0.707107,-0.433884,-0.900969,False,False,EVENING,1.0,5.0,11.0,31.0,68.0,225.0,0.45,0.27,0.2689,5.945,3.83,54.3,8.61,87.58,86.087,7.7,1.39,10.26,23.29,55.916,53.18,7.73,4.86,14.41,2.27,46.613,7.87,100.0,37.13,False,,1.2,63.06,-2.54,-2.03,0.45,0.839,2.99,1.0,-0.15,2.08,8.0,0.0,84.817,86.497,55.02,52.328,46.894,100.0,33.927,22.0,0.34,84.089,86.814,56.038,53.277,45.725,100.0,35.699,1.68,3.945,81.716,86.718,5.49,NORMAL
448,2026-06-05 16:00:00+00:00,16,4,-0.866025,-0.5,-0.433884,-0.900969,False,False,EVENING,3.0,4.0,14.0,33.0,69.0,224.0,0.02,0.04,0.0404,5.768,4.555,54.58,8.63,88.027,86.345,7.42,1.37,7.86,18.02,73.069,68.845,7.96,4.84,14.2,2.3,47.409,7.87,100.0,34.634,False,,0.0,66.944,-0.43,-2.97,0.02,0.674,2.99,6.0,0.33,1.972,11.0,0.0,84.576,86.821,55.226,52.524,45.299,100.0,33.831,21.0,0.0,83.374,86.148,54.798,52.117,46.752,100.0,33.35,1.68,2.99,80.769,86.342,5.17,NORMAL
449,2026-06-05 16:15:00+00:00,16,4,-0.866025,-0.5,-0.433884,-0.900969,False,False,EVENING,2.0,5.0,10.0,32.0,67.0,219.0,0.0,0.0,0.0014,3.387,4.829,54.26,8.59,87.517,85.904,7.74,1.41,8.15,18.65,70.068,66.111,8.15,4.81,14.04,2.33,48.0,7.71,100.0,34.362,False,,0.0,66.096,-0.02,-0.45,-2.48,0.601,2.99,-2.0,-0.31,1.928,9.0,0.0,83.493,86.672,55.132,52.434,46.313,100.0,33.397,25.0,0.0,82.54,84.224,53.575,50.953,44.776,87.683,33.016,5.04,3.363,81.96,86.827,5.17,NORMAL
450,2026-06-05 16:30:00+00:00,16,4,-0.866025,-0.5,-0.433884,-0.900969,False,False,EVENING,3.0,5.0,9.0,33.0,66.0,219.0,0.0,0.0,0.0,5.04,4.784,54.29,8.63,87.564,86.253,7.71,1.37,10.26,23.29,55.699,52.973,7.76,4.8,14.44,2.26,46.537,7.71,100.0,34.501,False,,0.0,62.744,0.0,-0.02,-2.99,0.601,2.99,-4.0,-0.48,1.928,7.0,0.0,83.56,86.131,54.787,52.106,45.61,100.0,33.424,26.0,3.07,84.02,84.959,55.461,52.747,47.122,100.0,52.049,3.36,2.861,81.407,87.117,5.01,NORMAL
451,2026-06-05 16:45:00+00:00,16,4,-0.866025,-0.5,-0.433884,-0.900969,False,False,EVENING,1.0,4.0,9.0,30.0,66.0,218.0,0.0,0.0,0.0,1.68,4.899,53.63,8.48,86.497,84.817,8.37,1.52,10.26,23.29,55.02,52.328,7.89,4.77,14.34,2.28,46.894,7.39,100.0,33.927,False,,0.0,62.095,0.0,0.0,-0.45,0.436,2.99,-2.0,-0.48,1.848,12.0,0.34,84.089,86.814,56.038,53.277,45.725,100.0,35.699,20.0,4.26,84.836,85.598,56.416,53.656,47.185,100.0,59.507,0.0,4.169,79.303,85.775,4.53,NORMAL
452,2026-06-05 17:00:00+00:00,17,4,-0.965926,-0.258819,-0.433884,-0.900969,False,False,EVENING,3.0,4.0,9.0,31.0,67.0,215.0,0.0,0.0,0.0,5.04,4.333,53.83,8.46,86.821,84.576,8.17,1.54,10.26,23.29,55.226,52.524,7.48,4.75,14.77,2.2,45.299,7.39,100.0,33.831,False,,0.0,62.023,0.0,0.0,-0.02,0.416,2.99,-5.0,-0.48,1.848,13.0,0.0,83.374,86.148,54.798,52.117,46.752,100.0,33.35,16.0,1.55,86.528,86.239,61.294,58.11,45.897,100.0,43.888,3.36,2.989,80.554,85.723,4.37,NORMAL
453,2026-06-05 17:15:00+00:00,17,4,-0.965926,-0.258819,-0.433884,-0.900969,False,False,EVENING,2.0,5.0,9.0,31.0,66.0,214.0,0.0,0.0,0.0,3.36,4.162,53.74,8.35,86.672,83.493,8.26,1.65,10.26,23.29,55.132,52.434,7.79,4.72,14.5,2.25,46.313,7.23,100.0,33.397,False,,0.0,61.843,0.0,0.0,0.0,0.414,2.99,-1.0,-0.48,1.808,13.0,0.0,82.54,84.224,53.575,50.953,44.776,87.683,33.016,17.0,0.0,87.477,87.431,55.734,53.004,45.635,100.0,34.991,0.0,4.632,79.681,83.996,3.89,NORMAL
454,2026-06-05 17:30:00+00:00,17,4,-0.965926,-0.258819,-0.433884,-0.900969,False,False,EVENING,2.0,4.0,8.0,30.0,66.0,212.0,0.0,0.0,0.0,3.36,4.677,53.4,8.36,86.131,83.56,8.6,1.64,10.26,23.29,54.787,52.106,7.62,4.69,14.69,2.22,45.61,7.07,100.0,33.424,False,,0.0,61.593,0.0,0.0,0.0,0.414,2.99,-1.0,-0.64,1.768,15.0,3.07,84.02,84.959,55.461,52.747,47.122,100.0,52.049,18.0,0.0,86.481,87.699,55.785,53.055,45.943,100.0,34.592,3.36,2.754,80.014,84.186,3.73,NORMAL
455,2026-06-05 17:45:00+00:00,17,4,-0.965926,-0.258819,-0.433884,-0.900969,False,False,EVENING,4.0,6.0,11.0,31.0,63.0,213.0,0.34,0.0,0.0,6.142,4.236,53.82,8.41,86.814,84.089,8.18,1.59,10.14,23.03,56.038,53.277,7.65,4.69,14.65,2.22,45.725,7.23,100.0,35.699,False,,0.9,62.368,0.34,0.34,0.34,0.392,2.99,2.0,-0.16,1.892,10.0,4.26,84.836,85.598,56.416,53.656,47.185,100.0,59.507,18.0,0.0,85.892,88.045,56.005,53.264,46.19,100.0,34.357,1.68,1.921,79.946,84.1,3.41,NORMAL
456,2026-06-05 18:00:00+00:00,18,4,-1.0,-0.0,-0.433884,-0.900969,False,False,EVENING,1.0,5.0,9.0,32.0,61.0,210.0,0.0,0.03,0.0309,2.258,4.195,53.41,8.34,86.148,83.374,8.59,1.66,10.26,23.29,54.798,52.117,7.95,4.67,14.38,2.27,46.752,6.91,100.0,33.35,False,,0.0,61.665,-0.34,0.0,0.0,0.392,2.99,0.0,-0.48,1.728,8.0,1.55,86.528,86.239,61.294,58.11,45.897,100.0,43.888,16.0,1.63,85.862,88.654,61.894,58.714,45.742,100.0,44.114,6.668,3.222,81.663,85.213,3.63,NORMAL
457,2026-06-05 18:15:00+00:00,18,4,-1.0,-0.0,-0.433884,-0.900969,False,False,EVENING,0.0,1.0,7.0,26.0,59.0,207.0,0.0,0.0,0.0,0.0,5.105,52.22,8.25,84.224,82.54,9.78,1.75,10.26,23.29,53.575,50.953,7.44,4.64,14.91,2.18,44.776,6.43,87.683,33.016,False,,0.0,59.502,0.0,-0.34,0.0,0.392,2.99,-2.0,-0.8,1.608,12.0,0.0,87.477,87.431,55.734,53.004,45.635,100.0,34.991,12.0,0.0,85.864,88.787,61.509,58.339,45.007,100.0,34.346,1.732,3.122,80.801,84.791,3.05,NORMAL
458,2026-06-05 18:30:00+00:00,18,4,-1.0,-0.0,-0.433884,-0.900969,False,False,EVENING,7.0,7.0,12.0,29.0,65.0,209.0,3.07,0.0,0.0,6.596,4.183,52.67,8.4,84.959,84.02,9.33,1.6,10.26,23.29,55.461,52.747,7.97,4.75,14.28,2.29,47.122,7.08,100.0,52.049,False,,7.4,63.686,3.07,3.07,3.07,0.584,3.07,4.0,0.01,2.538,11.0,0.0,86.481,87.699,55.785,53.055,45.943,100.0,34.592,14.0,0.0,84.144,88.074,56.721,53.925,45.746,100.0,33.657,3.36,0.851,81.112,85.753,2.78,NORMAL
459,2026-06-05 18:45:00+00:00,18,4,-1.0,-0.0,-0.433884,-0.900969,False,False,EVENING,5.0,12.0,13.0,33.0,64.0,211.0,4.26,0.28,0.0649,6.403,4.491,53.07,8.48,85.598,84.836,8.93,1.52,10.26,23.29,56.416,53.656,7.85,4.89,14.26,2.29,47.185,7.4,100.0,59.507,False,,10.6,64.98,1.19,4.26,3.92,0.851,4.26,2.0,0.17,2.915,10.0,0.0,85.892,88.045,56.005,53.264,46.19,100.0,34.357,15.0,0.0,82.955,87.285,59.795,56.734,47.251,100.0,33.182,3.36,4.251,82.479,85.173,2.52,NORMAL
460,2026-06-05 19:00:00+00:00,19,4,-0.965926,0.258819,-0.433884,-0.900969,False,False,EVENING,1.0,6.0,13.0,31.0,64.0,207.0,1.55,0.38,0.2481,6.243,3.977,53.47,8.65,86.239,86.528,8.53,1.35,9.3,21.18,61.294,58.11,7.48,4.92,14.61,2.23,45.897,7.08,100.0,43.888,False,,4.0,64.729,-2.71,-1.5199999999999998,1.55,0.948,4.26,4.0,0.17,2.158,8.0,1.63,85.862,88.654,61.894,58.714,45.742,100.0,44.114,14.0,0.0,82.608,87.68,68.3,64.51,46.71,100.0,33.043,3.36,2.617,82.431,85.48,2.26,NORMAL
461,2026-06-05 19:15:00+00:00,19,4,-0.965926,0.258819,-0.433884,-0.900969,False,False,EVENING,2.0,3.0,15.0,31.0,63.0,209.0,0.0,0.14,0.1392,5.958,2.623,54.21,8.75,87.431,87.477,7.79,1.25,10.24,23.24,55.734,53.004,7.43,4.9,14.68,2.22,45.635,6.92,100.0,34.991,False,,0.0,62.886,-1.55,-4.26,0.0,0.792,4.26,8.0,0.49,1.73,5.0,0.0,85.864,88.787,61.509,58.339,45.007,100.0,34.346,14.0,0.0,82.905,87.957,58.148,55.236,45.141,100.0,33.162,1.68,4.179,81.585,84.609,1.83,NORMAL
462,2026-06-05 19:30:00+00:00,19,4,-0.965926,0.258819,-0.433884,-0.900969,False,False,EVENING,2.0,4.0,10.0,30.0,63.0,208.0,0.0,0.0,0.0,3.36,3.093,54.37,8.65,87.699,86.481,7.63,1.35,10.26,23.29,55.785,53.055,7.54,4.87,14.6,2.23,45.943,6.76,100.0,34.592,False,,0.0,62.786,0.0,-1.55,-3.07,0.606,4.26,-2.0,-0.32,1.69,7.0,0.0,84.144,88.074,56.721,53.925,45.746,100.0,33.657,11.0,0.0,82.668,87.478,55.644,52.921,44.931,100.0,33.067,0.0,2.681,80.88,83.642,1.25,NORMAL
463,2026-06-05 19:45:00+00:00,19,4,-0.965926,0.258819,-0.433884,-0.900969,False,False,EVENING,3.0,5.0,8.0,32.0,62.0,209.0,0.0,0.0,0.0,5.04,4.419,54.59,8.59,88.045,85.892,7.41,1.41,10.26,23.29,56.005,53.264,7.63,4.84,14.53,2.24,46.19,6.76,100.0,34.357,False,,0.0,62.818,0.0,0.0,-4.26,0.578,4.26,-5.0,-0.64,1.69,8.0,0.0,82.955,87.285,59.795,56.734,47.251,100.0,33.182,11.0,0.0,81.716,86.718,79.511,74.602,44.182,100.0,32.686,1.68,1.621,80.545,83.72,0.83,NORMAL
464,2026-06-05 20:00:00+00:00,20,4,-0.866025,0.5,-0.433884,-0.900969,False,False,EVENING,5.0,8.0,12.0,34.0,65.0,211.0,1.63,0.0,0.0,5.665,4.167,54.97,8.59,88.654,85.862,7.03,1.41,9.47,21.56,61.894,58.714,7.48,4.87,14.65,2.22,45.742,7.08,100.0,44.114,False,,4.6,65.309,1.63,1.63,0.07999999999999985,0.678,4.26,-1.0,0.0,2.178,8.0,0.0,82.608,87.68,68.3,64.51,46.71,100.0,33.043,11.0,0.0,80.769,86.342,90.908,68.21,43.288,100.0,32.308,6.72,3.88,82.438,84.56,0.88,NORMAL
465,2026-06-05 20:15:00+00:00,20,4,-0.866025,0.5,-0.433884,-0.900969,False,False,EVENING,1.0,6.0,11.0,33.0,64.0,208.0,0.0,0.15,0.1465,4.415,4.084,55.05,8.59,88.787,85.864,6.95,1.41,9.42,21.45,61.509,58.339,7.31,4.84,14.85,2.19,45.007,6.76,100.0,34.346,False,,0.0,64.138,-1.63,0.0,0.0,0.678,4.26,-4.0,-0.16,1.69,7.0,0.0,82.905,87.957,58.148,55.236,45.141,100.0,33.162,15.0,0.0,81.96,86.827,98.673,72.677,46.439,100.0,32.784,3.36,3.273,82.446,84.593,0.62,NORMAL
466,2026-06-05 20:30:00+00:00,20,4,-0.866025,0.5,-0.433884,-0.900969,False,False,EVENING,1.0,2.0,10.0,32.0,62.0,206.0,0.0,0.0,0.0,1.68,4.136,54.61,8.41,88.074,84.144,7.39,1.59,10.13,23.01,56.721,53.925,7.55,4.8,14.65,2.22,45.746,6.44,100.0,33.657,False,,0.0,62.6,0.0,-1.63,0.0,0.678,4.26,0.0,-0.32,1.61,7.0,0.0,82.668,87.478,55.644,52.921,44.931,100.0,33.067,12.0,0.0,81.407,87.117,90.678,68.22,46.142,100.0,32.563,1.68,2.529,81.602,84.387,0.2,NORMAL
467,2026-06-05 20:45:00+00:00,20,4,-0.866025,0.5,-0.433884,-0.900969,False,False,EVENING,1.0,2.0,8.0,29.0,60.0,206.0,0.0,0.0,0.0,1.68,4.112,54.12,8.3,87.285,82.955,7.88,1.7,9.53,21.68,59.795,56.734,8.0,4.75,14.24,2.3,47.251,6.12,100.0,33.182,False,,0.0,63.03,0.0,0.0,0.0,0.678,4.26,0.0,-0.64,1.53,7.0,0.0,81.716,86.718,79.511,74.602,44.182,100.0,32.686,12.0,0.0,79.303,85.775,89.281,67.169,45.711,68.633,31.721,1.68,2.607,79.717,84.317,0.0,NORMAL
468,2026-06-05 21:00:00+00:00,21,4,-0.707107,0.707107,-0.433884,-0.900969,False,False,EVENING,2.0,3.0,5.0,30.0,62.0,206.0,0.0,0.0,0.0,3.36,2.518,54.36,8.26,87.68,82.608,7.64,1.74,8.38,19.15,68.3,64.51,7.9,4.71,14.39,2.27,46.71,5.96,100.0,33.043,False,,0.0,64.952,0.0,0.0,-1.63,0.678,4.26,-7.0,-1.12,1.49,6.0,0.0,80.769,86.342,90.908,68.21,43.288,100.0,32.308,14.0,0.0,80.554,85.723,89.227,67.129,45.536,100.0,32.222,5.04,3.428,80.74,84.802,0.0,NORMAL
469,2026-06-05 21:15:00+00:00,21,4,-0.707107,0.707107,-0.433884,-0.900969,False,False,EVENING,3.0,5.0,7.0,33.0,59.0,203.0,0.0,0.0,0.0,5.04,4.236,54.53,8.29,87.957,82.905,7.47,1.71,9.87,22.44,58.148,55.236,7.51,4.68,14.81,2.19,45.141,5.96,100.0,33.162,False,,0.0,62.6,0.0,0.0,0.0,0.678,4.26,-4.0,-0.8,1.49,7.0,0.0,81.96,86.827,98.673,72.677,46.439,100.0,32.784,14.0,0.0,79.681,83.996,87.43,65.776,46.318,62.25,31.872,1.68,3.62,79.989,84.141,0.0,NORMAL
470,2026-06-05 21:30:00+00:00,21,4,-0.707107,0.707107,-0.433884,-0.900969,False,False,EVENING,2.0,5.0,8.0,28.0,57.0,201.0,0.0,0.0,0.0,3.36,4.644,54.24,8.27,87.478,82.668,7.76,1.73,10.26,23.29,55.644,52.921,7.48,4.65,14.87,2.18,44.931,5.81,100.0,33.067,False,,0.0,61.85,0.0,0.0,0.0,0.678,4.26,-2.0,-0.63,1.452,4.0,0.0,81.407,87.117,90.678,68.22,46.142,100.0,32.563,15.0,0.0,80.014,84.186,87.628,65.925,45.873,100.0,32.006,0.0,3.128,78.468,83.125,0.0,NORMAL
471,2026-06-05 21:45:00+00:00,21,4,-0.707107,0.707107,-0.433884,-0.900969,False,False,EVENING,1.0,3.0,8.0,24.0,57.0,196.0,0.0,0.0,0.0,1.68,3.945,53.77,8.17,86.718,81.716,8.23,1.83,7.12,16.38,79.511,74.602,7.31,4.62,15.07,2.15,44.182,5.49,100.0,32.686,False,,0.0,66.891,0.0,0.0,0.0,0.657,4.26,0.0,-0.63,1.372,4.0,0.0,79.303,85.775,89.281,67.169,45.711,68.633,31.721,13.0,0.0,79.946,84.1,87.538,65.858,45.645,83.067,31.978,3.36,4.003,79.434,82.71,0.0,NORMAL
472,2026-06-05 22:00:00+00:00,22,4,-0.5,0.866025,-0.433884,-0.900969,False,False,NIGHT,1.0,2.0,7.0,24.0,55.0,193.0,0.0,0.0,0.0,1.68,2.99,53.53,8.08,86.342,80.769,8.47,1.92,6.2,17.84,90.908,68.21,7.1,4.59,15.31,2.1,43.288,5.17,100.0,32.308,False,,0.0,67.139,0.0,0.0,0.0,0.657,4.26,2.0,-0.79,1.292,5.0,0.0,80.554,85.723,89.227,67.129,45.536,100.0,32.222,13.0,1.03,81.663,85.213,100.0,74.153,44.567,100.0,38.85,3.36,2.47,80.613,82.879,0.0,NORMAL
473,2026-06-05 22:15:00+00:00,22,4,-0.5,0.866025,-0.433884,-0.900969,False,False,NIGHT,3.0,4.0,7.0,25.0,56.0,194.0,0.0,0.0,0.0,5.04,3.363,53.83,8.2,86.827,81.96,8.17,1.8,5.74,16.83,98.673,72.677,7.97,4.57,14.46,2.26,46.439,5.17,100.0,32.784,False,,0.0,69.235,0.0,0.0,0.0,0.657,4.26,0.0,-0.79,1.292,8.0,0.0,79.681,83.996,87.43,65.776,46.318,62.25,31.872,12.0,0.0,80.801,84.791,88.257,66.399,45.935,37.133,32.32,1.68,2.423,79.99,82.68,0.0,NORMAL
474,2026-06-05 22:30:00+00:00,22,4,-0.5,0.866025,-0.433884,-0.900969,False,False,NIGHT,2.0,5.0,7.0,25.0,55.0,194.0,0.0,0.0,0.0,3.36,2.861,54.01,8.14,87.117,81.407,7.99,1.86,6.27,17.99,90.678,68.22,7.91,4.55,14.54,2.24,46.142,5.01,100.0,32.563,False,,0.0,67.668,0.0,0.0,0.0,0.465,4.26,-1.0,-0.8,1.252,8.0,0.0,80.014,84.186,87.628,65.925,45.873,100.0,32.006,14.0,0.0,81.112,85.753,89.258,67.152,48.812,85.7,32.445,6.72,3.239,81.812,83.79,0.06,NORMAL
475,2026-06-05 22:45:00+00:00,22,4,-0.5,0.866025,-0.433884,-0.900969,False,False,NIGHT,0.0,2.0,6.0,22.0,54.0,189.0,0.0,0.0,0.0,0.0,4.169,53.18,7.93,85.775,79.303,8.82,2.07,6.27,17.99,89.281,67.169,7.83,4.51,14.66,2.22,45.711,4.53,68.633,31.721,False,,0.0,63.796,0.0,0.0,0.0,0.199,1.63,-2.0,-0.96,1.132,8.0,0.0,79.946,84.1,87.538,65.858,45.645,83.067,31.978,13.0,0.0,82.479,85.173,88.655,66.698,49.318,83.067,32.992,0.0,2.145,80.983,83.059,0.0,NORMAL
476,2026-06-05 23:00:00+00:00,23,4,-0.258819,0.965926,-0.433884,-0.900969,False,False,NIGHT,2.0,2.0,7.0,19.0,53.0,187.0,0.0,0.0,0.0,3.36,2.989,53.15,8.06,85.723,80.554,8.85,1.94,6.27,17.99,89.227,67.129,7.8,4.5,14.71,2.21,45.536,4.37,100.0,32.222,False,,0.0,66.831,0.0,0.0,0.0,0.102,1.63,0.0,-0.8,1.092,9.0,1.03,81.663,85.213,100.0,74.153,44.567,100.0,38.85,12.0,0.0,82.431,85.48,93.402,69.463,46.507,80.433,32.972,1.68,2.487,79.429,82.984,0.0,NORMAL
477,2026-06-05 23:15:00+00:00,23,4,-0.258819,0.965926,-0.433884,-0.900969,False,False,NIGHT,0.0,2.0,4.0,18.0,51.0,186.0,0.0,0.0,0.0,0.0,4.632,52.08,7.97,83.996,79.681,9.92,2.03,6.27,17.99,87.43,65.776,8.03,4.47,14.49,2.25,46.318,3.89,62.25,31.872,False,,0.0,62.571,0.0,0.0,0.0,0.102,1.63,-3.0,-1.28,0.972,6.0,0.0,80.801,84.791,88.257,66.399,45.935,37.133,32.32,13.0,0.0,81.585,84.609,88.068,66.257,47.482,50.6,32.634,6.72,2.153,80.943,84.581,0.06,NORMAL
478,2026-06-05 23:30:00+00:00,23,4,-0.258819,0.965926,-0.433884,-0.900969,False,False,NIGHT,2.0,2.0,4.0,19.0,51.0,188.0,0.0,0.0,0.0,3.36,2.754,52.2,8.0,84.186,80.014,9.8,2.0,6.27,17.99,87.628,65.925,7.93,4.46,14.61,2.23,45.873,3.73,100.0,32.006,False,,0.0,66.079,0.0,0.0,0.0,0.102,1.63,-3.0,-1.28,0.932,7.0,0.0,81.112,85.753,89.258,67.152,48.812,85.7,32.445,13.0,0.0,80.88,83.642,100.0,82.168,47.588,19.167,32.352,1.68,3.062,81.25,83.974,0.0,NORMAL
479,2026-06-05 23:45:00+00:00,23,4,-0.258819,0.965926,-0.433884,-0.900969,False,False,NIGHT,1.0,3.0,5.0,19.0,48.0,187.0,0.0,0.0,0.0,1.68,1.921,52.14,7.99,84.1,79.946,9.86,2.01,6.27,17.99,87.538,65.858,7.88,4.45,14.68,2.22,45.645,3.41,83.067,31.978,False,,0.0,64.483,0.0,0.0,0.0,0.102,1.63,-1.0,-1.12,0.852,5.0,0.0,82.479,85.173,88.655,66.698,49.318,83.067,32.992,13.0,0.0,80.545,83.72,92.003,68.327,45.593,40.533,32.218,0.0,4.287,79.714,82.493,0.0,NORMAL
480,2026-06-06 00:00:00+00:00,0,5,0.0,1.0,-0.974928,-0.222521,True,False,NIGHT,5.0,6.0,8.0,22.0,52.0,191.0,1.03,0.0,0.0,6.668,3.222,52.83,8.17,85.213,81.663,9.17,1.83,5.52,16.33,100.0,74.153,7.54,4.49,14.97,2.17,44.567,3.63,100.0,38.85,False,,2.5,69.648,1.03,1.03,1.03,0.064,1.03,1.0,-0.74,1.165,4.0,0.0,82.431,85.48,93.402,69.463,46.507,80.433,32.972,14.0,0.0,82.438,84.56,88.016,66.218,44.564,100.0,32.975,5.04,1.291,80.428,83.89,0.0,NORMAL
481,2026-06-06 00:15:00+00:00,0,5,0.0,1.0,-0.974928,-0.222521,True,False,NIGHT,0.0,5.0,8.0,19.0,52.0,191.0,0.0,0.09,0.0928,1.732,3.122,52.57,8.08,84.791,80.801,9.43,1.92,6.27,17.99,88.257,66.399,7.92,4.48,14.6,2.23,45.935,3.05,37.133,32.32,False,,0.0,60.849,-1.03,0.0,0.0,0.064,1.03,4.0,-0.84,0.762,6.0,0.0,81.585,84.609,88.068,66.257,47.482,50.6,32.634,12.0,0.0,82.446,84.593,95.937,70.699,45.103,64.067,32.978,5.04,2.844,81.551,84.594,0.0,NORMAL
482,2026-06-06 00:30:00+00:00,0,5,0.0,1.0,-0.974928,-0.222521,True,False,NIGHT,2.0,2.0,8.0,19.0,47.0,193.0,0.0,0.0,0.0,3.36,0.851,53.17,8.11,85.753,81.112,8.83,1.89,6.27,17.99,89.258,67.152,8.7,4.48,13.82,2.37,48.812,2.78,85.7,32.445,False,,0.0,65.963,0.0,-1.03,0.0,0.064,1.03,4.0,-0.95,0.695,7.0,0.0,80.88,83.642,100.0,82.168,47.588,19.167,32.352,11.0,0.0,81.602,84.387,87.837,66.083,46.204,34.233,32.641,6.528,3.184,82.682,85.76,0.06,NORMAL
483,2026-06-06 00:45:00+00:00,0,5,0.0,1.0,-0.974928,-0.222521,True,False,NIGHT,2.0,4.0,9.0,20.0,44.0,193.0,0.0,0.0,0.0,3.36,4.251,52.81,8.25,85.173,82.479,9.19,1.75,6.27,17.99,88.655,66.698,8.83,4.49,13.68,2.4,49.318,2.52,83.067,32.992,False,,0.0,65.791,0.0,0.0,0.0,0.064,1.03,4.0,-0.89,0.63,8.0,0.0,80.545,83.72,92.003,68.327,45.593,40.533,32.218,14.0,0.0,79.717,84.317,100.0,73.518,45.058,32.267,31.887,3.552,4.25,83.473,85.351,0.0,NORMAL
484,2026-06-06 01:00:00+00:00,1,5,0.258819,0.965926,-0.974928,-0.222521,True,False,NIGHT,2.0,4.0,6.0,21.0,45.0,194.0,0.0,0.0,0.0,3.36,2.617,53.0,8.24,85.48,82.431,9.0,1.76,5.97,17.34,93.402,69.463,8.06,4.5,14.44,2.26,46.507,2.26,80.433,32.972,False,,0.0,66.26,0.0,0.0,-1.03,0.064,1.03,-2.0,-1.37,0.565,8.0,0.0,82.438,84.56,88.016,66.218,44.564,100.0,32.975,13.0,0.0,80.74,84.802,88.269,66.408,41.926,83.467,32.296,1.68,4.66,82.345,84.331,0.0,NORMAL
485,2026-06-06 01:15:00+00:00,1,5,0.258819,0.965926,-0.974928,-0.222521,True,False,NIGHT,1.0,3.0,7.0,19.0,44.0,195.0,0.0,0.0,0.0,1.68,4.179,52.46,8.16,84.609,81.585,9.54,1.84,6.27,17.99,88.068,66.257,8.32,4.5,14.18,2.31,47.482,1.83,50.6,32.634,False,,0.0,62.277,0.0,0.0,0.0,0.064,1.03,-1.0,-1.22,0.458,7.0,0.0,82.446,84.593,95.937,70.699,45.103,64.067,32.978,11.0,0.0,79.989,84.141,100.0,80.865,40.968,32.267,31.996,0.0,2.175,80.95,83.679,0.0,NORMAL
486,2026-06-06 01:30:00+00:00,1,5,0.258819,0.965926,-0.974928,-0.222521,True,False,NIGHT,0.0,1.0,5.0,17.0,42.0,195.0,0.0,0.0,0.0,0.0,2.681,51.86,8.09,83.642,80.88,10.14,1.91,4.61,14.34,100.0,82.168,8.36,4.49,14.15,2.31,47.588,1.25,19.167,32.352,False,,0.0,62.445,0.0,0.0,0.0,0.064,1.03,-3.0,-1.53,0.312,6.0,0.0,81.602,84.387,87.837,66.083,46.204,34.233,32.641,14.0,0.0,78.468,83.125,86.523,65.094,39.769,8.0,31.387,6.72,3.164,82.714,84.828,0.06,NORMAL
487,2026-06-06 01:45:00+00:00,1,5,0.258819,0.965926,-0.974928,-0.222521,True,False,NIGHT,1.0,1.0,4.0,18.0,40.0,196.0,0.0,0.0,0.0,1.68,1.621,51.91,8.05,83.72,80.545,10.09,1.95,5.94,17.27,92.003,68.327,7.83,4.48,14.69,2.22,45.593,0.83,40.533,32.218,False,,0.0,61.518,0.0,0.0,0.0,0.064,1.03,-5.0,-1.69,0.208,5.0,0.0,79.717,84.317,100.0,73.518,45.058,32.267,31.887,15.0,0.0,79.434,82.71,86.091,64.769,39.961,57.867,31.773,1.68,3.778,82.566,84.006,0.0,NORMAL
488,2026-06-06 02:00:00+00:00,2,5,0.5,0.866025,-0.974928,-0.222521,True,False,NIGHT,4.0,5.0,6.0,20.0,39.0,197.0,0.0,0.0,0.0,6.72,3.88,52.43,8.24,84.56,82.438,9.57,1.76,6.27,17.99,88.016,66.218,7.55,4.49,14.97,2.17,44.564,0.88,100.0,32.975,False,,0.0,66.61,0.0,0.0,0.0,0.064,1.03,0.0,-1.38,0.22,6.0,0.0,80.74,84.802,88.269,66.408,41.926,83.467,32.296,13.0,0.0,80.613,82.879,86.267,64.901,39.989,57.867,32.245,5.04,0.558,83.289,85.697,0.0,NORMAL
489,2026-06-06 02:15:00+00:00,2,5,0.5,0.866025,-0.974928,-0.222521,True,False,NIGHT,2.0,6.0,7.0,22.0,40.0,198.0,0.0,0.0,0.0,3.36,3.273,52.45,8.24,84.593,82.446,9.55,1.76,5.75,16.86,95.937,70.699,7.68,4.5,14.82,2.19,45.103,0.62,64.067,32.978,False,,0.0,64.921,0.0,0.0,0.0,0.064,1.03,0.0,-1.21,0.155,5.0,0.0,79.989,84.141,100.0,80.865,40.968,32.267,31.996,14.0,0.0,79.99,82.68,89.621,66.78,39.288,32.267,31.996,6.246,2.748,84.539,86.906,0.06,NORMAL
490,2026-06-06 02:30:00+00:00,2,5,0.5,0.866025,-0.974928,-0.222521,True,False,NIGHT,1.0,3.0,8.0,21.0,40.0,199.0,0.0,0.0,0.0,1.68,2.529,52.32,8.16,84.387,81.602,9.68,1.84,6.27,17.99,87.837,66.083,7.98,4.49,14.53,2.25,46.204,0.2,34.233,32.641,False,,0.0,60.595,0.0,0.0,0.0,0.064,1.03,3.0,-1.05,0.05,5.0,0.0,78.468,83.125,86.523,65.094,39.769,8.0,31.387,16.0,0.0,81.812,83.79,87.215,65.615,40.572,100.0,32.725,2.154,4.597,83.727,86.052,0.0,NORMAL
491,2026-06-06 02:45:00+00:00,2,5,0.5,0.866025,-0.974928,-0.222521,True,False,NIGHT,1.0,2.0,8.0,21.0,40.0,198.0,0.0,0.0,0.0,1.68,2.607,52.28,7.97,84.317,79.717,9.72,2.03,5.44,16.16,100.0,73.518,7.69,4.47,14.83,2.19,45.058,0.0,32.267,31.887,False,,0.0,62.275,0.0,0.0,0.0,0.064,1.03,4.0,-0.83,0.0,9.0,0.0,79.434,82.71,86.091,64.769,39.961,57.867,31.773,16.0,0.0,80.983,83.059,100.0,73.136,42.321,8.0,32.393,6.158,4.248,84.781,86.652,0.06,NORMAL
492,2026-06-06 03:00:00+00:00,3,5,0.707107,0.707107,-0.974928,-0.222521,True,False,NIGHT,3.0,4.0,7.0,19.0,41.0,201.0,0.0,0.0,0.0,5.04,3.428,52.58,8.07,84.802,80.74,9.42,1.93,6.27,17.99,88.269,66.408,6.85,4.47,15.68,2.04,41.926,0.0,83.467,32.296,False,,0.0,64.651,0.0,0.0,0.0,0.064,1.03,1.0,-0.88,0.0,7.0,0.0,80.613,82.879,86.267,64.901,39.989,57.867,32.245,18.0,0.0,79.429,82.984,91.897,68.121,42.128,32.267,31.772,0.562,4.05,83.301,85.485,0.0,NORMAL
493,2026-06-06 03:15:00+00:00,3,5,0.707107,0.707107,-0.974928,-0.222521,True,False,NIGHT,1.0,4.0,6.0,20.0,39.0,201.0,0.0,0.0,0.0,1.68,3.62,52.17,8.0,84.141,79.989,9.83,2.0,4.76,14.66,100.0,80.865,6.61,4.45,15.94,1.99,40.968,0.0,32.267,31.996,False,,0.0,62.804,0.0,0.0,0.0,0.064,1.03,-1.0,-0.62,0.0,6.0,0.0,79.99,82.68,89.621,66.78,39.288,32.267,31.996,18.0,0.0,80.943,84.581,88.039,66.234,43.62,100.0,32.377,5.04,4.493,83.81,85.623,0.0,NORMAL
494,2026-06-06 03:30:00+00:00,3,5,0.707107,0.707107,-0.974928,-0.222521,True,False,NIGHT,0.0,1.0,5.0,18.0,37.0,201.0,0.0,0.0,0.0,0.0,3.128,51.54,7.85,83.125,78.468,10.46,2.15,6.27,17.99,86.523,65.094,6.31,4.43,16.26,1.93,39.769,0.0,8.0,31.387,False,,0.0,56.474,0.0,0.0,0.0,0.064,1.03,-3.0,-0.2,0.0,9.0,0.0,81.812,83.79,87.215,65.615,40.572,100.0,32.725,14.0,0.0,81.25,83.974,87.407,65.759,44.66,32.267,32.5,6.254,3.294,86.023,86.46,0.38,NORMAL
495,2026-06-06 03:45:00+00:00,3,5,0.707107,0.707107,-0.974928,-0.222521,True,False,NIGHT,2.0,2.0,6.0,18.0,38.0,202.0,0.0,0.0,0.0,3.36,4.003,51.28,7.94,82.71,79.434,10.72,2.06,6.27,17.99,86.091,64.769,6.38,4.41,16.21,1.94,39.961,0.0,57.867,31.773,False,,0.0,60.991,0.0,0.0,0.0,0.064,1.03,-2.0,0.0,0.0,6.0,0.0,80.983,83.059,100.0,73.136,42.321,8.0,32.393,17.0,0.0,79.714,82.493,99.174,72.007,44.32,8.0,31.886,5.506,4.696,86.614,86.691,0.0,NORMAL
496,2026-06-06 04:00:00+00:00,4,5,0.866025,0.5,-0.974928,-0.222521,True,False,NIGHT,2.0,4.0,5.0,18.0,39.0,203.0,0.0,0.0,0.0,3.36,2.47,51.38,8.06,82.879,80.613,10.62,1.94,6.27,17.99,86.267,64.901,6.38,4.42,16.2,1.94,39.989,0.0,57.867,32.245,False,,0.0,61.303,0.0,0.0,0.0,0.0,0.0,-2.0,0.0,0.0,6.0,0.0,79.429,82.984,91.897,68.121,42.128,32.267,31.772,18.0,0.0,80.428,83.89,45.738,43.12,43.503,83.467,32.171,1.68,5.05,86.014,85.429,0.0,NORMAL
497,2026-06-06 04:15:00+00:00,4,5,0.866025,0.5,-0.974928,-0.222521,True,False,NIGHT,1.0,3.0,5.0,18.0,37.0,203.0,0.0,0.0,0.0,1.68,2.423,51.26,8.0,82.68,79.99,10.74,2.0,6.02,17.45,89.621,66.78,6.19,4.41,16.39,1.91,39.288,0.0,32.267,31.996,False,,0.0,59.396,0.0,0.0,0.0,0.0,0.0,-1.0,0.0,0.0,8.0,0.0,80.943,84.581,88.039,66.234,43.62,100.0,32.377,18.0,0.0,81.551,84.594,46.122,43.482,42.863,83.467,32.62,6.262,3.018,86.551,86.65,0.06,NORMAL
498,2026-06-06 04:30:00+00:00,4,5,0.866025,0.5,-0.974928,-0.222521,True,False,NIGHT,4.0,5.0,9.0,22.0,39.0,206.0,0.0,0.0,0.0,6.72,3.239,51.95,8.18,83.79,81.812,10.05,1.82,6.27,17.99,87.215,65.615,6.52,4.43,16.05,1.97,40.572,0.06,100.0,32.725,False,,0.0,65.787,0.0,0.0,0.0,0.0,0.0,4.0,0.06,0.015,7.0,0.0,81.25,83.974,87.407,65.759,44.66,32.267,32.5,19.0,0.11,82.682,85.76,46.803,44.123,42.865,100.0,33.757,3.818,4.413,85.196,86.629,0.0,NORMAL
499,2026-06-06 04:45:00+00:00,4,5,0.866025,0.5,-0.974928,-0.222521,True,False,NIGHT,0.0,4.0,7.0,21.0,39.0,206.0,0.0,0.0,0.0,0.0,2.145,51.5,8.1,83.059,80.983,10.5,1.9,5.36,16.0,100.0,73.136,6.99,4.44,15.57,2.06,42.321,0.0,8.0,32.393,False,,0.0,59.775,0.0,0.0,0.0,0.0,0.0,1.0,0.0,0.0,10.0,0.0,79.714,82.493,99.174,72.007,44.32,8.0,31.886,16.0,0.0,83.473,85.351,48.454,45.606,41.138,57.867,33.389,3.36,2.87,84.669,86.911,0.0,NORMAL
500,2026-06-06 05:00:00+00:00,5,5,0.965926,0.258819,-0.974928,-0.222521,True,False,NIGHT,1.0,1.0,6.0,18.0,38.0,206.0,0.0,0.0,0.0,1.68,2.487,51.45,7.94,82.984,79.429,10.55,2.06,5.89,17.17,91.897,68.121,6.95,4.42,15.63,2.05,42.128,0.0,32.267,31.772,False,,0.0,60.04,0.0,0.0,0.0,0.0,0.0,1.0,0.0,0.0,12.0,0.0,80.428,83.89,45.738,43.12,43.503,83.467,32.171,18.0,0.0,82.345,84.331,46.573,43.884,42.524,32.267,32.938,5.945,3.058,85.385,87.96,0.06,NORMAL
501,2026-06-06 05:15:00+00:00,5,5,0.965926,0.258819,-0.974928,-0.222521,True,False,NIGHT,4.0,5.0,9.0,20.0,42.0,209.0,0.0,0.0,0.0,6.72,2.153,52.44,8.09,84.581,80.943,9.56,1.91,6.27,17.99,88.039,66.234,7.35,4.43,15.22,2.12,43.62,0.06,100.0,32.377,False,,0.0,66.235,0.0,0.0,0.0,0.0,0.0,4.0,0.06,0.015,10.0,0.0,81.551,84.594,46.122,43.482,42.863,83.467,32.62,17.0,0.0,80.95,83.679,45.624,43.011,41.035,8.0,32.38,5.693,5.599,86.126,87.878,0.11,NORMAL
502,2026-06-06 05:30:00+00:00,5,5,0.965926,0.258819,-0.974928,-0.222521,True,False,NIGHT,1.0,5.0,6.0,20.0,41.0,210.0,0.0,0.0,0.0,1.68,3.062,52.06,8.12,83.974,81.25,9.94,1.88,6.27,17.99,87.407,65.759,7.62,4.44,14.94,2.17,44.66,0.0,32.267,32.5,False,,0.0,60.028,0.0,0.0,0.0,0.0,0.0,-3.0,-0.06,0.0,7.0,0.11,82.682,85.76,46.803,44.123,42.865,100.0,33.757,20.0,0.0,82.714,84.828,46.25,43.602,41.769,100.0,33.085,5.163,4.621,87.165,87.929,0.0,NORMAL
503,2026-06-06 05:45:00+00:00,5,5,0.965926,0.258819,-0.974928,-0.222521,True,False,NIGHT,0.0,1.0,6.0,19.0,40.0,206.0,0.0,0.0,0.0,0.0,4.287,51.15,7.97,82.493,79.714,10.85,2.03,5.43,16.14,99.174,72.007,7.54,4.43,15.03,2.15,44.32,0.0,8.0,31.886,False,,0.0,59.342,0.0,0.0,0.0,0.0,0.0,-1.0,0.0,0.0,7.0,0.0,83.473,85.351,48.454,45.606,41.138,57.867,33.389,22.0,0.0,82.566,84.006,45.802,43.18,41.22,32.267,33.027,5.67,4.936,87.606,88.153,0.54,NORMAL
504,2026-06-06 06:00:00+00:00,6,5,1.0,0.0,-0.974928,-0.222521,True,False,MORNING,3.0,3.0,8.0,19.0,38.0,206.0,0.0,0.0,0.0,5.04,1.291,52.01,8.04,83.89,80.428,9.99,1.96,11.97,27.41,45.738,43.12,7.32,4.43,15.25,2.11,43.503,0.0,83.467,32.171,False,,0.0,56.632,0.0,0.0,0.0,0.0,0.0,2.0,0.0,0.0,6.0,0.0,82.345,84.331,46.573,43.884,42.524,32.267,32.938,22.0,0.0,83.289,85.697,46.724,44.049,42.087,83.467,33.316,5.611,4.556,87.311,88.626,0.75,NORMAL
505,2026-06-06 06:15:00+00:00,6,5,1.0,0.0,-0.974928,-0.222521,True,False,MORNING,3.0,6.0,7.0,21.0,41.0,209.0,0.0,0.0,0.0,5.04,2.844,52.45,8.16,84.594,81.551,9.55,1.84,11.97,27.41,46.122,43.482,7.14,4.44,15.43,2.08,42.863,0.0,83.467,32.62,False,,0.0,57.043,0.0,0.0,0.0,0.0,0.0,-2.0,-0.06,0.0,8.0,0.0,80.95,83.679,45.624,43.011,41.035,8.0,32.38,20.0,0.28,84.539,86.906,50.446,47.442,43.792,100.0,35.507,5.507,4.927,86.94,88.92,0.65,NORMAL
506,2026-06-06 06:30:00+00:00,6,5,1.0,0.0,-0.974928,-0.222521,True,False,MORNING,4.0,7.0,10.0,25.0,43.0,212.0,0.11,0.0,0.0,6.528,3.184,53.17,8.27,85.76,82.682,8.83,1.73,11.97,27.41,46.803,44.123,7.11,4.46,15.43,2.08,42.865,0.06,100.0,33.757,False,,0.3,59.243,0.11,0.11,0.11,0.007,0.11,4.0,0.06,0.042,12.0,0.0,82.714,84.828,46.25,43.602,41.769,100.0,33.085,20.0,0.0,83.727,86.052,46.918,44.231,44.903,32.267,33.491,5.446,4.784,87.521,89.094,0.71,NORMAL
507,2026-06-06 06:45:00+00:00,6,5,1.0,0.0,-0.974928,-0.222521,True,False,MORNING,2.0,6.0,12.0,25.0,43.0,213.0,0.0,0.01,0.0103,3.552,4.25,52.92,8.35,85.351,83.473,9.08,1.65,11.5,26.37,48.454,45.606,6.62,4.49,15.89,2.0,41.138,0.0,57.867,33.389,False,,0.0,55.669,-0.11,0.0,0.0,0.007,0.11,6.0,0.0,0.0,9.0,0.0,82.566,84.006,45.802,43.18,41.22,32.267,33.027,21.0,0.33,84.781,86.652,47.377,44.665,43.968,100.0,35.921,5.397,5.425,88.03,89.0,0.76,NORMAL
508,2026-06-06 07:00:00+00:00,7,5,0.965926,-0.258819,-0.974928,-0.222521,True,False,MORNING,1.0,3.0,10.0,24.0,42.0,212.0,0.0,0.0,0.0,1.68,4.66,52.29,8.23,84.331,82.345,9.71,1.77,11.82,27.08,46.573,43.884,6.98,4.5,15.52,2.07,42.524,0.0,32.267,32.938,False,,0.0,52.608,0.0,-0.11,0.0,0.007,0.11,2.0,0.0,0.0,12.0,0.0,83.289,85.697,46.724,44.049,42.087,83.467,33.316,19.0,0.0,83.301,85.485,49.992,46.995,44.607,8.0,33.32,5.41,4.977,87.489,89.262,0.66,NORMAL
509,2026-06-06 07:15:00+00:00,7,5,0.965926,-0.258819,-0.974928,-0.222521,True,False,MORNING,0.0,1.0,7.0,23.0,41.0,209.0,0.0,0.0,0.0,0.0,2.175,51.88,8.1,83.679,80.95,10.12,1.9,11.97,27.41,45.624,43.011,6.59,4.49,15.92,1.99,41.035,0.0,8.0,32.38,False,,0.0,49.649,0.0,0.0,0.0,0.007,0.11,0.0,0.0,0.0,9.0,0.28,84.539,86.906,50.446,47.442,43.792,100.0,35.507,23.0,0.0,83.81,85.623,46.684,44.011,45.647,83.467,33.524,5.359,6.005,88.031,88.914,1.04,NORMAL
510,2026-06-06 07:30:00+00:00,7,5,0.965926,-0.258819,-0.974928,-0.222521,True,False,MORNING,4.0,4.0,7.0,23.0,45.0,211.0,0.0,0.0,0.0,6.72,3.164,52.59,8.27,84.828,82.714,9.41,1.73,11.97,27.41,46.25,43.602,6.78,4.5,15.72,2.03,41.769,0.06,100.0,33.085,False,,0.0,58.746,0.0,0.0,-0.11,0.007,0.11,-3.0,0.0,0.015,8.0,0.0,83.727,86.052,46.918,44.231,44.903,32.267,33.491,24.0,2.28,86.023,86.46,51.961,48.829,45.591,100.0,48.072,5.429,5.295,87.867,88.995,0.93,NORMAL
511,2026-06-06 07:45:00+00:00,7,5,0.965926,-0.258819,-0.974928,-0.222521,True,False,MORNING,1.0,5.0,6.0,24.0,45.0,210.0,0.0,0.0,0.0,1.68,3.778,52.08,8.26,84.006,82.566,9.92,1.74,11.97,27.41,45.802,43.18,6.62,4.51,15.87,2.0,41.22,0.0,32.267,33.027,False,,0.0,52.286,0.0,0.0,0.0,0.007,0.11,-6.0,0.0,0.0,13.0,0.33,84.781,86.652,47.377,44.665,43.968,100.0,35.921,20.0,0.0,86.614,86.691,47.266,44.56,46.218,32.267,34.646,5.414,5.101,87.521,89.177,0.51,NORMAL
512,2026-06-06 08:00:00+00:00,8,5,0.866025,-0.5,-0.974928,-0.222521,True,False,MORNING,3.0,4.0,8.0,26.0,44.0,211.0,0.0,0.0,0.0,5.04,0.558,53.13,8.33,85.697,83.289,8.87,1.67,11.97,27.41,46.724,44.049,6.84,4.52,15.64,2.05,42.087,0.0,83.467,33.316,False,,0.0,57.704,0.0,0.0,0.0,0.007,0.11,-2.0,0.0,0.0,10.0,0.0,83.301,85.485,49.992,46.995,44.607,8.0,33.32,26.0,0.0,86.014,85.429,50.194,47.176,46.159,32.267,34.406,5.378,4.886,87.238,89.421,0.41,NORMAL
513,2026-06-06 08:15:00+00:00,8,5,0.866025,-0.5,-0.974928,-0.222521,True,False,MORNING,4.0,7.0,12.0,26.0,46.0,214.0,0.28,0.0,0.0,6.246,2.748,53.88,8.45,86.906,84.539,8.12,1.55,11.27,25.87,50.446,47.442,7.27,4.56,15.18,2.13,43.792,0.06,100.0,35.507,False,,0.7,60.894,0.28,0.28,0.28,0.024,0.28,5.0,0.06,0.085,11.0,0.0,83.81,85.623,46.684,44.011,45.647,83.467,33.524,30.0,0.27,86.551,86.65,48.435,45.621,47.504,100.0,36.256,5.327,4.682,87.649,89.614,0.78,NORMAL
514,2026-06-06 08:30:00+00:00,8,5,0.866025,-0.5,-0.974928,-0.222521,True,False,MORNING,1.0,5.0,9.0,26.0,46.0,214.0,0.0,0.03,0.0254,2.154,4.597,53.35,8.37,86.052,83.727,8.65,1.63,11.97,27.41,46.918,44.231,7.56,4.57,14.88,2.18,44.903,0.0,32.267,33.491,False,,0.0,53.56,-0.28,0.0,0.0,0.024,0.28,2.0,-0.06,0.0,12.0,2.28,86.023,86.46,51.961,48.829,45.591,100.0,48.072,29.0,0.0,85.196,86.629,47.809,45.05,47.773,57.867,34.078,5.275,4.42,88.527,89.818,0.68,NORMAL
515,2026-06-06 08:45:00+00:00,8,5,0.866025,-0.5,-0.974928,-0.222521,True,False,MORNING,4.0,5.0,12.0,30.0,49.0,215.0,0.33,0.0,0.0,6.158,4.248,53.72,8.48,86.652,84.781,8.28,1.52,11.97,27.41,47.377,44.665,7.27,4.6,15.13,2.14,43.968,0.06,100.0,35.921,False,,0.9,60.233,0.33,0.04999999999999999,0.33,0.045,0.33,6.0,0.06,0.098,8.0,0.0,86.614,86.691,47.266,44.56,46.218,32.267,34.646,31.0,0.0,84.669,86.911,55.058,51.577,46.438,57.867,33.868,5.214,4.864,88.95,89.891,0.9,NORMAL
516,2026-06-06 09:00:00+00:00,9,5,0.707107,-0.707107,-0.974928,-0.222521,True,False,MORNING,0.0,4.0,9.0,27.0,46.0,211.0,0.0,0.03,0.0301,0.562,4.05,53.0,8.33,85.485,83.301,9.0,1.67,11.16,25.63,49.992,46.995,7.45,4.6,14.96,2.17,44.607,0.0,8.0,33.32,False,,0.0,51.84,-0.33,0.0,0.0,0.045,0.33,1.0,0.0,0.0,9.0,0.0,86.014,85.429,50.194,47.176,46.159,32.267,34.406,33.0,0.46,85.385,87.96,48.14,45.384,46.354,100.0,36.923,5.19,5.347,89.687,89.709,1.11,NORMAL
517,2026-06-06 09:15:00+00:00,9,5,0.707107,-0.707107,-0.974928,-0.222521,True,False,MORNING,3.0,3.0,8.0,27.0,48.0,213.0,0.0,0.0,0.0,5.04,4.493,53.09,8.38,85.623,83.81,8.91,1.62,11.97,27.41,46.684,44.011,7.73,4.6,14.68,2.22,45.647,0.0,83.467,33.524,False,,0.0,58.103,0.0,-0.33,-0.28,0.045,0.33,-4.0,-0.06,0.0,12.0,0.27,86.551,86.65,48.435,45.621,47.504,100.0,36.256,32.0,1.07,86.126,87.878,53.296,50.042,45.339,100.0,40.888,5.22,5.421,89.808,89.608,0.85,NORMAL
518,2026-06-06 09:30:00+00:00,9,5,0.707107,-0.707107,-0.974928,-0.222521,True,False,MORNING,6.0,9.0,13.0,29.0,54.0,216.0,2.28,0.0,0.0,6.254,3.294,53.61,8.6,86.46,86.023,8.39,1.4,11.07,25.43,51.961,48.829,7.6,4.71,14.69,2.22,45.591,0.38,100.0,48.072,False,,5.8,62.883,2.28,2.28,2.28,0.188,2.28,4.0,0.38,0.665,12.0,0.0,85.196,86.629,47.809,45.05,47.773,57.867,34.078,34.0,0.0,87.165,87.929,52.647,49.441,45.997,57.867,34.866,5.241,5.783,89.388,89.457,0.27,NORMAL
519,2026-06-06 09:45:00+00:00,9,5,0.707107,-0.707107,-0.974928,-0.222521,True,False,MORNING,1.0,7.0,10.0,28.0,53.0,216.0,0.0,0.2,0.2049,5.506,4.696,53.75,8.66,86.691,86.614,8.25,1.34,11.97,27.41,47.266,44.56,7.76,4.72,14.52,2.25,46.218,0.0,32.267,34.646,False,,0.0,54.478,-2.28,0.0,-0.33,0.187,2.28,-2.0,-0.06,0.0,12.0,0.0,84.669,86.911,55.058,51.577,46.438,57.867,33.868,35.0,3.63,87.606,88.153,50.083,47.193,45.175,100.0,56.793,5.282,4.377,89.223,89.848,0.16,NORMAL
520,2026-06-06 10:00:00+00:00,10,5,0.5,-0.866025,-0.974928,-0.222521,True,False,MORNING,1.0,2.0,11.0,28.0,52.0,215.0,0.0,0.0,0.0,1.68,5.05,52.97,8.6,85.429,86.014,9.03,1.4,11.11,25.52,50.194,47.176,7.74,4.72,14.54,2.24,46.159,0.0,32.267,34.406,False,,0.0,54.74,0.0,-2.28,0.0,0.187,2.28,2.0,0.0,0.0,17.0,0.46,85.385,87.96,48.14,45.384,46.354,100.0,36.923,29.0,5.29,87.311,88.626,53.296,50.132,45.381,100.0,66.636,5.195,4.657,89.085,90.087,0.0,NORMAL
521,2026-06-06 10:15:00+00:00,10,5,0.5,-0.866025,-0.974928,-0.222521,True,False,MORNING,4.0,5.0,12.0,32.0,55.0,215.0,0.27,0.0,0.0,6.262,3.018,53.72,8.66,86.65,86.551,8.28,1.34,11.7,26.82,48.435,45.621,8.09,4.74,14.17,2.31,47.504,0.06,100.0,36.256,False,,0.7,61.108,0.27,0.27,0.27,0.204,2.28,4.0,0.06,0.082,18.0,1.07,86.126,87.878,53.296,50.042,45.339,100.0,40.888,27.0,5.01,86.94,88.92,50.463,47.573,44.842,89.967,64.818,5.143,5.927,88.904,89.801,0.06,NORMAL
522,2026-06-06 10:30:00+00:00,10,5,0.5,-0.866025,-0.974928,-0.222521,True,False,MORNING,2.0,6.0,8.0,30.0,53.0,213.0,0.0,0.02,0.0245,3.818,4.413,53.71,8.52,86.629,85.196,8.29,1.48,11.83,27.1,47.809,45.05,8.17,4.73,14.1,2.32,47.773,0.0,57.867,34.078,False,,0.0,56.748,-0.27,0.0,-2.28,0.197,2.28,-5.0,-0.38,0.0,17.0,0.0,87.165,87.929,52.647,49.441,45.997,57.867,34.866,30.0,5.77,87.521,89.094,50.857,47.945,45.79,100.0,69.599,5.212,3.692,88.067,90.548,0.0,NORMAL
523,2026-06-06 10:45:00+00:00,10,5,0.5,-0.866025,-0.974928,-0.222521,True,False,MORNING,2.0,4.0,9.0,31.0,55.0,214.0,0.0,0.0,0.0,3.36,2.87,53.89,8.47,86.911,84.669,8.11,1.53,10.3,23.74,55.058,51.577,7.82,4.71,14.46,2.26,46.438,0.0,57.867,33.868,False,,0.0,58.238,0.0,-0.27,0.0,0.197,2.28,-1.0,0.0,0.0,19.0,3.63,87.606,88.153,50.083,47.193,45.175,100.0,56.793,29.0,6.55,88.03,89.0,51.118,48.191,45.554,100.0,74.529,5.054,4.555,87.847,90.785,0.06,NORMAL
524,2026-06-06 11:00:00+00:00,11,5,0.258819,-0.965926,-0.974928,-0.222521,True,False,MORNING,4.0,6.0,12.0,32.0,58.0,216.0,0.46,0.0,0.0,5.945,3.058,54.54,8.54,87.96,85.385,7.46,1.46,11.97,27.41,48.14,45.384,7.79,4.73,14.48,2.25,46.354,0.06,100.0,36.923,False,,1.2,61.117,0.46,0.46,0.46,0.226,2.28,1.0,0.06,0.13,16.0,5.29,87.311,88.626,53.296,50.132,45.381,100.0,66.636,30.0,6.33,87.489,89.262,51.174,48.244,45.672,90.067,72.992,5.004,6.248,87.408,90.354,0.11,NORMAL
525,2026-06-06 11:15:00+00:00,11,5,0.258819,-0.965926,-0.974928,-0.222521,True,False,MORNING,4.0,8.0,12.0,32.0,58.0,217.0,1.07,0.04,0.0387,5.693,5.599,54.48,8.61,87.878,86.126,7.52,1.39,10.86,24.96,53.296,50.042,7.47,4.77,14.76,2.2,45.339,0.11,100.0,40.888,False,,3.0,62.724,0.6100000000000001,1.07,0.8,0.293,2.28,0.0,0.05,0.295,14.0,5.01,86.94,88.92,50.463,47.573,44.842,89.967,64.818,32.0,9.14,88.031,88.914,55.072,51.802,48.131,100.0,90.07,5.11,5.476,87.328,90.22,0.33,NORMAL
526,2026-06-06 11:30:00+00:00,11,5,0.258819,-0.965926,-0.974928,-0.222521,True,False,MORNING,2.0,6.0,12.0,33.0,59.0,217.0,0.0,0.1,0.0966,5.163,4.621,54.52,8.72,87.929,87.165,7.48,1.28,10.9,25.06,52.647,49.441,7.65,4.77,14.58,2.24,45.997,0.0,57.867,34.866,False,,0.0,58.376,-1.07,-0.46,0.0,0.293,2.28,4.0,0.0,0.0,17.0,5.77,87.521,89.094,50.857,47.945,45.79,100.0,69.599,28.0,8.91,87.867,88.995,52.048,49.068,48.895,92.8,88.614,5.142,4.653,87.528,90.384,0.07,NORMAL
527,2026-06-06 11:45:00+00:00,11,5,0.258819,-0.965926,-0.974928,-0.222521,True,False,MORNING,7.0,9.0,17.0,36.0,66.0,217.0,3.63,0.0,0.0,5.67,4.936,54.66,8.76,88.153,87.606,7.34,1.24,11.83,27.11,50.083,47.193,7.28,4.91,14.8,2.2,45.175,0.54,100.0,56.793,False,,10.2,63.977,3.63,2.5599999999999996,3.63,0.52,3.63,8.0,0.54,1.042,16.0,6.55,88.03,89.0,51.118,48.191,45.554,100.0,74.529,25.0,6.69,87.521,89.177,63.011,58.872,49.641,37.367,75.14,5.101,5.932,87.073,90.123,0.44,NORMAL
528,2026-06-06 12:00:00+00:00,12,5,0.0,-1.0,-0.974928,-0.222521,True,False,MORNING,5.0,12.0,18.0,41.0,68.0,219.0,5.29,0.33,0.0617,5.611,4.556,54.95,8.73,88.626,87.311,7.05,1.27,11.32,25.99,53.296,50.132,7.17,5.08,14.75,2.21,45.381,0.75,100.0,66.636,False,,15.0,65.841,1.6600000000000001,5.29,4.83,0.851,5.29,6.0,0.69,1.51,13.0,6.33,87.489,89.262,51.174,48.244,45.672,90.067,72.992,27.0,6.49,87.238,89.421,59.875,56.945,49.418,87.533,73.82,5.169,4.976,86.242,90.334,0.66,NORMAL
529,2026-06-06 12:15:00+00:00,12,5,0.0,-1.0,-0.974928,-0.222521,True,False,MORNING,3.0,8.0,17.0,41.0,68.0,220.0,5.01,0.48,0.095,5.507,4.927,55.13,8.69,88.92,86.94,6.87,1.31,11.97,27.41,50.463,47.573,6.91,5.2,14.89,2.18,44.842,0.65,89.967,64.818,False,,14.5,64.054,-0.28000000000000025,1.38,3.9399999999999995,1.146,5.29,5.0,0.54,1.415,13.0,9.14,88.031,88.914,55.072,51.802,48.131,100.0,90.07,26.0,9.32,87.649,89.614,64.679,61.41,49.634,100.0,90.961,5.134,5.183,86.309,90.304,1.2,NORMAL
530,2026-06-06 12:30:00+00:00,12,5,0.0,-1.0,-0.974928,-0.222521,True,False,MORNING,4.0,7.0,19.0,39.0,68.0,223.0,5.77,0.45,0.0782,5.446,4.784,55.24,8.75,89.094,87.521,6.76,1.25,11.97,27.41,50.857,47.945,7.03,5.33,14.64,2.23,45.79,0.71,100.0,69.599,False,,16.9,65.775,0.7599999999999998,0.47999999999999954,5.77,1.507,5.77,7.0,0.71,1.62,13.0,8.91,87.867,88.995,52.048,49.068,48.895,92.8,88.614,24.0,9.18,88.527,89.818,63.759,60.567,48.251,90.267,90.471,5.14,5.004,86.255,90.367,1.41,NORMAL
531,2026-06-06 12:45:00+00:00,12,5,0.0,-1.0,-0.974928,-0.222521,True,False,MORNING,4.0,8.0,16.0,42.0,70.0,221.0,6.55,0.52,0.0792,5.397,5.425,55.18,8.8,89.0,88.03,6.82,1.2,11.97,27.41,51.118,48.191,6.83,5.47,14.7,2.21,45.554,0.76,100.0,74.529,False,,19.4,66.395,0.7800000000000002,1.54,2.92,1.896,6.55,-1.0,0.22,1.828,13.0,6.69,87.521,89.177,63.011,58.872,49.641,37.367,75.14,24.0,11.07,88.95,89.891,62.291,59.243,49.794,100.0,100.0,5.126,5.92,86.833,89.954,1.47,NORMAL
532,2026-06-06 13:00:00+00:00,13,5,-0.258819,-0.965926,-0.974928,-0.222521,True,False,MORNING,3.0,7.0,14.0,44.0,72.0,223.0,6.33,0.59,0.0931,5.41,4.977,55.34,8.75,89.262,87.489,6.66,1.25,11.97,27.41,51.174,48.244,6.77,5.57,14.67,2.22,45.672,0.66,90.067,72.992,False,,18.7,65.333,-0.21999999999999975,0.5600000000000005,1.04,2.291,6.55,-4.0,-0.09,1.748,17.0,6.49,87.238,89.421,59.875,56.945,49.418,87.533,73.82,23.0,12.98,89.687,89.709,65.802,62.498,53.798,100.0,100.0,5.211,5.354,86.006,90.03,1.53,NORMAL
533,2026-06-06 13:15:00+00:00,13,5,-0.258819,-0.965926,-0.974928,-0.222521,True,False,MORNING,6.0,9.0,17.0,46.0,78.0,226.0,9.14,0.57,0.0623,5.359,6.005,55.13,8.8,88.914,88.031,6.87,1.2,11.32,25.99,55.072,51.802,7.25,5.75,14.0,2.34,48.131,1.04,100.0,90.07,False,,27.2,69.174,2.8100000000000005,2.5900000000000007,4.130000000000001,2.862,9.14,0.0,0.39,2.545,19.0,9.32,87.649,89.614,64.679,61.41,49.634,100.0,90.961,22.0,11.88,89.808,89.608,62.482,59.425,52.883,66.367,100.0,5.208,4.966,85.959,90.135,1.42,NORMAL
534,2026-06-06 13:30:00+00:00,13,5,-0.258819,-0.965926,-0.974928,-0.222521,True,False,MORNING,3.0,9.0,16.0,47.0,77.0,227.0,8.91,0.82,0.0923,5.429,5.295,55.18,8.79,88.995,87.867,6.82,1.21,11.97,27.41,52.048,49.068,7.31,5.89,13.8,2.38,48.895,0.93,92.8,88.614,False,,26.2,67.741,-0.23000000000000043,2.58,3.1400000000000006,3.277,9.14,-3.0,0.22,2.46,15.0,9.18,88.527,89.818,63.759,60.567,48.251,90.267,90.471,25.0,8.76,89.388,89.457,70.174,66.43,53.428,9.333,88.3,5.185,5.495,85.727,90.047,1.16,NORMAL
535,2026-06-06 13:45:00+00:00,13,5,-0.258819,-0.965926,-0.974928,-0.222521,True,False,MORNING,1.0,4.0,13.0,46.0,77.0,224.0,6.69,0.8,0.1199,5.414,5.101,55.29,8.75,89.177,87.521,6.71,1.25,9.74,22.51,63.011,58.872,7.49,5.91,13.6,2.41,49.641,0.51,37.367,75.14,False,,19.7,63.861,-2.2199999999999998,-2.45,0.14000000000000057,3.695,9.14,-3.0,-0.25,1.8,12.0,11.07,88.95,89.891,62.291,59.243,49.794,100.0,100.0,27.0,8.61,89.223,89.848,61.128,58.137,52.37,85.1,87.369,5.209,3.786,86.996,90.416,2.02,NORMAL
536,2026-06-06 14:00:00+00:00,14,5,-0.5,-0.866025,-0.974928,-0.222521,True,False,EVENING,3.0,4.0,13.0,45.0,77.0,225.0,6.49,0.6,0.0928,5.378,4.886,55.44,8.72,89.421,87.238,6.56,1.28,10.26,23.29,59.875,56.945,7.42,5.92,13.66,2.4,49.418,0.41,87.533,73.82,False,,19.3,67.618,-0.20000000000000018,-2.42,0.16000000000000014,4.101,9.14,-1.0,-0.25,1.725,10.0,12.98,89.687,89.709,65.802,62.498,53.798,100.0,100.0,30.0,7.52,89.085,90.087,60.776,57.802,51.642,57.867,80.758,5.103,4.651,86.918,90.611,2.55,NORMAL
537,2026-06-06 14:15:00+00:00,14,5,-0.5,-0.866025,-0.974928,-0.222521,True,False,EVENING,6.0,9.0,13.0,47.0,79.0,229.0,9.32,0.58,0.0627,5.327,4.682,55.56,8.76,89.614,87.649,6.44,1.24,9.72,22.11,64.679,61.41,7.36,6.04,13.6,2.41,49.634,0.78,100.0,90.961,False,,27.9,71.807,2.83,2.63,0.17999999999999972,4.666,9.32,-4.0,-0.26,2.525,7.0,11.88,89.808,89.608,62.482,59.425,52.883,66.367,100.0,33.0,8.46,88.904,89.801,61.027,58.041,53.322,100.0,86.318,5.059,4.465,87.106,90.82,3.09,MODERATE
538,2026-06-06 14:30:00+00:00,14,5,-0.5,-0.866025,-0.974928,-0.222521,True,False,EVENING,3.0,9.0,13.0,48.0,81.0,229.0,9.18,0.84,0.0914,5.275,4.42,55.69,8.85,89.818,88.527,6.31,1.15,9.88,22.45,63.759,60.567,6.89,6.14,13.97,2.34,48.251,0.68,90.267,90.471,False,,27.8,70.726,-0.14000000000000057,2.6899999999999995,0.2699999999999996,5.24,9.32,-3.0,-0.25,2.465,9.0,8.76,89.388,89.457,70.174,66.43,53.428,9.333,88.3,36.0,8.36,88.067,90.548,71.046,67.245,53.485,83.467,85.371,5.008,5.226,87.73,90.632,2.83,MODERATE
539,2026-06-06 14:45:00+00:00,14,5,-0.5,-0.866025,-0.974928,-0.222521,True,False,EVENING,5.0,8.0,17.0,46.0,82.0,231.0,11.07,0.83,0.0746,5.214,4.864,55.73,8.89,89.891,88.95,6.27,1.11,10.26,23.29,62.291,59.243,7.16,6.29,13.56,2.42,49.794,0.9,100.0,100.0,False,,33.9,72.716,1.8900000000000006,1.75,4.38,5.932,11.07,4.0,0.39,2.992,12.0,8.61,89.223,89.848,61.128,58.137,52.37,85.1,87.369,38.0,9.35,87.847,90.785,62.064,59.027,53.927,100.0,91.232,5.041,4.086,87.235,91.096,2.56,MODERATE
540,2026-06-06 15:00:00+00:00,15,5,-0.707107,-0.707107,-0.974928,-0.222521,True,False,EVENING,5.0,10.0,19.0,46.0,87.0,236.0,12.98,1.0,0.0768,5.19,5.347,55.62,8.97,89.709,89.687,6.38,1.03,9.83,22.35,65.802,62.498,8.04,6.48,12.47,2.61,53.798,1.11,100.0,100.0,False,,39.9,75.218,1.9100000000000001,3.8000000000000007,6.49,6.714,12.98,6.0,0.7,3.522,13.0,7.52,89.085,90.087,60.776,57.802,51.642,57.867,80.758,38.0,10.37,87.408,90.354,63.485,60.342,53.722,100.0,97.185,4.943,4.908,86.653,91.204,2.62,MODERATE
541,2026-06-06 15:15:00+00:00,15,5,-0.707107,-0.707107,-0.974928,-0.222521,True,False,EVENING,2.0,7.0,15.0,45.0,86.0,232.0,11.88,1.17,0.0984,5.22,5.421,55.56,8.98,89.608,89.808,6.44,1.02,10.26,23.29,62.482,59.425,7.68,6.6,12.72,2.57,52.883,0.85,66.367,100.0,False,,36.3,70.64,-1.0999999999999996,0.8100000000000005,2.5600000000000005,7.39,12.98,2.0,0.07,3.182,15.0,8.46,88.904,89.801,61.027,58.041,53.322,100.0,86.318,38.0,12.33,87.328,90.22,63.08,59.993,53.316,100.0,100.0,4.928,5.79,86.616,90.862,2.52,MODERATE
542,2026-06-06 15:30:00+00:00,15,5,-0.707107,-0.707107,-0.974928,-0.222521,True,False,EVENING,0.0,2.0,12.0,41.0,80.0,228.0,8.76,1.07,0.1221,5.241,5.783,55.46,8.94,89.457,89.388,6.54,1.06,8.91,20.32,70.174,66.43,7.85,6.58,12.57,2.6,53.428,0.27,9.333,88.3,False,,26.7,65.206,-3.120000000000001,-4.220000000000001,-0.41999999999999993,7.938,12.98,-1.0,-0.41,2.258,16.0,8.36,88.067,90.548,71.046,67.245,53.485,83.467,85.371,36.0,11.27,87.528,90.384,62.695,59.627,53.2,58.533,100.0,5.007,5.532,87.657,90.483,2.25,NORMAL
543,2026-06-06 15:45:00+00:00,15,5,-0.707107,-0.707107,-0.974928,-0.222521,True,False,EVENING,3.0,3.0,10.0,40.0,82.0,230.0,8.61,0.79,0.0915,5.282,4.377,55.71,8.92,89.848,89.223,6.29,1.08,10.26,23.29,61.128,58.137,7.58,6.56,12.86,2.55,52.37,0.16,85.1,87.369,False,,26.0,69.806,-0.15000000000000036,-3.2700000000000014,-2.460000000000001,8.249,12.98,-7.0,-0.74,2.192,15.0,9.35,87.847,90.785,62.064,59.027,53.927,100.0,91.232,36.0,14.23,87.073,90.123,66.328,63.008,53.497,100.0,100.0,5.076,5.476,87.947,90.275,1.99,NORMAL
544,2026-06-06 16:00:00+00:00,16,5,-0.866025,-0.5,-0.974928,-0.222521,True,False,EVENING,2.0,5.0,7.0,39.0,83.0,229.0,7.52,0.78,0.1031,5.195,4.657,55.85,8.91,90.087,89.085,6.15,1.09,10.26,23.29,60.776,57.802,7.45,6.49,13.06,2.51,51.642,0.0,57.867,80.758,False,,23.1,66.534,-1.0899999999999999,-1.2400000000000002,-5.460000000000001,8.388,12.98,-12.0,-1.11,1.88,17.0,10.37,87.408,90.354,63.485,60.342,53.722,100.0,97.185,39.0,16.16,86.242,90.334,69.36,65.827,53.928,100.0,100.0,5.119,6.238,88.143,89.792,2.05,NORMAL
545,2026-06-06 16:15:00+00:00,16,5,-0.866025,-0.5,-0.974928,-0.222521,True,False,EVENING,4.0,6.0,9.0,37.0,83.0,231.0,8.46,0.68,0.08,5.143,5.927,55.68,8.89,89.801,88.904,6.32,1.11,10.26,23.29,61.027,58.041,7.92,6.48,12.6,2.59,53.322,0.06,100.0,86.318,False,,26.3,71.039,0.9400000000000013,-0.14999999999999858,-3.42,8.604,12.98,-6.0,-0.79,2.13,18.0,12.33,87.328,90.22,63.08,59.993,53.316,100.0,100.0,41.0,20.1,86.309,90.304,73.67,69.84,55.579,100.0,100.0,5.226,5.637,87.831,89.677,1.94,MODERATE
546,2026-06-06 16:30:00+00:00,16,5,-0.866025,-0.5,-0.974928,-0.222521,True,False,EVENING,3.0,7.0,12.0,37.0,84.0,231.0,8.36,0.76,0.0911,5.212,3.692,56.14,8.81,90.548,88.067,5.86,1.19,8.88,20.25,71.046,67.245,7.99,6.45,12.56,2.6,53.485,0.0,83.467,85.371,False,,25.6,71.805,-0.10000000000000142,0.8399999999999999,-0.40000000000000036,8.766,12.98,0.0,-0.27,2.09,20.0,11.27,87.528,90.384,62.695,59.627,53.2,58.533,100.0,41.0,22.04,86.255,90.367,67.657,64.347,57.276,100.0,100.0,5.258,5.808,87.889,89.446,1.68,MODERATE
547,2026-06-06 16:45:00+00:00,16,5,-0.866025,-0.5,-0.974928,-0.222521,True,False,EVENING,4.0,7.0,13.0,40.0,86.0,234.0,9.35,0.75,0.0805,5.054,4.555,56.29,8.78,90.785,87.847,5.71,1.22,10.26,23.29,62.064,59.027,8.1,6.46,12.44,2.62,53.927,0.06,100.0,91.232,False,,29.5,71.91,0.9900000000000002,0.8899999999999988,0.7400000000000002,8.941,12.98,3.0,-0.1,2.352,23.0,14.23,87.073,90.123,66.328,63.008,53.497,100.0,100.0,38.0,22.99,86.833,89.954,77.617,73.492,58.833,100.0,100.0,5.31,3.172,87.454,90.378,1.74,MODERATE
548,2026-06-06 17:00:00+00:00,17,5,-0.965926,-0.258819,-0.974928,-0.222521,True,False,EVENING,4.0,8.0,15.0,41.0,86.0,235.0,10.37,0.84,0.0811,5.004,6.248,56.02,8.74,90.354,87.408,5.98,1.26,10.06,22.86,63.485,60.342,8.0,6.51,12.49,2.61,53.722,0.11,100.0,97.185,False,,33.1,72.691,1.0199999999999996,2.01,2.8499999999999996,9.193,12.98,8.0,0.11,2.62,21.0,16.16,86.242,90.334,69.36,65.827,53.928,100.0,100.0,36.0,23.89,86.006,90.03,69.709,66.256,57.776,100.0,100.0,5.104,5.468,86.685,90.356,1.15,MODERATE
549,2026-06-06 17:15:00+00:00,17,5,-0.965926,-0.258819,-0.974928,-0.222521,True,False,EVENING,5.0,9.0,16.0,40.0,87.0,238.0,12.33,0.93,0.0757,5.11,5.476,55.94,8.73,90.22,87.328,6.06,1.27,10.26,23.29,63.08,59.993,7.79,6.61,12.6,2.59,53.316,0.33,100.0,100.0,False,,38.5,73.772,1.9600000000000009,2.9800000000000004,3.869999999999999,9.392,12.98,7.0,0.27,3.165,20.0,20.1,86.309,90.304,73.67,69.84,55.579,100.0,100.0,36.0,23.79,85.959,90.135,68.316,64.973,58.47,97.7,100.0,5.122,4.677,85.946,90.654,0.89,MODERATE
550,2026-06-06 17:30:00+00:00,17,5,-0.965926,-0.258819,-0.974928,-0.222521,True,False,EVENING,2.0,7.0,15.0,39.0,87.0,238.0,11.27,1.11,0.0985,5.142,4.653,56.04,8.75,90.384,87.528,5.96,1.25,10.26,23.29,62.695,59.627,7.71,6.66,12.64,2.59,53.2,0.07,58.533,100.0,False,,35.0,69.337,-1.0600000000000005,0.9000000000000004,2.91,9.54,12.98,3.0,0.07,2.835,16.0,22.04,86.255,90.367,67.657,64.347,57.276,100.0,100.0,36.0,22.7,85.727,90.047,67.759,64.443,59.302,69.467,100.0,5.066,4.516,86.538,90.78,0.95,NORMAL
551,2026-06-06 17:45:00+00:00,17,5,-0.965926,-0.258819,-0.974928,-0.222521,True,False,EVENING,6.0,8.0,17.0,40.0,86.0,240.0,14.23,1.01,0.0713,5.101,5.932,55.88,8.71,90.123,87.073,6.12,1.29,9.88,22.46,66.328,63.008,7.65,6.8,12.56,2.6,53.497,0.44,100.0,100.0,False,,44.5,75.684,2.960000000000001,1.9000000000000004,4.880000000000001,10.011,14.23,4.0,0.38,3.668,13.0,22.99,86.833,89.954,77.617,73.492,58.833,100.0,100.0,36.0,28.6,86.996,90.416,70.717,67.257,61.609,100.0,100.0,5.027,6.084,85.819,90.47,0.68,MODERATE
552,2026-06-06 18:00:00+00:00,18,5,-1.0,-0.0,-0.974928,-0.222521,True,False,EVENING,5.0,11.0,18.0,40.0,86.0,244.0,16.16,1.28,0.0793,5.169,4.976,56.01,8.62,90.334,86.242,5.99,1.38,9.6,21.85,69.36,65.827,7.59,6.97,12.44,2.62,53.928,0.66,100.0,100.0,False,,49.9,77.54,1.9299999999999997,4.890000000000001,5.790000000000001,10.616,16.16,3.0,0.55,4.205,18.0,23.89,86.006,90.03,69.709,66.256,57.776,100.0,100.0,29.0,32.56,86.918,90.611,72.67,69.115,60.952,100.0,100.0,,,,,,MODERATE
553,2026-06-06 18:15:00+00:00,18,5,-1.0,-0.0,-0.974928,-0.222521,True,False,EVENING,7.0,12.0,20.0,45.0,90.0,251.0,20.1,1.45,0.0723,5.134,5.183,55.99,8.63,90.304,86.309,6.01,1.37,9.29,21.16,73.67,69.84,7.76,7.25,11.99,2.7,55.579,1.2,100.0,100.0,False,,62.5,81.216,3.9400000000000013,5.870000000000001,7.770000000000001,11.289,20.1,4.0,0.87,5.325,21.0,23.79,85.959,90.135,68.316,64.973,58.47,97.7,100.0,26.0,36.55,87.106,90.82,82.665,78.36,63.019,100.0,100.0,,,,,,MODERATE
554,2026-06-06 18:30:00+00:00,18,5,-1.0,-0.0,-0.974928,-0.222521,True,False,EVENING,5.0,12.0,23.0,50.0,91.0,249.0,22.04,1.81,0.0821,5.14,5.004,56.03,8.63,90.367,86.255,5.97,1.37,10.26,23.29,67.657,64.347,7.93,7.54,11.54,2.78,57.276,1.41,100.0,100.0,False,,68.4,81.233,1.9399999999999977,5.879999999999999,10.77,12.093,22.04,8.0,1.34,5.862,25.0,22.7,85.727,90.047,67.759,64.443,59.302,69.467,100.0,22.0,35.57,87.73,90.632,74.792,71.111,64.673,86.133,100.0,,,,,,MODERATE
555,2026-06-06 18:45:00+00:00,18,5,-1.0,-0.0,-0.974928,-0.222521,True,False,EVENING,4.0,9.0,21.0,51.0,91.0,248.0,22.99,1.98,0.0863,5.126,5.92,55.77,8.68,89.954,86.833,6.23,1.32,8.97,20.45,77.617,73.492,8.07,7.81,11.12,2.86,58.833,1.47,100.0,100.0,False,,71.6,84.298,0.9499999999999993,2.889999999999997,8.759999999999998,12.838,22.99,4.0,1.03,6.115,25.0,28.6,86.996,90.416,70.717,67.257,61.609,100.0,100.0,22.0,34.57,87.235,91.096,73.906,70.29,67.321,83.5,100.0,,,,,,MODERATE
556,2026-06-06 19:00:00+00:00,19,5,-0.965926,0.258819,-0.974928,-0.222521,True,False,EVENING,4.0,8.0,20.0,53.0,92.0,251.0,23.89,2.07,0.0866,5.211,5.354,55.82,8.6,90.03,86.006,6.18,1.4,10.05,22.83,69.709,66.256,7.54,8.06,11.4,2.81,57.776,1.53,100.0,100.0,False,,73.2,82.813,0.9000000000000021,1.8500000000000014,7.73,13.52,23.89,2.0,0.87,6.355,18.0,32.56,86.918,90.611,72.67,69.115,60.952,100.0,100.0,24.0,35.63,86.653,91.204,74.463,70.819,67.678,100.0,100.0,,,,,,MODERATE
557,2026-06-06 19:15:00+00:00,19,5,-0.965926,0.258819,-0.974928,-0.222521,True,False,EVENING,3.0,7.0,16.0,52.0,89.0,252.0,23.79,2.15,0.0904,5.208,4.966,55.88,8.6,90.135,85.959,6.12,1.4,10.26,23.29,68.316,64.973,7.54,8.25,11.21,2.84,58.47,1.42,97.7,100.0,False,,72.9,82.297,-0.10000000000000142,0.8000000000000007,3.6899999999999977,14.264,23.89,-4.0,0.22,6.302,15.0,36.55,87.106,90.82,82.665,78.36,63.019,100.0,100.0,20.0,35.69,86.616,90.862,78.779,74.784,70.207,100.0,100.0,,,,,,MODERATE
558,2026-06-06 19:30:00+00:00,19,5,-0.965926,0.258819,-0.974928,-0.222521,True,False,EVENING,2.0,5.0,13.0,51.0,88.0,252.0,22.7,2.14,0.0943,5.185,5.495,55.83,8.57,90.047,85.727,6.17,1.43,10.26,23.29,67.759,64.443,7.65,8.36,10.99,2.88,59.302,1.16,69.467,100.0,False,,69.9,78.937,-1.0899999999999999,-1.1900000000000013,0.6600000000000001,15.136,23.89,-10.0,-0.25,5.965,11.0,35.57,87.73,90.632,74.792,71.111,64.673,86.133,100.0,19.0,34.71,87.657,90.483,73.582,69.982,70.849,80.4,100.0,,,,,,MODERATE
559,2026-06-06 19:45:00+00:00,19,5,-0.965926,0.258819,-0.974928,-0.222521,True,False,EVENING,9.0,11.0,18.0,56.0,96.0,258.0,28.6,2.04,0.0714,5.209,3.786,56.06,8.7,90.416,86.996,5.94,1.3,10.26,23.29,70.717,67.257,7.96,8.67,10.37,2.99,61.609,2.02,100.0,100.0,False,,87.6,84.392,5.900000000000002,4.810000000000002,5.610000000000003,16.385,28.6,-3.0,0.55,7.655,11.0,34.57,87.235,91.096,73.906,70.29,67.321,83.5,100.0,21.0,33.69,87.947,90.275,78.867,74.821,71.063,77.767,100.0,,,,,,MODERATE
560,2026-06-06 20:00:00+00:00,20,5,-0.866025,0.5,-0.974928,-0.222521,True,False,EVENING,7.0,16.0,21.0,59.0,100.0,260.0,32.56,2.57,0.079,5.103,4.651,56.18,8.69,90.611,86.918,5.82,1.31,10.26,23.29,72.67,69.115,7.39,9.07,10.54,2.96,60.952,2.55,100.0,100.0,False,,101.8,84.818,3.960000000000001,9.860000000000003,8.670000000000002,17.95,32.56,1.0,1.02,8.778,11.0,35.63,86.653,91.204,74.463,70.819,67.678,100.0,100.0,21.0,34.65,88.143,89.792,100.0,95.055,71.411,100.0,100.0,,,,,,MODERATE
561,2026-06-06 20:15:00+00:00,20,5,-0.866025,0.5,-0.974928,-0.222521,True,False,EVENING,7.0,14.0,25.0,61.0,101.0,266.0,36.55,2.93,0.0802,5.059,4.465,56.31,8.71,90.82,87.106,5.69,1.29,9.26,21.1,82.665,78.36,7.49,9.53,9.98,3.06,63.019,3.09,100.0,100.0,False,,115.3,87.396,3.989999999999995,7.949999999999996,12.759999999999998,19.706,36.55,9.0,1.67,9.91,11.0,35.69,86.616,90.862,78.779,74.784,70.207,100.0,100.0,17.0,34.53,87.831,89.677,100.0,93.496,71.453,100.0,100.0,,,,,,HIGH
562,2026-06-06 20:30:00+00:00,20,5,-0.866025,0.5,-0.974928,-0.222521,True,False,EVENING,2.0,9.0,25.0,61.0,100.0,267.0,35.57,3.29,0.0925,5.008,5.226,56.19,8.77,90.632,87.73,5.81,1.23,10.16,23.07,74.792,71.111,7.59,9.87,9.54,3.14,64.673,2.83,86.133,100.0,False,,113.4,84.566,-0.9799999999999969,3.009999999999998,12.870000000000001,21.406,36.55,12.0,1.67,9.6,11.0,34.71,87.657,90.483,73.582,69.982,70.849,80.4,100.0,14.0,33.4,87.889,89.446,100.0,92.296,71.883,74.667,100.0,,,,,,MODERATE
563,2026-06-06 20:45:00+00:00,20,5,-0.866025,0.5,-0.974928,-0.222521,True,False,EVENING,2.0,4.0,18.0,57.0,97.0,268.0,34.57,3.2,0.0926,5.041,4.086,56.48,8.72,91.096,87.235,5.52,1.28,10.26,23.29,73.906,70.29,8.08,10.1,8.82,3.27,67.321,2.56,83.5,100.0,False,,109.5,84.366,-1.0,-1.9799999999999969,5.969999999999999,22.982,36.55,0.0,0.54,9.282,11.0,33.69,87.947,90.275,78.867,74.821,71.063,77.767,100.0,12.0,34.24,87.454,90.378,100.0,90.238,72.103,100.0,100.0,,,,,,MODERATE
564,2026-06-06 21:00:00+00:00,21,5,-0.707107,0.707107,-0.974928,-0.222521,True,False,EVENING,4.0,6.0,15.0,56.0,96.0,270.0,35.63,3.11,0.0873,4.943,4.908,56.55,8.67,91.204,86.653,5.45,1.33,10.26,23.29,74.463,70.819,7.96,10.31,8.73,3.29,67.678,2.62,100.0,100.0,False,,115.0,85.92,1.0600000000000023,0.060000000000002274,3.0700000000000003,24.561,36.55,-6.0,0.07,9.562,13.0,34.65,88.143,89.792,100.0,95.055,71.411,100.0,100.0,8.0,31.21,86.685,90.356,100.0,88.493,70.081,18.2,100.0,,,,,,HIGH
565,2026-06-06 21:15:00+00:00,21,5,-0.707107,0.707107,-0.974928,-0.222521,True,False,EVENING,3.0,7.0,11.0,52.0,97.0,270.0,35.69,3.21,0.0898,4.928,5.79,56.33,8.66,90.862,86.616,5.67,1.34,9.67,22.0,78.779,74.784,8.47,10.49,8.04,3.41,70.207,2.52,100.0,100.0,False,,115.6,87.059,0.05999999999999517,1.1199999999999974,-0.8599999999999994,26.021,36.55,-14.0,-0.57,9.552,9.0,34.53,87.831,89.677,100.0,93.496,71.453,100.0,100.0,8.0,30.16,85.946,90.654,100.0,91.385,69.27,66.767,100.0,,,,,,HIGH
566,2026-06-06 21:30:00+00:00,21,5,-0.707107,0.707107,-0.974928,-0.222521,True,False,EVENING,2.0,5.0,11.0,49.0,99.0,270.0,34.71,3.21,0.0925,5.007,5.532,56.1,8.77,90.483,87.657,5.9,1.23,10.26,23.29,73.582,69.982,8.52,10.61,7.87,3.44,70.849,2.25,80.4,100.0,False,,110.7,84.278,-0.9799999999999969,-0.9200000000000017,-0.8599999999999994,27.486,36.55,-14.0,-0.58,9.24,8.0,33.4,87.889,89.446,100.0,92.296,71.883,74.667,100.0,6.0,31.14,86.538,90.78,100.0,98.828,69.928,100.0,100.0,,,,,,MODERATE
567,2026-06-06 21:45:00+00:00,21,5,-0.707107,0.707107,-0.974928,-0.222521,True,False,EVENING,2.0,4.0,11.0,47.0,98.0,271.0,33.69,3.12,0.0927,5.076,5.476,55.97,8.79,90.275,87.947,6.03,1.21,9.49,21.61,78.867,74.821,8.52,10.66,7.81,3.45,71.063,1.99,77.767,100.0,False,,105.9,85.287,-1.0200000000000031,-2.0,-0.8800000000000026,28.702,36.55,-7.0,-0.57,8.92,10.0,34.24,87.454,90.378,100.0,90.238,72.103,100.0,100.0,2.0,30.15,85.819,90.47,100.0,87.982,70.24,64.7,100.0,,,,,,HIGH
568,2026-06-06 22:00:00+00:00,22,5,-0.5,0.866025,-0.974928,-0.222521,True,False,NIGHT,4.0,6.0,11.0,47.0,100.0,274.0,34.65,3.03,0.0875,5.119,6.238,55.67,8.81,89.792,88.143,6.33,1.19,5.84,17.04,100.0,95.055,8.53,10.75,7.72,3.47,71.411,2.05,100.0,100.0,False,,108.0,92.216,0.9600000000000009,-0.060000000000002274,-0.980000000000004,29.858,36.55,-4.0,-0.57,9.175,8.0,31.21,86.685,90.356,100.0,88.493,70.081,18.2,100.0,,,,,,,,,,,,,,,HIGH
569,2026-06-06 22:15:00+00:00,22,5,-0.5,0.866025,-0.974928,-0.222521,True,False,NIGHT,3.0,7.0,11.0,47.0,99.0,274.0,34.53,3.12,0.0903,5.226,5.637,55.6,8.78,89.677,87.831,6.4,1.22,5.95,17.29,100.0,93.496,8.48,10.81,7.71,3.47,71.453,1.94,100.0,100.0,False,,105.5,91.945,-0.11999999999999744,0.8400000000000034,-1.1599999999999966,30.76,36.55,0.0,-0.58,9.118,8.0,30.16,85.946,90.654,100.0,91.385,69.27,66.767,100.0,,,,,,,,,,,,,,,HIGH
570,2026-06-06 22:30:00+00:00,22,5,-0.5,0.866025,-0.974928,-0.222521,True,False,NIGHT,2.0,5.0,11.0,47.0,98.0,274.0,33.4,3.11,0.093,5.258,5.808,55.46,8.79,89.446,87.889,6.54,1.21,5.98,17.36,100.0,92.296,8.59,10.82,7.59,3.49,71.883,1.68,74.667,100.0,False,,101.4,89.521,-1.1300000000000026,-1.25,-1.3100000000000023,31.47,36.55,0.0,-0.57,8.77,6.0,31.14,86.538,90.78,100.0,98.828,69.928,100.0,100.0,,,,,,,,,,,,,,,HIGH
571,2026-06-06 22:45:00+00:00,22,5,-0.5,0.866025,-0.974928,-0.222521,True,False,NIGHT,4.0,6.0,13.0,42.0,98.0,278.0,34.24,3.01,0.0878,5.31,3.172,56.03,8.75,90.378,87.454,5.97,1.25,6.27,17.99,100.0,90.238,8.62,10.85,7.53,3.5,72.103,1.74,100.0,100.0,False,,102.9,91.692,0.8400000000000034,-0.28999999999999915,0.5500000000000043,32.173,36.55,2.0,-0.25,8.995,2.0,30.15,85.819,90.47,100.0,87.982,70.24,64.7,100.0,,,,,,,,,,,,,,,HIGH
572,2026-06-06 23:00:00+00:00,23,5,-0.258819,0.965926,-0.974928,-0.222521,True,False,NIGHT,0.0,4.0,9.0,35.0,94.0,276.0,31.21,3.08,0.0988,5.104,5.468,56.02,8.67,90.356,86.685,5.98,1.33,6.27,17.99,100.0,88.493,8.17,10.75,8.08,3.41,70.081,1.15,18.2,100.0,False,,97.6,83.78,-3.030000000000001,-2.1899999999999977,-3.4399999999999977,32.631,36.55,-2.0,-0.9,8.09,,,,,,,,,,,,,,,,,,,,,,,,MODERATE
573,2026-06-06 23:15:00+00:00,23,5,-0.258819,0.965926,-0.974928,-0.222521,True,False,NIGHT,2.0,2.0,8.0,30.0,91.0,278.0,30.16,2.81,0.0931,5.122,4.677,56.21,8.59,90.654,85.946,5.79,1.41,5.98,17.35,100.0,91.385,8.07,10.64,8.3,3.37,69.27,0.89,66.767,100.0,False,,94.0,88.343,-1.0500000000000007,-4.080000000000002,-4.370000000000001,33.029,36.55,-3.0,-1.05,7.762,,,,,,,,,,,,,,,,,,,,,,,,HIGH
574,2026-06-06 23:30:00+00:00,23,5,-0.258819,0.965926,-0.974928,-0.222521,True,False,NIGHT,4.0,6.0,10.0,32.0,93.0,280.0,31.14,2.71,0.0872,5.066,4.516,56.28,8.65,90.78,86.538,5.72,1.35,5.44,16.17,100.0,98.828,8.3,10.58,8.12,3.4,69.928,0.95,100.0,100.0,False,,98.1,92.432,0.9800000000000004,-0.07000000000000028,-2.259999999999998,33.556,36.55,-1.0,-0.73,8.023,,,,,,,,,,,,,,,,,,,,,,,,HIGH
575,2026-06-06 23:45:00+00:00,23,5,-0.258819,0.965926,-0.974928,-0.222521,True,False,NIGHT,2.0,6.0,8.0,32.0,89.0,281.0,30.15,2.8,0.093,5.027,6.084,56.09,8.58,90.47,85.819,5.91,1.42,6.27,17.99,100.0,87.982,8.47,10.49,8.04,3.41,70.24,0.68,64.7,100.0,False,,95.7,87.77,-0.990000000000002,-0.010000000000001563,-4.090000000000003,33.653,36.55,-5.0,-1.06,7.708,,,,,,,,,,,,,,,,,,,,,,,,HIGH
