step,timestamp,hour_of_day,day_of_week,hour_sin,hour_cos,dow_sin,dow_cos,is_weekend,is_holiday,shift_block,arrivals_15m,arrivals_30m,arrivals_1h,arrivals_3h,arrivals_6h,arrivals_24h,current_queue,critical_queue,priority_mix_critical,admissions_rate_1h,discharge_rate_1h,occupied_beds,occupied_icu,bed_occupancy,icu_occupancy,available_beds,available_icu,available_doctors,available_nurses,doctor_utilisation,nurse_utilisation,ventilators_in_use,monitors_in_use,available_equipment,reserved_equipment,equipment_utilisation,ot_backlog,ot_utilisation,emergency_resource_pressure,surge_active,surge_kind,waiting_minutes_mean,pressure_index,queue_change_15m,queue_change_30m,queue_change_1h,rolling_queue_mean,rolling_queue_max,arrival_rate_trend,ot_backlog_change_1h,queue_backlog_pressure,target_arrivals_1h,target_queue_1h,target_icu_occupancy_1h,target_bed_occupancy_1h,target_doctor_utilisation_1h,target_nurse_utilisation_1h,target_equipment_utilisation_1h,target_ot_utilisation_1h,target_emergency_resource_pressure_1h,target_arrivals_2h,target_queue_2h,target_icu_occupancy_2h,target_bed_occupancy_2h,target_doctor_utilisation_2h,target_nurse_utilisation_2h,target_equipment_utilisation_2h,target_ot_utilisation_2h,target_emergency_resource_pressure_2h,target_admissions_6h,target_discharges_6h,target_icu_occupancy_6h,target_bed_occupancy_6h,target_ot_backlog_6h,pressure_label
0,2026-06-01 00:00:00+00:00,0,0,0.0,1.0,0.0,1.0,False,False,NIGHT,1.0,1.0,1.0,1.0,1.0,1.0,2.16,0.72,0.3333,11.491,1.187,80.19,6.39,80.191,63.853,19.81,3.61,5.73,16.81,100.0,100.0,6.2,4.78,16.02,1.98,40.661,5.68,100.0,38.501,False,,3.0,68.455,0.0,0.0,0.0,2.16,2.16,0.0,0.0,1.96,5.0,0.0,66.074,81.047,100.0,100.0,35.775,100.0,26.43,9.0,0.0,65.112,80.143,100.0,100.0,36.006,81.808,26.045,1.68,3.582,67.29,79.792,0.0,NORMAL
1,2026-06-01 00:15:00+00:00,0,0,0.0,1.0,0.0,1.0,False,False,NIGHT,1.0,2.0,2.0,2.0,2.0,2.0,0.0,0.19,0.1944,5.309,2.53,80.69,6.58,80.688,65.831,19.31,3.42,6.26,17.98,100.0,100.0,6.55,4.55,15.9,2.0,41.094,5.36,100.0,26.333,False,,0.0,67.616,-2.16,0.0,0.0,1.08,2.16,0.0,0.0,1.34,4.0,0.0,65.815,80.715,100.0,100.0,34.337,64.183,26.326,11.0,0.0,64.289,79.984,100.0,100.0,37.224,78.617,25.716,6.72,3.293,69.882,80.389,0.16,NORMAL
2,2026-06-01 00:30:00+00:00,0,0,0.0,1.0,0.0,1.0,False,False,NIGHT,0.0,1.0,2.0,2.0,2.0,2.0,0.0,0.0,0.0,0.0,1.256,80.45,6.51,80.445,65.117,19.55,3.49,6.27,17.99,100.0,100.0,6.22,4.35,16.43,1.9,39.158,4.88,72.158,26.047,False,,0.0,64.74,0.0,-2.16,0.0,0.72,2.16,0.0,0.0,1.22,5.0,0.0,66.252,80.782,100.0,100.0,35.521,100.0,26.501,12.0,0.0,64.899,80.465,100.0,100.0,36.937,100.0,25.96,0.0,3.197,69.549,79.623,0.0,NORMAL
3,2026-06-01 00:45:00+00:00,0,0,0.0,1.0,0.0,1.0,False,False,NIGHT,2.0,2.0,4.0,4.0,4.0,4.0,0.0,0.0,0.0,3.36,1.805,80.76,6.59,80.757,65.885,19.24,3.41,5.93,17.24,100.0,100.0,6.16,4.21,16.63,1.87,38.409,4.72,100.0,26.354,False,,0.0,67.4,0.0,0.0,0.0,0.54,2.16,0.0,0.0,1.18,5.0,0.0,65.093,80.532,100.0,100.0,35.743,85.0,26.037,10.0,0.0,65.008,80.126,100.0,100.0,35.583,73.833,26.003,1.68,1.446,68.768,79.76,0.0,NORMAL
4,2026-06-01 01:00:00+00:00,1,0,0.258819,0.965926,0.0,1.0,False,False,NIGHT,2.0,4.0,5.0,6.0,6.0,6.0,0.0,0.0,0.0,3.36,2.125,81.05,6.61,81.047,66.074,18.95,3.39,6.27,17.99,100.0,100.0,5.57,4.09,17.34,1.74,35.775,4.56,100.0,26.43,False,,0.0,67.265,0.0,0.0,-2.16,0.432,2.16,4.0,-1.12,1.14,5.0,0.0,65.112,80.143,100.0,100.0,36.006,81.808,26.045,9.0,0.0,64.061,80.039,100.0,100.0,34.952,43.442,25.625,5.04,1.709,70.91,80.378,0.0,NORMAL
5,2026-06-01 01:15:00+00:00,1,0,0.258819,0.965926,0.0,1.0,False,False,NIGHT,0.0,2.0,4.0,6.0,6.0,6.0,0.0,0.0,0.0,0.0,1.432,80.71,6.58,80.715,65.815,19.29,3.42,5.23,15.71,100.0,100.0,5.27,4.0,17.73,1.67,34.337,4.08,64.183,26.326,False,,0.0,63.787,0.0,0.0,0.0,0.36,2.16,2.0,-1.28,1.02,4.0,0.0,64.289,79.984,100.0,100.0,37.224,78.617,25.716,11.0,0.0,65.455,80.699,100.0,100.0,34.39,100.0,26.182,6.72,1.817,73.043,81.391,0.16,NORMAL
6,2026-06-01 01:30:00+00:00,1,0,0.258819,0.965926,0.0,1.0,False,False,NIGHT,2.0,2.0,6.0,8.0,8.0,8.0,0.0,0.0,0.0,3.36,2.918,80.78,6.63,80.782,66.252,19.22,3.37,5.1,15.43,100.0,100.0,5.66,3.93,17.41,1.73,35.521,3.93,100.0,26.501,False,,0.0,67.219,0.0,0.0,0.0,0.309,2.16,4.0,-0.95,0.982,6.0,0.0,64.899,80.465,100.0,100.0,36.937,100.0,25.96,9.0,0.0,65.217,80.215,100.0,100.0,34.157,38.658,26.087,5.04,2.778,74.101,81.851,0.16,NORMAL
7,2026-06-01 01:45:00+00:00,1,0,0.258819,0.965926,0.0,1.0,False,False,NIGHT,1.0,3.0,5.0,9.0,9.0,9.0,0.0,0.0,0.0,1.68,3.143,80.53,6.51,80.532,65.093,19.47,3.49,6.27,17.99,100.0,100.0,5.79,3.86,17.35,1.74,35.743,3.61,85.0,26.037,False,,0.0,65.603,0.0,0.0,0.0,0.27,2.16,1.0,-1.11,0.902,4.0,0.0,65.008,80.126,100.0,100.0,35.583,73.833,26.003,11.0,0.0,64.708,79.815,100.0,100.0,34.369,61.067,25.883,6.72,2.606,75.908,82.698,0.32,NORMAL
8,2026-06-01 02:00:00+00:00,2,0,0.5,0.866025,0.0,1.0,False,False,NIGHT,1.0,2.0,4.0,10.0,10.0,10.0,0.0,0.0,0.0,1.68,3.228,80.14,6.51,80.143,65.112,19.86,3.49,5.94,17.27,100.0,100.0,5.92,3.8,17.28,1.75,36.006,3.29,81.808,26.045,False,,0.0,65.257,0.0,0.0,0.0,0.24,2.16,-1.0,-1.27,0.822,4.0,0.0,64.061,80.039,100.0,100.0,34.952,43.442,25.625,11.0,0.0,66.567,80.005,100.0,100.0,33.848,100.0,26.627,0.0,3.967,75.572,81.74,0.0,NORMAL
9,2026-06-01 02:15:00+00:00,2,0,0.5,0.866025,0.0,1.0,False,False,NIGHT,1.0,2.0,5.0,11.0,11.0,11.0,0.0,0.0,0.0,1.68,2.643,79.98,6.43,79.984,64.289,20.02,3.57,6.27,17.99,100.0,100.0,6.3,3.75,16.95,1.81,37.224,2.97,78.617,25.716,False,,0.0,64.88,0.0,0.0,0.0,0.216,2.16,1.0,-1.11,0.742,7.0,0.0,65.455,80.699,100.0,100.0,34.39,100.0,26.182,9.0,0.0,67.931,80.115,100.0,100.0,34.294,85.083,27.172,6.72,3.076,78.428,82.366,0.16,NORMAL
10,2026-06-01 02:30:00+00:00,2,0,0.5,0.866025,0.0,1.0,False,False,NIGHT,2.0,3.0,5.0,13.0,13.0,13.0,0.0,0.0,0.0,3.36,1.195,80.46,6.49,80.465,64.899,19.54,3.51,6.27,17.99,100.0,100.0,6.26,3.71,17.03,1.8,36.937,2.81,100.0,25.96,False,,0.0,67.006,0.0,0.0,0.0,0.196,2.16,-1.0,-1.12,0.702,6.0,0.0,65.217,80.215,100.0,100.0,34.157,38.658,26.087,11.0,0.0,67.23,79.571,100.0,100.0,33.411,29.092,26.892,3.36,3.266,78.555,82.376,0.0,NORMAL
11,2026-06-01 02:45:00+00:00,2,0,0.5,0.866025,0.0,1.0,False,False,NIGHT,1.0,3.0,5.0,14.0,14.0,14.0,0.0,0.0,0.0,1.68,2.992,80.13,6.5,80.126,65.008,19.87,3.5,6.27,17.99,100.0,100.0,5.92,3.69,17.39,1.73,35.583,2.49,73.833,26.003,False,,0.0,64.477,0.0,0.0,0.0,0.18,2.16,0.0,-1.12,0.622,6.0,0.0,64.708,79.815,100.0,100.0,34.369,61.067,25.883,11.0,0.0,66.867,79.516,100.0,100.0,32.375,24.3,26.747,6.72,3.609,80.69,82.941,0.16,NORMAL
12,2026-06-01 03:00:00+00:00,3,0,0.707107,0.707107,0.0,1.0,False,False,NIGHT,0.0,1.0,4.0,13.0,14.0,14.0,0.0,0.0,0.0,0.0,0.725,80.04,6.41,80.039,64.061,19.96,3.59,6.03,17.47,100.0,100.0,5.78,3.65,17.56,1.7,34.952,2.01,43.442,25.625,False,,0.0,61.476,0.0,0.0,0.0,0.166,2.16,0.0,-1.28,0.502,5.0,0.0,66.567,80.005,100.0,100.0,33.848,100.0,26.627,12.0,0.0,67.496,79.788,100.0,100.0,32.612,74.533,26.998,1.68,4.446,79.769,82.341,0.0,NORMAL
13,2026-06-01 03:15:00+00:00,3,0,0.707107,0.707107,0.0,1.0,False,False,NIGHT,3.0,3.0,6.0,15.0,17.0,17.0,0.0,0.0,0.0,5.04,1.842,80.7,6.55,80.699,65.455,19.3,3.45,6.13,17.68,100.0,100.0,5.64,3.64,17.71,1.67,34.39,2.01,100.0,26.182,False,,0.0,66.94,0.0,0.0,0.0,0.154,2.16,1.0,-0.96,0.502,4.0,0.0,67.931,80.115,100.0,100.0,34.294,85.083,27.172,13.0,0.0,66.437,79.843,100.0,100.0,34.445,48.933,26.575,3.36,2.977,80.118,82.402,0.0,NORMAL
14,2026-06-01 03:30:00+00:00,3,0,0.707107,0.707107,0.0,1.0,False,False,NIGHT,0.0,3.0,4.0,15.0,17.0,17.0,0.0,0.0,0.0,0.0,2.031,80.22,6.52,80.215,65.217,19.78,3.48,6.27,17.99,100.0,100.0,5.59,3.63,17.78,1.66,34.157,1.53,38.658,26.087,False,,0.0,61.244,0.0,0.0,0.0,0.144,2.16,-1.0,-1.28,0.382,3.0,0.0,67.23,79.571,100.0,100.0,33.411,29.092,26.892,16.0,0.0,67.169,80.277,100.0,100.0,34.444,74.533,26.868,8.4,3.224,83.688,83.339,0.32,NORMAL
15,2026-06-01 03:45:00+00:00,3,0,0.707107,0.707107,0.0,1.0,False,False,NIGHT,1.0,1.0,4.0,14.0,18.0,18.0,0.0,0.0,0.0,1.68,3.484,79.82,6.47,79.815,64.708,20.18,3.53,6.27,17.99,100.0,100.0,5.66,3.62,17.72,1.67,34.369,1.21,61.067,25.883,False,,0.0,63.09,0.0,0.0,0.0,0.135,2.16,-1.0,-1.28,0.302,5.0,0.0,66.867,79.516,100.0,100.0,32.375,24.3,26.747,17.0,0.0,67.145,80.282,100.0,100.0,33.359,48.933,26.858,8.4,5.971,86.155,83.7,0.64,NORMAL
16,2026-06-01 04:00:00+00:00,4,0,0.866025,0.5,0.0,1.0,False,False,NIGHT,3.0,4.0,7.0,15.0,21.0,21.0,0.0,0.0,0.0,5.04,3.536,80.01,6.66,80.005,66.567,19.99,3.34,6.27,17.99,100.0,100.0,5.51,3.63,17.86,1.65,33.848,1.21,100.0,26.627,False,,0.0,66.961,0.0,0.0,0.0,0.0,0.0,3.0,-0.8,0.302,6.0,0.0,67.496,79.788,100.0,100.0,32.612,74.533,26.998,20.0,0.0,67.29,79.792,70.168,66.15,35.358,48.933,26.916,3.36,3.7,84.753,83.755,0.48,NORMAL
17,2026-06-01 04:15:00+00:00,4,0,0.866025,0.5,0.0,1.0,False,False,NIGHT,2.0,5.0,6.0,17.0,23.0,23.0,0.0,0.0,0.0,3.36,2.375,80.12,6.79,80.115,67.931,19.88,3.21,6.27,17.99,100.0,100.0,5.61,3.65,17.74,1.67,34.294,1.05,85.083,27.172,False,,0.0,65.955,0.0,0.0,0.0,0.0,0.0,0.0,-0.96,0.262,5.0,0.0,66.437,79.843,100.0,100.0,34.445,48.933,26.575,19.0,0.0,69.882,80.389,70.694,66.646,37.73,100.0,27.953,6.72,3.557,85.299,84.491,0.64,NORMAL
18,2026-06-01 04:30:00+00:00,4,0,0.866025,0.5,0.0,1.0,False,False,NIGHT,0.0,2.0,6.0,15.0,23.0,23.0,0.0,0.0,0.0,0.0,2.458,79.57,6.72,79.571,67.23,20.43,3.28,6.27,17.99,100.0,100.0,5.36,3.66,17.98,1.62,33.411,0.58,29.092,26.892,False,,0.0,60.577,0.0,0.0,0.0,0.0,0.0,2.0,-0.95,0.145,8.0,0.0,67.169,80.277,100.0,100.0,34.444,74.533,26.868,19.0,0.0,69.549,79.623,75.03,70.535,38.78,23.333,27.82,0.0,4.269,82.945,83.659,0.16,NORMAL
19,2026-06-01 04:45:00+00:00,4,0,0.866025,0.5,0.0,1.0,False,False,NIGHT,0.0,0.0,5.0,14.0,23.0,23.0,0.0,0.0,0.0,0.0,0.366,79.52,6.69,79.516,66.867,20.48,3.31,6.27,17.99,100.0,100.0,5.08,3.66,18.26,1.57,32.375,0.1,24.3,26.747,False,,0.0,59.968,0.0,0.0,0.0,0.0,0.0,1.0,-1.11,0.025,6.0,0.0,67.145,80.282,100.0,100.0,33.359,48.933,26.858,21.0,0.0,68.768,79.76,70.14,66.124,37.194,48.933,27.507,6.72,3.992,84.215,84.214,0.33,NORMAL
20,2026-06-01 05:00:00+00:00,5,0,0.965926,0.258819,0.0,1.0,False,False,NIGHT,2.0,2.0,4.0,15.0,25.0,25.0,0.0,0.0,0.0,3.36,2.019,79.79,6.75,79.788,67.496,20.21,3.25,6.27,17.99,100.0,100.0,5.13,3.67,18.19,1.58,32.612,0.0,74.533,26.998,False,,0.0,64.696,0.0,0.0,0.0,0.0,0.0,-3.0,-1.21,0.0,6.0,0.0,67.29,79.792,70.168,66.15,35.358,48.933,26.916,24.0,0.0,70.91,80.378,79.973,75.005,39.207,100.0,28.364,6.72,4.796,85.284,84.589,0.49,NORMAL
21,2026-06-01 05:15:00+00:00,5,0,0.965926,0.258819,0.0,1.0,False,False,NIGHT,1.0,3.0,3.0,15.0,26.0,26.0,0.0,0.0,0.0,1.68,1.883,79.84,6.64,79.843,66.437,20.16,3.36,5.96,17.32,100.0,100.0,5.63,3.67,17.7,1.67,34.445,0.0,48.933,26.575,False,,0.0,62.357,0.0,0.0,0.0,0.0,0.0,-3.0,-1.05,0.0,8.0,0.0,69.882,80.389,70.694,66.646,37.73,100.0,27.953,22.0,0.0,73.043,81.391,79.144,74.302,39.529,100.0,29.217,8.631,4.266,87.101,85.498,1.13,NORMAL
22,2026-06-01 05:30:00+00:00,5,0,0.965926,0.258819,0.0,1.0,False,False,NIGHT,2.0,3.0,5.0,15.0,28.0,28.0,0.0,0.0,0.0,3.36,1.334,80.28,6.72,80.277,67.169,19.72,3.28,5.25,15.74,100.0,100.0,5.63,3.67,17.7,1.67,34.444,0.0,74.533,26.868,False,,0.0,64.903,0.0,0.0,0.0,0.0,0.0,-1.0,-0.58,0.0,8.0,0.0,69.549,79.623,75.03,70.535,38.78,23.333,27.82,20.0,0.0,74.101,81.851,79.751,74.866,37.947,100.0,29.64,6.489,5.547,87.622,85.682,0.97,NORMAL
23,2026-06-01 05:45:00+00:00,5,0,0.965926,0.258819,0.0,1.0,False,False,NIGHT,1.0,3.0,6.0,15.0,29.0,29.0,0.0,0.0,0.0,1.68,1.67,80.28,6.71,80.282,67.145,19.72,3.29,6.27,17.99,100.0,100.0,5.33,3.68,17.99,1.62,33.359,0.0,48.933,26.858,False,,0.0,62.497,0.0,0.0,0.0,0.0,0.0,1.0,-0.1,0.0,11.0,0.0,68.768,79.76,70.14,66.124,37.194,48.933,27.507,22.0,0.0,75.908,82.698,75.855,71.391,37.784,100.0,30.363,3.36,6.424,87.021,84.976,0.81,NORMAL
24,2026-06-01 06:00:00+00:00,6,0,1.0,0.0,0.0,1.0,False,False,MORNING,1.0,2.0,5.0,16.0,29.0,30.0,0.0,0.0,0.0,1.68,3.582,79.79,6.73,79.792,67.29,20.21,3.27,11.97,27.41,70.168,66.15,5.86,3.68,17.45,1.72,35.358,0.0,48.933,26.916,False,,0.0,54.957,0.0,0.0,0.0,0.0,0.0,1.0,0.0,0.0,14.0,0.0,70.91,80.378,79.973,75.005,39.207,100.0,28.364,23.0,0.0,75.572,81.74,73.623,69.342,37.34,23.333,30.229,8.459,3.379,87.415,86.207,1.29,NORMAL
25,2026-06-01 06:15:00+00:00,6,0,1.0,0.0,0.0,1.0,False,False,MORNING,4.0,5.0,8.0,17.0,32.0,34.0,0.0,0.0,0.0,6.72,3.293,80.39,6.99,80.389,69.882,19.61,3.01,11.97,27.41,70.694,66.646,6.47,3.71,16.81,1.83,37.73,0.16,100.0,27.953,False,,0.0,60.538,0.0,0.0,0.0,0.0,0.0,5.0,0.16,0.04,11.0,0.0,73.043,81.391,79.144,74.302,39.529,100.0,29.217,25.0,0.0,78.428,82.366,77.825,73.155,38.77,100.0,31.371,4.981,5.473,87.192,86.106,1.13,NORMAL
26,2026-06-01 06:30:00+00:00,6,0,1.0,0.0,0.0,1.0,False,False,MORNING,0.0,4.0,6.0,17.0,32.0,34.0,0.0,0.0,0.0,0.0,3.197,79.62,6.95,79.623,69.549,20.38,3.05,11.17,25.66,75.03,70.535,6.73,3.74,16.53,1.88,38.78,0.0,23.333,27.82,False,,0.0,54.485,0.0,0.0,0.0,0.0,0.0,1.0,0.0,0.0,11.0,0.0,74.101,81.851,79.751,74.866,37.947,100.0,29.64,25.0,0.0,78.555,82.376,75.379,70.95,38.406,74.55,31.422,3.36,6.482,86.031,85.441,0.97,NORMAL
27,2026-06-01 06:45:00+00:00,6,0,1.0,0.0,0.0,1.0,False,False,MORNING,1.0,1.0,6.0,17.0,31.0,35.0,0.0,0.0,0.0,1.68,1.446,79.76,6.88,79.76,68.768,20.24,3.12,11.97,27.41,70.14,66.124,6.3,3.75,16.96,1.81,37.194,0.0,48.933,27.507,False,,0.0,55.404,0.0,0.0,0.0,0.0,0.0,0.0,0.0,0.0,10.0,0.0,75.908,82.698,75.855,71.391,37.784,100.0,30.363,23.0,0.0,80.69,82.941,80.566,75.641,40.492,100.0,32.276,5.04,7.043,86.761,84.868,0.97,NORMAL
28,2026-06-01 07:00:00+00:00,7,0,0.965926,-0.258819,0.0,1.0,False,False,MORNING,3.0,4.0,8.0,17.0,32.0,38.0,0.0,0.0,0.0,5.04,1.709,80.38,7.09,80.378,70.91,19.62,2.91,10.58,24.36,79.973,75.005,6.81,3.78,16.41,1.91,39.207,0.0,100.0,28.364,False,,0.0,62.991,0.0,0.0,0.0,0.0,0.0,3.0,0.0,0.0,10.0,0.0,75.572,81.74,73.623,69.342,37.34,23.333,30.229,23.0,0.0,79.769,82.341,72.41,68.264,39.681,48.933,31.908,6.72,5.042,87.325,85.231,1.13,NORMAL
29,2026-06-01 07:15:00+00:00,7,0,0.965926,-0.258819,0.0,1.0,False,False,MORNING,4.0,7.0,8.0,19.0,36.0,42.0,0.0,0.0,0.0,6.72,1.817,81.39,7.3,81.391,73.043,18.61,2.7,10.83,24.9,79.144,74.302,6.85,3.82,16.33,1.92,39.529,0.16,100.0,29.217,False,,0.0,63.486,0.0,0.0,0.0,0.0,0.0,0.0,0.0,0.04,11.0,0.0,78.428,82.366,77.825,73.155,38.77,100.0,31.371,26.0,0.0,80.118,82.402,72.492,68.34,41.146,74.533,32.047,5.04,3.87,88.602,85.396,1.13,NORMAL
30,2026-06-01 07:30:00+00:00,7,0,0.965926,-0.258819,0.0,1.0,False,False,MORNING,3.0,7.0,11.0,22.0,37.0,45.0,0.0,0.0,0.0,5.04,2.778,81.85,7.41,81.851,74.101,18.15,2.59,10.8,24.85,79.751,74.866,6.37,3.87,16.75,1.84,37.947,0.16,100.0,29.64,False,,0.0,63.797,0.0,0.0,0.0,0.0,0.0,5.0,0.16,0.04,9.0,0.0,78.555,82.376,75.379,70.95,38.406,74.55,31.422,31.0,0.0,83.688,83.339,74.228,69.942,42.603,100.0,33.475,5.04,5.607,87.939,85.32,1.13,NORMAL
31,2026-06-01 07:45:00+00:00,7,0,0.965926,-0.258819,0.0,1.0,False,False,MORNING,4.0,7.0,14.0,26.0,40.0,49.0,0.0,0.0,0.0,6.72,2.606,82.7,7.59,82.698,75.908,17.3,2.41,11.48,26.33,75.855,71.391,6.27,3.93,16.8,1.84,37.784,0.32,100.0,30.363,False,,0.0,63.445,0.0,0.0,0.0,0.0,0.0,8.0,0.32,0.08,12.0,0.0,80.69,82.941,80.566,75.641,40.492,100.0,32.276,28.0,0.0,86.155,83.7,85.493,80.088,45.366,100.0,34.462,1.68,3.443,85.818,85.091,0.81,NORMAL
32,2026-06-01 08:00:00+00:00,8,0,0.866025,-0.5,0.0,1.0,False,False,MORNING,0.0,4.0,11.0,24.0,39.0,49.0,0.0,0.0,0.0,0.0,3.967,81.74,7.56,81.74,75.572,18.26,2.44,11.69,26.79,73.623,69.342,6.1,3.98,16.92,1.81,37.34,0.0,23.333,30.229,False,,0.0,55.714,0.0,0.0,0.0,0.0,0.0,3.0,0.0,0.0,13.0,0.0,79.769,82.341,72.41,68.264,39.681,48.933,31.908,25.0,0.0,84.753,83.755,73.654,69.436,45.536,79.358,33.901,3.36,5.739,84.879,84.591,0.66,NORMAL
33,2026-06-01 08:15:00+00:00,8,0,0.866025,-0.5,0.0,1.0,False,False,MORNING,4.0,4.0,11.0,27.0,42.0,53.0,0.0,0.0,0.0,6.72,3.076,82.37,7.84,82.366,78.428,17.63,2.16,11.14,25.59,77.825,73.155,6.42,4.05,16.53,1.88,38.77,0.16,100.0,31.371,False,,0.0,64.413,0.0,0.0,0.0,0.0,0.0,3.0,0.0,0.04,14.0,0.0,80.118,82.402,72.492,68.34,41.146,74.533,32.047,29.0,0.0,85.299,84.491,74.301,70.047,46.066,100.0,34.12,3.36,5.88,84.192,84.029,0.5,NORMAL
34,2026-06-01 08:30:00+00:00,8,0,0.866025,-0.5,0.0,1.0,False,False,MORNING,2.0,6.0,10.0,27.0,42.0,55.0,0.0,0.0,0.0,3.36,3.266,82.38,7.86,82.376,78.555,17.62,2.14,11.5,26.39,75.379,70.95,6.27,4.1,16.63,1.87,38.406,0.0,74.55,31.422,False,,0.0,61.559,0.0,0.0,0.0,0.0,0.0,-1.0,-0.16,0.0,16.0,0.0,83.688,83.339,74.228,69.942,42.603,100.0,33.475,27.0,0.0,82.945,83.659,73.657,69.436,46.69,24.975,33.178,3.36,4.102,83.354,83.928,0.34,NORMAL
35,2026-06-01 08:45:00+00:00,8,0,0.866025,-0.5,0.0,1.0,False,False,MORNING,4.0,6.0,10.0,30.0,45.0,59.0,0.0,0.0,0.0,6.72,3.609,82.94,8.07,82.941,80.69,17.06,1.93,10.84,24.92,80.566,75.641,6.76,4.17,16.07,1.97,40.492,0.16,100.0,32.276,False,,0.0,65.774,0.0,0.0,0.0,0.0,0.0,-4.0,-0.16,0.04,11.0,0.0,86.155,83.7,85.493,80.088,45.366,100.0,34.462,29.0,0.0,84.215,84.214,77.244,72.698,45.795,100.0,33.686,8.908,5.639,85.32,84.548,0.82,NORMAL
36,2026-06-01 09:00:00+00:00,9,0,0.707107,-0.707107,0.0,1.0,False,False,MORNING,1.0,5.0,11.0,30.0,46.0,60.0,0.0,0.0,0.0,1.68,4.446,82.34,7.98,82.341,79.769,17.66,2.02,11.97,27.41,72.41,68.264,6.5,4.21,16.29,1.93,39.681,0.0,48.933,31.908,False,,0.0,58.925,0.0,0.0,0.0,0.0,0.0,0.0,0.0,0.0,10.0,0.0,84.753,83.755,73.654,69.436,45.536,79.358,33.901,28.0,0.0,85.284,84.589,90.543,84.635,45.001,100.0,34.114,6.212,4.592,86.315,84.854,0.82,NORMAL
37,2026-06-01 09:15:00+00:00,9,0,0.707107,-0.707107,0.0,1.0,False,False,MORNING,2.0,3.0,9.0,28.0,45.0,62.0,0.0,0.0,0.0,3.36,2.977,82.4,8.01,82.402,80.118,17.6,1.99,11.97,27.4,72.492,68.34,6.86,4.25,15.89,2.0,41.146,0.0,74.533,32.047,False,,0.0,61.463,0.0,0.0,0.0,0.0,0.0,-2.0,-0.16,0.0,12.0,0.0,85.299,84.491,74.301,70.047,46.066,100.0,34.12,28.0,1.86,87.101,85.498,87.98,82.427,44.872,100.0,46.015,5.04,5.58,86.906,84.66,0.82,NORMAL
38,2026-06-01 09:30:00+00:00,9,0,0.707107,-0.707107,0.0,1.0,False,False,MORNING,5.0,7.0,12.0,33.0,50.0,67.0,0.0,0.0,0.0,8.4,3.224,83.34,8.37,83.339,83.688,16.66,1.63,11.82,27.08,74.228,69.942,7.18,4.32,15.5,2.07,42.603,0.32,100.0,33.475,False,,0.0,65.207,0.0,0.0,0.0,0.0,0.0,2.0,0.32,0.08,15.0,0.0,82.945,83.659,73.657,69.436,46.69,24.975,33.178,24.0,0.0,87.622,85.682,89.518,83.772,43.775,84.208,35.049,5.04,3.372,86.53,85.114,0.82,NORMAL
39,2026-06-01 09:45:00+00:00,9,0,0.707107,-0.707107,0.0,1.0,False,False,MORNING,5.0,10.0,13.0,37.0,54.0,72.0,0.0,0.0,0.0,8.4,5.971,83.7,8.62,83.7,86.155,16.3,1.38,10.31,23.75,85.493,80.088,7.84,4.4,14.75,2.2,45.366,0.64,100.0,34.462,False,,0.0,68.598,0.0,0.0,0.0,0.0,0.0,3.0,0.48,0.16,17.0,0.0,84.215,84.214,77.244,72.698,45.795,100.0,33.686,25.0,0.0,87.021,84.976,74.727,70.448,44.027,82.617,34.809,3.36,4.462,86.102,84.882,0.66,NORMAL
40,2026-06-01 10:00:00+00:00,10,0,0.5,-0.866025,0.0,1.0,False,False,MORNING,2.0,7.0,14.0,36.0,53.0,74.0,0.0,0.0,0.0,3.36,3.7,83.76,8.48,83.755,84.753,16.24,1.52,11.97,27.41,73.654,69.436,7.84,4.46,14.71,2.21,45.536,0.48,79.358,33.901,False,,0.0,63.788,0.0,0.0,0.0,0.0,0.0,3.0,0.48,0.12,15.0,0.0,85.284,84.589,90.543,84.635,45.001,100.0,34.114,24.0,0.96,87.415,86.207,76.191,71.829,43.803,100.0,40.756,5.04,5.88,85.908,84.691,0.66,NORMAL
41,2026-06-01 10:15:00+00:00,10,0,0.5,-0.866025,0.0,1.0,False,False,MORNING,4.0,6.0,16.0,36.0,55.0,78.0,0.0,0.0,0.0,6.72,3.557,84.49,8.53,84.491,85.299,15.51,1.47,11.97,27.41,74.301,70.047,7.93,4.5,14.56,2.24,46.066,0.64,100.0,34.12,False,,0.0,66.116,0.0,0.0,0.0,0.0,0.0,7.0,0.64,0.16,17.0,1.86,87.101,85.498,87.98,82.427,44.872,100.0,46.015,20.0,0.0,87.192,86.106,77.601,73.086,43.268,85.833,34.877,5.04,3.752,86.667,84.937,0.66,NORMAL
42,2026-06-01 10:30:00+00:00,10,0,0.5,-0.866025,0.0,1.0,False,False,MORNING,0.0,4.0,11.0,33.0,55.0,78.0,0.0,0.0,0.0,0.0,4.269,83.66,8.29,83.659,82.945,16.34,1.71,11.96,27.38,73.657,69.436,8.09,4.51,14.39,2.27,46.69,0.16,24.975,33.178,False,,0.0,58.615,0.0,0.0,0.0,0.0,0.0,-1.0,-0.16,0.04,12.0,0.0,87.622,85.682,89.518,83.772,43.775,84.208,35.049,20.0,0.0,86.031,85.441,76.636,72.191,45.3,84.242,34.412,5.04,3.251,87.208,85.33,0.66,NORMAL
43,2026-06-01 10:45:00+00:00,10,0,0.5,-0.866025,0.0,1.0,False,False,MORNING,4.0,4.0,10.0,33.0,59.0,82.0,0.0,0.0,0.0,6.72,3.992,84.21,8.42,84.214,84.215,15.79,1.58,11.48,26.33,77.244,72.698,7.83,4.54,14.64,2.23,45.795,0.33,100.0,33.686,False,,0.0,66.485,0.0,0.0,0.0,0.0,0.0,-3.0,-0.31,0.082,12.0,0.0,87.021,84.976,74.727,70.448,44.027,82.617,34.809,20.0,0.0,86.761,84.868,79.904,75.12,44.554,100.0,34.704,6.72,5.183,88.097,85.626,0.82,NORMAL
44,2026-06-01 11:00:00+00:00,11,0,0.258819,-0.965926,0.0,1.0,False,False,MORNING,4.0,8.0,12.0,37.0,61.0,86.0,0.0,0.0,0.0,6.72,4.796,84.59,8.53,84.589,85.284,15.41,1.47,9.83,22.71,90.543,84.635,7.58,4.57,14.85,2.19,45.001,0.49,100.0,34.114,False,,0.0,69.738,0.0,0.0,0.0,0.0,0.0,-2.0,0.01,0.122,13.0,0.96,87.415,86.207,76.191,71.829,43.803,100.0,40.756,23.0,0.0,87.325,85.231,77.968,73.387,43.922,100.0,34.93,8.201,4.651,88.59,86.464,1.15,NORMAL
45,2026-06-01 11:15:00+00:00,11,0,0.258819,-0.965926,0.0,1.0,False,False,MORNING,7.0,11.0,15.0,40.0,67.0,93.0,1.86,0.0,0.0,8.631,4.266,85.5,8.71,85.498,87.101,14.5,1.29,10.33,23.81,87.98,82.427,7.44,4.68,14.88,2.18,44.872,1.13,100.0,46.015,False,,3.4,70.907,1.86,1.86,1.86,0.116,1.86,-1.0,0.49,0.748,11.0,0.0,87.192,86.106,77.601,73.086,43.268,85.833,34.877,22.0,0.0,88.602,85.396,75.096,70.796,43.435,100.0,35.441,0.199,6.64,85.594,85.153,0.67,MODERATE
46,2026-06-01 11:30:00+00:00,11,0,0.258819,-0.965926,0.0,1.0,False,False,MORNING,2.0,9.0,17.0,40.0,67.0,95.0,0.0,0.17,0.1676,6.489,5.547,85.68,8.76,85.682,87.622,14.32,1.24,10.08,23.25,89.518,83.772,7.11,4.71,15.18,2.13,43.775,0.97,84.208,35.049,False,,0.0,68.688,-1.86,0.0,0.0,0.116,1.86,6.0,0.81,0.242,12.0,0.0,86.031,85.441,76.636,72.191,45.3,84.242,34.412,22.0,0.0,87.939,85.32,81.025,76.146,43.639,100.0,35.176,6.72,3.899,86.016,85.816,0.83,NORMAL
47,2026-06-01 11:45:00+00:00,11,0,0.258819,-0.965926,0.0,1.0,False,False,MORNING,2.0,4.0,15.0,38.0,68.0,97.0,0.0,0.0,0.0,3.36,6.424,84.98,8.7,84.976,87.021,15.02,1.3,11.97,27.41,74.727,70.448,7.16,4.72,15.11,2.14,44.027,0.81,82.617,34.809,False,,0.0,64.918,0.0,-1.86,0.0,0.116,1.86,5.0,0.48,0.202,13.0,0.0,86.761,84.868,79.904,75.12,44.554,100.0,34.704,22.0,0.0,85.818,85.091,82.524,77.485,43.604,57.083,34.327,1.68,5.677,84.792,84.939,0.51,NORMAL
48,2026-06-01 12:00:00+00:00,12,0,0.0,-1.0,0.0,1.0,False,False,MORNING,6.0,8.0,17.0,43.0,73.0,103.0,0.96,0.0,0.0,8.459,3.379,86.21,8.74,86.207,87.415,13.79,1.26,11.97,27.41,76.191,71.829,7.05,4.78,15.17,2.13,43.803,1.29,100.0,40.756,False,,1.8,67.768,0.96,0.96,0.96,0.176,1.86,5.0,0.8,0.562,11.0,0.0,87.325,85.231,77.968,73.387,43.922,100.0,34.93,23.0,0.0,84.879,84.591,86.786,82.54,43.947,81.092,33.952,3.36,4.857,84.802,84.564,0.35,NORMAL
49,2026-06-01 12:15:00+00:00,12,0,0.0,-1.0,0.0,1.0,False,False,MORNING,2.0,8.0,12.0,43.0,71.0,105.0,0.0,0.09,0.0868,4.981,5.473,86.11,8.72,86.106,87.192,13.89,1.28,11.68,26.78,77.601,73.086,6.9,4.78,15.32,2.1,43.268,1.13,85.833,34.877,False,,0.0,66.083,-0.96,0.0,-1.86,0.176,1.86,-3.0,0.0,0.282,9.0,0.0,88.602,85.396,75.096,70.796,43.435,100.0,35.441,24.0,0.0,84.192,84.029,86.21,81.992,43.422,79.5,33.677,3.36,4.353,84.177,84.378,0.19,NORMAL
50,2026-06-01 12:30:00+00:00,12,0,0.0,-1.0,0.0,1.0,False,False,MORNING,2.0,4.0,12.0,40.0,73.0,107.0,0.0,0.0,0.0,3.36,6.482,85.44,8.6,85.441,86.031,14.56,1.4,11.74,26.9,76.636,72.191,7.46,4.77,14.77,2.2,45.3,0.97,84.242,34.412,False,,0.0,65.521,0.0,-0.96,0.0,0.176,1.86,-5.0,0.0,0.242,8.0,0.0,87.939,85.32,81.025,76.146,43.639,100.0,35.176,25.0,0.0,83.354,83.928,86.655,82.398,45.217,77.908,33.342,1.68,4.129,83.633,83.82,0.0,NORMAL
51,2026-06-01 12:45:00+00:00,12,0,0.0,-1.0,0.0,1.0,False,False,MORNING,3.0,5.0,13.0,38.0,75.0,110.0,0.0,0.0,0.0,5.04,7.043,84.87,8.68,84.868,86.761,15.13,1.32,11.18,25.68,79.904,75.12,7.26,4.77,14.97,2.17,44.554,0.97,100.0,34.704,False,,0.0,67.636,0.0,0.0,0.0,0.176,1.86,-2.0,0.16,0.242,7.0,0.0,85.818,85.091,82.524,77.485,43.604,57.083,34.327,26.0,0.7,85.32,84.548,87.065,82.805,44.835,100.0,38.314,5.04,3.007,84.286,84.263,0.0,NORMAL
52,2026-06-01 13:00:00+00:00,13,0,-0.258819,-0.965926,0.0,1.0,False,False,MORNING,4.0,7.0,11.0,40.0,76.0,114.0,0.0,0.0,0.0,6.72,5.042,85.23,8.73,85.231,87.325,14.77,1.27,11.51,26.4,77.968,73.387,7.08,4.78,15.14,2.13,43.922,1.13,100.0,34.93,False,,0.0,67.331,0.0,0.0,-0.96,0.176,1.86,-6.0,-0.16,0.282,12.0,0.0,84.879,84.591,86.786,82.54,43.947,81.092,33.952,24.0,0.0,86.315,84.854,87.057,82.797,45.264,100.0,34.526,6.72,5.486,85.243,84.476,0.16,NORMAL
53,2026-06-01 13:15:00+00:00,13,0,-0.258819,-0.965926,0.0,1.0,False,False,MORNING,3.0,7.0,12.0,39.0,75.0,117.0,0.0,0.0,0.0,5.04,3.87,85.4,8.86,85.396,88.602,14.6,1.14,11.97,27.41,75.096,70.796,6.93,4.8,15.27,2.11,43.435,1.13,100.0,35.441,False,,0.0,66.924,0.0,0.0,0.0,0.176,1.86,0.0,0.0,0.282,13.0,0.0,84.192,84.029,86.21,81.992,43.422,79.5,33.677,26.0,0.0,86.906,84.66,100.0,98.901,44.948,100.0,34.762,1.68,4.497,84.231,83.873,0.0,NORMAL
54,2026-06-01 13:30:00+00:00,13,0,-0.258819,-0.965926,0.0,1.0,False,False,MORNING,3.0,6.0,13.0,42.0,75.0,120.0,0.0,0.0,0.0,5.04,5.607,85.32,8.79,85.32,87.939,14.68,1.21,11.08,25.47,81.025,76.146,6.98,4.8,15.22,2.12,43.639,1.13,100.0,35.176,False,,0.0,68.146,0.0,0.0,0.0,0.176,1.86,1.0,0.16,0.282,14.0,0.0,83.354,83.928,86.655,82.398,45.217,77.908,33.342,23.0,0.0,86.53,85.114,87.324,83.051,44.682,100.0,34.612,8.4,3.081,85.956,85.03,0.32,NORMAL
55,2026-06-01 13:45:00+00:00,13,0,-0.258819,-0.965926,0.0,1.0,False,False,MORNING,1.0,4.0,11.0,39.0,72.0,121.0,0.0,0.0,0.0,1.68,3.443,85.09,8.58,85.091,85.818,14.91,1.42,10.85,24.96,82.524,77.485,6.99,4.79,15.23,2.12,43.604,0.81,57.083,34.327,False,,0.0,64.147,0.0,0.0,0.0,0.176,1.86,-2.0,-0.16,0.202,15.0,0.7,85.32,84.548,87.065,82.805,44.835,100.0,38.314,24.0,0.0,86.102,84.882,87.085,82.824,43.901,81.15,34.441,6.72,5.029,86.503,85.398,0.48,NORMAL
56,2026-06-01 14:00:00+00:00,14,0,-0.5,-0.866025,0.0,1.0,False,False,EVENING,2.0,3.0,9.0,37.0,74.0,123.0,0.0,0.0,0.0,3.36,5.739,84.59,8.49,84.591,84.879,15.41,1.51,10.26,23.29,86.786,82.54,7.1,4.76,15.13,2.14,43.947,0.66,81.092,33.952,False,,0.0,67.158,0.0,0.0,0.0,0.176,1.86,-2.0,-0.47,0.165,11.0,0.0,86.315,84.854,87.057,82.797,45.264,100.0,34.526,23.0,0.0,85.908,84.691,89.758,85.279,43.728,100.0,34.363,5.04,3.539,86.159,85.808,0.48,NORMAL
57,2026-06-01 14:15:00+00:00,14,0,-0.5,-0.866025,0.0,1.0,False,False,EVENING,2.0,4.0,8.0,32.0,72.0,125.0,0.0,0.0,0.0,3.36,5.88,84.03,8.42,84.029,84.192,15.97,1.58,10.26,23.29,86.21,81.992,6.99,4.74,15.28,2.11,43.422,0.5,79.5,33.677,False,,0.0,66.572,0.0,0.0,0.0,0.176,1.86,-4.0,-0.63,0.125,11.0,0.0,86.906,84.66,100.0,98.901,44.948,100.0,34.762,22.0,0.0,86.667,84.937,93.189,88.44,44.775,100.0,34.667,6.72,4.214,87.853,86.265,0.64,NORMAL
58,2026-06-01 14:30:00+00:00,14,0,-0.5,-0.866025,0.0,1.0,False,False,EVENING,2.0,4.0,7.0,32.0,72.0,127.0,0.0,0.0,0.0,3.36,4.102,83.93,8.34,83.928,83.354,16.07,1.66,10.2,23.15,86.655,82.398,7.5,4.71,14.79,2.2,45.217,0.34,77.908,33.342,False,,0.0,66.503,0.0,0.0,0.0,0.176,1.86,-6.0,-0.79,0.085,11.0,0.0,86.53,85.114,87.324,83.051,44.682,100.0,34.612,21.0,0.0,87.208,85.33,87.545,83.262,44.415,100.0,34.883,5.04,4.612,88.421,86.315,0.64,NORMAL
59,2026-06-01 14:45:00+00:00,14,0,-0.5,-0.866025,0.0,1.0,False,False,EVENING,6.0,8.0,12.0,36.0,74.0,133.0,0.7,0.0,0.0,8.908,5.639,84.55,8.53,84.548,85.32,15.45,1.47,10.26,23.29,87.065,82.805,7.38,4.73,14.89,2.18,44.835,0.82,100.0,38.314,False,,1.2,69.532,0.7,0.7,0.7,0.22,1.86,1.0,0.01,0.38,11.0,0.0,86.102,84.882,87.085,82.824,43.901,81.15,34.441,19.0,0.0,88.097,85.626,87.848,83.55,45.656,100.0,35.239,7.94,4.756,88.69,87.085,0.96,NORMAL
60,2026-06-01 15:00:00+00:00,15,0,-0.707107,-0.707107,0.0,1.0,False,False,EVENING,3.0,9.0,13.0,33.0,76.0,136.0,0.0,0.06,0.0628,6.212,4.592,84.85,8.63,84.854,86.315,15.15,1.37,10.26,23.29,87.057,82.797,7.49,4.73,14.78,2.2,45.264,0.82,100.0,34.526,False,,0.0,69.387,-0.7,0.0,0.0,0.22,1.86,4.0,0.16,0.205,13.0,0.0,85.908,84.691,89.758,85.279,43.728,100.0,34.363,18.0,0.12,88.59,86.464,88.763,84.42,45.783,100.0,36.148,5.5,5.137,87.945,87.25,0.97,NORMAL
61,2026-06-01 15:15:00+00:00,15,0,-0.707107,-0.707107,0.0,1.0,False,False,EVENING,3.0,6.0,14.0,34.0,77.0,139.0,0.0,0.0,0.0,5.04,5.58,84.66,8.69,84.66,86.906,15.34,1.31,8.52,19.45,100.0,98.901,7.39,4.74,14.86,2.18,44.948,0.82,100.0,34.762,False,,0.0,72.92,0.0,-0.7,0.0,0.104,0.96,6.0,0.32,0.205,15.0,0.0,86.667,84.937,93.189,88.44,44.775,100.0,34.667,17.0,0.0,85.594,85.153,87.364,83.089,46.96,30.0,34.237,7.603,6.787,89.957,87.253,1.45,MODERATE
62,2026-06-01 15:30:00+00:00,15,0,-0.707107,-0.707107,0.0,1.0,False,False,EVENING,3.0,6.0,15.0,35.0,75.0,142.0,0.0,0.0,0.0,5.04,3.372,85.11,8.65,85.114,86.53,14.89,1.35,10.26,23.29,87.324,83.051,7.32,4.75,14.94,2.17,44.682,0.82,100.0,34.612,False,,0.0,69.497,0.0,0.0,0.0,0.104,0.96,8.0,0.48,0.205,12.0,0.0,87.208,85.33,87.545,83.262,44.415,100.0,34.883,18.0,0.0,86.016,85.816,100.0,94.743,47.002,100.0,34.406,2.477,6.009,88.611,86.504,0.97,NORMAL
63,2026-06-01 15:45:00+00:00,15,0,-0.707107,-0.707107,0.0,1.0,False,False,EVENING,2.0,5.0,11.0,34.0,72.0,144.0,0.0,0.0,0.0,3.36,4.462,84.88,8.61,84.882,86.102,15.12,1.39,10.26,23.29,87.085,82.824,7.11,4.74,15.15,2.13,43.901,0.66,81.15,34.441,False,,0.0,67.538,0.0,0.0,-0.7,0.104,0.96,-1.0,-0.16,0.165,13.0,0.0,88.097,85.626,87.848,83.55,45.656,100.0,35.239,19.0,0.0,84.792,84.939,100.0,98.294,46.067,54.017,33.917,3.36,5.265,87.756,86.113,0.81,NORMAL
64,2026-06-01 16:00:00+00:00,16,0,-0.866025,-0.5,0.0,1.0,False,False,EVENING,3.0,5.0,11.0,33.0,73.0,147.0,0.0,0.0,0.0,5.04,5.88,84.69,8.59,84.691,85.908,15.31,1.41,9.93,22.57,89.758,85.279,7.07,4.74,15.19,2.13,43.728,0.66,100.0,34.363,False,,0.0,69.754,0.0,0.0,0.0,0.044,0.7,-2.0,-0.16,0.165,10.0,0.12,88.59,86.464,88.763,84.42,45.783,100.0,36.148,22.0,0.0,84.802,84.564,87.034,82.767,45.558,78.025,33.921,1.68,4.215,86.596,85.596,0.49,NORMAL
65,2026-06-01 16:15:00+00:00,16,0,-0.866025,-0.5,0.0,1.0,False,False,EVENING,3.0,6.0,11.0,33.0,72.0,150.0,0.0,0.0,0.0,5.04,3.752,84.94,8.67,84.937,86.667,15.06,1.33,9.59,21.83,93.189,88.44,7.34,4.75,14.91,2.18,44.775,0.66,100.0,34.667,False,,0.0,70.845,0.0,0.0,0.0,0.044,0.7,-3.0,-0.16,0.165,7.0,0.0,85.594,85.153,87.364,83.089,46.96,30.0,34.237,23.0,0.0,84.177,84.378,86.568,82.332,45.299,76.433,33.671,0.0,5.186,84.273,84.532,0.01,MODERATE
66,2026-06-01 16:30:00+00:00,16,0,-0.866025,-0.5,0.0,1.0,False,False,EVENING,3.0,6.0,11.0,33.0,75.0,153.0,0.0,0.0,0.0,5.04,3.251,85.33,8.72,85.33,87.208,14.67,1.28,10.26,23.29,87.545,83.262,7.24,4.76,15.01,2.16,44.415,0.66,100.0,34.883,False,,0.0,69.708,0.0,0.0,0.0,0.044,0.7,-4.0,-0.16,0.165,9.0,0.0,86.016,85.816,100.0,94.743,47.002,100.0,34.406,25.0,0.0,83.633,83.82,100.0,100.0,43.942,48.933,33.453,5.04,4.924,84.401,84.548,0.01,NORMAL
67,2026-06-01 16:45:00+00:00,16,0,-0.866025,-0.5,0.0,1.0,False,False,EVENING,4.0,7.0,13.0,36.0,75.0,157.0,0.0,0.0,0.0,6.72,5.183,85.63,8.81,85.626,88.097,14.37,1.19,10.26,23.29,87.848,83.55,7.55,4.77,14.67,2.22,45.656,0.82,100.0,35.239,False,,0.0,70.134,0.0,0.0,0.0,0.044,0.7,2.0,0.16,0.205,6.0,0.0,84.792,84.939,100.0,98.294,46.067,54.017,33.917,27.0,0.0,84.286,84.263,89.358,84.897,43.067,100.0,33.714,3.36,4.137,84.231,84.37,0.0,MODERATE
68,2026-06-01 17:00:00+00:00,17,0,-0.965926,-0.258819,0.0,1.0,False,False,EVENING,5.0,9.0,15.0,39.0,76.0,162.0,0.12,0.0,0.0,8.201,4.651,86.46,8.86,86.464,88.59,13.54,1.14,10.26,23.29,88.763,84.42,7.56,4.8,14.64,2.23,45.783,1.15,100.0,36.148,False,,0.2,70.719,0.12,0.12,0.12,0.051,0.7,4.0,0.49,0.318,8.0,0.0,84.802,84.564,87.034,82.767,45.558,78.025,33.921,29.0,0.0,85.243,84.476,86.669,82.428,42.234,100.0,34.097,0.0,5.026,83.59,83.178,0.0,MODERATE
69,2026-06-01 17:15:00+00:00,17,0,-0.965926,-0.258819,0.0,1.0,False,False,EVENING,0.0,5.0,12.0,37.0,69.0,162.0,0.0,0.01,0.0107,0.199,6.64,85.15,8.56,85.153,85.594,14.85,1.44,10.26,23.29,87.364,83.089,7.9,4.78,14.32,2.28,46.96,0.67,30.0,34.237,False,,0.0,63.233,-0.12,0.0,0.0,0.051,0.7,1.0,0.01,0.168,10.0,0.0,84.177,84.378,86.568,82.332,45.299,76.433,33.671,28.0,0.0,84.231,83.873,86.05,81.84,43.064,48.933,33.692,0.0,4.079,82.441,82.273,0.0,NORMAL
70,2026-06-01 17:30:00+00:00,17,0,-0.965926,-0.258819,0.0,1.0,False,False,EVENING,4.0,4.0,13.0,39.0,71.0,166.0,0.0,0.0,0.0,6.72,3.899,85.82,8.6,85.816,86.016,14.18,1.4,9.03,20.59,100.0,94.743,7.92,4.77,14.31,2.28,47.002,0.83,100.0,34.406,False,,0.0,72.682,0.0,-0.12,0.0,0.051,0.7,2.0,0.17,0.208,9.0,0.0,83.633,83.82,100.0,100.0,43.942,48.933,33.453,33.0,0.0,85.956,85.03,99.183,93.932,42.527,100.0,34.382,5.04,2.922,83.195,82.727,0.0,MODERATE
71,2026-06-01 17:45:00+00:00,17,0,-0.965926,-0.258819,0.0,1.0,False,False,EVENING,1.0,5.0,10.0,34.0,70.0,167.0,0.0,0.0,0.0,1.68,5.677,84.94,8.48,84.939,84.792,15.06,1.52,8.6,19.64,100.0,98.294,7.69,4.75,14.56,2.24,46.067,0.51,54.017,33.917,False,,0.0,68.448,0.0,0.0,0.0,0.051,0.7,-3.0,-0.31,0.128,13.0,0.0,84.286,84.263,89.358,84.897,43.067,100.0,33.714,28.0,0.0,86.503,85.398,100.0,94.857,41.875,100.0,34.601,0.0,3.47,81.933,81.986,0.0,NORMAL
72,2026-06-01 18:00:00+00:00,18,0,-1.0,-0.0,0.0,1.0,False,False,EVENING,2.0,3.0,7.0,33.0,66.0,169.0,0.0,0.0,0.0,3.36,4.857,84.56,8.48,84.564,84.802,15.44,1.52,10.23,23.22,87.034,82.767,7.57,4.73,14.7,2.21,45.558,0.35,78.025,33.921,False,,0.0,67.063,0.0,0.0,-0.12,0.051,0.7,-8.0,-0.8,0.088,14.0,0.0,85.243,84.476,86.669,82.428,42.234,100.0,34.097,26.0,0.0,86.159,85.808,91.202,86.643,43.314,100.0,34.464,3.36,1.911,82.223,82.319,0.0,NORMAL
73,2026-06-01 18:15:00+00:00,18,0,-1.0,-0.0,0.0,1.0,False,False,EVENING,2.0,4.0,9.0,32.0,66.0,171.0,0.0,0.0,0.0,3.36,4.353,84.38,8.42,84.378,84.177,15.62,1.58,10.26,23.29,86.568,82.332,7.52,4.71,14.77,2.2,45.299,0.19,76.433,33.671,False,,0.0,66.622,0.0,0.0,0.0,0.051,0.7,-3.0,-0.48,0.048,13.0,0.0,84.231,83.873,86.05,81.84,43.064,48.933,33.692,24.0,0.0,87.853,86.265,92.884,88.204,43.191,100.0,35.141,9.522,2.952,84.913,83.693,0.48,NORMAL
74,2026-06-01 18:30:00+00:00,18,0,-1.0,-0.0,0.0,1.0,False,False,EVENING,1.0,3.0,6.0,30.0,65.0,172.0,0.0,0.0,0.0,1.68,4.129,83.82,8.36,83.82,83.633,16.18,1.64,8.13,18.61,100.0,100.0,7.18,4.69,15.14,2.14,43.942,0.0,48.933,33.453,False,,0.0,67.526,0.0,0.0,0.0,0.051,0.7,-7.0,-0.83,0.0,16.0,0.0,85.956,85.03,99.183,93.932,42.527,100.0,34.382,20.0,0.0,88.421,86.315,97.337,92.292,45.013,100.0,35.368,2.238,4.235,83.967,83.288,0.16,NORMAL
75,2026-06-01 18:45:00+00:00,18,0,-1.0,-0.0,0.0,1.0,False,False,EVENING,3.0,4.0,8.0,31.0,65.0,175.0,0.0,0.0,0.0,5.04,3.007,84.26,8.43,84.263,84.286,15.74,1.57,9.93,22.56,89.358,84.897,6.95,4.68,15.37,2.09,43.067,0.0,100.0,33.714,False,,0.0,69.182,0.0,0.0,0.0,0.008,0.12,-2.0,-0.51,0.0,14.0,0.0,86.503,85.398,100.0,94.857,41.875,100.0,34.601,20.0,0.27,88.69,87.085,89.471,85.093,46.116,100.0,37.118,1.68,4.145,83.124,82.756,0.0,NORMAL
76,2026-06-01 19:00:00+00:00,19,0,-0.965926,0.258819,0.0,1.0,False,False,EVENING,4.0,7.0,10.0,32.0,65.0,179.0,0.0,0.0,0.0,6.72,5.486,84.48,8.52,84.476,85.243,15.52,1.48,10.26,23.29,86.669,82.428,6.72,4.68,15.6,2.05,42.234,0.16,100.0,34.097,False,,0.0,68.726,0.0,0.0,0.0,0.008,0.12,3.0,-0.19,0.04,15.0,0.0,86.159,85.808,91.202,86.643,43.314,100.0,34.464,17.0,0.0,87.945,87.25,89.515,85.134,46.112,100.0,35.178,0.0,3.256,81.722,82.082,0.0,NORMAL
77,2026-06-01 19:15:00+00:00,19,0,-0.965926,0.258819,0.0,1.0,False,False,EVENING,1.0,5.0,9.0,30.0,63.0,180.0,0.0,0.0,0.0,1.68,4.497,83.87,8.42,83.873,84.231,16.13,1.58,10.26,23.29,86.05,81.84,6.96,4.67,15.37,2.09,43.064,0.0,48.933,33.692,False,,0.0,63.725,0.0,0.0,0.0,0.008,0.12,0.0,-0.19,0.0,15.0,0.0,87.853,86.265,92.884,88.204,43.191,100.0,35.141,14.0,1.47,89.957,87.253,90.198,85.785,47.555,100.0,44.829,3.36,2.856,81.751,82.205,0.0,NORMAL
78,2026-06-01 19:30:00+00:00,19,0,-0.965926,0.258819,0.0,1.0,False,False,EVENING,5.0,6.0,13.0,32.0,65.0,185.0,0.0,0.0,0.0,8.4,3.081,85.03,8.6,85.03,85.956,14.97,1.4,9.02,20.57,99.183,93.932,6.8,4.68,15.52,2.07,42.527,0.32,100.0,34.382,False,,0.0,71.899,0.0,0.0,0.0,0.008,0.12,7.0,0.32,0.08,17.0,0.0,88.421,86.315,97.337,92.292,45.013,100.0,35.368,8.0,0.0,88.611,86.504,100.0,100.0,47.468,33.008,35.444,1.68,3.663,81.396,81.745,0.0,MODERATE
79,2026-06-01 19:45:00+00:00,19,0,-0.965926,0.258819,0.0,1.0,False,False,EVENING,4.0,9.0,14.0,32.0,68.0,189.0,0.0,0.0,0.0,6.72,5.029,85.4,8.65,85.398,86.503,14.6,1.35,8.97,20.46,100.0,94.857,6.61,4.7,15.69,2.04,41.875,0.48,100.0,34.601,False,,0.0,72.24,0.0,0.0,0.0,0.008,0.12,6.0,0.48,0.12,14.0,0.27,88.69,87.085,89.471,85.093,46.116,100.0,37.118,11.0,0.0,87.756,86.113,88.349,84.026,46.669,82.617,35.103,0.0,3.865,79.242,80.994,0.0,MODERATE
80,2026-06-01 20:00:00+00:00,20,0,-0.866025,0.5,0.0,1.0,False,False,EVENING,3.0,7.0,13.0,30.0,69.0,192.0,0.0,0.0,0.0,5.04,3.539,85.81,8.62,85.808,86.159,14.19,1.38,9.9,22.51,91.202,86.643,6.99,4.71,15.31,2.11,43.314,0.48,100.0,34.464,False,,0.0,70.349,0.0,0.0,0.0,0.008,0.12,3.0,0.32,0.12,11.0,0.0,87.945,87.25,89.515,85.134,46.112,100.0,35.178,9.0,0.0,86.596,85.596,100.0,100.0,48.025,53.825,34.638,0.0,1.21,78.081,80.808,0.0,MODERATE
81,2026-06-01 20:15:00+00:00,20,0,-0.866025,0.5,0.0,1.0,False,False,EVENING,4.0,7.0,16.0,34.0,71.0,196.0,0.0,0.0,0.0,6.72,4.214,86.27,8.79,86.265,87.853,13.73,1.21,9.78,22.23,92.884,88.204,6.93,4.73,15.34,2.1,43.191,0.64,100.0,35.141,False,,0.0,71.167,0.0,0.0,0.0,0.008,0.12,7.0,0.64,0.16,9.0,1.47,89.957,87.253,90.198,85.785,47.555,100.0,44.829,10.0,0.0,84.273,84.532,100.0,100.0,47.124,23.433,33.709,0.0,3.799,77.84,79.882,0.0,MODERATE
82,2026-06-01 20:30:00+00:00,20,0,-0.866025,0.5,0.0,1.0,False,False,EVENING,3.0,7.0,14.0,33.0,72.0,199.0,0.0,0.0,0.0,5.04,4.612,86.32,8.84,86.315,88.421,13.68,1.16,9.33,21.26,97.337,92.292,7.4,4.76,14.85,2.19,45.013,0.64,100.0,35.368,False,,0.0,72.48,0.0,0.0,0.0,0.008,0.12,1.0,0.32,0.16,3.0,0.0,88.611,86.504,100.0,100.0,47.468,33.008,35.444,16.0,0.0,84.401,84.548,100.0,100.0,45.698,100.0,33.76,1.68,1.312,77.695,79.989,0.0,MODERATE
83,2026-06-01 20:45:00+00:00,20,0,-0.866025,0.5,0.0,1.0,False,False,EVENING,5.0,8.0,15.0,37.0,71.0,204.0,0.27,0.0,0.0,7.94,4.756,87.08,8.87,87.085,88.69,12.92,1.13,10.26,23.29,89.471,85.093,7.66,4.79,14.55,2.24,46.116,0.96,100.0,37.118,False,,0.5,71.168,0.27,0.27,0.27,0.024,0.27,1.0,0.48,0.308,6.0,0.0,87.756,86.113,88.349,84.026,46.669,82.617,35.103,14.0,0.0,84.231,84.37,100.0,100.0,44.774,74.533,33.693,0.0,1.866,76.4,79.652,0.0,MODERATE
84,2026-06-01 21:00:00+00:00,21,0,-0.707107,0.707107,0.0,1.0,False,False,EVENING,3.0,8.0,15.0,38.0,71.0,207.0,0.0,0.02,0.0246,5.5,5.137,87.25,8.79,87.25,87.945,12.75,1.21,10.26,23.29,89.515,85.134,7.65,4.8,14.55,2.24,46.112,0.97,100.0,35.178,False,,0.0,70.892,-0.27,0.0,0.0,0.017,0.27,2.0,0.49,0.242,6.0,0.0,86.596,85.596,100.0,100.0,48.025,53.825,34.638,13.0,0.0,83.59,83.178,100.0,100.0,43.707,23.333,33.436,0.0,2.592,76.259,79.018,0.0,MODERATE
85,2026-06-01 21:15:00+00:00,21,0,-0.707107,0.707107,0.0,1.0,False,False,EVENING,6.0,9.0,17.0,42.0,74.0,213.0,1.47,0.0,0.0,7.603,6.787,87.25,9.0,87.253,89.957,12.75,1.0,10.26,23.29,90.198,85.785,7.96,4.88,14.16,2.31,47.555,1.45,100.0,44.829,False,,3.1,72.526,1.47,1.2,1.47,0.109,1.47,1.0,0.81,0.73,5.0,0.0,84.273,84.532,100.0,100.0,47.124,23.433,33.709,13.0,0.0,82.441,82.273,100.0,100.0,43.622,23.333,32.976,1.68,1.661,76.26,79.023,0.0,MODERATE
86,2026-06-01 21:30:00+00:00,21,0,-0.707107,0.707107,0.0,1.0,False,False,EVENING,0.0,6.0,14.0,41.0,71.0,213.0,0.0,0.13,0.1327,2.477,6.009,86.5,8.86,86.504,88.611,13.5,1.14,8.17,18.7,100.0,100.0,7.94,4.88,14.18,2.31,47.468,0.97,33.008,35.444,False,,0.0,67.996,-1.47,0.0,0.0,0.109,1.47,0.0,0.33,0.242,5.0,0.0,84.401,84.548,100.0,100.0,45.698,100.0,33.76,15.0,0.0,83.195,82.727,100.0,100.0,42.944,100.0,33.278,1.68,1.55,76.357,79.046,0.0,NORMAL
87,2026-06-01 21:45:00+00:00,21,0,-0.707107,0.707107,0.0,1.0,False,False,EVENING,2.0,2.0,11.0,40.0,71.0,215.0,0.0,0.0,0.0,3.36,5.265,86.11,8.78,86.113,87.756,13.89,1.22,10.26,23.29,88.349,84.026,7.73,4.87,14.4,2.27,46.669,0.81,82.617,35.103,False,,0.0,68.817,0.0,-1.47,-0.27,0.109,1.47,-4.0,-0.15,0.202,5.0,0.0,84.231,84.37,100.0,100.0,44.774,74.533,33.693,13.0,0.0,81.933,81.986,100.0,100.0,43.411,23.333,32.773,0.0,1.084,75.472,78.863,0.0,NORMAL
88,2026-06-01 22:00:00+00:00,22,0,-0.5,0.866025,0.0,1.0,False,False,NIGHT,1.0,3.0,9.0,37.0,69.0,216.0,0.0,0.0,0.0,1.68,4.215,85.6,8.66,85.596,86.596,14.4,1.34,3.3,11.46,100.0,100.0,8.12,4.85,14.03,2.33,48.025,0.49,53.825,34.638,False,,0.0,69.317,0.0,0.0,0.0,0.109,1.47,-6.0,-0.48,0.122,3.0,0.0,83.59,83.178,100.0,100.0,43.707,23.333,33.436,13.0,0.0,82.223,82.319,100.0,100.0,43.859,74.533,32.889,0.0,0.019,75.202,78.885,0.0,NORMAL
89,2026-06-01 22:15:00+00:00,22,0,-0.5,0.866025,0.0,1.0,False,False,NIGHT,0.0,1.0,3.0,36.0,66.0,216.0,0.0,0.0,0.0,0.0,5.186,84.53,8.43,84.532,84.273,15.47,1.57,6.27,17.99,100.0,100.0,7.92,4.81,14.28,2.29,47.124,0.01,23.433,33.709,False,,0.0,65.802,0.0,0.0,-1.47,0.109,1.47,-14.0,-1.44,0.002,5.0,0.0,82.441,82.273,100.0,100.0,43.622,23.333,32.976,11.0,0.33,84.913,83.693,100.0,100.0,44.897,100.0,35.96,0.0,1.886,74.75,78.459,0.0,NORMAL
90,2026-06-01 22:30:00+00:00,22,0,-0.5,0.866025,0.0,1.0,False,False,NIGHT,3.0,3.0,6.0,34.0,66.0,219.0,0.0,0.0,0.0,5.04,4.924,84.55,8.44,84.548,84.401,15.45,1.56,6.27,17.99,100.0,100.0,7.57,4.77,14.66,2.22,45.698,0.01,100.0,33.76,False,,0.0,72.594,0.0,0.0,0.0,0.109,1.47,-8.0,-0.96,0.002,11.0,0.0,83.195,82.727,100.0,100.0,42.944,100.0,33.278,5.0,0.0,83.967,83.288,100.0,100.0,44.228,50.55,33.587,1.68,1.406,74.262,78.576,0.0,MODERATE
91,2026-06-01 22:45:00+00:00,22,0,-0.5,0.866025,0.0,1.0,False,False,NIGHT,2.0,5.0,6.0,32.0,64.0,221.0,0.0,0.0,0.0,3.36,4.137,84.37,8.42,84.37,84.231,15.63,1.58,6.27,17.99,100.0,100.0,7.34,4.75,14.91,2.18,44.774,0.0,74.533,33.693,False,,0.0,70.145,0.0,0.0,0.0,0.109,1.47,-5.0,-0.81,0.0,9.0,0.0,81.933,81.986,100.0,100.0,43.411,23.333,32.773,5.0,0.0,83.124,82.756,100.0,100.0,43.931,48.933,33.25,1.68,2.392,74.976,78.327,0.0,MODERATE
92,2026-06-01 23:00:00+00:00,23,0,-0.258819,0.965926,0.0,1.0,False,False,NIGHT,0.0,2.0,5.0,29.0,59.0,221.0,0.0,0.0,0.0,0.0,5.026,83.18,8.36,83.178,83.59,16.82,1.64,6.17,17.77,100.0,100.0,7.09,4.72,15.2,2.12,43.707,0.0,23.333,33.436,False,,0.0,65.051,0.0,0.0,0.0,0.109,1.47,-4.0,-0.49,0.0,10.0,0.0,82.223,82.319,100.0,100.0,43.859,74.533,32.889,4.0,0.0,81.722,82.082,100.0,100.0,44.496,23.333,32.689,0.0,1.863,74.235,77.935,0.0,NORMAL
93,2026-06-01 23:15:00+00:00,23,0,-0.258819,0.965926,0.0,1.0,False,False,NIGHT,0.0,0.0,5.0,25.0,59.0,221.0,0.0,0.0,0.0,0.0,4.079,82.27,8.24,82.273,82.441,17.73,1.76,5.74,16.83,100.0,100.0,7.1,4.68,15.22,2.12,43.622,0.0,23.333,32.976,False,,0.0,64.614,0.0,0.0,0.0,0.109,1.47,2.0,-0.01,0.0,8.0,0.33,84.913,83.693,100.0,100.0,44.897,100.0,35.96,4.0,0.0,81.751,82.205,100.0,100.0,45.034,74.533,32.701,3.36,3.043,74.834,77.955,0.0,NORMAL
94,2026-06-01 23:30:00+00:00,23,0,-0.258819,0.965926,0.0,1.0,False,False,NIGHT,3.0,3.0,5.0,25.0,58.0,224.0,0.0,0.0,0.0,5.04,2.922,82.73,8.32,82.727,83.195,17.27,1.68,5.95,17.29,100.0,100.0,6.94,4.66,15.41,2.09,42.944,0.0,100.0,33.278,False,,0.0,71.704,0.0,0.0,0.0,0.109,1.47,-1.0,-0.01,0.0,4.0,0.0,83.967,83.288,100.0,100.0,44.228,50.55,33.587,3.0,0.0,81.396,81.745,100.0,100.0,45.12,48.933,32.558,1.68,2.87,75.283,77.612,0.0,MODERATE
95,2026-06-01 23:45:00+00:00,23,0,-0.258819,0.965926,0.0,1.0,False,False,NIGHT,0.0,3.0,3.0,20.0,57.0,224.0,0.0,0.0,0.0,0.0,3.47,81.99,8.19,81.986,81.933,18.01,1.81,6.27,17.99,100.0,100.0,7.09,4.63,15.28,2.11,43.411,0.0,23.333,32.773,False,,0.0,64.43,0.0,0.0,0.0,0.109,1.47,-3.0,0.0,0.0,4.0,0.0,83.124,82.756,100.0,100.0,43.931,48.933,33.25,3.0,0.0,79.242,80.994,100.0,100.0,42.818,23.333,31.697,3.36,2.493,76.052,77.752,0.0,NORMAL
96,2026-06-02 00:00:00+00:00,0,1,0.0,1.0,0.781831,0.62349,False,False,NIGHT,2.0,2.0,5.0,19.0,57.0,225.0,0.0,0.0,0.0,3.36,1.911,82.32,8.22,82.319,82.223,17.68,1.78,5.24,15.73,100.0,100.0,7.23,4.61,15.16,2.13,43.859,0.0,74.533,32.889,False,,0.0,69.21,0.0,0.0,0.0,0.109,1.47,0.0,0.0,0.0,3.0,0.0,81.722,82.082,100.0,100.0,44.496,23.333,32.689,3.0,0.0,78.081,80.808,100.0,100.0,41.503,23.333,31.232,6.72,1.396,77.284,78.96,0.16,NORMAL
97,2026-06-02 00:15:00+00:00,0,1,0.0,1.0,0.781831,0.62349,False,False,NIGHT,6.0,8.0,11.0,19.0,61.0,230.0,0.33,0.0,0.0,9.522,2.952,83.69,8.49,83.693,84.913,16.31,1.51,5.63,16.59,100.0,100.0,7.49,4.63,14.88,2.18,44.897,0.48,100.0,35.96,False,,0.6,72.647,0.33,0.33,0.33,0.129,1.47,6.0,0.48,0.202,3.0,0.0,81.751,82.205,100.0,100.0,45.034,74.533,32.701,3.0,0.0,77.84,79.882,100.0,100.0,42.607,23.333,31.136,1.68,2.477,77.71,78.718,0.0,MODERATE
98,2026-06-02 00:30:00+00:00,0,1,0.0,1.0,0.781831,0.62349,False,False,NIGHT,1.0,7.0,9.0,20.0,61.0,231.0,0.0,0.03,0.0299,2.238,4.235,83.29,8.4,83.288,83.967,16.71,1.6,5.36,15.98,100.0,100.0,7.31,4.63,15.06,2.15,44.228,0.16,50.55,33.587,False,,0.0,67.647,-0.33,0.0,0.0,0.129,1.47,4.0,0.16,0.04,1.0,0.0,81.396,81.745,100.0,100.0,45.12,48.933,32.558,3.0,0.0,77.695,79.989,100.0,100.0,41.381,48.933,31.078,0.0,0.0,77.411,78.748,0.0,NORMAL
99,2026-06-02 00:45:00+00:00,0,1,0.0,1.0,0.781831,0.62349,False,False,NIGHT,1.0,2.0,10.0,19.0,59.0,230.0,0.0,0.0,0.0,1.68,4.145,82.76,8.31,82.756,83.124,17.24,1.69,6.27,17.99,100.0,100.0,7.24,4.62,15.14,2.14,43.931,0.0,48.933,33.25,False,,0.0,67.189,0.0,-0.33,0.0,0.112,1.47,7.0,0.0,0.0,1.0,0.0,79.242,80.994,100.0,100.0,42.818,23.333,31.697,3.0,0.0,76.4,79.652,100.0,100.0,43.595,23.333,30.56,5.04,0.299,78.02,79.872,0.0,NORMAL
100,2026-06-02 01:00:00+00:00,1,1,0.258819,0.965926,0.781831,0.62349,False,False,NIGHT,0.0,1.0,8.0,18.0,55.0,228.0,0.0,0.0,0.0,0.0,3.256,82.08,8.17,82.082,81.722,17.92,1.83,4.77,14.69,100.0,100.0,7.42,4.59,14.99,2.16,44.496,0.0,23.333,32.689,False,,0.0,64.507,0.0,0.0,0.0,0.112,1.47,3.0,0.0,0.0,1.0,0.0,78.081,80.808,100.0,100.0,41.503,23.333,31.232,4.0,0.0,76.259,79.018,100.0,99.804,42.521,23.333,30.504,6.72,1.526,80.549,80.918,0.16,NORMAL
101,2026-06-02 01:15:00+00:00,1,1,0.258819,0.965926,0.781831,0.62349,False,False,NIGHT,2.0,2.0,4.0,20.0,56.0,230.0,0.0,0.0,0.0,3.36,2.856,82.21,8.18,82.205,81.751,17.79,1.82,4.31,13.68,100.0,100.0,7.59,4.57,14.84,2.19,45.034,0.0,74.533,32.701,False,,0.0,69.196,0.0,0.0,-0.33,0.021,0.33,-7.0,-0.48,0.0,1.0,0.0,77.84,79.882,100.0,100.0,42.607,23.333,31.136,4.0,0.0,76.26,79.023,100.0,100.0,43.078,48.933,30.504,5.04,1.928,82.2,81.531,0.16,NORMAL
102,2026-06-02 01:30:00+00:00,1,1,0.258819,0.965926,0.781831,0.62349,False,False,NIGHT,1.0,3.0,4.0,18.0,52.0,229.0,0.0,0.0,0.0,1.68,3.663,81.75,8.14,81.745,81.396,18.25,1.86,6.27,17.99,100.0,100.0,7.63,4.55,14.82,2.19,45.12,0.0,48.933,32.558,False,,0.0,66.728,0.0,0.0,0.0,0.021,0.33,-5.0,-0.16,0.0,2.0,0.0,77.695,79.989,100.0,100.0,41.381,48.933,31.078,5.0,0.0,76.357,79.046,100.0,100.0,43.058,48.933,30.543,6.72,3.344,84.312,82.164,0.32,NORMAL
103,2026-06-02 01:45:00+00:00,1,1,0.258819,0.965926,0.781831,0.62349,False,False,NIGHT,0.0,1.0,3.0,16.0,48.0,228.0,0.0,0.0,0.0,0.0,3.865,80.99,7.92,80.994,79.242,19.01,2.08,6.27,17.99,100.0,100.0,7.05,4.52,15.44,2.08,42.818,0.0,23.333,31.697,False,,0.0,63.621,0.0,0.0,0.0,0.021,0.33,-7.0,0.0,0.0,2.0,0.0,76.4,79.652,100.0,100.0,43.595,23.333,30.56,5.0,0.0,75.472,78.863,100.0,99.608,42.833,23.333,30.189,1.68,3.256,83.8,81.821,0.0,NORMAL
104,2026-06-02 02:00:00+00:00,2,1,0.5,0.866025,0.781831,0.62349,False,False,NIGHT,0.0,0.0,3.0,16.0,45.0,227.0,0.0,0.0,0.0,0.0,1.21,80.81,7.81,80.808,78.081,19.19,2.19,6.24,17.92,100.0,100.0,6.73,4.47,15.79,2.02,41.503,0.0,23.333,31.232,False,,0.0,63.229,0.0,0.0,0.0,0.021,0.33,-5.0,0.0,0.0,2.0,0.0,76.259,79.018,100.0,99.804,42.521,23.333,30.504,7.0,0.0,75.202,78.885,100.0,100.0,42.84,23.333,30.081,3.36,3.247,83.051,81.924,0.0,NORMAL
105,2026-06-02 02:15:00+00:00,2,1,0.5,0.866025,0.781831,0.62349,False,False,NIGHT,0.0,0.0,1.0,16.0,41.0,226.0,0.0,0.0,0.0,0.0,3.799,79.88,7.78,79.882,77.84,20.12,2.22,5.39,16.05,100.0,100.0,7.07,4.43,15.5,2.07,42.607,0.0,23.333,31.136,False,,0.0,63.077,0.0,0.0,0.0,0.021,0.33,-3.0,0.0,0.0,2.0,0.0,76.26,79.023,100.0,100.0,43.078,48.933,30.504,11.0,0.0,74.75,78.459,100.0,99.097,42.952,23.333,29.9,5.04,2.246,83.504,82.577,0.0,NORMAL
106,2026-06-02 02:30:00+00:00,2,1,0.5,0.866025,0.781831,0.62349,False,False,NIGHT,1.0,1.0,1.0,14.0,39.0,225.0,0.0,0.0,0.0,1.68,1.312,79.99,7.77,79.989,77.695,20.01,2.23,6.27,17.99,100.0,100.0,6.77,4.4,15.83,2.01,41.381,0.0,48.933,31.078,False,,0.0,65.265,0.0,0.0,0.0,0.021,0.33,-3.0,0.0,0.0,1.0,0.0,76.357,79.046,100.0,100.0,43.058,48.933,30.543,12.0,0.0,74.262,78.576,100.0,99.246,41.871,48.933,29.705,3.36,5.225,82.795,82.182,0.0,NORMAL
107,2026-06-02 02:45:00+00:00,2,1,0.5,0.866025,0.781831,0.62349,False,False,NIGHT,0.0,1.0,1.0,14.0,34.0,224.0,0.0,0.0,0.0,0.0,1.866,79.65,7.64,79.652,76.4,20.35,2.36,5.4,16.07,100.0,100.0,7.41,4.36,15.23,2.12,43.595,0.0,23.333,30.56,False,,0.0,62.827,0.0,0.0,0.0,0.021,0.33,-2.0,0.0,0.0,1.0,0.0,75.472,78.863,100.0,99.608,42.833,23.333,30.189,11.0,0.0,74.976,78.327,100.0,100.0,40.393,48.933,29.99,6.72,3.167,83.285,83.021,0.16,NORMAL
108,2026-06-02 03:00:00+00:00,3,1,0.707107,0.707107,0.781831,0.62349,False,False,NIGHT,0.0,0.0,1.0,12.0,31.0,224.0,0.0,0.0,0.0,0.0,2.592,79.02,7.63,79.018,76.259,20.98,2.37,6.27,17.99,100.0,99.804,7.15,4.33,15.52,2.07,42.521,0.0,23.333,30.504,False,,0.0,62.539,0.0,0.0,0.0,0.021,0.33,-2.0,0.0,0.0,2.0,0.0,75.202,78.885,100.0,100.0,42.84,23.333,30.081,13.0,0.0,74.235,77.935,100.0,100.0,41.189,23.333,29.694,8.4,4.327,86.084,83.76,0.48,NORMAL
109,2026-06-02 03:15:00+00:00,3,1,0.707107,0.707107,0.781831,0.62349,False,False,NIGHT,1.0,1.0,2.0,7.0,26.0,222.0,0.0,0.0,0.0,1.68,1.661,79.02,7.63,79.023,76.26,20.98,2.37,5.41,16.09,100.0,100.0,7.33,4.3,15.37,2.09,43.078,0.0,48.933,30.504,False,,0.0,64.918,0.0,0.0,0.0,0.021,0.33,1.0,0.0,0.0,2.0,0.0,74.75,78.459,100.0,99.097,42.952,23.333,29.9,17.0,0.0,74.834,77.955,100.0,100.0,39.895,74.533,29.934,5.04,3.269,86.895,84.121,0.48,NORMAL
110,2026-06-02 03:30:00+00:00,3,1,0.707107,0.707107,0.781831,0.62349,False,False,NIGHT,1.0,2.0,2.0,7.0,27.0,223.0,0.0,0.0,0.0,1.68,1.55,79.05,7.64,79.046,76.357,20.95,2.36,4.49,14.08,100.0,100.0,7.34,4.28,15.37,2.09,43.058,0.0,48.933,30.543,False,,0.0,64.941,0.0,0.0,0.0,0.021,0.33,1.0,0.0,0.0,4.0,0.0,74.262,78.576,100.0,99.246,41.871,48.933,29.705,18.0,0.0,75.283,77.612,100.0,100.0,40.312,48.933,30.113,0.0,3.129,84.347,83.594,0.0,NORMAL
111,2026-06-02 03:45:00+00:00,3,1,0.707107,0.707107,0.781831,0.62349,False,False,NIGHT,0.0,1.0,2.0,6.0,25.0,222.0,0.0,0.0,0.0,0.0,1.084,78.86,7.55,78.863,75.472,21.14,2.45,6.27,17.99,100.0,99.608,7.31,4.25,15.44,2.08,42.833,0.0,23.333,30.189,False,,0.0,62.352,0.0,0.0,0.0,0.021,0.33,1.0,0.0,0.0,4.0,0.0,74.976,78.327,100.0,100.0,40.393,48.933,29.99,21.0,0.0,76.052,77.752,100.0,100.0,40.133,74.533,30.421,0.0,4.231,83.561,82.615,0.0,NORMAL
112,2026-06-02 04:00:00+00:00,4,1,0.866025,0.5,0.781831,0.62349,False,False,NIGHT,0.0,0.0,2.0,6.0,24.0,219.0,0.0,0.0,0.0,0.0,0.019,78.89,7.52,78.885,75.202,21.11,2.48,6.05,17.51,100.0,100.0,7.34,4.23,15.43,2.08,42.84,0.0,23.333,30.081,False,,0.0,62.351,0.0,0.0,0.0,0.021,0.33,1.0,0.0,0.0,5.0,0.0,74.235,77.935,100.0,100.0,41.189,23.333,29.694,20.0,0.0,77.284,78.96,78.487,73.615,40.233,100.0,30.914,5.04,2.189,83.533,83.33,0.0,NORMAL
113,2026-06-02 04:15:00+00:00,4,1,0.866025,0.5,0.781831,0.62349,False,False,NIGHT,0.0,0.0,1.0,4.0,24.0,217.0,0.0,0.0,0.0,0.0,1.886,78.46,7.48,78.459,74.75,21.54,2.52,6.27,17.99,100.0,99.097,7.39,4.21,15.4,2.09,42.952,0.0,23.333,29.9,False,,0.0,62.068,0.0,0.0,0.0,0.0,0.0,-1.0,0.0,0.0,9.0,0.0,74.834,77.955,100.0,100.0,39.895,74.533,29.934,18.0,0.0,77.71,78.718,72.597,68.309,39.025,48.933,31.084,6.72,2.584,85.149,84.203,0.16,NORMAL
114,2026-06-02 04:30:00+00:00,4,1,0.866025,0.5,0.781831,0.62349,False,False,NIGHT,1.0,1.0,1.0,4.0,22.0,218.0,0.0,0.0,0.0,1.68,1.406,78.58,7.43,78.576,74.262,21.42,2.57,6.27,17.99,100.0,99.246,7.12,4.18,15.69,2.03,41.871,0.0,48.933,29.705,False,,0.0,64.221,0.0,0.0,0.0,0.0,0.0,-1.0,0.0,0.0,8.0,0.0,75.283,77.612,100.0,100.0,40.312,48.933,30.113,20.0,0.0,77.411,78.748,75.844,71.234,39.11,23.333,30.964,3.36,5.252,84.748,83.77,0.0,NORMAL
115,2026-06-02 04:45:00+00:00,4,1,0.866025,0.5,0.781831,0.62349,False,False,NIGHT,1.0,2.0,2.0,5.0,21.0,219.0,0.0,0.0,0.0,1.68,2.392,78.33,7.5,78.327,74.976,21.67,2.5,5.75,16.85,100.0,100.0,6.74,4.17,16.09,1.96,40.393,0.0,48.933,29.99,False,,0.0,64.266,0.0,0.0,0.0,0.0,0.0,0.0,0.0,0.0,7.0,0.0,76.052,77.752,100.0,100.0,40.133,74.533,30.421,22.0,0.0,78.02,79.872,70.239,66.217,40.313,100.0,31.208,1.68,3.837,84.309,83.275,0.0,NORMAL
116,2026-06-02 05:00:00+00:00,5,1,0.965926,0.258819,0.781831,0.62349,False,False,NIGHT,0.0,1.0,2.0,5.0,21.0,217.0,0.0,0.0,0.0,0.0,1.863,77.94,7.42,77.935,74.235,22.06,2.58,5.28,15.82,100.0,100.0,6.97,4.15,15.88,2.0,41.189,0.0,23.333,29.694,False,,0.0,61.8,0.0,0.0,0.0,0.0,0.0,0.0,0.0,0.0,8.0,0.0,77.284,78.96,78.487,73.615,40.233,100.0,30.914,23.0,0.0,80.549,80.918,71.159,67.084,40.758,100.0,32.22,3.36,3.776,84.852,83.116,0.0,NORMAL
117,2026-06-02 05:15:00+00:00,5,1,0.965926,0.258819,0.781831,0.62349,False,False,NIGHT,2.0,2.0,4.0,7.0,23.0,218.0,0.0,0.0,0.0,3.36,3.043,77.95,7.48,77.955,74.834,22.05,2.52,5.25,15.76,100.0,100.0,6.63,4.15,16.23,1.94,39.895,0.0,74.533,29.934,False,,0.0,66.415,0.0,0.0,0.0,0.0,0.0,3.0,0.0,0.0,8.0,0.0,77.71,78.718,72.597,68.309,39.025,48.933,31.084,24.0,0.0,82.2,81.531,71.697,67.592,40.528,100.0,32.88,8.4,3.429,86.503,84.194,0.32,NORMAL
118,2026-06-02 05:30:00+00:00,5,1,0.965926,0.258819,0.781831,0.62349,False,False,NIGHT,1.0,3.0,4.0,7.0,21.0,217.0,0.0,0.0,0.0,1.68,2.87,77.61,7.53,77.612,75.283,22.39,2.47,6.05,17.51,100.0,100.0,6.74,4.14,16.12,1.96,40.312,0.0,48.933,30.113,False,,0.0,64.163,0.0,0.0,0.0,0.0,0.0,3.0,0.0,0.0,10.0,0.0,77.411,78.748,75.844,71.234,39.11,23.333,30.964,24.0,0.0,84.312,82.164,77.351,72.72,40.81,100.0,33.725,8.757,5.274,87.82,84.933,0.8,NORMAL
119,2026-06-02 05:45:00+00:00,5,1,0.965926,0.258819,0.781831,0.62349,False,False,NIGHT,2.0,3.0,5.0,9.0,23.0,218.0,0.0,0.0,0.0,3.36,2.493,77.75,7.61,77.752,76.052,22.25,2.39,4.39,13.86,100.0,100.0,6.68,4.15,16.16,1.95,40.133,0.0,74.533,30.421,False,,0.0,66.636,0.0,0.0,0.0,0.0,0.0,3.0,0.0,0.0,14.0,0.0,78.02,79.872,70.239,66.217,40.313,100.0,31.208,20.0,0.0,83.8,81.821,71.953,67.833,42.878,48.975,33.52,8.461,4.596,89.133,85.768,1.12,NORMAL
120,2026-06-02 06:00:00+00:00,6,1,1.0,0.0,0.781831,0.62349,False,False,MORNING,4.0,6.0,9.0,13.0,25.0,221.0,0.0,0.0,0.0,6.72,1.396,78.96,7.73,78.96,77.284,21.04,2.27,10.59,24.38,78.487,73.615,6.69,4.17,16.14,1.96,40.233,0.16,100.0,30.914,False,,0.0,63.701,0.0,0.0,0.0,0.0,0.0,7.0,0.16,0.04,12.0,0.0,80.549,80.918,71.159,67.084,40.758,100.0,32.22,19.0,0.0,83.051,81.924,81.313,76.271,44.645,74.533,33.22,7.982,4.086,89.512,86.704,1.28,NORMAL
121,2026-06-02 06:15:00+00:00,6,1,1.0,0.0,0.781831,0.62349,False,False,MORNING,1.0,5.0,8.0,13.0,20.0,218.0,0.0,0.0,0.0,1.68,2.477,78.72,7.77,78.718,77.71,21.28,2.23,11.41,26.19,72.597,68.309,6.34,4.19,16.46,1.9,39.025,0.0,48.933,31.084,False,,0.0,57.685,0.0,0.0,0.0,0.0,0.0,4.0,0.0,0.0,10.0,0.0,82.2,81.531,71.697,67.592,40.528,100.0,32.88,20.0,0.0,83.504,82.577,100.0,99.283,45.584,100.0,33.401,3.36,6.327,87.913,86.122,1.12,NORMAL
122,2026-06-02 06:30:00+00:00,6,1,1.0,0.0,0.781831,0.62349,False,False,MORNING,0.0,1.0,7.0,12.0,19.0,218.0,0.0,0.0,0.0,0.0,0.0,78.75,7.74,78.748,77.411,21.25,2.26,10.93,25.12,75.844,71.234,6.35,4.21,16.44,1.9,39.11,0.0,23.333,30.964,False,,0.0,56.076,0.0,0.0,0.0,0.0,0.0,3.0,0.0,0.0,10.0,0.0,84.312,82.164,77.351,72.72,40.81,100.0,33.725,21.0,0.0,82.795,82.182,82.233,77.106,45.968,74.533,33.118,6.72,6.435,87.768,86.208,1.28,NORMAL
123,2026-06-02 06:45:00+00:00,6,1,1.0,0.0,0.781831,0.62349,False,False,MORNING,3.0,3.0,8.0,15.0,21.0,220.0,0.0,0.0,0.0,5.04,0.299,79.87,7.8,79.872,78.02,20.13,2.2,11.97,27.41,70.239,66.217,6.66,4.22,16.12,1.96,40.313,0.0,100.0,31.208,False,,0.0,62.179,0.0,0.0,0.0,0.0,0.0,3.0,0.0,0.0,8.0,0.0,83.8,81.821,71.953,67.833,42.878,48.975,33.52,21.0,0.0,83.285,83.021,73.075,68.889,44.015,100.0,33.314,0.0,5.753,85.828,84.964,0.81,NORMAL
124,2026-06-02 07:00:00+00:00,7,1,0.965926,-0.258819,0.781831,0.62349,False,False,MORNING,4.0,7.0,8.0,19.0,25.0,221.0,0.0,0.0,0.0,6.72,1.526,80.92,8.05,80.918,80.549,19.08,1.95,11.97,27.41,71.159,67.084,6.74,4.26,16.0,1.98,40.758,0.16,100.0,32.22,False,,0.0,63.169,0.0,0.0,0.0,0.0,0.0,-1.0,0.0,0.04,11.0,0.0,83.051,81.924,81.313,76.271,44.645,74.533,33.22,18.0,0.0,86.084,83.76,73.658,69.44,43.695,100.0,34.434,3.36,4.847,85.983,84.577,0.65,NORMAL
125,2026-06-02 07:15:00+00:00,7,1,0.965926,-0.258819,0.781831,0.62349,False,False,MORNING,3.0,7.0,10.0,22.0,26.0,220.0,0.0,0.0,0.0,5.04,1.928,81.53,8.22,81.531,82.2,18.47,1.78,11.97,27.41,71.697,67.592,6.63,4.32,16.06,1.97,40.528,0.16,100.0,32.88,False,,0.0,63.739,0.0,0.0,0.0,0.0,0.0,2.0,0.16,0.04,14.0,0.0,83.504,82.577,100.0,99.283,45.584,100.0,33.401,15.0,0.0,86.895,84.121,73.976,69.74,41.455,100.0,34.758,6.72,6.863,86.256,84.514,0.81,NORMAL
126,2026-06-02 07:30:00+00:00,7,1,0.965926,-0.258819,0.781831,0.62349,False,False,MORNING,4.0,7.0,14.0,25.0,29.0,221.0,0.0,0.0,0.0,6.72,3.344,82.16,8.43,82.164,84.312,17.84,1.57,11.18,25.68,77.351,72.72,6.64,4.38,15.98,1.98,40.81,0.32,100.0,33.725,False,,0.0,65.62,0.0,0.0,0.0,0.0,0.0,7.0,0.32,0.08,14.0,0.0,82.795,82.182,82.233,77.106,45.968,74.533,33.118,17.0,0.0,84.347,83.594,98.752,91.855,43.482,23.367,33.739,8.4,4.12,87.429,85.466,1.13,NORMAL
127,2026-06-02 07:45:00+00:00,7,1,0.965926,-0.258819,0.781831,0.62349,False,False,MORNING,1.0,5.0,12.0,25.0,30.0,218.0,0.0,0.0,0.0,1.68,3.256,81.82,8.38,81.821,83.8,18.18,1.62,11.97,27.41,71.953,67.833,7.15,4.43,15.42,2.08,42.878,0.0,48.975,33.52,False,,0.0,59.802,0.0,0.0,0.0,0.0,0.0,4.0,0.0,0.0,12.0,0.0,83.285,83.021,73.075,68.889,44.015,100.0,33.314,23.0,0.0,83.561,82.615,85.257,79.83,43.971,23.333,33.425,3.36,4.811,86.252,85.221,0.97,NORMAL
128,2026-06-02 08:00:00+00:00,8,1,0.866025,-0.5,0.781831,0.62349,False,False,MORNING,2.0,3.0,10.0,27.0,32.0,220.0,0.0,0.0,0.0,3.36,3.247,81.92,8.31,81.924,83.051,18.08,1.69,10.61,24.41,81.313,76.271,7.6,4.45,14.95,2.17,44.645,0.0,74.533,33.22,False,,0.0,64.27,0.0,0.0,0.0,0.0,0.0,2.0,-0.16,0.0,8.0,0.0,86.084,83.76,73.658,69.44,43.695,100.0,34.434,28.0,0.0,83.533,83.33,76.074,71.61,42.983,100.0,33.413,3.36,4.051,85.278,85.146,0.81,NORMAL
129,2026-06-02 08:15:00+00:00,8,1,0.866025,-0.5,0.781831,0.62349,False,False,MORNING,3.0,5.0,10.0,28.0,35.0,219.0,0.0,0.0,0.0,5.04,2.246,82.58,8.35,82.577,83.504,17.42,1.65,8.1,18.9,100.0,99.283,7.83,4.48,14.69,2.22,45.584,0.0,100.0,33.401,False,,0.0,71.884,0.0,0.0,0.0,0.0,0.0,0.0,-0.16,0.0,6.0,0.0,86.895,84.121,73.976,69.74,41.455,100.0,34.758,29.0,0.0,85.149,84.203,74.047,69.807,43.986,100.0,34.059,6.72,3.807,86.548,85.748,0.97,MODERATE
130,2026-06-02 08:30:00+00:00,8,1,0.866025,-0.5,0.781831,0.62349,False,False,MORNING,2.0,5.0,8.0,29.0,36.0,219.0,0.0,0.0,0.0,3.36,5.225,82.18,8.28,82.182,82.795,17.82,1.72,10.52,24.22,82.233,77.106,7.92,4.5,14.59,2.23,45.968,0.0,74.533,33.118,False,,0.0,64.605,0.0,0.0,0.0,0.0,0.0,-6.0,-0.32,0.0,7.0,0.0,84.347,83.594,98.752,91.855,43.482,23.367,33.739,27.0,0.0,84.748,83.77,76.98,72.444,44.007,74.558,33.899,5.04,6.394,87.268,85.337,0.97,NORMAL
131,2026-06-02 08:45:00+00:00,8,1,0.866025,-0.5,0.781831,0.62349,False,False,MORNING,4.0,6.0,11.0,31.0,40.0,219.0,0.0,0.0,0.0,6.72,3.167,83.02,8.33,83.021,83.285,16.98,1.67,11.96,27.39,73.075,68.889,7.37,4.51,15.12,2.14,44.015,0.16,100.0,33.314,False,,0.0,64.919,0.0,0.0,0.0,0.0,0.0,-1.0,0.16,0.04,9.0,0.0,83.561,82.615,85.257,79.83,43.971,23.333,33.425,29.0,0.0,84.309,83.275,73.231,69.038,42.875,48.933,33.723,1.68,6.448,85.245,84.347,0.65,NORMAL
132,2026-06-02 09:00:00+00:00,9,1,0.707107,-0.707107,0.781831,0.62349,False,False,MORNING,5.0,9.0,14.0,32.0,45.0,223.0,0.0,0.0,0.0,8.4,4.327,83.76,8.61,83.76,86.084,16.24,1.39,11.97,27.41,73.658,69.44,7.24,4.56,15.2,2.12,43.695,0.48,100.0,34.434,False,,0.0,65.748,0.0,0.0,0.0,0.0,0.0,4.0,0.48,0.12,10.0,0.0,83.533,83.33,76.074,71.61,42.983,100.0,33.413,28.0,0.0,84.852,83.116,73.092,68.907,42.801,74.533,33.941,3.36,3.559,85.129,84.309,0.49,NORMAL
133,2026-06-02 09:15:00+00:00,9,1,0.707107,-0.707107,0.781831,0.62349,False,False,MORNING,3.0,8.0,14.0,34.0,47.0,224.0,0.0,0.0,0.0,5.04,3.269,84.12,8.69,84.121,86.895,15.88,1.31,11.97,27.41,73.976,69.74,6.59,4.6,15.81,2.01,41.455,0.48,100.0,34.758,False,,0.0,65.862,0.0,0.0,0.0,0.0,0.0,4.0,0.48,0.12,9.0,0.0,85.149,84.203,74.047,69.807,43.986,100.0,34.059,28.0,0.0,86.503,84.194,74.04,69.8,44.512,100.0,34.601,6.72,4.987,86.376,84.617,0.65,NORMAL
134,2026-06-02 09:30:00+00:00,9,1,0.707107,-0.707107,0.781831,0.62349,False,False,MORNING,0.0,3.0,12.0,34.0,46.0,219.0,0.0,0.0,0.0,0.0,3.129,83.59,8.43,83.594,84.347,16.41,1.57,8.91,20.68,98.752,91.855,7.13,4.61,15.26,2.11,43.482,0.0,23.367,33.739,False,,0.0,64.149,0.0,0.0,0.0,0.0,0.0,4.0,0.0,0.0,10.0,0.0,84.748,83.77,76.98,72.444,44.007,74.558,33.899,27.0,0.79,87.82,84.933,75.001,70.707,47.481,100.0,39.854,3.36,4.818,86.308,84.26,0.49,NORMAL
135,2026-06-02 09:45:00+00:00,9,1,0.707107,-0.707107,0.781831,0.62349,False,False,MORNING,0.0,0.0,8.0,31.0,46.0,214.0,0.0,0.0,0.0,0.0,4.231,82.61,8.36,82.615,83.561,17.39,1.64,10.2,23.52,85.257,79.83,7.27,4.61,15.13,2.14,43.971,0.0,23.333,33.425,False,,0.0,60.755,0.0,0.0,0.0,0.0,0.0,-3.0,-0.16,0.0,14.0,0.0,84.309,83.275,73.231,69.038,42.875,48.933,33.723,26.0,0.75,89.133,85.768,77.288,72.804,47.382,100.0,40.16,5.04,4.014,86.584,84.488,0.5,NORMAL
136,2026-06-02 10:00:00+00:00,10,1,0.5,-0.866025,0.781831,0.62349,False,False,MORNING,3.0,3.0,6.0,30.0,49.0,215.0,0.0,0.0,0.0,5.04,2.189,83.33,8.35,83.33,83.533,16.67,1.65,11.53,26.45,76.074,71.61,7.0,4.6,15.39,2.09,42.983,0.0,100.0,33.413,False,,0.0,65.63,0.0,0.0,0.0,0.0,0.0,-8.0,-0.48,0.0,18.0,0.0,84.852,83.116,73.092,68.907,42.801,74.533,33.941,23.0,0.0,89.512,86.704,82.828,77.821,48.308,100.0,35.805,5.04,5.281,85.811,84.506,0.5,NORMAL
137,2026-06-02 10:15:00+00:00,10,1,0.5,-0.866025,0.781831,0.62349,False,False,MORNING,4.0,7.0,7.0,31.0,53.0,215.0,0.0,0.0,0.0,6.72,2.584,84.2,8.51,84.203,85.149,15.8,1.49,11.97,27.41,74.047,69.807,7.26,4.62,15.12,2.14,43.986,0.16,100.0,34.059,False,,0.0,65.776,0.0,0.0,0.0,0.0,0.0,-7.0,-0.32,0.04,20.0,0.0,86.503,84.194,74.04,69.8,44.512,100.0,34.601,21.0,0.0,87.913,86.122,85.867,80.526,47.931,85.775,35.165,8.653,4.585,87.806,85.323,0.98,NORMAL
138,2026-06-02 10:30:00+00:00,10,1,0.5,-0.866025,0.781831,0.62349,False,False,MORNING,2.0,6.0,9.0,29.0,54.0,217.0,0.0,0.0,0.0,3.36,5.252,83.77,8.47,83.77,84.748,16.23,1.53,11.45,26.28,76.98,72.444,7.25,4.63,15.12,2.14,44.007,0.0,74.558,33.899,False,,0.0,63.981,0.0,0.0,0.0,0.0,0.0,-3.0,0.0,0.0,17.0,0.79,87.82,84.933,75.001,70.707,47.481,100.0,39.854,23.0,0.0,87.768,86.208,75.811,71.47,47.392,100.0,35.107,4.787,4.359,87.448,85.466,0.82,NORMAL
139,2026-06-02 10:45:00+00:00,10,1,0.5,-0.866025,0.781831,0.62349,False,False,MORNING,1.0,3.0,10.0,29.0,54.0,214.0,0.0,0.0,0.0,1.68,3.837,83.27,8.43,83.275,84.309,16.73,1.57,11.97,27.41,73.231,69.038,6.95,4.63,15.42,2.08,42.875,0.0,48.933,33.723,False,,0.0,60.517,0.0,0.0,0.0,0.0,0.0,2.0,0.0,0.0,15.0,0.75,89.133,85.768,77.288,72.804,47.382,100.0,40.16,22.0,0.0,85.828,84.964,80.547,75.702,47.784,31.392,34.331,0.0,5.517,85.729,84.258,0.34,NORMAL
140,2026-06-02 11:00:00+00:00,11,1,0.258819,-0.965926,0.781831,0.62349,False,False,MORNING,2.0,3.0,9.0,29.0,56.0,212.0,0.0,0.0,0.0,3.36,3.776,83.12,8.49,83.116,84.852,16.88,1.51,11.97,27.41,73.092,68.907,6.92,4.64,15.44,2.08,42.801,0.0,74.533,33.941,False,,0.0,62.856,0.0,0.0,0.0,0.0,0.0,3.0,0.0,0.0,10.0,0.0,89.512,86.704,82.828,77.821,48.308,100.0,35.805,23.0,0.0,85.983,84.577,74.376,70.117,48.218,81.0,34.393,5.04,5.156,87.024,84.1,0.34,NORMAL
141,2026-06-02 11:15:00+00:00,11,1,0.258819,-0.965926,0.781831,0.62349,False,False,MORNING,5.0,7.0,10.0,31.0,59.0,210.0,0.0,0.0,0.0,8.4,3.429,84.19,8.65,84.194,86.503,15.81,1.35,11.97,27.41,74.04,69.8,7.36,4.66,14.98,2.16,44.512,0.32,100.0,34.601,False,,0.0,66.09,0.0,0.0,0.0,0.0,0.0,3.0,0.16,0.08,8.0,0.0,87.913,86.122,85.867,80.526,47.931,85.775,35.165,23.0,0.0,86.256,84.514,74.32,70.065,47.787,100.0,34.502,3.36,3.778,85.619,84.136,0.18,NORMAL
142,2026-06-02 11:30:00+00:00,11,1,0.258819,-0.965926,0.781831,0.62349,False,False,MORNING,6.0,11.0,14.0,35.0,64.0,214.0,0.79,0.0,0.0,8.757,5.274,84.93,8.78,84.933,87.82,15.07,1.22,11.97,27.41,75.001,70.707,8.1,4.72,14.18,2.31,47.481,0.8,100.0,39.854,False,,1.4,67.513,0.79,0.79,0.79,0.049,0.79,5.0,0.8,0.398,10.0,0.0,87.768,86.208,75.811,71.47,47.392,100.0,35.107,23.0,0.0,87.429,85.466,76.94,72.467,46.151,100.0,34.971,5.04,5.258,85.812,84.062,0.18,NORMAL
143,2026-06-02 11:45:00+00:00,11,1,0.258819,-0.965926,0.781831,0.62349,False,False,MORNING,5.0,11.0,18.0,36.0,67.0,217.0,0.75,0.07,0.0709,8.461,4.596,85.77,8.91,85.768,89.133,14.23,1.09,11.73,26.88,77.288,72.804,8.01,4.79,14.21,2.3,47.382,1.12,100.0,40.16,False,,1.4,68.451,-0.040000000000000036,0.75,0.75,0.096,0.79,8.0,1.12,0.468,11.0,0.0,85.828,84.964,80.547,75.702,47.784,31.392,34.331,20.0,0.0,86.252,85.221,75.513,71.168,46.943,84.225,34.501,5.04,3.784,86.615,84.296,0.18,NORMAL
144,2026-06-02 12:00:00+00:00,12,1,0.0,-1.0,0.781831,0.62349,False,False,MORNING,4.0,9.0,20.0,35.0,67.0,215.0,0.0,0.07,0.0676,7.982,4.086,86.7,8.95,86.704,89.512,13.3,1.05,11.02,25.32,82.828,77.821,8.23,4.81,13.96,2.35,48.308,1.28,100.0,35.805,False,,0.0,69.603,-0.75,-0.79,0.0,0.096,0.79,11.0,1.28,0.32,13.0,0.0,85.983,84.577,74.376,70.117,48.218,81.0,34.393,21.0,0.0,85.278,85.146,87.356,83.082,46.148,82.633,34.111,8.4,3.528,87.231,85.452,0.5,NORMAL
145,2026-06-02 12:15:00+00:00,12,1,0.0,-1.0,0.781831,0.62349,False,False,MORNING,2.0,6.0,17.0,34.0,68.0,215.0,0.0,0.0,0.0,3.36,6.327,86.12,8.79,86.122,87.913,13.88,1.21,10.56,24.31,85.867,80.526,8.12,4.82,14.06,2.33,47.931,1.12,85.775,35.165,False,,0.0,68.53,0.0,-0.75,0.0,0.096,0.79,7.0,0.8,0.28,13.0,0.0,86.256,84.514,74.32,70.065,47.787,100.0,34.502,22.0,0.0,86.548,85.748,88.825,84.454,45.743,100.0,34.619,8.279,4.864,89.232,86.106,0.98,NORMAL
146,2026-06-02 12:30:00+00:00,12,1,0.0,-1.0,0.781831,0.62349,False,False,MORNING,4.0,6.0,15.0,38.0,72.0,217.0,0.0,0.0,0.0,6.72,6.435,86.21,8.78,86.208,87.768,13.79,1.22,11.97,27.41,75.811,71.47,7.98,4.82,14.2,2.3,47.392,1.28,100.0,35.107,False,,0.0,67.458,0.0,0.0,-0.79,0.096,0.79,1.0,0.48,0.32,13.0,0.0,87.429,85.466,76.94,72.467,46.151,100.0,34.971,24.0,0.0,87.268,85.337,87.552,83.268,45.392,100.0,34.907,8.004,5.589,89.847,86.648,1.46,NORMAL
147,2026-06-02 12:45:00+00:00,12,1,0.0,-1.0,0.781831,0.62349,False,False,MORNING,0.0,4.0,10.0,38.0,69.0,214.0,0.0,0.0,0.0,0.0,5.753,84.96,8.58,84.964,85.828,15.04,1.42,11.1,25.51,80.547,75.702,8.1,4.8,14.1,2.32,47.784,0.81,31.392,34.331,False,,0.0,61.733,0.0,0.0,-0.75,0.096,0.79,-8.0,-0.31,0.202,11.0,0.0,86.252,85.221,75.513,71.168,46.943,84.225,34.501,23.0,0.0,85.245,84.347,86.537,82.302,45.015,55.458,34.098,7.793,5.258,90.528,87.214,1.47,NORMAL
148,2026-06-02 13:00:00+00:00,13,1,-0.258819,-0.965926,0.781831,0.62349,False,False,MORNING,2.0,2.0,8.0,37.0,67.0,212.0,0.0,0.0,0.0,3.36,4.847,84.58,8.6,84.577,85.983,15.42,1.4,11.97,27.41,74.376,70.117,8.23,4.79,13.98,2.34,48.218,0.65,81.0,34.393,False,,0.0,64.772,0.0,0.0,0.0,0.096,0.79,-12.0,-0.63,0.162,10.0,0.0,85.278,85.146,87.356,83.082,46.148,82.633,34.111,22.0,0.0,85.129,84.309,94.49,89.611,45.256,79.467,34.052,4.483,6.758,89.982,86.7,1.31,NORMAL
149,2026-06-02 13:15:00+00:00,13,1,-0.258819,-0.965926,0.781831,0.62349,False,False,MORNING,4.0,6.0,10.0,37.0,68.0,213.0,0.0,0.0,0.0,6.72,6.863,84.51,8.63,84.514,86.256,15.49,1.37,11.97,27.41,74.32,70.065,8.13,4.78,14.1,2.32,47.787,0.81,100.0,34.502,False,,0.0,66.471,0.0,0.0,0.0,0.096,0.79,-7.0,-0.31,0.202,10.0,0.0,86.548,85.748,88.825,84.454,45.743,100.0,34.619,23.0,0.0,86.376,84.617,86.814,82.566,44.968,100.0,34.55,5.04,5.812,88.753,86.63,1.31,NORMAL
150,2026-06-02 13:30:00+00:00,13,1,-0.258819,-0.965926,0.781831,0.62349,False,False,MORNING,5.0,9.0,11.0,40.0,69.0,215.0,0.0,0.0,0.0,8.4,4.12,85.47,8.74,85.466,87.429,14.53,1.26,11.69,26.8,76.94,72.467,7.68,4.78,14.54,2.24,46.151,1.13,100.0,34.971,False,,0.0,67.371,0.0,0.0,0.0,0.096,0.79,-4.0,-0.15,0.282,10.0,0.0,87.268,85.337,87.552,83.268,45.392,100.0,34.907,21.0,0.0,86.308,84.26,86.447,82.217,45.845,79.483,34.523,1.68,5.098,87.377,85.913,0.99,NORMAL
151,2026-06-02 13:45:00+00:00,13,1,-0.258819,-0.965926,0.781831,0.62349,False,False,MORNING,2.0,7.0,13.0,41.0,70.0,216.0,0.0,0.0,0.0,3.36,4.811,85.22,8.63,85.221,86.252,14.78,1.37,11.88,27.22,75.513,71.168,7.9,4.78,14.33,2.28,46.943,0.97,84.225,34.501,False,,0.0,65.406,0.0,0.0,0.0,0.096,0.79,3.0,0.16,0.242,9.0,0.0,85.245,84.347,86.537,82.302,45.015,55.458,34.098,22.0,0.0,86.584,84.488,86.682,82.44,45.737,100.0,34.634,3.36,4.819,86.552,85.631,0.83,NORMAL
152,2026-06-02 14:00:00+00:00,14,1,-0.5,-0.866025,0.781831,0.62349,False,False,EVENING,2.0,4.0,13.0,41.0,70.0,216.0,0.0,0.0,0.0,3.36,4.051,85.15,8.53,85.146,85.278,14.85,1.47,10.26,23.29,87.356,83.082,7.7,4.76,14.54,2.24,46.148,0.81,82.633,34.111,False,,0.0,67.831,0.0,0.0,0.0,0.096,0.79,5.0,0.16,0.202,11.0,0.0,85.129,84.309,94.49,89.611,45.256,79.467,34.052,22.0,0.0,85.811,84.506,86.699,82.457,45.885,100.0,34.324,3.36,5.754,85.872,85.1,0.67,NORMAL
153,2026-06-02 14:15:00+00:00,14,1,-0.5,-0.866025,0.781831,0.62349,False,False,EVENING,4.0,6.0,13.0,40.0,71.0,218.0,0.0,0.0,0.0,6.72,3.807,85.75,8.65,85.748,86.548,14.25,1.35,10.16,23.08,88.825,84.454,7.59,4.76,14.65,2.22,45.743,0.97,100.0,34.619,False,,0.0,70.085,0.0,0.0,0.0,0.096,0.79,3.0,0.16,0.242,12.0,0.0,86.376,84.617,86.814,82.566,44.968,100.0,34.55,24.0,0.85,87.806,85.323,93.333,88.598,44.172,100.0,40.218,3.36,4.471,84.87,84.923,0.51,MODERATE
154,2026-06-02 14:30:00+00:00,14,1,-0.5,-0.866025,0.781831,0.62349,False,False,EVENING,3.0,7.0,11.0,37.0,72.0,219.0,0.0,0.0,0.0,5.04,6.394,85.34,8.73,85.337,87.268,14.66,1.27,10.26,23.29,87.552,83.268,7.49,4.77,14.74,2.21,45.392,0.97,100.0,34.907,False,,0.0,69.811,0.0,0.0,0.0,0.096,0.79,0.0,-0.16,0.242,14.0,0.0,86.308,84.26,86.447,82.217,45.845,79.483,34.523,24.0,0.0,87.448,85.466,87.684,83.394,47.237,82.717,34.979,0.0,5.426,83.143,83.739,0.03,NORMAL
155,2026-06-02 14:45:00+00:00,14,1,-0.5,-0.866025,0.781831,0.62349,False,False,EVENING,1.0,4.0,10.0,33.0,69.0,214.0,0.0,0.0,0.0,1.68,6.448,84.35,8.52,84.347,85.245,15.65,1.48,10.26,23.29,86.537,82.302,7.4,4.75,14.85,2.19,45.015,0.65,55.458,34.098,False,,0.0,64.909,0.0,0.0,0.0,0.096,0.79,-3.0,-0.32,0.162,14.0,0.0,86.584,84.488,86.682,82.44,45.737,100.0,34.634,28.0,0.0,85.729,84.258,86.445,82.215,48.122,26.725,34.292,6.72,4.271,84.355,84.23,0.19,NORMAL
156,2026-06-02 15:00:00+00:00,15,1,-0.707107,-0.707107,0.781831,0.62349,False,False,EVENING,2.0,3.0,10.0,31.0,66.0,213.0,0.0,0.0,0.0,3.36,3.559,84.31,8.51,84.309,85.129,15.69,1.49,9.39,21.38,94.49,89.611,7.48,4.74,14.78,2.2,45.256,0.49,79.467,34.052,False,,0.0,68.891,0.0,0.0,0.0,0.096,0.79,-3.0,-0.32,0.122,11.0,0.0,85.811,84.506,86.699,82.457,45.885,100.0,34.324,31.0,0.0,87.024,84.1,100.0,100.0,47.979,100.0,34.81,3.36,5.428,83.792,83.769,0.03,NORMAL
157,2026-06-02 15:15:00+00:00,15,1,-0.707107,-0.707107,0.781831,0.62349,False,False,EVENING,4.0,6.0,10.0,33.0,67.0,214.0,0.0,0.0,0.0,6.72,4.987,84.62,8.64,84.617,86.376,15.38,1.36,10.26,23.29,86.814,82.566,7.4,4.74,14.86,2.19,44.968,0.65,100.0,34.55,False,,0.0,69.264,0.0,0.0,0.0,0.096,0.79,-3.0,-0.32,0.162,11.0,0.85,87.806,85.323,93.333,88.598,44.172,100.0,40.218,30.0,0.0,85.619,84.136,91.847,87.181,48.72,76.342,34.248,3.36,3.797,84.047,83.634,0.0,NORMAL
158,2026-06-02 15:30:00+00:00,15,1,-0.707107,-0.707107,0.781831,0.62349,False,False,EVENING,2.0,6.0,9.0,31.0,69.0,213.0,0.0,0.0,0.0,3.36,4.818,84.26,8.63,84.26,86.308,15.74,1.37,10.26,23.29,86.447,82.217,7.64,4.74,14.62,2.23,45.845,0.49,79.483,34.523,False,,0.0,67.318,0.0,0.0,0.0,0.047,0.75,-2.0,-0.48,0.122,7.0,0.0,87.448,85.466,87.684,83.394,47.237,82.717,34.979,31.0,0.0,85.812,84.062,89.469,84.993,49.363,100.0,34.325,3.36,2.672,83.031,83.908,0.0,NORMAL
159,2026-06-02 15:45:00+00:00,15,1,-0.707107,-0.707107,0.781831,0.62349,False,False,EVENING,3.0,5.0,11.0,34.0,72.0,214.0,0.0,0.0,0.0,5.04,4.014,84.49,8.66,84.488,86.584,15.51,1.34,10.26,23.29,86.682,82.44,7.6,4.75,14.65,2.22,45.737,0.5,100.0,34.634,False,,0.0,69.315,0.0,0.0,0.0,0.0,0.0,1.0,-0.15,0.125,8.0,0.0,85.729,84.258,86.445,82.215,48.122,26.725,34.292,29.0,0.0,86.615,84.296,86.484,82.252,48.998,100.0,34.646,5.04,5.197,84.096,83.762,0.0,NORMAL
160,2026-06-02 16:00:00+00:00,16,1,-0.866025,-0.5,0.781831,0.62349,False,False,EVENING,3.0,6.0,12.0,35.0,72.0,214.0,0.0,0.0,0.0,5.04,5.281,84.51,8.58,84.506,85.811,15.49,1.42,10.26,23.29,86.699,82.457,7.65,4.74,14.61,2.23,45.885,0.5,100.0,34.324,False,,0.0,69.182,0.0,0.0,0.0,0.0,0.0,2.0,0.01,0.125,11.0,0.0,87.024,84.1,100.0,100.0,47.979,100.0,34.81,28.0,0.0,87.231,85.452,87.67,83.38,49.182,100.0,34.892,3.36,3.291,83.806,83.808,0.0,NORMAL
161,2026-06-02 16:15:00+00:00,16,1,-0.866025,-0.5,0.781831,0.62349,False,False,EVENING,6.0,9.0,14.0,37.0,74.0,217.0,0.85,0.0,0.0,8.653,4.585,85.32,8.78,85.323,87.806,14.68,1.22,9.67,21.99,93.333,88.598,7.14,4.79,15.07,2.15,44.172,0.98,100.0,40.218,False,,1.6,71.683,0.85,0.85,0.85,0.053,0.85,4.0,0.33,0.458,13.0,0.0,85.619,84.136,91.847,87.181,48.72,76.342,34.248,25.0,1.07,89.232,86.106,88.836,84.489,47.279,100.0,42.124,3.36,3.891,82.233,83.833,0.0,MODERATE
162,2026-06-02 16:30:00+00:00,16,1,-0.866025,-0.5,0.781831,0.62349,False,False,EVENING,2.0,8.0,14.0,34.0,74.0,216.0,0.0,0.08,0.0764,4.787,4.359,85.47,8.74,85.466,87.448,14.53,1.26,10.26,23.29,87.684,83.394,7.96,4.79,14.25,2.3,47.237,0.82,82.717,34.979,False,,0.0,68.517,-0.85,0.0,0.0,0.053,0.85,5.0,0.33,0.205,17.0,0.0,85.812,84.062,89.469,84.993,49.363,100.0,34.325,21.0,2.31,89.847,86.648,100.0,98.757,44.986,100.0,49.783,3.36,2.692,82.389,83.984,0.0,NORMAL
163,2026-06-02 16:45:00+00:00,16,1,-0.866025,-0.5,0.781831,0.62349,False,False,EVENING,0.0,2.0,11.0,32.0,73.0,212.0,0.0,0.0,0.0,0.0,5.517,84.26,8.57,84.258,85.729,15.74,1.43,10.26,23.29,86.445,82.215,8.22,4.78,14.01,2.34,48.122,0.34,26.725,34.292,False,,0.0,62.658,0.0,-0.85,0.0,0.053,0.85,0.0,-0.16,0.085,20.0,0.0,86.615,84.296,86.484,82.252,48.998,100.0,34.646,15.0,0.67,90.528,87.214,96.853,91.89,46.247,100.0,40.222,0.0,5.374,81.448,82.735,0.0,NORMAL
164,2026-06-02 17:00:00+00:00,17,1,-0.965926,-0.258819,0.781831,0.62349,False,False,EVENING,3.0,3.0,11.0,33.0,74.0,210.0,0.0,0.0,0.0,5.04,5.156,84.1,8.7,84.1,87.024,15.9,1.3,8.28,18.93,100.0,100.0,8.18,4.78,14.05,2.33,47.979,0.34,100.0,34.81,False,,0.0,73.225,0.0,0.0,0.0,0.053,0.85,-1.0,-0.16,0.085,20.0,0.0,87.231,85.452,87.67,83.38,49.182,100.0,34.892,16.0,0.0,89.982,86.7,91.746,87.172,47.163,87.6,35.993,3.36,3.355,81.283,82.752,0.0,MODERATE
165,2026-06-02 17:15:00+00:00,17,1,-0.965926,-0.258819,0.781831,0.62349,False,False,EVENING,2.0,5.0,7.0,31.0,71.0,212.0,0.0,0.0,0.0,3.36,3.778,84.14,8.56,84.136,85.619,15.86,1.44,9.64,21.93,91.847,87.181,8.39,4.77,13.85,2.37,48.72,0.18,76.342,34.248,False,,0.0,68.373,0.0,0.0,-0.85,0.053,0.85,-7.0,-0.8,0.045,17.0,1.07,89.232,86.106,88.836,84.489,47.279,100.0,42.124,16.0,0.0,88.753,86.63,92.605,87.96,46.504,100.0,35.501,3.36,3.33,80.505,82.838,0.0,NORMAL
166,2026-06-02 17:30:00+00:00,17,1,-0.965926,-0.258819,0.781831,0.62349,False,False,EVENING,3.0,5.0,8.0,31.0,68.0,211.0,0.0,0.0,0.0,5.04,5.258,84.06,8.58,84.062,85.812,15.94,1.42,9.89,22.48,89.469,84.993,8.57,4.76,13.67,2.4,49.363,0.18,100.0,34.325,False,,0.0,70.034,0.0,0.0,0.0,0.053,0.85,-6.0,-0.64,0.045,14.0,2.31,89.847,86.648,100.0,98.757,44.986,100.0,49.783,15.0,0.0,87.377,85.913,88.143,83.83,46.428,58.817,34.951,5.04,3.16,81.683,83.19,0.0,MODERATE
167,2026-06-02 17:45:00+00:00,17,1,-0.965926,-0.258819,0.781831,0.62349,False,False,EVENING,3.0,6.0,11.0,33.0,66.0,213.0,0.0,0.0,0.0,5.04,3.784,84.3,8.66,84.296,86.615,15.7,1.34,10.26,23.29,86.484,82.252,8.47,4.76,13.77,2.38,48.998,0.18,100.0,34.646,False,,0.0,69.526,0.0,0.0,0.0,0.053,0.85,0.0,-0.16,0.045,9.0,0.67,90.528,87.214,96.853,91.89,46.247,100.0,40.222,16.0,0.0,86.552,85.631,87.853,83.555,45.519,82.825,34.621,1.68,4.438,80.868,82.582,0.0,NORMAL
168,2026-06-02 18:00:00+00:00,18,1,-1.0,-0.0,0.781831,0.62349,False,False,EVENING,5.0,8.0,13.0,36.0,67.0,216.0,0.0,0.0,0.0,8.4,3.528,85.45,8.72,85.452,87.231,14.55,1.28,10.26,23.29,87.67,83.38,8.51,4.77,13.72,2.39,49.182,0.5,100.0,34.892,False,,0.0,70.198,0.0,0.0,0.0,0.053,0.85,2.0,0.16,0.125,8.0,0.0,89.982,86.7,91.746,87.172,47.163,87.6,35.993,17.0,0.0,85.872,85.1,87.309,83.037,44.982,81.233,34.349,5.04,1.127,81.227,83.524,0.0,MODERATE
169,2026-06-02 18:15:00+00:00,18,1,-1.0,-0.0,0.781831,0.62349,False,False,EVENING,6.0,11.0,17.0,38.0,71.0,220.0,1.07,0.0,0.0,8.279,4.864,86.11,8.92,86.106,89.232,13.89,1.08,10.26,23.29,88.836,84.489,7.93,4.83,14.23,2.3,47.279,0.98,100.0,42.124,False,,2.1,71.529,1.07,1.07,1.07,0.12,1.07,10.0,0.8,0.512,8.0,0.0,88.753,86.63,92.605,87.96,46.504,100.0,35.501,17.0,0.0,84.87,84.923,87.127,82.864,46.304,79.642,33.948,1.68,4.733,81.042,82.78,0.0,MODERATE
170,2026-06-02 18:30:00+00:00,18,1,-1.0,-0.0,0.781831,0.62349,False,False,EVENING,6.0,12.0,20.0,42.0,73.0,225.0,2.31,0.1,0.0418,8.004,5.589,86.65,8.98,86.648,89.847,13.35,1.02,8.85,20.18,100.0,98.757,7.21,4.94,14.85,2.19,44.986,1.46,100.0,49.783,False,,4.6,75.41,1.24,2.31,2.31,0.264,2.31,12.0,1.28,0.942,7.0,0.0,87.377,85.913,88.143,83.83,46.428,58.817,34.951,17.0,0.0,83.143,83.739,85.912,81.708,46.696,23.65,33.257,1.68,4.432,80.536,82.142,0.0,MODERATE
171,2026-06-02 18:45:00+00:00,18,1,-1.0,-0.0,0.781831,0.62349,False,False,EVENING,3.0,9.0,20.0,42.0,76.0,225.0,0.67,0.21,0.2077,7.793,5.258,87.21,9.05,87.214,90.528,12.79,0.95,9.51,21.65,96.853,91.89,7.52,4.97,14.51,2.25,46.247,1.47,100.0,40.222,False,,1.4,73.533,-1.6400000000000001,-0.4,0.67,0.306,2.31,9.0,1.29,0.535,6.0,0.0,86.552,85.631,87.853,83.555,45.519,82.825,34.621,19.0,0.0,84.355,84.23,94.55,89.662,45.841,100.0,33.742,1.68,4.039,80.85,81.521,0.0,MODERATE
172,2026-06-02 19:00:00+00:00,19,1,-0.965926,0.258819,0.781831,0.62349,False,False,EVENING,2.0,5.0,17.0,41.0,76.0,223.0,0.0,0.06,0.0602,4.483,6.758,86.7,9.0,86.7,89.982,13.3,1.0,9.95,22.6,91.746,87.172,7.77,4.97,14.27,2.29,47.163,1.31,87.6,35.993,False,,0.0,70.669,-0.67,-2.31,0.0,0.306,2.31,4.0,0.81,0.328,8.0,0.0,85.872,85.1,87.309,83.037,44.982,81.233,34.349,15.0,0.0,83.792,83.769,85.943,81.738,45.344,74.867,33.517,3.36,3.469,80.714,81.507,0.0,MODERATE
173,2026-06-02 19:15:00+00:00,19,1,-0.965926,0.258819,0.781831,0.62349,False,False,EVENING,3.0,5.0,14.0,38.0,75.0,225.0,0.0,0.0,0.0,5.04,5.812,86.63,8.88,86.63,88.753,13.37,1.12,9.85,22.38,92.605,87.96,7.61,4.95,14.44,2.26,46.504,1.31,100.0,35.501,False,,0.0,71.662,0.0,-0.67,-1.07,0.306,2.31,-3.0,0.33,0.328,8.0,0.0,84.87,84.923,87.127,82.864,46.304,79.642,33.948,15.0,0.0,84.047,83.634,85.805,81.607,45.713,74.533,33.619,5.04,2.603,82.346,81.953,0.0,MODERATE
174,2026-06-02 19:30:00+00:00,19,1,-0.965926,0.258819,0.781831,0.62349,False,False,EVENING,1.0,4.0,9.0,37.0,71.0,221.0,0.0,0.0,0.0,1.68,5.098,85.91,8.74,85.913,87.377,14.09,1.26,10.26,23.29,88.143,83.83,7.62,4.92,14.46,2.26,46.428,0.99,58.817,34.951,False,,0.0,66.485,0.0,0.0,-2.31,0.306,2.31,-11.0,-0.47,0.248,8.0,0.0,83.143,83.739,85.912,81.708,46.696,23.65,33.257,15.0,0.0,83.031,83.908,86.086,81.873,46.991,74.533,33.212,5.04,2.315,82.578,82.611,0.0,NORMAL
175,2026-06-02 19:45:00+00:00,19,1,-0.965926,0.258819,0.781831,0.62349,False,False,EVENING,2.0,3.0,8.0,39.0,71.0,219.0,0.0,0.0,0.0,3.36,4.819,85.63,8.66,85.631,86.552,14.37,1.34,10.26,23.29,87.853,83.555,7.4,4.89,14.71,2.21,45.519,0.83,82.825,34.621,False,,0.0,68.269,0.0,0.0,-0.67,0.306,2.31,-12.0,-0.64,0.208,10.0,0.0,84.355,84.23,94.55,89.662,45.841,100.0,33.742,16.0,0.0,84.096,83.762,85.936,81.731,46.21,100.0,33.639,3.36,3.868,82.363,82.506,0.0,NORMAL
176,2026-06-02 20:00:00+00:00,20,1,-0.866025,0.5,0.781831,0.62349,False,False,EVENING,2.0,4.0,8.0,38.0,71.0,218.0,0.0,0.0,0.0,3.36,5.754,85.1,8.59,85.1,85.872,14.9,1.41,10.26,23.29,87.309,83.037,7.29,4.86,14.85,2.19,44.982,0.67,81.233,34.349,False,,0.0,67.697,0.0,0.0,0.0,0.306,2.31,-9.0,-0.64,0.168,9.0,0.0,83.792,83.769,85.943,81.738,45.344,74.867,33.517,14.0,0.0,83.806,83.808,100.0,100.0,47.434,74.533,33.522,3.36,4.282,81.742,82.337,0.0,NORMAL
177,2026-06-02 20:15:00+00:00,20,1,-0.866025,0.5,0.781831,0.62349,False,False,EVENING,2.0,4.0,7.0,38.0,69.0,216.0,0.0,0.0,0.0,3.36,4.471,84.92,8.49,84.923,84.87,15.08,1.51,10.26,23.29,87.127,82.864,7.68,4.82,14.5,2.25,46.304,0.51,79.642,33.948,False,,0.0,67.391,0.0,0.0,0.0,0.253,2.31,-7.0,-0.8,0.128,9.0,0.0,84.047,83.634,85.805,81.607,45.713,74.533,33.619,15.0,0.0,82.233,83.833,100.0,100.0,46.406,74.533,32.893,1.68,3.479,81.282,81.934,0.0,NORMAL
178,2026-06-02 20:30:00+00:00,20,1,-0.866025,0.5,0.781831,0.62349,False,False,EVENING,0.0,2.0,6.0,35.0,66.0,213.0,0.0,0.0,0.0,0.0,5.426,83.74,8.31,83.739,83.143,16.26,1.69,10.26,23.29,85.912,81.708,7.84,4.77,14.39,2.27,46.696,0.03,23.65,33.257,False,,0.0,61.497,0.0,0.0,0.0,0.253,2.31,-3.0,-0.96,0.008,9.0,0.0,83.031,83.908,86.086,81.873,46.991,74.533,33.212,14.0,0.0,82.389,83.984,100.0,100.0,45.051,74.533,32.956,3.36,2.973,81.662,81.993,0.0,NORMAL
179,2026-06-02 20:45:00+00:00,20,1,-0.866025,0.5,0.781831,0.62349,False,False,EVENING,4.0,4.0,8.0,36.0,69.0,212.0,0.0,0.0,0.0,6.72,4.271,84.23,8.44,84.23,84.355,15.77,1.56,9.38,21.35,94.55,89.662,7.63,4.74,14.62,2.23,45.841,0.19,100.0,33.742,False,,0.0,70.633,0.0,0.0,0.0,0.253,2.31,0.0,-0.64,0.048,9.0,0.0,84.096,83.762,85.936,81.731,46.21,100.0,33.639,13.0,0.0,81.448,82.735,100.0,100.0,45.616,23.333,32.579,0.0,3.907,80.205,81.161,0.0,MODERATE
180,2026-06-02 21:00:00+00:00,21,1,-0.707107,0.707107,0.781831,0.62349,False,False,EVENING,2.0,6.0,8.0,33.0,69.0,211.0,0.0,0.0,0.0,3.36,5.428,83.77,8.38,83.769,83.792,16.23,1.62,10.26,23.29,85.943,81.738,7.53,4.72,14.76,2.2,45.344,0.03,74.867,33.517,False,,0.0,66.128,0.0,0.0,0.0,0.253,2.31,0.0,-0.64,0.008,6.0,0.0,83.806,83.808,100.0,100.0,47.434,74.533,33.522,14.0,0.0,81.283,82.752,100.0,100.0,43.892,74.533,32.513,1.68,3.168,79.406,80.869,0.0,NORMAL
181,2026-06-02 21:15:00+00:00,21,1,-0.707107,0.707107,0.781831,0.62349,False,False,EVENING,2.0,4.0,8.0,29.0,67.0,207.0,0.0,0.0,0.0,3.36,3.797,83.63,8.4,83.634,84.047,16.37,1.6,10.26,23.29,85.805,81.607,7.65,4.7,14.66,2.22,45.713,0.0,74.533,33.619,False,,0.0,66.12,0.0,0.0,0.0,0.253,2.31,1.0,-0.51,0.0,6.0,0.0,82.233,83.833,100.0,100.0,46.406,74.533,32.893,14.0,0.0,80.505,82.838,100.0,100.0,42.082,74.533,32.202,1.68,1.355,79.297,80.961,0.0,NORMAL
182,2026-06-02 21:30:00+00:00,21,1,-0.707107,0.707107,0.781831,0.62349,False,False,EVENING,2.0,4.0,10.0,25.0,67.0,209.0,0.0,0.0,0.0,3.36,2.672,83.91,8.3,83.908,83.031,16.09,1.7,10.26,23.29,86.086,81.873,8.02,4.67,14.31,2.28,46.991,0.0,74.533,33.212,False,,0.0,66.158,0.0,0.0,0.0,0.253,2.31,4.0,-0.03,0.0,6.0,0.0,82.389,83.984,100.0,100.0,45.051,74.533,32.956,15.0,0.0,81.683,83.19,100.0,100.0,43.017,100.0,32.673,5.04,2.252,80.978,81.49,0.0,NORMAL
183,2026-06-02 21:45:00+00:00,21,1,-0.707107,0.707107,0.781831,0.62349,False,False,EVENING,3.0,5.0,9.0,25.0,67.0,210.0,0.0,0.0,0.0,5.04,5.197,83.76,8.41,83.762,84.096,16.24,1.59,10.26,23.29,85.936,81.731,7.81,4.66,14.52,2.25,46.21,0.0,100.0,33.639,False,,0.0,68.526,0.0,0.0,0.0,0.253,2.31,1.0,-0.19,0.0,7.0,0.0,81.448,82.735,100.0,100.0,45.616,23.333,32.579,15.0,0.0,80.868,82.582,100.0,100.0,43.848,48.933,32.347,1.68,2.734,80.602,81.264,0.0,NORMAL
184,2026-06-02 22:00:00+00:00,22,1,-0.5,0.866025,0.781831,0.62349,False,False,NIGHT,2.0,5.0,9.0,25.0,66.0,211.0,0.0,0.0,0.0,3.36,3.291,83.81,8.38,83.808,83.806,16.19,1.62,5.64,16.61,100.0,100.0,8.16,4.65,14.19,2.31,47.434,0.0,74.533,33.522,False,,0.0,70.176,0.0,0.0,0.0,0.253,2.31,1.0,-0.03,0.0,8.0,0.0,81.283,82.752,100.0,100.0,43.892,74.533,32.513,16.0,0.0,81.227,83.524,100.0,100.0,43.31,100.0,32.491,0.0,1.973,78.638,80.968,0.0,MODERATE
185,2026-06-02 22:15:00+00:00,22,1,-0.5,0.866025,0.781831,0.62349,False,False,NIGHT,2.0,4.0,9.0,24.0,62.0,213.0,0.0,0.0,0.0,3.36,3.891,83.83,8.22,83.833,82.233,16.17,1.78,6.27,17.99,100.0,100.0,7.9,4.63,14.47,2.26,46.406,0.0,74.533,32.893,False,,0.0,69.774,0.0,0.0,0.0,0.186,2.31,1.0,0.0,0.0,9.0,0.0,80.505,82.838,100.0,100.0,42.082,74.533,32.202,15.0,0.0,81.042,82.78,100.0,100.0,44.571,48.933,32.417,1.68,2.305,77.726,80.902,0.0,NORMAL
186,2026-06-02 22:30:00+00:00,22,1,-0.5,0.866025,0.781831,0.62349,False,False,NIGHT,2.0,4.0,9.0,25.0,62.0,212.0,0.0,0.0,0.0,3.36,2.692,83.98,8.24,83.984,82.389,16.02,1.76,6.27,17.99,100.0,100.0,7.56,4.61,14.84,2.19,45.051,0.0,74.533,32.956,False,,0.0,69.717,0.0,0.0,0.0,0.042,0.67,-1.0,0.0,0.0,8.0,0.0,81.683,83.19,100.0,100.0,43.017,100.0,32.673,15.0,0.0,80.536,82.142,100.0,100.0,44.453,48.933,32.215,1.68,3.274,78.288,80.448,0.0,NORMAL
187,2026-06-02 22:45:00+00:00,22,1,-0.5,0.866025,0.781831,0.62349,False,False,NIGHT,0.0,2.0,6.0,23.0,62.0,210.0,0.0,0.0,0.0,0.0,5.374,82.73,8.14,82.735,81.448,17.27,1.86,6.01,17.43,100.0,100.0,7.73,4.58,14.68,2.22,45.616,0.0,23.333,32.579,False,,0.0,64.697,0.0,0.0,0.0,0.0,0.0,-3.0,0.0,0.0,6.0,0.0,80.868,82.582,100.0,100.0,43.848,48.933,32.347,16.0,0.0,80.85,81.521,100.0,100.0,45.385,48.933,32.34,1.68,3.169,78.923,80.012,0.0,NORMAL
188,2026-06-02 23:00:00+00:00,23,1,-0.258819,0.965926,0.781831,0.62349,False,False,NIGHT,2.0,2.0,6.0,23.0,61.0,212.0,0.0,0.0,0.0,3.36,3.355,82.75,8.13,82.752,81.283,17.25,1.87,6.27,17.99,100.0,100.0,7.29,4.56,15.15,2.13,43.892,0.0,74.533,32.513,False,,0.0,69.12,0.0,0.0,0.0,0.0,0.0,-3.0,0.0,0.0,6.0,0.0,81.227,83.524,100.0,100.0,43.31,100.0,32.491,15.0,0.0,80.714,81.507,100.0,100.0,46.185,74.533,32.286,0.0,2.189,78.179,79.539,0.0,NORMAL
189,2026-06-02 23:15:00+00:00,23,1,-0.258819,0.965926,0.781831,0.62349,False,False,NIGHT,2.0,4.0,6.0,23.0,61.0,214.0,0.0,0.0,0.0,3.36,3.33,82.84,8.05,82.838,80.505,17.16,1.95,4.86,14.89,100.0,100.0,6.83,4.53,15.64,2.05,42.082,0.0,74.533,32.202,False,,0.0,68.821,0.0,0.0,0.0,0.0,0.0,-3.0,0.0,0.0,5.0,0.0,81.042,82.78,100.0,100.0,44.571,48.933,32.417,14.0,0.0,82.346,81.953,100.0,100.0,46.04,100.0,32.938,0.0,1.023,78.179,79.283,0.0,NORMAL
190,2026-06-02 23:30:00+00:00,23,1,-0.258819,0.965926,0.781831,0.62349,False,False,NIGHT,3.0,5.0,7.0,26.0,61.0,214.0,0.0,0.0,0.0,5.04,3.16,83.19,8.17,83.19,81.683,16.81,1.83,6.2,17.85,100.0,100.0,7.09,4.52,15.39,2.09,43.017,0.0,100.0,32.673,False,,0.0,71.51,0.0,0.0,0.0,0.0,0.0,-2.0,0.0,0.0,7.0,0.0,80.536,82.142,100.0,100.0,44.453,48.933,32.215,12.0,0.0,82.578,82.611,100.0,100.0,46.006,100.0,33.031,1.68,2.709,78.264,79.018,0.0,MODERATE
191,2026-06-02 23:45:00+00:00,23,1,-0.258819,0.965926,0.781831,0.62349,False,False,NIGHT,1.0,4.0,8.0,23.0,59.0,215.0,0.0,0.0,0.0,1.68,4.438,82.58,8.09,82.582,80.868,17.42,1.91,6.27,17.99,100.0,100.0,7.33,4.51,15.16,2.13,43.848,0.0,48.933,32.347,False,,0.0,66.692,0.0,0.0,0.0,0.0,0.0,2.0,0.0,0.0,9.0,0.0,80.85,81.521,100.0,100.0,45.385,48.933,32.34,12.0,0.0,82.363,82.506,100.0,100.0,46.684,74.533,32.945,1.68,2.134,78.711,78.859,0.0,NORMAL
192,2026-06-03 00:00:00+00:00,0,2,0.0,1.0,0.974928,-0.222521,False,False,NIGHT,3.0,4.0,9.0,24.0,57.0,216.0,0.0,0.0,0.0,5.04,1.127,83.52,8.12,83.524,81.227,16.48,1.88,4.99,15.17,100.0,100.0,7.19,4.5,15.31,2.1,43.31,0.0,100.0,32.491,False,,0.0,71.519,0.0,0.0,0.0,0.0,0.0,3.0,0.0,0.0,10.0,0.0,80.714,81.507,100.0,100.0,46.185,74.533,32.286,11.0,0.0,81.742,82.337,100.0,100.0,46.684,74.533,32.697,0.0,2.658,78.711,78.195,0.0,MODERATE
193,2026-06-03 00:15:00+00:00,0,2,0.0,1.0,0.974928,-0.222521,False,False,NIGHT,1.0,4.0,8.0,23.0,52.0,211.0,0.0,0.0,0.0,1.68,4.733,82.78,8.1,82.78,81.042,17.22,1.9,4.37,13.82,100.0,100.0,7.54,4.49,14.97,2.17,44.571,0.0,48.933,32.417,False,,0.0,66.835,0.0,0.0,0.0,0.0,0.0,2.0,0.0,0.0,10.0,0.0,82.346,81.953,100.0,100.0,46.04,100.0,32.938,9.0,0.0,81.282,81.934,100.0,100.0,47.899,48.933,32.513,1.68,1.161,79.371,78.259,0.0,NORMAL
194,2026-06-03 00:30:00+00:00,0,2,0.0,1.0,0.974928,-0.222521,False,False,NIGHT,1.0,2.0,6.0,22.0,47.0,211.0,0.0,0.0,0.0,1.68,4.432,82.14,8.05,82.142,80.536,17.86,1.95,6.27,17.99,100.0,100.0,7.52,4.48,15.0,2.16,44.453,0.0,48.933,32.215,False,,0.0,66.583,0.0,0.0,0.0,0.0,0.0,-1.0,0.0,0.0,8.0,0.0,82.578,82.611,100.0,100.0,46.006,100.0,33.031,9.0,0.0,81.662,81.993,100.0,100.0,47.148,74.533,32.665,5.04,2.434,81.311,78.716,0.0,NORMAL
195,2026-06-03 00:45:00+00:00,0,2,0.0,1.0,0.974928,-0.222521,False,False,NIGHT,1.0,2.0,6.0,20.0,45.0,211.0,0.0,0.0,0.0,1.68,4.039,81.52,8.08,81.521,80.85,18.48,1.92,6.17,17.78,100.0,100.0,7.78,4.47,14.75,2.21,45.385,0.0,48.933,32.34,False,,0.0,66.593,0.0,0.0,0.0,0.0,0.0,-2.0,0.0,0.0,7.0,0.0,82.363,82.506,100.0,100.0,46.684,74.533,32.945,8.0,0.0,80.205,81.161,100.0,100.0,44.802,23.333,32.082,1.68,2.49,80.7,78.575,0.0,NORMAL
196,2026-06-03 01:00:00+00:00,1,2,0.258819,0.965926,0.974928,-0.222521,False,False,NIGHT,2.0,3.0,5.0,20.0,45.0,213.0,0.0,0.0,0.0,3.36,3.469,81.51,8.07,81.507,80.714,18.49,1.93,5.53,16.36,100.0,100.0,8.0,4.47,14.53,2.24,46.185,0.0,74.533,32.286,False,,0.0,68.939,0.0,0.0,0.0,0.0,0.0,-4.0,0.0,0.0,5.0,0.0,81.742,82.337,100.0,100.0,46.684,74.533,32.697,9.0,0.0,79.406,80.869,100.0,100.0,44.677,48.933,31.762,3.36,1.647,81.169,78.956,0.0,NORMAL
197,2026-06-03 01:15:00+00:00,1,2,0.258819,0.965926,0.974928,-0.222521,False,False,NIGHT,3.0,5.0,7.0,21.0,45.0,214.0,0.0,0.0,0.0,5.04,2.603,81.95,8.23,81.953,82.346,18.05,1.77,5.8,16.96,100.0,100.0,7.95,4.48,14.57,2.24,46.04,0.0,100.0,32.938,False,,0.0,71.642,0.0,0.0,0.0,0.0,0.0,-1.0,0.0,0.0,4.0,0.0,81.282,81.934,100.0,100.0,47.899,48.933,32.513,8.0,0.0,79.297,80.961,100.0,100.0,44.925,48.933,31.719,1.68,1.214,81.201,79.069,0.0,MODERATE
198,2026-06-03 01:30:00+00:00,1,2,0.258819,0.965926,0.974928,-0.222521,False,False,NIGHT,3.0,6.0,9.0,22.0,47.0,216.0,0.0,0.0,0.0,5.04,2.315,82.61,8.26,82.611,82.578,17.39,1.74,6.17,17.78,100.0,100.0,7.93,4.49,14.58,2.24,46.006,0.0,100.0,33.031,False,,0.0,71.831,0.0,0.0,0.0,0.0,0.0,3.0,0.0,0.0,4.0,0.0,81.662,81.993,100.0,100.0,47.148,74.533,32.665,7.0,0.0,80.978,81.49,100.0,100.0,43.07,100.0,32.391,1.68,1.242,81.479,79.151,0.0,MODERATE
199,2026-06-03 01:45:00+00:00,1,2,0.258819,0.965926,0.974928,-0.222521,False,False,NIGHT,2.0,5.0,10.0,24.0,47.0,218.0,0.0,0.0,0.0,3.36,3.868,82.51,8.24,82.506,82.363,17.49,1.76,6.27,17.99,100.0,100.0,8.11,4.5,14.4,2.27,46.684,0.0,74.533,32.945,False,,0.0,69.533,0.0,0.0,0.0,0.0,0.0,4.0,0.0,0.0,5.0,0.0,80.205,81.161,100.0,100.0,44.802,23.333,32.082,5.0,0.0,80.602,81.264,100.0,100.0,44.021,48.933,32.241,3.36,2.074,81.279,79.493,0.0,NORMAL
200,2026-06-03 02:00:00+00:00,2,2,0.5,0.866025,0.974928,-0.222521,False,False,NIGHT,2.0,4.0,10.0,24.0,47.0,220.0,0.0,0.0,0.0,3.36,4.282,82.34,8.17,82.337,81.742,17.66,1.83,6.27,17.99,100.0,100.0,8.11,4.5,14.4,2.27,46.684,0.0,74.533,32.697,False,,0.0,69.372,0.0,0.0,0.0,0.0,0.0,5.0,0.0,0.0,6.0,0.0,79.406,80.869,100.0,100.0,44.677,48.933,31.762,5.0,0.0,78.638,80.968,100.0,100.0,43.898,23.333,31.455,5.04,2.108,82.098,80.144,0.0,NORMAL
201,2026-06-03 02:15:00+00:00,2,2,0.5,0.866025,0.974928,-0.222521,False,False,NIGHT,1.0,3.0,8.0,23.0,46.0,221.0,0.0,0.0,0.0,1.68,3.479,81.93,8.13,81.934,81.282,18.07,1.87,4.64,14.41,100.0,100.0,8.44,4.49,14.07,2.33,47.899,0.0,48.933,32.513,False,,0.0,66.997,0.0,0.0,0.0,0.0,0.0,1.0,0.0,0.0,5.0,0.0,79.297,80.961,100.0,100.0,44.925,48.933,31.719,5.0,0.0,77.726,80.902,100.0,100.0,43.765,48.933,31.09,5.04,0.758,82.776,81.146,0.0,NORMAL
202,2026-06-03 02:30:00+00:00,2,2,0.5,0.866025,0.974928,-0.222521,False,False,NIGHT,2.0,3.0,7.0,22.0,48.0,222.0,0.0,0.0,0.0,3.36,2.973,81.99,8.17,81.993,81.662,18.01,1.83,4.63,14.39,100.0,100.0,8.24,4.49,14.27,2.29,47.148,0.0,74.533,32.665,False,,0.0,69.322,0.0,0.0,0.0,0.0,0.0,-2.0,0.0,0.0,5.0,0.0,80.978,81.49,100.0,100.0,43.07,100.0,32.391,5.0,0.0,78.288,80.448,100.0,100.0,43.694,48.933,31.315,6.72,2.07,84.914,82.095,0.16,NORMAL
203,2026-06-03 02:45:00+00:00,2,2,0.5,0.866025,0.974928,-0.222521,False,False,NIGHT,0.0,2.0,5.0,21.0,44.0,222.0,0.0,0.0,0.0,0.0,3.907,81.16,8.02,81.161,80.205,18.84,1.98,5.4,16.09,100.0,100.0,7.62,4.48,14.9,2.18,44.802,0.0,23.333,32.082,False,,0.0,64.029,0.0,0.0,0.0,0.0,0.0,-5.0,0.0,0.0,3.0,0.0,80.602,81.264,100.0,100.0,44.021,48.933,32.241,7.0,0.0,78.923,80.012,100.0,100.0,42.83,48.933,31.569,1.68,3.3,82.555,81.926,0.0,NORMAL
204,2026-06-03 03:00:00+00:00,3,2,0.707107,0.707107,0.974928,-0.222521,False,False,NIGHT,1.0,1.0,4.0,19.0,43.0,223.0,0.0,0.0,0.0,1.68,3.168,80.87,7.94,80.869,79.406,19.13,2.06,5.58,16.48,100.0,100.0,7.61,4.45,14.94,2.17,44.677,0.0,48.933,31.762,False,,0.0,66.097,0.0,0.0,0.0,0.0,0.0,-6.0,0.0,0.0,3.0,0.0,78.638,80.968,100.0,100.0,43.898,23.333,31.455,7.0,0.0,78.179,79.539,100.0,100.0,41.641,23.333,31.272,1.68,3.89,82.236,81.405,0.0,NORMAL
205,2026-06-03 03:15:00+00:00,3,2,0.707107,0.707107,0.974928,-0.222521,False,False,NIGHT,1.0,2.0,4.0,19.0,42.0,223.0,0.0,0.0,0.0,1.68,1.355,80.96,7.93,80.961,79.297,19.04,2.07,5.57,16.45,100.0,100.0,7.69,4.44,14.87,2.18,44.925,0.0,48.933,31.719,False,,0.0,66.118,0.0,0.0,0.0,0.0,0.0,-4.0,0.0,0.0,3.0,0.0,77.726,80.902,100.0,100.0,43.765,48.933,31.09,9.0,0.0,78.179,79.283,100.0,100.0,41.618,23.333,31.272,6.72,3.648,83.134,82.083,0.16,NORMAL
206,2026-06-03 03:30:00+00:00,3,2,0.707107,0.707107,0.974928,-0.222521,False,False,NIGHT,3.0,4.0,5.0,21.0,43.0,225.0,0.0,0.0,0.0,5.04,2.252,81.49,8.1,81.49,80.978,18.51,1.9,5.53,16.37,100.0,100.0,7.19,4.44,15.37,2.09,43.07,0.0,100.0,32.391,False,,0.0,71.0,0.0,0.0,0.0,0.0,0.0,-2.0,0.0,0.0,2.0,0.0,78.288,80.448,100.0,100.0,43.694,48.933,31.315,10.0,0.0,78.264,79.018,100.0,100.0,42.758,48.933,31.306,8.4,1.855,85.688,83.464,0.48,MODERATE
207,2026-06-03 03:45:00+00:00,3,2,0.707107,0.707107,0.974928,-0.222521,False,False,NIGHT,1.0,4.0,6.0,21.0,41.0,226.0,0.0,0.0,0.0,1.68,2.734,81.26,8.06,81.264,80.602,18.74,1.94,6.27,17.99,100.0,100.0,7.45,4.44,15.11,2.14,44.021,0.0,48.933,32.241,False,,0.0,66.364,0.0,0.0,0.0,0.0,0.0,1.0,0.0,0.0,2.0,0.0,78.923,80.012,100.0,100.0,42.83,48.933,31.569,10.0,0.0,78.711,78.859,100.0,100.0,43.3,48.933,31.484,5.04,4.244,85.588,83.673,0.48,NORMAL
208,2026-06-03 04:00:00+00:00,4,2,0.866025,0.5,0.974928,-0.222521,False,False,NIGHT,0.0,1.0,5.0,19.0,39.0,226.0,0.0,0.0,0.0,0.0,1.973,80.97,7.86,80.968,78.638,19.03,2.14,5.55,16.41,100.0,100.0,7.44,4.42,15.15,2.13,43.898,0.0,23.333,31.455,False,,0.0,63.591,0.0,0.0,0.0,0.0,0.0,1.0,0.0,0.0,2.0,0.0,78.179,79.539,100.0,100.0,41.641,23.333,31.272,11.0,0.0,78.711,78.195,77.05,72.295,42.137,23.333,31.484,5.04,3.655,85.607,84.017,0.48,NORMAL
209,2026-06-03 04:15:00+00:00,4,2,0.866025,0.5,0.974928,-0.222521,False,False,NIGHT,1.0,1.0,5.0,17.0,38.0,227.0,0.0,0.0,0.0,1.68,2.305,80.9,7.77,80.902,77.726,19.1,2.23,6.27,17.99,100.0,100.0,7.43,4.39,15.18,2.13,43.765,0.0,48.933,31.09,False,,0.0,65.686,0.0,0.0,0.0,0.0,0.0,1.0,0.0,0.0,2.0,0.0,78.179,79.283,100.0,100.0,41.618,23.333,31.272,14.0,0.0,79.371,78.259,83.465,78.032,41.462,48.933,31.748,3.36,5.372,85.422,83.533,0.32,NORMAL
210,2026-06-03 04:30:00+00:00,4,2,0.866025,0.5,0.974928,-0.222521,False,False,NIGHT,1.0,2.0,3.0,15.0,37.0,227.0,0.0,0.0,0.0,1.68,3.274,80.45,7.83,80.448,78.288,19.55,2.17,5.68,16.69,100.0,100.0,7.43,4.37,15.2,2.12,43.694,0.0,48.933,31.315,False,,0.0,65.693,0.0,0.0,0.0,0.0,0.0,-2.0,0.0,0.0,3.0,0.0,78.264,79.018,100.0,100.0,42.758,48.933,31.306,16.0,0.0,81.311,78.716,83.009,77.647,42.744,100.0,32.524,1.68,3.482,84.264,83.198,0.01,NORMAL
211,2026-06-03 04:45:00+00:00,4,2,0.866025,0.5,0.974928,-0.222521,False,False,NIGHT,1.0,2.0,3.0,14.0,38.0,227.0,0.0,0.0,0.0,1.68,3.169,80.01,7.89,80.012,78.923,19.99,2.11,6.27,17.99,100.0,100.0,7.2,4.37,15.44,2.08,42.83,0.0,48.933,31.569,False,,0.0,65.646,0.0,0.0,0.0,0.0,0.0,-3.0,0.0,0.0,5.0,0.0,78.711,78.859,100.0,100.0,43.3,48.933,31.484,17.0,0.0,80.7,78.575,81.246,76.067,44.508,48.933,32.28,3.36,3.284,83.409,83.303,0.0,NORMAL
212,2026-06-03 05:00:00+00:00,5,2,0.965926,0.258819,0.974928,-0.222521,False,False,NIGHT,0.0,1.0,3.0,12.0,36.0,227.0,0.0,0.0,0.0,0.0,2.189,79.54,7.82,79.539,78.179,20.46,2.18,5.72,16.78,100.0,100.0,6.89,4.35,15.76,2.02,41.641,0.0,23.333,31.272,False,,0.0,62.982,0.0,0.0,0.0,0.0,0.0,-2.0,0.0,0.0,5.0,0.0,78.711,78.195,77.05,72.295,42.137,23.333,31.484,17.0,0.0,81.169,78.956,70.131,66.089,45.102,74.533,32.467,6.72,4.646,84.683,83.694,0.16,NORMAL
213,2026-06-03 05:15:00+00:00,5,2,0.965926,0.258819,0.974928,-0.222521,False,False,NIGHT,0.0,0.0,2.0,11.0,34.0,225.0,0.0,0.0,0.0,0.0,1.023,79.28,7.82,79.283,78.179,20.72,2.18,6.27,17.99,100.0,100.0,6.9,4.34,15.76,2.02,41.618,0.0,23.333,31.272,False,,0.0,62.924,0.0,0.0,0.0,0.0,0.0,-3.0,0.0,0.0,7.0,0.0,79.371,78.259,83.465,78.032,41.462,48.933,31.748,16.0,0.0,81.201,79.069,73.885,69.483,45.293,48.933,32.48,0.0,4.382,83.297,82.737,0.0,NORMAL
214,2026-06-03 05:30:00+00:00,5,2,0.965926,0.258819,0.974928,-0.222521,False,False,NIGHT,1.0,1.0,2.0,10.0,32.0,225.0,0.0,0.0,0.0,1.68,2.709,79.02,7.83,79.018,78.264,20.98,2.17,5.59,16.51,100.0,100.0,7.21,4.33,15.46,2.08,42.758,0.0,48.933,31.306,False,,0.0,65.289,0.0,0.0,0.0,0.0,0.0,-1.0,0.0,0.0,7.0,0.0,81.311,78.716,83.009,77.647,42.744,100.0,32.524,19.0,0.0,81.479,79.151,69.605,65.619,46.684,48.933,32.592,0.0,1.851,81.451,82.459,0.0,NORMAL
215,2026-06-03 05:45:00+00:00,5,2,0.965926,0.258819,0.974928,-0.222521,False,False,NIGHT,1.0,2.0,2.0,11.0,32.0,224.0,0.0,0.0,0.0,1.68,2.134,78.86,7.87,78.859,78.711,21.14,2.13,5.63,16.58,100.0,100.0,7.36,4.33,15.31,2.1,43.3,0.0,48.933,31.484,False,,0.0,65.392,0.0,0.0,0.0,0.0,0.0,-1.0,0.0,0.0,5.0,0.0,80.7,78.575,81.246,76.067,44.508,48.933,32.28,23.0,0.0,81.279,79.493,76.668,72.003,45.738,74.533,32.512,5.04,4.263,81.988,82.599,0.0,NORMAL
216,2026-06-03 06:00:00+00:00,6,2,1.0,0.0,0.974928,-0.222521,False,False,MORNING,0.0,1.0,2.0,10.0,29.0,220.0,0.0,0.0,0.0,0.0,2.658,78.19,7.87,78.195,78.711,21.81,2.13,10.68,24.58,77.05,72.295,7.04,4.33,15.62,2.05,42.137,0.0,23.333,31.484,False,,0.0,56.759,0.0,0.0,0.0,0.0,0.0,-1.0,0.0,0.0,6.0,0.0,81.169,78.956,70.131,66.089,45.102,74.533,32.467,24.0,0.0,82.098,80.144,70.478,66.442,45.809,100.0,32.839,3.36,3.332,82.246,82.581,0.0,NORMAL
217,2026-06-03 06:15:00+00:00,6,2,1.0,0.0,0.974928,-0.222521,False,False,MORNING,1.0,1.0,3.0,10.0,29.0,220.0,0.0,0.0,0.0,1.68,1.161,78.26,7.94,78.259,79.371,21.74,2.06,9.87,22.79,83.465,78.032,6.86,4.34,15.81,2.02,41.462,0.0,48.933,31.748,False,,0.0,60.606,0.0,0.0,0.0,0.0,0.0,1.0,0.0,0.0,7.0,0.0,81.201,79.069,73.885,69.483,45.293,48.933,32.48,24.0,0.0,82.776,81.146,71.359,67.273,45.694,100.0,33.11,8.4,3.365,84.084,83.656,0.32,NORMAL
218,2026-06-03 06:30:00+00:00,6,2,1.0,0.0,0.974928,-0.222521,False,False,MORNING,3.0,4.0,5.0,10.0,31.0,223.0,0.0,0.0,0.0,5.04,2.434,78.72,8.13,78.716,81.311,21.28,1.87,9.98,23.04,83.009,77.647,7.18,4.37,15.46,2.08,42.744,0.0,100.0,32.524,False,,0.0,65.705,0.0,0.0,0.0,0.0,0.0,3.0,0.0,0.0,9.0,0.0,81.479,79.151,69.605,65.619,46.684,48.933,32.592,23.0,0.0,84.914,82.095,76.172,71.655,45.789,100.0,33.965,0.0,3.666,82.189,82.929,0.0,NORMAL
219,2026-06-03 06:45:00+00:00,6,2,1.0,0.0,0.974928,-0.222521,False,False,MORNING,1.0,4.0,5.0,10.0,31.0,221.0,0.0,0.0,0.0,1.68,2.49,78.57,8.07,78.575,80.7,21.43,1.93,10.18,23.48,81.246,76.067,7.64,4.38,14.98,2.16,44.508,0.0,48.933,32.28,False,,0.0,60.714,0.0,0.0,0.0,0.0,0.0,3.0,0.0,0.0,12.0,0.0,81.279,79.493,76.668,72.003,45.738,74.533,32.512,20.0,0.0,82.555,81.926,72.045,67.92,46.018,48.933,33.022,8.4,3.816,83.83,83.911,0.32,NORMAL
220,2026-06-03 07:00:00+00:00,7,2,0.965926,-0.258819,0.974928,-0.222521,False,False,MORNING,2.0,3.0,7.0,12.0,31.0,219.0,0.0,0.0,0.0,3.36,1.647,78.96,8.12,78.956,81.169,21.04,1.88,11.85,27.15,70.131,66.089,7.78,4.4,14.82,2.19,45.102,0.0,74.533,32.467,False,,0.0,60.718,0.0,0.0,0.0,0.0,0.0,5.0,0.0,0.0,11.0,0.0,82.098,80.144,70.478,66.442,45.809,100.0,32.839,21.0,0.0,82.236,81.405,71.84,67.717,44.792,48.933,32.894,5.04,4.855,84.188,83.921,0.32,NORMAL
221,2026-06-03 07:15:00+00:00,7,2,0.965926,-0.258819,0.974928,-0.222521,False,False,MORNING,1.0,3.0,7.0,12.0,29.0,217.0,0.0,0.0,0.0,1.68,1.214,79.07,8.12,79.069,81.201,20.93,1.88,11.26,25.86,73.885,69.483,7.82,4.41,14.77,2.2,45.293,0.0,48.933,32.48,False,,0.0,59.32,0.0,0.0,0.0,0.0,0.0,4.0,0.0,0.0,9.0,0.0,82.776,81.146,71.359,67.273,45.694,100.0,33.11,24.0,0.0,83.134,82.083,72.183,68.05,44.72,100.0,33.253,8.4,5.49,85.75,84.492,0.64,NORMAL
222,2026-06-03 07:30:00+00:00,7,2,0.965926,-0.258819,0.974928,-0.222521,False,False,MORNING,1.0,2.0,5.0,12.0,27.0,214.0,0.0,0.0,0.0,1.68,1.242,79.15,8.15,79.151,81.479,20.85,1.85,11.97,27.41,69.605,65.619,8.18,4.42,14.4,2.27,46.684,0.0,48.933,32.592,False,,0.0,58.541,0.0,0.0,0.0,0.0,0.0,0.0,0.0,0.0,10.0,0.0,84.914,82.095,76.172,71.655,45.789,100.0,33.965,20.0,0.0,85.688,83.464,81.755,76.73,43.614,100.0,34.275,3.36,6.33,84.915,83.833,0.48,NORMAL
223,2026-06-03 07:45:00+00:00,7,2,0.965926,-0.258819,0.974928,-0.222521,False,False,MORNING,2.0,3.0,6.0,13.0,27.0,215.0,0.0,0.0,0.0,3.36,2.074,79.49,8.13,79.493,81.279,20.51,1.87,10.91,25.09,76.668,72.003,7.92,4.43,14.65,2.22,45.738,0.0,74.533,32.512,False,,0.0,62.409,0.0,0.0,0.0,0.0,0.0,1.0,0.0,0.0,11.0,0.0,82.555,81.926,72.045,67.92,46.018,48.933,33.022,15.0,0.0,85.588,83.673,73.581,69.368,44.017,100.0,34.235,5.04,4.922,84.368,83.918,0.48,NORMAL
224,2026-06-03 08:00:00+00:00,8,2,0.866025,-0.5,0.974928,-0.222521,False,False,MORNING,3.0,5.0,7.0,16.0,28.0,216.0,0.0,0.0,0.0,5.04,2.108,80.14,8.21,80.144,82.098,19.86,1.79,11.97,27.41,70.478,66.442,7.92,4.45,14.63,2.23,45.809,0.0,100.0,32.839,False,,0.0,63.604,0.0,0.0,0.0,0.0,0.0,0.0,0.0,0.0,13.0,0.0,82.236,81.405,71.84,67.717,44.792,48.933,32.894,15.0,0.0,85.607,84.017,73.884,69.654,44.65,100.0,34.243,5.04,4.42,84.469,84.063,0.48,NORMAL
225,2026-06-03 08:15:00+00:00,8,2,0.866025,-0.5,0.974928,-0.222521,False,False,MORNING,3.0,6.0,9.0,19.0,30.0,216.0,0.0,0.0,0.0,5.04,0.758,81.15,8.28,81.146,82.776,18.85,1.72,11.97,27.41,71.359,67.273,7.87,4.47,14.66,2.22,45.694,0.0,100.0,33.11,False,,0.0,64.156,0.0,0.0,0.0,0.0,0.0,2.0,0.0,0.0,15.0,0.0,83.134,82.083,72.183,68.05,44.72,100.0,33.253,14.0,0.0,85.422,83.533,76.6,72.093,44.994,77.775,34.169,5.04,4.436,84.8,84.18,0.49,NORMAL
226,2026-06-03 08:30:00+00:00,8,2,0.866025,-0.5,0.974928,-0.222521,False,False,MORNING,4.0,7.0,12.0,22.0,32.0,218.0,0.0,0.0,0.0,6.72,2.07,82.09,8.49,82.095,84.914,17.91,1.51,11.34,26.04,76.172,71.655,7.85,4.51,14.64,2.23,45.789,0.16,100.0,33.965,False,,0.0,65.904,0.0,0.0,0.0,0.0,0.0,7.0,0.16,0.04,13.0,0.0,85.688,83.464,81.755,76.73,43.614,100.0,34.275,17.0,0.0,84.264,83.198,73.697,69.457,44.455,48.983,33.705,5.04,5.984,85.092,83.915,0.49,NORMAL
227,2026-06-03 08:45:00+00:00,8,2,0.866025,-0.5,0.974928,-0.222521,False,False,MORNING,1.0,5.0,11.0,22.0,33.0,215.0,0.0,0.0,0.0,1.68,3.3,81.93,8.26,81.926,82.555,18.07,1.74,11.97,27.41,72.045,67.92,7.91,4.52,14.58,2.24,46.018,0.0,48.933,33.022,False,,0.0,59.876,0.0,0.0,0.0,0.0,0.0,5.0,0.0,0.0,9.0,0.0,85.588,83.673,73.581,69.368,44.017,100.0,34.235,16.0,0.0,83.409,83.303,73.256,69.061,42.66,74.533,33.364,1.68,4.449,84.264,83.306,0.17,NORMAL
228,2026-06-03 09:00:00+00:00,9,2,0.707107,-0.707107,0.974928,-0.222521,False,False,MORNING,1.0,2.0,9.0,23.0,33.0,211.0,0.0,0.0,0.0,1.68,3.89,81.41,8.22,81.405,82.236,18.59,1.78,11.93,27.32,71.84,67.717,7.58,4.52,14.91,2.18,44.792,0.0,48.933,32.894,False,,0.0,59.538,0.0,0.0,0.0,0.0,0.0,2.0,0.0,0.0,8.0,0.0,85.607,84.017,73.884,69.654,44.65,100.0,34.243,19.0,0.0,84.683,83.694,73.6,69.385,44.434,100.0,33.873,5.04,3.954,85.244,83.479,0.17,NORMAL
229,2026-06-03 09:15:00+00:00,9,2,0.707107,-0.707107,0.974928,-0.222521,False,False,MORNING,4.0,5.0,10.0,26.0,36.0,212.0,0.0,0.0,0.0,6.72,3.648,82.08,8.31,82.083,83.134,17.92,1.69,11.97,27.41,72.183,68.05,7.55,4.53,14.93,2.17,44.72,0.16,100.0,33.253,False,,0.0,64.538,0.0,0.0,0.0,0.0,0.0,1.0,0.16,0.04,9.0,0.0,85.422,83.533,76.6,72.093,44.994,77.775,34.169,18.0,0.0,83.297,82.737,72.758,68.592,44.297,23.333,33.319,1.68,5.309,84.795,82.617,0.0,NORMAL
230,2026-06-03 09:30:00+00:00,9,2,0.707107,-0.707107,0.974928,-0.222521,False,False,MORNING,5.0,9.0,11.0,28.0,38.0,217.0,0.0,0.0,0.0,8.4,1.855,83.46,8.57,83.464,85.688,16.54,1.43,10.75,24.72,81.755,76.73,7.21,4.57,15.22,2.12,43.614,0.48,100.0,34.275,False,,0.0,67.443,0.0,0.0,0.0,0.0,0.0,-1.0,0.32,0.12,7.0,0.0,84.264,83.198,73.697,69.457,44.455,48.983,33.705,23.0,0.0,81.451,82.459,72.514,68.362,42.531,23.333,32.58,8.4,3.506,86.779,83.642,0.32,NORMAL
231,2026-06-03 09:45:00+00:00,9,2,0.707107,-0.707107,0.974928,-0.222521,False,False,MORNING,3.0,8.0,13.0,30.0,40.0,220.0,0.0,0.0,0.0,5.04,4.244,83.67,8.56,83.673,85.588,16.33,1.44,11.97,27.41,73.581,69.368,7.29,4.59,15.12,2.14,44.017,0.48,100.0,34.235,False,,0.0,65.641,0.0,0.0,0.0,0.0,0.0,2.0,0.48,0.12,6.0,0.0,83.409,83.303,73.256,69.061,42.66,74.533,33.364,25.0,0.0,81.988,82.599,73.734,69.471,41.896,100.0,32.795,5.04,2.675,86.946,84.217,0.32,NORMAL
232,2026-06-03 10:00:00+00:00,10,2,0.5,-0.866025,0.974928,-0.222521,False,False,MORNING,3.0,6.0,15.0,31.0,43.0,220.0,0.0,0.0,0.0,5.04,3.655,84.02,8.56,84.017,85.607,15.98,1.44,11.97,27.41,73.884,69.654,7.44,4.62,14.94,2.17,44.65,0.48,100.0,34.243,False,,0.0,65.848,0.0,0.0,0.0,0.0,0.0,6.0,0.48,0.12,7.0,0.0,84.683,83.694,73.6,69.385,44.434,100.0,33.873,25.0,0.0,82.246,82.581,72.621,68.463,43.076,74.533,32.898,8.4,3.767,88.704,85.199,0.64,NORMAL
233,2026-06-03 10:15:00+00:00,10,2,0.5,-0.866025,0.974928,-0.222521,False,False,MORNING,2.0,5.0,13.0,32.0,44.0,218.0,0.0,0.0,0.0,3.36,5.372,83.53,8.54,83.533,85.422,16.47,1.46,11.48,26.33,76.6,72.093,7.52,4.63,14.85,2.19,44.994,0.32,77.775,34.169,False,,0.0,64.354,0.0,0.0,0.0,0.0,0.0,3.0,0.16,0.08,5.0,0.0,83.297,82.737,72.758,68.592,44.297,23.333,33.319,26.0,0.0,84.084,83.656,73.566,69.354,43.307,100.0,33.634,5.04,5.241,89.527,85.067,0.64,NORMAL
234,2026-06-03 10:30:00+00:00,10,2,0.5,-0.866025,0.974928,-0.222521,False,False,MORNING,1.0,3.0,9.0,32.0,44.0,217.0,0.0,0.0,0.0,1.68,3.482,83.2,8.43,83.198,84.264,16.8,1.57,11.88,27.22,73.697,69.457,7.37,4.63,15.0,2.16,44.455,0.01,48.983,33.705,False,,0.0,60.744,0.0,0.0,0.0,0.0,0.0,-2.0,-0.47,0.002,10.0,0.0,81.451,82.459,72.514,68.362,42.531,23.333,32.58,24.0,0.0,82.189,82.929,90.608,84.612,43.852,23.333,32.876,1.68,5.128,87.645,84.393,0.32,NORMAL
235,2026-06-03 10:45:00+00:00,10,2,0.5,-0.866025,0.974928,-0.222521,False,False,MORNING,2.0,3.0,8.0,32.0,45.0,218.0,0.0,0.0,0.0,3.36,3.284,83.3,8.34,83.303,83.409,16.7,1.66,11.97,27.41,73.256,69.061,6.89,4.62,15.48,2.07,42.66,0.0,74.533,33.364,False,,0.0,62.634,0.0,0.0,0.0,0.0,0.0,-5.0,-0.48,0.0,10.0,0.0,81.988,82.599,73.734,69.471,41.896,100.0,32.795,27.0,0.0,83.83,83.911,73.79,69.565,47.255,100.0,33.532,5.04,3.663,87.461,84.756,0.33,NORMAL
236,2026-06-03 11:00:00+00:00,11,2,0.258819,-0.965926,0.974928,-0.222521,False,False,MORNING,4.0,6.0,9.0,33.0,49.0,220.0,0.0,0.0,0.0,6.72,4.646,83.69,8.47,83.694,84.683,16.31,1.53,11.97,27.41,73.6,69.385,7.37,4.63,15.0,2.16,44.434,0.16,100.0,33.873,False,,0.0,65.507,0.0,0.0,0.0,0.0,0.0,-6.0,-0.32,0.04,12.0,0.0,82.246,82.581,72.621,68.463,43.076,74.533,32.898,23.0,0.0,84.188,83.921,73.799,69.574,44.093,100.0,33.675,3.36,5.327,86.9,84.32,0.17,NORMAL
237,2026-06-03 11:15:00+00:00,11,2,0.258819,-0.965926,0.974928,-0.222521,False,False,MORNING,0.0,4.0,7.0,30.0,49.0,215.0,0.0,0.0,0.0,0.0,4.382,82.74,8.33,82.737,83.297,17.26,1.67,11.97,27.41,72.758,68.592,7.34,4.62,15.04,2.15,44.297,0.0,23.333,33.319,False,,0.0,57.91,0.0,0.0,0.0,0.0,0.0,-6.0,-0.32,0.0,13.0,0.0,84.084,83.656,73.566,69.354,43.307,100.0,33.634,23.0,0.0,85.75,84.492,74.302,70.047,44.63,100.0,34.3,5.04,4.628,85.902,84.523,0.17,NORMAL
238,2026-06-03 11:30:00+00:00,11,2,0.258819,-0.965926,0.974928,-0.222521,False,False,MORNING,0.0,0.0,6.0,26.0,48.0,209.0,0.0,0.0,0.0,0.0,1.851,82.46,8.15,82.459,81.451,17.54,1.85,11.97,27.41,72.514,68.362,6.89,4.59,15.52,2.07,42.531,0.0,23.333,32.58,False,,0.0,57.264,0.0,0.0,0.0,0.0,0.0,-3.0,-0.01,0.0,13.0,0.0,82.189,82.929,90.608,84.612,43.852,23.333,32.876,19.0,0.0,84.915,83.833,82.1,77.054,46.393,79.367,33.966,6.72,4.176,87.029,85.046,0.33,NORMAL
239,2026-06-03 11:45:00+00:00,11,2,0.258819,-0.965926,0.974928,-0.222521,False,False,MORNING,3.0,3.0,7.0,28.0,50.0,207.0,0.0,0.0,0.0,5.04,4.263,82.6,8.2,82.599,81.988,17.4,1.8,11.79,27.02,73.734,69.471,6.74,4.58,15.69,2.04,41.896,0.0,100.0,32.795,False,,0.0,64.525,0.0,0.0,0.0,0.0,0.0,-1.0,0.0,0.0,15.0,0.0,83.83,83.911,73.79,69.565,47.255,100.0,33.532,22.0,0.0,84.368,83.918,73.796,69.571,44.581,100.0,33.747,6.72,3.881,87.439,85.715,0.49,NORMAL
240,2026-06-03 12:00:00+00:00,12,2,0.0,-1.0,0.974928,-0.222521,False,False,MORNING,2.0,5.0,5.0,29.0,52.0,205.0,0.0,0.0,0.0,3.36,3.332,82.58,8.22,82.581,82.246,17.42,1.78,11.97,27.41,72.621,68.463,7.06,4.57,15.37,2.09,43.076,0.0,74.533,32.898,False,,0.0,62.132,0.0,0.0,0.0,0.0,0.0,-4.0,-0.16,0.0,13.0,0.0,84.188,83.921,73.799,69.574,44.093,100.0,33.675,22.0,0.0,84.469,84.063,100.0,100.0,44.126,100.0,33.788,8.179,4.345,88.447,86.573,0.81,NORMAL
241,2026-06-03 12:15:00+00:00,12,2,0.0,-1.0,0.974928,-0.222521,False,False,MORNING,5.0,7.0,10.0,30.0,56.0,208.0,0.0,0.0,0.0,8.4,3.365,83.66,8.41,83.656,84.084,16.34,1.59,11.97,27.41,73.566,69.354,7.12,4.58,15.31,2.1,43.307,0.32,100.0,33.634,False,,0.0,65.269,0.0,0.0,0.0,0.0,0.0,3.0,0.32,0.08,13.0,0.0,85.75,84.492,74.302,70.047,44.63,100.0,34.3,24.0,0.0,84.8,84.18,89.346,84.883,43.686,100.0,33.92,5.261,5.652,88.072,86.512,0.81,NORMAL
242,2026-06-03 12:30:00+00:00,12,2,0.0,-1.0,0.974928,-0.222521,False,False,MORNING,0.0,5.0,10.0,25.0,53.0,204.0,0.0,0.0,0.0,0.0,3.666,82.93,8.22,82.929,82.189,17.07,1.78,9.63,22.28,90.608,84.612,7.27,4.57,15.16,2.13,43.852,0.0,23.333,32.876,False,,0.0,61.755,0.0,0.0,0.0,0.0,0.0,4.0,0.0,0.0,11.0,0.0,84.915,83.833,82.1,77.054,46.393,79.367,33.966,24.0,0.0,85.092,83.915,86.093,81.881,41.456,100.0,34.037,3.36,4.963,86.762,86.243,0.65,NORMAL
243,2026-06-03 12:45:00+00:00,12,2,0.0,-1.0,0.974928,-0.222521,False,False,MORNING,5.0,5.0,12.0,27.0,57.0,209.0,0.0,0.0,0.0,8.4,3.816,83.91,8.38,83.911,83.83,16.09,1.62,11.97,27.41,73.79,69.565,8.18,4.57,14.24,2.3,47.255,0.32,100.0,33.532,False,,0.0,65.682,0.0,0.0,0.0,0.0,0.0,5.0,0.32,0.08,12.0,0.0,84.368,83.918,73.796,69.571,44.581,100.0,33.747,22.0,0.0,84.264,83.306,94.226,89.333,43.449,50.608,33.706,7.995,5.378,88.693,86.704,0.97,NORMAL
244,2026-06-03 13:00:00+00:00,13,2,-0.258819,-0.965926,0.974928,-0.222521,False,False,MORNING,3.0,8.0,13.0,27.0,58.0,210.0,0.0,0.0,0.0,5.04,4.855,83.92,8.42,83.921,84.188,16.08,1.58,11.97,27.41,73.799,69.574,7.32,4.59,15.09,2.14,44.093,0.32,100.0,33.675,False,,0.0,65.473,0.0,0.0,0.0,0.0,0.0,8.0,0.32,0.08,10.0,0.0,84.469,84.063,100.0,100.0,44.126,100.0,33.788,24.0,0.0,85.244,83.479,94.106,89.229,46.041,100.0,34.098,7.792,6.042,89.997,87.011,1.29,NORMAL
245,2026-06-03 13:15:00+00:00,13,2,-0.258819,-0.965926,0.974928,-0.222521,False,False,MORNING,5.0,8.0,13.0,30.0,62.0,211.0,0.0,0.0,0.0,8.4,5.49,84.49,8.57,84.492,85.75,15.51,1.43,11.97,27.41,74.302,70.047,7.44,4.61,14.95,2.17,44.63,0.64,100.0,34.3,False,,0.0,66.077,0.0,0.0,0.0,0.0,0.0,3.0,0.32,0.16,10.0,0.0,84.8,84.18,89.346,84.883,43.686,100.0,33.92,23.0,0.0,84.795,82.617,88.78,84.312,46.693,48.933,33.918,4.373,6.335,89.426,86.578,1.13,NORMAL
246,2026-06-03 13:30:00+00:00,13,2,-0.258819,-0.965926,0.974928,-0.222521,False,False,MORNING,2.0,7.0,15.0,31.0,63.0,208.0,0.0,0.0,0.0,3.36,6.33,83.83,8.49,83.833,84.915,16.17,1.51,10.75,24.73,82.1,77.054,7.9,4.62,14.47,2.25,46.393,0.48,79.367,33.966,False,,0.0,65.843,0.0,0.0,0.0,0.0,0.0,5.0,0.48,0.12,8.0,0.0,85.092,83.915,86.093,81.881,41.456,100.0,34.037,25.0,0.0,86.779,83.642,85.813,81.614,45.674,100.0,34.712,3.36,5.963,88.1,86.059,0.97,NORMAL
247,2026-06-03 13:45:00+00:00,13,2,-0.258819,-0.965926,0.974928,-0.222521,False,False,MORNING,3.0,5.0,13.0,32.0,64.0,209.0,0.0,0.0,0.0,5.04,4.922,83.92,8.44,83.918,84.368,16.08,1.56,11.97,27.41,73.796,69.571,7.41,4.63,14.96,2.17,44.581,0.48,100.0,33.747,False,,0.0,65.552,0.0,0.0,0.0,0.0,0.0,1.0,0.16,0.12,10.0,0.0,84.264,83.306,94.226,89.333,43.449,50.608,33.706,24.0,0.0,86.946,84.217,95.979,90.971,44.681,100.0,34.778,3.36,5.922,86.562,85.573,0.81,NORMAL
248,2026-06-03 14:00:00+00:00,14,2,-0.5,-0.866025,0.974928,-0.222521,False,False,EVENING,3.0,6.0,13.0,31.0,64.0,210.0,0.0,0.0,0.0,5.04,4.42,84.06,8.45,84.063,84.469,15.94,1.55,8.23,18.82,100.0,100.0,7.28,4.63,15.09,2.14,44.126,0.48,100.0,33.788,False,,0.0,72.359,0.0,0.0,0.0,0.0,0.0,0.0,0.16,0.12,12.0,0.0,85.244,83.479,94.106,89.229,46.041,100.0,34.098,25.0,0.0,88.704,85.199,90.674,86.137,44.984,100.0,35.481,3.36,7.111,85.635,84.728,0.66,MODERATE
249,2026-06-03 14:15:00+00:00,14,2,-0.5,-0.866025,0.974928,-0.222521,False,False,EVENING,3.0,6.0,11.0,34.0,64.0,209.0,0.0,0.0,0.0,5.04,4.436,84.18,8.48,84.18,84.8,15.82,1.52,9.92,22.54,89.346,84.883,7.16,4.64,15.2,2.12,43.686,0.49,100.0,33.92,False,,0.0,69.319,0.0,0.0,0.0,0.0,0.0,-2.0,-0.15,0.122,14.0,0.0,84.795,82.617,88.78,84.312,46.693,48.933,33.918,25.0,0.0,89.527,85.067,100.0,96.929,44.921,100.0,35.811,5.04,4.436,86.065,84.836,0.66,NORMAL
250,2026-06-03 14:30:00+00:00,14,2,-0.5,-0.866025,0.974928,-0.222521,False,False,EVENING,3.0,6.0,12.0,37.0,63.0,209.0,0.0,0.0,0.0,5.04,5.984,83.92,8.51,83.915,85.092,16.08,1.49,10.26,23.29,86.093,81.881,6.55,4.65,15.81,2.01,41.456,0.49,100.0,34.037,False,,0.0,68.368,0.0,0.0,0.0,0.0,0.0,-3.0,0.01,0.122,16.0,0.0,86.779,83.642,85.813,81.614,45.674,100.0,34.712,25.0,0.0,87.645,84.393,99.814,94.484,43.795,52.175,35.058,8.4,4.44,87.296,85.702,0.98,NORMAL
251,2026-06-03 14:45:00+00:00,14,2,-0.5,-0.866025,0.974928,-0.222521,False,False,EVENING,1.0,4.0,10.0,35.0,63.0,209.0,0.0,0.0,0.0,1.68,4.449,83.31,8.43,83.306,84.264,16.69,1.57,9.31,21.19,94.226,89.333,7.09,4.64,15.27,2.11,43.449,0.17,50.608,33.706,False,,0.0,65.672,0.0,0.0,0.0,0.0,0.0,-3.0,-0.31,0.042,12.0,0.0,86.946,84.217,95.979,90.971,44.681,100.0,34.778,26.0,0.0,87.461,84.756,88.538,84.158,45.737,100.0,34.984,1.68,6.243,84.86,84.805,0.66,NORMAL
252,2026-06-03 15:00:00+00:00,15,2,-0.707107,-0.707107,0.974928,-0.222521,False,False,EVENING,3.0,4.0,10.0,36.0,65.0,210.0,0.0,0.0,0.0,5.04,3.954,83.48,8.52,83.479,85.244,16.52,1.48,9.34,21.26,94.106,89.229,7.78,4.65,14.57,2.24,46.041,0.17,100.0,34.098,False,,0.0,70.558,0.0,0.0,0.0,0.0,0.0,-3.0,-0.31,0.042,12.0,0.0,88.704,85.199,90.674,86.137,44.984,100.0,35.481,28.0,0.0,86.9,84.32,100.0,97.245,47.36,76.192,34.76,12.72,4.506,90.257,86.319,1.14,MODERATE
253,2026-06-03 15:15:00+00:00,15,2,-0.707107,-0.707107,0.974928,-0.222521,False,False,EVENING,1.0,4.0,8.0,32.0,62.0,207.0,0.0,0.0,0.0,1.68,5.309,82.62,8.48,82.617,84.795,17.38,1.52,9.8,22.27,88.78,84.312,7.95,4.65,14.39,2.27,46.693,0.0,48.933,33.918,False,,0.0,64.512,0.0,0.0,0.0,0.0,0.0,-3.0,-0.49,0.0,9.0,0.0,89.527,85.067,100.0,96.929,44.921,100.0,35.811,31.0,0.0,85.902,84.523,100.0,98.246,47.025,100.0,34.361,6.36,7.012,90.619,86.12,1.14,NORMAL
254,2026-06-03 15:30:00+00:00,15,2,-0.707107,-0.707107,0.974928,-0.222521,False,False,EVENING,5.0,6.0,10.0,37.0,62.0,210.0,0.0,0.0,0.0,8.4,3.506,83.64,8.68,83.642,86.779,16.36,1.32,10.26,23.29,85.813,81.614,7.65,4.68,14.67,2.22,45.674,0.32,100.0,34.712,False,,0.0,68.959,0.0,0.0,0.0,0.0,0.0,-2.0,-0.17,0.08,9.0,0.0,87.645,84.393,99.814,94.484,43.795,52.175,35.058,30.0,0.0,87.029,85.046,87.254,82.984,45.462,100.0,34.812,13.587,4.407,96.041,87.873,2.74,NORMAL
255,2026-06-03 15:45:00+00:00,15,2,-0.707107,-0.707107,0.974928,-0.222521,False,False,EVENING,3.0,8.0,12.0,35.0,62.0,210.0,0.0,0.0,0.0,5.04,2.675,84.22,8.69,84.217,86.946,15.78,1.31,9.24,21.04,95.979,90.971,7.36,4.7,14.94,2.17,44.681,0.32,100.0,34.778,False,,0.0,71.372,0.0,0.0,0.0,0.0,0.0,2.0,0.15,0.08,12.0,0.0,87.461,84.756,88.538,84.158,45.737,100.0,34.984,28.0,0.0,87.439,85.715,87.94,83.637,47.295,100.0,34.976,12.328,6.099,99.646,89.07,4.02,MODERATE
256,2026-06-03 16:00:00+00:00,16,2,-0.866025,-0.5,0.974928,-0.222521,False,False,EVENING,5.0,8.0,14.0,37.0,64.0,212.0,0.0,0.0,0.0,8.4,3.767,85.2,8.87,85.199,88.704,14.8,1.13,9.89,22.48,90.674,86.137,7.41,4.74,14.85,2.19,44.984,0.64,100.0,35.481,False,,0.0,70.75,0.0,0.0,0.0,0.0,0.0,4.0,0.47,0.16,13.0,0.0,86.9,84.32,100.0,97.245,47.36,76.192,34.76,26.0,0.13,88.447,86.573,88.881,84.531,47.35,100.0,36.169,11.472,7.478,100.0,89.781,5.14,MODERATE
257,2026-06-03 16:15:00+00:00,16,2,-0.866025,-0.5,0.974928,-0.222521,False,False,EVENING,3.0,8.0,16.0,35.0,65.0,209.0,0.0,0.0,0.0,5.04,5.241,85.07,8.95,85.067,89.527,14.93,1.05,8.74,19.95,100.0,96.929,7.36,4.77,14.87,2.18,44.921,0.64,100.0,35.811,False,,0.0,73.295,0.0,0.0,0.0,0.0,0.0,8.0,0.64,0.16,16.0,0.0,85.902,84.523,100.0,98.246,47.025,100.0,34.361,23.0,0.0,88.072,86.512,88.758,84.415,47.216,100.0,35.229,11.014,6.889,100.0,90.596,4.98,MODERATE
258,2026-06-03 16:30:00+00:00,16,2,-0.866025,-0.5,0.974928,-0.222521,False,False,EVENING,1.0,4.0,12.0,34.0,65.0,208.0,0.0,0.0,0.0,1.68,5.128,84.39,8.76,84.393,87.645,15.61,1.24,8.9,20.3,99.814,94.484,7.04,4.78,15.18,2.13,43.795,0.32,52.175,35.058,False,,0.0,68.049,0.0,0.0,0.0,0.0,0.0,2.0,0.0,0.08,16.0,0.0,87.029,85.046,87.254,82.984,45.462,100.0,34.812,23.0,0.0,86.762,86.243,98.651,93.491,48.142,81.042,34.705,10.501,7.489,100.0,91.156,5.62,NORMAL
259,2026-06-03 16:45:00+00:00,16,2,-0.866025,-0.5,0.974928,-0.222521,False,False,EVENING,3.0,4.0,12.0,34.0,66.0,211.0,0.0,0.0,0.0,5.04,3.663,84.76,8.75,84.756,87.461,15.24,1.25,10.08,22.89,88.538,84.158,7.56,4.79,14.65,2.22,45.737,0.33,100.0,34.984,False,,0.0,69.978,0.0,0.0,0.0,0.0,0.0,0.0,0.01,0.082,14.0,0.0,87.439,85.715,87.94,83.637,47.295,100.0,34.976,26.0,0.24,88.693,86.704,94.907,90.08,48.324,100.0,36.923,10.148,6.863,100.0,91.827,5.62,NORMAL
260,2026-06-03 17:00:00+00:00,17,2,-0.965926,-0.258819,0.974928,-0.222521,False,False,EVENING,2.0,5.0,9.0,33.0,64.0,210.0,0.0,0.0,0.0,3.36,5.327,84.32,8.69,84.32,86.9,15.68,1.31,8.63,19.71,100.0,97.245,8.0,4.79,14.21,2.3,47.36,0.17,76.192,34.76,False,,0.0,70.719,0.0,0.0,0.0,0.0,0.0,-5.0,-0.47,0.042,15.0,0.13,88.447,86.573,88.881,84.531,47.35,100.0,36.169,22.0,0.6,89.997,87.011,98.28,93.19,47.506,100.0,39.615,9.725,8.327,100.0,92.101,7.07,MODERATE
261,2026-06-03 17:15:00+00:00,17,2,-0.965926,-0.258819,0.974928,-0.222521,False,False,EVENING,3.0,5.0,9.0,33.0,67.0,211.0,0.0,0.0,0.0,5.04,4.628,84.52,8.59,84.523,85.902,15.48,1.41,8.56,19.55,100.0,98.246,7.92,4.77,14.3,2.29,47.025,0.17,100.0,34.361,False,,0.0,72.797,0.0,0.0,0.0,0.0,0.0,-7.0,-0.47,0.042,15.0,0.0,88.072,86.512,88.758,84.415,47.216,100.0,35.229,23.0,0.0,89.426,86.578,95.582,90.692,47.747,85.867,35.771,9.553,8.783,100.0,92.154,7.23,MODERATE
262,2026-06-03 17:30:00+00:00,17,2,-0.965926,-0.258819,0.974928,-0.222521,False,False,EVENING,4.0,7.0,12.0,34.0,71.0,212.0,0.0,0.0,0.0,6.72,4.176,85.05,8.7,85.046,87.029,14.95,1.3,10.26,23.29,87.254,82.984,7.5,4.78,14.73,2.21,45.462,0.33,100.0,34.812,False,,0.0,69.636,0.0,0.0,0.0,0.0,0.0,0.0,0.01,0.082,14.0,0.0,86.762,86.243,98.651,93.491,48.142,81.042,34.705,24.0,0.0,88.1,86.059,93.104,88.4,48.654,84.275,35.24,9.519,9.129,100.0,92.236,7.71,NORMAL
263,2026-06-03 17:45:00+00:00,17,2,-0.965926,-0.258819,0.974928,-0.222521,False,False,EVENING,4.0,8.0,13.0,37.0,72.0,213.0,0.0,0.0,0.0,6.72,3.881,85.71,8.74,85.715,87.439,14.29,1.26,10.26,23.29,87.94,83.637,7.99,4.78,14.23,2.3,47.295,0.49,100.0,34.976,False,,0.0,70.191,0.0,0.0,0.0,0.0,0.0,1.0,0.16,0.122,14.0,0.24,88.693,86.704,94.907,90.08,48.324,100.0,36.923,35.0,0.0,86.562,85.573,87.794,83.498,47.361,82.683,34.625,9.467,8.912,100.0,92.275,7.55,MODERATE
264,2026-06-03 18:00:00+00:00,18,2,-1.0,-0.0,0.974928,-0.222521,False,False,EVENING,5.0,9.0,16.0,39.0,75.0,213.0,0.13,0.0,0.0,8.179,4.345,86.57,8.84,86.573,88.447,13.43,1.16,10.26,23.29,88.881,84.531,7.98,4.8,14.22,2.3,47.35,0.81,100.0,36.169,False,,0.3,70.89,0.13,0.13,0.13,0.008,0.13,7.0,0.64,0.235,11.0,0.6,89.997,87.011,98.28,93.19,47.506,100.0,39.615,44.0,0.0,85.635,84.728,98.856,93.622,47.271,81.092,34.254,9.443,9.139,100.0,92.19,8.03,MODERATE
265,2026-06-03 18:15:00+00:00,18,2,-1.0,-0.0,0.974928,-0.222521,False,False,EVENING,3.0,8.0,16.0,41.0,73.0,210.0,0.0,0.01,0.0119,5.261,5.652,86.51,8.81,86.512,88.072,13.49,1.19,10.26,23.29,88.758,84.415,7.94,4.81,14.25,2.29,47.216,0.81,100.0,35.229,False,,0.0,70.677,-0.13,0.0,0.0,0.008,0.13,7.0,0.64,0.202,8.0,0.0,89.426,86.578,95.582,90.692,47.747,85.867,35.771,52.0,0.0,86.065,84.836,87.435,83.145,46.724,100.0,34.426,9.497,9.312,100.0,92.057,8.03,MODERATE
266,2026-06-03 18:30:00+00:00,18,2,-1.0,-0.0,0.974928,-0.222521,False,False,EVENING,2.0,5.0,14.0,38.0,75.0,206.0,0.0,0.0,0.0,3.36,4.963,86.24,8.68,86.243,86.762,13.76,1.32,9.2,20.97,98.651,93.491,8.19,4.8,14.0,2.34,48.142,0.65,81.042,34.705,False,,0.0,71.009,0.0,-0.13,0.0,0.008,0.13,2.0,0.32,0.162,9.0,0.0,88.1,86.059,93.104,88.4,48.654,84.275,35.24,51.0,0.0,87.296,85.702,91.57,86.978,45.288,100.0,34.919,9.58,9.436,100.0,92.023,8.19,MODERATE
267,2026-06-03 18:45:00+00:00,18,2,-1.0,-0.0,0.974928,-0.222521,False,False,EVENING,5.0,7.0,15.0,40.0,75.0,208.0,0.24,0.0,0.0,7.995,5.378,86.7,8.87,86.704,88.693,13.3,1.13,9.63,21.9,94.907,90.08,8.22,4.83,13.95,2.35,48.324,0.97,100.0,36.923,False,,0.5,72.515,0.24,0.24,0.24,0.023,0.24,2.0,0.48,0.302,12.0,0.0,86.562,85.573,87.794,83.498,47.361,82.683,34.625,53.0,0.0,84.86,84.805,88.554,84.174,45.434,55.517,33.944,9.602,9.347,100.0,91.973,8.51,MODERATE
268,2026-06-03 19:00:00+00:00,19,2,-0.965926,0.258819,0.974928,-0.222521,False,False,EVENING,5.0,10.0,15.0,40.0,77.0,211.0,0.6,0.02,0.0217,7.792,6.042,87.01,9.0,87.011,89.997,12.99,1.0,9.35,21.29,98.28,93.19,7.95,4.87,14.17,2.31,47.506,1.29,100.0,39.615,False,,1.2,73.778,0.36,0.6,0.47,0.061,0.6,-1.0,0.48,0.473,11.0,0.0,85.635,84.728,98.856,93.622,47.271,81.092,34.254,55.0,0.0,90.257,86.319,94.56,92.226,48.302,100.0,36.103,5.655,9.983,98.606,91.03,8.03,MODERATE
269,2026-06-03 19:15:00+00:00,19,2,-0.965926,0.258819,0.974928,-0.222521,False,False,EVENING,2.0,7.0,14.0,39.0,74.0,210.0,0.0,0.05,0.0543,4.373,6.335,86.58,8.94,86.578,89.426,13.42,1.06,9.53,21.7,95.582,90.692,8.01,4.88,14.11,2.32,47.747,1.13,85.867,35.771,False,,0.0,71.311,-0.6,-0.24,0.0,0.061,0.6,-2.0,0.32,0.282,15.0,0.0,86.065,84.836,87.435,83.145,46.724,100.0,34.426,61.0,0.0,90.619,86.12,96.956,94.427,48.475,100.0,36.247,6.027,7.951,97.128,90.697,7.71,MODERATE
270,2026-06-03 19:30:00+00:00,19,2,-0.965926,0.258819,0.974928,-0.222521,False,False,EVENING,2.0,4.0,14.0,40.0,74.0,211.0,0.0,0.0,0.0,3.36,5.963,86.06,8.81,86.059,88.1,13.94,1.19,9.73,22.13,93.104,88.4,8.26,4.88,13.86,2.36,48.654,0.97,84.275,35.24,False,,0.0,70.297,0.0,-0.6,0.0,0.061,0.6,0.0,0.32,0.242,15.0,0.0,87.296,85.702,91.57,86.978,45.288,100.0,34.919,62.0,6.59,96.041,87.873,99.196,96.636,47.939,100.0,77.962,6.175,5.962,96.288,90.834,7.39,MODERATE
271,2026-06-03 19:45:00+00:00,19,2,-0.965926,0.258819,0.974928,-0.222521,False,False,EVENING,2.0,4.0,11.0,39.0,73.0,211.0,0.0,0.0,0.0,3.36,5.922,85.57,8.66,85.573,86.562,14.43,1.34,10.26,23.29,87.794,83.498,7.94,4.85,14.21,2.3,47.361,0.81,82.683,34.625,False,,0.0,68.397,0.0,0.0,-0.24,0.061,0.6,-4.0,-0.16,0.202,23.0,0.0,84.86,84.805,88.554,84.174,45.434,55.517,33.944,55.0,11.78,99.646,89.07,100.0,100.0,51.098,100.0,100.0,6.138,8.791,95.313,90.269,7.08,NORMAL
272,2026-06-03 20:00:00+00:00,20,2,-0.866025,0.5,0.974928,-0.222521,False,False,EVENING,2.0,4.0,8.0,39.0,72.0,211.0,0.0,0.0,0.0,3.36,7.111,84.73,8.56,84.728,85.635,15.27,1.44,9.02,20.57,98.856,93.622,7.94,4.82,14.24,2.3,47.271,0.66,81.092,34.254,False,,0.0,70.417,0.0,0.0,-0.6,0.061,0.6,-7.0,-0.63,0.165,33.0,0.0,90.257,86.319,94.56,92.226,48.302,100.0,36.103,46.0,16.36,100.0,89.781,100.0,100.0,54.703,100.0,100.0,6.363,8.64,94.982,89.733,6.6,MODERATE
273,2026-06-03 20:15:00+00:00,20,2,-0.866025,0.5,0.974928,-0.222521,False,False,EVENING,3.0,5.0,9.0,39.0,72.0,212.0,0.0,0.0,0.0,5.04,4.436,84.84,8.61,84.836,86.065,15.16,1.39,10.21,23.19,87.435,83.145,7.81,4.81,14.38,2.27,46.724,0.66,100.0,34.426,False,,0.0,69.552,0.0,0.0,0.0,0.061,0.6,-5.0,-0.47,0.165,37.0,0.0,90.619,86.12,96.956,94.427,48.475,100.0,36.247,42.0,13.17,100.0,90.596,100.0,100.0,57.533,100.0,100.0,6.567,8.402,94.541,89.318,6.12,NORMAL
274,2026-06-03 20:30:00+00:00,20,2,-0.866025,0.5,0.974928,-0.222521,False,False,EVENING,5.0,8.0,12.0,40.0,74.0,217.0,0.0,0.0,0.0,8.4,4.44,85.7,8.73,85.702,87.296,14.3,1.27,9.85,22.39,91.57,86.978,7.42,4.8,14.77,2.2,45.288,0.98,100.0,34.919,False,,0.0,70.815,0.0,0.0,0.0,0.061,0.6,-2.0,0.01,0.245,36.0,6.59,96.041,87.873,99.196,96.636,47.939,100.0,77.962,43.0,15.22,100.0,91.156,100.0,100.0,58.139,100.0,100.0,2.385,7.945,92.508,88.131,5.8,MODERATE
275,2026-06-03 20:45:00+00:00,20,2,-0.866025,0.5,0.974928,-0.222521,False,False,EVENING,1.0,6.0,11.0,37.0,74.0,214.0,0.0,0.0,0.0,1.68,6.243,84.81,8.49,84.805,84.86,15.19,1.51,10.08,22.9,88.554,84.174,7.49,4.78,14.73,2.21,45.434,0.66,55.517,33.944,False,,0.0,65.442,0.0,0.0,0.0,0.061,0.6,0.0,-0.15,0.165,30.0,11.78,99.646,89.07,100.0,100.0,51.098,100.0,100.0,40.0,13.43,100.0,91.827,100.0,100.0,62.125,100.0,100.0,0.0,6.662,89.544,86.762,5.32,NORMAL
276,2026-06-03 21:00:00+00:00,21,2,-0.707107,0.707107,0.974928,-0.222521,False,False,EVENING,6.0,7.0,15.0,38.0,77.0,218.0,0.0,0.0,0.0,12.72,4.506,86.32,9.03,86.319,90.257,13.68,0.97,10.26,23.29,94.56,92.226,8.23,4.81,13.96,2.35,48.302,1.14,100.0,36.103,True,MASS_CASUALTY_INTAKE,0.0,72.803,0.0,0.0,0.0,0.061,0.6,7.0,0.48,0.285,22.0,16.36,100.0,89.781,100.0,100.0,54.703,100.0,100.0,42.0,20.84,100.0,92.101,100.0,100.0,62.76,100.0,100.0,0.0,5.002,87.259,85.74,4.84,MODERATE
277,2026-06-03 21:15:00+00:00,21,2,-0.707107,0.707107,0.974928,-0.222521,False,False,EVENING,3.0,9.0,15.0,38.0,79.0,219.0,0.0,0.0,0.0,6.36,7.012,86.12,9.06,86.12,90.619,13.88,0.94,9.97,22.65,96.956,94.427,8.24,4.85,13.91,2.36,48.475,1.14,100.0,36.247,True,MASS_CASUALTY_INTAKE,0.0,73.399,0.0,0.0,0.0,0.061,0.6,6.0,0.48,0.285,24.0,13.17,100.0,90.596,100.0,100.0,57.533,100.0,100.0,30.0,20.34,100.0,92.154,100.0,100.0,64.527,100.0,100.0,5.04,3.498,88.162,86.035,4.84,MODERATE
278,2026-06-03 21:30:00+00:00,21,2,-0.707107,0.707107,0.974928,-0.222521,False,False,EVENING,13.0,16.0,23.0,49.0,87.0,230.0,6.59,0.0,0.0,13.587,4.407,87.87,9.6,87.873,96.041,12.13,0.4,10.26,23.29,99.196,96.636,7.77,5.17,14.06,2.33,47.939,2.74,100.0,77.962,True,MASS_CASUALTY_INTAKE,9.8,79.572,6.59,6.59,6.59,0.473,6.59,11.0,1.76,2.332,26.0,15.22,100.0,91.156,100.0,100.0,58.139,100.0,100.0,27.0,21.85,100.0,92.236,100.0,100.0,67.627,100.0,100.0,1.68,3.729,86.323,85.707,4.52,MODERATE
279,2026-06-03 21:45:00+00:00,21,2,-0.707107,0.707107,0.974928,-0.222521,False,False,EVENING,11.0,24.0,33.0,55.0,95.0,238.0,11.78,0.8,0.068,12.328,6.099,89.07,9.96,89.07,99.646,10.93,0.04,7.75,17.77,100.0,100.0,8.12,5.67,13.2,2.48,51.098,4.02,100.0,100.0,True,MASS_CASUALTY_INTAKE,19.2,84.663,5.1899999999999995,11.78,11.78,1.209,11.78,22.0,3.36,3.95,25.0,13.43,100.0,91.827,100.0,100.0,62.125,100.0,100.0,22.0,19.38,100.0,92.275,100.0,100.0,66.651,100.0,100.0,3.36,5.862,85.13,85.201,4.36,MODERATE
280,2026-06-03 22:00:00+00:00,22,2,-0.5,0.866025,0.974928,-0.222521,False,False,NIGHT,10.0,21.0,37.0,60.0,100.0,246.0,16.36,1.43,0.0874,11.472,7.478,89.78,10.0,89.781,100.0,10.22,0.0,6.27,17.99,100.0,100.0,8.51,6.26,12.23,2.66,54.703,5.14,100.0,100.0,True,MASS_CASUALTY_INTAKE,28.7,88.145,4.58,9.77,16.36,2.223,16.36,22.0,4.0,5.375,24.0,20.84,100.0,92.101,100.0,100.0,62.76,100.0,100.0,21.0,20.93,100.0,92.19,100.0,100.0,68.57,100.0,100.0,3.36,2.786,83.612,85.496,4.2,HIGH
281,2026-06-03 22:15:00+00:00,22,2,-0.5,0.866025,0.974928,-0.222521,False,False,NIGHT,2.0,12.0,36.0,60.0,99.0,246.0,13.17,1.99,0.151,11.014,6.889,90.6,10.0,90.596,100.0,9.4,0.0,6.27,17.99,100.0,100.0,8.92,6.62,11.47,2.8,57.533,4.98,100.0,100.0,True,MASS_CASUALTY_INTAKE,24.1,86.538,-3.1899999999999995,1.3900000000000006,13.17,3.046,16.36,21.0,3.84,4.538,18.0,20.34,100.0,92.154,100.0,100.0,64.527,100.0,100.0,15.0,19.45,100.0,92.057,100.0,100.0,68.737,100.0,100.0,1.68,5.364,83.171,84.619,3.88,HIGH
282,2026-06-03 22:30:00+00:00,22,2,-0.5,0.866025,0.974928,-0.222521,False,False,NIGHT,7.0,9.0,30.0,65.0,105.0,251.0,15.22,1.6,0.1052,10.501,7.489,91.16,10.0,91.156,100.0,8.84,0.0,4.67,14.48,100.0,100.0,8.72,6.97,11.3,2.83,58.139,5.62,100.0,100.0,True,MASS_CASUALTY_INTAKE,29.2,88.028,2.0500000000000007,-1.1399999999999988,8.63,3.998,16.36,7.0,2.88,5.21,17.0,21.85,100.0,92.236,100.0,100.0,67.627,100.0,100.0,12.0,18.93,100.0,92.023,100.0,100.0,68.24,100.0,100.0,1.68,3.471,83.014,84.187,3.56,HIGH
283,2026-06-03 22:45:00+00:00,22,2,-0.5,0.866025,0.974928,-0.222521,False,False,NIGHT,3.0,10.0,22.0,66.0,105.0,254.0,13.43,1.85,0.1377,10.148,6.863,91.83,10.0,91.827,100.0,8.17,0.0,4.86,14.89,100.0,100.0,9.57,7.2,10.23,3.02,62.125,5.62,100.0,100.0,True,MASS_CASUALTY_INTAKE,26.7,87.388,-1.790000000000001,0.2599999999999998,1.6500000000000004,4.822,16.36,-11.0,1.6,4.762,15.0,19.38,100.0,92.275,100.0,100.0,66.651,100.0,100.0,9.0,19.4,100.0,91.973,100.0,100.0,68.282,100.0,100.0,0.0,4.314,81.589,83.251,3.09,HIGH
284,2026-06-03 23:00:00+00:00,23,2,-0.258819,0.965926,0.974928,-0.222521,False,False,NIGHT,12.0,15.0,24.0,76.0,115.0,264.0,20.84,1.63,0.0783,9.725,8.327,92.1,10.0,92.101,100.0,7.9,0.0,6.27,17.99,100.0,100.0,9.3,7.64,10.05,3.05,62.76,7.07,100.0,100.0,True,MASS_CASUALTY_INTAKE,43.2,92.248,7.41,5.619999999999999,4.48,6.087,20.84,-13.0,1.93,6.978,18.0,20.93,100.0,92.19,100.0,100.0,68.57,100.0,100.0,4.0,16.03,98.606,91.03,100.0,100.0,68.064,100.0,100.0,6.72,3.296,83.387,83.927,3.25,HIGH
285,2026-06-03 23:15:00+00:00,23,2,-0.258819,0.965926,0.974928,-0.222521,False,False,NIGHT,4.0,16.0,26.0,77.0,116.0,266.0,20.34,2.53,0.1245,9.553,8.783,92.15,10.0,92.154,100.0,7.85,0.0,5.84,17.05,100.0,100.0,9.43,8.0,9.58,3.14,64.527,7.23,100.0,100.0,True,MASS_CASUALTY_INTAKE,42.9,92.099,-0.5,6.91,7.17,7.358,20.84,-10.0,2.25,6.892,12.0,19.45,100.0,92.057,100.0,100.0,68.737,100.0,100.0,4.0,13.44,97.128,90.697,100.0,100.0,66.779,100.0,100.0,3.36,4.428,83.398,83.659,3.09,HIGH
286,2026-06-03 23:30:00+00:00,23,2,-0.258819,0.965926,0.974928,-0.222521,False,False,NIGHT,6.0,10.0,25.0,78.0,118.0,269.0,21.85,2.47,0.1131,9.519,9.129,92.24,10.0,92.236,100.0,7.76,0.0,6.27,17.99,100.0,100.0,9.93,8.33,8.74,3.29,67.627,7.71,100.0,100.0,True,MASS_CASUALTY_INTAKE,46.2,93.362,1.5100000000000016,1.0100000000000016,6.630000000000001,8.724,21.85,-5.0,2.09,7.39,10.0,18.93,100.0,92.023,100.0,100.0,68.24,100.0,100.0,6.0,10.77,96.288,90.834,100.0,100.0,64.981,100.0,100.0,0.0,4.077,82.06,82.774,2.61,HIGH
287,2026-06-03 23:45:00+00:00,23,2,-0.258819,0.965926,0.974928,-0.222521,False,False,NIGHT,2.0,8.0,24.0,79.0,116.0,270.0,19.38,2.65,0.137,9.467,8.912,92.27,10.0,92.275,100.0,7.73,0.0,6.27,17.99,100.0,100.0,9.48,8.52,9.0,3.24,66.651,7.55,100.0,100.0,True,MASS_CASUALTY_INTAKE,41.2,91.702,-2.4700000000000024,-0.9600000000000009,5.949999999999999,9.935,21.85,2.0,1.93,6.732,7.0,19.4,100.0,91.973,100.0,100.0,68.282,100.0,100.0,6.0,8.12,95.313,90.269,100.0,100.0,64.42,100.0,86.822,1.68,4.066,82.168,82.167,2.29,HIGH
288,2026-06-04 00:00:00+00:00,0,3,0.0,1.0,0.433884,-0.900969,False,False,NIGHT,6.0,8.0,18.0,79.0,117.0,273.0,20.93,2.35,0.1125,9.443,9.139,92.19,10.0,92.19,100.0,7.81,0.0,5.97,17.34,100.0,100.0,9.8,8.71,8.49,3.33,68.57,8.03,100.0,100.0,True,MASS_CASUALTY_INTAKE,44.6,92.848,1.5500000000000007,-0.9200000000000017,0.08999999999999986,11.243,21.85,-6.0,0.96,7.24,3.0,16.03,98.606,91.03,100.0,100.0,68.064,100.0,100.0,7.0,4.33,94.982,89.733,100.0,100.0,61.93,89.292,63.963,1.68,2.407,80.949,82.107,1.97,HIGH
289,2026-06-04 00:15:00+00:00,0,3,0.0,1.0,0.433884,-0.900969,False,False,NIGHT,3.0,9.0,17.0,79.0,117.0,275.0,19.45,2.54,0.1307,9.497,9.312,92.06,10.0,92.057,100.0,7.94,0.0,5.81,16.97,100.0,100.0,9.74,8.82,8.44,3.34,68.737,8.03,100.0,100.0,True,MASS_CASUALTY_INTAKE,41.2,91.887,-1.4800000000000004,0.07000000000000028,-0.8900000000000006,12.459,21.85,-9.0,0.8,6.87,3.0,13.44,97.128,90.697,100.0,100.0,66.779,100.0,100.0,9.0,0.42,94.541,89.318,100.0,100.0,59.094,84.5,40.332,5.04,1.984,82.183,82.747,1.97,HIGH
290,2026-06-04 00:30:00+00:00,0,3,0.0,1.0,0.433884,-0.900969,False,False,NIGHT,4.0,7.0,15.0,70.0,119.0,278.0,18.93,2.36,0.1248,9.58,9.436,92.02,10.0,92.023,100.0,7.98,0.0,6.27,17.99,100.0,100.0,9.54,8.88,8.58,3.32,68.24,8.19,100.0,100.0,True,MASS_CASUALTY_INTAKE,39.8,91.502,-0.5199999999999996,-2.0,-2.9200000000000017,13.642,21.85,-10.0,0.48,6.78,2.0,10.77,96.288,90.834,100.0,100.0,64.981,100.0,100.0,10.0,0.0,92.508,88.131,100.0,100.0,57.227,100.0,37.003,3.36,2.87,82.099,82.878,1.81,HIGH
291,2026-06-04 00:45:00+00:00,0,3,0.0,1.0,0.433884,-0.900969,False,False,NIGHT,5.0,9.0,18.0,64.0,119.0,282.0,19.4,2.3,0.1186,9.602,9.347,91.97,10.0,91.973,100.0,8.03,0.0,6.27,17.99,100.0,100.0,9.48,8.95,8.56,3.32,68.282,8.51,100.0,100.0,True,MASS_CASUALTY_INTAKE,40.7,91.795,0.46999999999999886,-0.05000000000000071,0.019999999999999574,14.854,21.85,-6.0,0.96,6.977,2.0,8.12,95.313,90.269,100.0,100.0,64.42,100.0,86.822,10.0,0.0,89.544,86.762,100.0,100.0,53.378,76.517,35.818,6.72,4.035,83.339,83.425,1.97,HIGH
292,2026-06-04 01:00:00+00:00,1,3,0.258819,0.965926,0.433884,-0.900969,False,False,NIGHT,0.0,5.0,12.0,54.0,114.0,280.0,16.03,1.75,0.1089,5.655,9.983,91.03,9.86,91.03,98.606,8.97,0.14,6.27,17.99,100.0,100.0,9.55,8.82,8.62,3.31,68.064,8.03,100.0,100.0,False,,45.2,89.133,-3.3699999999999974,-2.8999999999999986,-4.899999999999999,15.856,21.85,-6.0,0.0,6.015,1.0,4.33,94.982,89.733,100.0,100.0,61.93,89.292,63.963,10.0,0.0,87.259,85.74,100.0,100.0,53.085,71.725,34.904,5.04,3.534,84.17,83.719,1.97,HIGH
293,2026-06-04 01:15:00+00:00,1,3,0.258819,0.965926,0.433884,-0.900969,False,False,NIGHT,1.0,1.0,10.0,53.0,113.0,278.0,13.44,1.44,0.1073,6.027,7.951,90.7,9.71,90.697,97.128,9.3,0.29,5.97,17.33,100.0,100.0,9.42,8.61,8.97,3.25,66.779,7.71,100.0,100.0,False,,35.6,86.991,-2.5900000000000016,-5.959999999999999,-6.01,16.696,21.85,-7.0,-0.32,5.288,1.0,0.42,94.541,89.318,100.0,100.0,59.094,84.5,40.332,14.0,0.0,88.162,86.035,100.0,100.0,50.54,100.0,35.265,0.0,2.842,82.567,83.169,1.49,HIGH
294,2026-06-04 01:30:00+00:00,1,3,0.258819,0.965926,0.433884,-0.900969,False,False,NIGHT,1.0,2.0,7.0,47.0,112.0,276.0,10.77,1.21,0.1124,6.175,5.962,90.83,9.63,90.834,96.288,9.17,0.37,6.27,17.99,100.0,100.0,9.21,8.34,9.46,3.16,64.981,7.39,100.0,100.0,False,,27.8,84.982,-2.67,-5.260000000000002,-8.16,16.958,21.85,-8.0,-0.8,4.54,4.0,0.0,92.508,88.131,100.0,100.0,57.227,100.0,37.003,13.0,0.0,86.323,85.707,100.0,100.0,50.493,94.142,34.529,0.0,3.701,80.512,82.449,1.01,MODERATE
295,2026-06-04 01:45:00+00:00,1,3,0.258819,0.965926,0.433884,-0.900969,False,False,NIGHT,1.0,2.0,3.0,45.0,111.0,275.0,8.12,0.97,0.1194,6.138,8.791,90.27,9.53,90.269,95.313,9.73,0.47,5.87,17.12,100.0,100.0,9.38,8.01,9.61,3.13,64.42,7.08,100.0,86.822,False,,21.1,82.916,-2.6500000000000004,-5.32,-11.28,16.729,21.85,-15.0,-1.43,3.8,4.0,0.0,89.544,86.762,100.0,100.0,53.378,76.517,35.818,12.0,0.0,85.13,85.201,100.0,100.0,48.325,100.0,34.052,3.36,2.913,80.979,82.514,0.86,MODERATE
296,2026-06-04 02:00:00+00:00,2,3,0.5,0.866025,0.433884,-0.900969,False,False,NIGHT,0.0,1.0,3.0,33.0,109.0,273.0,4.33,0.73,0.1688,6.363,8.64,89.73,9.5,89.733,94.982,10.27,0.5,6.27,17.99,100.0,100.0,9.11,7.61,10.28,3.01,61.93,6.6,89.292,63.963,False,,10.9,79.119,-3.789999999999999,-6.4399999999999995,-11.700000000000001,15.977,21.85,-9.0,-1.43,2.732,6.0,0.0,87.259,85.74,100.0,100.0,53.085,71.725,34.904,11.0,0.0,83.612,85.496,100.0,100.0,48.698,100.0,33.445,9.471,3.636,82.789,83.791,1.66,MODERATE
297,2026-06-04 02:15:00+00:00,2,3,0.5,0.866025,0.433884,-0.900969,False,False,NIGHT,0.0,0.0,2.0,29.0,106.0,272.0,0.42,0.39,0.3896,6.567,8.402,89.32,9.45,89.318,94.541,10.68,0.55,5.64,16.61,100.0,100.0,8.81,7.14,11.04,2.87,59.094,6.12,84.5,40.332,False,,1.0,75.75,-3.91,-7.699999999999999,-13.02,15.18,21.85,-8.0,-1.59,1.635,8.0,0.0,88.162,86.035,100.0,100.0,50.54,100.0,35.265,10.0,0.0,83.171,84.619,100.0,100.0,47.542,87.767,33.269,7.329,5.609,84.25,84.075,1.5,MODERATE
298,2026-06-04 02:30:00+00:00,2,3,0.5,0.866025,0.433884,-0.900969,False,False,NIGHT,1.0,1.0,2.0,24.0,102.0,271.0,0.0,0.04,0.0377,2.385,7.945,88.13,9.25,88.131,92.508,11.87,0.75,5.46,16.22,100.0,100.0,8.72,6.73,11.55,2.78,57.227,5.8,100.0,37.003,False,,0.0,76.041,-0.42,-4.33,-10.77,14.229,21.85,-5.0,-1.59,1.45,6.0,0.0,86.323,85.707,100.0,100.0,50.493,94.142,34.529,12.0,0.0,83.014,84.187,100.0,100.0,48.48,84.575,33.206,0.0,4.641,82.857,83.054,1.02,MODERATE
299,2026-06-04 02:45:00+00:00,2,3,0.5,0.866025,0.433884,-0.900969,False,False,NIGHT,0.0,1.0,1.0,22.0,101.0,271.0,0.0,0.0,0.0,0.0,6.662,86.76,8.95,86.762,89.544,13.24,1.05,6.27,17.99,100.0,100.0,8.04,6.37,12.59,2.59,53.378,5.32,76.517,35.818,False,,0.0,72.687,0.0,-0.42,-8.12,13.389,21.85,-2.0,-1.76,1.33,6.0,0.0,85.13,85.201,100.0,100.0,48.325,100.0,34.052,13.0,0.0,81.589,83.251,100.0,100.0,47.292,54.183,32.636,9.239,3.458,85.247,84.261,1.5,MODERATE
300,2026-06-04 03:00:00+00:00,3,3,0.707107,0.707107,0.433884,-0.900969,False,False,NIGHT,0.0,0.0,1.0,16.0,95.0,270.0,0.0,0.0,0.0,0.0,5.002,85.74,8.73,85.74,87.259,14.26,1.27,6.27,17.99,100.0,100.0,8.28,6.06,12.67,2.58,53.085,4.84,71.725,34.904,False,,0.0,71.547,0.0,0.0,-4.33,12.087,21.85,-2.0,-1.76,1.21,4.0,0.0,83.612,85.496,100.0,100.0,48.698,100.0,33.445,17.0,0.0,83.387,83.927,100.0,100.0,47.757,100.0,33.355,4.201,4.158,84.001,84.396,1.34,MODERATE
301,2026-06-04 03:15:00+00:00,3,3,0.707107,0.707107,0.433884,-0.900969,False,False,NIGHT,3.0,3.0,4.0,16.0,95.0,272.0,0.0,0.0,0.0,5.04,3.498,86.04,8.82,86.035,88.162,13.96,1.18,4.93,15.04,100.0,100.0,7.83,5.81,13.35,2.46,50.54,4.84,100.0,35.265,False,,0.0,74.109,0.0,0.0,-0.42,10.816,21.85,2.0,-1.28,1.21,6.0,0.0,83.171,84.619,100.0,100.0,47.542,87.767,33.269,16.0,0.0,83.398,83.659,100.0,100.0,46.05,100.0,33.359,8.724,5.361,86.12,85.025,1.82,MODERATE
302,2026-06-04 03:30:00+00:00,3,3,0.707107,0.707107,0.433884,-0.900969,False,False,NIGHT,1.0,4.0,4.0,13.0,83.0,270.0,0.0,0.0,0.0,1.68,3.729,85.71,8.63,85.707,86.323,14.29,1.37,5.22,15.68,100.0,100.0,8.03,5.6,13.37,2.45,50.493,4.52,94.142,34.529,False,,0.0,73.137,0.0,0.0,0.0,9.45,20.93,2.0,-1.28,1.13,7.0,0.0,83.014,84.187,100.0,100.0,48.48,84.575,33.206,14.0,0.0,82.06,82.774,100.0,100.0,46.093,49.408,32.824,1.356,5.126,84.481,84.246,1.34,MODERATE
303,2026-06-04 03:45:00+00:00,3,3,0.707107,0.707107,0.433884,-0.900969,False,False,NIGHT,2.0,3.0,6.0,10.0,74.0,271.0,0.0,0.0,0.0,3.36,5.862,85.2,8.51,85.201,85.13,14.8,1.49,6.27,17.99,100.0,100.0,7.63,5.42,13.95,2.35,48.325,4.36,100.0,34.052,False,,0.0,73.119,0.0,0.0,0.0,8.239,20.93,5.0,-0.96,1.09,6.0,0.0,81.589,83.251,100.0,100.0,47.292,54.183,32.636,14.0,0.0,82.168,82.167,100.0,100.0,44.282,71.817,32.867,5.04,4.521,84.42,84.382,1.34,MODERATE
304,2026-06-04 04:00:00+00:00,4,3,0.866025,0.5,0.433884,-0.900969,False,False,NIGHT,2.0,4.0,8.0,12.0,66.0,273.0,0.0,0.0,0.0,3.36,2.786,85.5,8.36,85.496,83.612,14.5,1.64,5.34,15.94,100.0,100.0,7.9,5.25,13.85,2.37,48.698,4.2,100.0,33.445,False,,0.0,72.914,0.0,0.0,0.0,6.931,19.45,7.0,-0.64,1.05,7.0,0.0,83.387,83.927,100.0,100.0,47.757,100.0,33.355,15.0,0.0,80.949,82.107,72.204,68.07,43.321,68.625,32.38,1.68,4.916,83.675,83.648,1.02,MODERATE
305,2026-06-04 04:15:00+00:00,4,3,0.866025,0.5,0.433884,-0.900969,False,False,NIGHT,1.0,3.0,6.0,12.0,65.0,273.0,0.0,0.0,0.0,1.68,5.364,84.62,8.32,84.619,83.171,15.38,1.68,6.27,17.99,100.0,100.0,7.72,5.12,14.16,2.31,47.542,3.88,87.767,33.269,False,,0.0,71.428,0.0,0.0,0.0,5.715,19.4,2.0,-0.96,0.97,4.0,0.0,83.398,83.659,100.0,100.0,46.05,100.0,33.359,22.0,0.0,82.183,82.747,73.015,68.825,43.512,100.0,32.873,9.006,3.015,86.277,84.885,1.5,MODERATE
306,2026-06-04 04:30:00+00:00,4,3,0.866025,0.5,0.433884,-0.900969,False,False,NIGHT,1.0,2.0,6.0,12.0,59.0,273.0,0.0,0.0,0.0,1.68,3.471,84.19,8.3,84.187,83.014,15.81,1.7,6.27,17.99,100.0,100.0,8.08,5.01,13.91,2.36,48.48,3.56,84.575,33.206,False,,0.0,71.099,0.0,0.0,0.0,4.532,19.4,2.0,-0.96,0.89,5.0,0.0,82.06,82.774,100.0,100.0,46.093,49.408,32.824,21.0,0.0,82.099,82.878,76.598,72.067,44.059,92.642,32.84,8.505,5.113,88.022,85.559,1.82,MODERATE
307,2026-06-04 04:45:00+00:00,4,3,0.866025,0.5,0.433884,-0.900969,False,False,NIGHT,0.0,1.0,4.0,11.0,56.0,272.0,0.0,0.0,0.0,0.0,4.314,83.25,8.16,83.251,81.589,16.75,1.84,6.27,17.99,100.0,100.0,7.87,4.9,14.23,2.3,47.292,3.09,54.183,32.636,False,,0.0,67.766,0.0,0.0,0.0,3.319,16.03,-2.0,-1.27,0.772,7.0,0.0,82.168,82.167,100.0,100.0,44.282,71.817,32.867,19.0,0.0,83.339,83.425,74.01,69.748,47.244,100.0,33.336,6.009,5.766,88.536,85.568,1.83,NORMAL
308,2026-06-04 05:00:00+00:00,5,3,0.965926,0.258819,0.433884,-0.900969,False,False,NIGHT,4.0,4.0,6.0,15.0,48.0,276.0,0.0,0.0,0.0,6.72,3.296,83.93,8.34,83.927,83.387,16.07,1.66,6.27,17.99,100.0,100.0,8.05,4.84,14.11,2.32,47.757,3.25,100.0,33.355,False,,0.0,72.439,0.0,0.0,0.0,2.318,13.44,-2.0,-0.95,0.812,10.0,0.0,80.949,82.107,72.204,68.07,43.321,68.625,32.38,21.0,0.0,84.17,83.719,74.641,70.328,45.877,100.0,33.668,8.215,7.056,89.394,85.772,2.47,MODERATE
309,2026-06-04 05:15:00+00:00,5,3,0.965926,0.258819,0.433884,-0.900969,False,False,NIGHT,2.0,6.0,7.0,17.0,46.0,278.0,0.0,0.0,0.0,3.36,4.428,83.66,8.34,83.659,83.398,16.34,1.66,4.94,15.06,100.0,100.0,7.64,4.79,14.57,2.24,46.05,3.09,100.0,33.359,False,,0.0,72.229,0.0,0.0,0.0,1.478,10.77,1.0,-0.79,0.772,12.0,0.0,82.183,82.747,73.015,68.825,43.512,100.0,32.873,20.0,0.0,82.567,83.169,75.034,70.665,45.395,38.267,33.027,8.125,5.229,90.489,86.386,2.47,MODERATE
310,2026-06-04 05:30:00+00:00,5,3,0.965926,0.258819,0.433884,-0.900969,False,False,NIGHT,0.0,2.0,6.0,16.0,40.0,277.0,0.0,0.0,0.0,0.0,4.077,82.77,8.21,82.774,82.06,17.23,1.79,4.47,14.03,100.0,100.0,7.71,4.73,14.56,2.24,46.093,2.61,49.408,32.824,False,,0.0,67.217,0.0,0.0,0.0,0.804,8.12,0.0,-0.95,0.652,9.0,0.0,82.099,82.878,76.598,72.067,44.059,92.642,32.84,26.0,0.0,80.512,82.449,78.449,73.719,44.697,33.475,32.205,2.14,5.835,88.622,85.649,2.15,NORMAL
311,2026-06-04 05:45:00+00:00,5,3,0.965926,0.258819,0.433884,-0.900969,False,False,NIGHT,1.0,1.0,7.0,17.0,39.0,277.0,0.0,0.0,0.0,1.68,4.066,82.17,8.22,82.167,82.168,17.83,1.78,6.27,17.99,100.0,100.0,7.26,4.69,15.04,2.15,44.282,2.29,71.817,32.867,False,,0.0,68.959,0.0,0.0,0.0,0.297,4.33,3.0,-0.8,0.572,7.0,0.0,83.339,83.425,74.01,69.748,47.244,100.0,33.336,26.0,0.0,80.979,82.514,72.562,68.407,45.381,83.083,32.392,8.183,4.8,89.908,86.367,2.47,NORMAL
312,2026-06-04 06:00:00+00:00,6,3,1.0,0.0,0.433884,-0.900969,False,False,MORNING,1.0,2.0,4.0,18.0,34.0,278.0,0.0,0.0,0.0,1.68,2.407,82.11,8.09,82.107,80.949,17.89,1.91,11.97,27.41,72.204,68.07,7.05,4.64,15.3,2.11,43.321,1.97,68.625,32.38,False,,0.0,61.161,0.0,0.0,0.0,0.026,0.42,-2.0,-1.28,0.492,5.0,0.0,84.17,83.719,74.641,70.328,45.877,100.0,33.668,27.0,2.36,82.789,83.791,80.145,75.336,46.253,100.0,47.292,1.897,5.182,87.857,85.75,2.15,NORMAL
313,2026-06-04 06:15:00+00:00,6,3,1.0,0.0,0.433884,-0.900969,False,False,MORNING,3.0,4.0,5.0,18.0,34.0,280.0,0.0,0.0,0.0,5.04,1.984,82.75,8.22,82.747,82.183,17.25,1.78,11.93,27.32,73.015,68.825,7.13,4.62,15.25,2.11,43.512,1.97,100.0,32.873,False,,0.0,64.578,0.0,0.0,0.0,0.0,0.0,-2.0,-1.12,0.492,10.0,0.0,82.567,83.169,75.034,70.665,45.395,38.267,33.027,20.0,0.0,84.25,84.075,77.26,72.708,46.184,89.5,33.7,5.04,6.497,88.076,85.364,2.15,NORMAL
314,2026-06-04 06:30:00+00:00,6,3,1.0,0.0,0.433884,-0.900969,False,False,MORNING,2.0,5.0,7.0,19.0,32.0,279.0,0.0,0.0,0.0,3.36,2.87,82.88,8.21,82.878,82.099,17.12,1.79,11.39,26.14,76.598,72.067,7.3,4.6,15.1,2.14,44.059,1.81,92.642,32.84,False,,0.0,64.796,0.0,0.0,0.0,0.0,0.0,1.0,-0.8,0.452,12.0,0.0,80.512,82.449,78.449,73.719,44.697,33.475,32.205,24.0,0.0,82.857,83.054,73.037,68.855,45.311,33.508,33.143,8.298,4.26,89.449,86.236,2.47,NORMAL
315,2026-06-04 06:45:00+00:00,6,3,1.0,0.0,0.433884,-0.900969,False,False,MORNING,4.0,6.0,10.0,21.0,31.0,282.0,0.0,0.0,0.0,6.72,4.035,83.43,8.33,83.425,83.339,16.57,1.67,11.87,27.18,74.01,69.748,8.16,4.6,14.24,2.3,47.244,1.97,100.0,33.336,False,,0.0,65.524,0.0,0.0,0.0,0.0,0.0,3.0,-0.32,0.492,12.0,0.0,80.979,82.514,72.562,68.407,45.381,83.083,32.392,29.0,0.5,85.247,84.261,77.339,72.793,45.657,100.0,37.102,1.782,6.011,86.738,85.451,2.15,NORMAL
316,2026-06-04 07:00:00+00:00,7,3,0.965926,-0.258819,0.433884,-0.900969,False,False,MORNING,3.0,7.0,12.0,22.0,34.0,283.0,0.0,0.0,0.0,5.04,3.534,83.72,8.42,83.719,84.17,16.28,1.58,11.81,27.05,74.641,70.328,7.78,4.6,14.61,2.23,45.877,1.97,100.0,33.668,False,,0.0,65.777,0.0,0.0,0.0,0.0,0.0,8.0,0.0,0.492,16.0,2.36,82.789,83.791,80.145,75.336,46.253,100.0,47.292,26.0,0.0,84.001,84.396,74.217,69.968,47.043,87.925,33.6,8.288,4.209,88.327,86.311,2.47,NORMAL
317,2026-06-04 07:15:00+00:00,7,3,0.965926,-0.258819,0.433884,-0.900969,False,False,MORNING,0.0,3.0,9.0,21.0,33.0,282.0,0.0,0.0,0.0,0.0,2.842,83.17,8.26,83.169,82.567,16.83,1.74,11.67,26.75,75.034,70.665,7.67,4.59,14.74,2.21,45.395,1.49,38.267,33.027,False,,0.0,59.824,0.0,0.0,0.0,0.0,0.0,4.0,-0.48,0.372,10.0,0.0,84.25,84.075,77.26,72.708,46.184,89.5,33.7,31.0,0.81,86.12,85.025,78.155,73.561,47.436,100.0,39.291,3.472,5.868,87.999,85.745,2.31,NORMAL
318,2026-06-04 07:30:00+00:00,7,3,0.965926,-0.258819,0.433884,-0.900969,False,False,MORNING,0.0,0.0,7.0,20.0,32.0,281.0,0.0,0.0,0.0,0.0,3.701,82.45,8.05,82.449,80.512,17.55,1.95,11.06,25.42,78.449,73.719,7.51,4.56,14.93,2.17,44.697,1.01,33.475,32.205,False,,0.0,59.537,0.0,0.0,0.0,0.0,0.0,0.0,-0.8,0.252,14.0,0.0,82.857,83.054,73.037,68.855,45.311,33.508,33.143,28.0,0.0,84.481,84.246,79.289,74.543,45.711,36.742,33.792,3.36,4.126,87.575,85.596,2.15,NORMAL
319,2026-06-04 07:45:00+00:00,7,3,0.965926,-0.258819,0.433884,-0.900969,False,False,MORNING,2.0,2.0,5.0,22.0,33.0,281.0,0.0,0.0,0.0,3.36,2.913,82.51,8.1,82.514,80.979,17.49,1.9,11.97,27.41,72.562,68.407,7.72,4.54,14.75,2.21,45.381,0.86,83.083,32.392,False,,0.0,62.827,0.0,0.0,0.0,0.0,0.0,-5.0,-1.11,0.215,14.0,0.5,85.247,84.261,77.339,72.793,45.657,100.0,37.102,29.0,0.0,84.42,84.382,74.205,69.956,44.479,100.0,33.768,1.68,4.536,85.729,85.067,1.84,NORMAL
320,2026-06-04 08:00:00+00:00,8,3,0.866025,-0.5,0.433884,-0.900969,False,False,MORNING,8.0,10.0,10.0,26.0,41.0,286.0,2.36,0.0,0.0,9.471,3.636,83.79,8.28,83.791,82.789,16.21,1.72,11.14,25.6,80.145,75.336,7.86,4.63,14.51,2.25,46.253,1.66,100.0,47.292,False,,4.0,68.323,2.36,2.36,2.36,0.148,2.36,-2.0,-0.31,1.005,11.0,0.0,84.001,84.396,74.217,69.968,47.043,87.925,33.6,31.0,0.0,83.675,83.648,77.382,72.802,45.23,59.158,33.47,6.72,5.358,87.123,85.268,2.0,NORMAL
321,2026-06-04 08:15:00+00:00,8,3,0.866025,-0.5,0.433884,-0.900969,False,False,MORNING,2.0,10.0,12.0,26.0,43.0,285.0,0.0,0.21,0.2127,7.329,5.609,84.08,8.43,84.075,84.25,15.92,1.57,11.45,26.28,77.26,72.708,7.84,4.63,14.53,2.24,46.184,1.5,89.5,33.7,False,,0.0,65.554,-2.36,0.0,0.0,0.148,2.36,3.0,0.01,0.375,10.0,0.81,86.12,85.025,78.155,73.561,47.436,100.0,39.291,31.0,0.64,86.277,84.885,74.9,70.612,44.055,100.0,38.346,8.349,3.243,88.681,86.389,2.32,NORMAL
322,2026-06-04 08:30:00+00:00,8,3,0.866025,-0.5,0.433884,-0.900969,False,False,MORNING,0.0,2.0,12.0,26.0,42.0,281.0,0.0,0.0,0.0,0.0,4.641,83.05,8.29,83.054,82.857,16.95,1.71,11.97,27.41,73.037,68.855,7.62,4.61,14.77,2.2,45.311,1.02,33.508,33.143,False,,0.0,58.964,0.0,-2.36,0.0,0.148,2.36,5.0,0.01,0.255,10.0,0.0,84.481,84.246,79.289,74.543,45.711,36.742,33.792,28.0,0.58,88.022,85.559,93.416,87.249,43.112,100.0,38.669,7.909,5.548,89.544,86.893,2.8,NORMAL
323,2026-06-04 08:45:00+00:00,8,3,0.866025,-0.5,0.433884,-0.900969,False,False,MORNING,6.0,6.0,16.0,31.0,48.0,286.0,0.5,0.0,0.0,9.239,3.458,84.26,8.52,84.261,85.247,15.74,1.48,11.5,26.38,77.339,72.793,7.68,4.65,14.67,2.22,45.657,1.5,100.0,37.102,False,,0.9,67.032,0.5,0.5,0.5,0.179,2.36,11.0,0.64,0.5,15.0,0.0,84.42,84.382,74.205,69.956,44.479,100.0,33.768,28.0,0.0,88.536,85.568,85.342,80.033,42.604,100.0,35.414,2.222,6.344,88.509,85.966,2.32,NORMAL
324,2026-06-04 09:00:00+00:00,9,3,0.707107,-0.707107,0.433884,-0.900969,False,False,MORNING,2.0,8.0,10.0,32.0,50.0,287.0,0.0,0.05,0.045,4.201,4.158,84.4,8.4,84.396,84.001,15.6,1.6,11.97,27.41,74.217,69.968,8.06,4.64,14.3,2.29,47.043,1.34,87.925,33.6,False,,0.0,64.817,-0.5,0.0,-2.36,0.179,2.36,0.0,-0.32,0.335,15.0,0.0,83.675,83.648,77.382,72.802,45.23,59.158,33.47,26.0,2.11,89.394,85.772,80.813,76.007,43.218,100.0,48.42,1.68,4.608,86.2,85.465,2.0,NORMAL
325,2026-06-04 09:15:00+00:00,9,3,0.707107,-0.707107,0.433884,-0.900969,False,False,MORNING,6.0,8.0,14.0,35.0,53.0,289.0,0.81,0.0,0.0,8.724,5.361,85.02,8.61,85.025,86.12,14.98,1.39,11.5,26.38,78.155,73.561,8.12,4.69,14.19,2.31,47.436,1.82,100.0,39.291,False,,1.5,67.923,0.81,0.31000000000000005,0.81,0.229,2.36,2.0,0.32,0.658,21.0,0.64,86.277,84.885,74.9,70.612,44.055,100.0,38.346,24.0,0.27,90.489,86.386,76.076,71.72,43.053,100.0,37.84,3.36,5.823,85.101,84.959,1.84,NORMAL
326,2026-06-04 09:30:00+00:00,9,3,0.707107,-0.707107,0.433884,-0.900969,False,False,MORNING,0.0,6.0,14.0,33.0,52.0,284.0,0.0,0.07,0.0726,1.356,5.126,84.25,8.45,84.246,84.481,15.75,1.55,11.18,25.69,79.289,74.543,7.66,4.68,14.66,2.22,45.711,1.34,36.742,33.792,False,,0.0,61.311,-0.81,0.0,0.0,0.229,2.36,2.0,0.32,0.335,18.0,0.58,88.022,85.559,93.416,87.249,43.112,100.0,38.669,23.0,0.0,88.622,85.649,79.237,74.547,42.078,70.408,35.449,8.4,4.547,86.503,85.782,2.16,NORMAL
327,2026-06-04 09:45:00+00:00,9,3,0.707107,-0.707107,0.433884,-0.900969,False,False,MORNING,3.0,3.0,11.0,32.0,53.0,284.0,0.0,0.0,0.0,5.04,4.521,84.38,8.44,84.382,84.42,15.62,1.56,11.97,27.41,74.205,69.956,7.34,4.67,14.99,2.16,44.479,1.34,100.0,33.768,False,,0.0,65.75,0.0,-0.81,-0.5,0.229,2.36,-5.0,-0.16,0.335,14.0,0.0,88.536,85.568,85.342,80.033,42.604,100.0,35.414,24.0,0.13,89.908,86.367,78.534,73.94,44.031,100.0,36.738,5.04,5.006,86.231,85.817,2.16,NORMAL
328,2026-06-04 10:00:00+00:00,10,3,0.5,-0.866025,0.433884,-0.900969,False,False,MORNING,1.0,4.0,10.0,30.0,52.0,282.0,0.0,0.0,0.0,1.68,4.916,83.65,8.37,83.648,83.675,16.35,1.63,11.38,26.11,77.382,72.802,7.55,4.66,14.79,2.2,45.23,1.02,59.158,33.47,False,,0.0,62.555,0.0,0.0,0.0,0.229,2.36,0.0,-0.32,0.255,16.0,2.11,89.394,85.772,80.813,76.007,43.218,100.0,48.42,20.0,0.0,87.857,85.75,75.408,71.09,43.947,70.425,35.143,3.36,6.243,85.176,85.202,2.0,NORMAL
329,2026-06-04 10:15:00+00:00,10,3,0.5,-0.866025,0.433884,-0.900969,False,False,MORNING,6.0,7.0,10.0,36.0,57.0,286.0,0.64,0.0,0.0,9.006,3.015,84.89,8.63,84.885,86.277,15.11,1.37,11.97,27.41,74.9,70.612,7.2,4.7,15.11,2.14,44.055,1.5,100.0,38.346,False,,1.1,66.766,0.64,0.64,-0.17000000000000004,0.269,2.36,-4.0,-0.32,0.535,10.0,0.27,90.489,86.386,76.076,71.72,43.053,100.0,37.84,23.0,0.0,88.076,85.364,75.069,70.77,44.407,100.0,35.23,0.0,4.179,83.763,84.299,1.52,NORMAL
330,2026-06-04 10:30:00+00:00,10,3,0.5,-0.866025,0.433884,-0.900969,False,False,MORNING,5.0,11.0,15.0,41.0,61.0,290.0,0.58,0.06,0.0575,8.505,5.113,85.56,8.8,85.559,88.022,14.44,1.2,9.67,22.35,93.416,87.249,6.89,4.75,15.36,2.1,43.112,1.82,100.0,38.669,False,,1.1,71.358,-0.06000000000000005,0.58,0.58,0.306,2.36,1.0,0.48,0.6,10.0,0.0,88.622,85.649,79.237,74.547,42.078,70.408,35.449,25.0,0.06,89.449,86.236,79.791,75.069,45.39,100.0,36.145,6.72,3.888,84.8,84.903,1.68,MODERATE
331,2026-06-04 10:45:00+00:00,10,3,0.5,-0.866025,0.433884,-0.900969,False,False,MORNING,3.0,8.0,15.0,42.0,64.0,291.0,0.0,0.05,0.0519,6.009,5.766,85.57,8.85,85.568,88.536,14.43,1.15,10.55,24.3,85.342,80.033,6.73,4.77,15.5,2.07,42.604,1.83,100.0,35.414,False,,0.0,69.212,-0.58,-0.64,0.0,0.306,2.36,4.0,0.49,0.458,14.0,0.13,89.908,86.367,78.534,73.94,44.031,100.0,36.738,26.0,0.0,86.738,85.451,78.923,74.256,45.775,70.45,34.695,6.72,3.685,86.165,85.525,1.85,NORMAL
332,2026-06-04 11:00:00+00:00,11,3,0.258819,-0.965926,0.433884,-0.900969,False,False,MORNING,7.0,10.0,21.0,41.0,67.0,294.0,2.11,0.0,0.0,8.215,7.056,85.77,8.94,85.772,89.394,14.23,1.06,11.3,25.93,80.813,76.007,6.79,4.88,15.33,2.1,43.218,2.47,100.0,48.42,False,,4.1,69.807,2.11,1.5299999999999998,2.11,0.438,2.36,11.0,1.45,1.145,10.0,0.0,87.857,85.75,75.408,71.09,43.947,70.425,35.143,25.0,0.07,88.327,86.311,75.928,71.58,47.952,100.0,35.73,1.68,4.6,84.528,84.959,1.53,NORMAL
333,2026-06-04 11:15:00+00:00,11,3,0.258819,-0.965926,0.433884,-0.900969,False,False,MORNING,3.0,10.0,18.0,42.0,68.0,297.0,0.27,0.19,0.1899,8.125,5.229,86.39,9.05,86.386,90.489,13.61,0.95,11.97,27.41,76.076,71.72,6.72,4.91,15.38,2.09,43.053,2.47,100.0,37.84,False,,0.5,67.886,-1.8399999999999999,0.27,-0.37,0.454,2.36,8.0,0.97,0.685,14.0,0.0,88.076,85.364,75.069,70.77,44.407,100.0,35.23,21.0,0.0,87.999,85.745,75.404,71.086,47.203,97.667,35.2,1.68,4.304,83.577,84.398,1.21,NORMAL
334,2026-06-04 11:30:00+00:00,11,3,0.258819,-0.965926,0.433884,-0.900969,False,False,MORNING,1.0,4.0,14.0,43.0,69.0,298.0,0.0,0.02,0.0247,2.14,5.835,85.65,8.86,85.649,88.622,14.35,1.14,11.38,26.11,79.237,74.547,6.46,4.9,15.64,2.04,42.078,2.15,70.408,35.449,False,,0.0,65.145,-0.27,-2.11,-0.58,0.454,2.36,-1.0,0.33,0.538,13.0,0.06,89.449,86.236,79.791,75.069,45.39,100.0,36.145,21.0,0.0,87.575,85.596,75.272,70.962,48.793,96.075,35.03,8.4,4.184,86.035,85.206,1.53,NORMAL
335,2026-06-04 11:45:00+00:00,11,3,0.258819,-0.965926,0.433884,-0.900969,False,False,MORNING,5.0,6.0,16.0,42.0,73.0,300.0,0.13,0.0,0.0,8.183,4.8,86.37,8.99,86.367,89.908,13.63,1.01,11.58,26.56,78.534,73.94,6.97,4.91,15.11,2.14,44.031,2.47,100.0,36.738,False,,0.3,68.325,0.13,-0.14,0.13,0.462,2.36,1.0,0.64,0.65,10.0,0.0,86.738,85.451,78.923,74.256,45.775,70.45,34.695,24.0,0.0,85.729,85.067,74.807,70.524,48.643,67.283,34.292,6.72,4.975,86.518,85.594,1.69,NORMAL
336,2026-06-04 12:00:00+00:00,12,3,0.0,-1.0,0.433884,-0.900969,False,False,MORNING,1.0,6.0,10.0,41.0,73.0,299.0,0.0,0.01,0.0116,1.897,5.182,85.75,8.79,85.75,87.857,14.25,1.21,11.97,27.41,75.408,71.09,6.97,4.9,15.13,2.14,43.947,2.15,70.425,35.143,False,,0.0,64.31,-0.13,0.0,-2.11,0.315,2.11,-11.0,-0.32,0.538,10.0,0.07,88.327,86.311,75.928,71.58,47.952,100.0,35.73,26.0,0.0,87.123,85.268,91.749,87.128,49.024,100.0,34.849,0.0,4.517,84.63,84.654,1.21,NORMAL
337,2026-06-04 12:15:00+00:00,12,3,0.0,-1.0,0.433884,-0.900969,False,False,MORNING,3.0,4.0,10.0,38.0,73.0,297.0,0.0,0.0,0.0,5.04,6.497,85.36,8.81,85.364,88.076,14.64,1.19,11.97,27.41,75.069,70.77,7.1,4.89,15.01,2.16,44.407,2.15,100.0,35.23,False,,0.0,66.893,0.0,-0.13,-0.27,0.315,2.11,-8.0,-0.32,0.538,9.0,0.0,87.999,85.745,75.404,71.086,47.203,97.667,35.2,24.0,0.03,88.681,86.389,88.645,84.307,48.779,100.0,35.654,5.04,5.414,84.782,84.545,1.21,NORMAL
338,2026-06-04 12:30:00+00:00,12,3,0.0,-1.0,0.433884,-0.900969,False,False,MORNING,5.0,8.0,14.0,43.0,76.0,302.0,0.06,0.0,0.0,8.298,4.26,86.24,8.94,86.236,89.449,13.76,1.06,11.38,26.12,79.791,75.069,7.36,4.9,14.74,2.21,45.39,2.47,100.0,36.145,False,,0.1,68.568,0.06,0.06,0.06,0.319,2.11,0.0,0.32,0.633,12.0,0.0,87.575,85.596,75.272,70.962,48.793,96.075,35.03,19.0,1.32,89.544,86.893,89.759,85.367,49.266,100.0,43.752,8.4,4.133,86.425,85.448,1.53,NORMAL
339,2026-06-04 12:45:00+00:00,12,3,0.0,-1.0,0.433884,-0.900969,False,False,MORNING,1.0,6.0,10.0,41.0,73.0,298.0,0.0,0.01,0.0055,1.782,6.011,85.45,8.67,85.451,86.738,14.55,1.33,11.4,26.15,78.923,74.256,7.49,4.87,14.64,2.22,45.775,2.15,70.45,34.695,False,,0.0,64.989,-0.06,0.0,-0.13,0.288,2.11,-6.0,-0.32,0.538,16.0,0.0,85.729,85.067,74.807,70.524,48.643,67.283,34.292,17.0,0.0,88.509,85.966,98.138,93.012,48.135,46.517,35.404,3.36,5.351,85.687,85.024,1.37,NORMAL
340,2026-06-04 13:00:00+00:00,13,3,-0.258819,-0.965926,0.433884,-0.900969,False,False,MORNING,5.0,6.0,14.0,45.0,75.0,300.0,0.07,0.0,0.0,8.288,4.209,86.31,8.83,86.311,88.327,13.69,1.17,11.97,27.41,75.928,71.58,8.08,4.87,14.05,2.33,47.952,2.47,100.0,35.73,False,,0.1,67.715,0.07,0.010000000000000009,0.07,0.292,2.11,4.0,0.32,0.635,15.0,0.0,87.123,85.268,91.749,87.128,49.024,100.0,34.849,21.0,0.0,86.2,85.465,87.683,83.392,44.147,68.925,34.48,8.464,5.007,88.289,85.628,1.85,NORMAL
341,2026-06-04 13:15:00+00:00,13,3,-0.258819,-0.965926,0.433884,-0.900969,False,False,MORNING,2.0,7.0,13.0,41.0,77.0,297.0,0.0,0.01,0.006,3.472,5.868,85.75,8.8,85.745,87.999,14.25,1.2,11.97,27.41,75.404,71.086,7.88,4.86,14.26,2.29,47.203,2.31,97.667,35.2,False,,0.0,67.081,-0.07,0.0,0.0,0.241,2.11,3.0,0.16,0.578,12.0,0.03,88.681,86.389,88.645,84.307,48.779,100.0,35.654,21.0,0.0,85.101,84.959,100.0,100.0,43.919,92.933,34.041,6.656,4.827,88.834,86.03,1.85,NORMAL
342,2026-06-04 13:30:00+00:00,13,3,-0.258819,-0.965926,0.433884,-0.900969,False,False,MORNING,2.0,4.0,10.0,38.0,79.0,297.0,0.0,0.0,0.0,3.36,4.126,85.6,8.76,85.596,87.575,14.4,1.24,11.97,27.41,75.272,70.962,8.32,4.85,13.83,2.37,48.793,2.15,96.075,35.03,False,,0.0,66.932,0.0,-0.07,-0.06,0.241,2.11,-4.0,-0.32,0.538,9.0,1.32,89.544,86.893,89.759,85.367,49.266,100.0,43.752,20.0,0.0,86.503,85.782,100.0,100.0,42.329,100.0,34.601,6.72,4.196,89.002,86.645,2.01,NORMAL
343,2026-06-04 13:45:00+00:00,13,3,-0.258819,-0.965926,0.433884,-0.900969,False,False,MORNING,1.0,3.0,10.0,36.0,78.0,295.0,0.0,0.0,0.0,1.68,4.536,85.07,8.57,85.067,85.729,14.93,1.43,11.97,27.41,74.807,70.524,8.31,4.83,13.87,2.36,48.643,1.84,67.283,34.292,False,,0.0,63.734,0.0,0.0,0.0,0.241,2.11,0.0,-0.31,0.46,8.0,0.0,88.509,85.966,98.138,93.012,48.135,46.517,35.404,20.0,0.0,86.231,85.817,100.0,97.572,42.815,100.0,34.493,5.04,5.412,88.954,86.556,2.02,NORMAL
344,2026-06-04 14:00:00+00:00,14,3,-0.5,-0.866025,0.433884,-0.900969,False,False,EVENING,4.0,5.0,9.0,33.0,74.0,296.0,0.0,0.0,0.0,6.72,5.358,85.27,8.71,85.268,87.123,14.73,1.29,9.78,22.24,91.749,87.128,8.42,4.82,13.76,2.38,49.024,2.0,100.0,34.849,False,,0.0,71.061,0.0,0.0,-0.07,0.241,2.11,-5.0,-0.47,0.5,11.0,0.0,86.2,85.465,87.683,83.392,44.147,68.925,34.48,21.0,0.0,85.176,85.202,87.414,83.136,42.895,94.558,34.071,3.36,4.713,88.433,86.27,1.86,MODERATE
345,2026-06-04 14:15:00+00:00,14,3,-0.5,-0.866025,0.433884,-0.900969,False,False,EVENING,5.0,9.0,12.0,35.0,77.0,298.0,0.03,0.0,0.0,8.349,3.243,86.39,8.87,86.389,88.681,13.61,1.13,10.26,23.29,88.645,84.307,8.34,4.83,13.83,2.37,48.779,2.32,100.0,35.654,False,,0.1,70.905,0.03,0.03,0.03,0.203,2.11,-1.0,0.01,0.587,12.0,0.0,85.101,84.959,100.0,100.0,43.919,92.933,34.041,19.0,0.0,83.763,84.299,91.457,86.828,42.095,38.567,33.505,6.72,4.218,88.758,86.863,2.02,MODERATE
346,2026-06-04 14:30:00+00:00,14,3,-0.5,-0.866025,0.433884,-0.900969,False,False,EVENING,6.0,11.0,16.0,40.0,83.0,301.0,1.32,0.0,0.0021,7.909,5.548,86.89,8.95,86.893,89.544,13.11,1.05,10.26,23.29,89.759,85.367,8.4,4.9,13.7,2.39,49.266,2.8,100.0,43.752,False,,2.7,72.319,1.29,1.32,1.32,0.249,2.11,6.0,0.65,1.03,10.0,0.0,86.503,85.782,100.0,100.0,42.329,100.0,34.601,22.0,0.0,84.8,84.903,89.235,84.804,41.975,100.0,33.92,3.36,6.766,87.008,86.187,1.86,MODERATE
347,2026-06-04 14:45:00+00:00,14,3,-0.5,-0.866025,0.433884,-0.900969,False,False,EVENING,0.0,6.0,15.0,35.0,77.0,300.0,0.0,0.12,0.119,2.222,6.344,85.97,8.85,85.966,88.509,14.03,1.15,9.22,21.01,98.138,93.012,8.1,4.89,14.0,2.34,48.135,2.32,46.517,35.404,False,,0.0,68.071,-1.32,-0.03,0.0,0.249,2.11,5.0,0.48,0.58,9.0,0.0,86.231,85.817,100.0,97.572,42.815,100.0,34.493,23.0,0.0,86.165,85.525,100.0,100.0,40.35,100.0,34.466,5.04,5.256,87.266,86.107,1.86,NORMAL
348,2026-06-04 15:00:00+00:00,15,3,-0.707107,-0.707107,0.433884,-0.900969,False,False,EVENING,1.0,1.0,12.0,35.0,76.0,298.0,0.0,0.0,0.0,1.68,4.608,85.46,8.62,85.465,86.2,14.54,1.38,10.26,23.29,87.683,83.392,7.06,4.86,15.08,2.15,44.147,2.0,68.925,34.48,False,,0.0,66.748,0.0,-1.32,0.0,0.118,1.32,3.0,0.0,0.5,10.0,0.0,85.176,85.202,87.414,83.136,42.895,94.558,34.071,21.0,0.0,84.528,84.959,87.164,82.899,40.51,64.192,33.811,5.04,4.258,87.613,86.268,1.86,NORMAL
349,2026-06-04 15:15:00+00:00,15,3,-0.707107,-0.707107,0.433884,-0.900969,False,False,EVENING,2.0,3.0,9.0,34.0,72.0,299.0,0.0,0.0,0.0,3.36,5.823,84.96,8.51,84.959,85.101,15.04,1.49,7.9,18.11,100.0,100.0,7.03,4.83,15.14,2.13,43.919,1.84,92.933,34.041,False,,0.0,72.028,0.0,0.0,-0.03,0.101,1.32,-3.0,-0.48,0.46,9.0,0.0,83.763,84.299,91.457,86.828,42.095,38.567,33.505,26.0,0.0,83.577,84.398,94.086,89.244,39.968,61.0,33.431,7.972,6.239,88.493,86.613,2.34,MODERATE
350,2026-06-04 15:30:00+00:00,15,3,-0.707107,-0.707107,0.433884,-0.900969,False,False,EVENING,5.0,7.0,8.0,34.0,77.0,299.0,0.0,0.0,0.0,8.4,4.547,85.78,8.65,85.782,86.503,14.22,1.35,8.32,19.02,100.0,100.0,6.62,4.81,15.57,2.06,42.329,2.16,100.0,34.601,False,,0.0,72.982,0.0,0.0,-1.32,0.101,1.32,-8.0,-0.64,0.54,10.0,0.0,84.8,84.903,89.235,84.804,41.975,100.0,33.92,28.0,0.0,86.035,85.206,90.922,86.366,42.059,100.0,34.414,7.148,6.388,89.724,86.68,2.34,MODERATE
351,2026-06-04 15:45:00+00:00,15,3,-0.707107,-0.707107,0.433884,-0.900969,False,False,EVENING,3.0,8.0,11.0,36.0,77.0,299.0,0.0,0.0,0.0,5.04,5.006,85.82,8.62,85.817,86.231,14.18,1.38,8.76,19.99,100.0,97.572,6.76,4.8,15.44,2.08,42.815,2.16,100.0,34.493,False,,0.0,72.688,0.0,0.0,0.0,0.093,1.32,-4.0,-0.16,0.54,11.0,0.0,86.165,85.525,100.0,100.0,40.35,100.0,34.466,27.0,0.0,86.518,85.594,87.816,83.519,42.84,100.0,34.607,3.36,4.961,88.562,86.396,2.18,MODERATE
352,2026-06-04 16:00:00+00:00,16,3,-0.866025,-0.5,0.433884,-0.900969,False,False,EVENING,2.0,5.0,12.0,33.0,78.0,296.0,0.0,0.0,0.0,3.36,6.243,85.2,8.52,85.202,85.176,14.8,1.48,10.26,23.29,87.414,83.136,6.81,4.78,15.42,2.08,42.895,2.0,94.558,34.071,False,,0.0,68.616,0.0,0.0,0.0,0.093,1.32,0.0,0.0,0.5,11.0,0.0,84.528,84.959,87.164,82.899,40.51,64.192,33.811,26.0,0.0,84.63,84.654,86.851,82.601,41.636,35.425,33.852,7.908,6.464,89.821,86.631,2.5,NORMAL
353,2026-06-04 16:15:00+00:00,16,3,-0.866025,-0.5,0.433884,-0.900969,False,False,EVENING,0.0,2.0,10.0,31.0,72.0,293.0,0.0,0.0,0.0,0.0,4.179,84.3,8.38,84.299,83.763,15.7,1.62,9.7,22.07,91.457,86.828,6.62,4.74,15.63,2.05,42.095,1.52,38.567,33.505,False,,0.0,63.952,0.0,0.0,0.0,0.093,1.32,1.0,-0.32,0.38,10.0,0.0,83.577,84.398,94.086,89.244,39.968,61.0,33.431,28.0,0.0,84.782,84.545,87.659,83.342,44.876,100.0,33.913,0.492,4.526,86.93,85.912,2.02,NORMAL
354,2026-06-04 16:30:00+00:00,16,3,-0.866025,-0.5,0.433884,-0.900969,False,False,EVENING,4.0,4.0,9.0,33.0,71.0,296.0,0.0,0.0,0.0,6.72,3.888,84.9,8.48,84.903,84.8,15.1,1.52,10.02,22.75,89.235,84.804,6.61,4.73,15.67,2.04,41.975,1.68,100.0,33.92,False,,0.0,69.301,0.0,0.0,0.0,0.089,1.32,1.0,-0.48,0.42,12.0,0.0,86.035,85.206,90.922,86.366,42.059,100.0,34.414,29.0,0.0,86.425,85.448,91.255,86.68,46.66,100.0,34.57,1.68,5.183,86.305,85.098,1.7,NORMAL
355,2026-06-04 16:45:00+00:00,16,3,-0.866025,-0.5,0.433884,-0.900969,False,False,EVENING,4.0,8.0,10.0,36.0,72.0,297.0,0.0,0.0,0.0,6.72,3.685,85.53,8.62,85.525,86.165,14.47,1.38,7.39,16.97,100.0,100.0,6.17,4.73,16.11,1.96,40.35,1.85,100.0,34.466,False,,0.0,72.68,0.0,0.0,0.0,0.089,1.32,-1.0,-0.31,0.462,12.0,0.0,86.518,85.594,87.816,83.519,42.84,100.0,34.607,26.0,0.0,85.687,85.024,87.231,82.962,47.033,88.25,34.275,3.36,4.48,85.59,84.89,1.55,MODERATE
356,2026-06-04 17:00:00+00:00,17,3,-0.965926,-0.258819,0.433884,-0.900969,False,False,EVENING,1.0,5.0,9.0,33.0,66.0,296.0,0.0,0.0,0.0,1.68,4.6,84.96,8.45,84.959,84.528,15.04,1.55,10.26,23.29,87.164,82.899,6.22,4.71,16.06,1.97,40.51,1.53,64.192,33.811,False,,0.0,65.427,0.0,0.0,0.0,0.084,1.32,-3.0,-0.47,0.382,10.0,0.0,84.63,84.654,86.851,82.601,41.636,35.425,33.852,27.0,0.96,88.289,85.628,100.0,100.0,48.018,100.0,41.088,1.68,4.428,83.65,84.397,1.23,NORMAL
357,2026-06-04 17:15:00+00:00,17,3,-0.965926,-0.258819,0.433884,-0.900969,False,False,EVENING,1.0,2.0,10.0,29.0,64.0,294.0,0.0,0.0,0.0,1.68,4.304,84.4,8.36,84.398,83.577,15.6,1.64,9.44,21.49,94.086,89.244,6.1,4.69,16.21,1.94,39.968,1.21,61.0,33.431,False,,0.0,66.37,0.0,0.0,0.0,0.084,1.32,0.0,-0.31,0.302,16.0,0.0,84.782,84.545,87.659,83.342,44.876,100.0,33.913,24.0,0.0,88.834,86.03,91.833,87.23,47.9,100.0,35.534,3.36,3.585,83.037,84.402,1.07,NORMAL
358,2026-06-04 17:30:00+00:00,17,3,-0.965926,-0.258819,0.433884,-0.900969,False,False,EVENING,5.0,6.0,11.0,28.0,68.0,295.0,0.0,0.0,0.0,8.4,4.184,85.21,8.6,85.206,86.035,14.79,1.4,9.86,22.42,90.922,86.366,6.66,4.7,15.64,2.04,42.059,1.53,100.0,34.414,False,,0.0,70.012,0.0,0.0,0.0,0.084,1.32,2.0,-0.15,0.382,16.0,0.0,86.425,85.448,91.255,86.68,46.66,100.0,34.57,27.0,0.0,89.002,86.645,100.0,100.0,46.064,100.0,35.601,0.0,4.027,81.709,83.528,0.59,MODERATE
359,2026-06-04 17:45:00+00:00,17,3,-0.965926,-0.258819,0.433884,-0.900969,False,False,EVENING,4.0,9.0,11.0,32.0,67.0,295.0,0.0,0.0,0.0,6.72,4.975,85.59,8.65,85.594,86.518,14.41,1.35,10.26,23.29,87.816,83.519,6.86,4.71,15.43,2.08,42.84,1.69,100.0,34.607,False,,0.0,69.55,0.0,0.0,0.0,0.084,1.32,1.0,-0.16,0.422,15.0,0.0,85.687,85.024,87.231,82.962,47.033,88.25,34.275,26.0,0.0,88.954,86.556,100.0,97.201,45.043,100.0,35.582,0.0,4.666,80.35,82.497,0.11,NORMAL
360,2026-06-04 18:00:00+00:00,18,3,-1.0,-0.0,0.433884,-0.900969,False,False,EVENING,0.0,4.0,10.0,31.0,66.0,290.0,0.0,0.0,0.0,0.0,4.517,84.65,8.46,84.654,84.63,15.35,1.54,10.26,23.29,86.851,82.601,6.54,4.7,15.76,2.02,41.636,1.21,35.425,33.852,False,,0.0,62.82,0.0,0.0,0.0,0.084,1.32,1.0,-0.32,0.302,16.0,0.96,88.289,85.628,100.0,100.0,48.018,100.0,41.088,25.0,0.0,88.433,86.27,88.992,84.623,47.146,93.092,35.373,1.68,2.435,79.503,82.393,0.0,NORMAL
361,2026-06-04 18:15:00+00:00,18,3,-1.0,-0.0,0.433884,-0.900969,False,False,EVENING,3.0,3.0,12.0,32.0,66.0,290.0,0.0,0.0,0.0,5.04,5.414,84.55,8.48,84.545,84.782,15.45,1.52,10.15,23.06,87.659,83.342,7.42,4.69,14.88,2.18,44.876,1.21,100.0,33.913,False,,0.0,69.115,0.0,0.0,0.0,0.083,1.32,2.0,0.0,0.302,12.0,0.0,88.834,86.03,91.833,87.23,47.9,100.0,35.534,28.0,0.0,88.758,86.863,89.118,84.757,48.178,100.0,35.503,1.68,3.869,79.527,81.844,0.0,NORMAL
362,2026-06-04 18:30:00+00:00,18,3,-1.0,-0.0,0.433884,-0.900969,False,False,EVENING,5.0,8.0,12.0,32.0,66.0,293.0,0.0,0.0,0.0,8.4,4.133,85.45,8.64,85.448,86.425,14.55,1.36,9.86,22.4,91.255,86.68,7.89,4.7,14.4,2.27,46.66,1.53,100.0,34.57,False,,0.0,70.635,0.0,0.0,0.0,0.0,0.0,1.0,0.0,0.382,13.0,0.0,89.002,86.645,100.0,100.0,46.064,100.0,35.601,24.0,0.0,87.008,86.187,88.424,84.097,45.849,93.108,34.803,0.0,2.784,78.357,81.265,0.0,MODERATE
363,2026-06-04 18:45:00+00:00,18,3,-1.0,-0.0,0.433884,-0.900969,False,False,EVENING,2.0,7.0,10.0,31.0,67.0,290.0,0.0,0.0,0.0,3.36,5.351,85.02,8.57,85.024,85.687,14.98,1.43,10.26,23.29,87.231,82.962,7.99,4.71,14.3,2.29,47.033,1.37,88.25,34.275,False,,0.0,68.441,0.0,0.0,0.0,0.0,0.0,-1.0,-0.32,0.342,11.0,0.0,88.954,86.556,100.0,97.201,45.043,100.0,35.582,23.0,0.0,87.266,86.107,90.691,86.183,46.186,100.0,34.906,3.36,1.878,79.785,81.492,0.0,NORMAL
364,2026-06-04 19:00:00+00:00,19,3,-0.965926,0.258819,0.433884,-0.900969,False,False,EVENING,6.0,8.0,16.0,35.0,68.0,291.0,0.96,0.0,0.0,8.464,5.007,85.63,8.83,85.628,88.289,14.37,1.17,8.31,19.01,100.0,100.0,8.19,4.77,14.04,2.33,48.018,1.85,100.0,41.088,False,,1.8,74.432,0.96,0.96,0.96,0.06,0.96,6.0,0.64,0.702,11.0,0.0,88.433,86.27,88.992,84.623,47.146,93.092,35.373,22.0,0.0,87.613,86.268,88.507,84.176,46.779,100.0,35.045,1.68,3.032,79.916,81.141,0.0,MODERATE
365,2026-06-04 19:15:00+00:00,19,3,-0.965926,0.258819,0.433884,-0.900969,False,False,EVENING,3.0,9.0,16.0,38.0,69.0,292.0,0.0,0.09,0.0866,6.656,4.827,86.03,8.88,86.03,88.834,13.97,1.12,9.86,22.41,91.833,87.23,8.14,4.79,14.07,2.33,47.9,1.85,100.0,35.534,False,,0.0,71.492,-0.96,0.0,0.0,0.06,0.96,4.0,0.64,0.462,12.0,0.0,88.758,86.863,89.118,84.757,48.178,100.0,35.503,20.0,1.26,88.493,86.613,89.441,85.064,45.072,100.0,42.927,0.0,0.0,79.129,81.22,0.0,MODERATE
366,2026-06-04 19:30:00+00:00,19,3,-0.965926,0.258819,0.433884,-0.900969,False,False,EVENING,4.0,7.0,15.0,38.0,71.0,294.0,0.0,0.0,0.0,6.72,4.196,86.64,8.9,86.645,89.002,13.36,1.1,8.29,18.95,100.0,100.0,7.62,4.81,14.56,2.24,46.064,2.01,100.0,35.601,False,,0.0,74.008,0.0,-0.96,0.0,0.06,0.96,3.0,0.48,0.502,14.0,0.0,87.008,86.187,88.424,84.097,45.849,93.108,34.803,16.0,0.0,89.724,86.68,88.93,84.578,45.41,100.0,35.889,1.68,4.61,79.251,80.475,0.0,MODERATE
367,2026-06-04 19:45:00+00:00,19,3,-0.965926,0.258819,0.433884,-0.900969,False,False,EVENING,3.0,7.0,16.0,37.0,73.0,295.0,0.0,0.0,0.0,5.04,5.412,86.56,8.9,86.556,88.954,13.44,1.1,8.87,20.24,100.0,97.201,7.33,4.83,14.84,2.19,45.043,2.02,100.0,35.582,False,,0.0,73.551,0.0,0.0,0.0,0.06,0.96,6.0,0.65,0.505,15.0,0.0,87.266,86.107,90.691,86.183,46.186,100.0,34.906,13.0,0.0,88.562,86.396,88.639,84.301,44.843,96.35,35.425,0.0,2.997,79.027,79.749,0.0,MODERATE
368,2026-06-04 20:00:00+00:00,20,3,-0.866025,0.5,0.433884,-0.900969,False,False,EVENING,2.0,5.0,12.0,38.0,71.0,295.0,0.0,0.0,0.0,3.36,4.713,86.27,8.84,86.27,88.433,13.73,1.16,10.2,23.17,88.992,84.623,7.89,4.84,14.27,2.29,47.146,1.86,93.092,35.373,False,,0.0,70.121,0.0,0.0,-0.96,0.06,0.96,-4.0,0.01,0.465,14.0,0.0,87.613,86.268,88.507,84.176,46.779,100.0,35.045,11.0,0.29,89.821,86.631,100.0,100.0,45.001,100.0,37.685,1.68,1.765,78.505,79.779,0.0,MODERATE
369,2026-06-04 20:15:00+00:00,20,3,-0.866025,0.5,0.433884,-0.900969,False,False,EVENING,4.0,6.0,13.0,41.0,70.0,296.0,0.0,0.0,0.0,6.72,4.218,86.86,8.88,86.863,88.758,13.14,1.12,10.26,23.29,89.118,84.757,8.16,4.85,13.99,2.34,48.178,2.02,100.0,35.503,False,,0.0,71.062,0.0,0.0,0.0,0.06,0.96,-3.0,0.17,0.505,16.0,1.26,88.493,86.613,89.441,85.064,45.072,100.0,42.927,7.0,0.0,86.93,85.912,100.0,100.0,44.671,43.567,34.772,1.68,2.798,78.355,79.515,0.0,MODERATE
370,2026-06-04 20:30:00+00:00,20,3,-0.866025,0.5,0.433884,-0.900969,False,False,EVENING,2.0,6.0,11.0,38.0,66.0,293.0,0.0,0.0,0.0,3.36,6.766,86.19,8.7,86.187,87.008,13.81,1.3,10.26,23.29,88.424,84.097,7.55,4.83,14.62,2.23,45.849,1.86,93.108,34.803,False,,0.0,69.571,0.0,0.0,0.0,0.06,0.96,-4.0,-0.15,0.465,10.0,0.0,89.724,86.68,88.93,84.578,45.41,100.0,35.889,8.0,0.0,86.305,85.098,100.0,100.0,44.473,65.975,34.522,0.0,2.017,77.894,79.057,0.0,NORMAL
371,2026-06-04 20:45:00+00:00,20,3,-0.866025,0.5,0.433884,-0.900969,False,False,EVENING,3.0,5.0,11.0,37.0,69.0,295.0,0.0,0.0,0.0,5.04,5.256,86.11,8.73,86.107,87.266,13.89,1.27,9.99,22.71,90.691,86.183,7.64,4.83,14.53,2.24,46.186,1.86,100.0,34.906,False,,0.0,70.778,0.0,0.0,0.0,0.06,0.96,-5.0,-0.16,0.465,8.0,0.0,88.562,86.396,88.639,84.301,44.843,96.35,35.425,7.0,0.0,85.59,84.89,100.0,100.0,44.769,89.983,34.236,1.68,1.564,77.773,79.098,0.0,MODERATE
372,2026-06-04 21:00:00+00:00,21,3,-0.707107,0.707107,0.433884,-0.900969,False,False,EVENING,3.0,6.0,12.0,40.0,71.0,292.0,0.0,0.0,0.0,5.04,4.258,86.27,8.76,86.268,87.613,13.73,1.24,10.26,23.29,88.507,84.176,7.81,4.83,14.37,2.27,46.779,1.86,100.0,35.045,False,,0.0,70.434,0.0,0.0,0.0,0.06,0.96,0.0,0.0,0.465,8.0,0.29,89.821,86.631,100.0,100.0,45.001,100.0,37.685,7.0,0.0,83.65,84.397,100.0,100.0,43.063,61.192,33.46,1.68,1.738,77.866,79.074,0.0,MODERATE
373,2026-06-04 21:15:00+00:00,21,3,-0.707107,0.707107,0.433884,-0.900969,False,False,EVENING,6.0,9.0,14.0,43.0,75.0,295.0,1.26,0.0,0.0,7.972,6.239,86.61,8.85,86.613,88.493,13.39,1.15,10.26,23.29,89.441,85.064,7.29,4.88,14.83,2.19,45.072,2.34,100.0,42.927,False,,2.5,71.557,1.26,1.26,1.26,0.139,1.26,1.0,0.32,0.9,4.0,0.0,86.93,85.912,100.0,100.0,44.671,43.567,34.772,7.0,0.0,83.037,84.402,100.0,100.0,42.882,85.2,33.215,3.36,0.315,78.329,79.789,0.0,MODERATE
374,2026-06-04 21:30:00+00:00,21,3,-0.707107,0.707107,0.433884,-0.900969,False,False,EVENING,3.0,9.0,15.0,41.0,73.0,285.0,0.0,0.11,0.113,7.148,6.388,86.68,8.97,86.68,89.724,13.32,1.03,10.26,23.29,88.93,84.578,7.37,4.89,14.74,2.21,45.41,2.34,100.0,35.889,False,,0.0,70.922,-1.26,0.0,0.0,0.139,1.26,4.0,0.48,0.585,6.0,0.0,86.305,85.098,100.0,100.0,44.473,65.975,34.522,5.0,0.0,81.709,83.528,100.0,100.0,41.809,29.208,32.683,1.68,1.724,78.446,79.766,0.0,MODERATE
375,2026-06-04 21:45:00+00:00,21,3,-0.707107,0.707107,0.433884,-0.900969,False,False,EVENING,2.0,5.0,14.0,41.0,72.0,276.0,0.0,0.0,0.0,3.36,4.961,86.4,8.86,86.396,88.562,13.6,1.14,10.26,23.29,88.639,84.301,7.22,4.89,14.89,2.18,44.843,2.18,96.35,35.425,False,,0.0,70.18,0.0,-1.26,0.0,0.139,1.26,3.0,0.32,0.545,5.0,0.0,85.59,84.89,100.0,100.0,44.769,89.983,34.236,6.0,0.0,80.35,82.497,100.0,100.0,41.625,24.417,32.14,5.04,1.853,79.617,80.446,0.0,MODERATE
376,2026-06-04 22:00:00+00:00,22,3,-0.5,0.866025,0.433884,-0.900969,False,False,NIGHT,5.0,7.0,16.0,40.0,75.0,271.0,0.29,0.0,0.0,7.908,6.464,86.63,8.98,86.631,89.821,13.37,1.02,5.61,16.55,100.0,100.0,7.24,4.91,14.85,2.19,45.001,2.5,100.0,37.685,False,,0.6,74.259,0.29,0.29,0.29,0.157,1.26,4.0,0.64,0.698,3.0,0.0,83.65,84.397,100.0,100.0,43.063,61.192,33.46,6.0,0.0,79.503,82.393,100.0,100.0,42.217,48.933,31.801,6.72,1.332,82.302,81.524,0.16,MODERATE
377,2026-06-04 22:15:00+00:00,22,3,-0.5,0.866025,0.433884,-0.900969,False,False,NIGHT,0.0,5.0,10.0,37.0,75.0,269.0,0.0,0.03,0.0263,0.492,4.526,85.91,8.69,85.912,86.93,14.09,1.31,6.27,17.99,100.0,100.0,7.18,4.88,14.94,2.17,44.671,2.02,43.567,34.772,False,,0.0,68.228,-0.29,0.0,-1.26,0.157,1.26,-4.0,-0.32,0.505,3.0,0.0,83.037,84.402,100.0,100.0,42.882,85.2,33.215,6.0,0.0,79.527,81.844,100.0,100.0,39.145,48.933,31.811,3.36,3.978,83.349,81.265,0.0,NORMAL
378,2026-06-04 22:30:00+00:00,22,3,-0.5,0.866025,0.433884,-0.900969,False,False,NIGHT,1.0,1.0,8.0,34.0,72.0,263.0,0.0,0.0,0.0,1.68,5.183,85.1,8.63,85.098,86.305,14.9,1.37,6.27,17.99,100.0,100.0,7.15,4.86,14.99,2.16,44.473,1.7,65.975,34.522,False,,0.0,69.923,0.0,-0.29,0.0,0.157,1.26,-7.0,-0.64,0.425,2.0,0.0,81.709,83.528,100.0,100.0,41.809,29.208,32.683,6.0,0.0,78.357,81.265,100.0,100.0,37.43,23.333,31.343,1.68,3.034,82.486,81.013,0.0,NORMAL
379,2026-06-04 22:45:00+00:00,22,3,-0.5,0.866025,0.433884,-0.900969,False,False,NIGHT,2.0,3.0,8.0,33.0,70.0,262.0,0.0,0.0,0.0,3.36,4.48,84.89,8.56,84.89,85.59,15.11,1.44,6.27,17.99,100.0,100.0,7.26,4.83,14.91,2.18,44.769,1.55,89.983,34.236,False,,0.0,71.921,0.0,0.0,0.0,0.157,1.26,-6.0,-0.63,0.388,2.0,0.0,80.35,82.497,100.0,100.0,41.625,24.417,32.14,6.0,0.0,79.785,81.492,100.0,100.0,37.536,74.533,31.914,3.36,3.572,81.991,81.009,0.0,MODERATE
380,2026-06-04 23:00:00+00:00,23,3,-0.258819,0.965926,0.433884,-0.900969,False,False,NIGHT,1.0,3.0,4.0,32.0,70.0,251.0,0.0,0.0,0.0,1.68,4.428,84.4,8.37,84.397,83.65,15.6,1.63,6.27,17.99,100.0,100.0,6.85,4.78,15.37,2.09,43.063,1.23,61.192,33.46,False,,0.0,68.68,0.0,0.0,-0.29,0.097,1.26,-12.0,-1.27,0.308,4.0,0.0,79.503,82.393,100.0,100.0,42.217,48.933,31.801,5.0,0.0,79.916,81.141,100.0,100.0,38.505,48.933,31.966,1.68,3.485,81.322,80.625,0.0,NORMAL
381,2026-06-04 23:15:00+00:00,23,3,-0.258819,0.965926,0.433884,-0.900969,False,False,NIGHT,2.0,3.0,6.0,30.0,71.0,249.0,0.0,0.0,0.0,3.36,3.585,84.4,8.3,84.402,83.037,15.6,1.7,5.73,16.8,100.0,100.0,6.84,4.74,15.42,2.08,42.882,1.07,85.2,33.215,False,,0.0,70.703,0.0,0.0,0.0,0.097,1.26,-4.0,-0.95,0.268,4.0,0.0,79.527,81.844,100.0,100.0,39.145,48.933,31.811,5.0,0.0,79.129,81.22,100.0,100.0,40.141,23.333,31.652,1.68,2.595,81.676,80.361,0.0,MODERATE
382,2026-06-04 23:30:00+00:00,23,3,-0.258819,0.965926,0.433884,-0.900969,False,False,NIGHT,0.0,2.0,5.0,28.0,66.0,243.0,0.0,0.0,0.0,0.0,4.027,83.53,8.17,83.528,81.709,16.47,1.83,5.24,15.72,100.0,100.0,6.6,4.69,15.71,2.03,41.809,0.59,29.208,32.683,False,,0.0,65.109,0.0,0.0,0.0,0.097,1.26,-3.0,-1.11,0.148,3.0,0.0,78.357,81.265,100.0,100.0,37.43,23.333,31.343,7.0,0.0,79.251,80.475,100.0,100.0,40.268,48.933,31.701,0.0,1.488,79.996,80.157,0.0,NORMAL
383,2026-06-04 23:45:00+00:00,23,3,-0.258819,0.965926,0.433884,-0.900969,False,False,NIGHT,0.0,0.0,3.0,25.0,62.0,241.0,0.0,0.0,0.0,0.0,4.666,82.5,8.04,82.497,80.35,17.5,1.96,6.27,17.99,100.0,100.0,6.6,4.64,15.76,2.02,41.625,0.11,24.417,32.14,False,,0.0,64.163,0.0,0.0,0.0,0.097,1.26,-5.0,-1.44,0.028,4.0,0.0,79.785,81.492,100.0,100.0,37.536,74.533,31.914,7.0,0.0,79.027,79.749,100.0,100.0,40.548,23.333,31.611,0.0,3.202,79.413,79.415,0.0,NORMAL
384,2026-06-05 00:00:00+00:00,0,4,0.0,1.0,-0.433884,-0.900969,False,False,NIGHT,1.0,1.0,3.0,23.0,63.0,236.0,0.0,0.0,0.0,1.68,2.435,82.39,7.95,82.393,79.503,17.61,2.05,6.27,17.99,100.0,100.0,6.82,4.58,15.6,2.05,42.217,0.0,48.933,31.801,False,,0.0,66.231,0.0,0.0,0.0,0.097,1.26,-1.0,-1.23,0.0,2.0,0.0,79.916,81.141,100.0,100.0,38.505,48.933,31.966,10.0,0.0,78.505,79.779,100.0,100.0,40.355,48.933,31.402,1.68,2.957,78.93,79.144,0.0,NORMAL
385,2026-06-05 00:15:00+00:00,0,4,0.0,1.0,-0.433884,-0.900969,False,False,NIGHT,1.0,2.0,2.0,18.0,61.0,234.0,0.0,0.0,0.0,1.68,3.869,81.84,7.95,81.844,79.527,18.16,2.05,6.27,17.99,100.0,100.0,6.03,4.54,16.43,1.9,39.145,0.0,48.933,31.811,False,,0.0,65.838,0.0,0.0,0.0,0.097,1.26,-4.0,-1.07,0.0,2.0,0.0,79.129,81.22,100.0,100.0,40.141,23.333,31.652,13.0,0.0,78.355,79.515,100.0,100.0,41.32,48.933,31.342,6.72,1.426,81.117,80.248,0.16,NORMAL
386,2026-06-05 00:30:00+00:00,0,4,0.0,1.0,-0.433884,-0.900969,False,False,NIGHT,0.0,1.0,2.0,15.0,56.0,230.0,0.0,0.0,0.0,0.0,2.784,81.26,7.84,81.265,78.357,18.74,2.16,6.27,17.99,100.0,100.0,5.61,4.49,16.89,1.82,37.43,0.0,23.333,31.343,False,,0.0,63.018,0.0,0.0,0.0,0.097,1.26,-3.0,-0.59,0.0,3.0,0.0,79.251,80.475,100.0,100.0,40.268,48.933,31.701,14.0,0.0,77.894,79.057,100.0,100.0,40.168,23.333,31.157,1.68,2.226,81.542,80.069,0.0,NORMAL
387,2026-06-05 00:45:00+00:00,0,4,0.0,1.0,-0.433884,-0.900969,False,False,NIGHT,2.0,2.0,4.0,15.0,56.0,227.0,0.0,0.0,0.0,3.36,1.878,81.49,7.98,81.492,79.785,18.51,2.02,6.17,17.77,100.0,100.0,5.66,4.47,16.87,1.82,37.536,0.0,74.533,31.914,False,,0.0,67.971,0.0,0.0,0.0,0.097,1.26,1.0,-0.11,0.0,2.0,0.0,79.027,79.749,100.0,100.0,40.548,23.333,31.611,15.0,0.0,77.773,79.098,100.0,99.904,39.782,48.933,31.109,0.0,2.942,80.255,79.463,0.0,NORMAL
388,2026-06-05 01:00:00+00:00,1,4,0.258819,0.965926,-0.433884,-0.900969,False,False,NIGHT,1.0,3.0,4.0,11.0,51.0,228.0,0.0,0.0,0.0,1.68,3.032,81.14,7.99,81.141,79.916,18.86,2.01,6.27,17.99,100.0,100.0,5.94,4.46,16.6,1.87,38.505,0.0,48.933,31.966,False,,0.0,65.704,0.0,0.0,0.0,0.097,1.26,1.0,0.0,0.0,3.0,0.0,78.505,79.779,100.0,100.0,40.355,48.933,31.402,16.0,0.0,77.866,79.074,100.0,99.874,40.769,48.933,31.146,3.36,2.123,80.437,79.754,0.0,NORMAL
389,2026-06-05 01:15:00+00:00,1,4,0.258819,0.965926,-0.433884,-0.900969,False,False,NIGHT,0.0,1.0,3.0,11.0,48.0,227.0,0.0,0.0,0.0,0.0,0.0,81.22,7.91,81.22,79.129,18.78,2.09,6.27,17.99,100.0,100.0,6.4,4.44,16.16,1.95,40.141,0.0,23.333,31.652,False,,0.0,63.407,0.0,0.0,0.0,0.018,0.29,1.0,0.0,0.0,3.0,0.0,78.355,79.515,100.0,100.0,41.32,48.933,31.342,16.0,0.0,78.329,79.789,100.0,100.0,40.485,74.533,31.331,1.68,0.34,80.144,80.118,0.0,NORMAL
390,2026-06-05 01:30:00+00:00,1,4,0.258819,0.965926,-0.433884,-0.900969,False,False,NIGHT,1.0,1.0,4.0,11.0,45.0,227.0,0.0,0.0,0.0,1.68,4.61,80.48,7.93,80.475,79.251,19.52,2.07,5.44,16.16,100.0,100.0,6.45,4.42,16.13,1.96,40.268,0.0,48.933,31.701,False,,0.0,65.583,0.0,0.0,0.0,0.018,0.29,2.0,0.0,0.0,4.0,0.0,77.894,79.057,100.0,100.0,40.168,23.333,31.157,15.0,0.0,78.446,79.766,100.0,100.0,42.329,48.933,31.379,1.68,3.013,80.116,79.787,0.0,NORMAL
391,2026-06-05 01:45:00+00:00,1,4,0.258819,0.965926,-0.433884,-0.900969,False,False,NIGHT,0.0,1.0,2.0,9.0,42.0,226.0,0.0,0.0,0.0,0.0,2.997,79.75,7.9,79.749,79.027,20.25,2.1,6.27,17.99,100.0,100.0,6.54,4.41,16.05,1.97,40.548,0.0,23.333,31.611,False,,0.0,63.099,0.0,0.0,0.0,0.018,0.29,-2.0,0.0,0.0,5.0,0.0,77.773,79.098,100.0,99.904,39.782,48.933,31.109,14.0,0.0,79.617,80.446,100.0,100.0,43.085,100.0,31.847,0.0,2.834,79.741,79.117,0.0,NORMAL
392,2026-06-05 02:00:00+00:00,2,4,0.5,0.866025,-0.433884,-0.900969,False,False,NIGHT,1.0,1.0,2.0,9.0,41.0,227.0,0.0,0.0,0.0,1.68,1.765,79.78,7.85,79.779,78.505,20.22,2.15,6.27,17.99,100.0,100.0,6.51,4.39,16.1,1.96,40.355,0.0,48.933,31.402,False,,0.0,65.288,0.0,0.0,0.0,0.0,0.0,-2.0,0.0,0.0,7.0,0.0,77.866,79.074,100.0,99.874,40.769,48.933,31.146,11.0,0.0,82.302,81.524,100.0,100.0,45.7,100.0,32.921,3.36,1.998,79.579,79.473,0.0,NORMAL
393,2026-06-05 02:15:00+00:00,2,4,0.5,0.866025,-0.433884,-0.900969,False,False,NIGHT,1.0,2.0,3.0,8.0,38.0,228.0,0.0,0.0,0.0,1.68,2.798,79.51,7.84,79.515,78.355,20.49,2.16,6.19,17.83,100.0,100.0,6.78,4.37,15.84,2.01,41.32,0.0,48.933,31.342,False,,0.0,65.287,0.0,0.0,0.0,0.0,0.0,0.0,0.0,0.0,10.0,0.0,78.329,79.789,100.0,100.0,40.485,74.533,31.331,8.0,0.0,83.349,81.265,100.0,100.0,47.608,74.558,33.34,1.68,3.413,79.228,79.075,0.0,NORMAL
394,2026-06-05 02:30:00+00:00,2,4,0.5,0.866025,-0.433884,-0.900969,False,False,NIGHT,0.0,1.0,2.0,8.0,36.0,227.0,0.0,0.0,0.0,0.0,2.017,79.06,7.79,79.057,77.894,20.94,2.21,5.13,15.48,100.0,100.0,6.49,4.35,16.15,1.95,40.168,0.0,23.333,31.157,False,,0.0,62.686,0.0,0.0,0.0,0.0,0.0,-2.0,0.0,0.0,10.0,0.0,78.446,79.766,100.0,100.0,42.329,48.933,31.379,10.0,0.0,82.486,81.013,100.0,100.0,45.513,48.933,32.994,6.72,0.386,81.642,80.417,0.16,NORMAL
395,2026-06-05 02:45:00+00:00,2,4,0.5,0.866025,-0.433884,-0.900969,False,False,NIGHT,1.0,1.0,3.0,9.0,34.0,228.0,0.0,0.0,0.0,1.68,1.564,79.1,7.78,79.098,77.773,20.9,2.22,6.27,17.99,100.0,99.904,6.4,4.34,16.26,1.93,39.782,0.0,48.933,31.109,False,,0.0,64.929,0.0,0.0,0.0,0.0,0.0,1.0,0.0,0.0,10.0,0.0,79.617,80.446,100.0,100.0,43.085,100.0,31.847,10.0,0.0,81.991,81.009,100.0,100.0,45.591,74.533,32.796,1.68,2.31,81.385,80.285,0.0,NORMAL
396,2026-06-05 03:00:00+00:00,3,4,0.707107,0.707107,-0.433884,-0.900969,False,False,NIGHT,1.0,2.0,3.0,9.0,32.0,229.0,0.0,0.0,0.0,1.68,1.738,79.07,7.79,79.074,77.866,20.93,2.21,6.27,17.99,100.0,99.874,6.68,4.33,15.99,1.98,40.769,0.0,48.933,31.146,False,,0.0,65.028,0.0,0.0,0.0,0.0,0.0,1.0,0.0,0.0,9.0,0.0,82.302,81.524,100.0,100.0,45.7,100.0,32.921,8.0,0.0,81.322,80.625,100.0,100.0,44.624,48.933,32.529,5.04,2.799,82.998,80.684,0.0,NORMAL
397,2026-06-05 03:15:00+00:00,3,4,0.707107,0.707107,-0.433884,-0.900969,False,False,NIGHT,2.0,3.0,4.0,10.0,28.0,228.0,0.0,0.0,0.0,3.36,0.315,79.79,7.83,79.789,78.329,20.21,2.17,6.27,17.99,100.0,100.0,6.61,4.32,16.07,1.97,40.485,0.0,74.533,31.331,False,,0.0,67.571,0.0,0.0,0.0,0.0,0.0,1.0,0.0,0.0,6.0,0.0,83.349,81.265,100.0,100.0,47.608,74.558,33.34,9.0,0.0,81.676,80.361,100.0,100.0,46.043,48.933,32.671,5.04,1.592,84.124,81.434,0.0,NORMAL
398,2026-06-05 03:30:00+00:00,3,4,0.707107,0.707107,-0.433884,-0.900969,False,False,NIGHT,1.0,3.0,5.0,11.0,26.0,228.0,0.0,0.0,0.0,1.68,1.724,79.77,7.84,79.766,78.446,20.23,2.16,6.2,17.83,100.0,100.0,7.11,4.32,15.57,2.06,42.329,0.0,48.933,31.379,False,,0.0,65.451,0.0,0.0,0.0,0.0,0.0,3.0,0.0,0.0,5.0,0.0,82.486,81.013,100.0,100.0,45.513,48.933,32.994,9.0,0.0,79.996,80.157,100.0,100.0,46.237,23.333,31.998,6.72,1.922,84.839,82.562,0.16,NORMAL
399,2026-06-05 03:45:00+00:00,3,4,0.707107,0.707107,-0.433884,-0.900969,False,False,NIGHT,3.0,4.0,7.0,12.0,27.0,229.0,0.0,0.0,0.0,5.04,1.853,80.45,7.96,80.446,79.617,19.55,2.04,6.27,17.99,100.0,100.0,7.3,4.33,15.37,2.09,43.085,0.0,100.0,31.847,False,,0.0,70.499,0.0,0.0,0.0,0.0,0.0,4.0,0.0,0.0,4.0,0.0,81.991,81.009,100.0,100.0,45.591,74.533,32.796,10.0,0.0,79.413,79.415,100.0,100.0,46.612,23.333,31.765,3.36,4.144,83.702,82.479,0.0,MODERATE
400,2026-06-05 04:00:00+00:00,4,4,0.866025,0.5,-0.433884,-0.900969,False,False,NIGHT,4.0,7.0,10.0,15.0,26.0,231.0,0.0,0.0,0.0,6.72,1.332,81.52,8.23,81.524,82.302,18.48,1.77,6.14,17.71,100.0,100.0,7.97,4.37,14.66,2.22,45.7,0.16,100.0,32.921,False,,0.0,71.509,0.0,0.0,0.0,0.0,0.0,7.0,0.16,0.04,2.0,0.0,81.322,80.625,100.0,100.0,44.624,48.933,32.529,10.0,0.0,78.93,79.144,69.598,65.613,44.867,48.933,31.572,5.04,3.269,84.498,82.843,0.0,MODERATE
401,2026-06-05 04:15:00+00:00,4,4,0.866025,0.5,-0.433884,-0.900969,False,False,NIGHT,2.0,6.0,10.0,17.0,28.0,232.0,0.0,0.0,0.0,3.36,3.978,81.27,8.33,81.265,83.349,18.73,1.67,5.25,15.74,100.0,100.0,8.44,4.41,14.15,2.31,47.608,0.0,74.558,33.34,False,,0.0,69.543,0.0,0.0,0.0,0.0,0.0,6.0,0.0,0.0,2.0,0.0,81.676,80.361,100.0,100.0,46.043,48.933,32.671,11.0,0.0,81.117,80.248,84.269,78.841,44.081,100.0,32.447,1.68,1.546,83.54,82.972,0.0,NORMAL
402,2026-06-05 04:30:00+00:00,4,4,0.866025,0.5,-0.433884,-0.900969,False,False,NIGHT,1.0,3.0,10.0,17.0,28.0,232.0,0.0,0.0,0.0,1.68,3.034,81.01,8.25,81.013,82.486,18.99,1.75,5.46,16.21,100.0,100.0,7.85,4.44,14.71,2.21,45.513,0.0,48.933,32.994,False,,0.0,66.82,0.0,0.0,0.0,0.0,0.0,5.0,0.0,0.0,5.0,0.0,79.996,80.157,100.0,100.0,46.237,23.333,31.998,8.0,0.0,81.542,80.069,70.412,66.381,44.014,48.933,32.617,5.04,4.848,84.04,82.97,0.0,NORMAL
403,2026-06-05 04:45:00+00:00,4,4,0.866025,0.5,-0.433884,-0.900969,False,False,NIGHT,2.0,3.0,9.0,19.0,28.0,234.0,0.0,0.0,0.0,3.36,3.572,81.01,8.2,81.009,81.991,18.99,1.8,6.27,17.99,100.0,100.0,7.86,4.45,14.69,2.22,45.591,0.0,74.533,32.796,False,,0.0,69.031,0.0,0.0,0.0,0.0,0.0,2.0,0.0,0.0,6.0,0.0,79.413,79.415,100.0,100.0,46.612,23.333,31.765,11.0,0.0,80.255,79.463,69.955,65.946,43.488,23.333,32.102,5.04,4.158,84.877,83.107,0.0,NORMAL
404,2026-06-05 05:00:00+00:00,5,4,0.965926,0.258819,-0.433884,-0.900969,False,False,NIGHT,1.0,3.0,6.0,19.0,28.0,231.0,0.0,0.0,0.0,1.68,3.485,80.63,8.13,80.625,81.322,19.37,1.87,6.27,17.99,100.0,100.0,7.59,4.46,14.95,2.17,44.624,0.0,48.933,32.529,False,,0.0,66.422,0.0,0.0,0.0,0.0,0.0,-4.0,-0.16,0.0,6.0,0.0,78.93,79.144,69.598,65.613,44.867,48.933,31.572,12.0,0.0,80.437,79.754,70.135,66.119,45.033,74.533,32.175,5.04,4.059,84.448,83.395,0.0,NORMAL
405,2026-06-05 05:15:00+00:00,5,4,0.965926,0.258819,-0.433884,-0.900969,False,False,NIGHT,1.0,2.0,5.0,19.0,27.0,230.0,0.0,0.0,0.0,1.68,2.595,80.36,8.17,80.361,81.676,19.64,1.83,5.5,16.3,100.0,100.0,7.97,4.46,14.57,2.24,46.043,0.0,48.933,32.671,False,,0.0,66.562,0.0,0.0,0.0,0.0,0.0,-5.0,0.0,0.0,7.0,0.0,81.117,80.248,84.269,78.841,44.081,100.0,32.447,13.0,0.0,80.144,80.118,70.455,66.421,44.04,48.933,32.057,5.04,2.41,85.085,83.989,0.0,NORMAL
406,2026-06-05 05:30:00+00:00,5,4,0.965926,0.258819,-0.433884,-0.900969,False,False,NIGHT,0.0,1.0,4.0,19.0,27.0,230.0,0.0,0.0,0.0,0.0,1.488,80.16,8.0,80.157,79.996,19.84,2.0,5.15,15.53,100.0,100.0,8.03,4.45,14.52,2.25,46.237,0.0,23.333,31.998,False,,0.0,63.895,0.0,0.0,0.0,0.0,0.0,-6.0,0.0,0.0,4.0,0.0,81.542,80.069,70.412,66.381,44.014,48.933,32.617,15.0,0.0,80.116,79.787,70.164,66.147,43.365,48.933,32.046,5.04,2.999,85.392,84.469,0.0,NORMAL
407,2026-06-05 05:45:00+00:00,5,4,0.965926,0.258819,-0.433884,-0.900969,False,False,NIGHT,0.0,0.0,2.0,18.0,27.0,229.0,0.0,0.0,0.0,0.0,3.202,79.41,7.94,79.415,79.413,20.59,2.06,6.27,17.99,100.0,100.0,8.15,4.43,14.41,2.27,46.612,0.0,23.333,31.765,False,,0.0,63.649,0.0,0.0,0.0,0.0,0.0,-7.0,0.0,0.0,4.0,0.0,80.255,79.463,69.955,65.946,43.488,23.333,32.102,18.0,0.0,79.741,79.117,69.574,65.591,41.696,23.333,31.896,8.4,5.964,86.795,84.937,0.33,NORMAL
408,2026-06-05 06:00:00+00:00,6,4,1.0,0.0,-0.433884,-0.900969,False,False,MORNING,1.0,1.0,2.0,18.0,27.0,229.0,0.0,0.0,0.0,1.68,2.957,79.14,7.89,79.144,78.93,20.86,2.11,11.97,27.41,69.598,65.613,7.7,4.42,14.89,2.18,44.867,0.0,48.933,31.572,False,,0.0,57.865,0.0,0.0,0.0,0.0,0.0,-4.0,0.0,0.0,4.0,0.0,80.437,79.754,70.135,66.119,45.033,74.533,32.175,20.0,0.0,79.579,79.473,69.888,65.886,38.66,74.533,31.832,5.04,4.363,86.444,85.142,0.33,NORMAL
409,2026-06-05 06:15:00+00:00,6,4,1.0,0.0,-0.433884,-0.900969,False,False,MORNING,4.0,5.0,5.0,20.0,30.0,230.0,0.0,0.0,0.0,6.72,1.426,80.25,8.11,80.248,81.117,19.75,1.89,10.02,23.13,84.269,78.841,7.48,4.42,15.1,2.14,44.081,0.16,100.0,32.447,False,,0.0,66.418,0.0,0.0,0.0,0.0,0.0,0.0,0.16,0.04,4.0,0.0,80.144,80.118,70.455,66.421,44.04,48.933,32.057,21.0,0.0,79.228,79.075,69.538,65.556,41.272,48.933,31.691,1.68,5.008,84.1,84.544,0.01,NORMAL
410,2026-06-05 06:30:00+00:00,6,4,1.0,0.0,-0.433884,-0.900969,False,False,MORNING,1.0,5.0,6.0,20.0,31.0,229.0,0.0,0.0,0.0,1.68,2.226,80.07,8.15,80.069,81.542,19.93,1.85,11.97,27.41,70.412,66.381,7.45,4.44,15.12,2.14,44.014,0.0,48.933,32.617,False,,0.0,58.704,0.0,0.0,0.0,0.0,0.0,2.0,0.0,0.0,4.0,0.0,80.116,79.787,70.164,66.147,43.365,48.933,32.046,21.0,0.0,81.642,80.417,70.718,66.669,41.739,100.0,32.657,3.36,5.319,83.968,84.068,0.0,NORMAL
411,2026-06-05 06:45:00+00:00,6,4,1.0,0.0,-0.433884,-0.900969,False,False,MORNING,0.0,1.0,6.0,17.0,29.0,225.0,0.0,0.0,0.0,0.0,2.942,79.46,8.03,79.463,80.255,20.54,1.97,11.96,27.39,69.955,65.946,7.31,4.43,15.26,2.11,43.488,0.0,23.333,32.102,False,,0.0,55.855,0.0,0.0,0.0,0.0,0.0,4.0,0.0,0.0,7.0,0.0,79.741,79.117,69.574,65.591,41.696,23.333,31.896,20.0,0.0,81.385,80.285,74.162,69.777,41.942,48.933,32.554,8.846,3.69,86.707,85.083,0.48,NORMAL
412,2026-06-05 07:00:00+00:00,7,4,0.965926,-0.258819,-0.433884,-0.900969,False,False,MORNING,2.0,2.0,7.0,15.0,30.0,224.0,0.0,0.0,0.0,3.36,2.123,79.75,8.04,79.754,80.437,20.25,1.96,11.97,27.41,70.135,66.119,7.73,4.43,14.84,2.19,45.033,0.0,74.533,32.175,False,,0.0,60.745,0.0,0.0,0.0,0.0,0.0,5.0,0.0,0.0,8.0,0.0,79.579,79.473,69.888,65.886,38.66,74.533,31.832,22.0,0.0,82.998,80.684,70.953,66.89,42.603,100.0,33.199,6.274,4.956,88.435,85.24,0.48,NORMAL
413,2026-06-05 07:15:00+00:00,7,4,0.965926,-0.258819,-0.433884,-0.900969,False,False,MORNING,1.0,3.0,4.0,14.0,31.0,225.0,0.0,0.0,0.0,1.68,0.34,80.12,8.01,80.118,80.144,19.88,1.99,11.97,27.41,70.455,66.421,7.46,4.43,15.11,2.14,44.04,0.0,48.933,32.057,False,,0.0,58.447,0.0,0.0,0.0,0.0,0.0,-1.0,-0.16,0.0,9.0,0.0,79.228,79.075,69.538,65.556,41.272,48.933,31.691,22.0,0.0,84.124,81.434,80.107,75.169,43.769,100.0,33.65,3.36,5.362,88.434,84.739,0.32,NORMAL
414,2026-06-05 07:30:00+00:00,7,4,0.965926,-0.258819,-0.433884,-0.900969,False,False,MORNING,1.0,2.0,4.0,14.0,31.0,226.0,0.0,0.0,0.0,1.68,3.013,79.79,8.01,79.787,80.116,20.21,1.99,11.97,27.41,70.164,66.147,7.29,4.42,15.29,2.11,43.365,0.0,48.933,32.046,False,,0.0,58.24,0.0,0.0,0.0,0.0,0.0,-2.0,0.0,0.0,11.0,0.0,81.642,80.417,70.718,66.669,41.739,100.0,32.657,22.0,0.0,84.839,82.562,72.604,68.447,43.065,100.0,33.936,5.04,5.505,87.667,84.7,0.32,NORMAL
415,2026-06-05 07:45:00+00:00,7,4,0.965926,-0.258819,-0.433884,-0.900969,False,False,MORNING,0.0,1.0,4.0,12.0,31.0,224.0,0.0,0.0,0.0,0.0,2.834,79.12,7.97,79.117,79.741,20.88,2.03,11.97,27.41,69.574,65.591,6.84,4.41,15.74,2.03,41.696,0.0,23.333,31.896,False,,0.0,55.426,0.0,0.0,0.0,0.0,0.0,-2.0,0.0,0.0,11.0,0.0,81.385,80.285,74.162,69.777,41.942,48.933,32.554,21.0,0.0,83.702,82.479,77.946,73.267,41.724,74.567,33.481,3.36,4.058,87.25,84.567,0.16,NORMAL
416,2026-06-05 08:00:00+00:00,8,4,0.866025,-0.5,-0.433884,-0.900969,False,False,MORNING,2.0,2.0,4.0,13.0,32.0,218.0,0.0,0.0,0.0,3.36,1.998,79.47,7.96,79.473,79.579,20.53,2.04,11.97,27.41,69.888,65.886,6.03,4.41,16.56,1.88,38.66,0.0,74.533,31.832,False,,0.0,59.88,0.0,0.0,0.0,0.0,0.0,-3.0,0.0,0.0,12.0,0.0,82.998,80.684,70.953,66.89,42.603,100.0,33.199,24.0,0.0,84.498,82.843,72.851,68.68,41.105,100.0,33.799,3.36,3.399,87.134,84.569,0.01,NORMAL
417,2026-06-05 08:15:00+00:00,8,4,0.866025,-0.5,-0.433884,-0.900969,False,False,MORNING,1.0,3.0,4.0,13.0,32.0,217.0,0.0,0.0,0.0,1.68,3.413,79.07,7.92,79.075,79.228,20.93,2.08,11.97,27.41,69.538,65.556,6.75,4.4,15.86,2.01,41.272,0.0,48.933,31.691,False,,0.0,57.572,0.0,0.0,0.0,0.0,0.0,0.0,0.0,0.0,12.0,0.0,84.124,81.434,80.107,75.169,43.769,100.0,33.65,24.0,0.0,83.54,82.972,78.883,74.13,41.088,48.933,33.416,8.4,3.488,88.351,85.675,0.33,NORMAL
418,2026-06-05 08:30:00+00:00,8,4,0.866025,-0.5,-0.433884,-0.900969,False,False,MORNING,4.0,5.0,7.0,17.0,36.0,221.0,0.0,0.0,0.0,6.72,0.386,80.42,8.16,80.417,81.642,19.58,1.84,11.97,27.41,70.718,66.669,6.85,4.42,15.73,2.03,41.739,0.16,100.0,32.657,False,,0.0,63.263,0.0,0.0,0.0,0.0,0.0,3.0,0.16,0.04,10.0,0.0,84.839,82.562,72.604,68.447,43.065,100.0,33.936,24.0,0.0,84.04,82.97,81.807,76.757,43.161,100.0,33.616,5.04,5.253,88.182,85.639,0.33,NORMAL
419,2026-06-05 08:45:00+00:00,8,4,0.866025,-0.5,-0.433884,-0.900969,False,False,MORNING,1.0,5.0,8.0,18.0,36.0,216.0,0.0,0.0,0.0,1.68,2.31,80.29,8.14,80.285,81.385,19.71,1.86,11.4,26.15,74.162,69.777,6.9,4.43,15.68,2.04,41.942,0.0,48.933,32.554,False,,0.0,59.391,0.0,0.0,0.0,0.0,0.0,4.0,0.0,0.0,9.0,0.0,83.702,82.479,77.946,73.267,41.724,74.567,33.481,23.0,0.0,84.877,83.107,81.452,76.444,43.683,100.0,33.951,5.04,5.145,87.663,85.664,0.33,NORMAL
420,2026-06-05 09:00:00+00:00,9,4,0.707107,-0.707107,-0.433884,-0.900969,False,False,MORNING,3.0,4.0,9.0,20.0,38.0,217.0,0.0,0.0,0.0,5.04,2.799,80.68,8.3,80.684,82.998,19.32,1.7,11.97,27.41,70.953,66.89,7.05,4.46,15.5,2.07,42.603,0.0,100.0,33.199,False,,0.0,63.726,0.0,0.0,0.0,0.0,0.0,5.0,0.0,0.0,10.0,0.0,84.498,82.843,72.851,68.68,41.105,100.0,33.799,26.0,0.0,84.448,83.395,73.337,69.138,43.614,100.0,33.779,3.36,5.683,87.038,85.146,0.17,NORMAL
421,2026-06-05 09:15:00+00:00,9,4,0.707107,-0.707107,-0.433884,-0.900969,False,False,MORNING,3.0,6.0,11.0,19.0,39.0,214.0,0.0,0.0,0.0,5.04,1.592,81.43,8.41,81.434,84.124,18.57,1.59,10.7,24.62,80.107,75.169,7.33,4.49,15.18,2.13,43.769,0.0,100.0,33.65,False,,0.0,66.313,0.0,0.0,0.0,0.0,0.0,7.0,0.0,0.0,10.0,0.0,83.54,82.972,78.883,74.13,41.088,48.933,33.416,26.0,0.0,85.085,83.989,73.859,69.63,44.219,100.0,34.034,5.04,5.894,86.955,84.941,0.17,NORMAL
422,2026-06-05 09:30:00+00:00,9,4,0.707107,-0.707107,-0.433884,-0.900969,False,False,MORNING,4.0,7.0,11.0,22.0,42.0,218.0,0.0,0.0,0.0,6.72,1.922,82.56,8.48,82.562,84.839,17.44,1.52,11.97,27.41,72.604,68.447,7.1,4.52,15.37,2.09,43.065,0.16,100.0,33.936,False,,0.0,64.933,0.0,0.0,0.0,0.0,0.0,4.0,0.0,0.04,12.0,0.0,84.04,82.97,81.807,76.757,43.161,100.0,33.616,25.0,0.0,85.392,84.469,77.075,72.554,43.276,100.0,34.157,3.36,3.735,86.381,84.905,0.01,NORMAL
423,2026-06-05 09:45:00+00:00,9,4,0.707107,-0.707107,-0.433884,-0.900969,False,False,MORNING,2.0,6.0,12.0,24.0,41.0,217.0,0.0,0.0,0.0,3.36,4.144,82.48,8.37,82.479,83.702,17.52,1.63,11.14,25.58,77.946,73.267,6.72,4.54,15.73,2.03,41.724,0.0,74.567,33.481,False,,0.0,63.498,0.0,0.0,0.0,0.0,0.0,4.0,0.0,0.0,12.0,0.0,84.877,83.107,81.452,76.444,43.683,100.0,33.951,25.0,0.0,86.795,84.937,74.693,70.416,45.114,100.0,34.718,5.04,4.974,85.971,84.962,0.01,NORMAL
424,2026-06-05 10:00:00+00:00,10,4,0.5,-0.866025,-0.433884,-0.900969,False,False,MORNING,3.0,5.0,12.0,25.0,40.0,219.0,0.0,0.0,0.0,5.04,3.269,82.84,8.45,82.843,84.498,17.16,1.55,11.97,27.41,72.851,68.68,6.54,4.56,15.9,2.0,41.105,0.0,100.0,33.799,False,,0.0,64.808,0.0,0.0,0.0,0.0,0.0,3.0,0.0,0.0,14.0,0.0,84.448,83.395,73.337,69.138,43.614,100.0,33.779,22.0,0.0,86.444,85.142,76.593,72.142,45.239,100.0,34.578,5.04,4.928,86.32,84.955,0.01,NORMAL
425,2026-06-05 10:15:00+00:00,10,4,0.5,-0.866025,-0.433884,-0.900969,False,False,MORNING,1.0,4.0,10.0,25.0,39.0,214.0,0.0,0.0,0.0,1.68,1.546,82.97,8.35,82.972,83.54,17.03,1.65,11.07,25.44,78.883,74.13,6.53,4.57,15.91,2.0,41.088,0.0,48.933,33.416,False,,0.0,61.425,0.0,0.0,0.0,0.0,0.0,-1.0,0.0,0.0,14.0,0.0,85.085,83.989,73.859,69.63,44.219,100.0,34.034,21.0,0.0,84.1,84.544,74.395,70.134,45.767,49.0,33.64,5.04,4.587,86.323,85.068,0.01,NORMAL
426,2026-06-05 10:30:00+00:00,10,4,0.5,-0.866025,-0.433884,-0.900969,False,False,MORNING,3.0,4.0,9.0,27.0,41.0,212.0,0.0,0.0,0.0,5.04,4.848,82.97,8.4,82.97,84.04,17.03,1.6,10.68,24.57,81.807,76.757,7.07,4.58,15.35,2.1,43.161,0.0,100.0,33.616,False,,0.0,66.974,0.0,0.0,0.0,0.0,0.0,-2.0,-0.16,0.0,12.0,0.0,85.392,84.469,77.075,72.554,43.276,100.0,34.157,25.0,0.0,83.968,84.068,73.929,69.696,46.371,74.533,33.587,1.68,5.475,85.665,84.185,0.0,NORMAL
427,2026-06-05 10:45:00+00:00,10,4,0.5,-0.866025,-0.433884,-0.900969,False,False,MORNING,3.0,6.0,10.0,30.0,42.0,212.0,0.0,0.0,0.0,5.04,4.158,83.11,8.49,83.107,84.877,16.89,1.51,10.74,24.71,81.452,76.444,7.2,4.6,15.21,2.12,43.683,0.0,100.0,33.951,False,,0.0,67.138,0.0,0.0,0.0,0.0,0.0,-2.0,0.0,0.0,11.0,0.0,86.795,84.937,74.693,70.416,45.114,100.0,34.718,26.0,0.73,86.707,85.083,75.112,70.811,47.26,100.0,39.09,3.36,4.86,84.967,83.88,0.0,NORMAL
428,2026-06-05 11:00:00+00:00,11,4,0.258819,-0.965926,-0.433884,-0.900969,False,False,MORNING,3.0,6.0,10.0,31.0,44.0,208.0,0.0,0.0,0.0,5.04,4.059,83.4,8.44,83.395,84.448,16.6,1.56,11.97,27.41,73.337,69.138,7.17,4.61,15.22,2.12,43.614,0.0,100.0,33.779,False,,0.0,65.259,0.0,0.0,0.0,0.0,0.0,-2.0,0.0,0.0,12.0,0.0,86.444,85.142,76.593,72.142,45.239,100.0,34.578,23.0,0.0,88.435,85.24,74.959,70.667,46.771,100.0,35.374,5.04,3.111,84.555,84.403,0.0,NORMAL
429,2026-06-05 11:15:00+00:00,11,4,0.258819,-0.965926,-0.433884,-0.900969,False,False,MORNING,3.0,6.0,12.0,33.0,46.0,208.0,0.0,0.0,0.0,5.04,2.41,83.99,8.51,83.989,85.085,16.01,1.49,11.97,27.41,73.859,69.63,7.32,4.62,15.06,2.15,44.219,0.0,100.0,34.034,False,,0.0,65.693,0.0,0.0,0.0,0.0,0.0,2.0,0.0,0.0,12.0,0.0,84.1,84.544,74.395,70.134,45.767,49.0,33.64,22.0,0.0,88.434,84.739,74.519,70.252,46.191,77.758,35.374,8.712,4.94,87.888,85.013,0.48,NORMAL
430,2026-06-05 11:30:00+00:00,11,4,0.258819,-0.965926,-0.433884,-0.900969,False,False,MORNING,3.0,6.0,12.0,32.0,49.0,210.0,0.0,0.0,0.0,5.04,2.999,84.47,8.54,84.469,85.392,15.53,1.46,11.54,26.46,77.075,72.554,7.05,4.64,15.32,2.1,43.276,0.0,100.0,34.157,False,,0.0,66.512,0.0,0.0,0.0,0.0,0.0,3.0,0.0,0.0,13.0,0.0,83.968,84.068,73.929,69.696,46.371,74.533,33.587,23.0,0.0,87.667,84.7,74.484,70.219,48.165,100.0,35.067,8.431,4.487,89.301,85.858,0.8,NORMAL
431,2026-06-05 11:45:00+00:00,11,4,0.258819,-0.965926,-0.433884,-0.900969,False,False,MORNING,5.0,8.0,14.0,36.0,54.0,210.0,0.0,0.0,0.0,8.4,5.964,84.94,8.68,84.937,86.795,15.06,1.32,11.97,27.41,74.693,70.416,7.52,4.66,14.82,2.19,45.114,0.33,100.0,34.718,False,,0.0,66.518,0.0,0.0,0.0,0.0,0.0,4.0,0.33,0.082,14.0,0.73,86.707,85.083,75.112,70.811,47.26,100.0,39.09,22.0,0.0,87.25,84.567,84.14,78.914,48.331,76.175,34.9,4.697,3.725,89.063,86.125,0.64,NORMAL
432,2026-06-05 12:00:00+00:00,12,4,0.0,-1.0,-0.433884,-0.900969,False,False,MORNING,3.0,8.0,14.0,36.0,56.0,212.0,0.0,0.0,0.0,5.04,4.363,85.14,8.64,85.142,86.444,14.86,1.36,11.7,26.82,76.593,72.142,7.53,4.68,14.79,2.2,45.239,0.33,100.0,34.578,False,,0.0,66.94,0.0,0.0,0.0,0.0,0.0,4.0,0.33,0.082,10.0,0.0,88.435,85.24,74.959,70.667,46.771,100.0,35.374,23.0,0.0,87.134,84.569,86.764,82.518,47.869,74.583,34.854,1.68,5.628,87.599,85.284,0.32,NORMAL
433,2026-06-05 12:15:00+00:00,12,4,0.0,-1.0,-0.433884,-0.900969,False,False,MORNING,1.0,4.0,12.0,34.0,53.0,210.0,0.0,0.0,0.0,1.68,5.008,84.54,8.41,84.544,84.1,15.46,1.59,11.96,27.4,74.395,70.134,7.69,4.67,14.64,2.22,45.767,0.01,49.0,33.64,False,,0.0,61.292,0.0,0.0,0.0,0.0,0.0,0.0,0.01,0.002,9.0,0.0,88.434,84.739,74.519,70.252,46.191,77.758,35.374,24.0,0.0,88.351,85.675,89.151,84.751,47.702,100.0,35.341,8.335,5.087,89.339,85.922,0.97,NORMAL
434,2026-06-05 12:30:00+00:00,12,4,0.0,-1.0,-0.433884,-0.900969,False,False,MORNING,2.0,3.0,11.0,32.0,54.0,207.0,0.0,0.0,0.0,3.36,5.319,84.07,8.4,84.068,83.968,15.93,1.6,11.97,27.41,73.929,69.696,7.86,4.66,14.48,2.25,46.371,0.0,74.533,33.587,False,,0.0,63.405,0.0,0.0,0.0,0.0,0.0,-1.0,0.0,0.0,12.0,0.0,87.667,84.7,74.484,70.219,48.165,100.0,35.067,22.0,0.0,88.182,85.639,98.709,93.522,48.009,100.0,35.273,6.785,4.976,90.05,86.303,0.81,NORMAL
435,2026-06-05 12:45:00+00:00,12,4,0.0,-1.0,-0.433884,-0.900969,False,False,MORNING,6.0,8.0,12.0,36.0,60.0,212.0,0.73,0.0,0.0,8.846,3.69,85.08,8.67,85.083,86.707,14.92,1.33,11.97,27.41,75.112,70.811,8.05,4.71,14.24,2.3,47.26,0.48,100.0,39.09,False,,1.3,67.291,0.73,0.73,0.73,0.046,0.73,-2.0,0.15,0.302,12.0,0.0,87.25,84.567,84.14,78.914,48.331,76.175,34.9,20.0,0.0,87.663,85.664,87.888,83.587,48.365,100.0,35.065,5.04,5.678,89.754,86.173,0.81,NORMAL
436,2026-06-05 13:00:00+00:00,13,4,-0.258819,-0.965926,-0.433884,-0.900969,False,False,MORNING,3.0,9.0,12.0,36.0,61.0,210.0,0.0,0.07,0.0661,6.274,4.956,85.24,8.84,85.24,88.435,14.76,1.16,11.97,27.41,74.959,70.667,7.89,4.74,14.37,2.27,46.771,0.48,100.0,35.374,False,,0.0,67.124,-0.73,0.0,0.0,0.046,0.73,-2.0,0.15,0.12,13.0,0.0,87.134,84.569,86.764,82.518,47.869,74.583,34.854,19.0,0.0,87.038,85.146,87.356,83.082,49.53,76.217,34.815,3.36,5.327,88.53,85.804,0.65,NORMAL
437,2026-06-05 13:15:00+00:00,13,4,-0.258819,-0.965926,-0.433884,-0.900969,False,False,MORNING,2.0,5.0,13.0,37.0,62.0,210.0,0.0,0.0,0.0,3.36,5.362,84.74,8.84,84.739,88.434,15.26,1.16,11.97,27.41,74.519,70.252,7.71,4.76,14.53,2.24,46.191,0.32,77.758,35.374,False,,0.0,64.857,0.0,-0.73,0.0,0.046,0.73,1.0,0.31,0.08,13.0,0.0,88.351,85.675,89.151,84.751,47.702,100.0,35.341,20.0,0.0,86.955,84.941,87.146,82.881,50.574,100.0,34.782,6.72,5.088,88.862,86.179,0.81,NORMAL
438,2026-06-05 13:30:00+00:00,13,4,-0.258819,-0.965926,-0.433884,-0.900969,False,False,MORNING,3.0,5.0,14.0,37.0,64.0,211.0,0.0,0.0,0.0,5.04,5.505,84.7,8.77,84.7,87.667,15.3,1.23,11.97,27.41,74.484,70.219,8.23,4.78,14.0,2.34,48.165,0.32,100.0,35.067,False,,0.0,66.867,0.0,0.0,0.0,0.046,0.73,3.0,0.32,0.08,11.0,0.0,88.182,85.639,98.709,93.522,48.009,100.0,35.273,23.0,0.0,86.381,84.905,87.108,82.846,50.0,74.633,34.552,1.68,5.701,87.246,85.335,0.49,NORMAL
439,2026-06-05 13:45:00+00:00,13,4,-0.258819,-0.965926,-0.433884,-0.900969,False,False,MORNING,2.0,5.0,10.0,36.0,66.0,212.0,0.0,0.0,0.0,3.36,4.058,84.57,8.73,84.567,87.25,15.43,1.27,10.58,24.36,84.14,78.914,8.27,4.78,13.95,2.35,48.331,0.16,76.175,34.9,False,,0.0,66.827,0.0,0.0,-0.73,0.046,0.73,-2.0,-0.32,0.04,10.0,0.0,87.663,85.664,87.888,83.587,48.365,100.0,35.065,26.0,0.0,85.971,84.962,100.0,95.882,49.68,100.0,34.389,5.04,4.87,86.822,85.42,0.49,NORMAL
440,2026-06-05 14:00:00+00:00,14,4,-0.5,-0.866025,-0.433884,-0.900969,False,False,EVENING,2.0,4.0,9.0,35.0,66.0,210.0,0.0,0.0,0.0,3.36,3.399,84.57,8.71,84.569,87.134,15.43,1.29,10.26,23.29,86.764,82.518,8.14,4.78,14.08,2.33,47.869,0.01,74.583,34.854,False,,0.0,67.367,0.0,0.0,0.0,0.046,0.73,-3.0,-0.47,0.002,10.0,0.0,87.038,85.146,87.356,83.082,49.53,76.217,34.815,25.0,0.0,86.32,84.955,93.236,88.483,50.409,100.0,34.528,5.04,5.099,86.393,85.448,0.49,NORMAL
441,2026-06-05 14:15:00+00:00,14,4,-0.5,-0.866025,-0.433884,-0.900969,False,False,EVENING,5.0,7.0,12.0,37.0,70.0,210.0,0.0,0.0,0.0,8.4,3.488,85.68,8.84,85.675,88.351,14.32,1.16,10.12,22.97,89.151,84.751,8.08,4.8,14.12,2.32,47.702,0.33,100.0,35.341,False,,0.0,70.68,0.0,0.0,0.0,0.046,0.73,-1.0,0.01,0.082,11.0,0.0,86.955,84.941,87.146,82.881,50.574,100.0,34.782,23.0,0.0,86.323,85.068,87.276,83.006,49.545,100.0,34.529,3.36,6.314,85.66,84.783,0.33,MODERATE
442,2026-06-05 14:30:00+00:00,14,4,-0.5,-0.866025,-0.433884,-0.900969,False,False,EVENING,3.0,8.0,12.0,37.0,69.0,207.0,0.0,0.0,0.0,5.04,5.253,85.64,8.82,85.639,88.182,14.36,1.18,9.13,20.81,98.709,93.522,8.15,4.81,14.04,2.33,48.009,0.33,100.0,35.273,False,,0.0,72.866,0.0,0.0,0.0,0.046,0.73,-2.0,0.01,0.082,11.0,0.0,86.381,84.905,87.108,82.846,50.0,74.633,34.552,27.0,0.0,85.665,84.185,86.37,82.144,48.616,48.933,34.266,8.553,4.982,87.018,85.54,0.97,MODERATE
443,2026-06-05 14:45:00+00:00,14,4,-0.5,-0.866025,-0.433884,-0.900969,False,False,EVENING,3.0,6.0,13.0,35.0,71.0,210.0,0.0,0.0,0.0,5.04,5.145,85.66,8.77,85.664,87.663,14.34,1.23,10.26,23.29,87.888,83.587,8.25,4.81,13.94,2.35,48.365,0.33,100.0,35.065,False,,0.0,70.309,0.0,0.0,0.0,0.046,0.73,3.0,0.17,0.082,10.0,0.0,85.971,84.962,100.0,95.882,49.68,100.0,34.389,28.0,0.0,84.967,83.88,87.542,83.214,48.982,74.533,33.987,8.251,5.579,88.274,86.082,1.29,MODERATE
444,2026-06-05 15:00:00+00:00,15,4,-0.707107,-0.707107,-0.433884,-0.900969,False,False,EVENING,2.0,5.0,13.0,34.0,70.0,211.0,0.0,0.0,0.0,3.36,5.683,85.15,8.7,85.146,87.038,14.85,1.3,10.26,23.29,87.356,83.082,8.57,4.81,13.63,2.41,49.53,0.17,76.217,34.815,False,,0.0,67.91,0.0,0.0,0.0,0.046,0.73,4.0,0.16,0.042,9.0,0.0,86.32,84.955,93.236,88.483,50.409,100.0,34.528,29.0,0.0,84.555,84.403,89.958,85.454,48.707,100.0,33.822,5.036,6.429,88.411,85.72,0.97,NORMAL
445,2026-06-05 15:15:00+00:00,15,4,-0.707107,-0.707107,-0.433884,-0.900969,False,False,EVENING,3.0,5.0,11.0,36.0,70.0,212.0,0.0,0.0,0.0,5.04,5.894,84.94,8.7,84.941,86.955,15.06,1.3,10.26,23.29,87.146,82.881,8.85,4.8,13.34,2.46,50.574,0.17,100.0,34.782,False,,0.0,70.033,0.0,0.0,0.0,0.046,0.73,-1.0,-0.16,0.042,9.0,0.0,86.323,85.068,87.276,83.006,49.545,100.0,34.529,28.0,0.81,87.888,85.013,87.596,83.31,49.121,100.0,40.041,6.72,6.923,88.659,85.644,1.13,MODERATE
446,2026-06-05 15:30:00+00:00,15,4,-0.707107,-0.707107,-0.433884,-0.900969,False,False,EVENING,2.0,5.0,10.0,36.0,68.0,209.0,0.0,0.0,0.0,3.36,3.735,84.9,8.64,84.905,86.381,15.1,1.36,10.26,23.29,87.108,82.846,8.71,4.79,13.5,2.43,50.0,0.01,74.633,34.552,False,,0.0,67.567,0.0,0.0,0.0,0.046,0.73,-2.0,-0.32,0.002,12.0,0.0,85.665,84.185,86.37,82.144,48.616,48.933,34.266,26.0,0.8,89.301,85.858,100.0,97.699,49.908,100.0,40.497,1.68,4.684,85.984,85.161,0.82,NORMAL
447,2026-06-05 15:45:00+00:00,15,4,-0.707107,-0.707107,-0.433884,-0.900969,False,False,EVENING,3.0,5.0,10.0,33.0,69.0,209.0,0.0,0.0,0.0,5.04,4.974,84.96,8.6,84.962,85.971,15.04,1.4,8.83,20.14,100.0,95.882,8.63,4.78,13.59,2.41,49.68,0.01,100.0,34.389,False,,0.0,72.863,0.0,0.0,0.0,0.046,0.73,-3.0,-0.32,0.002,16.0,0.0,84.967,83.88,87.542,83.214,48.982,74.533,33.987,22.0,0.0,89.063,86.125,98.961,93.771,49.927,80.967,35.625,5.04,4.697,86.638,85.181,0.82,MODERATE
448,2026-06-05 16:00:00+00:00,16,4,-0.866025,-0.5,-0.433884,-0.900969,False,False,EVENING,3.0,6.0,11.0,33.0,69.0,210.0,0.0,0.0,0.0,5.04,4.928,84.96,8.63,84.955,86.32,15.04,1.37,9.59,21.82,93.236,88.483,8.84,4.77,13.39,2.45,50.409,0.01,100.0,34.528,False,,0.0,71.297,0.0,0.0,0.0,0.046,0.73,-2.0,-0.16,0.002,16.0,0.0,84.555,84.403,89.958,85.454,48.707,100.0,33.822,23.0,0.0,87.599,85.284,87.498,83.216,48.217,52.175,35.04,3.36,4.241,85.532,85.071,0.66,MODERATE
449,2026-06-05 16:15:00+00:00,16,4,-0.866025,-0.5,-0.433884,-0.900969,False,False,EVENING,3.0,6.0,11.0,34.0,71.0,213.0,0.0,0.0,0.0,5.04,4.587,85.07,8.63,85.068,86.323,14.93,1.37,10.26,23.29,87.276,83.006,8.61,4.77,13.62,2.41,49.545,0.01,100.0,34.529,False,,0.0,69.872,0.0,0.0,0.0,0.046,0.73,0.0,-0.16,0.002,14.0,0.81,87.888,85.013,87.596,83.31,49.121,100.0,40.041,25.0,2.04,89.339,85.922,89.191,84.824,48.587,100.0,47.966,3.36,4.265,85.193,84.879,0.5,NORMAL
450,2026-06-05 16:30:00+00:00,16,4,-0.866025,-0.5,-0.433884,-0.900969,False,False,EVENING,1.0,4.0,10.0,32.0,69.0,210.0,0.0,0.0,0.0,1.68,5.475,84.19,8.57,84.185,85.665,15.81,1.43,10.26,23.29,86.37,82.144,8.37,4.76,13.87,2.36,48.616,0.0,48.933,34.266,False,,0.0,64.655,0.0,0.0,0.0,0.046,0.73,0.0,-0.01,0.0,15.0,0.8,89.301,85.858,100.0,97.699,49.908,100.0,40.497,20.0,0.0,90.05,86.303,94.706,89.878,48.511,82.592,36.02,5.04,4.39,85.335,85.027,0.5,NORMAL
451,2026-06-05 16:45:00+00:00,16,4,-0.866025,-0.5,-0.433884,-0.900969,False,False,EVENING,2.0,3.0,9.0,32.0,68.0,208.0,0.0,0.0,0.0,3.36,4.86,83.88,8.5,83.88,84.967,16.12,1.5,10.09,22.91,87.542,83.214,8.49,4.74,13.77,2.38,48.982,0.0,74.533,33.987,False,,0.0,67.054,0.0,0.0,0.0,0.0,0.0,-1.0,-0.01,0.0,12.0,0.0,89.063,86.125,98.961,93.771,49.927,80.967,35.625,25.0,0.0,89.754,86.173,88.842,84.482,49.752,100.0,35.902,5.04,5.576,85.812,84.846,0.5,NORMAL
452,2026-06-05 17:00:00+00:00,17,4,-0.965926,-0.258819,-0.433884,-0.900969,False,False,EVENING,3.0,5.0,9.0,33.0,68.0,210.0,0.0,0.0,0.0,5.04,3.111,84.4,8.46,84.403,84.555,15.6,1.54,9.88,22.45,89.958,85.454,8.43,4.72,13.85,2.37,48.707,0.0,100.0,33.822,False,,0.0,69.913,0.0,0.0,0.0,0.0,0.0,-2.0,-0.01,0.0,13.0,0.0,87.599,85.284,87.498,83.216,48.217,52.175,35.04,27.0,0.0,88.53,85.804,90.486,85.984,49.658,81.008,35.412,1.68,4.382,83.864,84.365,0.18,NORMAL
453,2026-06-05 17:15:00+00:00,17,4,-0.965926,-0.258819,-0.433884,-0.900969,False,False,EVENING,6.0,9.0,12.0,34.0,71.0,215.0,0.81,0.0,0.0,8.712,4.94,85.01,8.79,85.013,87.888,14.99,1.21,10.26,23.29,87.596,83.31,8.49,4.77,13.74,2.39,49.121,0.48,100.0,40.041,False,,1.5,70.728,0.81,0.81,0.81,0.051,0.81,1.0,0.47,0.322,14.0,2.04,89.339,85.922,89.191,84.824,48.587,100.0,47.966,26.0,0.0,88.862,86.179,96.644,91.651,46.463,100.0,35.545,1.68,3.232,83.074,84.056,0.0,MODERATE
454,2026-06-05 17:30:00+00:00,17,4,-0.965926,-0.258819,-0.433884,-0.900969,False,False,EVENING,5.0,11.0,16.0,36.0,73.0,215.0,0.8,0.07,0.0733,8.431,4.487,85.86,8.93,85.858,89.301,14.14,1.07,8.79,20.06,100.0,97.699,8.65,4.83,13.52,2.43,49.908,0.8,100.0,40.497,False,,1.5,74.477,-0.010000000000000009,0.8,0.8,0.101,0.81,6.0,0.8,0.4,11.0,0.0,90.05,86.303,94.706,89.878,48.511,82.592,36.02,26.0,0.0,87.246,85.335,87.55,83.266,46.631,53.825,34.898,5.04,5.634,84.431,83.772,0.0,MODERATE
455,2026-06-05 17:45:00+00:00,17,4,-0.965926,-0.258819,-0.433884,-0.900969,False,False,EVENING,2.0,7.0,16.0,35.0,70.0,213.0,0.0,0.07,0.0716,4.697,3.725,86.12,8.91,86.125,89.063,13.88,1.09,9.16,20.87,98.961,93.771,8.64,4.84,13.52,2.43,49.927,0.64,80.967,35.625,False,,0.0,71.668,-0.8,-0.81,0.0,0.101,0.81,7.0,0.64,0.16,10.0,0.0,89.754,86.173,88.842,84.482,49.752,100.0,35.902,26.0,0.0,86.822,85.42,87.637,83.349,45.527,100.0,34.729,6.72,2.968,85.578,84.595,0.16,MODERATE
456,2026-06-05 18:00:00+00:00,18,4,-1.0,-0.0,-0.433884,-0.900969,False,False,EVENING,1.0,3.0,14.0,34.0,68.0,214.0,0.0,0.0,0.0,1.68,5.628,85.28,8.76,85.284,87.599,14.72,1.24,10.26,23.29,87.498,83.216,8.18,4.84,13.98,2.34,48.217,0.32,52.175,35.04,False,,0.0,65.803,0.0,-0.8,0.0,0.101,0.81,5.0,0.32,0.08,10.0,0.0,88.53,85.804,90.486,85.984,49.658,81.008,35.412,26.0,0.0,86.393,85.448,92.641,87.954,43.338,100.0,34.557,3.36,4.881,84.258,84.347,0.0,NORMAL
457,2026-06-05 18:15:00+00:00,18,4,-1.0,-0.0,-0.433884,-0.900969,False,False,EVENING,7.0,8.0,15.0,38.0,74.0,218.0,2.04,0.0,0.0,8.335,5.087,85.92,8.93,85.922,89.339,14.08,1.07,10.25,23.27,89.191,84.824,8.19,4.93,13.88,2.36,48.587,0.97,100.0,47.966,False,,3.9,72.331,2.04,2.04,1.23,0.228,2.04,3.0,0.49,0.752,11.0,0.0,88.862,86.179,96.644,91.651,46.463,100.0,35.545,25.0,0.0,85.66,84.783,86.983,82.727,43.37,77.85,34.264,3.36,4.263,83.852,84.162,0.0,MODERATE
458,2026-06-05 18:30:00+00:00,18,4,-1.0,-0.0,-0.433884,-0.900969,False,False,EVENING,2.0,9.0,12.0,38.0,74.0,215.0,0.0,0.18,0.1835,6.785,4.976,86.3,9.0,86.303,90.05,13.7,1.0,9.59,21.82,94.706,89.878,8.17,4.93,13.9,2.36,48.511,0.81,82.592,36.02,False,,0.0,70.946,-2.04,0.0,-0.8,0.228,2.04,-4.0,0.01,0.202,9.0,0.0,87.246,85.335,87.55,83.266,46.631,53.825,34.898,25.0,1.91,87.018,85.54,88.641,84.304,43.325,100.0,46.26,0.0,2.943,82.828,83.528,0.0,MODERATE
459,2026-06-05 18:45:00+00:00,18,4,-1.0,-0.0,-0.433884,-0.900969,False,False,EVENING,3.0,5.0,13.0,38.0,71.0,216.0,0.0,0.0,0.0,5.04,5.678,86.17,8.98,86.173,89.754,13.83,1.02,10.21,23.18,88.842,84.482,8.5,4.93,13.57,2.42,49.752,0.81,100.0,35.902,False,,0.0,71.185,0.0,-2.04,0.0,0.228,2.04,-3.0,0.17,0.202,15.0,0.0,86.822,85.42,87.637,83.349,45.527,100.0,34.729,21.0,2.0,88.274,86.082,89.239,84.872,47.36,100.0,47.296,1.68,2.817,82.569,83.27,0.0,MODERATE
460,2026-06-05 19:00:00+00:00,19,4,-0.965926,0.258819,-0.433884,-0.900969,False,False,EVENING,2.0,5.0,14.0,37.0,70.0,212.0,0.0,0.0,0.0,3.36,5.327,85.8,8.85,85.804,88.53,14.2,1.15,9.98,22.68,90.486,85.984,8.49,4.92,13.59,2.41,49.658,0.65,81.008,35.412,False,,0.0,69.519,0.0,0.0,0.0,0.228,2.04,0.0,0.33,0.162,17.0,0.0,86.393,85.448,92.641,87.954,43.338,100.0,34.557,19.0,0.0,88.411,85.72,90.766,86.239,47.107,58.675,35.364,3.36,2.716,82.381,83.45,0.0,NORMAL
461,2026-06-05 19:15:00+00:00,19,4,-0.965926,0.258819,-0.433884,-0.900969,False,False,EVENING,4.0,6.0,11.0,38.0,72.0,213.0,0.0,0.0,0.0,6.72,5.088,86.18,8.89,86.179,88.862,13.82,1.11,9.39,21.37,96.644,91.651,7.63,4.91,14.46,2.26,46.463,0.81,100.0,35.545,False,,0.0,72.509,0.0,0.0,-2.04,0.228,2.04,-4.0,-0.16,0.202,15.0,0.0,85.66,84.783,86.983,82.727,43.37,77.85,34.264,19.0,0.0,88.659,85.644,87.941,83.636,47.459,100.0,35.464,0.0,5.324,81.182,82.239,0.0,MODERATE
462,2026-06-05 19:30:00+00:00,19,4,-0.965926,0.258819,-0.433884,-0.900969,False,False,EVENING,1.0,5.0,10.0,38.0,70.0,210.0,0.0,0.0,0.0,1.68,5.701,85.34,8.72,85.335,87.246,14.66,1.28,10.26,23.29,87.55,83.266,7.7,4.89,14.41,2.27,46.631,0.49,53.825,34.898,False,,0.0,65.762,0.0,0.0,0.0,0.228,2.04,-2.0,-0.32,0.122,17.0,1.91,87.018,85.54,88.641,84.304,43.325,100.0,46.26,16.0,0.0,85.984,85.161,87.371,83.096,47.731,57.092,34.393,1.68,3.378,81.179,81.815,0.0,NORMAL
463,2026-06-05 19:45:00+00:00,19,4,-0.965926,0.258819,-0.433884,-0.900969,False,False,EVENING,3.0,4.0,10.0,39.0,71.0,210.0,0.0,0.0,0.0,5.04,4.87,85.42,8.68,85.42,86.822,14.58,1.32,10.26,23.29,87.637,83.349,7.42,4.87,14.71,2.21,45.527,0.49,100.0,34.729,False,,0.0,69.773,0.0,0.0,0.0,0.228,2.04,-3.0,-0.32,0.122,11.0,2.0,88.274,86.082,89.239,84.872,47.36,100.0,47.296,18.0,0.0,86.638,85.181,99.104,93.866,48.197,100.0,34.655,3.36,2.738,80.946,81.993,0.0,NORMAL
464,2026-06-05 20:00:00+00:00,20,4,-0.866025,0.5,-0.433884,-0.900969,False,False,EVENING,3.0,6.0,11.0,39.0,72.0,211.0,0.0,0.0,0.0,5.04,5.099,85.45,8.64,85.448,86.393,14.55,1.36,9.71,22.08,92.641,87.954,6.86,4.84,15.3,2.11,43.338,0.49,100.0,34.557,False,,0.0,70.649,0.0,0.0,0.0,0.228,2.04,-3.0,-0.16,0.122,9.0,0.0,88.411,85.72,90.766,86.239,47.107,58.675,35.364,19.0,0.0,85.532,85.071,100.0,100.0,47.931,81.108,34.213,0.0,3.656,80.101,81.164,0.0,MODERATE
465,2026-06-05 20:15:00+00:00,20,4,-0.866025,0.5,-0.433884,-0.900969,False,False,EVENING,2.0,5.0,9.0,35.0,69.0,209.0,0.0,0.0,0.0,3.36,6.314,84.78,8.57,84.783,85.66,15.22,1.43,10.26,23.29,86.983,82.727,6.89,4.82,15.29,2.11,43.37,0.33,77.85,34.264,False,,0.0,67.059,0.0,0.0,0.0,0.228,2.04,-2.0,-0.48,0.082,10.0,0.0,88.659,85.644,87.941,83.636,47.459,100.0,35.464,19.0,0.0,85.193,84.879,100.0,100.0,48.118,79.517,34.077,0.0,2.24,79.023,80.711,0.0,NORMAL
466,2026-06-05 20:30:00+00:00,20,4,-0.866025,0.5,-0.433884,-0.900969,False,False,EVENING,7.0,9.0,15.0,37.0,73.0,214.0,1.91,0.0,0.0,8.553,4.982,85.54,8.7,85.54,87.018,14.46,1.3,10.26,23.29,88.641,84.304,6.82,4.88,15.3,2.11,43.325,0.97,100.0,46.26,False,,3.6,71.097,1.91,1.91,1.91,0.348,2.04,5.0,0.48,0.72,8.0,0.0,85.984,85.161,87.371,83.096,47.731,57.092,34.393,19.0,0.0,85.335,85.027,100.0,100.0,49.208,100.0,34.134,1.68,1.716,78.561,80.749,0.0,MODERATE
467,2026-06-05 20:45:00+00:00,20,4,-0.866025,0.5,-0.433884,-0.900969,False,False,EVENING,5.0,12.0,17.0,40.0,75.0,216.0,2.0,0.17,0.086,8.251,5.579,86.08,8.83,86.082,88.274,13.92,1.17,10.26,23.29,89.239,84.872,7.84,4.95,14.21,2.3,47.36,1.29,100.0,47.296,False,,3.9,72.029,0.09000000000000008,2.0,2.0,0.473,2.04,7.0,0.8,0.822,10.0,0.0,86.638,85.181,99.104,93.866,48.197,100.0,34.655,16.0,0.0,85.812,84.846,100.0,100.0,48.179,100.0,34.325,0.0,2.564,77.441,80.22,0.0,MODERATE
468,2026-06-05 21:00:00+00:00,21,4,-0.707107,0.707107,-0.433884,-0.900969,False,False,EVENING,1.0,6.0,15.0,40.0,74.0,214.0,0.0,0.18,0.1798,5.036,6.429,85.72,8.84,85.72,88.411,14.28,1.16,9.94,22.59,90.766,86.239,7.79,4.93,14.28,2.29,47.107,0.97,58.675,35.364,False,,0.0,67.302,-2.0,-1.91,0.0,0.473,2.04,4.0,0.48,0.242,10.0,0.0,85.532,85.071,100.0,100.0,47.931,81.108,34.213,14.0,0.0,83.864,84.365,100.0,100.0,47.645,50.742,33.545,1.68,2.069,77.672,80.099,0.0,NORMAL
469,2026-06-05 21:15:00+00:00,21,4,-0.707107,0.707107,-0.433884,-0.900969,False,False,EVENING,4.0,5.0,17.0,37.0,75.0,212.0,0.0,0.0,0.0,6.72,6.923,85.64,8.87,85.644,88.659,14.36,1.13,10.25,23.27,87.941,83.636,7.89,4.92,14.19,2.31,47.459,1.13,100.0,35.464,False,,0.0,70.434,0.0,-2.0,0.0,0.422,2.04,8.0,0.8,0.282,9.0,0.0,85.193,84.879,100.0,100.0,48.118,79.517,34.077,15.0,0.0,83.074,84.056,100.0,100.0,46.933,48.933,33.23,1.68,1.954,77.302,80.068,0.0,MODERATE
470,2026-06-05 21:30:00+00:00,21,4,-0.707107,0.707107,-0.433884,-0.900969,False,False,EVENING,1.0,5.0,11.0,36.0,74.0,210.0,0.0,0.0,0.0,1.68,4.684,85.16,8.6,85.161,85.984,14.84,1.4,10.26,23.29,87.371,83.096,8.01,4.88,14.11,2.32,47.731,0.82,57.092,34.393,False,,0.0,65.822,0.0,0.0,-1.91,0.372,2.04,-4.0,-0.15,0.205,8.0,0.0,85.335,85.027,100.0,100.0,49.208,100.0,34.134,14.0,0.0,84.431,83.772,100.0,100.0,45.09,100.0,33.773,0.0,2.311,76.716,79.549,0.0,NORMAL
471,2026-06-05 21:45:00+00:00,21,4,-0.707107,0.707107,-0.433884,-0.900969,False,False,EVENING,3.0,4.0,9.0,36.0,74.0,211.0,0.0,0.0,0.0,5.04,4.697,85.18,8.66,85.181,86.638,14.82,1.34,9.05,20.62,99.104,93.866,8.16,4.86,13.99,2.34,48.197,0.82,100.0,34.655,False,,0.0,72.562,0.0,0.0,-2.0,0.372,2.04,-8.0,-0.47,0.205,8.0,0.0,85.812,84.846,100.0,100.0,48.179,100.0,34.325,12.0,0.0,85.578,84.595,100.0,100.0,46.705,100.0,34.231,0.0,3.853,76.184,78.639,0.0,MODERATE
472,2026-06-05 22:00:00+00:00,22,4,-0.5,0.866025,-0.433884,-0.900969,False,False,NIGHT,2.0,5.0,10.0,36.0,73.0,208.0,0.0,0.0,0.0,3.36,4.241,85.07,8.55,85.071,85.532,14.93,1.45,6.27,17.99,100.0,100.0,8.11,4.83,14.06,2.33,47.931,0.66,81.108,34.213,False,,0.0,71.436,0.0,0.0,0.0,0.372,2.04,-5.0,-0.31,0.165,9.0,0.0,83.864,84.365,100.0,100.0,47.645,50.742,33.545,10.0,0.0,84.258,84.347,100.0,100.0,46.18,57.867,33.703,0.0,1.509,75.812,78.299,0.0,MODERATE
473,2026-06-05 22:15:00+00:00,22,4,-0.5,0.866025,-0.433884,-0.900969,False,False,NIGHT,2.0,4.0,8.0,34.0,72.0,210.0,0.0,0.0,0.0,3.36,4.265,84.88,8.52,84.879,85.193,15.12,1.48,5.37,16.02,100.0,100.0,8.19,4.8,14.01,2.34,48.118,0.5,79.517,34.077,False,,0.0,71.199,0.0,0.0,0.0,0.244,2.0,-9.0,-0.63,0.125,10.0,0.0,83.074,84.056,100.0,100.0,46.933,48.933,33.23,8.0,0.0,83.852,84.162,100.0,100.0,46.458,57.867,33.541,3.36,1.199,77.105,78.709,0.0,MODERATE
474,2026-06-05 22:30:00+00:00,22,4,-0.5,0.866025,-0.433884,-0.900969,False,False,NIGHT,3.0,5.0,10.0,36.0,74.0,212.0,0.0,0.0,0.0,5.04,4.39,85.03,8.53,85.027,85.335,14.97,1.47,6.27,17.99,100.0,100.0,8.51,4.78,13.71,2.39,49.208,0.5,100.0,34.134,False,,0.0,73.202,0.0,0.0,0.0,0.244,2.0,-1.0,-0.32,0.125,11.0,0.0,84.431,83.772,100.0,100.0,45.09,100.0,33.773,6.0,0.0,82.828,83.528,100.0,100.0,46.853,8.0,33.131,3.36,4.203,77.218,78.487,0.0,MODERATE
475,2026-06-05 22:45:00+00:00,22,4,-0.5,0.866025,-0.433884,-0.900969,False,False,NIGHT,3.0,6.0,10.0,36.0,75.0,213.0,0.0,0.0,0.0,5.04,5.576,84.85,8.58,84.846,85.812,15.15,1.42,6.27,17.99,100.0,100.0,8.24,4.77,13.99,2.34,48.179,0.5,100.0,34.325,False,,0.0,73.165,0.0,0.0,0.0,0.244,2.0,1.0,-0.32,0.125,8.0,0.0,85.578,84.595,100.0,100.0,46.705,100.0,34.231,7.0,0.0,82.569,83.27,100.0,100.0,45.983,32.267,33.028,0.0,0.807,75.894,78.418,0.0,MODERATE
476,2026-06-05 23:00:00+00:00,23,4,-0.258819,0.965926,-0.433884,-0.900969,False,False,NIGHT,1.0,4.0,9.0,34.0,73.0,213.0,0.0,0.0,0.0,1.68,4.382,84.36,8.39,84.365,83.864,15.64,1.61,4.9,14.98,100.0,100.0,8.13,4.74,14.14,2.32,47.645,0.18,50.742,33.545,False,,0.0,68.188,0.0,0.0,0.0,0.244,2.0,-1.0,-0.48,0.045,5.0,0.0,84.258,84.347,100.0,100.0,46.18,57.867,33.703,6.0,0.0,82.381,83.45,100.0,100.0,45.885,57.867,32.953,0.0,2.011,74.362,78.069,0.0,NORMAL
477,2026-06-05 23:15:00+00:00,23,4,-0.258819,0.965926,-0.433884,-0.900969,False,False,NIGHT,1.0,2.0,8.0,33.0,68.0,212.0,0.0,0.0,0.0,1.68,3.232,84.06,8.31,84.056,83.074,15.94,1.69,6.03,17.47,100.0,100.0,7.97,4.7,14.33,2.28,46.933,0.0,48.933,33.23,False,,0.0,67.735,0.0,0.0,0.0,0.244,2.0,0.0,-0.5,0.0,5.0,0.0,83.852,84.162,100.0,100.0,46.458,57.867,33.541,5.0,0.0,81.182,82.239,100.0,100.0,45.177,8.0,32.473,1.68,0.0,74.779,78.447,0.0,NORMAL
478,2026-06-05 23:30:00+00:00,23,4,-0.258819,0.965926,-0.433884,-0.900969,False,False,NIGHT,3.0,4.0,8.0,29.0,66.0,215.0,0.0,0.0,0.0,5.04,5.634,83.77,8.44,83.772,84.431,16.23,1.56,6.27,17.99,100.0,100.0,7.48,4.69,14.83,2.19,45.09,0.0,100.0,33.773,False,,0.0,72.374,0.0,0.0,0.0,0.244,2.0,-2.0,-0.5,0.0,3.0,0.0,82.828,83.528,100.0,100.0,46.853,8.0,33.131,6.0,0.0,81.179,81.815,100.0,100.0,46.275,32.267,32.472,0.0,1.581,73.443,78.185,0.0,MODERATE
479,2026-06-05 23:45:00+00:00,23,4,-0.258819,0.965926,-0.433884,-0.900969,False,False,NIGHT,4.0,7.0,9.0,28.0,68.0,219.0,0.0,0.0,0.0,6.72,2.968,84.6,8.56,84.595,85.578,15.4,1.44,6.27,17.99,100.0,100.0,7.92,4.69,14.39,2.27,46.705,0.16,100.0,34.231,False,,0.0,72.93,0.0,0.0,0.0,0.244,2.0,-1.0,-0.34,0.04,4.0,0.0,82.569,83.27,100.0,100.0,45.983,32.267,33.028,5.0,0.0,80.946,81.993,100.0,100.0,45.179,57.867,32.378,5.04,1.701,74.789,78.885,0.0,MODERATE
480,2026-06-06 00:00:00+00:00,0,5,0.0,1.0,-0.974928,-0.222521,True,False,NIGHT,2.0,6.0,10.0,29.0,69.0,220.0,0.0,0.0,0.0,3.36,4.881,84.35,8.43,84.347,84.258,15.65,1.57,5.26,15.78,100.0,100.0,7.79,4.68,14.53,2.24,46.18,0.0,57.867,33.703,False,,0.0,68.772,0.0,0.0,0.0,0.244,2.0,1.0,-0.18,0.0,5.0,0.0,82.381,83.45,100.0,100.0,45.885,57.867,32.953,3.0,0.0,80.101,81.164,100.0,100.0,44.548,8.0,32.04,1.68,0.809,75.068,79.075,0.0,NORMAL
481,2026-06-06 00:15:00+00:00,0,5,0.0,1.0,-0.974928,-0.222521,True,False,NIGHT,2.0,4.0,11.0,27.0,64.0,221.0,0.0,0.0,0.0,3.36,4.263,84.16,8.39,84.162,83.852,15.84,1.61,5.74,16.84,100.0,100.0,7.88,4.67,14.46,2.26,46.458,0.0,57.867,33.541,False,,0.0,68.675,0.0,0.0,0.0,0.244,2.0,3.0,0.0,0.0,3.0,0.0,81.182,82.239,100.0,100.0,45.177,8.0,32.473,3.0,0.0,79.023,80.711,100.0,100.0,43.478,8.0,31.609,8.4,2.144,77.856,80.36,0.22,NORMAL
482,2026-06-06 00:30:00+00:00,0,5,0.0,1.0,-0.974928,-0.222521,True,False,NIGHT,0.0,2.0,8.0,26.0,62.0,221.0,0.0,0.0,0.0,0.0,2.943,83.53,8.28,83.528,82.828,16.47,1.72,5.62,16.56,100.0,100.0,8.0,4.65,14.35,2.28,46.853,0.0,8.0,33.131,False,,0.0,63.879,0.0,0.0,0.0,0.125,2.0,0.0,0.0,0.0,3.0,0.0,81.179,81.815,100.0,100.0,46.275,32.267,32.472,5.0,0.0,78.561,80.749,100.0,100.0,42.866,32.267,31.424,0.0,1.866,76.862,79.993,0.0,NORMAL
483,2026-06-06 00:45:00+00:00,0,5,0.0,1.0,-0.974928,-0.222521,True,False,NIGHT,1.0,1.0,5.0,24.0,60.0,220.0,0.0,0.0,0.0,1.68,2.817,83.27,8.26,83.27,82.569,16.73,1.74,6.25,17.95,100.0,100.0,7.79,4.62,14.58,2.23,45.983,0.0,32.267,33.028,False,,0.0,65.876,0.0,0.0,0.0,0.0,0.0,-4.0,-0.16,0.0,3.0,0.0,80.946,81.993,100.0,100.0,45.179,57.867,32.378,6.0,0.0,77.441,80.22,100.0,100.0,42.7,8.0,30.976,3.36,0.0,77.64,80.755,0.0,NORMAL
484,2026-06-06 01:00:00+00:00,1,5,0.258819,0.965926,-0.974928,-0.222521,True,False,NIGHT,2.0,3.0,5.0,24.0,60.0,221.0,0.0,0.0,0.0,3.36,2.716,83.45,8.24,83.45,82.381,16.55,1.76,6.27,17.99,100.0,100.0,7.78,4.61,14.61,2.23,45.885,0.0,57.867,32.953,False,,0.0,68.173,0.0,0.0,0.0,0.0,0.0,-5.0,0.0,0.0,1.0,0.0,80.101,81.164,100.0,100.0,44.548,8.0,32.04,6.0,0.0,77.672,80.099,100.0,100.0,43.215,32.267,31.069,3.36,3.03,79.068,80.695,0.0,NORMAL
485,2026-06-06 01:15:00+00:00,1,5,0.258819,0.965926,-0.974928,-0.222521,True,False,NIGHT,0.0,2.0,3.0,22.0,56.0,221.0,0.0,0.0,0.0,0.0,5.324,82.24,8.12,82.239,81.182,17.76,1.88,5.52,16.34,100.0,100.0,7.62,4.58,14.8,2.2,45.177,0.0,8.0,32.473,False,,0.0,63.115,0.0,0.0,0.0,0.0,0.0,-8.0,0.0,0.0,2.0,0.0,79.023,80.711,100.0,100.0,43.478,8.0,31.609,5.0,0.0,77.302,80.068,100.0,100.0,41.802,32.267,30.921,5.04,2.404,81.21,81.14,0.0,NORMAL
486,2026-06-06 01:30:00+00:00,1,5,0.258819,0.965926,-0.974928,-0.222521,True,False,NIGHT,1.0,1.0,4.0,20.0,56.0,221.0,0.0,0.0,0.0,1.68,3.378,81.81,8.12,81.815,81.179,18.19,1.88,5.94,17.26,100.0,100.0,7.94,4.56,14.51,2.25,46.275,0.0,32.267,32.472,False,,0.0,65.304,0.0,0.0,0.0,0.0,0.0,-4.0,0.0,0.0,3.0,0.0,78.561,80.749,100.0,100.0,42.866,32.267,31.424,5.0,0.0,76.716,79.549,100.0,100.0,42.099,8.0,30.686,1.68,2.806,80.012,80.978,0.0,NORMAL
487,2026-06-06 01:45:00+00:00,1,5,0.258819,0.965926,-0.974928,-0.222521,True,False,NIGHT,2.0,3.0,5.0,19.0,55.0,223.0,0.0,0.0,0.0,3.36,2.738,81.99,8.09,81.993,80.946,18.01,1.91,5.48,16.26,100.0,100.0,7.66,4.53,14.8,2.2,45.179,0.0,57.867,32.378,False,,0.0,67.502,0.0,0.0,0.0,0.0,0.0,0.0,0.0,0.0,2.0,0.0,77.441,80.22,100.0,100.0,42.7,8.0,30.976,5.0,0.0,76.184,78.639,100.0,99.324,44.931,8.0,30.474,1.68,3.123,80.405,80.578,0.0,NORMAL
488,2026-06-06 02:00:00+00:00,2,5,0.5,0.866025,-0.974928,-0.222521,True,False,NIGHT,0.0,2.0,3.0,18.0,52.0,222.0,0.0,0.0,0.0,0.0,3.656,81.16,8.01,81.164,80.101,18.84,1.99,5.55,16.41,100.0,100.0,7.52,4.51,14.97,2.17,44.548,0.0,8.0,32.04,False,,0.0,62.606,0.0,0.0,0.0,0.0,0.0,-2.0,0.0,0.0,2.0,0.0,77.672,80.099,100.0,100.0,43.215,32.267,31.069,8.0,0.0,75.812,78.299,100.0,100.0,45.145,8.0,30.325,1.68,1.349,80.613,80.64,0.0,NORMAL
489,2026-06-06 02:15:00+00:00,2,5,0.5,0.866025,-0.974928,-0.222521,True,False,NIGHT,0.0,0.0,3.0,17.0,50.0,221.0,0.0,0.0,0.0,0.0,2.24,80.71,7.9,80.711,79.023,19.29,2.1,6.27,17.99,100.0,100.0,7.26,4.48,15.26,2.11,43.478,0.0,8.0,31.609,False,,0.0,62.194,0.0,0.0,0.0,0.0,0.0,0.0,0.0,0.0,1.0,0.0,77.302,80.068,100.0,100.0,41.802,32.267,30.921,9.0,0.0,77.105,78.709,100.0,99.414,44.97,57.867,30.842,5.04,2.062,81.998,81.246,0.0,NORMAL
490,2026-06-06 02:30:00+00:00,2,5,0.5,0.866025,-0.974928,-0.222521,True,False,NIGHT,1.0,1.0,3.0,15.0,44.0,222.0,0.0,0.0,0.0,1.68,1.716,80.75,7.86,80.749,78.561,19.25,2.14,3.39,11.66,100.0,100.0,7.13,4.45,15.43,2.08,42.866,0.0,32.267,31.424,False,,0.0,64.239,0.0,0.0,0.0,0.0,0.0,-1.0,0.0,0.0,2.0,0.0,76.716,79.549,100.0,100.0,42.099,8.0,30.686,12.0,0.0,77.218,78.487,100.0,99.133,46.06,57.867,30.887,3.36,2.641,81.79,81.447,0.0,NORMAL
491,2026-06-06 02:45:00+00:00,2,5,0.5,0.866025,-0.974928,-0.222521,True,False,NIGHT,0.0,1.0,1.0,11.0,39.0,221.0,0.0,0.0,0.0,0.0,2.564,80.22,7.74,80.22,77.441,19.78,2.26,4.41,13.9,100.0,100.0,7.12,4.41,15.47,2.08,42.7,0.0,8.0,30.976,False,,0.0,61.7,0.0,0.0,0.0,0.0,0.0,-4.0,0.0,0.0,4.0,0.0,76.184,78.639,100.0,99.324,44.931,8.0,30.474,10.0,0.0,75.894,78.418,100.0,99.046,45.365,8.0,30.357,1.68,2.974,80.557,81.247,0.0,NORMAL
492,2026-06-06 03:00:00+00:00,3,5,0.707107,0.707107,-0.974928,-0.222521,True,False,NIGHT,1.0,1.0,2.0,10.0,39.0,221.0,0.0,0.0,0.0,1.68,2.069,80.1,7.77,80.099,77.672,19.9,2.23,5.65,16.62,100.0,100.0,7.29,4.38,15.33,2.1,43.215,0.0,32.267,31.069,False,,0.0,63.95,0.0,0.0,0.0,0.0,0.0,-1.0,0.0,0.0,4.0,0.0,75.812,78.299,100.0,100.0,45.145,8.0,30.325,12.0,0.0,74.362,78.069,100.0,98.604,44.658,8.0,29.745,3.36,2.239,80.324,81.55,0.0,NORMAL
493,2026-06-06 03:15:00+00:00,3,5,0.707107,0.707107,-0.974928,-0.222521,True,False,NIGHT,1.0,2.0,3.0,9.0,36.0,220.0,0.0,0.0,0.0,1.68,1.954,80.07,7.73,80.068,77.302,19.93,2.27,5.88,17.14,100.0,100.0,6.93,4.35,15.71,2.03,41.802,0.0,32.267,30.921,False,,0.0,63.742,0.0,0.0,0.0,0.0,0.0,0.0,0.0,0.0,4.0,0.0,77.105,78.709,100.0,99.414,44.97,57.867,30.842,14.0,0.0,74.779,78.447,100.0,99.778,42.363,32.267,29.912,3.36,3.051,81.752,81.485,0.0,NORMAL
494,2026-06-06 03:30:00+00:00,3,5,0.707107,0.707107,-0.974928,-0.222521,True,False,NIGHT,0.0,1.0,2.0,9.0,35.0,219.0,0.0,0.0,0.0,0.0,2.311,79.55,7.67,79.549,76.716,20.45,2.33,6.0,17.41,100.0,100.0,7.04,4.33,15.63,2.05,42.099,0.0,8.0,30.686,False,,0.0,61.353,0.0,0.0,0.0,0.0,0.0,-1.0,0.0,0.0,3.0,0.0,77.218,78.487,100.0,99.133,46.06,57.867,30.887,16.0,0.0,73.443,78.185,100.0,98.752,41.407,8.0,29.377,8.4,2.897,83.511,82.685,0.22,NORMAL
495,2026-06-06 03:45:00+00:00,3,5,0.707107,0.707107,-0.974928,-0.222521,True,False,NIGHT,0.0,0.0,2.0,8.0,32.0,216.0,0.0,0.0,0.0,0.0,3.853,78.64,7.62,78.639,76.184,21.36,2.38,6.27,17.99,100.0,99.324,7.83,4.3,14.87,2.18,44.931,0.0,8.0,30.474,False,,0.0,61.22,0.0,0.0,0.0,0.0,0.0,1.0,0.0,0.0,1.0,0.0,75.894,78.418,100.0,99.046,45.365,8.0,30.357,17.0,0.0,74.789,78.885,100.0,99.636,41.404,83.467,29.916,8.4,3.314,85.58,83.749,0.43,NORMAL
496,2026-06-06 04:00:00+00:00,4,5,0.866025,0.5,-0.974928,-0.222521,True,False,NIGHT,0.0,0.0,1.0,6.0,30.0,212.0,0.0,0.0,0.0,0.0,1.509,78.3,7.58,78.299,75.812,21.7,2.42,5.78,16.92,100.0,100.0,7.91,4.27,14.81,2.19,45.145,0.0,8.0,30.325,False,,0.0,61.171,0.0,0.0,0.0,0.0,0.0,-1.0,0.0,0.0,4.0,0.0,74.362,78.069,100.0,98.604,44.658,8.0,29.745,15.0,0.0,75.068,79.075,69.538,65.556,41.571,32.267,30.027,3.36,5.054,84.739,83.41,0.17,NORMAL
497,2026-06-06 04:15:00+00:00,4,5,0.866025,0.5,-0.974928,-0.222521,True,False,NIGHT,2.0,2.0,2.0,8.0,30.0,212.0,0.0,0.0,0.0,3.36,1.199,78.71,7.71,78.709,77.105,21.29,2.29,6.27,17.99,100.0,99.414,7.87,4.27,14.86,2.19,44.97,0.0,57.867,30.842,False,,0.0,65.922,0.0,0.0,0.0,0.0,0.0,-1.0,0.0,0.0,5.0,0.0,74.779,78.447,100.0,99.778,42.363,32.267,29.912,15.0,0.0,77.856,80.36,75.421,70.914,40.774,100.0,31.143,1.68,4.814,83.224,82.778,0.0,NORMAL
498,2026-06-06 04:30:00+00:00,4,5,0.866025,0.5,-0.974928,-0.222521,True,False,NIGHT,2.0,4.0,4.0,9.0,29.0,213.0,0.0,0.0,0.0,3.36,4.203,78.49,7.72,78.487,77.218,21.51,2.28,6.27,17.99,100.0,99.133,8.17,4.26,14.56,2.24,46.06,0.0,57.867,30.887,False,,0.0,65.96,0.0,0.0,0.0,0.0,0.0,2.0,0.0,0.0,9.0,0.0,73.443,78.185,100.0,98.752,41.407,8.0,29.377,13.0,0.0,76.862,79.993,70.345,66.317,42.485,8.0,30.745,9.335,2.779,86.13,84.126,0.38,NORMAL
499,2026-06-06 04:45:00+00:00,4,5,0.866025,0.5,-0.974928,-0.222521,True,False,NIGHT,0.0,2.0,4.0,7.0,26.0,211.0,0.0,0.0,0.0,0.0,0.807,78.42,7.59,78.418,75.894,21.58,2.41,6.27,17.99,100.0,99.046,8.0,4.25,14.75,2.2,45.365,0.0,8.0,30.357,False,,0.0,61.119,0.0,0.0,0.0,0.0,0.0,2.0,0.0,0.0,9.0,0.0,74.789,78.885,100.0,99.636,41.404,83.467,29.916,15.0,0.0,77.64,80.755,71.016,66.949,45.697,57.867,31.056,5.785,4.095,86.812,84.48,0.27,NORMAL
500,2026-06-06 05:00:00+00:00,5,5,0.965926,0.258819,-0.974928,-0.222521,True,False,NIGHT,0.0,0.0,4.0,7.0,25.0,210.0,0.0,0.0,0.0,0.0,2.011,78.07,7.44,78.069,74.362,21.93,2.56,6.27,17.99,100.0,98.604,7.84,4.21,14.94,2.17,44.658,0.0,8.0,29.745,False,,0.0,60.619,0.0,0.0,0.0,0.0,0.0,3.0,0.0,0.0,8.0,0.0,75.068,79.075,69.538,65.556,41.571,32.267,30.027,14.0,0.0,79.068,80.695,70.963,66.899,46.481,57.867,31.627,8.646,4.191,88.409,85.434,0.81,NORMAL
501,2026-06-06 05:15:00+00:00,5,5,0.965926,0.258819,-0.974928,-0.222521,True,False,NIGHT,1.0,1.0,3.0,8.0,25.0,210.0,0.0,0.0,0.0,1.68,0.0,78.45,7.48,78.447,74.779,21.55,2.52,6.21,17.87,100.0,99.778,7.24,4.19,15.56,2.06,42.363,0.0,32.267,29.912,False,,0.0,62.904,0.0,0.0,0.0,0.0,0.0,1.0,0.0,0.0,9.0,0.0,77.856,80.36,75.421,70.914,40.774,100.0,31.143,14.0,0.0,81.21,81.14,71.354,67.268,44.806,83.467,32.484,4.794,6.378,87.731,85.106,0.39,NORMAL
502,2026-06-06 05:30:00+00:00,5,5,0.965926,0.258819,-0.974928,-0.222521,True,False,NIGHT,0.0,1.0,1.0,7.0,22.0,210.0,0.0,0.0,0.0,0.0,1.581,78.19,7.34,78.185,73.443,21.81,2.66,6.27,17.99,100.0,98.752,7.02,4.16,15.82,2.01,41.407,0.0,8.0,29.377,False,,0.0,60.186,0.0,0.0,0.0,0.0,0.0,-3.0,0.0,0.0,7.0,0.0,76.862,79.993,70.345,66.317,42.485,8.0,30.745,13.0,0.0,80.012,80.978,77.611,72.909,45.417,32.267,32.005,6.72,5.583,88.583,85.305,0.44,NORMAL
503,2026-06-06 05:45:00+00:00,5,5,0.965926,0.258819,-0.974928,-0.222521,True,False,NIGHT,3.0,3.0,4.0,10.0,21.0,213.0,0.0,0.0,0.0,5.04,1.701,78.89,7.48,78.885,74.789,21.11,2.52,6.27,17.99,100.0,99.636,7.03,4.15,15.82,2.01,41.404,0.0,83.467,29.916,False,,0.0,67.507,0.0,0.0,0.0,0.0,0.0,0.0,0.0,0.0,8.0,0.0,77.64,80.755,71.016,66.949,45.697,57.867,31.056,17.0,0.0,80.405,80.578,70.86,66.803,45.603,32.267,32.162,8.311,2.772,89.545,86.594,1.14,NORMAL
504,2026-06-06 06:00:00+00:00,6,5,1.0,0.0,-0.974928,-0.222521,True,False,MORNING,1.0,4.0,5.0,10.0,20.0,213.0,0.0,0.0,0.0,1.68,0.809,79.08,7.51,79.075,75.068,20.92,2.49,11.97,27.41,69.538,65.556,7.08,4.15,15.78,2.02,41.571,0.0,32.267,30.027,False,,0.0,55.267,0.0,0.0,0.0,0.0,0.0,1.0,0.0,0.0,7.0,0.0,79.068,80.695,70.963,66.899,46.481,57.867,31.627,21.0,0.0,80.613,80.64,70.914,66.854,45.081,32.267,32.245,7.819,4.895,90.131,87.266,0.88,NORMAL
505,2026-06-06 06:15:00+00:00,6,5,1.0,0.0,-0.974928,-0.222521,True,False,MORNING,5.0,6.0,9.0,14.0,23.0,214.0,0.0,0.0,0.0,8.4,2.144,80.36,7.79,80.36,77.856,19.64,2.21,11.22,25.75,75.421,70.914,6.83,4.18,15.99,1.98,40.774,0.22,100.0,31.143,False,,0.0,63.48,0.0,0.0,0.0,0.0,0.0,6.0,0.22,0.055,6.0,0.0,81.21,81.14,71.354,67.268,44.806,83.467,32.484,22.0,0.0,81.998,81.246,81.189,76.131,45.478,83.467,32.799,2.35,5.739,88.475,86.584,0.45,NORMAL
506,2026-06-06 06:30:00+00:00,6,5,1.0,0.0,-0.974928,-0.222521,True,False,MORNING,0.0,5.0,9.0,14.0,23.0,213.0,0.0,0.0,0.0,0.0,1.866,79.99,7.69,79.993,76.862,20.01,2.31,11.97,27.41,70.345,66.317,7.29,4.19,15.53,2.06,42.485,0.0,8.0,30.745,False,,0.0,53.914,0.0,0.0,0.0,0.0,0.0,8.0,0.0,0.0,6.0,0.0,80.012,80.978,77.611,72.909,45.417,32.267,32.005,20.0,0.0,81.79,81.447,72.782,68.571,46.133,57.867,32.716,3.36,4.575,88.052,86.323,0.19,NORMAL
507,2026-06-06 06:45:00+00:00,6,5,1.0,0.0,-0.974928,-0.222521,True,False,MORNING,2.0,2.0,8.0,16.0,24.0,215.0,0.0,0.0,0.0,3.36,0.0,80.76,7.76,80.755,77.64,19.24,2.24,11.97,27.41,71.016,66.949,8.14,4.2,14.66,2.22,45.697,0.0,57.867,31.056,False,,0.0,59.171,0.0,0.0,0.0,0.0,0.0,4.0,0.0,0.0,7.0,0.0,80.405,80.578,70.86,66.803,45.603,32.267,32.162,24.0,0.0,80.557,81.247,71.448,67.357,44.852,32.267,32.223,7.944,5.869,89.165,86.73,0.41,NORMAL
508,2026-06-06 07:00:00+00:00,7,5,0.965926,-0.258819,-0.974928,-0.222521,True,False,MORNING,2.0,4.0,9.0,18.0,24.0,215.0,0.0,0.0,0.0,3.36,3.03,80.7,7.91,80.695,79.068,19.3,2.09,11.97,27.41,70.963,66.899,8.32,4.23,14.45,2.26,46.481,0.0,57.867,31.627,False,,0.0,59.501,0.0,0.0,0.0,0.0,0.0,4.0,0.0,0.0,7.0,0.0,80.613,80.64,70.914,66.854,45.081,32.267,32.245,26.0,0.0,80.324,81.55,94.936,88.373,44.172,57.867,32.13,2.136,6.307,88.148,85.789,0.0,NORMAL
509,2026-06-06 07:15:00+00:00,7,5,0.965926,-0.258819,-0.974928,-0.222521,True,False,MORNING,3.0,5.0,7.0,19.0,27.0,217.0,0.0,0.0,0.0,5.04,2.404,81.14,8.12,81.14,81.21,18.86,1.88,11.97,27.41,71.354,67.268,7.82,4.28,14.9,2.18,44.806,0.0,83.467,32.484,False,,0.0,62.272,0.0,0.0,0.0,0.0,0.0,-2.0,-0.22,0.0,8.0,0.0,81.998,81.246,81.189,76.131,45.478,83.467,32.799,31.0,0.0,81.752,81.485,74.927,70.51,42.983,57.867,32.701,5.04,2.84,87.951,86.359,0.0,NORMAL
510,2026-06-06 07:30:00+00:00,7,5,0.965926,-0.258819,-0.974928,-0.222521,True,False,MORNING,1.0,4.0,8.0,18.0,27.0,217.0,0.0,0.0,0.0,1.68,2.806,80.98,8.0,80.978,80.012,19.02,2.0,10.98,25.24,77.611,72.909,7.96,4.3,14.74,2.21,45.417,0.0,32.267,32.005,False,,0.0,58.872,0.0,0.0,0.0,0.0,0.0,-1.0,0.0,0.0,7.0,0.0,81.79,81.447,72.782,68.571,46.133,57.867,32.716,30.0,0.0,83.511,82.685,72.712,68.549,41.87,100.0,33.404,6.72,4.756,88.634,86.782,0.06,NORMAL
511,2026-06-06 07:45:00+00:00,7,5,0.965926,-0.258819,-0.974928,-0.222521,True,False,MORNING,1.0,2.0,7.0,19.0,26.0,218.0,0.0,0.0,0.0,1.68,3.123,80.58,8.04,80.578,80.405,19.42,1.96,11.97,27.41,70.86,66.803,7.99,4.33,14.69,2.22,45.603,0.0,32.267,32.162,False,,0.0,57.336,0.0,0.0,0.0,0.0,0.0,-1.0,0.0,0.0,10.0,0.0,80.557,81.247,71.448,67.357,44.852,32.267,32.223,29.0,0.0,85.58,83.749,73.648,69.431,42.248,100.0,34.232,1.68,6.418,86.946,85.766,0.0,NORMAL
512,2026-06-06 08:00:00+00:00,8,5,0.866025,-0.5,-0.974928,-0.222521,True,False,MORNING,1.0,2.0,6.0,20.0,27.0,217.0,0.0,0.0,0.0,1.68,1.349,80.64,8.06,80.64,80.613,19.36,1.94,11.97,27.41,70.914,66.854,7.82,4.35,14.83,2.19,45.081,0.0,32.267,32.245,False,,0.0,57.357,0.0,0.0,0.0,0.0,0.0,-3.0,0.0,0.0,14.0,0.0,80.324,81.55,94.936,88.373,44.172,57.867,32.13,32.0,0.0,84.739,83.41,73.35,69.15,43.003,59.567,33.896,6.72,5.79,87.708,85.922,0.06,NORMAL
513,2026-06-06 08:15:00+00:00,8,5,0.866025,-0.5,-0.974928,-0.222521,True,False,MORNING,3.0,4.0,6.0,22.0,30.0,219.0,0.0,0.0,0.0,5.04,2.062,81.25,8.2,81.246,81.998,18.75,1.8,10.53,24.25,81.189,76.131,7.9,4.38,14.72,2.21,45.478,0.0,83.467,32.799,False,,0.0,64.757,0.0,0.0,0.0,0.0,0.0,-1.0,0.0,0.0,14.0,0.0,81.752,81.485,74.927,70.51,42.983,57.867,32.701,32.0,0.0,83.224,82.778,72.794,68.626,43.559,32.267,33.289,0.0,5.469,85.507,84.775,0.0,NORMAL
514,2026-06-06 08:30:00+00:00,8,5,0.866025,-0.5,-0.974928,-0.222521,True,False,MORNING,2.0,5.0,7.0,24.0,31.0,217.0,0.0,0.0,0.0,3.36,2.641,81.45,8.18,81.447,81.79,18.55,1.82,11.78,26.99,72.782,68.571,8.05,4.4,14.54,2.24,46.133,0.0,57.867,32.716,False,,0.0,60.599,0.0,0.0,0.0,0.0,0.0,-1.0,0.0,0.0,13.0,0.0,83.511,82.685,72.712,68.549,41.87,100.0,33.404,32.0,0.44,86.13,84.126,80.221,75.385,45.277,100.0,37.112,5.04,5.67,85.652,84.603,0.0,NORMAL
515,2026-06-06 08:45:00+00:00,8,5,0.866025,-0.5,-0.974928,-0.222521,True,False,MORNING,1.0,3.0,7.0,22.0,32.0,217.0,0.0,0.0,0.0,1.68,2.974,81.25,8.06,81.247,80.557,18.75,1.94,11.97,27.41,71.448,67.357,7.7,4.41,14.89,2.18,44.852,0.0,32.267,32.223,False,,0.0,57.583,0.0,0.0,0.0,0.0,0.0,0.0,0.0,0.0,14.0,0.0,85.58,83.749,73.648,69.431,42.248,100.0,34.232,28.0,0.0,86.812,84.48,93.164,86.959,46.654,86.2,34.725,8.62,4.323,88.567,85.386,0.38,NORMAL
516,2026-06-06 09:00:00+00:00,9,5,0.707107,-0.707107,-0.974928,-0.222521,True,False,MORNING,2.0,3.0,8.0,23.0,33.0,216.0,0.0,0.0,0.0,3.36,2.239,81.55,8.03,81.55,80.324,18.45,1.97,9.04,20.97,94.936,88.373,7.52,4.41,15.07,2.15,44.172,0.0,57.867,32.13,False,,0.0,65.186,0.0,0.0,0.0,0.0,0.0,2.0,0.0,0.0,12.0,0.0,84.739,83.41,73.35,69.15,43.003,59.567,33.896,30.0,1.85,88.409,85.434,78.194,73.628,45.34,100.0,46.486,3.14,5.876,87.734,84.785,0.0,NORMAL
517,2026-06-06 09:15:00+00:00,9,5,0.707107,-0.707107,-0.974928,-0.222521,True,False,MORNING,2.0,4.0,7.0,20.0,34.0,215.0,0.0,0.0,0.0,3.36,3.051,81.48,8.18,81.485,81.752,18.52,1.82,11.45,26.26,74.927,70.51,7.18,4.43,15.39,2.09,42.983,0.0,57.867,32.701,False,,0.0,60.806,0.0,0.0,0.0,0.0,0.0,1.0,0.0,0.0,17.0,0.0,83.224,82.778,72.794,68.626,43.559,32.267,33.289,24.0,0.0,87.731,85.106,80.5,75.666,45.591,36.133,35.092,1.68,5.804,86.949,83.833,0.0,NORMAL
518,2026-06-06 09:30:00+00:00,9,5,0.707107,-0.707107,-0.974928,-0.222521,True,False,MORNING,5.0,7.0,10.0,25.0,39.0,216.0,0.0,0.0,0.0,8.4,2.897,82.68,8.35,82.685,83.511,17.32,1.65,11.97,27.41,72.712,68.549,6.84,4.46,15.7,2.03,41.87,0.22,100.0,33.404,False,,0.0,64.613,0.0,0.0,0.0,0.0,0.0,3.0,0.22,0.055,17.0,0.44,86.13,84.126,80.221,75.385,45.277,100.0,37.112,26.0,0.0,88.583,85.305,75.017,70.721,46.15,100.0,35.433,3.36,3.592,86.106,83.859,0.0,NORMAL
519,2026-06-06 09:45:00+00:00,9,5,0.707107,-0.707107,-0.974928,-0.222521,True,False,MORNING,5.0,10.0,14.0,28.0,44.0,219.0,0.0,0.0,0.0,8.4,3.314,83.75,8.56,83.749,85.58,16.25,1.44,11.97,27.41,73.648,69.431,6.9,4.51,15.59,2.05,42.248,0.43,100.0,34.232,False,,0.0,65.513,0.0,0.0,0.0,0.0,0.0,7.0,0.43,0.108,15.0,0.0,86.812,84.48,93.164,86.959,46.654,86.2,34.725,26.0,3.05,89.545,86.594,81.159,76.364,45.932,100.0,54.136,5.04,4.22,85.902,84.085,0.0,NORMAL
520,2026-06-06 10:00:00+00:00,10,5,0.5,-0.866025,-0.974928,-0.222521,True,False,MORNING,2.0,7.0,14.0,28.0,46.0,218.0,0.0,0.0,0.0,3.36,5.054,83.41,8.47,83.41,84.739,16.59,1.53,11.97,27.41,73.35,69.15,7.07,4.54,15.39,2.09,43.003,0.17,59.567,33.896,False,,0.0,61.629,0.0,0.0,0.0,0.0,0.0,6.0,0.17,0.042,20.0,1.85,88.409,85.434,78.194,73.628,45.34,100.0,46.486,19.0,0.4,90.131,87.266,81.157,76.343,46.783,66.633,38.447,3.36,5.457,85.978,83.553,0.0,NORMAL
521,2026-06-06 10:15:00+00:00,10,5,0.5,-0.866025,-0.974928,-0.222521,True,False,MORNING,1.0,3.0,13.0,26.0,45.0,218.0,0.0,0.0,0.0,1.68,4.814,82.78,8.32,82.778,83.224,17.22,1.68,11.97,27.41,72.794,68.626,7.21,4.55,15.24,2.12,43.559,0.0,32.267,33.289,False,,0.0,58.651,0.0,0.0,0.0,0.0,0.0,6.0,0.0,0.0,15.0,0.0,87.731,85.106,80.5,75.666,45.591,36.133,35.092,21.0,0.0,88.475,86.584,76.142,71.782,46.933,36.8,35.39,5.04,3.844,86.393,83.81,0.0,NORMAL
522,2026-06-06 10:30:00+00:00,10,5,0.5,-0.866025,-0.974928,-0.222521,True,False,MORNING,6.0,7.0,14.0,31.0,49.0,221.0,0.44,0.0,0.0,9.335,2.779,84.13,8.61,84.126,86.13,15.87,1.39,11.06,25.42,80.221,75.385,7.62,4.6,14.78,2.2,45.277,0.38,100.0,37.112,False,,0.8,67.763,0.44,0.44,0.44,0.028,0.44,4.0,0.16,0.205,15.0,0.0,88.583,85.305,75.017,70.721,46.15,100.0,35.433,20.0,0.0,88.052,86.323,75.912,71.565,46.876,59.767,35.221,8.9,5.344,88.33,84.506,0.38,NORMAL
523,2026-06-06 10:45:00+00:00,10,5,0.5,-0.866025,-0.974928,-0.222521,True,False,MORNING,3.0,9.0,12.0,33.0,52.0,221.0,0.0,0.04,0.0399,5.785,4.095,84.48,8.68,84.48,86.812,15.52,1.32,9.55,22.08,93.164,86.959,7.96,4.64,14.4,2.27,46.654,0.27,86.2,34.725,False,,0.0,69.52,-0.44,0.0,0.0,0.028,0.44,-2.0,-0.16,0.068,13.0,3.05,89.545,86.594,81.159,76.364,45.932,100.0,54.136,21.0,0.27,89.165,86.73,76.378,72.004,47.136,100.0,37.296,4.54,4.794,88.741,84.401,0.11,NORMAL
524,2026-06-06 11:00:00+00:00,11,5,0.258819,-0.965926,-0.974928,-0.222521,True,False,MORNING,7.0,10.0,17.0,39.0,59.0,225.0,1.85,0.0,0.0,8.646,4.191,85.43,8.84,85.434,88.409,14.57,1.16,11.61,26.63,78.194,73.628,7.49,4.75,14.76,2.2,45.34,0.81,100.0,46.486,False,,3.4,68.961,1.85,1.4100000000000001,1.85,0.143,1.85,3.0,0.64,0.665,10.0,0.4,90.131,87.266,81.157,76.343,46.783,66.633,38.447,22.0,0.0,88.148,85.789,75.442,71.123,46.089,32.267,35.259,8.643,5.03,90.186,85.16,0.65,NORMAL
525,2026-06-06 11:15:00+00:00,11,5,0.258819,-0.965926,-0.974928,-0.222521,True,False,MORNING,1.0,8.0,17.0,37.0,59.0,223.0,0.0,0.17,0.1668,4.794,6.378,85.11,8.77,85.106,87.731,14.89,1.23,11.13,25.56,80.5,75.666,7.55,4.76,14.69,2.22,45.591,0.39,36.133,35.092,False,,0.0,62.365,-1.85,0.0,0.0,0.143,1.85,4.0,0.39,0.098,9.0,0.0,88.475,86.584,76.142,71.782,46.933,36.8,35.39,22.0,0.0,87.951,86.359,75.943,71.595,46.464,83.467,35.18,8.338,5.005,90.625,85.949,0.87,NORMAL
526,2026-06-06 11:30:00+00:00,11,5,0.258819,-0.965926,-0.974928,-0.222521,True,False,MORNING,4.0,5.0,15.0,39.0,63.0,224.0,0.0,0.0,0.0,6.72,5.583,85.31,8.86,85.305,88.583,14.69,1.14,11.97,27.41,75.017,70.721,7.68,4.79,14.54,2.24,46.15,0.44,100.0,35.433,False,,0.0,67.126,0.0,-1.85,-0.44,0.143,1.85,1.0,0.06,0.11,11.0,0.0,88.052,86.323,75.912,71.565,46.876,59.767,35.221,20.0,0.0,88.634,86.782,81.058,76.23,47.68,100.0,35.454,8.039,5.66,90.783,86.528,0.76,NORMAL
527,2026-06-06 11:45:00+00:00,11,5,0.258819,-0.965926,-0.974928,-0.222521,True,False,MORNING,8.0,12.0,20.0,46.0,68.0,227.0,3.05,0.0,0.0,8.311,2.772,86.59,8.95,86.594,89.545,13.41,1.05,11.41,26.18,81.159,76.364,7.48,4.92,14.6,2.23,45.932,1.14,100.0,54.136,False,,5.9,70.948,3.05,3.05,3.05,0.334,3.05,8.0,0.87,1.047,13.0,0.27,89.165,86.73,76.378,72.004,47.136,100.0,37.296,18.0,0.0,86.946,85.766,75.422,71.103,48.348,32.267,34.778,6.901,5.744,91.349,86.76,0.82,MODERATE
528,2026-06-06 12:00:00+00:00,12,5,0.0,-1.0,-0.974928,-0.222521,True,False,MORNING,2.0,10.0,15.0,46.0,69.0,226.0,0.4,0.27,0.2748,7.819,4.895,87.27,9.01,87.266,90.131,12.73,0.99,11.34,26.03,81.157,76.343,7.69,4.94,14.37,2.27,46.783,0.88,66.633,38.447,False,,0.8,66.588,-2.65,0.4,-1.4500000000000002,0.359,3.05,-2.0,0.07,0.32,9.0,0.0,88.148,85.789,75.442,71.123,46.089,32.267,35.259,20.0,0.0,87.708,85.922,88.153,83.839,46.987,100.0,35.083,6.72,6.457,91.789,86.782,0.88,NORMAL
529,2026-06-06 12:15:00+00:00,12,5,0.0,-1.0,-0.974928,-0.222521,True,False,MORNING,1.0,3.0,15.0,45.0,65.0,226.0,0.0,0.04,0.0359,2.35,5.739,86.58,8.85,86.584,88.475,13.42,1.15,11.97,27.41,76.142,71.782,7.74,4.93,14.33,2.28,46.933,0.45,36.8,35.39,False,,0.0,62.03,-0.4,-3.05,0.0,0.359,3.05,-2.0,0.06,0.112,12.0,0.0,87.951,86.359,75.943,71.595,46.464,83.467,35.18,18.0,0.0,85.507,84.775,94.433,89.575,47.253,8.0,34.203,7.711,5.107,92.598,87.352,1.09,NORMAL
530,2026-06-06 12:30:00+00:00,12,5,0.0,-1.0,-0.974928,-0.222521,True,False,MORNING,2.0,3.0,13.0,42.0,67.0,226.0,0.0,0.0,0.0,3.36,4.575,86.32,8.81,86.323,88.052,13.68,1.19,11.97,27.41,75.912,71.565,7.75,4.91,14.34,2.28,46.876,0.19,59.767,35.221,False,,0.0,63.897,0.0,-0.4,0.0,0.359,3.05,-2.0,-0.25,0.048,9.0,0.0,88.634,86.782,81.058,76.23,47.68,100.0,35.454,21.0,0.0,85.652,84.603,86.799,82.552,47.964,83.467,34.261,7.487,5.312,92.208,87.935,1.31,NORMAL
531,2026-06-06 12:45:00+00:00,12,5,0.0,-1.0,-0.974928,-0.222521,True,False,MORNING,5.0,7.0,10.0,42.0,70.0,225.0,0.27,0.0,0.0,7.944,5.869,86.73,8.92,86.73,89.165,13.27,1.08,11.97,27.41,76.378,72.004,7.81,4.92,14.27,2.29,47.136,0.41,100.0,37.296,False,,0.5,68.134,0.27,0.27,-2.78,0.376,3.05,-10.0,-0.73,0.17,8.0,0.0,86.946,85.766,75.422,71.103,48.348,32.267,34.778,24.0,0.87,88.567,85.386,96.496,91.502,47.514,100.0,40.642,6.642,6.679,92.103,87.936,1.21,NORMAL
532,2026-06-06 13:00:00+00:00,13,5,-0.258819,-0.965926,-0.974928,-0.222521,True,False,MORNING,1.0,6.0,9.0,41.0,69.0,223.0,0.0,0.02,0.0244,2.136,6.307,85.79,8.81,85.789,88.148,14.21,1.19,11.97,27.41,75.442,71.123,7.54,4.91,14.56,2.24,46.089,0.0,32.267,35.259,False,,0.0,61.143,-0.27,0.0,-0.4,0.376,3.05,-6.0,-0.88,0.0,13.0,0.0,87.708,85.922,88.153,83.839,46.987,100.0,35.083,20.0,0.0,87.734,84.785,86.986,82.73,47.864,32.267,35.094,5.04,7.61,91.786,87.326,1.1,NORMAL
533,2026-06-06 13:15:00+00:00,13,5,-0.258819,-0.965926,-0.974928,-0.222521,True,False,MORNING,3.0,4.0,11.0,43.0,69.0,224.0,0.0,0.0,0.0,5.04,2.84,86.36,8.8,86.359,87.951,13.64,1.2,11.97,27.41,75.943,71.595,7.65,4.89,14.45,2.26,46.464,0.0,83.467,35.18,False,,0.0,65.988,0.0,-0.27,0.0,0.376,3.05,-4.0,-0.45,0.0,10.0,0.0,85.507,84.775,94.433,89.575,47.253,8.0,34.203,26.0,0.0,86.949,83.833,93.902,89.055,47.583,32.267,34.78,7.51,6.574,93.562,87.382,1.32,NORMAL
534,2026-06-06 13:30:00+00:00,13,5,-0.258819,-0.965926,-0.974928,-0.222521,True,False,MORNING,4.0,7.0,13.0,41.0,72.0,225.0,0.0,0.0,0.0,6.72,4.756,86.78,8.86,86.782,88.634,13.22,1.14,11.27,25.87,81.058,76.23,7.99,4.89,14.13,2.32,47.68,0.06,100.0,35.454,False,,0.0,68.985,0.0,0.0,0.0,0.376,3.05,0.0,-0.13,0.015,11.0,0.0,85.652,84.603,86.799,82.552,47.964,83.467,34.261,30.0,0.0,86.106,83.859,86.036,81.826,46.67,57.867,34.442,7.46,5.924,93.524,87.77,1.38,NORMAL
535,2026-06-06 13:45:00+00:00,13,5,-0.258819,-0.965926,-0.974928,-0.222521,True,False,MORNING,1.0,5.0,9.0,39.0,72.0,224.0,0.0,0.0,0.0,1.68,6.418,85.77,8.69,85.766,86.946,14.23,1.31,11.97,27.41,75.422,71.103,8.19,4.87,13.95,2.35,48.348,0.0,32.267,34.778,False,,0.0,61.096,0.0,0.0,-0.27,0.376,3.05,-1.0,-0.41,0.0,10.0,0.87,88.567,85.386,96.496,91.502,47.514,100.0,40.642,31.0,0.0,85.902,84.085,86.267,82.046,48.371,83.467,34.361,7.317,7.139,93.785,87.788,1.75,NORMAL
536,2026-06-06 14:00:00+00:00,14,5,-0.5,-0.866025,-0.974928,-0.222521,True,False,EVENING,4.0,5.0,12.0,36.0,75.0,226.0,0.0,0.0,0.0,6.72,5.79,85.92,8.77,85.922,87.708,14.08,1.23,10.26,23.29,88.153,83.839,7.83,4.86,14.31,2.28,46.987,0.06,100.0,35.083,False,,0.0,70.312,0.0,0.0,0.0,0.376,3.05,3.0,0.06,0.015,7.0,0.0,87.734,84.785,86.986,82.73,47.864,32.267,35.094,32.0,0.0,85.978,83.553,100.0,97.92,48.074,57.867,34.391,7.306,5.31,93.676,88.298,2.13,MODERATE
537,2026-06-06 14:15:00+00:00,14,5,-0.5,-0.866025,-0.974928,-0.222521,True,False,EVENING,0.0,4.0,9.0,35.0,72.0,221.0,0.0,0.0,0.0,0.0,5.469,84.78,8.55,84.775,85.507,15.22,1.45,9.45,21.51,94.433,89.575,7.93,4.83,14.24,2.3,47.253,0.0,8.0,34.203,False,,0.0,62.806,0.0,0.0,0.0,0.376,3.05,-2.0,0.0,0.0,8.0,0.0,86.949,83.833,93.902,89.055,47.583,32.267,34.78,34.0,0.0,86.393,83.81,85.986,81.778,46.455,83.467,34.557,7.119,7.116,93.946,88.272,2.35,NORMAL
538,2026-06-06 14:30:00+00:00,14,5,-0.5,-0.866025,-0.974928,-0.222521,True,False,EVENING,3.0,3.0,8.0,34.0,73.0,221.0,0.0,0.0,0.0,5.04,5.67,84.6,8.57,84.603,85.652,15.4,1.43,10.26,23.29,86.799,82.552,8.15,4.8,14.05,2.33,47.964,0.0,83.467,34.261,False,,0.0,67.894,0.0,0.0,0.0,0.348,3.05,-5.0,-0.06,0.0,10.0,0.0,86.106,83.859,86.036,81.826,46.67,57.867,34.442,36.0,0.7,88.33,84.506,97.619,92.494,45.558,100.0,39.545,6.968,7.498,93.578,88.176,1.76,NORMAL
539,2026-06-06 14:45:00+00:00,14,5,-0.5,-0.866025,-0.974928,-0.222521,True,False,EVENING,6.0,9.0,13.0,32.0,78.0,224.0,0.87,0.0,0.0,8.62,4.323,85.39,8.86,85.386,88.567,14.61,1.14,9.36,21.31,96.496,91.502,7.98,4.85,14.17,2.31,47.514,0.38,100.0,40.642,False,,1.6,72.891,0.87,0.87,0.87,0.402,3.05,4.0,0.38,0.312,14.0,0.0,85.902,84.085,86.267,82.046,48.371,83.467,34.361,35.0,0.0,88.741,84.401,96.673,91.613,46.309,59.0,35.497,5.04,6.091,92.62,88.009,1.66,MODERATE
540,2026-06-06 15:00:00+00:00,15,5,-0.707107,-0.707107,-0.974928,-0.222521,True,False,EVENING,1.0,7.0,10.0,31.0,77.0,223.0,0.0,0.08,0.0782,3.14,5.876,84.79,8.77,84.785,87.734,15.21,1.23,10.26,23.29,86.986,82.73,8.08,4.84,14.08,2.33,47.864,0.0,32.267,35.094,False,,0.0,63.777,-0.87,0.0,0.0,0.287,3.05,-2.0,-0.06,0.0,13.0,0.0,85.978,83.553,100.0,97.92,48.074,57.867,34.391,36.0,1.86,90.186,85.16,89.445,85.032,45.42,100.0,47.208,3.36,6.137,91.142,87.463,1.4,NORMAL
541,2026-06-06 15:15:00+00:00,15,5,-0.707107,-0.707107,-0.974928,-0.222521,True,False,EVENING,1.0,2.0,11.0,31.0,76.0,221.0,0.0,0.0,0.0,1.68,5.804,83.83,8.69,83.833,86.949,16.17,1.31,9.4,21.39,93.902,89.055,8.02,4.83,14.15,2.31,47.583,0.0,32.267,34.78,False,,0.0,64.974,0.0,-0.87,0.0,0.287,3.05,2.0,0.0,0.0,18.0,0.0,86.393,83.81,85.986,81.778,46.455,83.467,34.557,32.0,1.89,90.625,85.949,95.054,90.215,45.399,100.0,47.606,6.72,7.008,91.292,87.376,1.45,NORMAL
542,2026-06-06 15:30:00+00:00,15,5,-0.707107,-0.707107,-0.974928,-0.222521,True,False,EVENING,2.0,3.0,10.0,31.0,73.0,221.0,0.0,0.0,0.0,3.36,3.592,83.86,8.61,83.859,86.106,16.14,1.39,10.26,23.29,86.036,81.826,7.79,4.81,14.4,2.27,46.67,0.0,57.867,34.442,False,,0.0,65.222,0.0,0.0,0.0,0.287,3.05,2.0,0.0,0.0,20.0,0.7,88.33,84.506,97.619,92.494,45.558,100.0,39.545,32.0,0.11,90.783,86.528,88.823,84.477,44.505,91.1,36.959,5.04,4.825,89.989,87.56,1.35,NORMAL
543,2026-06-06 15:45:00+00:00,15,5,-0.707107,-0.707107,-0.974928,-0.222521,True,False,EVENING,3.0,5.0,7.0,29.0,71.0,221.0,0.0,0.0,0.0,5.04,4.22,84.08,8.59,84.085,85.902,15.92,1.41,10.26,23.29,86.267,82.046,8.27,4.79,13.94,2.35,48.371,0.0,83.467,34.361,False,,0.0,67.742,0.0,0.0,-0.87,0.096,0.87,-6.0,-0.38,0.0,17.0,0.0,88.741,84.401,96.673,91.613,46.309,59.0,35.497,33.0,0.0,91.349,86.76,89.012,84.657,45.035,100.0,36.54,6.72,5.528,90.16,87.84,1.41,NORMAL
544,2026-06-06 16:00:00+00:00,16,5,-0.866025,-0.5,-0.974928,-0.222521,True,False,EVENING,2.0,5.0,8.0,30.0,71.0,220.0,0.0,0.0,0.0,3.36,5.457,83.55,8.6,83.553,85.978,16.45,1.4,8.49,19.39,100.0,97.92,8.2,4.78,14.02,2.34,48.074,0.0,57.867,34.391,False,,0.0,68.862,0.0,0.0,0.0,0.071,0.87,-2.0,0.0,0.0,19.0,1.86,90.186,85.16,89.445,85.032,45.42,100.0,47.208,35.0,0.0,91.789,86.782,89.035,84.678,44.343,100.0,36.716,5.04,6.539,89.059,87.576,1.3,NORMAL
545,2026-06-06 16:15:00+00:00,16,5,-0.866025,-0.5,-0.974928,-0.222521,True,False,EVENING,3.0,5.0,10.0,30.0,73.0,220.0,0.0,0.0,0.0,5.04,3.844,83.81,8.64,83.81,86.393,16.19,1.36,10.26,23.29,85.986,81.778,7.77,4.78,14.46,2.26,46.455,0.0,83.467,34.557,False,,0.0,67.541,0.0,0.0,0.0,0.071,0.87,-1.0,0.0,0.0,16.0,1.89,90.625,85.949,95.054,90.215,45.399,100.0,47.606,37.0,0.41,92.598,87.352,100.0,95.596,45.877,100.0,39.499,7.464,5.011,89.557,88.139,1.52,NORMAL
546,2026-06-06 16:30:00+00:00,16,5,-0.866025,-0.5,-0.974928,-0.222521,True,False,EVENING,6.0,9.0,14.0,32.0,73.0,225.0,0.7,0.0,0.0,8.9,5.344,84.51,8.83,84.506,88.33,15.49,1.17,9.15,20.84,97.619,92.494,7.48,4.82,14.7,2.21,45.558,0.38,100.0,39.545,False,,1.3,72.619,0.7,0.7,0.7,0.115,0.87,4.0,0.38,0.27,16.0,0.11,90.783,86.528,88.823,84.477,44.505,91.1,36.959,37.0,0.95,92.208,87.935,100.0,100.0,47.937,100.0,42.604,4.296,6.045,89.111,87.747,1.26,MODERATE
547,2026-06-06 16:45:00+00:00,16,5,-0.866025,-0.5,-0.974928,-0.222521,True,False,EVENING,2.0,8.0,13.0,33.0,72.0,225.0,0.0,0.06,0.0632,4.54,4.794,84.4,8.87,84.401,88.741,15.6,1.13,9.19,20.94,96.673,91.613,7.67,4.83,14.5,2.25,46.309,0.11,59.0,35.497,False,,0.0,68.389,-0.7,0.0,0.0,0.098,0.87,6.0,0.11,0.028,18.0,0.0,91.349,86.76,89.012,84.657,45.035,100.0,36.54,32.0,0.0,92.103,87.936,98.316,93.247,46.83,95.533,36.841,7.4,6.615,89.295,87.925,1.63,NORMAL
548,2026-06-06 17:00:00+00:00,17,5,-0.965926,-0.258819,-0.974928,-0.222521,True,False,EVENING,7.0,9.0,18.0,36.0,72.0,229.0,1.86,0.0,0.0,8.643,5.03,85.16,9.02,85.16,90.186,14.84,0.98,10.12,22.98,89.445,85.032,7.34,4.92,14.74,2.21,45.42,0.65,100.0,47.208,False,,3.4,71.988,1.86,1.1600000000000001,1.86,0.214,1.86,10.0,0.65,0.628,17.0,0.0,91.789,86.782,89.035,84.678,44.343,100.0,36.716,32.0,0.0,91.786,87.326,92.133,87.548,46.343,94.5,36.714,4.36,5.691,88.584,87.663,1.21,MODERATE
549,2026-06-06 17:15:00+00:00,17,5,-0.965926,-0.258819,-0.974928,-0.222521,True,False,EVENING,5.0,12.0,20.0,41.0,76.0,228.0,1.89,0.17,0.0882,8.338,5.005,85.95,9.06,85.949,90.625,14.05,0.94,9.61,21.87,95.054,90.215,7.25,5.0,14.74,2.21,45.399,0.87,100.0,47.606,False,,3.6,73.562,0.029999999999999805,1.89,1.89,0.332,1.89,10.0,0.87,0.69,16.0,0.41,92.598,87.352,100.0,95.596,45.877,100.0,39.499,31.0,0.53,93.562,87.382,100.0,96.787,48.77,100.0,40.602,0.0,6.16,85.307,86.451,0.63,MODERATE
550,2026-06-06 17:30:00+00:00,17,5,-0.965926,-0.258819,-0.974928,-0.222521,True,False,EVENING,3.0,8.0,17.0,41.0,75.0,226.0,0.11,0.17,0.1703,8.039,5.66,86.53,9.08,86.528,90.783,13.47,0.92,10.26,23.29,88.823,84.477,7.01,5.01,14.98,2.16,44.505,0.76,91.1,36.959,False,,0.2,70.264,-1.7799999999999998,-1.75,-0.59,0.339,1.89,3.0,0.38,0.218,16.0,0.95,92.208,87.935,100.0,100.0,47.937,100.0,42.604,30.0,0.09,93.524,87.77,90.089,85.681,47.009,100.0,37.945,5.04,5.92,86.519,86.11,0.52,MODERATE
551,2026-06-06 17:45:00+00:00,17,5,-0.965926,-0.258819,-0.974928,-0.222521,True,False,EVENING,4.0,7.0,19.0,39.0,71.0,228.0,0.0,0.01,0.0097,6.901,5.744,86.76,9.13,86.76,91.349,13.24,0.87,10.26,23.29,89.012,84.657,7.15,5.01,14.84,2.19,45.035,0.82,100.0,36.54,False,,0.0,71.25,-0.11,-1.89,0.0,0.339,1.89,6.0,0.71,0.205,15.0,0.0,92.103,87.936,98.316,93.247,46.83,95.533,36.841,29.0,1.73,93.785,87.788,90.867,86.421,45.458,100.0,47.917,6.72,5.425,87.581,86.327,0.58,MODERATE
552,2026-06-06 18:00:00+00:00,18,5,-1.0,-0.0,-0.974928,-0.222521,True,False,EVENING,4.0,8.0,16.0,42.0,73.0,231.0,0.0,0.0,0.0,6.72,6.457,86.78,9.18,86.782,91.789,13.22,0.82,10.26,23.29,89.035,84.678,6.96,5.02,15.03,2.16,44.343,0.88,100.0,36.716,False,,0.0,71.286,0.0,-0.11,-1.86,0.339,1.89,-2.0,0.23,0.22,18.0,0.0,91.786,87.326,92.133,87.548,46.343,94.5,36.714,27.0,3.39,93.676,88.298,92.153,87.644,47.025,100.0,57.781,,,,,,MODERATE
553,2026-06-06 18:15:00+00:00,18,5,-1.0,-0.0,-0.974928,-0.222521,True,False,EVENING,5.0,9.0,16.0,46.0,77.0,229.0,0.41,0.0,0.0,7.711,5.107,87.35,9.26,87.352,92.598,12.65,0.74,9.13,20.81,100.0,95.596,7.34,5.05,14.61,2.23,45.877,1.09,100.0,39.499,False,,0.8,74.6,0.41,0.41,-1.48,0.365,1.89,-4.0,0.22,0.375,21.0,0.53,93.562,87.382,100.0,96.787,48.77,100.0,40.602,24.0,4.15,93.946,88.272,92.478,87.953,46.627,100.0,62.463,,,,,,MODERATE
554,2026-06-06 18:30:00+00:00,18,5,-1.0,-0.0,-0.974928,-0.222521,True,False,EVENING,5.0,10.0,18.0,49.0,80.0,232.0,0.95,0.04,0.0369,7.487,5.312,87.94,9.22,87.935,92.208,12.06,0.78,8.61,19.66,100.0,100.0,7.86,5.09,14.06,2.33,47.937,1.31,100.0,42.604,False,,2.0,75.71,0.54,0.95,0.84,0.424,1.89,1.0,0.55,0.565,21.0,0.09,93.524,87.77,90.089,85.681,47.009,100.0,37.945,24.0,0.0,93.578,88.176,100.0,98.604,47.487,24.3,37.431,,,,,,MODERATE
555,2026-06-06 18:45:00+00:00,18,5,-1.0,-0.0,-0.974928,-0.222521,True,False,EVENING,3.0,8.0,17.0,49.0,78.0,232.0,0.0,0.09,0.0858,6.642,6.679,87.94,9.21,87.936,92.103,12.06,0.79,9.41,21.43,98.316,93.247,7.56,5.08,14.36,2.28,46.83,1.21,95.533,36.841,False,,0.0,73.567,-0.95,-0.41,0.0,0.37,1.89,-2.0,0.39,0.302,17.0,1.73,93.785,87.788,90.867,86.421,45.458,100.0,47.917,26.0,0.0,92.62,88.009,90.293,85.875,46.625,100.0,37.048,,,,,,MODERATE
556,2026-06-06 19:00:00+00:00,19,5,-0.965926,0.258819,-0.974928,-0.222521,True,False,EVENING,3.0,6.0,16.0,50.0,80.0,233.0,0.0,0.0,0.0,5.04,7.61,87.33,9.18,87.326,91.786,12.67,0.82,9.98,22.67,92.133,87.548,7.44,5.08,14.49,2.25,46.343,1.1,94.5,36.714,False,,0.0,71.807,0.0,-0.95,0.0,0.37,1.89,0.0,0.22,0.275,14.0,3.39,93.676,88.298,92.153,87.644,47.025,100.0,57.781,29.0,0.0,91.142,87.463,89.733,85.342,46.089,71.833,36.457,,,,,,MODERATE
557,2026-06-06 19:15:00+00:00,19,5,-0.965926,0.258819,-0.974928,-0.222521,True,False,EVENING,5.0,8.0,16.0,52.0,82.0,234.0,0.53,0.0,0.0,7.51,6.574,87.38,9.36,87.382,93.562,12.62,0.64,9.02,20.57,100.0,96.787,8.06,5.11,13.83,2.37,48.77,1.32,100.0,40.602,False,,1.1,75.279,0.53,0.53,0.12000000000000005,0.403,1.89,0.0,0.23,0.462,10.0,4.15,93.946,88.272,92.478,87.953,46.627,100.0,62.463,28.0,0.0,91.292,87.376,89.644,85.257,47.846,100.0,36.517,,,,,,MODERATE
558,2026-06-06 19:30:00+00:00,19,5,-0.965926,0.258819,-0.974928,-0.222521,True,False,EVENING,4.0,9.0,15.0,50.0,82.0,237.0,0.09,0.05,0.0477,7.46,5.924,87.77,9.35,87.77,93.524,12.23,0.65,10.26,23.29,90.089,85.681,7.57,5.12,14.31,2.28,47.009,1.38,100.0,37.945,False,,0.2,72.395,-0.44000000000000006,0.09,-0.86,0.409,1.89,-3.0,0.07,0.368,9.0,0.0,93.578,88.176,100.0,98.604,47.487,24.3,37.431,24.0,0.0,89.989,87.56,100.0,98.295,48.032,96.967,35.996,,,,,,MODERATE
559,2026-06-06 19:45:00+00:00,19,5,-0.965926,0.258819,-0.974928,-0.222521,True,False,EVENING,6.0,10.0,18.0,54.0,87.0,240.0,1.73,0.01,0.0046,7.317,7.139,87.79,9.38,87.788,93.785,12.21,0.62,10.26,23.29,90.867,86.421,7.08,5.19,14.73,2.21,45.458,1.75,100.0,47.917,False,,3.8,73.543,1.64,1.2,1.73,0.517,1.89,1.0,0.54,0.87,12.0,0.0,92.62,88.009,90.293,85.875,46.625,100.0,37.048,24.0,0.0,90.16,87.84,90.121,85.711,48.401,100.0,36.064,,,,,,MODERATE
560,2026-06-06 20:00:00+00:00,20,5,-0.866025,0.5,-0.974928,-0.222521,True,False,EVENING,6.0,12.0,21.0,53.0,89.0,243.0,3.39,0.16,0.0461,7.306,5.31,88.3,9.37,88.298,93.676,11.7,0.63,10.26,23.29,92.153,87.644,7.39,5.3,14.3,2.29,47.025,2.13,100.0,57.781,False,,7.4,75.138,1.6600000000000001,3.3000000000000003,3.39,0.729,3.39,5.0,1.03,1.38,13.0,0.0,91.142,87.463,89.733,85.342,46.089,71.833,36.457,24.0,0.0,89.059,87.576,100.0,100.0,48.717,96.5,35.624,,,,,,MODERATE
561,2026-06-06 20:15:00+00:00,20,5,-0.866025,0.5,-0.974928,-0.222521,True,False,EVENING,5.0,11.0,21.0,53.0,94.0,246.0,4.15,0.3,0.0735,7.119,7.116,88.27,9.39,88.272,93.946,11.73,0.61,10.26,23.29,92.478,87.953,7.16,5.43,14.41,2.27,46.627,2.35,100.0,62.463,False,,9.3,75.713,0.7600000000000002,2.4200000000000004,3.62,0.988,4.15,5.0,1.03,1.625,14.0,0.0,91.292,87.376,89.644,85.257,47.846,100.0,36.517,21.0,0.56,89.557,88.139,100.0,100.0,48.584,100.0,39.166,,,,,,MODERATE
562,2026-06-06 20:30:00+00:00,20,5,-0.866025,0.5,-0.974928,-0.222521,True,False,EVENING,0.0,5.0,17.0,50.0,91.0,239.0,0.0,0.37,0.3733,6.968,7.498,88.18,9.36,88.176,93.578,11.82,0.64,8.91,20.32,100.0,98.604,7.45,5.37,14.18,2.31,47.487,1.76,24.3,37.431,False,,0.0,68.408,-4.15,-3.39,-0.09,0.944,4.15,2.0,0.38,0.44,15.0,0.0,89.989,87.56,100.0,98.295,48.032,96.967,35.996,16.0,0.0,89.111,87.747,100.0,100.0,47.831,70.433,35.644,,,,,,NORMAL
563,2026-06-06 20:45:00+00:00,20,5,-0.866025,0.5,-0.974928,-0.222521,True,False,EVENING,3.0,3.0,14.0,49.0,88.0,237.0,0.0,0.0,0.0,5.04,6.091,88.01,9.26,88.009,92.62,11.99,0.74,10.26,23.29,90.293,85.875,7.27,5.31,14.41,2.27,46.625,1.66,100.0,37.048,False,,0.0,72.222,0.0,-4.15,-1.73,0.944,4.15,-4.0,-0.09,0.415,14.0,0.0,90.16,87.84,90.121,85.711,48.401,100.0,36.064,14.0,1.6,89.295,87.925,100.0,100.0,48.723,100.0,45.29,,,,,,MODERATE
564,2026-06-06 21:00:00+00:00,21,5,-0.707107,0.707107,-0.974928,-0.222521,True,False,EVENING,2.0,5.0,10.0,47.0,89.0,238.0,0.0,0.0,0.0,3.36,6.137,87.46,9.11,87.463,91.142,12.54,0.89,10.26,23.29,89.733,85.342,7.19,5.25,14.56,2.24,46.089,1.4,71.833,36.457,False,,0.0,69.092,0.0,0.0,-3.39,0.828,4.15,-11.0,-0.73,0.35,16.0,0.0,89.059,87.576,100.0,100.0,48.717,96.5,35.624,8.0,0.0,88.584,87.663,100.0,100.0,47.979,44.367,35.434,,,,,,NORMAL
565,2026-06-06 21:15:00+00:00,21,5,-0.707107,0.707107,-0.974928,-0.222521,True,False,EVENING,4.0,6.0,9.0,46.0,92.0,238.0,0.0,0.0,0.0,6.72,7.008,87.38,9.13,87.376,91.292,12.62,0.87,10.26,23.29,89.644,85.257,7.71,5.21,14.08,2.33,47.846,1.45,100.0,36.517,False,,0.0,71.775,0.0,0.0,-4.15,0.71,4.15,-12.0,-0.9,0.362,14.0,0.56,89.557,88.139,100.0,100.0,48.584,100.0,39.166,7.0,0.0,85.307,86.451,100.0,100.0,47.11,12.933,34.123,,,,,,MODERATE
566,2026-06-06 21:30:00+00:00,21,5,-0.707107,0.707107,-0.974928,-0.222521,True,False,EVENING,3.0,7.0,12.0,44.0,93.0,240.0,0.0,0.0,0.0,5.04,4.825,87.56,9.0,87.56,89.989,12.44,1.0,8.88,20.25,100.0,98.295,7.81,5.16,14.03,2.33,48.032,1.35,96.967,35.996,False,,0.0,74.106,0.0,0.0,0.0,0.703,4.15,-5.0,-0.41,0.338,9.0,0.0,89.111,87.747,100.0,100.0,47.831,70.433,35.644,7.0,0.0,86.519,86.11,100.0,100.0,48.233,88.7,34.608,,,,,,MODERATE
567,2026-06-06 21:45:00+00:00,21,5,-0.707107,0.707107,-0.974928,-0.222521,True,False,EVENING,4.0,7.0,13.0,45.0,94.0,241.0,0.0,0.0,0.0,6.72,5.528,87.84,9.02,87.84,90.16,12.16,0.98,10.26,23.29,90.121,85.711,7.95,5.12,13.93,2.35,48.401,1.41,100.0,36.064,False,,0.0,71.813,0.0,0.0,0.0,0.703,4.15,-1.0,-0.25,0.352,10.0,1.6,89.295,87.925,100.0,100.0,48.723,100.0,45.29,4.0,0.0,87.581,86.327,100.0,100.0,47.23,100.0,35.032,,,,,,MODERATE
568,2026-06-06 22:00:00+00:00,22,5,-0.5,0.866025,-0.974928,-0.222521,True,False,NIGHT,3.0,7.0,14.0,45.0,95.0,242.0,0.0,0.0,0.0,5.04,6.539,87.58,8.91,87.576,89.059,12.42,1.09,6.27,17.99,100.0,100.0,8.08,5.07,13.85,2.37,48.717,1.3,96.5,35.624,False,,0.0,74.148,0.0,0.0,0.0,0.703,4.15,4.0,-0.1,0.325,8.0,0.0,88.584,87.663,100.0,100.0,47.979,44.367,35.434,,,,,,,,,,,,,,,MODERATE
569,2026-06-06 22:15:00+00:00,22,5,-0.5,0.866025,-0.974928,-0.222521,True,False,NIGHT,5.0,8.0,15.0,45.0,97.0,245.0,0.56,0.0,0.0,7.464,5.011,88.14,8.96,88.139,89.557,11.86,1.04,6.27,17.99,100.0,100.0,8.05,5.06,13.88,2.36,48.584,1.52,100.0,39.166,False,,1.2,75.033,0.56,0.56,0.56,0.713,4.15,6.0,0.07,0.52,7.0,0.0,85.307,86.451,100.0,100.0,47.11,12.933,34.123,,,,,,,,,,,,,,,MODERATE
570,2026-06-06 22:30:00+00:00,22,5,-0.5,0.866025,-0.974928,-0.222521,True,False,NIGHT,2.0,7.0,14.0,43.0,93.0,244.0,0.0,0.05,0.0502,4.296,6.045,87.75,8.91,87.747,89.111,12.25,1.09,3.95,12.9,100.0,100.0,7.88,5.03,14.09,2.32,47.831,1.26,70.433,35.644,False,,0.0,71.77,-0.56,0.0,0.0,0.653,4.15,2.0,-0.09,0.315,7.0,0.0,86.519,86.11,100.0,100.0,48.233,88.7,34.608,,,,,,,,,,,,,,,MODERATE
571,2026-06-06 22:45:00+00:00,22,5,-0.5,0.866025,-0.974928,-0.222521,True,False,NIGHT,6.0,8.0,16.0,43.0,97.0,247.0,1.6,0.0,0.0,7.4,6.615,87.92,8.93,87.925,89.295,12.08,1.07,4.53,14.16,100.0,100.0,8.09,5.06,13.84,2.37,48.723,1.63,100.0,45.29,False,,3.4,75.612,1.6,1.04,1.6,0.753,4.15,3.0,0.22,0.808,4.0,0.0,87.581,86.327,100.0,100.0,47.23,100.0,35.032,,,,,,,,,,,,,,,MODERATE
572,2026-06-06 23:00:00+00:00,23,5,-0.258819,0.965926,-0.974928,-0.222521,True,False,NIGHT,1.0,7.0,14.0,38.0,91.0,247.0,0.0,0.14,0.1436,4.36,5.691,87.66,8.86,87.663,88.584,12.34,1.14,4.81,14.79,100.0,100.0,7.93,5.03,14.05,2.33,47.979,1.21,44.367,35.434,False,,0.0,69.314,-1.6,0.0,0.0,0.753,4.15,0.0,-0.09,0.302,,,,,,,,,,,,,,,,,,,,,,,,NORMAL
573,2026-06-06 23:15:00+00:00,23,5,-0.258819,0.965926,-0.974928,-0.222521,True,False,NIGHT,0.0,1.0,9.0,33.0,86.0,246.0,0.0,0.0,0.0,0.0,6.16,86.45,8.53,86.451,85.307,13.55,1.47,5.61,16.55,100.0,100.0,7.76,4.96,14.28,2.29,47.11,0.63,12.933,34.123,False,,0.0,65.484,0.0,-1.6,-0.56,0.72,4.15,-6.0,-0.89,0.158,,,,,,,,,,,,,,,,,,,,,,,,NORMAL
574,2026-06-06 23:30:00+00:00,23,5,-0.258819,0.965926,-0.974928,-0.222521,True,False,NIGHT,3.0,3.0,10.0,36.0,86.0,246.0,0.0,0.0,0.0,5.04,5.92,86.11,8.65,86.11,86.519,13.89,1.35,6.25,17.96,100.0,100.0,8.1,4.92,13.98,2.34,48.233,0.52,88.7,34.608,False,,0.0,72.572,0.0,0.0,0.0,0.714,4.15,-4.0,-0.74,0.13,,,,,,,,,,,,,,,,,,,,,,,,MODERATE
575,2026-06-06 23:45:00+00:00,23,5,-0.258819,0.965926,-0.974928,-0.222521,True,False,NIGHT,4.0,7.0,8.0,37.0,86.0,246.0,0.0,0.0,0.0,6.72,5.425,86.33,8.76,86.327,87.581,13.67,1.24,4.57,14.25,100.0,100.0,7.85,4.9,14.25,2.3,47.23,0.58,100.0,35.032,False,,0.0,73.759,0.0,0.0,-1.6,0.606,4.15,-8.0,-1.05,0.145,,,,,,,,,,,,,,,,,,,,,,,,MODERATE
