step,timestamp,hour_of_day,day_of_week,hour_sin,hour_cos,dow_sin,dow_cos,is_weekend,is_holiday,shift_block,arrivals_15m,arrivals_30m,arrivals_1h,arrivals_3h,arrivals_6h,arrivals_24h,current_queue,critical_queue,priority_mix_critical,admissions_rate_1h,discharge_rate_1h,occupied_beds,occupied_icu,bed_occupancy,icu_occupancy,available_beds,available_icu,available_doctors,available_nurses,doctor_utilisation,nurse_utilisation,ventilators_in_use,monitors_in_use,available_equipment,reserved_equipment,equipment_utilisation,ot_backlog,ot_utilisation,emergency_resource_pressure,surge_active,surge_kind,waiting_minutes_mean,pressure_index,queue_change_15m,queue_change_30m,queue_change_1h,rolling_queue_mean,rolling_queue_max,arrival_rate_trend,ot_backlog_change_1h,queue_backlog_pressure,target_arrivals_1h,target_queue_1h,target_icu_occupancy_1h,target_bed_occupancy_1h,target_doctor_utilisation_1h,target_nurse_utilisation_1h,target_equipment_utilisation_1h,target_ot_utilisation_1h,target_emergency_resource_pressure_1h,target_arrivals_2h,target_queue_2h,target_icu_occupancy_2h,target_bed_occupancy_2h,target_doctor_utilisation_2h,target_nurse_utilisation_2h,target_equipment_utilisation_2h,target_ot_utilisation_2h,target_emergency_resource_pressure_2h,target_admissions_6h,target_discharges_6h,target_icu_occupancy_6h,target_bed_occupancy_6h,target_ot_backlog_6h,pressure_label
0,2026-06-01 00:00:00+00:00,0,0,0.0,1.0,0.0,1.0,False,False,NIGHT,1.0,1.0,1.0,1.0,1.0,1.0,2.16,0.72,0.3333,11.491,1.187,80.19,6.39,80.191,63.853,19.81,3.61,5.73,16.81,100.0,100.0,6.2,4.78,5.02,1.98,68.616,5.68,100.0,38.501,False,,3.0,70.97,0.0,0.0,0.0,2.16,2.16,0.0,0.0,1.96,5.0,0.0,66.074,81.047,100.0,100.0,60.37,100.0,26.43,9.0,0.0,65.337,79.972,100.0,100.0,61.187,81.808,26.135,6.72,3.841,76.223,81.416,0.26,MODERATE
1,2026-06-01 00:15:00+00:00,0,0,0.0,1.0,0.0,1.0,False,False,NIGHT,1.0,2.0,2.0,2.0,2.0,2.0,0.0,0.19,0.1944,5.309,2.53,80.69,6.58,80.688,65.831,19.31,3.42,6.26,17.98,100.0,100.0,6.55,4.55,4.9,2.0,69.347,5.36,100.0,26.333,False,,0.0,70.159,-2.16,0.0,0.0,1.08,2.16,0.0,0.0,1.34,4.0,0.0,66.788,80.913,100.0,100.0,63.117,91.383,26.715,11.0,0.0,64.513,79.834,100.0,100.0,63.198,78.617,25.805,0.0,3.785,75.861,80.506,0.0,MODERATE
2,2026-06-01 00:30:00+00:00,0,0,0.0,1.0,0.0,1.0,False,False,NIGHT,0.0,1.0,2.0,2.0,2.0,2.0,0.0,0.0,0.0,0.0,1.256,80.45,6.51,80.445,65.117,19.55,3.49,6.27,17.99,100.0,100.0,6.22,4.35,5.43,1.9,66.08,4.88,72.158,26.047,False,,0.0,67.163,0.0,-2.16,0.0,0.72,2.16,0.0,0.0,1.22,4.0,0.0,67.197,80.955,100.0,100.0,60.492,100.0,26.879,12.0,0.0,65.123,80.315,100.0,100.0,62.676,100.0,26.049,1.68,1.741,75.049,80.572,0.0,NORMAL
3,2026-06-01 00:45:00+00:00,0,0,0.0,1.0,0.0,1.0,False,False,NIGHT,2.0,2.0,4.0,4.0,4.0,4.0,0.0,0.0,0.0,3.36,1.805,80.76,6.59,80.757,65.885,19.24,3.41,5.93,17.24,100.0,100.0,6.16,4.21,5.63,1.87,64.815,4.72,100.0,26.354,False,,0.0,69.777,0.0,0.0,0.0,0.54,2.16,0.0,0.0,1.18,4.0,0.0,65.32,80.332,100.0,100.0,60.799,59.4,26.128,10.0,0.0,65.23,79.998,100.0,100.0,60.36,73.833,26.092,5.04,2.04,77.191,81.108,0.0,NORMAL
4,2026-06-01 01:00:00+00:00,1,0,0.258819,0.965926,0.0,1.0,False,False,NIGHT,2.0,4.0,5.0,6.0,6.0,6.0,0.0,0.0,0.0,3.36,2.125,81.05,6.61,81.047,66.074,18.95,3.39,6.27,17.99,100.0,100.0,5.57,4.09,6.34,1.74,60.37,4.56,100.0,26.43,False,,0.0,69.478,0.0,0.0,-2.16,0.432,2.16,4.0,-1.12,1.14,5.0,0.0,65.337,79.972,100.0,100.0,61.187,81.808,26.135,9.0,0.0,64.282,79.929,100.0,100.0,59.271,43.442,25.713,6.72,2.235,79.294,82.019,0.16,NORMAL
5,2026-06-01 01:15:00+00:00,1,0,0.258819,0.965926,0.0,1.0,False,False,NIGHT,1.0,3.0,5.0,7.0,7.0,7.0,0.0,0.0,0.0,1.68,1.931,80.91,6.68,80.913,66.788,19.09,3.32,6.27,17.99,100.0,100.0,6.09,4.01,5.9,1.82,63.117,4.24,91.383,26.715,False,,0.0,69.063,0.0,0.0,0.0,0.36,2.16,3.0,-1.12,1.06,4.0,0.0,64.513,79.834,100.0,100.0,63.198,78.617,25.805,12.0,0.0,65.675,80.595,100.0,100.0,58.301,100.0,26.27,5.04,3.137,80.114,82.412,0.16,NORMAL
6,2026-06-01 01:30:00+00:00,1,0,0.258819,0.965926,0.0,1.0,False,False,NIGHT,2.0,3.0,7.0,9.0,9.0,9.0,0.0,0.0,0.0,3.36,3.027,80.96,6.72,80.955,67.197,19.04,3.28,5.44,16.17,100.0,100.0,5.73,3.95,6.32,1.74,60.492,4.09,100.0,26.879,False,,0.0,69.694,0.0,0.0,0.0,0.309,2.16,5.0,-0.79,1.022,6.0,0.0,65.123,80.315,100.0,100.0,62.676,100.0,26.049,15.0,0.0,65.436,80.126,100.0,100.0,57.891,38.658,26.175,8.4,3.914,82.998,83.246,0.48,NORMAL
7,2026-06-01 01:45:00+00:00,1,0,0.258819,0.965926,0.0,1.0,False,False,NIGHT,0.0,2.0,5.0,9.0,9.0,9.0,0.0,0.0,0.0,0.0,3.242,80.33,6.53,80.332,65.32,19.67,3.47,6.27,17.99,100.0,100.0,5.85,3.88,6.27,1.75,60.799,3.61,59.4,26.128,False,,0.0,65.555,0.0,0.0,0.0,0.27,2.16,1.0,-1.11,0.902,4.0,0.0,65.23,79.998,100.0,100.0,60.36,73.833,26.092,17.0,0.0,64.926,79.739,100.0,100.0,58.234,61.067,25.97,3.36,2.732,82.793,83.423,0.32,NORMAL
8,2026-06-01 02:00:00+00:00,2,0,0.5,0.866025,0.0,1.0,False,False,NIGHT,1.0,1.0,4.0,10.0,10.0,10.0,0.0,0.0,0.0,1.68,3.114,79.97,6.53,79.972,65.337,20.03,3.47,5.94,17.27,100.0,100.0,5.97,3.82,6.21,1.76,61.187,3.29,81.808,26.135,False,,0.0,67.531,0.0,0.0,0.0,0.24,2.16,-1.0,-1.27,0.822,4.0,0.0,64.282,79.929,100.0,100.0,59.271,43.442,25.713,17.0,0.0,66.784,79.93,100.0,100.0,57.344,100.0,26.714,3.36,2.394,82.497,83.694,0.17,NORMAL
9,2026-06-01 02:15:00+00:00,2,0,0.5,0.866025,0.0,1.0,False,False,NIGHT,1.0,2.0,4.0,11.0,11.0,11.0,0.0,0.0,0.0,1.68,2.561,79.83,6.45,79.834,64.513,20.17,3.55,6.27,17.99,100.0,100.0,6.35,3.77,5.89,1.82,63.198,2.97,78.617,25.805,False,,0.0,67.229,0.0,0.0,0.0,0.216,2.16,-1.0,-1.27,0.742,7.0,0.0,65.675,80.595,100.0,100.0,58.301,100.0,26.27,18.0,0.0,68.146,80.041,100.0,100.0,58.086,85.083,27.259,3.36,4.91,82.975,83.259,0.01,NORMAL
10,2026-06-01 02:30:00+00:00,2,0,0.5,0.866025,0.0,1.0,False,False,NIGHT,2.0,3.0,4.0,13.0,13.0,13.0,0.0,0.0,0.0,3.36,1.193,80.32,6.51,80.315,65.123,19.68,3.49,6.27,17.99,100.0,100.0,6.3,3.73,5.97,1.81,62.676,2.81,100.0,26.049,False,,0.0,69.335,0.0,0.0,0.0,0.196,2.16,-3.0,-1.28,0.702,6.0,0.0,65.436,80.126,100.0,100.0,57.891,38.658,26.175,16.0,0.0,67.445,79.507,100.0,100.0,56.589,29.092,26.978,6.72,3.7,83.768,83.935,0.17,NORMAL
11,2026-06-01 02:45:00+00:00,2,0,0.5,0.866025,0.0,1.0,False,False,NIGHT,1.0,3.0,5.0,14.0,14.0,14.0,0.0,0.0,0.0,1.68,2.907,80.0,6.52,79.998,65.23,20.0,3.48,6.27,17.99,100.0,100.0,5.96,3.7,6.34,1.74,60.36,2.49,73.833,26.092,False,,0.0,66.723,0.0,0.0,0.0,0.18,2.16,0.0,-1.12,0.622,6.0,0.0,64.926,79.739,100.0,100.0,58.234,61.067,25.97,17.0,0.0,67.081,79.452,100.0,100.0,54.832,24.3,26.832,0.0,5.015,81.626,82.895,0.0,NORMAL
12,2026-06-01 03:00:00+00:00,3,0,0.707107,0.707107,0.0,1.0,False,False,NIGHT,0.0,1.0,4.0,13.0,14.0,14.0,0.0,0.0,0.0,0.0,0.653,79.93,6.43,79.929,64.282,20.07,3.57,6.03,17.47,100.0,100.0,5.82,3.67,6.52,1.71,59.271,2.01,43.442,25.713,False,,0.0,63.685,0.0,0.0,0.0,0.166,2.16,0.0,-1.28,0.502,5.0,0.0,66.784,79.93,100.0,100.0,57.344,100.0,26.714,20.0,0.0,68.877,79.987,100.0,100.0,55.7,100.0,27.551,3.36,3.294,81.669,82.907,0.0,NORMAL
13,2026-06-01 03:15:00+00:00,3,0,0.707107,0.707107,0.0,1.0,False,False,NIGHT,3.0,3.0,6.0,15.0,17.0,17.0,0.0,0.0,0.0,5.04,1.818,80.6,6.57,80.595,65.675,19.4,3.43,6.13,17.68,100.0,100.0,5.67,3.66,6.67,1.68,58.301,2.01,100.0,26.27,False,,0.0,69.113,0.0,0.0,0.0,0.154,2.16,2.0,-0.96,0.502,5.0,0.0,68.146,80.041,100.0,100.0,58.086,85.083,27.259,21.0,0.0,72.886,81.444,100.0,100.0,57.979,100.0,29.154,8.4,3.513,84.996,83.796,0.32,NORMAL
14,2026-06-01 03:30:00+00:00,3,0,0.707107,0.707107,0.0,1.0,False,False,NIGHT,0.0,3.0,4.0,15.0,17.0,17.0,0.0,0.0,0.0,0.0,1.972,80.13,6.54,80.126,65.436,19.87,3.46,6.27,17.99,100.0,100.0,5.62,3.64,6.74,1.67,57.891,1.53,38.658,26.175,False,,0.0,63.404,0.0,0.0,0.0,0.144,2.16,0.0,-1.28,0.382,9.0,0.0,67.445,79.507,100.0,100.0,56.589,29.092,26.978,18.0,0.0,73.548,81.633,100.0,100.0,57.122,78.725,29.419,8.4,6.232,87.248,84.113,0.64,NORMAL
15,2026-06-01 03:45:00+00:00,3,0,0.707107,0.707107,0.0,1.0,False,False,NIGHT,1.0,1.0,4.0,14.0,18.0,18.0,0.0,0.0,0.0,1.68,3.433,79.74,6.49,79.739,64.926,20.26,3.51,6.27,17.99,100.0,100.0,5.69,3.63,6.68,1.68,58.234,1.21,61.067,25.97,False,,0.0,65.265,0.0,0.0,0.0,0.135,2.16,-1.0,-1.28,0.302,11.0,0.0,67.081,79.452,100.0,100.0,54.832,24.3,26.832,21.0,0.0,73.662,80.953,100.0,100.0,61.284,49.933,29.465,3.36,3.936,85.665,84.127,0.48,NORMAL
16,2026-06-01 04:00:00+00:00,4,0,0.866025,0.5,0.0,1.0,False,False,NIGHT,3.0,4.0,7.0,15.0,21.0,21.0,0.0,0.0,0.0,5.04,3.535,79.93,6.68,79.93,66.784,20.07,3.32,6.27,17.99,100.0,100.0,5.54,3.64,6.83,1.65,57.344,1.21,100.0,26.714,False,,0.0,69.102,0.0,0.0,0.0,0.0,0.0,3.0,-0.8,0.302,12.0,0.0,68.877,79.987,100.0,100.0,55.7,100.0,27.551,22.0,0.0,76.223,81.416,71.597,67.497,65.922,100.0,30.489,6.72,3.77,86.061,84.825,0.64,NORMAL
17,2026-06-01 04:15:00+00:00,4,0,0.866025,0.5,0.0,1.0,False,False,NIGHT,2.0,5.0,6.0,16.0,23.0,23.0,0.0,0.0,0.0,3.36,2.371,80.04,6.81,80.041,68.146,19.96,3.19,6.27,17.99,100.0,100.0,5.63,3.66,6.71,1.67,58.086,1.05,85.083,27.259,False,,0.0,68.123,0.0,0.0,0.0,0.0,0.0,0.0,-0.96,0.262,13.0,0.0,72.886,81.444,100.0,100.0,57.979,100.0,29.154,20.0,0.0,75.861,80.506,75.862,71.317,68.207,23.333,30.344,0.0,4.46,83.582,83.958,0.16,NORMAL
18,2026-06-01 04:30:00+00:00,4,0,0.866025,0.5,0.0,1.0,False,False,NIGHT,0.0,2.0,6.0,14.0,23.0,23.0,0.0,0.0,0.0,0.0,2.416,79.51,6.74,79.507,67.445,20.49,3.26,6.27,17.99,100.0,100.0,5.38,3.67,6.95,1.63,56.589,0.58,29.092,26.978,False,,0.0,62.692,0.0,0.0,0.0,0.0,0.0,2.0,-0.95,0.145,7.0,0.0,73.548,81.633,100.0,100.0,57.122,78.725,29.419,22.0,0.0,75.049,80.572,70.854,66.797,65.943,48.933,30.02,6.72,4.163,84.747,84.481,0.33,NORMAL
19,2026-06-01 04:45:00+00:00,4,0,0.866025,0.5,0.0,1.0,False,False,NIGHT,0.0,0.0,5.0,14.0,23.0,23.0,0.0,0.0,0.0,0.0,0.365,79.45,6.71,79.452,67.081,20.55,3.29,6.27,17.99,100.0,100.0,5.1,3.67,7.23,1.58,54.832,0.1,24.3,26.832,False,,0.0,62.018,0.0,0.0,0.0,0.0,0.0,1.0,-1.11,0.025,6.0,0.0,73.662,80.953,100.0,100.0,61.284,49.933,29.465,25.0,0.0,77.191,81.108,80.699,75.686,69.675,100.0,30.876,6.72,4.948,85.728,84.826,0.49,NORMAL
20,2026-06-01 05:00:00+00:00,5,0,0.965926,0.258819,0.0,1.0,False,False,NIGHT,3.0,3.0,5.0,16.0,26.0,26.0,0.0,0.0,0.0,5.04,2.183,79.99,6.89,79.987,68.877,20.01,3.11,6.1,17.63,100.0,100.0,5.22,3.7,7.09,1.6,55.7,0.1,100.0,27.551,False,,0.0,69.386,0.0,0.0,0.0,0.0,0.0,-2.0,-1.11,0.025,8.0,0.0,76.223,81.416,71.597,67.497,65.922,100.0,30.489,22.0,0.0,79.294,82.019,79.754,74.876,70.488,100.0,31.718,8.536,4.402,87.432,85.689,1.13,NORMAL
21,2026-06-01 05:15:00+00:00,5,0,0.965926,0.258819,0.0,1.0,False,False,NIGHT,6.0,9.0,9.0,21.0,32.0,32.0,0.0,0.0,0.0,10.08,2.649,81.44,7.29,81.444,72.886,18.56,2.71,5.74,16.83,100.0,100.0,5.52,3.76,6.72,1.67,57.979,0.58,100.0,29.154,False,,0.0,70.713,0.0,0.0,0.0,0.0,0.0,3.0,-0.47,0.145,8.0,0.0,75.861,80.506,75.862,71.317,68.207,23.333,30.344,20.0,0.0,80.114,82.412,80.299,75.38,68.001,100.0,32.046,8.189,4.104,88.077,86.646,1.29,MODERATE
22,2026-06-01 05:30:00+00:00,5,0,0.965926,0.258819,0.0,1.0,False,False,NIGHT,2.0,8.0,11.0,21.0,34.0,34.0,0.0,0.0,0.0,3.36,2.338,81.63,7.35,81.633,73.548,18.37,2.65,6.27,17.99,100.0,100.0,5.32,3.82,6.86,1.65,57.122,0.42,78.725,29.419,False,,0.0,68.895,0.0,0.0,0.0,0.0,0.0,5.0,-0.16,0.105,11.0,0.0,75.049,80.572,70.854,66.797,65.943,48.933,30.02,22.0,0.0,82.998,83.246,73.205,69.014,70.435,100.0,33.199,1.755,6.976,86.719,85.476,0.81,NORMAL
23,2026-06-01 05:45:00+00:00,5,0,0.965926,0.258819,0.0,1.0,False,False,NIGHT,1.0,3.0,12.0,21.0,35.0,35.0,0.0,0.0,0.0,1.68,4.356,80.95,7.37,80.953,73.662,19.05,2.63,6.27,17.99,100.0,100.0,5.94,3.86,6.19,1.76,61.284,0.1,49.933,29.465,False,,0.0,66.552,0.0,0.0,0.0,0.0,0.0,7.0,0.0,0.025,15.0,0.0,77.191,81.108,80.699,75.686,69.675,100.0,30.876,22.0,0.0,82.793,83.423,73.362,69.161,69.21,77.775,33.117,8.279,4.463,88.199,86.282,1.61,NORMAL
24,2026-06-01 06:00:00+00:00,6,0,1.0,0.0,0.0,1.0,False,False,MORNING,4.0,5.0,13.0,25.0,38.0,39.0,0.0,0.0,0.0,6.72,3.841,81.42,7.62,81.416,76.223,18.58,2.38,11.97,27.41,71.597,67.497,6.62,3.93,5.45,1.9,65.922,0.26,100.0,30.489,False,,0.0,64.78,0.0,0.0,0.0,0.0,0.0,8.0,0.16,0.065,14.0,0.0,79.294,82.019,79.754,74.876,70.488,100.0,31.718,22.0,0.0,82.497,83.694,75.11,70.752,68.017,76.183,32.999,7.956,4.764,88.713,87.029,1.45,NORMAL
25,2026-06-01 06:15:00+00:00,6,0,1.0,0.0,0.0,1.0,False,False,MORNING,0.0,4.0,7.0,22.0,37.0,39.0,0.0,0.0,0.0,0.0,3.785,80.51,7.59,80.506,75.861,19.49,2.41,11.17,25.66,75.862,71.317,6.94,3.98,5.09,1.96,68.207,0.0,23.333,30.344,False,,0.0,58.784,0.0,0.0,0.0,0.0,0.0,-2.0,-0.58,0.0,12.0,0.0,80.114,82.412,80.299,75.38,68.001,100.0,32.046,24.0,0.0,82.975,83.259,73.275,69.077,69.064,74.592,33.19,7.285,5.274,89.652,87.438,1.61,NORMAL
26,2026-06-01 06:30:00+00:00,6,0,1.0,0.0,0.0,1.0,False,False,MORNING,1.0,1.0,6.0,23.0,38.0,40.0,0.0,0.0,0.0,1.68,1.741,80.57,7.5,80.572,75.049,19.43,2.5,11.97,27.41,70.854,66.797,6.54,4.01,5.45,1.9,65.943,0.0,48.933,30.02,False,,0.0,59.593,0.0,0.0,0.0,0.0,0.0,-5.0,-0.42,0.0,11.0,0.0,82.998,83.246,73.205,69.014,70.435,100.0,33.199,22.0,0.0,83.768,83.935,76.85,72.332,71.014,100.0,33.507,3.36,6.831,88.652,86.67,1.45,NORMAL
27,2026-06-01 06:45:00+00:00,6,0,1.0,0.0,0.0,1.0,False,False,MORNING,3.0,4.0,8.0,25.0,39.0,43.0,0.0,0.0,0.0,5.04,2.04,81.11,7.72,81.108,77.191,18.89,2.28,10.58,24.36,80.699,75.686,7.09,4.06,4.85,2.01,69.675,0.0,100.0,30.876,False,,0.0,67.319,0.0,0.0,0.0,0.0,0.0,-4.0,-0.1,0.0,10.0,0.0,82.793,83.423,73.362,69.161,69.21,77.775,33.117,22.0,0.0,81.626,82.895,72.897,68.723,69.405,23.333,32.65,5.04,5.016,88.344,86.707,1.45,NORMAL
28,2026-06-01 07:00:00+00:00,7,0,0.965926,-0.258819,0.0,1.0,False,False,MORNING,4.0,7.0,8.0,26.0,41.0,47.0,0.0,0.0,0.0,6.72,2.235,82.02,7.93,82.019,79.294,17.98,2.07,10.83,24.9,79.754,74.876,7.16,4.12,4.72,2.03,70.488,0.16,100.0,31.718,False,,0.0,67.803,0.0,0.0,0.0,0.0,0.0,-5.0,-0.1,0.04,8.0,0.0,82.497,83.694,75.11,70.752,68.017,76.183,32.999,26.0,0.0,81.669,82.907,72.936,68.759,71.64,74.533,32.667,3.36,3.592,87.874,86.696,1.29,NORMAL
29,2026-06-01 07:15:00+00:00,7,0,0.965926,-0.258819,0.0,1.0,False,False,MORNING,3.0,7.0,11.0,27.0,43.0,50.0,0.0,0.0,0.0,5.04,3.137,82.41,8.01,82.412,80.114,17.59,1.99,10.8,24.85,80.299,75.38,6.71,4.17,5.12,1.96,68.001,0.16,100.0,32.046,False,,0.0,67.955,0.0,0.0,0.0,0.0,0.0,4.0,0.16,0.04,8.0,0.0,82.975,83.259,73.275,69.077,69.064,74.592,33.19,31.0,0.0,84.996,83.796,74.635,70.326,73.873,100.0,33.998,3.36,6.352,86.617,86.074,1.13,NORMAL
30,2026-06-01 07:30:00+00:00,7,0,0.965926,-0.258819,0.0,1.0,False,False,MORNING,5.0,8.0,15.0,32.0,46.0,55.0,0.0,0.0,0.0,8.4,3.914,83.25,8.3,83.246,82.998,16.75,1.7,11.97,27.41,73.205,69.014,7.02,4.25,4.73,2.03,70.435,0.48,100.0,33.199,False,,0.0,67.319,0.0,0.0,0.0,0.0,0.0,9.0,0.48,0.12,11.0,0.0,83.768,83.935,76.85,72.332,71.014,100.0,33.507,30.0,0.0,87.248,84.113,85.915,80.483,78.32,100.0,34.899,1.68,3.875,84.714,85.715,0.81,NORMAL
31,2026-06-01 07:45:00+00:00,7,0,0.965926,-0.258819,0.0,1.0,False,False,MORNING,2.0,7.0,14.0,34.0,48.0,57.0,0.0,0.0,0.0,3.36,2.732,83.42,8.28,83.423,82.793,16.58,1.72,11.97,27.41,73.362,69.161,6.76,4.31,4.93,1.99,69.21,0.32,77.775,33.117,False,,0.0,65.243,0.0,0.0,0.0,0.0,0.0,6.0,0.32,0.08,12.0,0.0,81.626,82.895,72.897,68.723,69.405,23.333,32.65,25.0,0.0,85.665,84.127,73.981,69.745,78.406,79.358,34.266,3.36,6.096,83.957,85.107,0.66,NORMAL
32,2026-06-01 08:00:00+00:00,8,0,0.866025,-0.5,0.0,1.0,False,False,MORNING,2.0,4.0,12.0,33.0,49.0,59.0,0.0,0.0,0.0,3.36,2.394,83.69,8.25,83.694,82.497,16.31,1.75,11.73,26.88,75.11,70.752,6.53,4.36,5.12,1.96,68.017,0.17,76.183,32.999,False,,0.0,65.394,0.0,0.0,0.0,0.0,0.0,4.0,0.01,0.042,14.0,0.0,81.669,82.907,72.936,68.759,71.64,74.533,32.667,31.0,0.0,86.061,84.825,74.594,70.323,79.116,100.0,34.424,3.36,6.175,83.422,84.456,0.5,NORMAL
33,2026-06-01 08:15:00+00:00,8,0,0.866025,-0.5,0.0,1.0,False,False,MORNING,2.0,4.0,11.0,29.0,50.0,61.0,0.0,0.0,0.0,3.36,4.91,83.26,8.3,83.259,82.975,16.74,1.7,11.96,27.39,73.275,69.077,6.65,4.4,4.95,1.99,69.064,0.01,74.592,33.19,False,,0.0,64.923,0.0,0.0,0.0,0.0,0.0,0.0,-0.15,0.002,16.0,0.0,84.996,83.796,74.635,70.326,73.873,100.0,33.998,29.0,0.0,83.582,83.958,73.92,69.684,80.002,24.975,33.433,3.36,4.346,82.711,84.281,0.34,NORMAL
34,2026-06-01 08:30:00+00:00,8,0,0.866025,-0.5,0.0,1.0,False,False,MORNING,4.0,6.0,10.0,31.0,52.0,65.0,0.0,0.0,0.0,6.72,3.7,83.93,8.38,83.935,83.768,16.07,1.62,11.5,26.37,76.85,72.332,6.92,4.44,4.64,2.05,71.014,0.17,100.0,33.507,False,,0.0,68.512,0.0,0.0,0.0,0.0,0.0,-5.0,-0.31,0.042,11.0,0.0,87.248,84.113,85.915,80.483,78.32,100.0,34.899,33.0,0.0,84.747,84.481,77.488,72.928,78.341,100.0,33.899,8.788,5.841,84.732,84.816,0.82,NORMAL
35,2026-06-01 08:45:00+00:00,8,0,0.866025,-0.5,0.0,1.0,False,False,MORNING,0.0,4.0,8.0,30.0,51.0,65.0,0.0,0.0,0.0,0.0,5.015,82.9,8.16,82.895,81.626,17.1,1.84,11.97,27.41,72.897,68.723,6.65,4.45,4.9,2.0,69.405,0.0,23.333,32.65,False,,0.0,59.903,0.0,0.0,0.0,0.0,0.0,-6.0,-0.32,0.0,10.0,0.0,85.665,84.127,73.981,69.745,78.406,79.358,34.266,31.0,0.0,85.728,84.826,90.797,84.872,76.865,100.0,34.291,6.332,4.745,85.875,85.098,0.82,NORMAL
36,2026-06-01 09:00:00+00:00,9,0,0.707107,-0.707107,0.0,1.0,False,False,MORNING,2.0,2.0,8.0,28.0,53.0,67.0,0.0,0.0,0.0,3.36,3.294,82.91,8.17,82.907,81.669,17.09,1.83,11.97,27.4,72.936,68.759,7.0,4.46,4.54,2.06,71.64,0.0,74.533,32.667,False,,0.0,64.732,0.0,0.0,0.0,0.0,0.0,-4.0,-0.17,0.0,12.0,0.0,86.061,84.825,74.594,70.323,79.116,100.0,34.424,30.0,1.92,87.432,85.689,88.201,82.633,76.534,100.0,46.486,5.04,5.72,86.538,84.862,0.82,NORMAL
37,2026-06-01 09:15:00+00:00,9,0,0.707107,-0.707107,0.0,1.0,False,False,MORNING,5.0,7.0,11.0,33.0,55.0,72.0,0.0,0.0,0.0,8.4,3.513,83.8,8.5,83.796,84.996,16.2,1.5,11.82,27.08,74.635,70.326,7.32,4.5,4.18,2.13,73.873,0.32,100.0,33.998,False,,0.0,68.478,0.0,0.0,0.0,0.0,0.0,0.0,0.31,0.08,15.0,0.0,83.582,83.958,73.92,69.684,80.002,24.975,33.433,25.0,1.04,88.077,86.646,77.497,73.026,75.67,100.0,41.499,5.04,3.488,86.223,85.281,0.82,NORMAL
38,2026-06-01 09:30:00+00:00,9,0,0.707107,-0.707107,0.0,1.0,False,False,MORNING,5.0,10.0,12.0,37.0,60.0,77.0,0.0,0.0,0.0,8.4,6.232,84.11,8.72,84.113,87.248,15.89,1.28,10.31,23.75,85.915,80.483,7.97,4.56,3.47,2.26,78.32,0.64,100.0,34.899,False,,0.0,71.971,0.0,0.0,0.0,0.0,0.0,2.0,0.47,0.16,19.0,0.0,84.747,84.481,77.488,72.928,78.341,100.0,33.899,23.0,0.0,86.719,85.476,75.167,70.863,75.737,31.417,34.687,3.36,4.558,85.845,85.02,0.66,MODERATE
39,2026-06-01 09:45:00+00:00,9,0,0.707107,-0.707107,0.0,1.0,False,False,MORNING,2.0,7.0,14.0,36.0,61.0,79.0,0.0,0.0,0.0,3.36,3.936,84.13,8.57,84.127,85.665,15.87,1.43,11.97,27.41,73.981,69.745,7.95,4.59,3.46,2.26,78.406,0.48,79.358,34.266,False,,0.0,67.087,0.0,0.0,0.0,0.0,0.0,6.0,0.48,0.12,15.0,0.0,85.728,84.826,90.797,84.872,76.865,100.0,34.291,24.0,3.07,88.199,86.282,95.316,89.029,78.459,100.0,53.711,5.04,5.959,85.693,84.805,0.66,NORMAL
40,2026-06-01 10:00:00+00:00,10,0,0.5,-0.866025,0.0,1.0,False,False,MORNING,4.0,6.0,16.0,36.0,62.0,83.0,0.0,0.0,0.0,6.72,3.77,84.83,8.61,84.825,86.061,15.17,1.39,11.97,27.41,74.594,70.323,8.04,4.62,3.34,2.28,79.116,0.64,100.0,34.424,False,,0.0,69.384,0.0,0.0,0.0,0.0,0.0,8.0,0.64,0.16,19.0,1.92,87.432,85.689,88.201,82.633,76.534,100.0,46.486,18.0,0.34,88.713,87.029,78.303,73.757,75.926,89.033,37.502,6.72,3.705,86.304,85.498,0.82,NORMAL
41,2026-06-01 10:15:00+00:00,10,0,0.5,-0.866025,0.0,1.0,False,False,MORNING,0.0,4.0,11.0,33.0,60.0,83.0,0.0,0.0,0.0,0.0,4.46,83.96,8.36,83.958,83.582,16.04,1.64,11.96,27.38,73.92,69.684,8.19,4.62,3.2,2.3,80.002,0.16,24.975,33.433,False,,0.0,61.868,0.0,0.0,0.0,0.0,0.0,0.0,-0.16,0.04,14.0,1.04,88.077,86.646,77.497,73.026,75.67,100.0,41.499,18.0,0.0,89.652,87.438,91.361,85.496,79.483,100.0,35.861,5.04,4.25,86.695,85.656,0.82,NORMAL
42,2026-06-01 10:30:00+00:00,10,0,0.5,-0.866025,0.0,1.0,False,False,MORNING,4.0,4.0,10.0,32.0,64.0,87.0,0.0,0.0,0.0,6.72,4.163,84.48,8.47,84.481,84.747,15.52,1.53,11.48,26.33,77.488,72.928,7.91,4.62,3.47,2.26,78.341,0.33,100.0,33.899,False,,0.0,69.636,0.0,0.0,0.0,0.0,0.0,-2.0,-0.31,0.082,14.0,0.0,86.719,85.476,75.167,70.863,75.737,31.417,34.687,16.0,0.0,88.652,86.67,76.217,71.853,80.492,89.05,35.461,6.72,4.785,87.05,86.105,0.98,NORMAL
43,2026-06-01 10:45:00+00:00,10,0,0.5,-0.866025,0.0,1.0,False,False,MORNING,4.0,8.0,12.0,34.0,68.0,91.0,0.0,0.0,0.0,6.72,4.948,84.83,8.57,84.826,85.728,15.17,1.43,9.83,22.71,90.797,84.872,7.66,4.64,3.7,2.21,76.865,0.49,100.0,34.291,False,,0.0,72.805,0.0,0.0,0.0,0.0,0.0,-2.0,0.01,0.122,16.0,3.07,88.199,86.282,95.316,89.029,78.459,100.0,53.711,20.0,0.0,88.344,86.707,78.765,74.158,80.226,100.0,35.337,6.72,4.925,87.086,86.55,1.15,MODERATE
44,2026-06-01 11:00:00+00:00,11,0,0.258819,-0.965926,0.0,1.0,False,False,MORNING,7.0,11.0,15.0,39.0,72.0,98.0,1.92,0.0,0.0,8.536,4.402,85.69,8.74,85.689,87.432,14.31,1.26,10.33,23.81,88.201,82.633,7.5,4.74,3.75,2.2,76.534,1.13,100.0,46.486,False,,3.6,73.955,1.92,1.92,1.92,0.12,1.92,-1.0,0.49,0.762,11.0,0.34,88.713,87.029,78.303,73.757,75.926,89.033,37.502,20.0,0.0,87.874,86.696,76.24,71.874,79.019,87.467,35.15,1.68,6.713,85.044,85.495,0.83,MODERATE
45,2026-06-01 11:15:00+00:00,11,0,0.258819,-0.965926,0.0,1.0,False,False,MORNING,4.0,11.0,19.0,41.0,70.0,102.0,1.04,0.17,0.1653,8.189,4.104,86.65,8.81,86.646,88.077,13.35,1.19,11.83,27.11,77.497,73.026,7.3,4.8,3.89,2.18,75.67,1.29,100.0,41.499,False,,2.0,71.216,-0.8799999999999999,1.04,1.04,0.185,1.92,8.0,1.13,0.582,11.0,0.0,89.652,87.438,91.361,85.496,79.483,100.0,35.861,21.0,0.0,86.617,86.074,81.741,76.819,78.125,85.875,34.647,8.3,4.773,86.385,86.243,1.31,MODERATE
46,2026-06-01 11:30:00+00:00,11,0,0.258819,-0.965926,0.0,1.0,False,False,MORNING,0.0,4.0,15.0,37.0,68.0,102.0,0.0,0.09,0.094,1.755,6.976,85.48,8.67,85.476,86.719,14.52,1.33,11.97,27.41,75.167,70.863,7.32,4.8,3.88,2.18,75.737,0.81,31.417,34.687,False,,0.0,63.316,-1.04,-1.92,0.0,0.185,1.92,5.0,0.48,0.202,9.0,0.0,88.652,86.67,76.217,71.853,80.492,89.05,35.461,22.0,0.0,84.714,85.715,83.129,78.053,77.086,57.083,33.886,6.82,5.908,87.213,86.388,1.31,NORMAL
47,2026-06-01 11:45:00+00:00,11,0,0.258819,-0.965926,0.0,1.0,False,False,MORNING,8.0,8.0,19.0,45.0,75.0,110.0,3.07,0.0,0.0,8.279,4.463,86.28,8.82,86.282,88.199,13.72,1.18,9.68,22.38,95.316,89.029,7.64,4.92,3.45,2.26,78.459,1.61,100.0,53.711,False,,5.9,76.769,3.07,2.03,3.07,0.377,3.07,7.0,1.12,1.17,8.0,0.0,88.344,86.707,78.765,74.158,80.226,100.0,35.337,23.0,0.0,83.957,85.107,74.842,70.557,76.89,81.092,33.583,6.72,5.398,87.619,86.678,1.47,MODERATE
48,2026-06-01 12:00:00+00:00,12,0,0.0,-1.0,0.0,1.0,False,False,MORNING,2.0,10.0,14.0,45.0,73.0,112.0,0.34,0.28,0.2765,7.956,4.764,87.03,8.87,87.029,88.713,12.97,1.13,11.72,26.86,78.303,73.757,7.23,4.92,3.85,2.19,75.926,1.45,89.033,37.502,False,,0.7,70.2,-2.73,0.34,-1.5799999999999998,0.398,3.07,-1.0,0.32,0.448,7.0,0.0,87.874,86.696,76.24,71.874,79.019,87.467,35.15,24.0,0.0,83.422,84.456,86.649,82.409,75.396,79.5,33.369,1.68,5.447,86.507,85.848,1.15,MODERATE
49,2026-06-01 12:15:00+00:00,12,0,0.0,-1.0,0.0,1.0,False,False,MORNING,4.0,6.0,14.0,44.0,77.0,116.0,0.0,0.03,0.0302,7.285,5.274,87.44,8.97,87.438,89.652,12.56,1.03,10.07,23.24,91.361,85.496,7.79,4.92,3.28,2.29,79.483,1.61,100.0,35.861,False,,0.0,74.543,-0.34,-3.07,-1.04,0.398,3.07,-5.0,0.32,0.402,7.0,0.0,86.617,86.074,81.741,76.819,78.125,85.875,34.647,26.0,0.0,82.711,84.281,87.02,82.745,77.946,77.908,33.084,6.72,5.072,87.772,86.133,1.31,MODERATE
50,2026-06-01 12:30:00+00:00,12,0,0.0,-1.0,0.0,1.0,False,False,MORNING,2.0,6.0,16.0,41.0,78.0,118.0,0.0,0.0,0.0,3.36,6.831,86.67,8.87,86.67,88.652,13.33,1.13,11.97,27.41,76.217,71.853,7.96,4.91,3.12,2.32,80.492,1.45,89.05,35.461,False,,0.0,69.825,0.0,-0.34,0.0,0.398,3.07,1.0,0.64,0.362,7.0,0.0,84.714,85.715,83.129,78.053,77.086,57.083,33.886,27.0,0.77,84.732,84.816,87.372,83.097,76.935,100.0,38.506,6.72,5.719,88.922,86.268,1.47,NORMAL
51,2026-06-01 12:45:00+00:00,12,0,0.0,-1.0,0.0,1.0,False,False,MORNING,3.0,5.0,11.0,42.0,78.0,121.0,0.0,0.0,0.0,5.04,5.016,86.71,8.83,86.707,88.344,13.29,1.17,11.59,26.57,78.765,74.158,7.93,4.9,3.16,2.31,80.226,1.45,100.0,35.337,False,,0.0,71.315,0.0,0.0,-3.07,0.398,3.07,-8.0,-0.16,0.362,12.0,0.0,83.957,85.107,74.842,70.557,76.89,81.092,33.583,25.0,0.0,85.875,85.098,87.307,83.035,77.366,100.0,34.35,7.949,4.942,90.23,86.889,2.11,MODERATE
52,2026-06-01 13:00:00+00:00,13,0,-0.258819,-0.965926,0.0,1.0,False,False,MORNING,2.0,5.0,11.0,40.0,76.0,123.0,0.0,0.0,0.0,3.36,3.592,86.7,8.79,86.696,87.874,13.3,1.21,11.97,27.41,76.24,71.874,7.75,4.89,3.36,2.28,79.019,1.29,87.467,35.15,False,,0.0,69.405,0.0,0.0,-0.34,0.398,3.07,-3.0,-0.16,0.322,13.0,0.0,83.422,84.456,86.649,82.409,75.396,79.5,33.369,26.0,0.0,86.538,84.862,100.0,99.137,76.601,100.0,34.615,7.698,5.649,91.354,87.289,2.11,NORMAL
53,2026-06-01 13:15:00+00:00,13,0,-0.258819,-0.965926,0.0,1.0,False,False,MORNING,2.0,4.0,9.0,42.0,75.0,125.0,0.0,0.0,0.0,3.36,6.352,86.07,8.66,86.074,86.617,13.93,1.34,11.08,25.47,81.741,76.819,7.64,4.86,3.5,2.25,78.125,1.13,85.875,34.647,False,,0.0,70.047,0.0,0.0,0.0,0.398,3.07,-5.0,-0.48,0.282,14.0,0.0,82.711,84.281,87.02,82.745,77.946,77.908,33.084,24.0,0.0,86.223,85.281,87.495,83.214,75.971,100.0,34.489,7.531,5.421,91.503,87.802,2.27,MODERATE
54,2026-06-01 13:30:00+00:00,13,0,-0.258819,-0.965926,0.0,1.0,False,False,MORNING,1.0,3.0,8.0,39.0,71.0,126.0,0.0,0.0,0.0,1.68,3.875,85.72,8.47,85.715,84.714,14.28,1.53,10.85,24.96,83.129,78.053,7.51,4.82,3.67,2.22,77.086,0.81,57.083,33.886,False,,0.0,67.217,0.0,0.0,0.0,0.398,3.07,-8.0,-0.64,0.202,15.0,0.77,84.732,84.816,87.372,83.097,76.935,100.0,38.506,27.0,0.0,85.845,85.02,87.227,82.958,74.515,81.15,34.338,7.339,6.725,92.358,87.87,2.75,NORMAL
55,2026-06-01 13:45:00+00:00,13,0,-0.258819,-0.965926,0.0,1.0,False,False,MORNING,2.0,3.0,7.0,37.0,71.0,128.0,0.0,0.0,0.0,3.36,6.096,85.11,8.4,85.107,83.957,14.89,1.6,11.97,27.41,74.842,70.557,7.52,4.78,3.7,2.21,76.89,0.66,81.092,33.583,False,,0.0,67.181,0.0,0.0,0.0,0.398,3.07,-4.0,-0.79,0.165,11.0,0.0,85.875,85.098,87.307,83.035,77.366,100.0,34.35,28.0,0.0,85.693,84.805,89.879,85.394,74.115,100.0,34.277,7.3,5.531,93.144,88.233,2.92,NORMAL
56,2026-06-01 14:00:00+00:00,14,0,-0.5,-0.866025,0.0,1.0,False,False,EVENING,2.0,4.0,7.0,32.0,71.0,130.0,0.0,0.0,0.0,3.36,6.175,84.46,8.34,84.456,83.422,15.54,1.66,10.26,23.29,86.649,82.409,7.32,4.74,3.94,2.17,75.396,0.5,79.5,33.369,False,,0.0,69.492,0.0,0.0,0.0,0.398,3.07,-4.0,-0.79,0.125,11.0,0.0,86.538,84.862,100.0,99.137,76.601,100.0,34.615,29.0,0.0,86.304,85.498,87.717,83.425,76.521,100.0,34.522,7.152,5.854,92.3,88.642,3.24,NORMAL
57,2026-06-01 14:15:00+00:00,14,0,-0.5,-0.866025,0.0,1.0,False,False,EVENING,2.0,4.0,7.0,30.0,71.0,132.0,0.0,0.0,0.0,3.36,4.346,84.28,8.27,84.281,82.711,15.72,1.73,10.2,23.15,87.02,82.745,7.77,4.7,3.53,2.24,77.946,0.34,77.908,33.084,False,,0.0,69.483,0.0,0.0,0.0,0.398,3.07,-2.0,-0.79,0.085,12.0,0.0,86.223,85.281,87.495,83.214,75.971,100.0,34.489,26.0,0.0,86.695,85.656,87.88,83.579,77.595,100.0,34.678,7.015,6.03,91.604,88.958,3.24,NORMAL
58,2026-06-01 14:30:00+00:00,14,0,-0.5,-0.866025,0.0,1.0,False,False,EVENING,6.0,8.0,12.0,36.0,73.0,138.0,0.77,0.0,0.0,8.788,5.841,84.82,8.47,84.816,84.732,15.18,1.53,10.26,23.29,87.372,83.097,7.59,4.72,3.69,2.22,76.935,0.82,100.0,38.506,False,,1.4,72.479,0.77,0.77,0.77,0.446,3.07,4.0,0.01,0.397,12.0,0.0,85.845,85.02,87.227,82.958,74.515,81.15,34.338,27.0,0.0,87.05,86.105,91.097,86.556,79.045,100.0,34.82,6.91,7.765,92.718,88.633,3.72,MODERATE
59,2026-06-01 14:45:00+00:00,14,0,-0.5,-0.866025,0.0,1.0,False,False,EVENING,3.0,9.0,13.0,31.0,76.0,141.0,0.0,0.07,0.0692,6.332,4.745,85.1,8.59,85.098,85.875,14.9,1.41,10.26,23.29,87.307,83.035,7.66,4.72,3.62,2.23,77.366,0.82,100.0,34.35,False,,0.0,72.301,-0.77,0.0,0.0,0.446,3.07,6.0,0.16,0.205,14.0,0.0,85.693,84.805,89.879,85.394,74.115,100.0,34.277,27.0,0.0,87.086,86.55,88.796,84.451,78.65,100.0,34.835,6.625,6.455,92.425,88.705,3.4,MODERATE
60,2026-06-01 15:00:00+00:00,15,0,-0.707107,-0.707107,0.0,1.0,False,False,EVENING,3.0,6.0,14.0,32.0,77.0,144.0,0.0,0.0,0.0,5.04,5.72,84.86,8.65,84.862,86.538,15.14,1.35,8.52,19.45,100.0,99.137,7.53,4.73,3.74,2.21,76.601,0.82,100.0,34.615,False,,0.0,75.768,0.0,-0.77,0.0,0.326,3.07,7.0,0.32,0.205,15.0,0.0,86.304,85.498,87.717,83.425,76.521,100.0,34.522,30.0,0.0,85.044,85.495,100.0,96.36,79.518,57.2,34.018,3.36,6.666,91.091,88.012,3.24,MODERATE
61,2026-06-01 15:15:00+00:00,15,0,-0.707107,-0.707107,0.0,1.0,False,False,EVENING,3.0,6.0,15.0,31.0,75.0,147.0,0.0,0.0,0.0,5.04,3.488,85.28,8.62,85.281,86.223,14.72,1.38,10.26,23.29,87.495,83.214,7.42,4.73,3.84,2.19,75.971,0.82,100.0,34.489,False,,0.0,72.329,0.0,0.0,0.0,0.261,3.07,8.0,0.48,0.205,12.0,0.0,86.695,85.656,87.88,83.579,77.595,100.0,34.678,32.0,1.06,86.385,86.243,91.58,87.02,82.069,100.0,40.911,7.268,6.57,91.116,88.184,3.56,MODERATE
62,2026-06-01 15:30:00+00:00,15,0,-0.707107,-0.707107,0.0,1.0,False,False,EVENING,2.0,5.0,11.0,31.0,72.0,149.0,0.0,0.0,0.0,3.36,4.558,85.02,8.58,85.02,85.845,14.98,1.42,10.26,23.29,87.227,82.958,7.19,4.73,4.08,2.15,74.515,0.66,81.15,34.338,False,,0.0,70.305,0.0,0.0,-0.77,0.261,3.07,-1.0,-0.16,0.165,15.0,0.0,87.05,86.105,91.097,86.556,79.045,100.0,34.82,30.0,0.0,87.213,86.388,100.0,95.721,81.636,100.0,34.885,6.172,7.017,90.597,88.025,3.56,MODERATE
63,2026-06-01 15:45:00+00:00,15,0,-0.707107,-0.707107,0.0,1.0,False,False,EVENING,3.0,5.0,11.0,31.0,73.0,152.0,0.0,0.0,0.0,5.04,5.959,84.81,8.57,84.805,85.693,15.19,1.43,9.93,22.57,89.879,85.394,7.13,4.73,4.14,2.13,74.115,0.66,100.0,34.277,False,,0.0,72.499,0.0,0.0,0.0,0.069,0.77,-2.0,-0.16,0.165,14.0,0.0,87.086,86.55,88.796,84.451,78.65,100.0,34.835,33.0,0.0,87.619,86.678,88.928,84.577,80.851,100.0,35.048,3.36,6.128,89.406,87.452,3.4,MODERATE
64,2026-06-01 16:00:00+00:00,16,0,-0.866025,-0.5,0.0,1.0,False,False,EVENING,4.0,7.0,12.0,33.0,73.0,156.0,0.0,0.0,0.0,6.72,3.705,85.5,8.63,85.498,86.304,14.5,1.37,10.26,23.29,87.717,83.425,7.51,4.73,3.76,2.2,76.521,0.82,100.0,34.522,False,,0.0,72.494,0.0,0.0,0.0,0.048,0.77,-2.0,0.0,0.205,14.0,0.0,85.044,85.495,100.0,96.36,79.518,57.2,34.018,33.0,0.0,86.507,85.848,100.0,100.0,78.187,60.433,34.603,1.68,6.247,87.179,86.533,3.08,MODERATE
65,2026-06-01 16:15:00+00:00,16,0,-0.866025,-0.5,0.0,1.0,False,False,EVENING,3.0,7.0,12.0,34.0,76.0,159.0,0.0,0.0,0.0,5.04,4.25,85.66,8.67,85.656,86.695,14.34,1.33,10.26,23.29,87.88,83.579,7.68,4.74,3.58,2.23,77.595,0.82,100.0,34.678,False,,0.0,72.742,0.0,0.0,0.0,0.048,0.77,-3.0,0.0,0.205,14.0,1.06,86.385,86.243,91.58,87.02,82.069,100.0,40.911,37.0,0.0,87.772,86.133,88.369,84.045,80.575,100.0,35.109,1.68,6.0,86.153,85.555,2.76,MODERATE
66,2026-06-01 16:30:00+00:00,16,0,-0.866025,-0.5,0.0,1.0,False,False,EVENING,4.0,7.0,14.0,37.0,76.0,163.0,0.0,0.0,0.0,6.72,4.785,86.1,8.71,86.105,87.05,13.9,1.29,9.95,22.61,91.097,86.556,7.9,4.75,3.35,2.28,79.045,0.98,100.0,34.82,False,,0.0,73.786,0.0,0.0,0.0,0.048,0.77,3.0,0.32,0.245,12.0,0.0,87.213,86.388,100.0,95.721,81.636,100.0,34.885,36.0,0.0,88.922,86.268,100.0,98.807,79.514,100.0,35.569,6.72,5.057,87.365,85.85,2.92,MODERATE
67,2026-06-01 16:45:00+00:00,16,0,-0.866025,-0.5,0.0,1.0,False,False,EVENING,4.0,8.0,15.0,39.0,76.0,167.0,0.0,0.0,0.0,6.72,4.925,86.55,8.71,86.55,87.086,13.45,1.29,10.26,23.29,88.796,84.451,7.83,4.76,3.42,2.27,78.65,1.15,100.0,34.835,False,,0.0,73.326,0.0,0.0,0.0,0.048,0.77,4.0,0.49,0.288,13.0,0.0,87.619,86.678,88.928,84.577,80.851,100.0,35.048,38.0,2.27,90.23,86.889,100.0,100.0,82.212,100.0,49.702,3.36,4.011,86.461,85.778,2.77,MODERATE
68,2026-06-01 17:00:00+00:00,17,0,-0.965926,-0.258819,0.0,1.0,False,False,EVENING,1.0,5.0,12.0,38.0,70.0,168.0,0.0,0.0,0.0,1.68,6.713,85.5,8.5,85.495,85.044,14.5,1.5,8.84,20.16,100.0,96.36,7.98,4.74,3.28,2.29,79.518,0.83,57.2,34.018,False,,0.0,71.686,0.0,0.0,0.0,0.048,0.77,0.0,0.01,0.208,16.0,0.0,86.507,85.848,100.0,100.0,78.187,60.433,34.603,32.0,0.69,91.354,87.289,89.872,85.474,81.787,100.0,40.659,0.0,4.918,84.216,84.772,2.29,MODERATE
69,2026-06-01 17:15:00+00:00,17,0,-0.965926,-0.258819,0.0,1.0,False,False,EVENING,6.0,7.0,15.0,42.0,72.0,174.0,1.06,0.0,0.0,8.3,4.773,86.24,8.64,86.243,86.385,13.76,1.36,9.97,22.65,91.58,87.02,8.35,4.78,2.87,2.36,82.069,1.31,100.0,40.911,False,,2.0,74.747,1.06,1.06,1.06,0.114,1.06,3.0,0.49,0.592,18.0,0.0,87.772,86.133,88.369,84.045,80.575,100.0,35.109,31.0,0.2,91.503,87.802,90.175,85.762,82.364,100.0,37.822,8.581,4.616,85.806,85.605,2.77,MODERATE
70,2026-06-01 17:30:00+00:00,17,0,-0.965926,-0.258819,0.0,1.0,False,False,EVENING,3.0,9.0,14.0,39.0,75.0,177.0,0.0,0.1,0.0953,6.82,5.908,86.39,8.72,86.388,87.213,13.61,1.28,9.0,20.51,100.0,95.721,8.28,4.78,2.94,2.35,81.636,1.31,100.0,34.885,False,,0.0,76.282,-1.06,0.0,0.0,0.114,1.06,0.0,0.33,0.328,18.0,0.0,88.922,86.268,100.0,98.807,79.514,100.0,35.569,32.0,1.83,92.358,87.87,90.998,86.545,79.662,100.0,47.952,4.859,4.637,86.473,85.593,2.61,MODERATE
71,2026-06-01 17:45:00+00:00,17,0,-0.965926,-0.258819,0.0,1.0,False,False,EVENING,4.0,7.0,14.0,40.0,71.0,181.0,0.0,0.0,0.0,6.72,5.398,86.68,8.76,86.678,87.619,13.32,1.24,10.26,23.29,88.928,84.577,8.15,4.79,3.06,2.33,80.851,1.47,100.0,35.048,False,,0.0,73.69,0.0,-1.06,0.0,0.114,1.06,-1.0,0.32,0.368,20.0,2.27,90.23,86.889,100.0,100.0,82.212,100.0,49.702,29.0,1.49,93.144,88.233,100.0,95.059,82.557,100.0,46.196,6.72,4.881,87.375,85.963,2.77,MODERATE
72,2026-06-01 18:00:00+00:00,18,0,-1.0,-0.0,0.0,1.0,False,False,EVENING,1.0,5.0,14.0,38.0,70.0,182.0,0.0,0.0,0.0,1.68,5.447,85.85,8.65,85.848,86.507,14.15,1.35,8.13,18.61,100.0,100.0,7.73,4.78,3.49,2.25,78.187,1.15,60.433,34.603,False,,0.0,72.664,0.0,0.0,0.0,0.114,1.06,2.0,0.32,0.288,17.0,0.69,91.354,87.289,89.872,85.474,81.787,100.0,40.659,27.0,2.23,92.3,88.642,91.974,87.473,84.198,100.0,50.315,5.04,5.497,86.969,85.889,2.77,MODERATE
73,2026-06-01 18:15:00+00:00,18,0,-1.0,-0.0,0.0,1.0,False,False,EVENING,4.0,5.0,12.0,39.0,70.0,186.0,0.0,0.0,0.0,6.72,5.072,86.13,8.78,86.133,87.772,13.87,1.22,10.26,23.29,88.369,84.045,8.1,4.79,3.11,2.32,80.575,1.31,100.0,35.109,False,,0.0,73.445,0.0,0.0,-1.06,0.114,1.06,-3.0,0.0,0.328,19.0,0.2,91.503,87.802,90.175,85.762,82.364,100.0,37.822,23.0,1.06,91.604,88.958,91.755,87.266,83.82,100.0,42.982,0.0,5.773,85.04,84.639,2.29,MODERATE
74,2026-06-01 18:30:00+00:00,18,0,-1.0,-0.0,0.0,1.0,False,False,EVENING,4.0,8.0,13.0,41.0,72.0,190.0,0.0,0.0,0.0,6.72,5.719,86.27,8.89,86.268,88.922,13.73,1.11,8.69,19.84,100.0,98.807,7.91,4.81,3.28,2.29,79.514,1.47,100.0,35.569,False,,0.0,76.776,0.0,0.0,0.0,0.066,1.06,-1.0,0.16,0.368,18.0,1.83,92.358,87.87,90.998,86.545,79.662,100.0,47.952,21.0,2.94,92.718,88.633,92.293,87.777,85.891,100.0,54.749,0.0,5.522,82.285,83.534,1.81,MODERATE
75,2026-06-01 18:45:00+00:00,18,0,-1.0,-0.0,0.0,1.0,False,False,EVENING,7.0,11.0,16.0,45.0,76.0,197.0,2.27,0.0,0.0,7.949,4.942,86.89,9.02,86.889,90.23,13.11,0.98,7.61,17.46,100.0,100.0,8.23,4.92,2.85,2.37,82.212,2.11,100.0,49.702,False,,4.6,79.013,2.27,2.27,2.27,0.208,2.27,2.0,0.64,1.095,18.0,1.49,93.144,88.233,100.0,95.059,82.557,100.0,46.196,19.0,0.0,92.425,88.705,91.007,86.554,85.418,82.925,36.97,1.68,4.38,82.153,82.872,1.49,MODERATE
76,2026-06-01 19:00:00+00:00,19,0,-0.965926,0.258819,0.0,1.0,False,False,EVENING,3.0,10.0,18.0,44.0,77.0,200.0,0.69,0.2,0.2041,7.698,5.649,87.29,9.14,87.289,91.354,12.71,0.86,10.26,23.29,89.872,85.474,8.12,4.97,2.91,2.36,81.787,2.11,100.0,40.659,False,,1.4,75.318,-1.58,0.69,0.69,0.251,2.27,4.0,0.96,0.7,15.0,2.23,92.3,88.642,91.974,87.473,84.198,100.0,50.315,20.0,0.0,91.091,88.012,90.297,85.878,85.803,100.0,36.436,0.0,2.834,80.293,82.35,1.01,MODERATE
77,2026-06-01 19:15:00+00:00,19,0,-0.965926,0.258819,0.0,1.0,False,False,EVENING,4.0,7.0,18.0,45.0,79.0,204.0,0.2,0.06,0.0618,7.531,5.421,87.8,9.15,87.802,91.503,12.2,0.85,10.26,23.29,90.175,85.762,8.19,4.99,2.82,2.37,82.364,2.27,100.0,37.822,False,,0.4,75.27,-0.48999999999999994,-2.07,0.2,0.264,2.27,6.0,0.96,0.618,12.0,1.06,91.604,88.958,91.755,87.266,83.82,100.0,42.982,18.0,0.67,91.116,88.184,90.784,86.342,84.558,100.0,40.488,1.68,3.547,80.452,81.867,0.69,MODERATE
78,2026-06-01 19:30:00+00:00,19,0,-0.965926,0.258819,0.0,1.0,False,False,EVENING,6.0,10.0,20.0,47.0,84.0,210.0,1.83,0.02,0.01,7.339,6.725,87.87,9.24,87.87,92.358,12.13,0.76,10.26,23.29,90.998,86.545,7.67,5.07,3.25,2.29,79.662,2.75,100.0,47.952,False,,4.0,76.449,1.6300000000000001,1.1400000000000001,1.83,0.378,2.27,7.0,1.28,1.145,14.0,2.94,92.718,88.633,92.293,87.777,85.891,100.0,54.749,19.0,0.0,90.597,88.025,90.31,85.891,82.14,100.0,36.239,3.36,2.596,81.162,81.987,0.53,MODERATE
79,2026-06-01 19:45:00+00:00,19,0,-0.965926,0.258819,0.0,1.0,False,False,EVENING,4.0,10.0,17.0,47.0,86.0,214.0,1.49,0.17,0.1108,7.3,5.531,88.23,9.31,88.233,93.144,11.77,0.69,9.33,21.26,100.0,95.059,8.07,5.14,2.79,2.38,82.557,2.92,100.0,46.196,False,,3.3,78.831,-0.3400000000000001,1.29,-0.78,0.471,2.27,1.0,0.81,1.102,11.0,0.0,92.425,88.705,91.007,86.554,85.418,82.925,36.97,18.0,0.0,89.406,87.452,89.722,85.331,80.404,100.0,35.763,0.0,2.914,79.949,81.379,0.06,MODERATE
80,2026-06-01 20:00:00+00:00,20,0,-0.866025,0.5,0.0,1.0,False,False,EVENING,5.0,9.0,19.0,51.0,89.0,219.0,2.23,0.13,0.0601,7.152,5.854,88.64,9.23,88.642,92.3,11.36,0.77,10.26,23.29,91.974,87.473,8.27,5.21,2.53,2.42,84.198,3.24,100.0,50.315,False,,5.0,77.5,0.74,0.3999999999999999,1.54,0.611,2.27,1.0,1.13,1.368,12.0,0.0,91.091,88.012,90.297,85.878,85.803,100.0,36.436,20.0,0.0,87.179,86.533,100.0,100.0,76.122,79.767,34.872,5.04,3.987,81.309,81.507,0.06,MODERATE
81,2026-06-01 20:15:00+00:00,20,0,-0.866025,0.5,0.0,1.0,False,False,EVENING,3.0,8.0,18.0,48.0,90.0,222.0,1.06,0.2,0.1901,7.015,6.03,88.96,9.16,88.958,91.604,11.04,0.84,10.26,23.29,91.755,87.266,8.2,5.21,2.59,2.41,83.82,3.24,100.0,42.982,False,,2.4,76.596,-1.17,-0.42999999999999994,0.8600000000000001,0.677,2.27,0.0,0.97,1.075,11.0,0.67,91.116,88.184,90.784,86.342,84.558,100.0,40.488,22.0,0.0,86.153,85.555,100.0,100.0,76.068,76.575,34.461,0.0,0.611,80.595,81.425,0.0,MODERATE
82,2026-06-01 20:30:00+00:00,20,0,-0.866025,0.5,0.0,1.0,False,False,EVENING,6.0,9.0,18.0,51.0,90.0,228.0,2.94,0.1,0.0323,6.91,7.765,88.63,9.27,88.633,92.718,11.37,0.73,10.26,23.29,92.293,87.777,8.45,5.29,2.26,2.47,85.891,3.72,100.0,54.749,False,,6.8,78.263,1.88,0.71,1.1099999999999999,0.861,2.94,-2.0,0.97,1.665,7.0,0.0,90.597,88.025,90.31,85.891,82.14,100.0,36.239,21.0,0.0,87.365,85.85,100.0,100.0,76.532,100.0,34.946,1.68,0.85,80.599,81.632,0.0,MODERATE
83,2026-06-01 20:45:00+00:00,20,0,-0.866025,0.5,0.0,1.0,False,False,EVENING,1.0,7.0,15.0,48.0,88.0,229.0,0.0,0.26,0.2649,6.625,6.455,88.7,9.24,88.705,92.425,11.3,0.76,10.26,23.29,91.007,86.554,8.42,5.25,2.33,2.46,85.418,3.4,82.925,36.97,False,,0.0,74.458,-2.94,-1.06,-1.49,0.861,2.94,-2.0,0.48,0.85,8.0,0.0,89.406,87.452,89.722,85.331,80.404,100.0,35.763,17.0,0.0,86.461,85.778,100.0,100.0,77.338,100.0,34.584,0.0,2.835,79.705,81.013,0.0,MODERATE
84,2026-06-01 21:00:00+00:00,21,0,-0.707107,0.707107,0.0,1.0,False,False,EVENING,2.0,3.0,12.0,49.0,87.0,231.0,0.0,0.0,0.0,3.36,6.666,88.01,9.11,88.012,91.091,11.99,0.89,10.26,23.29,90.297,85.878,8.53,5.2,2.27,2.47,85.803,3.24,100.0,36.436,False,,0.0,75.444,0.0,-2.94,-2.23,0.861,2.94,-7.0,0.0,0.81,8.0,0.0,87.179,86.533,100.0,100.0,76.122,79.767,34.872,16.0,0.0,84.216,84.772,100.0,100.0,77.752,46.2,33.686,1.68,2.006,78.92,81.01,0.0,MODERATE
85,2026-06-01 21:15:00+00:00,21,0,-0.707107,0.707107,0.0,1.0,False,False,EVENING,5.0,7.0,14.0,50.0,89.0,236.0,0.67,0.0,0.0,7.268,6.57,88.18,9.11,88.184,91.116,11.82,0.89,10.26,23.29,90.784,86.342,8.34,5.19,2.47,2.44,84.558,3.56,100.0,40.488,False,,1.5,75.918,0.67,0.67,-0.39,0.836,2.94,-4.0,0.32,1.058,7.0,0.0,86.153,85.555,100.0,100.0,76.068,76.575,34.461,16.0,0.89,85.806,85.605,100.0,100.0,80.538,100.0,39.675,1.68,2.988,79.634,80.611,0.0,MODERATE
86,2026-06-01 21:30:00+00:00,21,0,-0.707107,0.707107,0.0,1.0,False,False,EVENING,3.0,8.0,11.0,49.0,90.0,239.0,0.0,0.06,0.0606,6.172,7.017,88.02,9.06,88.025,90.597,11.98,0.94,10.26,23.29,90.31,85.891,7.99,5.15,2.86,2.37,82.14,3.56,100.0,36.239,False,,0.0,75.022,-0.67,0.0,-2.94,0.836,2.94,-7.0,-0.16,0.89,12.0,0.0,87.365,85.85,100.0,100.0,76.532,100.0,34.946,11.0,0.0,86.473,85.593,100.0,100.0,80.286,100.0,34.589,0.0,2.234,78.609,80.155,0.0,MODERATE
87,2026-06-01 21:45:00+00:00,21,0,-0.707107,0.707107,0.0,1.0,False,False,EVENING,2.0,5.0,12.0,44.0,89.0,241.0,0.0,0.0,0.0,3.36,6.128,87.45,8.94,87.452,89.406,12.55,1.06,10.26,23.29,89.722,85.331,7.76,5.1,3.14,2.32,80.404,3.4,100.0,35.763,False,,0.0,74.363,0.0,-0.67,0.0,0.836,2.94,-3.0,0.0,0.85,10.0,0.0,86.461,85.778,100.0,100.0,77.338,100.0,34.584,11.0,0.0,87.375,85.963,100.0,100.0,80.951,100.0,34.95,1.68,2.732,77.82,79.971,0.0,MODERATE
88,2026-06-01 22:00:00+00:00,22,0,-0.5,0.866025,0.0,1.0,False,False,NIGHT,1.0,3.0,11.0,42.0,86.0,242.0,0.0,0.0,0.0,1.68,6.247,86.53,8.72,86.533,87.179,13.47,1.28,6.27,17.99,100.0,100.0,7.14,5.04,3.82,2.19,76.122,3.08,79.767,34.872,False,,0.0,74.503,0.0,0.0,0.0,0.836,2.94,-1.0,-0.16,0.77,12.0,0.0,84.216,84.772,100.0,100.0,77.752,46.2,33.686,7.0,0.0,86.969,85.889,100.0,100.0,82.013,100.0,34.787,3.36,2.896,78.969,79.972,0.0,MODERATE
89,2026-06-01 22:15:00+00:00,22,0,-0.5,0.866025,0.0,1.0,False,False,NIGHT,1.0,2.0,7.0,39.0,84.0,243.0,0.0,0.0,0.0,1.68,6.0,85.56,8.62,85.555,86.153,14.44,1.38,5.74,16.83,100.0,100.0,7.19,4.98,3.83,2.19,76.068,2.76,76.575,34.461,False,,0.0,73.791,0.0,0.0,-0.67,0.836,2.94,-7.0,-0.8,0.69,15.0,0.89,85.806,85.605,100.0,100.0,80.538,100.0,39.675,7.0,0.0,85.04,84.639,100.0,100.0,81.589,46.242,34.016,3.36,2.523,79.565,80.122,0.0,MODERATE
90,2026-06-01 22:30:00+00:00,22,0,-0.5,0.866025,0.0,1.0,False,False,NIGHT,4.0,5.0,8.0,37.0,84.0,247.0,0.0,0.0,0.0,6.72,5.057,85.85,8.74,85.85,87.365,14.15,1.26,6.27,17.99,100.0,100.0,7.3,4.95,3.75,2.2,76.532,2.92,100.0,34.946,False,,0.0,76.248,0.0,0.0,0.0,0.836,2.94,-3.0,-0.64,0.73,9.0,0.0,86.473,85.593,100.0,100.0,80.286,100.0,34.589,7.0,0.0,82.285,83.534,100.0,100.0,77.15,41.45,32.914,5.04,2.978,81.074,80.487,0.0,MODERATE
91,2026-06-01 22:45:00+00:00,22,0,-0.5,0.866025,0.0,1.0,False,False,NIGHT,2.0,6.0,8.0,35.0,82.0,249.0,0.0,0.0,0.0,3.36,4.011,85.78,8.65,85.778,86.461,14.22,1.35,5.92,17.23,100.0,100.0,7.47,4.91,3.63,2.23,77.338,2.77,100.0,34.584,False,,0.0,76.124,0.0,0.0,0.0,0.694,2.94,-4.0,-0.63,0.692,7.0,0.0,87.375,85.963,100.0,100.0,80.951,100.0,34.95,8.0,0.0,82.153,82.872,100.0,100.0,77.019,63.858,32.861,1.68,2.587,80.24,80.343,0.0,MODERATE
92,2026-06-01 23:00:00+00:00,23,0,-0.258819,0.965926,0.0,1.0,False,False,NIGHT,0.0,2.0,7.0,30.0,81.0,249.0,0.0,0.0,0.0,0.0,4.918,84.77,8.42,84.772,84.216,15.23,1.58,6.27,17.99,100.0,100.0,7.59,4.85,3.56,2.24,77.752,2.29,46.2,33.686,False,,0.0,70.649,0.0,0.0,0.0,0.651,2.94,-4.0,-0.79,0.572,4.0,0.0,86.969,85.889,100.0,100.0,82.013,100.0,34.787,7.0,0.0,80.293,82.35,100.0,100.0,75.354,33.467,32.117,0.0,2.857,80.24,79.629,0.0,MODERATE
93,2026-06-01 23:15:00+00:00,23,0,-0.258819,0.965926,0.0,1.0,False,False,NIGHT,6.0,6.0,12.0,33.0,81.0,255.0,0.89,0.0,0.0,8.581,4.616,85.6,8.58,85.605,85.806,14.4,1.42,6.27,17.99,100.0,100.0,8.03,4.86,3.11,2.32,80.538,2.77,100.0,39.675,False,,1.7,76.812,0.89,0.89,0.89,0.694,2.94,5.0,0.01,0.915,1.0,0.0,85.04,84.639,100.0,100.0,81.589,46.242,34.016,8.0,0.0,80.452,81.867,100.0,100.0,75.058,55.875,32.181,6.72,0.31,81.191,81.136,0.16,MODERATE
94,2026-06-01 23:30:00+00:00,23,0,-0.258819,0.965926,0.0,1.0,False,False,NIGHT,2.0,8.0,10.0,29.0,80.0,257.0,0.0,0.08,0.0803,4.859,4.637,85.59,8.65,85.593,86.473,14.41,1.35,6.09,17.59,100.0,100.0,8.01,4.84,3.15,2.31,80.286,2.61,100.0,34.589,False,,0.0,76.351,-0.89,0.0,0.0,0.58,2.94,2.0,-0.31,0.652,2.0,0.0,82.285,83.534,100.0,100.0,77.15,41.45,32.914,8.0,0.0,81.162,81.987,100.0,100.0,76.255,79.883,32.465,6.72,2.179,83.198,82.071,0.32,MODERATE
95,2026-06-01 23:45:00+00:00,23,0,-0.258819,0.965926,0.0,1.0,False,False,NIGHT,4.0,6.0,12.0,32.0,80.0,261.0,0.0,0.0,0.0,6.72,4.881,85.96,8.74,85.963,87.375,14.04,1.26,4.77,14.69,100.0,100.0,8.12,4.83,3.05,2.33,80.951,2.77,100.0,34.95,False,,0.0,76.672,0.0,-0.89,0.0,0.487,2.94,4.0,0.0,0.692,4.0,0.0,82.153,82.872,100.0,100.0,77.019,63.858,32.861,6.0,0.0,79.949,81.379,100.0,100.0,76.914,23.892,31.98,1.68,4.464,83.282,81.367,0.0,MODERATE
96,2026-06-02 00:00:00+00:00,0,1,0.0,1.0,0.781831,0.62349,False,False,NIGHT,3.0,7.0,15.0,33.0,82.0,263.0,0.0,0.0,0.0,5.04,5.497,85.89,8.7,85.889,86.969,14.11,1.3,6.27,17.99,100.0,100.0,8.3,4.82,2.88,2.36,82.013,2.77,100.0,34.787,False,,0.0,76.671,0.0,0.0,0.0,0.348,2.94,8.0,0.48,0.692,3.0,0.0,80.293,82.35,100.0,100.0,75.354,33.467,32.117,7.0,0.0,81.309,81.507,100.0,100.0,76.077,100.0,32.524,3.36,2.882,82.707,81.544,0.0,MODERATE
97,2026-06-02 00:15:00+00:00,0,1,0.0,1.0,0.781831,0.62349,False,False,NIGHT,0.0,3.0,9.0,28.0,78.0,262.0,0.0,0.0,0.0,0.0,5.773,84.64,8.5,84.639,85.04,15.36,1.5,6.27,17.99,100.0,100.0,8.26,4.79,2.95,2.35,81.589,2.29,46.242,34.016,False,,0.0,71.133,0.0,0.0,-0.89,0.281,2.94,-3.0,-0.48,0.572,6.0,0.0,80.452,81.867,100.0,100.0,75.058,55.875,32.181,6.0,0.0,80.595,81.425,100.0,100.0,76.247,23.333,32.238,1.68,2.397,82.134,81.422,0.0,MODERATE
98,2026-06-02 00:30:00+00:00,0,1,0.0,1.0,0.781831,0.62349,False,False,NIGHT,0.0,0.0,7.0,25.0,74.0,262.0,0.0,0.0,0.0,0.0,5.522,83.53,8.23,83.534,82.285,16.47,1.77,6.27,17.99,100.0,100.0,7.6,4.74,3.66,2.22,77.15,1.81,41.45,32.914,False,,0.0,69.508,0.0,0.0,0.0,0.098,0.89,-3.0,-0.8,0.452,5.0,0.0,81.162,81.987,100.0,100.0,76.255,79.883,32.465,8.0,0.0,80.599,81.632,100.0,100.0,76.322,48.933,32.24,3.36,2.627,81.626,81.656,0.0,NORMAL
99,2026-06-02 00:45:00+00:00,0,1,0.0,1.0,0.781831,0.62349,False,False,NIGHT,1.0,1.0,4.0,24.0,68.0,261.0,0.0,0.0,0.0,1.68,4.38,82.87,8.22,82.872,82.153,17.13,1.78,6.27,17.99,100.0,100.0,7.63,4.7,3.68,2.22,77.019,1.49,63.858,32.861,False,,0.0,71.341,0.0,0.0,0.0,0.098,0.89,-8.0,-1.28,0.372,4.0,0.0,79.949,81.379,100.0,100.0,76.914,23.892,31.98,10.0,0.0,79.705,81.013,100.0,100.0,76.496,23.333,31.882,3.36,3.5,81.536,81.63,0.0,MODERATE
100,2026-06-02 01:00:00+00:00,1,1,0.258819,0.965926,0.781831,0.62349,False,False,NIGHT,0.0,1.0,1.0,23.0,65.0,259.0,0.0,0.0,0.0,0.0,2.834,82.35,8.03,82.35,80.293,17.65,1.97,4.3,13.66,100.0,100.0,7.42,4.64,3.94,2.17,75.354,1.01,33.467,32.117,False,,0.0,67.969,0.0,0.0,0.0,0.098,0.89,-14.0,-1.76,0.252,4.0,0.0,81.309,81.507,100.0,100.0,76.077,100.0,32.524,11.0,0.0,78.92,81.01,100.0,100.0,74.613,48.933,31.568,9.788,3.892,83.286,82.929,0.48,NORMAL
101,2026-06-02 01:15:00+00:00,1,1,0.258819,0.965926,0.781831,0.62349,False,False,NIGHT,1.0,1.0,2.0,23.0,62.0,259.0,0.0,0.0,0.0,1.68,3.547,81.87,8.05,81.867,80.452,18.13,1.95,6.27,17.99,100.0,100.0,7.41,4.6,3.99,2.16,75.058,0.69,55.875,32.181,False,,0.0,69.885,0.0,0.0,0.0,0.056,0.89,-7.0,-1.6,0.172,2.0,0.0,80.595,81.425,100.0,100.0,76.247,23.333,32.238,10.0,0.0,79.634,80.611,100.0,100.0,72.072,48.933,31.854,1.972,3.923,81.631,82.606,0.16,NORMAL
102,2026-06-02 01:30:00+00:00,1,1,0.258819,0.965926,0.781831,0.62349,False,False,NIGHT,2.0,3.0,4.0,21.0,58.0,259.0,0.0,0.0,0.0,3.36,2.596,81.99,8.12,81.987,81.162,18.01,1.88,3.92,12.81,100.0,100.0,7.63,4.57,3.8,2.2,76.255,0.53,79.883,32.465,False,,0.0,72.322,0.0,0.0,0.0,0.056,0.89,-3.0,-1.28,0.132,3.0,0.0,80.599,81.632,100.0,100.0,76.322,48.933,32.24,13.0,0.0,78.609,80.155,100.0,100.0,73.335,23.333,31.444,1.68,2.14,80.23,82.631,0.0,MODERATE
103,2026-06-02 01:45:00+00:00,1,1,0.258819,0.965926,0.781831,0.62349,False,False,NIGHT,0.0,2.0,3.0,19.0,54.0,259.0,0.0,0.0,0.0,0.0,2.914,81.38,7.99,81.379,79.949,18.62,2.01,6.27,17.99,100.0,100.0,7.77,4.54,3.69,2.22,76.914,0.06,23.892,31.98,False,,0.0,66.966,0.0,0.0,0.0,0.056,0.89,-1.0,-1.43,0.015,2.0,0.0,79.705,81.013,100.0,100.0,76.496,23.333,31.882,17.0,0.0,77.82,79.971,100.0,100.0,73.429,48.933,31.128,3.36,3.268,80.183,82.659,0.0,NORMAL
104,2026-06-02 02:00:00+00:00,2,1,0.5,0.866025,0.781831,0.62349,False,False,NIGHT,3.0,3.0,6.0,22.0,52.0,261.0,0.0,0.0,0.0,5.04,3.987,81.51,8.13,81.507,81.309,18.49,1.87,6.13,17.68,100.0,100.0,7.65,4.52,3.83,2.19,76.077,0.06,100.0,32.524,False,,0.0,74.04,0.0,0.0,0.0,0.056,0.89,5.0,-0.95,0.015,3.0,0.0,78.92,81.01,100.0,100.0,74.613,48.933,31.568,17.0,0.0,78.969,79.972,100.0,100.0,73.557,74.533,31.587,6.72,2.638,82.681,83.43,0.16,MODERATE
105,2026-06-02 02:15:00+00:00,2,1,0.5,0.866025,0.781831,0.62349,False,False,NIGHT,0.0,3.0,5.0,16.0,49.0,260.0,0.0,0.0,0.0,0.0,0.611,81.43,8.06,81.425,80.595,18.57,1.94,6.19,17.82,100.0,100.0,7.69,4.5,3.8,2.2,76.247,0.0,23.333,32.238,False,,0.0,66.995,0.0,0.0,0.0,0.056,0.89,3.0,-0.69,0.0,4.0,0.0,79.634,80.611,100.0,100.0,72.072,48.933,31.854,17.0,0.0,79.565,80.122,100.0,100.0,72.756,74.533,31.826,0.0,2.732,80.827,82.932,0.0,NORMAL
106,2026-06-02 02:30:00+00:00,2,1,0.5,0.866025,0.781831,0.62349,False,False,NIGHT,1.0,1.0,4.0,15.0,44.0,259.0,0.0,0.0,0.0,1.68,0.85,81.63,8.06,81.632,80.599,18.37,1.94,6.05,17.51,100.0,100.0,7.72,4.49,3.79,2.2,76.322,0.0,48.933,32.24,False,,0.0,69.352,0.0,0.0,0.0,0.056,0.89,0.0,-0.53,0.0,5.0,0.0,78.609,80.155,100.0,100.0,73.335,23.333,31.444,16.0,0.0,81.074,80.487,100.0,100.0,76.267,100.0,32.43,0.0,3.851,80.622,81.99,0.0,NORMAL
107,2026-06-02 02:45:00+00:00,2,1,0.5,0.866025,0.781831,0.62349,False,False,NIGHT,0.0,1.0,4.0,11.0,43.0,258.0,0.0,0.0,0.0,0.0,2.835,81.01,7.97,81.013,79.705,18.99,2.03,6.27,17.99,100.0,100.0,7.77,4.47,3.76,2.2,76.496,0.0,23.333,31.882,False,,0.0,66.748,0.0,0.0,0.0,0.056,0.89,1.0,-0.06,0.0,8.0,0.0,77.82,79.971,100.0,100.0,73.429,48.933,31.128,15.0,0.0,80.24,80.343,100.0,100.0,74.207,48.933,32.096,5.04,1.831,81.078,82.746,0.0,NORMAL
108,2026-06-02 03:00:00+00:00,3,1,0.707107,0.707107,0.781831,0.62349,False,False,NIGHT,1.0,1.0,2.0,9.0,42.0,259.0,0.0,0.0,0.0,1.68,2.006,81.01,7.89,81.01,78.92,18.99,2.11,6.27,17.99,100.0,100.0,7.49,4.44,4.06,2.15,74.613,0.0,48.933,31.568,False,,0.0,68.725,0.0,0.0,0.0,0.056,0.89,-4.0,-0.06,0.0,8.0,0.0,78.969,79.972,100.0,100.0,73.557,74.533,31.587,16.0,0.0,80.24,79.629,100.0,100.0,72.55,23.333,32.096,6.72,2.249,83.098,83.662,0.16,NORMAL
109,2026-06-02 03:15:00+00:00,3,1,0.707107,0.707107,0.781831,0.62349,False,False,NIGHT,1.0,2.0,3.0,10.0,38.0,257.0,0.0,0.0,0.0,1.68,2.988,80.61,7.96,80.611,79.634,19.39,2.04,5.75,16.85,100.0,100.0,7.1,4.43,4.47,2.08,72.072,0.0,48.933,31.854,False,,0.0,68.552,0.0,0.0,0.0,0.0,0.0,-2.0,0.0,0.0,6.0,0.0,79.565,80.122,100.0,100.0,72.756,74.533,31.826,22.0,0.0,81.191,81.136,100.0,100.0,73.852,100.0,32.476,3.36,4.942,83.035,83.273,0.0,NORMAL
110,2026-06-02 03:30:00+00:00,3,1,0.707107,0.707107,0.781831,0.62349,False,False,NIGHT,0.0,1.0,2.0,10.0,35.0,257.0,0.0,0.0,0.0,0.0,2.234,80.16,7.86,80.155,78.609,19.84,2.14,5.28,15.82,100.0,100.0,7.32,4.41,4.27,2.11,73.335,0.0,23.333,31.444,False,,0.0,66.056,0.0,0.0,0.0,0.0,0.0,-2.0,0.0,0.0,8.0,0.0,81.074,80.487,100.0,100.0,76.267,100.0,32.43,19.0,0.0,83.198,82.071,100.0,100.0,73.927,100.0,33.279,1.68,3.553,82.878,82.82,0.0,NORMAL
111,2026-06-02 03:45:00+00:00,3,1,0.707107,0.707107,0.781831,0.62349,False,False,NIGHT,1.0,1.0,3.0,10.0,34.0,257.0,0.0,0.0,0.0,1.68,2.732,79.97,7.78,79.971,77.82,20.03,2.22,6.27,17.99,100.0,100.0,7.37,4.38,4.25,2.11,73.429,0.0,48.933,31.128,False,,0.0,68.17,0.0,0.0,0.0,0.0,0.0,-1.0,0.0,0.0,9.0,0.0,80.24,80.343,100.0,100.0,74.207,48.933,32.096,16.0,0.0,83.282,81.367,100.0,100.0,72.986,48.958,33.313,3.36,3.515,83.658,82.704,0.0,NORMAL
112,2026-06-02 04:00:00+00:00,4,1,0.866025,0.5,0.781831,0.62349,False,False,NIGHT,2.0,3.0,4.0,12.0,35.0,256.0,0.0,0.0,0.0,3.36,2.896,79.97,7.9,79.972,78.969,20.03,2.1,6.05,17.51,100.0,100.0,7.39,4.38,4.23,2.12,73.557,0.0,74.533,31.587,False,,0.0,70.716,0.0,0.0,0.0,0.0,0.0,2.0,0.0,0.0,9.0,0.0,80.24,79.629,100.0,100.0,72.55,23.333,32.096,17.0,0.0,82.707,81.544,89.326,83.404,74.162,74.533,33.083,8.4,3.192,85.505,83.821,0.32,MODERATE
113,2026-06-02 04:15:00+00:00,4,1,0.866025,0.5,0.781831,0.62349,False,False,NIGHT,2.0,4.0,5.0,13.0,36.0,256.0,0.0,0.0,0.0,3.36,2.523,80.12,7.96,80.122,79.565,19.88,2.04,4.39,13.86,100.0,100.0,7.27,4.38,4.36,2.1,72.756,0.0,74.533,31.826,False,,0.0,70.796,0.0,0.0,0.0,0.0,0.0,2.0,0.0,0.0,11.0,0.0,81.191,81.136,100.0,100.0,73.852,100.0,32.476,19.0,0.0,82.134,81.422,71.601,67.502,73.307,48.933,32.854,8.911,5.06,87.052,84.629,0.8,MODERATE
114,2026-06-02 04:30:00+00:00,4,1,0.866025,0.5,0.781831,0.62349,False,False,NIGHT,3.0,5.0,8.0,14.0,35.0,259.0,0.0,0.0,0.0,5.04,2.978,80.49,8.11,80.487,81.074,19.51,1.89,6.27,17.99,100.0,100.0,7.81,4.39,3.8,2.2,76.267,0.0,100.0,32.43,False,,0.0,73.786,0.0,0.0,0.0,0.0,0.0,6.0,0.0,0.0,8.0,0.0,83.198,82.071,100.0,100.0,73.927,100.0,33.279,18.0,0.0,81.626,81.656,81.444,76.377,72.426,74.533,32.65,8.587,4.422,88.545,85.521,1.12,MODERATE
115,2026-06-02 04:45:00+00:00,4,1,0.866025,0.5,0.781831,0.62349,False,False,NIGHT,1.0,4.0,8.0,15.0,34.0,260.0,0.0,0.0,0.0,1.68,2.587,80.34,8.02,80.343,80.24,19.66,1.98,6.27,17.99,100.0,100.0,7.48,4.4,4.13,2.14,74.207,0.0,48.933,32.096,False,,0.0,68.806,0.0,0.0,0.0,0.0,0.0,5.0,0.0,0.0,6.0,0.0,83.282,81.367,100.0,100.0,72.986,48.958,33.313,16.0,0.0,81.536,81.63,82.563,77.378,74.043,74.533,32.614,7.702,3.945,88.902,86.424,1.28,NORMAL
116,2026-06-02 05:00:00+00:00,5,1,0.965926,0.258819,0.781831,0.62349,False,False,NIGHT,0.0,1.0,6.0,12.0,34.0,257.0,0.0,0.0,0.0,0.0,2.857,79.63,8.02,79.629,80.24,20.37,1.98,5.94,17.27,100.0,100.0,7.21,4.4,4.39,2.09,72.55,0.0,23.333,32.096,False,,0.0,66.196,0.0,0.0,0.0,0.0,0.0,2.0,0.0,0.0,7.0,0.0,82.707,81.544,89.326,83.404,74.162,74.533,33.083,17.0,0.17,83.286,82.929,72.996,68.816,76.231,100.0,34.358,3.36,6.167,87.403,85.873,1.12,NORMAL
117,2026-06-02 05:15:00+00:00,5,1,0.965926,0.258819,0.781831,0.62349,False,False,NIGHT,4.0,4.0,8.0,16.0,32.0,255.0,0.0,0.0,0.0,6.72,0.31,81.14,8.12,81.136,81.191,18.86,1.88,6.27,17.99,100.0,100.0,7.4,4.41,4.18,2.13,73.852,0.16,100.0,32.476,False,,0.0,73.735,0.0,0.0,0.0,0.0,0.0,3.0,0.16,0.04,11.0,0.0,82.134,81.422,71.601,67.502,73.307,48.933,32.854,15.0,0.0,81.631,82.606,72.643,68.484,76.574,50.55,32.653,6.72,6.292,87.342,85.986,1.28,MODERATE
118,2026-06-02 05:30:00+00:00,5,1,0.965926,0.258819,0.781831,0.62349,False,False,NIGHT,4.0,8.0,9.0,19.0,34.0,257.0,0.0,0.0,0.0,6.72,2.179,82.07,8.32,82.071,83.198,17.93,1.68,6.27,17.99,100.0,100.0,7.38,4.45,4.17,2.13,73.927,0.32,100.0,33.279,False,,0.0,74.349,0.0,0.0,0.0,0.0,0.0,1.0,0.32,0.08,11.0,0.0,81.626,81.656,81.444,76.377,72.426,74.533,32.65,16.0,0.0,80.23,82.631,87.107,81.481,75.183,48.933,32.092,1.68,4.781,85.499,85.395,0.97,MODERATE
119,2026-06-02 05:45:00+00:00,5,1,0.965926,0.258819,0.781831,0.62349,False,False,NIGHT,1.0,5.0,9.0,20.0,31.0,257.0,0.0,0.0,0.0,1.68,4.464,81.37,8.33,81.367,83.282,18.63,1.67,5.76,16.87,100.0,100.0,7.21,4.47,4.32,2.1,72.986,0.0,48.958,33.313,False,,0.0,69.532,0.0,0.0,0.0,0.0,0.0,1.0,0.0,0.0,10.0,0.0,81.536,81.63,82.563,77.378,74.043,74.533,32.614,16.0,0.0,80.183,82.659,79.74,74.888,71.892,74.533,32.073,8.33,5.808,87.088,85.866,1.29,NORMAL
120,2026-06-02 06:00:00+00:00,6,1,1.0,0.0,0.781831,0.62349,False,False,MORNING,2.0,3.0,11.0,21.0,30.0,255.0,0.0,0.0,0.0,3.36,2.882,81.54,8.27,81.544,82.707,18.46,1.73,9.61,22.22,89.326,83.404,7.38,4.49,4.13,2.14,74.162,0.0,74.533,33.083,False,,0.0,68.591,0.0,0.0,0.0,0.0,0.0,5.0,0.0,0.0,10.0,0.17,83.286,82.929,72.996,68.816,76.231,100.0,34.358,16.0,0.0,82.681,83.43,73.367,69.166,67.824,100.0,33.072,3.43,5.276,85.776,85.536,1.13,NORMAL
121,2026-06-02 06:15:00+00:00,6,1,1.0,0.0,0.781831,0.62349,False,False,MORNING,1.0,3.0,8.0,21.0,31.0,256.0,0.0,0.0,0.0,1.68,2.397,81.42,8.21,81.422,82.134,18.58,1.79,11.97,27.41,71.601,67.502,7.24,4.49,4.27,2.11,73.307,0.0,48.933,32.854,False,,0.0,62.034,0.0,0.0,0.0,0.0,0.0,0.0,-0.16,0.0,8.0,0.0,81.631,82.606,72.643,68.484,76.574,50.55,32.653,17.0,0.0,80.827,82.932,97.97,91.128,71.114,23.333,32.331,6.72,5.655,87.322,85.648,1.29,NORMAL
122,2026-06-02 06:30:00+00:00,6,1,1.0,0.0,0.781831,0.62349,False,False,MORNING,2.0,3.0,6.0,23.0,33.0,257.0,0.0,0.0,0.0,3.36,2.627,81.66,8.16,81.656,81.626,18.34,1.84,10.55,24.3,81.444,76.377,7.1,4.49,4.41,2.09,72.426,0.0,74.533,32.65,False,,0.0,66.454,0.0,0.0,0.0,0.0,0.0,-3.0,-0.32,0.0,7.0,0.0,80.23,82.631,87.107,81.481,75.183,48.933,32.092,23.0,0.0,80.622,81.99,84.612,79.226,71.924,23.333,32.249,5.04,5.791,87.738,85.418,1.29,NORMAL
123,2026-06-02 06:45:00+00:00,6,1,1.0,0.0,0.781831,0.62349,False,False,MORNING,2.0,4.0,7.0,24.0,34.0,256.0,0.0,0.0,0.0,3.36,3.5,81.63,8.15,81.63,81.536,18.37,1.85,10.41,23.98,82.563,77.378,7.36,4.49,4.15,2.13,74.043,0.0,74.533,32.614,False,,0.0,66.831,0.0,0.0,0.0,0.0,0.0,-2.0,0.0,0.0,6.0,0.0,80.183,82.659,79.74,74.888,71.892,74.533,32.073,28.0,0.0,81.078,82.746,75.54,71.108,70.315,100.0,32.431,5.04,4.331,88.025,85.567,1.29,NORMAL
124,2026-06-02 07:00:00+00:00,7,1,0.965926,-0.258819,0.781831,0.62349,False,False,MORNING,6.0,8.0,11.0,28.0,40.0,258.0,0.17,0.0,0.0,9.788,3.892,82.93,8.33,82.929,83.286,17.07,1.67,11.97,27.41,72.996,68.816,7.68,4.52,3.8,2.2,76.231,0.48,100.0,34.358,False,,0.3,67.889,0.17,0.17,0.17,0.011,0.17,0.0,0.48,0.162,7.0,0.0,82.681,83.43,73.367,69.166,67.824,100.0,33.072,29.0,0.0,83.098,83.662,73.572,69.359,72.117,100.0,33.239,3.36,4.632,87.296,85.322,1.13,NORMAL
125,2026-06-02 07:15:00+00:00,7,1,0.965926,-0.258819,0.781831,0.62349,False,False,MORNING,1.0,7.0,11.0,27.0,40.0,256.0,0.0,0.02,0.0156,1.972,3.923,82.61,8.16,82.606,81.631,17.39,1.84,11.97,27.41,72.643,68.484,7.74,4.51,3.75,2.21,76.574,0.16,50.55,32.653,False,,0.0,62.876,-0.17,0.0,0.0,0.011,0.17,3.0,0.16,0.04,7.0,0.0,80.827,82.932,97.97,91.128,71.114,23.333,32.331,27.0,0.0,83.035,83.273,76.523,72.014,72.291,74.558,33.214,6.72,4.62,87.805,85.796,1.29,NORMAL
126,2026-06-02 07:30:00+00:00,7,1,0.965926,-0.258819,0.781831,0.62349,False,False,MORNING,1.0,2.0,10.0,25.0,39.0,252.0,0.0,0.0,0.0,1.68,2.14,82.63,8.02,82.631,80.23,17.37,1.98,9.99,23.05,87.107,81.481,7.54,4.49,3.97,2.17,75.183,0.0,48.933,32.092,False,,0.0,65.626,0.0,-0.17,0.0,0.011,0.17,4.0,0.0,0.0,9.0,0.0,80.622,81.99,84.612,79.226,71.924,23.333,32.249,29.0,0.0,82.878,82.82,72.831,68.661,70.538,48.933,33.151,6.72,5.158,87.976,86.169,1.45,NORMAL
127,2026-06-02 07:45:00+00:00,7,1,0.965926,-0.258819,0.781831,0.62349,False,False,MORNING,2.0,3.0,10.0,26.0,41.0,252.0,0.0,0.0,0.0,3.36,3.268,82.66,8.02,82.659,80.183,17.34,1.98,10.91,25.09,79.74,74.888,7.03,4.47,4.5,2.07,71.892,0.0,74.533,32.073,False,,0.0,65.955,0.0,0.0,0.0,0.011,0.17,3.0,0.0,0.0,10.0,0.0,81.078,82.746,75.54,71.108,70.315,100.0,32.431,29.0,0.0,83.658,82.704,72.729,68.564,70.575,74.533,33.463,8.002,4.369,88.674,87.008,1.77,NORMAL
128,2026-06-02 08:00:00+00:00,8,1,0.866025,-0.5,0.781831,0.62349,False,False,MORNING,4.0,6.0,8.0,30.0,42.0,254.0,0.0,0.0,0.0,6.72,2.638,83.43,8.27,83.43,82.681,16.57,1.73,11.97,27.41,73.367,69.166,6.36,4.49,5.15,1.95,67.824,0.16,100.0,33.072,False,,0.0,67.099,0.0,0.0,-0.17,0.011,0.17,-3.0,-0.32,0.04,9.0,0.0,83.098,83.662,73.572,69.359,72.117,100.0,33.239,32.0,0.0,85.505,83.821,73.711,69.491,73.623,100.0,34.202,5.438,6.187,89.111,86.777,1.77,NORMAL
129,2026-06-02 08:15:00+00:00,8,1,0.866025,-0.5,0.781831,0.62349,False,False,MORNING,0.0,4.0,7.0,26.0,42.0,252.0,0.0,0.0,0.0,0.0,2.732,82.93,8.08,82.932,80.827,17.07,1.92,8.91,20.68,97.97,91.128,6.9,4.48,4.62,2.05,71.114,0.0,23.333,32.331,False,,0.0,65.602,0.0,0.0,0.0,0.011,0.17,-4.0,-0.16,0.0,10.0,0.0,83.035,83.273,76.523,72.014,72.291,74.558,33.214,29.0,0.7,87.052,84.629,74.697,70.42,78.777,100.0,38.994,6.72,5.501,89.518,87.041,1.93,NORMAL
130,2026-06-02 08:30:00+00:00,8,1,0.866025,-0.5,0.781831,0.62349,False,False,MORNING,0.0,0.0,6.0,22.0,41.0,248.0,0.0,0.0,0.0,0.0,3.851,81.99,8.06,81.99,80.622,18.01,1.94,10.2,23.52,84.612,79.226,7.04,4.47,4.49,2.07,71.924,0.0,23.333,32.249,False,,0.0,62.396,0.0,0.0,0.0,0.011,0.17,-4.0,0.0,0.0,14.0,0.0,82.878,82.82,72.831,68.661,70.538,48.933,33.151,27.0,0.58,88.545,85.521,76.999,72.531,78.736,100.0,38.925,3.36,6.743,87.547,86.392,1.78,NORMAL
131,2026-06-02 08:45:00+00:00,8,1,0.866025,-0.5,0.781831,0.62349,False,False,MORNING,3.0,3.0,7.0,24.0,44.0,251.0,0.0,0.0,0.0,5.04,1.831,82.75,8.11,82.746,81.078,17.25,1.89,11.53,26.45,75.54,71.108,6.78,4.47,4.75,2.03,70.315,0.0,100.0,32.431,False,,0.0,67.346,0.0,0.0,0.0,0.011,0.17,-3.0,0.0,0.0,18.0,0.0,83.658,82.704,72.729,68.564,70.575,74.533,33.463,25.0,0.0,88.902,86.424,82.561,77.57,80.434,100.0,35.561,7.927,5.666,88.948,86.817,2.26,NORMAL
132,2026-06-02 09:00:00+00:00,9,1,0.707107,-0.707107,0.781831,0.62349,False,False,MORNING,4.0,7.0,7.0,26.0,47.0,253.0,0.0,0.0,0.0,6.72,2.249,83.66,8.31,83.662,83.098,16.34,1.69,11.97,27.41,73.572,69.359,7.05,4.49,4.46,2.08,72.117,0.16,100.0,33.239,False,,0.0,67.667,0.0,0.0,0.0,0.011,0.17,-1.0,0.0,0.04,20.0,0.0,85.505,83.821,73.711,69.491,73.623,100.0,34.202,24.0,0.0,87.403,85.873,85.618,80.292,79.926,85.775,34.961,5.513,5.215,88.71,86.916,2.1,NORMAL
133,2026-06-02 09:15:00+00:00,9,1,0.707107,-0.707107,0.781831,0.62349,False,False,MORNING,2.0,6.0,9.0,27.0,48.0,250.0,0.0,0.0,0.0,3.36,4.942,83.27,8.3,83.273,83.035,16.73,1.7,11.45,26.28,76.523,72.014,7.06,4.5,4.43,2.08,72.291,0.0,74.558,33.214,False,,0.0,65.968,0.0,0.0,0.0,0.011,0.17,2.0,0.0,0.0,17.0,0.7,87.052,84.629,74.697,70.42,78.777,100.0,38.994,24.0,0.0,87.342,85.986,75.615,71.286,79.133,100.0,34.937,1.68,5.045,86.42,86.303,1.78,NORMAL
134,2026-06-02 09:30:00+00:00,9,1,0.707107,-0.707107,0.781831,0.62349,False,False,MORNING,1.0,3.0,10.0,26.0,49.0,246.0,0.0,0.0,0.0,1.68,3.553,82.82,8.29,82.82,82.878,17.18,1.71,11.97,27.41,72.831,68.661,6.77,4.52,4.71,2.03,70.538,0.0,48.933,33.151,False,,0.0,62.527,0.0,0.0,0.0,0.011,0.17,4.0,0.0,0.0,15.0,0.58,88.545,85.521,76.999,72.531,78.736,100.0,38.925,24.0,0.0,85.499,85.395,77.708,73.159,78.511,58.592,34.199,3.36,6.327,86.887,85.515,1.62,NORMAL
135,2026-06-02 09:45:00+00:00,9,1,0.707107,-0.707107,0.781831,0.62349,False,False,MORNING,2.0,3.0,9.0,26.0,50.0,246.0,0.0,0.0,0.0,3.36,3.515,82.7,8.37,82.704,83.658,17.3,1.63,11.97,27.41,72.729,68.564,6.76,4.53,4.71,2.03,70.575,0.0,74.533,33.463,False,,0.0,64.941,0.0,0.0,0.0,0.011,0.17,2.0,0.0,0.0,11.0,0.0,88.902,86.424,82.561,77.57,80.434,100.0,35.561,27.0,0.04,87.088,85.866,83.703,78.576,78.174,100.0,35.086,3.36,4.588,85.505,85.346,1.46,NORMAL
136,2026-06-02 10:00:00+00:00,10,1,0.5,-0.866025,0.781831,0.62349,False,False,MORNING,5.0,7.0,10.0,25.0,53.0,247.0,0.0,0.0,0.0,8.4,3.192,83.82,8.55,83.821,85.505,16.18,1.45,11.97,27.41,73.711,69.491,7.21,4.57,4.22,2.12,73.623,0.32,100.0,34.202,False,,0.0,68.352,0.0,0.0,0.0,0.011,0.17,3.0,0.16,0.08,12.0,0.0,87.403,85.873,85.618,80.292,79.926,85.775,34.961,27.0,0.0,85.776,85.536,84.418,79.203,75.539,85.808,34.31,5.04,5.951,85.716,85.097,1.46,NORMAL
137,2026-06-02 10:15:00+00:00,10,1,0.5,-0.866025,0.781831,0.62349,False,False,MORNING,6.0,11.0,14.0,30.0,57.0,253.0,0.7,0.0,0.0,8.911,5.06,84.63,8.71,84.629,87.052,15.37,1.29,11.97,27.41,74.697,70.42,7.97,4.64,3.4,2.27,78.777,0.8,100.0,38.994,False,,1.2,69.981,0.7,0.7,0.7,0.054,0.7,5.0,0.8,0.375,12.0,0.0,87.342,85.986,75.615,71.286,79.133,100.0,34.937,28.0,0.0,87.322,85.648,75.318,71.005,77.817,100.0,34.929,5.04,4.376,86.535,85.181,1.46,NORMAL
138,2026-06-02 10:30:00+00:00,10,1,0.5,-0.866025,0.781831,0.62349,False,False,MORNING,5.0,11.0,18.0,34.0,59.0,254.0,0.58,0.06,0.0626,8.587,4.422,85.52,8.85,85.521,88.545,14.48,1.15,11.73,26.88,76.999,72.531,7.89,4.7,3.4,2.27,78.736,1.12,100.0,38.925,False,,1.1,70.925,-0.12,0.58,0.58,0.091,0.7,8.0,1.12,0.425,12.0,0.0,85.499,85.395,77.708,73.159,78.511,58.592,34.199,28.0,0.0,87.738,85.418,80.706,75.863,77.757,100.0,35.095,5.04,2.859,87.0,85.68,1.46,MODERATE
139,2026-06-02 10:45:00+00:00,10,1,0.5,-0.866025,0.781831,0.62349,False,False,MORNING,4.0,9.0,20.0,36.0,62.0,254.0,0.0,0.05,0.0526,7.702,3.945,86.42,8.89,86.424,88.902,13.58,1.11,11.02,25.32,82.561,77.57,8.13,4.74,3.13,2.32,80.434,1.28,100.0,35.561,False,,0.0,72.248,-0.58,-0.7,0.0,0.091,0.7,11.0,1.28,0.32,14.0,0.04,87.088,85.866,83.703,78.576,78.174,100.0,35.086,27.0,0.0,88.025,85.567,75.247,70.938,77.654,100.0,35.21,5.04,3.991,86.914,85.951,1.46,MODERATE
140,2026-06-02 11:00:00+00:00,11,1,0.258819,-0.965926,0.781831,0.62349,False,False,MORNING,2.0,6.0,17.0,34.0,64.0,249.0,0.0,0.0,0.0,3.36,6.167,85.87,8.74,85.873,87.403,14.13,1.26,10.56,24.31,85.618,80.292,8.03,4.75,3.21,2.3,79.926,1.12,85.775,34.961,False,,0.0,71.195,0.0,-0.58,0.0,0.08,0.7,7.0,0.8,0.28,12.0,0.0,85.776,85.536,84.418,79.203,75.539,85.808,34.31,30.0,0.0,87.296,85.322,75.031,70.735,77.442,85.842,34.918,6.72,4.361,88.296,86.402,1.62,MODERATE
141,2026-06-02 11:15:00+00:00,11,1,0.258819,-0.965926,0.781831,0.62349,False,False,MORNING,4.0,6.0,15.0,38.0,64.0,249.0,0.0,0.0,0.0,6.72,6.292,85.99,8.73,85.986,87.342,14.01,1.27,11.97,27.41,75.615,71.286,7.9,4.76,3.34,2.28,79.133,1.28,100.0,34.937,False,,0.0,70.135,0.0,0.0,-0.7,0.08,0.7,1.0,0.48,0.32,12.0,0.0,87.322,85.648,75.318,71.005,77.817,100.0,34.929,30.0,0.0,87.805,85.796,75.448,71.128,76.619,100.0,35.122,6.72,3.574,89.347,87.083,1.79,MODERATE
142,2026-06-02 11:30:00+00:00,11,1,0.258819,-0.965926,0.781831,0.62349,False,False,MORNING,1.0,5.0,11.0,39.0,61.0,250.0,0.0,0.0,0.0,1.68,4.781,85.39,8.55,85.395,85.499,14.61,1.45,11.57,26.53,77.708,73.159,7.81,4.75,3.44,2.26,78.511,0.97,58.592,34.199,False,,0.0,66.33,0.0,0.0,-0.58,0.08,0.7,-7.0,-0.15,0.242,12.0,0.0,87.738,85.418,80.706,75.863,77.757,100.0,35.095,27.0,0.0,87.976,86.169,75.777,71.438,75.105,100.0,35.19,5.04,6.441,88.84,86.784,1.79,NORMAL
143,2026-06-02 11:45:00+00:00,11,1,0.258819,-0.965926,0.781831,0.62349,False,False,MORNING,5.0,6.0,12.0,41.0,65.0,247.0,0.04,0.0,0.0,8.33,5.808,85.87,8.71,85.866,87.088,14.13,1.29,10.8,24.84,83.703,78.576,7.75,4.76,3.49,2.25,78.174,1.29,100.0,35.086,False,,0.1,71.843,0.04,0.04,0.04,0.082,0.7,-8.0,0.01,0.332,13.0,0.0,88.025,85.567,75.247,70.938,77.654,100.0,35.21,25.0,0.24,88.674,87.008,76.608,72.221,75.033,100.0,36.892,6.72,6.503,89.698,86.752,1.95,MODERATE
144,2026-06-02 12:00:00+00:00,12,1,0.0,-1.0,0.781831,0.62349,False,False,MORNING,2.0,7.0,12.0,39.0,65.0,247.0,0.0,0.0,0.0038,3.43,5.276,85.54,8.58,85.536,85.776,14.46,1.42,10.67,24.54,84.418,79.203,7.33,4.75,3.91,2.18,75.539,1.13,85.808,34.31,False,,0.0,70.129,-0.04,0.0,0.0,0.082,0.7,-5.0,0.01,0.282,15.0,0.0,87.296,85.322,75.031,70.735,77.442,85.842,34.918,22.0,0.0,89.111,86.777,89.029,84.673,77.08,100.0,35.644,6.72,5.147,90.329,87.082,2.11,MODERATE
145,2026-06-02 12:15:00+00:00,12,1,0.0,-1.0,0.781831,0.62349,False,False,MORNING,4.0,6.0,12.0,41.0,68.0,247.0,0.0,0.0,0.0,6.72,5.655,85.65,8.73,85.648,87.322,14.35,1.27,11.97,27.41,75.318,71.005,7.69,4.76,3.55,2.24,77.817,1.29,100.0,34.929,False,,0.0,69.869,0.0,-0.04,0.0,0.082,0.7,-3.0,0.01,0.322,16.0,0.0,87.805,85.796,75.448,71.128,76.619,100.0,35.122,22.0,0.0,89.518,87.041,89.3,84.93,78.85,100.0,35.807,5.04,5.489,89.732,87.03,2.11,NORMAL
146,2026-06-02 12:30:00+00:00,12,1,0.0,-1.0,0.781831,0.62349,False,False,MORNING,3.0,7.0,14.0,43.0,69.0,248.0,0.0,0.0,0.0,5.04,5.791,85.42,8.77,85.418,87.738,14.58,1.23,11.14,25.59,80.706,75.863,7.67,4.77,3.56,2.24,77.757,1.29,100.0,35.095,False,,0.0,71.126,0.0,0.0,0.0,0.082,0.7,3.0,0.32,0.322,16.0,0.0,87.976,86.169,75.777,71.438,75.105,100.0,35.19,21.0,0.0,87.547,86.392,88.634,84.297,79.044,92.292,35.019,5.04,5.97,89.518,86.819,2.11,MODERATE
147,2026-06-02 12:45:00+00:00,12,1,0.0,-1.0,0.781831,0.62349,False,False,MORNING,3.0,6.0,12.0,44.0,70.0,248.0,0.0,0.0,0.0,5.04,4.331,85.57,8.8,85.567,88.025,14.43,1.2,11.97,27.41,75.247,70.938,7.64,4.79,3.58,2.24,77.654,1.29,100.0,35.21,False,,0.0,69.961,0.0,0.0,-0.04,0.082,0.7,0.0,0.0,0.322,14.0,0.24,88.674,87.008,76.608,72.221,75.033,100.0,36.892,22.0,1.28,88.948,86.817,95.172,90.344,76.118,100.0,43.269,5.04,6.799,89.185,86.412,2.11,NORMAL
148,2026-06-02 13:00:00+00:00,13,1,-0.258819,-0.965926,0.781831,0.62349,False,False,MORNING,2.0,5.0,12.0,41.0,66.0,248.0,0.0,0.0,0.0,3.36,4.632,85.32,8.73,85.322,87.296,14.68,1.27,11.97,27.41,75.031,70.735,7.6,4.79,3.61,2.23,77.442,1.13,85.842,34.918,False,,0.0,68.418,0.0,0.0,0.0,0.082,0.7,0.0,0.0,0.282,15.0,0.0,89.111,86.777,89.029,84.673,77.08,100.0,35.644,19.0,0.0,88.71,86.916,89.172,84.808,81.19,95.508,35.484,1.68,6.577,87.238,85.383,1.79,NORMAL
149,2026-06-02 13:15:00+00:00,13,1,-0.258819,-0.965926,0.781831,0.62349,False,False,MORNING,4.0,6.0,12.0,39.0,69.0,250.0,0.0,0.0,0.0,6.72,4.62,85.8,8.78,85.796,87.805,14.2,1.22,11.97,27.41,75.448,71.128,7.46,4.8,3.74,2.21,76.619,1.29,100.0,35.122,False,,0.0,69.921,0.0,0.0,0.0,0.082,0.7,0.0,0.0,0.322,14.0,0.0,89.518,87.041,89.3,84.93,78.85,100.0,35.807,21.0,0.0,86.42,86.303,94.664,89.84,80.035,66.717,34.568,3.36,5.183,86.712,84.98,1.63,NORMAL
150,2026-06-02 13:30:00+00:00,13,1,-0.258819,-0.965926,0.781831,0.62349,False,False,MORNING,4.0,8.0,13.0,38.0,72.0,253.0,0.0,0.0,0.0,6.72,5.158,86.17,8.8,86.169,87.976,13.83,1.2,11.97,27.41,75.777,71.438,7.21,4.81,3.98,2.16,75.105,1.45,100.0,35.19,False,,0.0,69.978,0.0,0.0,0.0,0.082,0.7,-1.0,0.16,0.362,11.0,0.0,87.547,86.392,88.634,84.297,79.044,92.292,35.019,24.0,0.0,86.887,85.515,100.0,100.0,79.973,90.725,34.755,3.36,5.187,86.154,84.579,1.47,NORMAL
151,2026-06-02 13:45:00+00:00,13,1,-0.258819,-0.965926,0.781831,0.62349,False,False,MORNING,5.0,9.0,15.0,39.0,75.0,256.0,0.24,0.0,0.0,8.002,4.369,87.01,8.87,87.008,88.674,12.99,1.13,11.97,27.41,76.608,72.221,7.18,4.83,3.99,2.16,75.033,1.77,100.0,36.892,False,,0.5,70.643,0.24,0.24,0.24,0.098,0.7,3.0,0.48,0.502,11.0,1.28,88.948,86.817,95.172,90.344,76.118,100.0,43.269,25.0,0.0,85.505,85.346,93.168,88.434,81.376,89.133,34.202,3.36,3.797,85.334,84.552,1.31,MODERATE
152,2026-06-02 14:00:00+00:00,14,1,-0.5,-0.866025,0.781831,0.62349,False,False,EVENING,3.0,8.0,16.0,40.0,74.0,257.0,0.0,0.02,0.0213,5.438,6.187,86.78,8.91,86.777,89.111,13.22,1.09,10.26,23.29,89.029,84.673,7.49,4.84,3.67,2.22,77.08,1.77,100.0,35.644,False,,0.0,73.695,-0.24,0.0,0.0,0.098,0.7,4.0,0.64,0.442,7.0,0.0,88.71,86.916,89.172,84.808,81.19,95.508,35.484,27.0,0.0,85.716,85.097,90.571,86.039,82.59,100.0,34.286,1.68,3.197,83.391,84.366,0.99,MODERATE
153,2026-06-02 14:15:00+00:00,14,1,-0.5,-0.866025,0.781831,0.62349,False,False,EVENING,4.0,7.0,16.0,40.0,78.0,259.0,0.0,0.0,0.0,6.72,5.501,87.04,8.95,87.041,89.518,12.96,1.05,10.26,23.29,89.3,84.93,7.76,4.86,3.38,2.27,78.85,1.93,100.0,35.807,False,,0.0,74.057,0.0,-0.24,0.0,0.054,0.58,4.0,0.64,0.482,8.0,0.0,86.42,86.303,94.664,89.84,80.035,66.717,34.568,28.0,0.0,86.535,85.181,87.392,83.116,82.085,100.0,34.614,8.4,4.125,84.647,85.31,1.32,MODERATE
154,2026-06-02 14:30:00+00:00,14,1,-0.5,-0.866025,0.781831,0.62349,False,False,EVENING,2.0,6.0,14.0,41.0,80.0,255.0,0.0,0.0,0.0,3.36,6.743,86.39,8.75,86.392,87.547,13.61,1.25,10.26,23.29,88.634,84.297,7.8,4.85,3.35,2.28,79.044,1.78,92.292,35.019,False,,0.0,72.688,0.0,0.0,0.0,0.018,0.24,1.0,0.33,0.445,10.0,0.0,86.887,85.515,100.0,100.0,79.973,90.725,34.755,28.0,0.0,87.0,85.68,87.904,83.602,79.439,100.0,34.8,0.0,4.178,82.837,84.446,0.84,MODERATE
155,2026-06-02 14:45:00+00:00,14,1,-0.5,-0.866025,0.781831,0.62349,False,False,EVENING,6.0,8.0,15.0,42.0,83.0,258.0,1.28,0.0,0.0,7.927,5.666,86.82,8.89,86.817,88.948,13.18,1.11,9.67,21.99,95.172,90.344,7.27,4.91,3.82,2.19,76.118,2.26,100.0,43.269,False,,2.6,75.821,1.28,1.28,1.04,0.098,1.28,0.0,0.49,0.885,11.0,0.0,85.505,85.346,93.168,88.434,81.376,89.133,34.202,28.0,0.0,86.914,85.951,88.182,83.867,80.695,100.0,34.766,3.36,4.257,81.424,84.363,0.68,MODERATE
156,2026-06-02 15:00:00+00:00,15,1,-0.707107,-0.707107,0.781831,0.62349,False,False,EVENING,2.0,8.0,14.0,42.0,81.0,257.0,0.0,0.12,0.1154,5.513,5.215,86.92,8.87,86.916,88.71,13.08,1.13,10.26,23.29,89.172,84.808,8.09,4.9,3.01,2.34,81.19,2.1,95.508,35.484,False,,0.0,73.644,-1.28,0.0,0.0,0.098,1.28,-2.0,0.33,0.525,12.0,0.0,85.716,85.097,90.571,86.039,82.59,100.0,34.286,28.0,0.0,88.296,86.402,88.645,84.307,80.386,100.0,35.319,3.36,2.996,81.714,84.425,0.52,MODERATE
157,2026-06-02 15:15:00+00:00,15,1,-0.707107,-0.707107,0.781831,0.62349,False,False,EVENING,1.0,3.0,11.0,39.0,80.0,255.0,0.0,0.0,0.0,1.68,5.045,86.3,8.64,86.303,86.42,13.7,1.36,9.6,21.83,94.664,89.84,7.94,4.87,3.19,2.31,80.035,1.78,66.717,34.568,False,,0.0,71.619,0.0,-1.28,0.0,0.098,1.28,-5.0,-0.15,0.445,13.0,0.0,86.535,85.181,87.392,83.116,82.085,100.0,34.614,25.0,0.0,89.347,87.083,94.642,89.846,79.951,100.0,35.739,0.0,5.627,80.884,83.102,0.04,MODERATE
158,2026-06-02 15:30:00+00:00,15,1,-0.707107,-0.707107,0.781831,0.62349,False,False,EVENING,2.0,3.0,11.0,38.0,81.0,255.0,0.0,0.0,0.0,3.36,6.327,85.51,8.69,85.515,86.887,14.49,1.31,8.28,18.93,100.0,100.0,7.94,4.85,3.2,2.3,79.973,1.62,90.725,34.755,False,,0.0,75.554,0.0,0.0,0.0,0.098,1.28,-3.0,-0.16,0.405,14.0,0.0,87.0,85.68,87.904,83.602,79.439,100.0,34.8,23.0,0.0,88.84,86.784,89.126,84.762,77.129,100.0,35.536,5.04,4.241,82.497,83.14,0.04,MODERATE
159,2026-06-02 15:45:00+00:00,15,1,-0.707107,-0.707107,0.781831,0.62349,False,False,EVENING,2.0,4.0,7.0,37.0,81.0,254.0,0.0,0.0,0.0,3.36,4.588,85.35,8.55,85.346,85.505,14.65,1.45,9.64,21.93,93.168,88.434,8.2,4.82,2.98,2.34,81.376,1.46,89.133,34.202,False,,0.0,73.015,0.0,0.0,-1.28,0.095,1.28,-8.0,-0.8,0.365,14.0,0.0,86.914,85.951,88.182,83.867,80.695,100.0,34.766,22.0,0.0,89.698,86.752,93.669,88.941,78.013,100.0,35.879,3.36,5.287,83.285,82.58,0.0,MODERATE
160,2026-06-02 16:00:00+00:00,16,1,-0.866025,-0.5,0.781831,0.62349,False,False,EVENING,3.0,5.0,8.0,38.0,79.0,253.0,0.0,0.0,0.0,5.04,5.951,85.1,8.57,85.097,85.716,14.9,1.43,9.89,22.48,90.571,86.039,8.41,4.8,2.79,2.38,82.59,1.46,100.0,34.286,False,,0.0,73.491,0.0,0.0,0.0,0.095,1.28,-6.0,-0.64,0.365,15.0,0.0,88.296,86.402,88.645,84.307,80.386,100.0,35.319,20.0,0.0,90.329,87.082,96.059,91.147,77.187,100.0,36.132,5.04,3.184,83.57,83.015,0.0,MODERATE
161,2026-06-02 16:15:00+00:00,16,1,-0.866025,-0.5,0.781831,0.62349,False,False,EVENING,3.0,6.0,10.0,37.0,76.0,253.0,0.0,0.0,0.0,5.04,4.376,85.18,8.65,85.181,86.535,14.82,1.35,10.26,23.29,87.392,83.116,8.34,4.79,2.87,2.36,82.085,1.46,100.0,34.614,False,,0.0,72.895,0.0,0.0,0.0,0.095,1.28,-1.0,-0.32,0.365,15.0,0.0,89.347,87.083,94.642,89.846,79.951,100.0,35.739,17.0,0.0,89.732,87.03,89.289,84.92,76.344,100.0,35.893,3.36,4.233,83.318,82.822,0.0,MODERATE
162,2026-06-02 16:30:00+00:00,16,1,-0.866025,-0.5,0.781831,0.62349,False,False,EVENING,3.0,6.0,11.0,36.0,74.0,252.0,0.0,0.0,0.0,5.04,2.859,85.68,8.7,85.68,87.0,14.32,1.3,10.26,23.29,87.904,83.602,7.92,4.79,3.29,2.29,79.439,1.46,100.0,34.8,False,,0.0,72.98,0.0,0.0,0.0,0.095,1.28,0.0,-0.16,0.365,14.0,0.0,88.84,86.784,89.126,84.762,77.129,100.0,35.536,19.0,0.0,89.518,86.819,97.213,92.196,75.976,100.0,35.807,3.36,4.538,83.409,82.518,0.0,MODERATE
163,2026-06-02 16:45:00+00:00,16,1,-0.866025,-0.5,0.781831,0.62349,False,False,EVENING,3.0,6.0,12.0,34.0,73.0,251.0,0.0,0.0,0.0,5.04,3.991,85.95,8.69,85.951,86.914,14.05,1.31,10.26,23.29,88.182,83.867,8.12,4.79,3.09,2.32,80.695,1.46,100.0,34.766,False,,0.0,73.2,0.0,0.0,0.0,0.095,1.28,5.0,0.0,0.365,14.0,0.0,89.698,86.752,93.669,88.941,78.013,100.0,35.879,16.0,0.0,89.185,86.412,98.314,93.189,74.829,100.0,35.674,1.68,2.855,81.961,82.369,0.0,MODERATE
164,2026-06-02 17:00:00+00:00,17,1,-0.965926,-0.258819,0.781831,0.62349,False,False,EVENING,4.0,7.0,13.0,35.0,75.0,254.0,0.0,0.0,0.0,6.72,4.361,86.4,8.83,86.402,88.296,13.6,1.17,10.26,23.29,88.645,84.307,8.06,4.8,3.14,2.32,80.386,1.62,100.0,35.319,False,,0.0,73.657,0.0,0.0,0.0,0.095,1.28,5.0,0.16,0.405,13.0,0.0,90.329,87.082,96.059,91.147,77.187,100.0,36.132,15.0,0.0,87.238,85.383,94.997,90.113,76.482,66.842,34.895,5.04,3.82,82.731,82.597,0.0,MODERATE
165,2026-06-02 17:15:00+00:00,17,1,-0.965926,-0.258819,0.781831,0.62349,False,False,EVENING,4.0,8.0,14.0,35.0,75.0,252.0,0.0,0.0,0.0,6.72,3.574,87.08,8.93,87.083,89.347,12.92,1.07,9.69,22.03,94.642,89.846,7.97,4.82,3.21,2.3,79.951,1.79,100.0,35.739,False,,0.0,75.362,0.0,0.0,0.0,0.095,1.28,4.0,0.33,0.448,10.0,0.0,89.732,87.03,89.289,84.92,76.344,100.0,35.893,16.0,0.0,86.712,84.98,89.906,85.424,75.917,90.85,34.685,0.0,3.721,81.045,81.836,0.0,MODERATE
166,2026-06-02 17:30:00+00:00,17,1,-0.965926,-0.258819,0.781831,0.62349,False,False,EVENING,3.0,7.0,14.0,36.0,77.0,252.0,0.0,0.0,0.0,5.04,6.441,86.78,8.88,86.784,88.84,13.22,1.12,10.25,23.27,89.126,84.762,7.5,4.84,3.66,2.22,77.129,1.79,100.0,35.536,False,,0.0,73.669,0.0,0.0,0.0,0.095,1.28,3.0,0.33,0.448,9.0,0.0,89.518,86.819,97.213,92.196,75.976,100.0,35.807,14.0,0.0,86.154,84.579,100.0,96.295,76.779,89.258,34.462,1.68,3.863,81.35,81.26,0.0,MODERATE
167,2026-06-02 17:45:00+00:00,17,1,-0.965926,-0.258819,0.781831,0.62349,False,False,EVENING,4.0,7.0,15.0,34.0,76.0,252.0,0.0,0.0,0.0,6.72,6.503,86.75,8.97,86.752,89.698,13.25,1.03,9.75,22.17,93.669,88.941,7.63,4.86,3.52,2.25,78.013,1.95,100.0,35.879,False,,0.0,74.959,0.0,0.0,0.0,0.08,1.28,3.0,0.49,0.488,8.0,0.0,89.185,86.412,98.314,93.189,74.829,100.0,35.674,15.0,0.0,85.334,84.552,86.746,82.502,77.776,87.667,34.134,3.36,1.647,81.43,81.68,0.0,MODERATE
168,2026-06-02 18:00:00+00:00,18,1,-1.0,-0.0,0.781831,0.62349,False,False,EVENING,4.0,8.0,15.0,36.0,78.0,255.0,0.0,0.0,0.0,6.72,5.147,87.08,9.03,87.082,90.329,12.92,0.97,9.54,21.71,96.059,91.147,7.47,4.88,3.65,2.22,77.187,2.11,100.0,36.132,False,,0.0,75.635,0.0,0.0,0.0,0.08,1.28,2.0,0.49,0.528,7.0,0.0,87.238,85.383,94.997,90.113,76.482,66.842,34.895,15.0,0.0,83.391,84.366,86.556,82.321,79.858,58.875,33.357,5.04,3.697,82.18,81.941,0.0,MODERATE
169,2026-06-02 18:15:00+00:00,18,1,-1.0,-0.0,0.781831,0.62349,False,False,EVENING,3.0,7.0,14.0,38.0,77.0,254.0,0.0,0.0,0.0,5.04,5.489,87.03,8.97,87.03,89.732,12.97,1.03,10.26,23.29,89.289,84.92,7.33,4.89,3.79,2.2,76.344,2.11,100.0,35.893,False,,0.0,73.869,0.0,0.0,0.0,0.08,1.28,0.0,0.32,0.528,7.0,0.0,86.712,84.98,89.906,85.424,75.917,90.85,34.685,17.0,0.0,84.647,85.31,87.524,83.241,81.923,100.0,33.859,1.68,3.484,81.317,81.576,0.0,MODERATE
170,2026-06-02 18:30:00+00:00,18,1,-1.0,-0.0,0.781831,0.62349,False,False,EVENING,3.0,6.0,14.0,39.0,77.0,253.0,0.0,0.0,0.0,5.04,5.97,86.82,8.95,86.819,89.518,13.18,1.05,9.4,21.4,97.213,92.196,7.26,4.9,3.84,2.19,75.976,2.11,100.0,35.807,False,,0.0,75.571,0.0,0.0,0.0,0.08,1.28,0.0,0.32,0.528,10.0,0.0,86.154,84.579,100.0,96.295,76.779,89.258,34.462,14.0,0.0,82.837,84.446,92.304,87.61,83.125,31.692,33.135,3.36,3.75,80.869,81.523,0.0,MODERATE
171,2026-06-02 18:45:00+00:00,18,1,-1.0,-0.0,0.781831,0.62349,False,False,EVENING,3.0,6.0,13.0,40.0,77.0,249.0,0.0,0.0,0.0,5.04,6.799,86.41,8.92,86.412,89.185,13.59,1.08,9.25,21.07,98.314,93.189,7.07,4.9,4.03,2.16,74.829,2.11,100.0,35.674,False,,0.0,75.563,0.0,0.0,0.0,0.0,0.0,-2.0,0.16,0.528,8.0,0.0,85.334,84.552,86.746,82.502,77.776,87.667,34.134,16.0,0.0,81.424,84.363,86.553,82.318,80.708,81.3,32.57,1.68,3.012,80.552,81.222,0.0,MODERATE
172,2026-06-02 19:00:00+00:00,19,1,-0.965926,0.258819,0.781831,0.62349,False,False,EVENING,1.0,4.0,10.0,38.0,76.0,247.0,0.0,0.0,0.0,1.68,6.577,85.38,8.72,85.383,87.238,14.62,1.28,9.46,21.53,94.997,90.113,7.36,4.88,3.76,2.2,76.482,1.79,66.842,34.895,False,,0.0,71.344,0.0,0.0,0.0,0.0,0.0,-5.0,-0.32,0.448,8.0,0.0,83.391,84.366,86.556,82.321,79.858,58.875,33.357,15.0,0.0,81.714,84.425,86.617,82.378,77.884,79.708,32.686,3.36,2.565,81.052,81.371,0.0,MODERATE
173,2026-06-02 19:15:00+00:00,19,1,-0.965926,0.258819,0.781831,0.62349,False,False,EVENING,2.0,3.0,9.0,37.0,74.0,245.0,0.0,0.0,0.0,3.36,5.183,84.98,8.67,84.98,86.712,15.02,1.33,9.95,22.61,89.906,85.424,7.29,4.86,3.85,2.19,75.917,1.63,90.85,34.685,False,,0.0,72.087,0.0,0.0,0.0,0.0,0.0,-5.0,-0.48,0.408,9.0,0.0,84.647,85.31,87.524,83.241,81.923,100.0,33.859,16.0,0.0,80.884,83.102,87.435,83.091,78.416,23.717,32.353,1.68,2.976,81.331,81.019,0.0,MODERATE
174,2026-06-02 19:30:00+00:00,19,1,-0.965926,0.258819,0.781831,0.62349,False,False,EVENING,2.0,4.0,8.0,36.0,72.0,241.0,0.0,0.0,0.0,3.36,5.187,84.58,8.62,84.579,86.154,15.42,1.38,8.75,19.96,100.0,96.295,7.45,4.83,3.72,2.21,76.779,1.47,89.258,34.462,False,,0.0,74.337,0.0,0.0,0.0,0.0,0.0,-6.0,-0.64,0.368,4.0,0.0,82.837,84.446,92.304,87.61,83.125,31.692,33.135,16.0,0.0,82.497,83.14,85.298,81.124,78.877,100.0,32.999,5.04,2.202,83.233,81.538,0.0,MODERATE
175,2026-06-02 19:45:00+00:00,19,1,-0.965926,0.258819,0.781831,0.62349,False,False,EVENING,2.0,4.0,7.0,35.0,69.0,239.0,0.0,0.0,0.0,3.36,3.797,84.55,8.53,84.552,85.334,15.45,1.47,10.26,23.29,86.746,82.502,7.64,4.8,3.56,2.24,77.776,1.31,87.667,34.134,False,,0.0,70.868,0.0,0.0,0.0,0.0,0.0,-6.0,-0.8,0.328,7.0,0.0,81.424,84.363,86.553,82.318,80.708,81.3,32.57,14.0,0.0,83.285,82.58,84.723,80.577,78.79,74.533,33.314,3.36,2.427,83.068,81.788,0.0,MODERATE
176,2026-06-02 20:00:00+00:00,20,1,-0.866025,0.5,0.781831,0.62349,False,False,EVENING,1.0,3.0,7.0,32.0,67.0,235.0,0.0,0.0,0.0,1.68,3.197,84.37,8.34,84.366,83.391,15.63,1.66,10.26,23.29,86.556,82.321,8.02,4.76,3.22,2.3,79.858,0.99,58.875,33.357,False,,0.0,67.99,0.0,0.0,0.0,0.0,0.0,-3.0,-0.8,0.248,7.0,0.0,81.714,84.425,86.617,82.378,77.884,79.708,32.686,14.0,0.0,83.57,83.015,100.0,100.0,76.069,100.0,33.428,1.68,1.755,83.782,81.698,0.0,NORMAL
177,2026-06-02 20:15:00+00:00,20,1,-0.866025,0.5,0.781831,0.62349,False,False,EVENING,5.0,6.0,10.0,33.0,68.0,237.0,0.0,0.0,0.0,8.4,4.125,85.31,8.46,85.31,84.647,14.69,1.54,10.26,23.29,87.524,83.241,8.37,4.74,2.89,2.36,81.923,1.32,100.0,33.859,False,,0.0,72.562,0.0,0.0,0.0,0.0,0.0,1.0,-0.31,0.33,8.0,0.0,80.884,83.102,87.435,83.091,78.416,23.717,32.353,14.0,0.0,83.318,82.822,100.0,100.0,79.135,74.533,33.327,5.04,3.401,84.706,82.015,0.0,MODERATE
178,2026-06-02 20:30:00+00:00,20,1,-0.866025,0.5,0.781831,0.62349,False,False,EVENING,0.0,5.0,8.0,30.0,66.0,231.0,0.0,0.0,0.0,0.0,4.178,84.45,8.28,84.446,82.837,15.55,1.72,9.63,21.91,92.304,87.61,8.6,4.7,2.7,2.39,83.125,0.84,31.692,33.135,False,,0.0,67.069,0.0,0.0,0.0,0.0,0.0,0.0,-0.63,0.21,10.0,0.0,82.497,83.14,85.298,81.124,78.877,100.0,32.999,13.0,0.0,83.409,82.518,100.0,100.0,78.699,74.533,33.363,0.0,3.594,83.616,81.226,0.0,NORMAL
179,2026-06-02 20:45:00+00:00,20,1,-0.866025,0.5,0.781831,0.62349,False,False,EVENING,2.0,2.0,8.0,28.0,62.0,232.0,0.0,0.0,0.0,3.36,4.257,84.36,8.14,84.363,81.424,15.64,1.86,10.26,23.29,86.553,82.318,8.25,4.66,3.09,2.32,80.708,0.68,81.3,32.57,False,,0.0,69.69,0.0,0.0,0.0,0.0,0.0,1.0,-0.63,0.17,9.0,0.0,83.285,82.58,84.723,80.577,78.79,74.533,33.314,13.0,0.0,81.961,82.369,100.0,100.0,76.141,48.933,32.785,5.04,3.459,84.679,81.515,0.0,NORMAL
180,2026-06-02 21:00:00+00:00,21,1,-0.707107,0.707107,0.781831,0.62349,False,False,EVENING,2.0,4.0,9.0,26.0,62.0,232.0,0.0,0.0,0.0,3.36,2.996,84.43,8.17,84.425,81.714,15.57,1.83,10.26,23.29,86.617,82.378,7.84,4.63,3.54,2.24,77.884,0.52,79.708,32.686,False,,0.0,69.379,0.0,0.0,0.0,0.0,0.0,2.0,-0.47,0.13,8.0,0.0,83.57,83.015,100.0,100.0,76.069,100.0,33.428,13.0,0.0,82.731,82.597,100.0,100.0,77.865,100.0,33.092,1.68,3.78,84.261,81.031,0.0,NORMAL
181,2026-06-02 21:15:00+00:00,21,1,-0.707107,0.707107,0.781831,0.62349,False,False,EVENING,0.0,2.0,4.0,23.0,61.0,227.0,0.0,0.0,0.0,0.0,5.627,83.1,8.09,83.102,80.884,16.9,1.91,10.0,22.73,87.435,83.091,7.96,4.59,3.45,2.26,78.416,0.04,23.717,32.353,False,,0.0,64.114,0.0,0.0,0.0,0.0,0.0,-6.0,-1.28,0.01,8.0,0.0,83.318,82.822,100.0,100.0,79.135,74.533,33.327,12.0,0.0,81.045,81.836,100.0,100.0,77.109,23.333,32.418,0.0,2.773,82.638,80.501,0.0,NORMAL
182,2026-06-02 21:30:00+00:00,21,1,-0.707107,0.707107,0.781831,0.62349,False,False,EVENING,3.0,3.0,7.0,23.0,62.0,227.0,0.0,0.0,0.0,5.04,4.241,83.14,8.25,83.14,82.497,16.86,1.75,10.26,23.29,85.298,81.124,8.04,4.58,3.38,2.27,78.877,0.04,100.0,32.999,False,,0.0,70.86,0.0,0.0,0.0,0.0,0.0,-1.0,-0.8,0.01,6.0,0.0,83.409,82.518,100.0,100.0,78.699,74.533,33.363,13.0,0.0,81.35,81.26,100.0,100.0,76.102,48.933,32.54,0.0,1.316,82.08,80.227,0.0,MODERATE
183,2026-06-02 21:45:00+00:00,21,1,-0.707107,0.707107,0.781831,0.62349,False,False,EVENING,2.0,5.0,7.0,22.0,62.0,227.0,0.0,0.0,0.0,3.36,5.287,82.58,8.33,82.58,83.285,17.42,1.67,10.26,23.29,84.723,80.577,8.03,4.58,3.39,2.27,78.79,0.0,74.533,33.314,False,,0.0,68.46,0.0,0.0,0.0,0.0,0.0,-1.0,-0.68,0.0,5.0,0.0,81.961,82.369,100.0,100.0,76.141,48.933,32.785,15.0,0.0,81.43,81.68,100.0,100.0,75.461,74.533,32.572,1.68,2.849,81.521,79.991,0.0,NORMAL
184,2026-06-02 22:00:00+00:00,22,1,-0.5,0.866025,0.781831,0.62349,False,False,NIGHT,3.0,5.0,8.0,24.0,62.0,229.0,0.0,0.0,0.0,5.04,3.184,83.02,8.36,83.015,83.57,16.98,1.64,6.27,17.99,100.0,100.0,7.59,4.58,3.83,2.19,76.069,0.0,100.0,33.428,False,,0.0,74.824,0.0,0.0,0.0,0.0,0.0,-1.0,-0.52,0.0,6.0,0.0,82.731,82.597,100.0,100.0,77.865,100.0,33.092,15.0,0.0,82.18,81.941,100.0,100.0,76.523,100.0,32.872,1.68,2.147,81.432,79.883,0.0,MODERATE
185,2026-06-02 22:15:00+00:00,22,1,-0.5,0.866025,0.781831,0.62349,False,False,NIGHT,2.0,5.0,10.0,24.0,61.0,230.0,0.0,0.0,0.0,3.36,4.233,82.82,8.33,82.822,83.318,17.18,1.67,5.73,16.8,100.0,100.0,8.08,4.58,3.34,2.28,79.135,0.0,74.533,33.327,False,,0.0,72.715,0.0,0.0,0.0,0.0,0.0,6.0,-0.04,0.0,6.0,0.0,81.045,81.836,100.0,100.0,77.109,23.333,32.418,13.0,0.0,81.317,81.576,100.0,100.0,77.707,48.933,32.527,0.0,2.671,81.139,79.245,0.0,MODERATE
186,2026-06-02 22:30:00+00:00,22,1,-0.5,0.866025,0.781831,0.62349,False,False,NIGHT,2.0,4.0,9.0,24.0,60.0,228.0,0.0,0.0,0.0,3.36,4.538,82.52,8.34,82.518,83.409,17.48,1.66,6.27,17.99,100.0,100.0,8.01,4.58,3.41,2.27,78.699,0.0,74.533,33.363,False,,0.0,72.627,0.0,0.0,0.0,0.0,0.0,2.0,-0.04,0.0,7.0,0.0,81.35,81.26,100.0,100.0,76.102,48.933,32.54,15.0,0.0,80.869,81.523,100.0,100.0,77.768,74.533,32.347,0.0,3.422,80.397,78.464,0.0,MODERATE
187,2026-06-02 22:45:00+00:00,22,1,-0.5,0.866025,0.781831,0.62349,False,False,NIGHT,1.0,3.0,8.0,23.0,58.0,227.0,0.0,0.0,0.0,1.68,2.855,82.37,8.2,82.369,81.961,17.63,1.8,5.16,15.54,100.0,100.0,7.61,4.57,3.82,2.19,76.141,0.0,48.933,32.785,False,,0.0,69.77,0.0,0.0,0.0,0.0,0.0,1.0,0.0,0.0,8.0,0.0,81.43,81.68,100.0,100.0,75.461,74.533,32.572,13.0,0.0,80.552,81.222,100.0,100.0,79.891,48.933,32.221,1.68,1.59,80.373,78.489,0.0,NORMAL
188,2026-06-02 23:00:00+00:00,23,1,-0.258819,0.965926,0.781831,0.62349,False,False,NIGHT,3.0,4.0,8.0,25.0,57.0,230.0,0.0,0.0,0.0,5.04,3.82,82.6,8.27,82.597,82.731,17.4,1.73,6.27,17.99,100.0,100.0,7.89,4.56,3.54,2.24,77.865,0.0,100.0,33.092,False,,0.0,74.725,0.0,0.0,0.0,0.0,0.0,0.0,0.0,0.0,7.0,0.0,82.18,81.941,100.0,100.0,76.523,100.0,32.872,15.0,0.0,81.052,81.371,100.0,100.0,78.703,74.533,32.421,3.36,1.406,79.922,79.022,0.0,MODERATE
189,2026-06-02 23:15:00+00:00,23,1,-0.258819,0.965926,0.781831,0.62349,False,False,NIGHT,0.0,3.0,6.0,20.0,53.0,224.0,0.0,0.0,0.0,0.0,3.721,81.84,8.1,81.836,81.045,18.16,1.9,5.07,15.36,100.0,100.0,7.79,4.54,3.66,2.22,77.109,0.0,23.333,32.418,False,,0.0,67.253,0.0,0.0,0.0,0.0,0.0,-4.0,0.0,0.0,6.0,0.0,81.317,81.576,100.0,100.0,77.707,48.933,32.527,14.0,0.0,81.331,81.019,100.0,100.0,79.349,48.933,32.532,1.68,2.607,79.462,78.836,0.0,NORMAL
190,2026-06-02 23:30:00+00:00,23,1,-0.258819,0.965926,0.781831,0.62349,False,False,NIGHT,1.0,1.0,5.0,21.0,51.0,223.0,0.0,0.0,0.0,1.68,3.863,81.26,8.14,81.26,81.35,18.74,1.86,5.35,15.96,100.0,100.0,7.65,4.53,3.82,2.19,76.102,0.0,48.933,32.54,False,,0.0,69.4,0.0,0.0,0.0,0.0,0.0,-4.0,0.0,0.0,6.0,0.0,80.869,81.523,100.0,100.0,77.768,74.533,32.347,13.0,0.0,83.233,81.538,100.0,100.0,79.69,100.0,33.293,1.68,1.136,79.488,78.97,0.0,NORMAL
191,2026-06-02 23:45:00+00:00,23,1,-0.258819,0.965926,0.781831,0.62349,False,False,NIGHT,2.0,3.0,6.0,21.0,49.0,221.0,0.0,0.0,0.0,3.36,1.647,81.68,8.14,81.68,81.43,18.32,1.86,6.27,17.99,100.0,100.0,7.55,4.52,3.93,2.17,75.461,0.0,74.533,32.572,False,,0.0,71.755,0.0,0.0,0.0,0.0,0.0,-2.0,0.0,0.0,7.0,0.0,80.552,81.222,100.0,100.0,79.891,48.933,32.221,10.0,0.0,83.068,81.788,100.0,100.0,77.248,74.533,33.227,3.36,1.567,80.0,79.367,0.0,MODERATE
192,2026-06-03 00:00:00+00:00,0,2,0.0,1.0,0.974928,-0.222521,False,False,NIGHT,3.0,5.0,6.0,22.0,48.0,221.0,0.0,0.0,0.0,5.04,3.697,81.94,8.22,81.941,82.18,18.06,1.78,6.27,17.99,100.0,100.0,7.72,4.52,3.76,2.2,76.523,0.0,100.0,32.872,False,,0.0,74.35,0.0,0.0,0.0,0.0,0.0,-2.0,0.0,0.0,8.0,0.0,81.052,81.371,100.0,100.0,78.703,74.533,32.421,9.0,0.0,83.782,81.698,100.0,100.0,76.308,48.933,33.513,0.0,1.691,78.244,79.12,0.0,MODERATE
193,2026-06-03 00:15:00+00:00,0,2,0.0,1.0,0.974928,-0.222521,False,False,NIGHT,1.0,4.0,7.0,23.0,46.0,222.0,0.0,0.0,0.0,1.68,3.484,81.58,8.13,81.576,81.317,18.42,1.87,6.27,17.99,100.0,100.0,7.92,4.51,3.57,2.24,77.707,0.0,48.933,32.527,False,,0.0,69.608,0.0,0.0,0.0,0.0,0.0,1.0,0.0,0.0,7.0,0.0,81.331,81.019,100.0,100.0,79.349,48.933,32.532,9.0,0.0,84.706,82.015,100.0,100.0,79.354,100.0,33.882,1.68,2.501,78.414,78.898,0.0,NORMAL
194,2026-06-03 00:30:00+00:00,0,2,0.0,1.0,0.974928,-0.222521,False,False,NIGHT,2.0,3.0,8.0,22.0,45.0,224.0,0.0,0.0,0.0,3.36,3.75,81.52,8.09,81.523,80.869,18.48,1.91,6.27,17.99,100.0,100.0,7.95,4.5,3.56,2.24,77.768,0.0,74.533,32.347,False,,0.0,71.816,0.0,0.0,0.0,0.0,0.0,3.0,0.0,0.0,9.0,0.0,83.233,81.538,100.0,100.0,79.69,100.0,33.293,6.0,0.0,83.616,81.226,100.0,100.0,78.254,23.333,33.446,3.36,2.101,78.99,79.155,0.0,MODERATE
195,2026-06-03 00:45:00+00:00,0,2,0.0,1.0,0.974928,-0.222521,False,False,NIGHT,1.0,3.0,7.0,21.0,43.0,224.0,0.0,0.0,0.0,1.68,3.012,81.22,8.06,81.222,80.552,18.78,1.94,4.64,14.41,100.0,100.0,8.3,4.48,3.22,2.3,79.891,0.0,48.933,32.221,False,,0.0,69.573,0.0,0.0,0.0,0.0,0.0,1.0,0.0,0.0,6.0,0.0,83.068,81.788,100.0,100.0,77.248,74.533,33.227,6.0,0.0,84.679,81.515,100.0,100.0,78.278,100.0,33.872,3.36,0.665,79.467,79.781,0.0,NORMAL
196,2026-06-03 01:00:00+00:00,1,2,0.258819,0.965926,0.974928,-0.222521,False,False,NIGHT,2.0,3.0,6.0,20.0,44.0,226.0,0.0,0.0,0.0,3.36,2.565,81.37,8.11,81.371,81.052,18.63,1.89,4.63,14.39,100.0,100.0,8.11,4.48,3.41,2.27,78.703,0.0,74.533,32.421,False,,0.0,71.903,0.0,0.0,0.0,0.0,0.0,0.0,0.0,0.0,7.0,0.0,83.782,81.698,100.0,100.0,76.308,48.933,33.513,4.0,0.0,84.261,81.031,100.0,100.0,76.774,48.933,33.705,3.36,1.416,79.695,80.244,0.0,MODERATE
197,2026-06-03 01:15:00+00:00,1,2,0.258819,0.965926,0.974928,-0.222521,False,False,NIGHT,1.0,3.0,6.0,19.0,43.0,226.0,0.0,0.0,0.0,1.68,2.976,81.02,8.13,81.019,81.331,18.98,1.87,5.08,15.39,100.0,100.0,8.22,4.48,3.3,2.29,79.349,0.0,48.933,32.532,False,,0.0,69.636,0.0,0.0,0.0,0.0,0.0,-1.0,0.0,0.0,7.0,0.0,84.706,82.015,100.0,100.0,79.354,100.0,33.882,5.0,0.0,82.638,80.501,100.0,100.0,74.597,23.333,33.055,5.04,2.24,79.625,80.951,0.0,NORMAL
198,2026-06-03 01:30:00+00:00,1,2,0.258819,0.965926,0.974928,-0.222521,False,False,NIGHT,3.0,4.0,7.0,20.0,44.0,227.0,0.0,0.0,0.0,5.04,2.202,81.54,8.32,81.538,83.233,18.46,1.68,5.97,17.33,100.0,100.0,8.25,4.5,3.25,2.3,79.69,0.0,100.0,33.293,False,,0.0,74.757,0.0,0.0,0.0,0.0,0.0,-1.0,0.0,0.0,4.0,0.0,83.616,81.226,100.0,100.0,78.254,23.333,33.446,6.0,0.0,82.08,80.227,100.0,100.0,74.334,23.333,32.832,0.0,2.479,78.131,80.481,0.0,MODERATE
199,2026-06-03 01:45:00+00:00,1,2,0.258819,0.965926,0.974928,-0.222521,False,False,NIGHT,2.0,5.0,8.0,21.0,44.0,229.0,0.0,0.0,0.0,3.36,2.427,81.79,8.31,81.788,83.068,18.21,1.69,6.04,17.49,100.0,100.0,7.85,4.51,3.64,2.22,77.248,0.0,74.533,33.227,False,,0.0,72.267,0.0,0.0,0.0,0.0,0.0,1.0,0.0,0.0,4.0,0.0,84.679,81.515,100.0,100.0,78.278,100.0,33.872,7.0,0.0,81.521,79.991,100.0,100.0,75.979,48.933,32.609,3.36,2.906,78.81,80.526,0.0,MODERATE
200,2026-06-03 02:00:00+00:00,2,2,0.5,0.866025,0.974928,-0.222521,False,False,NIGHT,1.0,3.0,7.0,19.0,44.0,227.0,0.0,0.0,0.0,1.68,1.755,81.7,8.38,81.698,83.782,18.3,1.62,6.27,17.99,100.0,100.0,7.68,4.53,3.79,2.2,76.308,0.0,48.933,33.513,False,,0.0,70.002,0.0,0.0,0.0,0.0,0.0,1.0,0.0,0.0,2.0,0.0,84.261,81.031,100.0,100.0,76.774,48.933,33.705,8.0,0.0,81.432,79.883,100.0,100.0,76.585,48.933,32.573,10.241,0.964,82.859,82.441,0.8,MODERATE
201,2026-06-03 02:15:00+00:00,2,2,0.5,0.866025,0.974928,-0.222521,False,False,NIGHT,3.0,4.0,9.0,22.0,42.0,230.0,0.0,0.0,0.0,5.04,3.401,82.02,8.47,82.015,84.706,17.98,1.53,6.27,17.99,100.0,100.0,8.14,4.56,3.3,2.29,79.354,0.0,100.0,33.882,False,,0.0,75.126,0.0,0.0,0.0,0.0,0.0,3.0,0.0,0.0,2.0,0.0,82.638,80.501,100.0,100.0,74.597,23.333,33.055,7.0,0.0,81.139,79.245,100.0,100.0,74.327,23.333,32.456,8.239,3.658,84.585,83.413,0.8,MODERATE
202,2026-06-03 02:30:00+00:00,2,2,0.5,0.866025,0.974928,-0.222521,False,False,NIGHT,0.0,3.0,6.0,21.0,42.0,229.0,0.0,0.0,0.0,0.0,3.594,81.23,8.36,81.226,83.616,18.77,1.64,6.27,17.99,100.0,100.0,7.96,4.57,3.48,2.25,78.254,0.0,23.333,33.446,False,,0.0,67.736,0.0,0.0,0.0,0.0,0.0,-1.0,0.0,0.0,2.0,0.0,82.08,80.227,100.0,100.0,74.334,23.333,32.832,8.0,0.0,80.397,78.464,100.0,99.103,71.352,23.333,32.159,5.04,3.506,84.77,83.778,0.8,NORMAL
203,2026-06-03 02:45:00+00:00,2,2,0.5,0.866025,0.974928,-0.222521,False,False,NIGHT,3.0,3.0,7.0,22.0,43.0,232.0,0.0,0.0,0.0,5.04,3.459,81.51,8.47,81.515,84.679,18.49,1.53,5.68,16.69,100.0,100.0,7.94,4.58,3.48,2.25,78.278,0.0,100.0,33.872,False,,0.0,74.914,0.0,0.0,0.0,0.0,0.0,-1.0,0.0,0.0,2.0,0.0,81.521,79.991,100.0,100.0,75.979,48.933,32.609,10.0,0.0,80.373,78.489,100.0,100.0,74.798,48.933,32.149,3.36,5.235,84.723,83.314,0.64,MODERATE
204,2026-06-03 03:00:00+00:00,3,2,0.707107,0.707107,0.974928,-0.222521,False,False,NIGHT,1.0,4.0,7.0,20.0,42.0,232.0,0.0,0.0,0.0,1.68,3.78,81.03,8.43,81.031,84.261,18.97,1.57,6.27,17.99,100.0,100.0,7.69,4.59,3.72,2.21,76.774,0.0,48.933,33.705,False,,0.0,69.993,0.0,0.0,0.0,0.0,0.0,0.0,0.0,0.0,2.0,0.0,81.432,79.883,100.0,100.0,76.585,48.933,32.573,11.0,0.0,79.922,79.022,100.0,99.809,75.669,74.533,31.969,10.6,2.725,88.258,84.93,0.96,NORMAL
205,2026-06-03 03:15:00+00:00,3,2,0.707107,0.707107,0.974928,-0.222521,False,False,NIGHT,0.0,1.0,4.0,19.0,42.0,231.0,0.0,0.0,0.0,0.0,2.773,80.5,8.26,80.501,82.638,19.5,1.74,5.72,16.78,100.0,100.0,7.35,4.58,4.06,2.15,74.597,0.0,23.333,33.055,False,,0.0,67.052,0.0,0.0,0.0,0.0,0.0,-5.0,0.0,0.0,3.0,0.0,81.139,79.245,100.0,100.0,74.327,23.333,32.456,11.0,0.0,79.462,78.836,100.0,99.574,75.159,48.933,31.785,14.404,4.693,94.413,86.742,2.08,NORMAL
206,2026-06-03 03:30:00+00:00,3,2,0.707107,0.707107,0.974928,-0.222521,False,False,NIGHT,0.0,0.0,4.0,17.0,39.0,231.0,0.0,0.0,0.0,0.0,1.316,80.23,8.21,80.227,82.08,19.77,1.79,6.27,17.99,100.0,100.0,7.32,4.57,4.11,2.14,74.334,0.0,23.333,32.832,False,,0.0,66.856,0.0,0.0,0.0,0.0,0.0,-2.0,0.0,0.0,4.0,0.0,80.397,78.464,100.0,99.103,71.352,23.333,32.159,13.0,0.0,79.488,78.97,100.0,100.0,75.702,48.933,31.795,13.087,7.017,97.86,87.915,2.57,NORMAL
207,2026-06-03 03:45:00+00:00,3,2,0.707107,0.707107,0.974928,-0.222521,False,False,NIGHT,1.0,1.0,2.0,17.0,38.0,231.0,0.0,0.0,0.0,1.68,2.849,79.99,8.15,79.991,81.521,20.01,1.85,5.59,16.51,100.0,100.0,7.6,4.55,3.84,2.19,75.979,0.0,48.933,32.609,False,,0.0,69.144,0.0,0.0,0.0,0.0,0.0,-5.0,0.0,0.0,5.0,0.0,80.373,78.489,100.0,100.0,74.798,48.933,32.149,12.0,0.0,80.0,79.367,100.0,100.0,73.62,74.533,32.0,12.25,5.146,100.0,89.385,3.69,NORMAL
208,2026-06-03 04:00:00+00:00,4,2,0.866025,0.5,0.974928,-0.222521,False,False,NIGHT,1.0,2.0,2.0,16.0,36.0,230.0,0.0,0.0,0.0,1.68,2.147,79.88,8.14,79.883,81.432,20.12,1.86,5.63,16.58,100.0,100.0,7.72,4.54,3.75,2.21,76.585,0.0,48.933,32.573,False,,0.0,69.157,0.0,0.0,0.0,0.0,0.0,-5.0,0.0,0.0,6.0,0.0,79.922,79.022,100.0,99.809,75.669,74.533,31.969,12.0,0.0,78.244,79.12,81.62,76.426,71.325,23.333,31.298,11.263,6.947,100.0,90.268,4.17,NORMAL
209,2026-06-03 04:15:00+00:00,4,2,0.866025,0.5,0.974928,-0.222521,False,False,NIGHT,0.0,1.0,2.0,15.0,34.0,228.0,0.0,0.0,0.0,0.0,2.671,79.24,8.11,79.245,81.139,20.76,1.89,4.98,15.16,100.0,100.0,7.37,4.52,4.11,2.14,74.327,0.0,23.333,32.456,False,,0.0,66.451,0.0,0.0,0.0,0.0,0.0,-2.0,0.0,0.0,4.0,0.0,79.462,78.836,100.0,99.574,75.159,48.933,31.785,20.0,0.0,78.414,78.898,69.382,65.409,69.021,48.933,31.366,10.707,7.107,100.0,91.024,4.97,NORMAL
210,2026-06-03 04:30:00+00:00,4,2,0.866025,0.5,0.974928,-0.222521,False,False,NIGHT,0.0,0.0,2.0,12.0,32.0,225.0,0.0,0.0,0.0,0.0,3.422,78.46,8.04,78.464,80.397,21.54,1.96,6.27,17.99,100.0,99.103,6.91,4.5,4.58,2.05,71.352,0.0,23.333,32.159,False,,0.0,65.755,0.0,0.0,0.0,0.0,0.0,-2.0,0.0,0.0,4.0,0.0,79.488,78.97,100.0,100.0,75.702,48.933,31.795,22.0,0.0,78.99,79.155,69.608,65.622,70.151,74.533,31.596,10.231,8.422,100.0,91.273,6.41,NORMAL
211,2026-06-03 04:45:00+00:00,4,2,0.866025,0.5,0.974928,-0.222521,False,False,NIGHT,1.0,1.0,2.0,11.0,32.0,225.0,0.0,0.0,0.0,1.68,1.59,78.49,8.04,78.489,80.373,21.51,1.96,5.82,17.0,100.0,100.0,7.48,4.49,4.03,2.15,74.798,0.0,48.933,32.149,False,,0.0,68.478,0.0,0.0,0.0,0.0,0.0,0.0,0.0,0.0,5.0,0.0,80.0,79.367,100.0,100.0,73.62,74.533,32.0,23.0,0.0,79.467,79.781,70.159,66.141,70.758,74.533,31.787,10.074,7.203,100.0,91.82,7.53,NORMAL
212,2026-06-03 05:00:00+00:00,5,2,0.965926,0.258819,0.974928,-0.222521,False,False,NIGHT,2.0,3.0,3.0,12.0,31.0,227.0,0.0,0.0,0.0,3.36,1.406,79.02,7.99,79.022,79.922,20.98,2.01,6.27,17.99,100.0,99.809,7.64,4.47,3.89,2.18,75.669,0.0,74.533,31.969,False,,0.0,70.865,0.0,0.0,0.0,0.0,0.0,1.0,0.0,0.0,5.0,0.0,78.244,79.12,81.62,76.426,71.325,23.333,31.298,23.0,0.0,79.695,80.244,70.566,66.525,69.885,74.533,31.878,9.73,8.923,100.0,91.905,8.01,MODERATE
213,2026-06-03 05:15:00+00:00,5,2,0.965926,0.258819,0.974928,-0.222521,False,False,NIGHT,1.0,3.0,4.0,10.0,32.0,224.0,0.0,0.0,0.0,1.68,2.607,78.84,7.95,78.836,79.462,21.16,2.05,6.27,17.99,100.0,99.574,7.58,4.45,3.97,2.16,75.159,0.0,48.933,31.785,False,,0.0,68.353,0.0,0.0,0.0,0.0,0.0,2.0,0.0,0.0,7.0,0.0,78.414,78.898,69.382,65.409,69.021,48.933,31.366,26.0,0.0,79.625,80.951,71.188,67.112,71.177,100.0,31.85,9.676,8.885,100.0,92.019,8.81,NORMAL
214,2026-06-03 05:30:00+00:00,5,2,0.965926,0.258819,0.974928,-0.222521,False,False,NIGHT,1.0,2.0,5.0,11.0,32.0,221.0,0.0,0.0,0.0,1.68,1.136,78.97,7.95,78.97,79.488,21.03,2.05,5.45,16.19,100.0,100.0,7.68,4.43,3.89,2.18,75.702,0.0,48.933,31.795,False,,0.0,68.488,0.0,0.0,0.0,0.0,0.0,3.0,0.0,0.0,9.0,0.0,78.99,79.155,69.608,65.622,70.151,74.533,31.596,33.0,0.0,78.131,80.481,70.774,66.722,69.688,23.333,31.252,9.604,7.661,100.0,92.422,10.25,NORMAL
215,2026-06-03 05:45:00+00:00,5,2,0.965926,0.258819,0.974928,-0.222521,False,False,NIGHT,2.0,3.0,6.0,10.0,32.0,222.0,0.0,0.0,0.0,3.36,1.567,79.37,8.0,79.367,80.0,20.63,2.0,5.27,15.79,100.0,100.0,7.35,4.43,4.22,2.12,73.62,0.0,74.533,32.0,False,,0.0,70.795,0.0,0.0,0.0,0.0,0.0,4.0,0.0,0.0,7.0,0.0,79.467,79.781,70.159,66.141,70.758,74.533,31.787,39.0,0.0,78.81,80.526,70.934,66.868,69.712,74.533,31.524,9.351,7.704,100.0,92.711,11.69,MODERATE
216,2026-06-03 06:00:00+00:00,6,2,1.0,0.0,0.974928,-0.222521,False,False,MORNING,0.0,2.0,4.0,9.0,29.0,220.0,0.0,0.0,0.0,0.0,1.691,79.12,7.82,79.12,78.244,20.88,2.18,10.2,23.53,81.62,76.426,7.01,4.4,4.59,2.05,71.325,0.0,23.333,31.298,False,,0.0,60.54,0.0,0.0,0.0,0.0,0.0,1.0,0.0,0.0,7.0,0.0,79.695,80.244,70.566,66.525,69.885,74.533,31.878,47.0,1.9,82.859,82.441,81.592,76.577,68.908,100.0,44.567,9.169,8.318,100.0,92.766,12.65,NORMAL
217,2026-06-03 06:15:00+00:00,6,2,1.0,0.0,0.974928,-0.222521,False,False,MORNING,1.0,1.0,4.0,10.0,29.0,220.0,0.0,0.0,0.0,1.68,2.501,78.9,7.84,78.898,78.414,21.1,2.16,11.97,27.41,69.382,65.409,6.66,4.38,4.96,1.99,69.021,0.0,48.933,31.366,False,,0.0,59.831,0.0,0.0,0.0,0.0,0.0,0.0,0.0,0.0,13.0,0.0,79.625,80.951,71.188,67.112,71.177,100.0,31.85,45.0,0.0,84.585,83.413,73.353,69.153,70.336,100.0,33.834,9.134,9.538,100.0,92.572,12.98,NORMAL
218,2026-06-03 06:30:00+00:00,6,2,1.0,0.0,0.974928,-0.222521,False,False,MORNING,2.0,3.0,5.0,12.0,29.0,220.0,0.0,0.0,0.0,3.36,2.101,79.15,7.9,79.155,78.99,20.85,2.1,11.97,27.41,69.608,65.622,6.85,4.38,4.78,2.02,70.151,0.0,74.533,31.596,False,,0.0,62.461,0.0,0.0,0.0,0.0,0.0,0.0,0.0,0.0,13.0,0.0,78.131,80.481,70.774,66.722,69.688,23.333,31.252,50.0,0.0,84.77,83.778,73.674,69.456,72.001,100.0,33.908,9.256,8.892,100.0,92.635,13.78,NORMAL
219,2026-06-03 06:45:00+00:00,6,2,1.0,0.0,0.974928,-0.222521,False,False,MORNING,2.0,4.0,5.0,13.0,30.0,220.0,0.0,0.0,0.0,3.36,0.665,79.78,7.95,79.781,79.467,20.22,2.05,11.97,27.41,70.159,66.141,6.95,4.38,4.68,2.04,70.758,0.0,74.533,31.787,False,,0.0,62.877,0.0,0.0,0.0,0.0,0.0,-1.0,0.0,0.0,16.0,0.0,78.81,80.526,70.934,66.868,69.712,74.533,31.524,59.0,0.0,84.723,83.314,76.4,71.904,73.088,80.967,33.889,9.217,9.132,100.0,92.613,14.42,NORMAL
220,2026-06-03 07:00:00+00:00,7,2,0.965926,-0.258819,0.974928,-0.222521,False,False,MORNING,2.0,4.0,7.0,14.0,30.0,216.0,0.0,0.0,0.0,3.36,1.416,80.24,7.97,80.244,79.695,19.76,2.03,11.97,27.41,70.566,66.525,6.8,4.38,4.82,2.01,69.885,0.0,74.533,31.878,False,,0.0,63.041,0.0,0.0,0.0,0.0,0.0,3.0,0.0,0.0,16.0,1.9,82.859,82.441,81.592,76.577,68.908,100.0,44.567,67.0,0.0,88.258,84.93,80.686,78.41,74.337,100.0,35.303,9.23,9.692,100.0,92.414,14.74,NORMAL
221,2026-06-03 07:15:00+00:00,7,2,0.965926,-0.258819,0.974928,-0.222521,False,False,MORNING,3.0,5.0,9.0,17.0,32.0,218.0,0.0,0.0,0.0,5.04,2.24,80.95,7.96,80.951,79.625,19.05,2.04,11.97,27.41,71.188,67.112,7.01,4.38,4.61,2.05,71.177,0.0,100.0,31.85,False,,0.0,65.736,0.0,0.0,0.0,0.0,0.0,5.0,0.0,0.0,13.0,0.0,84.585,83.413,73.353,69.153,70.336,100.0,33.834,68.0,3.21,94.413,86.742,93.769,90.316,78.138,100.0,56.999,9.356,9.063,100.0,92.359,15.86,NORMAL
222,2026-06-03 07:30:00+00:00,7,2,0.965926,-0.258819,0.974928,-0.222521,False,False,MORNING,0.0,3.0,7.0,17.0,29.0,217.0,0.0,0.0,0.0,0.0,2.479,80.48,7.81,80.481,78.131,19.52,2.19,11.97,27.41,70.774,66.722,6.79,4.36,4.85,2.01,69.688,0.0,23.333,31.252,False,,0.0,58.203,0.0,0.0,0.0,0.0,0.0,2.0,0.0,0.0,20.0,0.0,84.77,83.778,73.674,69.456,72.001,100.0,33.908,66.0,3.03,97.86,87.915,84.511,82.016,78.062,100.0,57.339,9.391,8.966,100.0,92.376,16.18,NORMAL
223,2026-06-03 07:45:00+00:00,7,2,0.965926,-0.258819,0.974928,-0.222521,False,False,MORNING,2.0,2.0,7.0,18.0,29.0,217.0,0.0,0.0,0.0,3.36,2.906,80.53,7.88,80.526,78.81,19.47,2.12,11.95,27.37,70.934,66.868,6.8,4.36,4.85,2.01,69.712,0.0,74.533,31.524,False,,0.0,62.996,0.0,0.0,0.0,0.0,0.0,2.0,0.0,0.0,23.0,0.0,84.723,83.314,76.4,71.904,73.088,80.967,33.889,72.0,7.25,100.0,89.385,87.475,84.81,80.297,100.0,83.526,9.379,9.221,100.0,92.149,16.5,NORMAL
224,2026-06-03 08:00:00+00:00,8,2,0.866025,-0.5,0.974928,-0.222521,False,False,MORNING,8.0,10.0,13.0,24.0,36.0,221.0,1.9,0.0,0.0,10.241,0.964,82.44,8.29,82.441,82.859,17.56,1.71,10.75,24.72,81.592,76.577,6.56,4.46,4.97,1.98,68.908,0.8,100.0,44.567,False,,3.0,70.107,1.9,1.9,1.9,0.119,1.9,6.0,0.8,0.675,31.0,0.0,88.258,84.93,80.686,78.41,74.337,100.0,35.303,74.0,7.94,100.0,90.268,100.0,100.0,85.083,100.0,87.649,5.59,9.139,98.432,91.419,16.66,MODERATE
225,2026-06-03 08:15:00+00:00,8,2,0.866025,-0.5,0.974928,-0.222521,False,False,MORNING,3.0,11.0,13.0,26.0,36.0,224.0,0.0,0.17,0.1713,8.239,3.658,83.41,8.46,83.413,84.585,16.59,1.54,11.97,27.41,73.353,69.153,6.75,4.5,4.75,2.03,70.336,0.8,100.0,33.834,False,,0.0,67.699,-1.9,0.0,0.0,0.119,1.9,4.0,0.8,0.2,32.0,3.21,94.413,86.742,93.769,90.316,78.138,100.0,56.999,77.0,10.89,100.0,91.024,100.0,100.0,86.805,100.0,100.0,5.886,8.742,97.32,90.816,16.66,NORMAL
226,2026-06-03 08:30:00+00:00,8,2,0.866025,-0.5,0.974928,-0.222521,False,False,MORNING,3.0,6.0,16.0,28.0,39.0,227.0,0.0,0.0,0.0,5.04,3.506,83.78,8.48,83.778,84.77,16.22,1.52,11.97,27.41,73.674,69.456,6.99,4.53,4.48,2.07,72.001,0.8,100.0,33.908,False,,0.0,68.041,0.0,-1.9,0.0,0.119,1.9,9.0,0.8,0.2,30.0,3.03,97.86,87.915,84.511,82.016,78.062,100.0,57.339,74.0,18.07,100.0,91.273,98.772,95.249,88.085,100.0,100.0,6.128,8.514,96.289,90.322,16.5,NORMAL
227,2026-06-03 08:45:00+00:00,8,2,0.866025,-0.5,0.974928,-0.222521,False,False,MORNING,2.0,5.0,16.0,28.0,38.0,226.0,0.0,0.0,0.0,3.36,5.235,83.31,8.47,83.314,84.723,16.69,1.53,11.48,26.33,76.4,71.904,7.13,4.56,4.31,2.1,73.088,0.64,80.967,33.889,False,,0.0,66.935,0.0,0.0,0.0,0.119,1.9,9.0,0.64,0.16,36.0,7.25,100.0,89.385,87.475,84.81,80.297,100.0,83.526,70.0,23.31,100.0,91.82,100.0,100.0,95.733,100.0,100.0,6.327,8.202,95.107,89.972,16.18,NORMAL
228,2026-06-03 09:00:00+00:00,9,2,0.707107,-0.707107,0.974928,-0.222521,False,False,MORNING,5.0,7.0,13.0,33.0,42.0,227.0,0.0,0.0,0.0,10.6,2.725,84.93,8.83,84.93,88.258,15.07,1.17,11.97,27.41,80.686,78.41,7.28,4.62,4.11,2.14,74.337,0.96,100.0,35.303,True,MASS_CASUALTY_INTAKE,0.0,71.118,0.0,0.0,-1.9,0.119,1.9,0.0,0.16,0.24,36.0,7.94,100.0,90.268,100.0,100.0,85.083,100.0,87.649,67.0,24.72,100.0,91.905,98.953,95.541,96.777,100.0,100.0,6.477,7.347,94.62,89.803,15.86,MODERATE
229,2026-06-03 09:15:00+00:00,9,2,0.707107,-0.707107,0.974928,-0.222521,False,False,MORNING,10.0,15.0,20.0,42.0,52.0,235.0,3.21,0.0,0.0,14.404,4.693,86.74,9.44,86.742,94.413,13.26,0.56,10.58,24.35,93.769,90.316,7.65,4.85,3.5,2.25,78.138,2.08,100.0,56.999,True,MASS_CASUALTY_INTAKE,4.5,78.143,3.21,3.21,3.21,0.319,3.21,7.0,1.28,1.322,36.0,10.89,100.0,91.024,100.0,100.0,86.805,100.0,100.0,66.0,28.16,100.0,92.019,98.064,94.793,97.422,100.0,100.0,6.547,8.42,92.73,89.524,15.86,MODERATE
230,2026-06-03 09:30:00+00:00,9,2,0.707107,-0.707107,0.974928,-0.222521,False,False,MORNING,6.0,16.0,23.0,46.0,58.0,240.0,3.03,0.39,0.1284,13.087,7.017,87.91,9.79,87.915,97.86,12.09,0.21,11.97,27.41,84.511,82.016,7.42,5.07,3.51,2.25,78.062,2.57,100.0,57.339,True,MASS_CASUALTY_INTAKE,4.7,76.861,-0.18000000000000016,3.03,3.03,0.509,3.21,7.0,1.77,1.4,36.0,18.07,100.0,91.273,98.772,95.249,88.085,100.0,100.0,68.0,35.63,100.0,92.422,100.0,100.0,95.762,100.0,100.0,6.682,7.393,92.578,89.361,15.87,MODERATE
231,2026-06-03 09:45:00+00:00,9,2,0.707107,-0.707107,0.974928,-0.222521,False,False,MORNING,10.0,16.0,31.0,54.0,67.0,248.0,7.25,0.37,0.0508,12.25,5.146,89.38,10.0,89.385,100.0,10.62,0.0,11.97,27.41,87.475,84.81,7.42,5.43,3.15,2.31,80.297,3.69,100.0,83.526,True,MASS_CASUALTY_INTAKE,11.9,81.206,4.220000000000001,4.04,7.25,0.962,7.25,15.0,3.05,2.735,36.0,23.31,100.0,91.82,100.0,100.0,95.733,100.0,100.0,61.0,43.22,100.0,92.711,100.0,100.0,95.265,100.0,100.0,6.745,7.847,92.821,89.061,15.55,MODERATE
232,2026-06-03 10:00:00+00:00,10,2,0.5,-0.866025,0.974928,-0.222521,False,False,MORNING,6.0,16.0,32.0,58.0,72.0,249.0,7.94,0.88,0.111,11.263,6.947,90.27,10.0,90.268,100.0,9.73,0.0,9.63,22.28,100.0,100.0,7.87,5.74,2.39,2.45,85.083,4.17,100.0,87.649,True,MASS_CASUALTY_INTAKE,14.2,85.598,0.6900000000000004,4.91,7.94,1.458,7.94,19.0,3.21,3.028,38.0,24.72,100.0,91.905,98.953,95.541,96.777,100.0,100.0,54.0,47.89,100.0,92.766,100.0,100.0,96.81,100.0,100.0,6.852,7.631,93.251,88.824,15.23,HIGH
233,2026-06-03 10:15:00+00:00,10,2,0.5,-0.866025,0.974928,-0.222521,False,False,MORNING,8.0,14.0,30.0,63.0,80.0,251.0,10.89,0.96,0.0886,10.707,7.107,91.02,10.0,91.024,100.0,8.98,0.0,8.59,19.99,100.0,100.0,7.9,5.99,2.11,2.5,86.805,4.97,100.0,100.0,True,MASS_CASUALTY_INTAKE,20.5,87.807,2.95,3.6400000000000006,7.680000000000001,2.139,10.89,10.0,2.89,3.965,41.0,28.16,100.0,92.019,98.064,94.793,97.422,100.0,100.0,49.0,48.59,100.0,92.572,100.0,100.0,95.563,100.0,100.0,6.932,7.499,92.673,88.74,15.39,HIGH
234,2026-06-03 10:30:00+00:00,10,2,0.5,-0.866025,0.974928,-0.222521,False,False,MORNING,12.0,20.0,36.0,75.0,92.0,258.0,18.07,1.32,0.0732,10.231,8.422,91.27,10.0,91.273,100.0,8.73,0.0,11.28,25.89,98.772,95.249,7.9,6.19,1.91,2.54,88.085,6.41,100.0,100.0,True,MASS_CASUALTY_INTAKE,35.6,91.855,7.18,10.129999999999999,15.040000000000001,3.268,18.07,13.0,3.84,6.12,38.0,35.63,100.0,92.422,100.0,100.0,95.762,100.0,100.0,47.0,52.22,100.0,92.635,100.0,100.0,98.462,100.0,100.0,6.973,6.312,92.638,88.908,15.07,HIGH
235,2026-06-03 10:45:00+00:00,10,2,0.5,-0.866025,0.974928,-0.222521,False,False,MORNING,10.0,22.0,36.0,83.0,101.0,264.0,23.31,2.19,0.0941,10.074,7.203,91.82,10.0,91.82,100.0,8.18,0.0,10.04,23.18,100.0,100.0,8.96,6.36,0.68,2.76,95.733,7.53,100.0,100.0,True,MASS_CASUALTY_INTAKE,46.6,96.735,5.239999999999998,12.419999999999998,16.06,4.725,23.31,5.0,3.84,7.71,34.0,43.22,100.0,92.711,100.0,100.0,95.265,100.0,100.0,41.0,54.87,100.0,92.613,100.0,100.0,99.058,100.0,100.0,6.911,6.928,92.355,88.932,14.91,CRITICAL
236,2026-06-03 11:00:00+00:00,11,2,0.258819,-0.965926,0.974928,-0.222521,False,False,MORNING,6.0,16.0,36.0,81.0,105.0,268.0,24.72,2.83,0.1146,9.73,8.923,91.9,10.0,91.905,100.0,8.1,0.0,11.67,26.75,98.953,95.541,9.0,6.48,0.52,2.79,96.777,8.01,100.0,100.0,True,MASS_CASUALTY_INTAKE,51.2,97.089,1.4100000000000001,6.649999999999999,16.779999999999998,6.27,24.72,4.0,3.84,8.182,29.0,47.89,100.0,92.766,100.0,100.0,96.81,100.0,100.0,35.0,55.52,100.0,92.414,100.0,100.0,99.252,100.0,100.0,6.907,7.029,92.82,88.856,14.75,CRITICAL
237,2026-06-03 11:15:00+00:00,11,2,0.258819,-0.965926,0.974928,-0.222521,False,False,MORNING,8.0,14.0,36.0,86.0,112.0,272.0,28.16,3.0,0.1067,9.676,8.885,92.02,10.0,92.019,100.0,7.98,0.0,11.97,27.41,98.064,94.793,9.0,6.59,0.41,2.81,97.422,8.81,100.0,100.0,True,MASS_CASUALTY_INTAKE,58.6,97.155,3.4400000000000013,4.850000000000001,17.27,8.03,28.16,6.0,3.84,9.242,25.0,48.59,100.0,92.572,100.0,100.0,95.563,100.0,100.0,31.0,60.0,100.0,92.359,100.0,100.0,98.043,100.0,100.0,6.928,7.52,92.429,88.746,15.07,CRITICAL
238,2026-06-03 11:30:00+00:00,11,2,0.258819,-0.965926,0.974928,-0.222521,False,False,MORNING,12.0,20.0,36.0,95.0,123.0,283.0,35.63,3.42,0.096,9.604,7.661,92.42,10.0,92.422,100.0,7.58,0.0,10.03,23.14,100.0,100.0,8.65,6.67,0.68,2.76,95.762,10.25,100.0,100.0,True,MASS_CASUALTY_INTAKE,74.7,97.951,7.470000000000002,10.910000000000004,17.560000000000002,10.257,35.63,0.0,3.84,11.47,30.0,52.22,100.0,92.635,100.0,100.0,98.462,100.0,100.0,24.0,60.0,100.0,92.376,100.0,100.0,98.907,100.0,100.0,6.974,6.567,91.826,88.909,15.39,CRITICAL
239,2026-06-03 11:45:00+00:00,11,2,0.258819,-0.965926,0.974928,-0.222521,False,False,MORNING,12.0,24.0,38.0,105.0,133.0,290.0,43.22,4.33,0.1002,9.351,7.704,92.71,10.0,92.711,100.0,7.29,0.0,10.95,25.16,100.0,100.0,8.51,6.74,0.76,2.74,95.265,11.69,100.0,100.0,True,MASS_CASUALTY_INTAKE,93.1,97.97,7.589999999999996,15.059999999999999,19.91,12.958,43.22,2.0,4.16,13.728,27.0,54.87,100.0,92.613,100.0,100.0,99.058,100.0,100.0,22.0,60.0,100.0,92.149,100.0,100.0,99.507,100.0,100.0,6.925,6.692,91.98,88.951,15.55,CRITICAL
240,2026-06-03 12:00:00+00:00,12,2,0.0,-1.0,0.974928,-0.222521,False,False,MORNING,9.0,21.0,41.0,109.0,142.0,297.0,47.89,5.25,0.1096,9.169,8.318,92.77,10.0,92.766,100.0,7.23,0.0,11.97,27.41,100.0,100.0,8.7,6.79,0.51,2.79,96.81,12.65,100.0,100.0,True,MASS_CASUALTY_INTAKE,105.2,98.121,4.670000000000002,12.259999999999998,23.17,15.832,47.89,5.0,4.64,15.135,25.0,55.52,100.0,92.414,100.0,100.0,99.252,100.0,100.0,18.0,60.0,98.432,91.419,100.0,100.0,99.779,100.0,100.0,6.906,7.941,91.309,88.76,15.55,CRITICAL
241,2026-06-03 12:15:00+00:00,12,2,0.0,-1.0,0.974928,-0.222521,False,False,MORNING,5.0,14.0,38.0,104.0,146.0,298.0,48.59,5.82,0.1198,9.134,9.538,92.57,10.0,92.572,100.0,7.43,0.0,10.61,24.42,100.0,100.0,8.46,6.83,0.71,2.75,95.563,12.98,100.0,100.0,True,MASS_CASUALTY_INTAKE,107.1,97.967,0.7000000000000028,5.3700000000000045,20.430000000000003,18.869,48.59,2.0,4.17,15.393,24.0,60.0,100.0,92.359,100.0,100.0,98.043,100.0,100.0,15.0,59.5,97.32,90.816,100.0,100.0,98.532,100.0,100.0,6.988,7.301,91.927,88.62,15.39,CRITICAL
242,2026-06-03 12:30:00+00:00,12,2,0.0,-1.0,0.974928,-0.222521,False,False,MORNING,8.0,13.0,34.0,106.0,152.0,303.0,52.22,5.9,0.113,9.256,8.892,92.63,10.0,92.635,100.0,7.37,0.0,11.97,27.41,100.0,100.0,8.89,6.86,0.25,2.84,98.462,13.78,100.0,100.0,True,MASS_CASUALTY_INTAKE,113.6,98.241,3.6299999999999955,4.329999999999998,16.589999999999996,22.133,52.22,-2.0,3.53,16.5,17.0,60.0,100.0,92.376,100.0,100.0,98.907,100.0,100.0,16.0,57.85,96.289,90.322,100.0,100.0,99.266,100.0,100.0,7.03,6.211,92.331,88.784,15.08,CRITICAL
243,2026-06-03 12:45:00+00:00,12,2,0.0,-1.0,0.974928,-0.222521,False,False,MORNING,7.0,15.0,29.0,103.0,157.0,307.0,54.87,6.34,0.1156,9.217,9.132,92.61,10.0,92.613,100.0,7.39,0.0,9.77,22.58,100.0,100.0,8.96,6.89,0.15,2.85,99.058,14.42,100.0,100.0,True,MASS_CASUALTY_INTAKE,119.9,98.29,2.6499999999999986,6.279999999999994,11.649999999999999,25.562,54.87,-9.0,2.73,17.322,14.0,60.0,100.0,92.149,100.0,100.0,99.507,100.0,100.0,15.0,55.08,95.107,89.972,100.0,100.0,99.887,100.0,100.0,6.962,7.936,92.794,88.494,14.92,CRITICAL
244,2026-06-03 13:00:00+00:00,13,2,-0.258819,-0.965926,0.974928,-0.222521,False,False,MORNING,5.0,12.0,25.0,102.0,160.0,310.0,55.52,6.67,0.1201,9.23,9.692,92.41,10.0,92.414,100.0,7.59,0.0,11.97,27.41,100.0,100.0,8.97,6.91,0.12,2.86,99.252,14.74,100.0,100.0,True,MASS_CASUALTY_INTAKE,121.1,98.264,0.6500000000000057,3.3000000000000043,7.630000000000003,29.032,55.52,-16.0,2.09,17.565,10.0,60.0,98.432,91.419,100.0,100.0,99.779,100.0,100.0,16.0,52.23,94.62,89.803,100.0,100.0,99.909,100.0,100.0,7.062,6.848,93.294,88.498,15.08,CRITICAL
245,2026-06-03 13:15:00+00:00,13,2,-0.258819,-0.965926,0.974928,-0.222521,False,False,MORNING,10.0,15.0,30.0,104.0,167.0,316.0,60.0,6.75,0.1124,9.356,9.063,92.36,10.0,92.359,100.0,7.64,0.0,11.97,27.41,100.0,100.0,8.76,6.93,0.31,2.82,98.043,15.86,100.0,100.0,True,MASS_CASUALTY_INTAKE,129.2,98.143,4.479999999999997,5.130000000000003,11.409999999999997,32.582,60.0,-8.0,2.88,18.965,7.0,59.5,97.32,90.816,100.0,100.0,98.532,100.0,100.0,17.0,51.33,92.73,89.524,100.0,100.0,99.927,100.0,100.0,7.052,7.851,92.606,88.367,15.56,CRITICAL
246,2026-06-03 13:30:00+00:00,13,2,-0.258819,-0.965926,0.974928,-0.222521,False,False,MORNING,5.0,15.0,27.0,97.0,172.0,317.0,60.0,7.29,0.1215,9.391,8.966,92.38,10.0,92.376,100.0,7.62,0.0,11.97,27.41,100.0,100.0,8.88,6.94,0.17,2.85,98.907,16.18,100.0,100.0,True,MASS_CASUALTY_INTAKE,128.7,98.224,0.0,4.479999999999997,7.780000000000001,36.143,60.0,-7.0,2.4,19.045,7.0,57.85,96.289,90.322,100.0,100.0,99.266,100.0,100.0,19.0,50.35,92.578,89.361,100.0,100.0,99.152,100.0,100.0,7.112,6.345,92.016,88.617,15.72,CRITICAL
247,2026-06-03 13:45:00+00:00,13,2,-0.258819,-0.965926,0.974928,-0.222521,False,False,MORNING,5.0,10.0,25.0,92.0,175.0,317.0,60.0,7.29,0.1215,9.379,9.221,92.15,10.0,92.149,100.0,7.85,0.0,10.78,24.8,100.0,100.0,8.97,6.96,0.08,2.87,99.507,16.5,100.0,100.0,True,MASS_CASUALTY_INTAKE,128.8,98.228,0.0,0.0,5.130000000000003,39.439,60.0,-4.0,2.08,19.125,8.0,55.08,95.107,89.972,100.0,100.0,99.887,100.0,100.0,21.0,47.34,92.821,89.061,100.0,100.0,99.954,100.0,100.0,7.029,7.718,91.823,88.465,15.56,CRITICAL
248,2026-06-03 14:00:00+00:00,14,2,-0.5,-0.866025,0.974928,-0.222521,False,False,EVENING,4.0,9.0,24.0,90.0,171.0,318.0,60.0,5.4,0.09,5.59,9.139,91.42,9.84,91.419,98.432,8.58,0.16,10.26,23.29,100.0,100.0,9.0,6.96,0.04,2.87,99.779,16.66,100.0,100.0,False,,171.3,97.779,0.0,0.0,4.479999999999997,42.693,60.0,-1.0,1.92,19.165,8.0,52.23,94.62,89.803,100.0,100.0,99.909,100.0,100.0,24.0,44.26,93.251,88.824,100.0,100.0,99.208,100.0,100.0,7.089,6.941,91.303,88.554,15.56,CRITICAL
249,2026-06-03 14:15:00+00:00,14,2,-0.5,-0.866025,0.974928,-0.222521,False,False,EVENING,3.0,7.0,17.0,85.0,171.0,317.0,59.5,5.4,0.0908,5.886,8.742,90.82,9.73,90.816,97.32,9.18,0.27,9.35,21.29,100.0,100.0,8.79,6.97,0.23,2.84,98.532,16.66,100.0,100.0,False,,161.3,97.311,-0.5,-0.5,-0.5,45.731,60.0,-13.0,0.8,19.04,8.0,51.33,92.73,89.524,100.0,100.0,99.927,100.0,100.0,26.0,44.13,92.673,88.74,100.0,100.0,96.594,100.0,100.0,7.065,7.067,90.414,88.642,15.08,CRITICAL
250,2026-06-03 14:30:00+00:00,14,2,-0.5,-0.866025,0.974928,-0.222521,False,False,EVENING,2.0,5.0,14.0,75.0,170.0,317.0,57.85,5.35,0.0926,6.128,8.514,90.32,9.63,90.322,96.289,9.68,0.37,9.53,21.7,100.0,100.0,8.91,6.98,0.12,2.86,99.266,16.5,100.0,100.0,False,,150.7,97.063,-1.6499999999999986,-2.1499999999999986,-2.1499999999999986,48.217,60.0,-13.0,0.32,18.588,9.0,50.35,92.578,89.361,100.0,100.0,99.152,100.0,100.0,24.0,40.98,92.638,88.908,100.0,100.0,97.546,100.0,100.0,7.047,5.961,90.69,88.886,14.76,CRITICAL
251,2026-06-03 14:45:00+00:00,14,2,-0.5,-0.866025,0.974928,-0.222521,False,False,EVENING,1.0,3.0,10.0,64.0,169.0,312.0,55.08,5.21,0.0945,6.327,8.202,89.97,9.51,89.972,95.107,10.03,0.49,10.26,23.29,100.0,100.0,9.0,6.98,0.02,2.88,99.887,16.18,100.0,100.0,False,,138.9,96.805,-2.770000000000003,-4.420000000000002,-4.920000000000002,50.203,60.0,-15.0,-0.32,17.815,7.0,47.34,92.821,89.061,100.0,100.0,99.954,100.0,100.0,24.0,38.87,92.355,88.932,100.0,100.0,99.825,100.0,100.0,6.952,7.279,91.297,88.743,14.92,CRITICAL
252,2026-06-03 15:00:00+00:00,15,2,-0.707107,-0.707107,0.974928,-0.222521,False,False,EVENING,1.0,2.0,7.0,56.0,165.0,311.0,52.23,4.96,0.0949,6.477,7.347,89.8,9.46,89.803,94.62,10.2,0.54,10.26,23.29,100.0,100.0,9.0,6.99,0.01,2.88,99.909,15.86,100.0,100.0,False,,128.7,96.672,-2.8500000000000014,-5.6200000000000045,-7.770000000000003,51.922,60.0,-17.0,-0.8,17.022,8.0,44.26,93.251,88.824,100.0,100.0,99.208,100.0,100.0,24.0,36.76,92.82,88.856,100.0,100.0,99.354,100.0,100.0,11.916,6.772,95.934,89.566,15.88,CRITICAL
253,2026-06-03 15:15:00+00:00,15,2,-0.707107,-0.707107,0.974928,-0.222521,False,False,EVENING,3.0,4.0,7.0,54.0,158.0,313.0,51.33,4.7,0.0916,6.547,8.42,89.52,9.27,89.524,92.73,10.48,0.73,9.72,22.1,100.0,100.0,9.0,6.99,0.01,2.88,99.927,15.86,100.0,100.0,False,,125.1,96.235,-0.8999999999999986,-3.75,-8.170000000000002,53.371,60.0,-10.0,-0.8,16.798,9.0,44.13,92.673,88.74,100.0,100.0,96.594,100.0,100.0,26.0,37.63,92.429,88.746,100.0,100.0,97.509,100.0,100.0,11.265,7.334,98.746,90.267,16.2,CRITICAL
254,2026-06-03 15:30:00+00:00,15,2,-0.707107,-0.707107,0.974928,-0.222521,False,False,EVENING,3.0,6.0,8.0,49.0,155.0,314.0,50.35,4.62,0.0917,6.682,7.393,89.36,9.26,89.361,92.578,10.64,0.74,9.19,20.94,100.0,100.0,8.87,6.99,0.14,2.86,99.152,15.87,100.0,100.0,False,,120.3,96.099,-0.9799999999999969,-1.8799999999999955,-7.5,54.291,60.0,-6.0,-0.63,16.555,10.0,40.98,92.638,88.908,100.0,100.0,97.546,100.0,100.0,27.0,38.48,91.826,88.909,100.0,100.0,97.446,100.0,100.0,10.743,9.006,100.0,90.443,16.69,CRITICAL
255,2026-06-03 15:45:00+00:00,15,2,-0.707107,-0.707107,0.974928,-0.222521,False,False,EVENING,1.0,4.0,8.0,43.0,146.0,313.0,47.34,4.53,0.0957,6.745,7.847,89.06,9.28,89.061,92.821,10.94,0.72,10.26,23.29,100.0,100.0,9.0,6.99,0.01,2.88,99.954,15.55,100.0,100.0,False,,112.0,96.153,-3.009999999999998,-3.989999999999995,-7.739999999999995,54.548,60.0,-2.0,-0.63,15.722,14.0,38.87,92.355,88.932,100.0,100.0,99.825,100.0,100.0,26.0,38.36,91.98,88.951,100.0,100.0,98.247,100.0,100.0,10.597,6.901,100.0,91.058,17.49,CRITICAL
256,2026-06-03 16:00:00+00:00,16,2,-0.866025,-0.5,0.974928,-0.222521,False,False,EVENING,1.0,2.0,8.0,39.0,141.0,311.0,44.26,4.26,0.0963,6.852,7.631,88.82,9.33,88.824,93.251,11.18,0.67,10.26,23.29,100.0,100.0,8.88,6.99,0.13,2.86,99.208,15.23,100.0,100.0,False,,103.1,96.12,-3.0800000000000054,-6.090000000000003,-7.969999999999999,54.321,60.0,1.0,-0.63,14.872,16.0,36.76,92.82,88.856,100.0,100.0,99.354,100.0,100.0,24.0,37.25,91.309,88.76,100.0,100.0,96.599,100.0,100.0,10.209,7.451,100.0,91.574,18.29,CRITICAL
257,2026-06-03 16:15:00+00:00,16,2,-0.866025,-0.5,0.974928,-0.222521,False,False,EVENING,4.0,5.0,9.0,33.0,137.0,312.0,44.13,3.98,0.0903,6.932,7.499,88.74,9.27,88.74,92.673,11.26,0.73,9.99,22.7,100.0,100.0,8.46,7.0,0.54,2.78,96.594,15.39,100.0,100.0,False,,101.6,95.751,-0.12999999999999545,-3.210000000000001,-7.199999999999996,54.042,60.0,2.0,-0.47,14.88,17.0,37.63,92.429,88.746,100.0,100.0,97.509,100.0,100.0,24.0,35.09,91.927,88.62,100.0,100.0,97.975,100.0,100.0,9.884,9.895,100.0,91.403,19.09,CRITICAL
258,2026-06-03 16:30:00+00:00,16,2,-0.866025,-0.5,0.974928,-0.222521,False,False,EVENING,1.0,5.0,7.0,29.0,126.0,310.0,40.98,3.97,0.0969,6.973,6.312,88.91,9.26,88.908,92.638,11.09,0.74,10.26,23.29,100.0,100.0,8.61,7.0,0.39,2.81,97.546,15.07,100.0,100.0,False,,93.8,95.867,-3.1500000000000057,-3.280000000000001,-9.370000000000005,53.34,60.0,-1.0,-0.8,14.012,14.0,38.48,91.826,88.909,100.0,100.0,97.446,100.0,100.0,22.0,31.91,92.331,88.784,100.0,100.0,97.579,100.0,100.0,9.992,6.742,100.0,91.975,20.21,CRITICAL
259,2026-06-03 16:45:00+00:00,16,2,-0.866025,-0.5,0.974928,-0.222521,False,False,EVENING,2.0,3.0,8.0,26.0,118.0,309.0,38.87,3.69,0.0949,6.911,6.928,88.93,9.24,88.932,92.355,11.07,0.76,9.79,22.25,100.0,100.0,8.97,7.0,0.03,2.87,99.825,14.91,100.0,100.0,False,,89.8,96.02,-2.1099999999999994,-5.260000000000005,-8.470000000000006,52.34,60.0,0.0,-0.64,13.445,10.0,38.36,91.98,88.951,100.0,100.0,98.247,100.0,100.0,22.0,29.76,92.794,88.494,100.0,100.0,99.674,100.0,100.0,9.632,8.417,100.0,92.193,20.53,CRITICAL
260,2026-06-03 17:00:00+00:00,17,2,-0.965926,-0.258819,0.974928,-0.222521,False,False,EVENING,2.0,4.0,9.0,24.0,114.0,307.0,36.76,3.5,0.0952,6.907,7.029,88.86,9.28,88.856,92.82,11.14,0.72,9.58,21.79,100.0,100.0,8.9,7.0,0.1,2.86,99.354,14.75,100.0,100.0,False,,84.9,96.054,-2.1099999999999994,-4.219999999999999,-7.5,51.168,60.0,1.0,-0.48,12.878,8.0,37.25,91.309,88.76,100.0,100.0,96.599,100.0,100.0,24.0,29.56,93.294,88.498,100.0,100.0,99.667,100.0,100.0,9.495,10.643,100.0,91.843,21.01,CRITICAL
261,2026-06-03 17:15:00+00:00,17,2,-0.965926,-0.258819,0.974928,-0.222521,False,False,EVENING,5.0,7.0,10.0,26.0,111.0,308.0,37.63,3.31,0.0879,6.928,7.52,88.75,9.24,88.746,92.429,11.25,0.76,10.26,23.29,100.0,100.0,8.6,7.0,0.4,2.81,97.509,15.07,100.0,100.0,False,,86.7,95.786,0.8700000000000045,-1.2399999999999949,-6.5,49.769,60.0,1.0,-0.32,13.175,9.0,35.09,91.927,88.62,100.0,100.0,97.975,100.0,100.0,29.0,31.36,92.606,88.367,100.0,99.994,99.607,100.0,100.0,9.715,8.7,100.0,91.961,22.29,CRITICAL
262,2026-06-03 17:30:00+00:00,17,2,-0.965926,-0.258819,0.974928,-0.222521,False,False,EVENING,5.0,10.0,14.0,29.0,104.0,310.0,38.48,3.39,0.088,6.974,6.567,88.91,9.18,88.909,91.826,11.09,0.82,9.71,22.07,100.0,100.0,8.59,7.0,0.41,2.81,97.446,15.39,100.0,100.0,False,,88.1,95.695,0.8499999999999943,1.7199999999999989,-2.5,48.424,60.0,7.0,0.32,13.468,13.0,31.91,92.331,88.784,100.0,100.0,97.579,100.0,100.0,28.0,31.13,92.016,88.617,100.0,100.0,97.763,100.0,100.0,9.641,7.937,100.0,92.288,23.89,CRITICAL
263,2026-06-03 17:45:00+00:00,17,2,-0.965926,-0.258819,0.974928,-0.222521,False,False,EVENING,4.0,9.0,16.0,32.0,96.0,310.0,38.36,3.46,0.0903,6.925,6.692,88.95,9.2,88.951,91.98,11.05,0.8,7.75,17.77,100.0,100.0,8.72,7.0,0.28,2.83,98.247,15.55,100.0,100.0,False,,88.4,95.807,-0.11999999999999744,0.7299999999999969,-0.509999999999998,47.072,60.0,8.0,0.64,13.478,16.0,29.76,92.794,88.494,100.0,100.0,99.674,100.0,100.0,30.0,28.94,91.823,88.465,100.0,100.0,97.629,100.0,100.0,9.435,7.898,100.0,92.574,24.37,CRITICAL
264,2026-06-03 18:00:00+00:00,18,2,-1.0,-0.0,0.974928,-0.222521,False,False,EVENING,3.0,7.0,17.0,34.0,90.0,309.0,37.25,3.45,0.0927,6.906,7.941,88.76,9.13,88.76,91.309,11.24,0.87,8.86,20.21,100.0,100.0,8.46,7.0,0.54,2.78,96.599,15.55,100.0,100.0,False,,86.1,95.483,-1.1099999999999994,-1.2299999999999969,0.490000000000002,45.65,59.5,8.0,0.8,13.2,16.0,29.56,93.294,88.498,100.0,100.0,99.667,100.0,100.0,36.0,27.72,91.303,88.554,100.0,100.0,97.142,100.0,100.0,9.255,10.231,100.0,92.149,24.53,CRITICAL
265,2026-06-03 18:15:00+00:00,18,2,-1.0,-0.0,0.974928,-0.222521,False,False,EVENING,2.0,5.0,14.0,33.0,87.0,308.0,35.09,3.35,0.0955,6.988,7.301,88.62,9.19,88.62,91.927,11.38,0.81,10.26,23.29,100.0,100.0,8.68,7.0,0.32,2.82,97.975,15.39,100.0,100.0,False,,80.1,95.7,-2.1599999999999966,-3.269999999999996,-2.539999999999999,44.124,57.85,4.0,0.32,12.62,15.0,31.36,92.606,88.367,100.0,99.994,99.607,100.0,100.0,41.0,23.52,90.414,88.642,100.0,96.82,99.39,100.0,100.0,9.522,9.242,100.0,92.103,25.17,CRITICAL
266,2026-06-03 18:30:00+00:00,18,2,-1.0,-0.0,0.974928,-0.222521,False,False,EVENING,1.0,3.0,10.0,31.0,80.0,306.0,31.91,3.16,0.099,7.03,6.211,88.78,9.23,88.784,92.331,11.22,0.77,9.9,22.51,100.0,100.0,8.61,7.0,0.39,2.81,97.579,15.08,100.0,100.0,False,,72.4,95.781,-3.1800000000000033,-5.34,-6.569999999999997,42.503,55.08,-4.0,-0.31,11.748,9.0,31.13,92.016,88.617,100.0,100.0,97.763,100.0,100.0,49.0,20.32,90.69,88.886,100.0,100.0,99.31,100.0,100.0,9.551,8.424,100.0,92.237,25.66,CRITICAL
267,2026-06-03 18:45:00+00:00,18,2,-1.0,-0.0,0.974928,-0.222521,False,False,EVENING,2.0,3.0,8.0,32.0,75.0,305.0,29.76,2.87,0.0965,6.962,7.936,88.49,9.28,88.494,92.794,11.51,0.72,8.03,18.39,100.0,100.0,8.95,7.0,0.05,2.87,99.674,14.92,100.0,100.0,False,,68.2,95.998,-2.1499999999999986,-5.330000000000002,-8.599999999999998,40.921,52.23,-8.0,-0.63,11.17,6.0,28.94,91.823,88.465,100.0,100.0,97.629,100.0,100.0,58.0,20.19,91.297,88.743,100.0,95.455,99.213,100.0,100.0,9.467,8.772,100.0,92.29,25.66,CRITICAL
268,2026-06-03 19:00:00+00:00,19,2,-0.965926,0.258819,0.974928,-0.222521,False,False,EVENING,4.0,6.0,9.0,35.0,74.0,308.0,29.56,2.68,0.0906,7.062,6.848,88.5,9.33,88.498,93.294,11.5,0.67,10.13,23.01,100.0,100.0,8.95,7.0,0.05,2.87,99.667,15.08,100.0,100.0,False,,66.8,96.098,-0.20000000000000284,-2.3500000000000014,-7.690000000000001,39.504,51.33,-8.0,-0.47,11.16,8.0,27.72,91.303,88.554,100.0,100.0,97.142,100.0,100.0,59.0,23.57,95.934,89.566,100.0,100.0,98.5,100.0,100.0,5.538,8.961,98.993,91.534,25.5,CRITICAL
269,2026-06-03 19:15:00+00:00,19,2,-0.965926,0.258819,0.974928,-0.222521,False,False,EVENING,6.0,10.0,13.0,37.0,70.0,312.0,31.36,2.66,0.0848,7.052,7.851,88.37,9.26,88.367,92.606,11.63,0.74,10.26,23.29,100.0,99.994,8.94,7.0,0.06,2.87,99.607,15.56,100.0,100.0,False,,71.0,95.926,1.8000000000000007,1.5999999999999979,-3.730000000000004,38.256,50.35,-1.0,0.17,11.73,14.0,23.52,90.414,88.642,100.0,96.82,99.39,100.0,100.0,56.0,23.25,98.746,90.267,100.0,100.0,98.793,100.0,100.0,5.834,9.224,96.609,90.925,25.18,CRITICAL
270,2026-06-03 19:30:00+00:00,19,2,-0.965926,0.258819,0.974928,-0.222521,False,False,EVENING,4.0,10.0,16.0,40.0,69.0,314.0,31.13,2.82,0.0907,7.112,6.345,88.62,9.2,88.617,92.016,11.38,0.8,10.26,23.29,100.0,100.0,8.64,7.0,0.36,2.82,97.763,15.72,100.0,100.0,False,,69.9,95.698,-0.23000000000000043,1.5700000000000003,-0.7800000000000011,37.054,47.34,6.0,0.64,11.712,19.0,20.32,90.69,88.886,100.0,100.0,99.31,100.0,100.0,62.0,24.18,100.0,90.443,100.0,100.0,100.0,100.0,100.0,6.099,8.762,95.277,90.393,25.5,CRITICAL
271,2026-06-03 19:45:00+00:00,19,2,-0.965926,0.258819,0.974928,-0.222521,False,False,EVENING,2.0,6.0,16.0,40.0,66.0,314.0,28.94,2.8,0.0968,7.029,7.718,88.46,9.18,88.465,91.823,11.54,0.82,8.62,19.69,100.0,100.0,8.62,7.0,0.38,2.81,97.629,15.56,100.0,100.0,False,,65.7,95.614,-2.1899999999999977,-2.419999999999998,-0.8200000000000003,35.904,44.26,8.0,0.64,11.125,24.0,20.19,91.297,88.743,100.0,95.455,99.213,100.0,100.0,69.0,27.19,100.0,91.058,100.0,100.0,99.21,100.0,100.0,6.318,7.587,94.207,90.182,25.18,CRITICAL
272,2026-06-03 20:00:00+00:00,20,2,-0.866025,0.5,0.974928,-0.222521,False,False,EVENING,3.0,5.0,15.0,41.0,65.0,316.0,27.72,2.6,0.094,7.089,6.941,88.55,9.13,88.554,91.303,11.45,0.87,9.19,20.94,100.0,100.0,8.54,7.0,0.46,2.8,97.142,15.56,100.0,100.0,False,,62.4,95.485,-1.2200000000000024,-3.41,-1.8399999999999999,34.871,44.13,6.0,0.48,10.82,28.0,23.57,95.934,89.566,100.0,100.0,98.5,100.0,100.0,67.0,30.37,100.0,91.574,100.0,100.0,99.468,100.0,100.0,6.414,7.215,93.336,90.069,24.86,CRITICAL
273,2026-06-03 20:15:00+00:00,20,2,-0.866025,0.5,0.974928,-0.222521,False,False,EVENING,0.0,3.0,9.0,36.0,62.0,311.0,23.52,2.5,0.1061,7.065,7.067,88.64,9.04,88.642,90.414,11.36,0.96,10.26,23.29,100.0,96.82,8.9,7.0,0.1,2.86,99.39,15.08,100.0,100.0,False,,53.1,94.2,-4.199999999999999,-5.420000000000002,-7.84,33.582,40.98,-4.0,-0.48,9.65,27.0,23.25,98.746,90.267,100.0,100.0,98.793,100.0,100.0,63.0,33.71,100.0,91.403,100.0,100.0,100.0,100.0,100.0,6.47,8.429,93.889,89.524,24.7,HIGH
274,2026-06-03 20:30:00+00:00,20,2,-0.866025,0.5,0.974928,-0.222521,False,False,EVENING,1.0,1.0,6.0,32.0,61.0,312.0,20.32,2.12,0.1041,7.047,5.961,88.89,9.07,88.886,90.69,11.11,0.93,9.35,21.28,100.0,100.0,8.89,7.0,0.11,2.86,99.31,14.76,100.0,100.0,False,,46.0,92.636,-3.1999999999999993,-7.399999999999999,-10.809999999999999,32.291,38.87,-10.0,-0.96,8.77,30.0,24.18,100.0,90.443,100.0,100.0,100.0,100.0,100.0,62.0,38.99,100.0,91.975,100.0,100.0,98.321,100.0,100.0,6.662,7.164,93.366,89.451,24.22,HIGH
275,2026-06-03 20:45:00+00:00,20,2,-0.866025,0.5,0.974928,-0.222521,False,False,EVENING,4.0,5.0,8.0,32.0,64.0,314.0,20.19,1.83,0.0906,6.952,7.279,88.74,9.13,88.743,91.297,11.26,0.87,10.26,23.29,100.0,95.455,8.87,7.0,0.13,2.86,99.213,14.92,100.0,100.0,False,,46.3,92.088,-0.129999999999999,-3.3299999999999983,-8.75,31.124,38.48,-8.0,-0.64,8.778,34.0,27.19,100.0,91.058,100.0,100.0,99.21,100.0,100.0,58.0,39.45,100.0,92.193,100.0,100.0,96.19,100.0,100.0,6.698,6.05,93.357,89.614,23.74,HIGH
276,2026-06-03 21:00:00+00:00,21,2,-0.707107,0.707107,0.974928,-0.222521,False,False,EVENING,9.0,13.0,14.0,38.0,72.0,321.0,23.57,2.45,0.1041,11.916,6.772,89.57,9.59,89.566,95.934,10.43,0.41,10.26,23.29,100.0,100.0,8.76,7.0,0.24,2.84,98.5,15.88,100.0,100.0,True,MASS_CASUALTY_INTAKE,39.8,95.841,3.379999999999999,3.25,-4.149999999999999,30.299,38.48,-1.0,0.32,9.862,31.0,30.37,100.0,91.574,100.0,100.0,99.468,100.0,100.0,56.0,40.97,100.0,91.843,100.0,100.0,93.135,100.0,100.0,6.638,7.663,93.113,89.382,23.26,CRITICAL
277,2026-06-03 21:15:00+00:00,21,2,-0.707107,0.707107,0.974928,-0.222521,False,False,EVENING,5.0,14.0,19.0,41.0,74.0,326.0,23.25,2.86,0.1231,11.265,7.334,90.27,9.87,90.267,98.746,9.73,0.13,10.26,23.29,100.0,100.0,8.81,7.0,0.19,2.85,98.793,16.2,100.0,100.0,True,MASS_CASUALTY_INTAKE,41.6,96.379,-0.3200000000000003,3.0599999999999987,-0.2699999999999996,29.401,38.48,10.0,1.12,9.862,29.0,33.71,100.0,91.403,100.0,100.0,100.0,100.0,100.0,52.0,47.39,100.0,91.961,100.0,100.0,94.436,100.0,100.0,6.728,7.62,92.221,89.249,23.1,CRITICAL
278,2026-06-03 21:30:00+00:00,21,2,-0.707107,0.707107,0.974928,-0.222521,False,False,EVENING,6.0,11.0,24.0,46.0,77.0,329.0,24.18,2.83,0.1168,10.743,9.006,90.44,10.0,90.443,100.0,9.56,0.0,10.26,23.29,100.0,100.0,9.0,7.0,0.0,2.88,100.0,16.69,100.0,100.0,True,MASS_CASUALTY_INTAKE,45.3,97.373,0.9299999999999997,0.6099999999999994,3.8599999999999994,28.507,38.36,18.0,1.93,10.218,32.0,38.99,100.0,91.975,100.0,100.0,98.321,100.0,100.0,42.0,55.84,100.0,92.288,100.0,100.0,98.886,100.0,100.0,6.792,7.546,91.887,89.094,22.79,CRITICAL
279,2026-06-03 21:45:00+00:00,21,2,-0.707107,0.707107,0.974928,-0.222521,False,False,EVENING,8.0,14.0,28.0,52.0,84.0,335.0,27.19,2.94,0.1081,10.597,6.901,91.06,10.0,91.058,100.0,8.94,0.0,9.99,22.7,100.0,100.0,8.87,7.0,0.13,2.86,99.21,17.49,100.0,100.0,True,MASS_CASUALTY_INTAKE,51.7,97.962,3.0100000000000016,3.9400000000000013,7.0,27.809,37.25,20.0,2.57,11.17,35.0,39.45,100.0,92.193,100.0,100.0,96.19,100.0,100.0,34.0,57.39,100.0,92.574,100.0,100.0,99.248,100.0,100.0,6.855,8.946,92.294,88.53,22.31,CRITICAL
280,2026-06-03 22:00:00+00:00,22,2,-0.5,0.866025,0.974928,-0.222521,False,False,NIGHT,8.0,16.0,27.0,56.0,91.0,340.0,30.37,3.3,0.1088,10.209,7.451,91.57,10.0,91.574,100.0,8.43,0.0,5.1,15.41,100.0,100.0,8.91,7.0,0.09,2.86,99.468,18.29,100.0,100.0,True,MASS_CASUALTY_INTAKE,59.9,98.098,3.1799999999999997,6.190000000000001,6.800000000000001,27.379,35.09,13.0,2.41,12.165,36.0,40.97,100.0,91.843,100.0,100.0,93.135,100.0,100.0,29.0,57.03,100.0,92.149,100.0,100.0,99.962,100.0,100.0,7.057,5.976,91.898,88.84,21.83,CRITICAL
281,2026-06-03 22:15:00+00:00,22,2,-0.5,0.866025,0.974928,-0.222521,False,False,NIGHT,8.0,16.0,30.0,58.0,95.0,346.0,33.71,3.69,0.1095,9.884,9.895,91.4,10.0,91.403,100.0,8.6,0.0,6.11,17.65,100.0,100.0,9.0,7.0,0.0,2.88,100.0,19.09,100.0,100.0,True,MASS_CASUALTY_INTAKE,68.7,98.109,3.34,6.52,10.46,27.292,33.71,11.0,2.89,13.2,34.0,47.39,100.0,91.961,100.0,100.0,94.436,100.0,100.0,26.0,59.53,100.0,92.103,100.0,100.0,97.019,100.0,100.0,6.949,6.441,91.593,88.997,21.83,CRITICAL
282,2026-06-03 22:30:00+00:00,22,2,-0.5,0.866025,0.974928,-0.222521,False,False,NIGHT,10.0,18.0,34.0,64.0,104.0,354.0,38.99,4.1,0.105,9.992,6.742,91.97,10.0,91.975,100.0,8.03,0.0,4.93,15.04,100.0,100.0,8.73,7.0,0.27,2.83,98.321,20.21,100.0,100.0,True,MASS_CASUALTY_INTAKE,78.6,98.083,5.280000000000001,8.620000000000001,14.810000000000002,27.735,38.99,10.0,3.52,14.8,30.0,55.84,100.0,92.288,100.0,100.0,98.886,100.0,100.0,21.0,60.0,100.0,92.237,100.0,100.0,97.325,100.0,100.0,6.896,5.643,92.221,89.248,21.51,CRITICAL
283,2026-06-03 22:45:00+00:00,22,2,-0.5,0.866025,0.974928,-0.222521,False,False,NIGHT,5.0,15.0,31.0,67.0,107.0,358.0,39.45,4.74,0.1201,9.632,8.417,92.19,10.0,92.193,100.0,7.81,0.0,6.27,17.99,100.0,100.0,8.39,7.0,0.61,2.77,96.19,20.53,100.0,100.0,True,MASS_CASUALTY_INTAKE,82.5,97.94,0.46000000000000085,5.740000000000002,12.260000000000002,28.341,39.45,3.0,3.04,14.995,23.0,57.39,100.0,92.574,100.0,100.0,99.248,100.0,100.0,15.0,58.53,100.0,92.29,100.0,100.0,96.357,100.0,100.0,6.793,8.278,92.106,88.888,21.51,CRITICAL
284,2026-06-03 23:00:00+00:00,23,2,-0.258819,0.965926,0.974928,-0.222521,False,False,NIGHT,6.0,11.0,29.0,70.0,111.0,361.0,40.97,4.79,0.117,9.495,10.643,91.84,10.0,91.843,100.0,8.16,0.0,6.27,17.99,100.0,100.0,7.9,7.0,1.1,2.68,93.135,21.01,100.0,100.0,True,MASS_CASUALTY_INTAKE,86.9,97.588,1.519999999999996,1.9799999999999969,10.599999999999998,29.054,40.97,2.0,2.72,15.495,20.0,57.03,100.0,92.149,100.0,100.0,99.962,100.0,100.0,12.0,57.24,98.993,91.534,100.0,100.0,99.074,100.0,100.0,6.928,5.87,91.695,89.194,21.03,CRITICAL
285,2026-06-03 23:15:00+00:00,23,2,-0.258819,0.965926,0.974928,-0.222521,False,False,NIGHT,11.0,17.0,32.0,81.0,117.0,372.0,47.39,4.98,0.105,9.715,8.7,91.96,10.0,91.961,100.0,8.04,0.0,6.27,17.99,100.0,100.0,8.11,7.0,0.89,2.72,94.436,22.29,100.0,100.0,True,MASS_CASUALTY_INTAKE,98.2,97.731,6.420000000000002,7.939999999999998,13.68,30.056,47.39,2.0,3.2,17.42,18.0,59.53,100.0,92.103,100.0,100.0,97.019,100.0,100.0,10.0,54.77,96.609,90.925,100.0,100.0,100.0,100.0,100.0,6.822,6.713,92.224,89.168,20.87,CRITICAL
286,2026-06-03 23:30:00+00:00,23,2,-0.258819,0.965926,0.974928,-0.222521,False,False,NIGHT,13.0,24.0,35.0,93.0,125.0,384.0,55.84,5.76,0.1031,9.641,7.937,92.29,10.0,92.288,100.0,7.71,0.0,6.27,17.99,100.0,100.0,8.82,7.0,0.18,2.85,98.886,23.89,100.0,100.0,True,MASS_CASUALTY_INTAKE,116.7,98.203,8.450000000000003,14.870000000000005,16.85,31.6,55.84,1.0,3.68,19.932,12.0,60.0,100.0,92.237,100.0,100.0,97.325,100.0,100.0,11.0,56.14,95.277,90.393,100.0,100.0,100.0,100.0,100.0,6.822,8.187,91.799,88.869,21.03,CRITICAL
287,2026-06-03 23:45:00+00:00,23,2,-0.258819,0.965926,0.974928,-0.222521,False,False,NIGHT,6.0,19.0,36.0,95.0,127.0,388.0,57.39,6.78,0.1182,9.435,7.898,92.57,10.0,92.574,100.0,7.43,0.0,6.27,17.99,100.0,100.0,8.88,7.0,0.12,2.86,99.248,24.37,100.0,100.0,True,MASS_CASUALTY_INTAKE,122.5,98.299,1.5499999999999972,10.0,17.939999999999998,33.378,57.39,5.0,3.84,20.44,11.0,58.53,100.0,92.29,100.0,100.0,96.357,100.0,100.0,7.0,53.37,94.207,90.182,100.0,100.0,100.0,100.0,100.0,6.94,6.468,91.303,89.036,20.55,CRITICAL
288,2026-06-04 00:00:00+00:00,0,3,0.0,1.0,0.433884,-0.900969,False,False,NIGHT,4.0,10.0,34.0,90.0,128.0,389.0,57.03,6.97,0.1223,9.255,10.231,92.15,10.0,92.149,100.0,7.85,0.0,6.27,17.99,100.0,100.0,8.99,7.0,0.01,2.88,99.962,24.53,100.0,100.0,True,MASS_CASUALTY_INTAKE,124.1,98.269,-0.35999999999999943,1.1899999999999977,16.060000000000002,35.21,57.39,5.0,3.52,20.39,9.0,57.24,98.993,91.534,100.0,100.0,99.074,100.0,100.0,6.0,50.56,93.336,90.069,100.0,100.0,98.883,100.0,100.0,6.886,6.288,91.119,89.204,20.39,CRITICAL
289,2026-06-04 00:15:00+00:00,0,3,0.0,1.0,0.433884,-0.900969,False,False,NIGHT,7.0,11.0,30.0,92.0,133.0,395.0,59.53,6.93,0.1164,9.522,9.242,92.1,10.0,92.103,100.0,7.9,0.0,5.94,17.28,100.0,100.0,8.52,7.0,0.48,2.79,97.019,25.17,100.0,100.0,True,MASS_CASUALTY_INTAKE,125.9,97.994,2.5,2.1400000000000006,12.14,37.461,59.53,-2.0,2.88,21.175,8.0,54.77,96.609,90.925,100.0,100.0,100.0,100.0,100.0,5.0,48.71,93.889,89.524,100.0,100.0,98.605,100.0,100.0,6.827,7.507,91.249,89.021,20.39,CRITICAL
290,2026-06-04 00:30:00+00:00,0,3,0.0,1.0,0.433884,-0.900969,False,False,NIGHT,6.0,13.0,23.0,92.0,138.0,399.0,60.0,7.23,0.1206,9.551,8.424,92.24,10.0,92.237,100.0,7.76,0.0,6.27,17.99,100.0,100.0,8.57,7.0,0.43,2.8,97.325,25.66,100.0,100.0,True,MASS_CASUALTY_INTAKE,126.5,98.051,0.46999999999999886,2.969999999999999,4.159999999999997,39.941,60.0,-12.0,1.77,21.415,9.0,56.14,95.277,90.393,100.0,100.0,100.0,100.0,100.0,6.0,44.74,93.366,89.451,100.0,100.0,99.327,100.0,100.0,6.893,6.731,91.553,89.031,20.08,CRITICAL
291,2026-06-04 00:45:00+00:00,0,3,0.0,1.0,0.433884,-0.900969,False,False,NIGHT,3.0,9.0,20.0,87.0,139.0,401.0,58.53,7.29,0.1245,9.467,8.772,92.29,10.0,92.29,100.0,7.71,0.0,6.27,17.99,100.0,100.0,8.42,7.0,0.58,2.78,96.357,25.66,100.0,100.0,True,MASS_CASUALTY_INTAKE,124.5,97.976,-1.4699999999999989,-1.0,1.1400000000000006,42.337,60.0,-16.0,1.29,21.048,4.0,53.37,94.207,90.182,100.0,100.0,100.0,100.0,100.0,7.0,40.75,93.357,89.614,100.0,100.0,99.029,100.0,100.0,2.599,6.278,89.98,88.269,19.6,CRITICAL
292,2026-06-04 01:00:00+00:00,1,3,0.258819,0.965926,0.433884,-0.900969,False,False,NIGHT,2.0,5.0,18.0,81.0,137.0,401.0,57.24,5.27,0.092,5.538,8.961,91.53,9.9,91.534,98.993,8.47,0.1,6.27,17.99,100.0,100.0,8.85,7.0,0.15,2.85,99.074,25.5,100.0,100.0,False,,165.0,97.853,-1.2899999999999991,-2.759999999999998,0.21000000000000085,44.441,60.0,-16.0,0.97,20.685,3.0,50.56,93.336,90.069,100.0,100.0,98.883,100.0,100.0,10.0,36.8,93.113,89.382,100.0,100.0,99.9,100.0,100.0,1.68,7.54,88.666,86.935,19.28,CRITICAL
293,2026-06-04 01:15:00+00:00,1,3,0.258819,0.965926,0.433884,-0.900969,False,False,NIGHT,1.0,3.0,12.0,74.0,132.0,401.0,54.77,5.15,0.0941,5.834,9.224,90.93,9.66,90.925,96.609,9.07,0.34,6.27,17.99,100.0,100.0,9.0,7.0,0.0,2.88,100.0,25.18,100.0,100.0,False,,149.8,97.325,-2.469999999999999,-3.759999999999998,-4.759999999999998,46.411,60.0,-18.0,0.01,19.988,2.0,48.71,93.889,89.524,100.0,100.0,98.605,100.0,100.0,10.0,34.8,92.221,89.249,100.0,100.0,99.388,100.0,100.0,3.36,7.068,87.763,86.099,19.12,CRITICAL
294,2026-06-04 01:30:00+00:00,1,3,0.258819,0.965926,0.433884,-0.900969,False,False,NIGHT,5.0,6.0,11.0,69.0,133.0,403.0,56.14,4.93,0.0878,6.099,8.762,90.39,9.53,90.393,95.277,9.61,0.47,5.42,16.13,100.0,100.0,9.0,7.0,0.0,2.88,100.0,25.5,100.0,100.0,False,,146.9,96.942,1.3699999999999974,-1.1000000000000014,-3.8599999999999994,48.409,60.0,-12.0,-0.16,20.41,2.0,44.74,93.366,89.451,100.0,100.0,99.327,100.0,100.0,10.0,31.75,91.887,89.094,100.0,100.0,97.007,100.0,100.0,1.68,4.68,86.375,85.487,18.8,CRITICAL
295,2026-06-04 01:45:00+00:00,1,3,0.258819,0.965926,0.433884,-0.900969,False,False,NIGHT,1.0,6.0,9.0,65.0,132.0,402.0,53.37,5.05,0.0947,6.318,7.587,90.18,9.42,90.182,94.207,9.82,0.58,6.27,17.99,100.0,100.0,9.0,7.0,0.0,2.88,100.0,25.18,100.0,100.0,False,,134.8,96.681,-2.770000000000003,-1.4000000000000057,-5.160000000000004,50.045,60.0,-11.0,-0.48,19.638,3.0,40.75,93.357,89.614,100.0,100.0,99.029,100.0,100.0,13.0,27.67,92.294,88.53,100.0,100.0,96.965,100.0,100.0,1.68,5.582,84.127,84.737,18.48,CRITICAL
296,2026-06-04 02:00:00+00:00,2,3,0.5,0.866025,0.433884,-0.900969,False,False,NIGHT,1.0,2.0,8.0,60.0,130.0,402.0,50.56,4.8,0.095,6.414,7.215,90.07,9.33,90.069,93.336,9.93,0.67,6.27,17.99,100.0,100.0,8.82,7.0,0.18,2.85,98.883,24.86,100.0,100.0,False,,125.8,96.382,-2.809999999999995,-5.579999999999998,-6.68,51.307,60.0,-10.0,-0.64,18.855,3.0,36.8,93.113,89.382,100.0,100.0,99.9,100.0,100.0,13.0,23.47,91.898,88.84,100.0,100.0,96.38,100.0,100.0,8.4,3.8,86.193,85.68,18.8,CRITICAL
297,2026-06-04 02:15:00+00:00,2,3,0.5,0.866025,0.433884,-0.900969,False,False,NIGHT,2.0,3.0,9.0,51.0,132.0,401.0,48.71,4.55,0.0934,6.47,8.429,89.52,9.39,89.524,93.889,10.48,0.61,6.27,17.99,100.0,100.0,8.78,7.0,0.22,2.84,98.605,24.7,100.0,100.0,False,,120.1,96.348,-1.8500000000000014,-4.659999999999997,-6.060000000000002,52.244,60.0,-3.0,-0.48,18.352,3.0,34.8,92.221,89.249,100.0,100.0,99.388,100.0,100.0,15.0,22.34,91.593,88.997,100.0,100.0,95.002,100.0,100.0,3.36,5.506,86.17,85.146,18.64,CRITICAL
298,2026-06-04 02:30:00+00:00,2,3,0.5,0.866025,0.433884,-0.900969,False,False,NIGHT,0.0,2.0,4.0,38.0,131.0,401.0,44.74,4.38,0.098,6.662,7.164,89.45,9.34,89.451,93.366,10.55,0.66,5.8,16.96,100.0,100.0,8.89,7.0,0.11,2.86,99.327,24.22,100.0,100.0,False,,107.2,96.292,-3.969999999999999,-5.82,-11.399999999999999,52.604,60.0,-7.0,-1.28,17.24,4.0,31.75,91.887,89.094,100.0,100.0,97.007,100.0,100.0,15.0,19.23,92.221,89.248,100.0,100.0,93.94,100.0,100.0,1.68,4.064,85.531,84.614,18.32,CRITICAL
299,2026-06-04 02:45:00+00:00,2,3,0.5,0.866025,0.433884,-0.900969,False,False,NIGHT,0.0,0.0,3.0,32.0,127.0,398.0,40.75,4.03,0.0988,6.698,6.05,89.61,9.34,89.614,93.357,10.39,0.66,5.41,16.1,100.0,100.0,8.84,7.0,0.16,2.85,99.029,23.74,100.0,100.0,False,,97.1,96.299,-3.990000000000002,-7.960000000000001,-12.619999999999997,52.685,60.0,-6.0,-1.44,16.122,4.0,27.67,92.294,88.53,100.0,100.0,96.965,100.0,100.0,15.0,18.19,92.106,88.888,100.0,100.0,98.12,100.0,100.0,3.36,3.973,84.736,84.54,18.16,CRITICAL
300,2026-06-04 03:00:00+00:00,3,3,0.707107,0.707107,0.433884,-0.900969,False,False,NIGHT,0.0,0.0,2.0,28.0,118.0,397.0,36.8,3.67,0.0997,6.638,7.663,89.38,9.31,89.382,93.113,10.62,0.69,4.66,14.46,100.0,100.0,8.98,7.0,0.02,2.88,99.9,23.26,100.0,100.0,False,,88.5,96.278,-3.950000000000003,-7.940000000000005,-13.760000000000005,52.424,60.0,-6.0,-1.6,15.015,7.0,23.47,91.898,88.84,100.0,100.0,96.38,100.0,100.0,12.0,14.06,91.695,89.194,100.0,100.0,96.278,100.0,100.0,6.72,5.056,86.293,84.8,18.32,CRITICAL
301,2026-06-04 03:15:00+00:00,3,3,0.707107,0.707107,0.433884,-0.900969,False,False,NIGHT,2.0,2.0,2.0,23.0,115.0,399.0,34.8,3.31,0.0952,6.728,7.62,89.25,9.22,89.249,92.221,10.75,0.78,5.71,16.77,100.0,100.0,8.9,7.0,0.1,2.86,99.388,23.1,100.0,100.0,False,,82.5,96.024,-2.0,-5.950000000000003,-13.910000000000004,51.638,60.0,-7.0,-1.6,14.475,7.0,22.34,91.593,88.997,100.0,100.0,95.002,100.0,100.0,13.0,12.0,92.224,89.168,100.0,100.0,97.352,100.0,100.0,8.4,2.975,88.01,85.985,18.64,CRITICAL
302,2026-06-04 03:30:00+00:00,3,3,0.707107,0.707107,0.433884,-0.900969,False,False,NIGHT,1.0,3.0,3.0,18.0,110.0,400.0,31.75,3.13,0.0986,6.792,7.546,89.09,9.19,89.094,91.887,10.91,0.81,5.48,16.27,100.0,100.0,8.52,7.0,0.48,2.79,97.007,22.79,100.0,100.0,False,,74.6,95.709,-3.049999999999997,-5.049999999999997,-12.990000000000002,50.132,60.0,-1.0,-1.43,13.635,6.0,19.23,92.221,89.248,100.0,100.0,93.94,100.0,100.0,13.0,11.94,91.799,88.869,100.0,100.0,99.153,100.0,100.0,8.069,5.316,89.051,86.569,19.13,CRITICAL
303,2026-06-04 03:45:00+00:00,3,3,0.707107,0.707107,0.433884,-0.900969,False,False,NIGHT,0.0,1.0,3.0,15.0,102.0,399.0,27.67,2.86,0.1033,6.855,8.946,88.53,9.23,88.53,92.294,11.47,0.77,3.6,12.13,100.0,100.0,8.51,7.0,0.49,2.79,96.965,22.31,100.0,100.0,False,,64.4,95.662,-4.079999999999998,-7.1299999999999955,-13.079999999999998,48.274,60.0,0.0,-1.43,12.495,9.0,18.19,92.106,88.888,100.0,100.0,98.12,100.0,100.0,10.0,7.81,91.303,89.036,100.0,100.0,98.396,100.0,83.397,2.011,6.159,88.008,85.636,18.65,CRITICAL
304,2026-06-04 04:00:00+00:00,4,3,0.866025,0.5,0.433884,-0.900969,False,False,NIGHT,0.0,0.0,3.0,13.0,94.0,398.0,23.47,2.49,0.1061,7.057,5.976,88.84,9.19,88.84,91.898,11.16,0.81,5.26,15.76,100.0,100.0,8.42,7.0,0.58,2.78,96.38,21.83,100.0,100.0,False,,53.1,94.619,-4.200000000000003,-8.280000000000001,-13.329999999999998,46.177,60.0,1.0,-1.43,11.325,6.0,14.06,91.695,89.194,100.0,100.0,96.278,100.0,100.0,11.0,5.71,91.119,89.204,80.707,76.086,96.504,100.0,70.73,5.04,2.466,86.782,86.402,18.65,HIGH
305,2026-06-04 04:15:00+00:00,4,3,0.866025,0.5,0.433884,-0.900969,False,False,NIGHT,3.0,3.0,4.0,15.0,89.0,401.0,22.34,2.11,0.0946,6.949,6.441,89.0,9.16,88.997,91.593,11.0,0.84,6.27,17.99,100.0,100.0,8.2,7.0,0.8,2.74,95.002,21.83,100.0,100.0,False,,51.3,93.746,-1.129999999999999,-5.330000000000002,-12.459999999999997,43.852,60.0,2.0,-1.27,11.042,8.0,12.0,92.224,89.168,100.0,100.0,97.352,100.0,100.0,14.0,4.65,91.249,89.021,83.257,78.369,90.376,100.0,64.399,0.0,6.36,84.16,85.075,18.17,HIGH
306,2026-06-04 04:30:00+00:00,4,3,0.866025,0.5,0.433884,-0.900969,False,False,NIGHT,1.0,4.0,4.0,11.0,80.0,402.0,19.23,2.01,0.1045,6.896,5.643,89.25,9.22,89.248,92.221,10.75,0.78,6.05,17.51,100.0,100.0,8.03,7.0,0.97,2.71,93.94,21.51,100.0,100.0,False,,44.5,91.841,-3.1099999999999994,-4.239999999999998,-12.52,41.304,58.53,1.0,-1.28,10.185,9.0,11.94,91.799,88.869,100.0,100.0,99.153,100.0,100.0,13.0,1.55,91.553,89.031,81.535,76.766,90.648,100.0,45.904,8.4,4.614,85.716,85.865,18.49,HIGH
307,2026-06-04 04:45:00+00:00,4,3,0.866025,0.5,0.433884,-0.900969,False,False,NIGHT,3.0,4.0,7.0,13.0,78.0,404.0,18.19,1.73,0.0952,6.793,8.278,88.89,9.21,88.888,92.106,11.11,0.79,6.27,17.99,100.0,100.0,8.7,7.0,0.3,2.83,98.12,21.51,100.0,100.0,False,,42.7,91.449,-1.0399999999999991,-4.149999999999999,-9.48,38.783,57.24,4.0,-0.8,9.925,6.0,7.81,91.303,89.036,100.0,100.0,98.396,100.0,83.397,13.0,0.0,89.98,88.269,77.623,73.178,89.42,100.0,35.992,5.04,5.054,85.575,85.876,18.49,HIGH
308,2026-06-04 05:00:00+00:00,5,3,0.965926,0.258819,0.433884,-0.900969,False,False,NIGHT,0.0,3.0,7.0,12.0,72.0,402.0,14.06,1.64,0.1164,6.928,5.87,89.19,9.17,89.194,91.695,10.81,0.83,6.27,17.99,100.0,100.0,8.4,7.0,0.6,2.77,96.278,21.03,100.0,100.0,False,,32.4,88.625,-4.130000000000001,-5.17,-9.409999999999998,36.084,56.14,4.0,-0.8,8.772,6.0,5.71,91.119,89.204,80.707,76.086,96.504,100.0,70.73,15.0,0.0,88.666,86.935,76.45,72.073,86.42,100.0,35.466,5.04,5.993,85.958,85.6,18.49,HIGH
309,2026-06-04 05:15:00+00:00,5,3,0.965926,0.258819,0.433884,-0.900969,False,False,NIGHT,2.0,2.0,6.0,12.0,63.0,403.0,12.0,1.27,0.1054,6.822,6.713,89.17,9.22,89.168,92.224,10.83,0.78,5.34,15.94,100.0,100.0,8.58,7.0,0.42,2.8,97.352,20.87,100.0,100.0,False,,28.1,87.503,-2.0600000000000005,-6.190000000000001,-10.34,33.411,56.14,2.0,-0.96,8.218,5.0,4.65,91.249,89.021,83.257,78.369,90.376,100.0,64.399,18.0,0.0,87.763,86.099,75.715,71.379,83.425,100.0,35.105,5.04,4.885,86.773,85.557,18.49,HIGH
310,2026-06-04 05:30:00+00:00,5,3,0.965926,0.258819,0.433884,-0.900969,False,False,NIGHT,4.0,6.0,9.0,16.0,54.0,406.0,11.94,1.08,0.0905,6.822,8.187,88.87,9.18,88.869,91.799,11.13,0.82,6.27,17.99,100.0,100.0,8.86,7.0,0.14,2.86,99.153,21.03,100.0,100.0,False,,27.9,87.476,-0.0600000000000005,-2.120000000000001,-7.290000000000001,30.649,53.37,5.0,-0.48,8.242,4.0,1.55,91.553,89.031,81.535,76.766,90.648,100.0,45.904,21.0,0.0,86.375,85.487,79.073,74.393,82.992,100.0,34.55,3.36,4.597,86.393,85.286,18.33,HIGH
311,2026-06-04 05:45:00+00:00,5,3,0.965926,0.258819,0.433884,-0.900969,False,False,NIGHT,0.0,4.0,6.0,16.0,48.0,404.0,7.81,1.07,0.1376,6.94,6.468,89.04,9.13,89.036,91.303,10.96,0.87,6.27,17.99,100.0,100.0,8.86,6.89,0.26,2.83,98.396,20.55,100.0,83.397,False,,18.0,84.703,-4.13,-4.19,-10.380000000000003,27.801,50.56,-1.0,-0.96,7.09,4.0,0.0,89.98,88.269,77.623,73.178,89.42,100.0,35.992,26.0,0.0,84.127,84.737,78.263,73.636,82.03,100.0,33.651,5.04,4.445,87.559,85.318,18.33,MODERATE
312,2026-06-04 06:00:00+00:00,6,3,1.0,0.0,0.433884,-0.900969,False,False,MORNING,2.0,2.0,8.0,18.0,46.0,406.0,5.71,0.7,0.1231,6.886,6.288,89.2,9.11,89.204,91.119,10.8,0.89,11.97,27.41,80.707,76.086,8.72,6.72,0.56,2.78,96.504,20.39,100.0,70.73,False,,13.2,78.004,-2.0999999999999996,-6.2299999999999995,-8.350000000000001,24.998,48.71,1.0,-0.64,6.525,5.0,0.0,88.666,86.935,76.45,72.073,86.42,100.0,35.466,25.0,0.0,86.193,85.68,75.346,71.032,84.458,100.0,34.477,5.04,5.164,87.513,85.291,18.33,MODERATE
313,2026-06-04 06:15:00+00:00,6,3,1.0,0.0,0.433884,-0.900969,False,False,MORNING,3.0,5.0,9.0,19.0,42.0,408.0,4.65,0.51,0.1106,6.827,7.507,89.02,9.12,89.021,91.249,10.98,0.88,11.52,26.42,83.257,78.369,7.92,6.54,1.54,2.6,90.376,20.39,100.0,64.399,False,,10.9,77.339,-1.0599999999999996,-3.1599999999999993,-7.35,22.244,44.74,3.0,-0.48,6.26,9.0,0.0,87.763,86.099,75.715,71.379,83.425,100.0,35.105,23.0,0.0,86.17,85.146,74.877,70.589,82.245,100.0,34.468,3.36,3.532,87.143,85.285,18.17,MODERATE
314,2026-06-04 06:30:00+00:00,6,3,1.0,0.0,0.433884,-0.900969,False,False,MORNING,1.0,4.0,6.0,19.0,37.0,407.0,1.55,0.42,0.2705,6.893,6.731,89.03,9.16,89.031,91.553,10.97,0.84,11.58,26.56,81.535,76.766,8.21,6.3,1.5,2.61,90.648,20.08,100.0,45.904,False,,3.6,75.044,-3.1000000000000005,-4.16,-10.389999999999999,19.545,40.75,-3.0,-0.95,5.408,9.0,0.0,86.375,85.487,79.073,74.393,82.992,100.0,34.55,21.0,0.0,85.531,84.614,80.703,75.83,79.503,100.0,34.213,1.68,4.692,86.157,84.631,17.86,MODERATE
315,2026-06-04 06:45:00+00:00,6,3,1.0,0.0,0.433884,-0.900969,False,False,MORNING,0.0,1.0,6.0,19.0,34.0,405.0,0.0,0.14,0.1392,2.599,6.278,88.27,9.0,88.269,89.98,11.73,1.0,11.97,27.41,77.623,73.178,8.28,6.03,1.69,2.58,89.42,19.6,100.0,35.992,False,,0.0,72.559,-1.55,-4.65,-7.81,16.998,36.8,0.0,-0.95,4.9,9.0,0.0,84.127,84.737,78.263,73.636,82.03,100.0,33.651,25.0,0.0,84.736,84.54,74.344,70.087,79.592,100.0,33.894,6.72,4.645,86.62,85.103,18.02,MODERATE
316,2026-06-04 07:00:00+00:00,7,3,0.965926,-0.258819,0.433884,-0.900969,False,False,MORNING,1.0,1.0,5.0,20.0,33.0,404.0,0.0,0.0,0.0,1.68,7.54,86.94,8.87,86.935,88.666,13.06,1.13,11.97,27.41,76.45,72.073,8.03,5.8,2.17,2.49,86.42,19.28,100.0,35.466,False,,0.0,71.459,0.0,-1.55,-5.71,14.698,34.8,-3.0,-1.11,4.82,10.0,0.0,86.193,85.68,75.346,71.032,84.458,100.0,34.477,26.0,0.0,86.293,84.8,77.669,73.103,80.546,100.0,34.517,0.0,4.236,84.715,84.235,17.54,MODERATE
317,2026-06-04 07:15:00+00:00,7,3,0.965926,-0.258819,0.433884,-0.900969,False,False,MORNING,2.0,3.0,4.0,19.0,34.0,403.0,0.0,0.0,0.0,3.36,7.068,86.1,8.78,86.099,87.763,13.9,1.22,11.97,27.41,75.715,71.379,7.74,5.6,2.65,2.4,83.425,19.12,100.0,35.105,False,,0.0,70.654,0.0,0.0,-4.65,12.523,31.75,-5.0,-1.27,4.78,9.0,0.0,86.17,85.146,74.877,70.589,82.245,100.0,34.468,25.0,0.0,88.01,85.985,75.614,71.285,80.408,100.0,35.204,5.04,5.174,84.853,84.187,17.54,MODERATE
318,2026-06-04 07:30:00+00:00,7,3,0.965926,-0.258819,0.433884,-0.900969,False,False,MORNING,1.0,3.0,4.0,19.0,30.0,404.0,0.0,0.0,0.0,1.68,4.68,85.49,8.64,85.487,86.375,14.51,1.36,11.38,26.12,79.073,74.393,7.85,5.43,2.72,2.39,82.992,18.8,100.0,34.55,False,,0.0,70.967,0.0,0.0,-1.55,10.539,27.67,-2.0,-1.28,4.7,12.0,0.0,85.531,84.614,80.703,75.83,79.503,100.0,34.213,23.0,1.2,89.051,86.569,76.602,72.216,81.464,100.0,42.801,8.4,3.928,86.484,85.142,17.86,MODERATE
319,2026-06-04 07:45:00+00:00,7,3,0.965926,-0.258819,0.433884,-0.900969,False,False,MORNING,1.0,2.0,5.0,17.0,30.0,403.0,0.0,0.0,0.0,1.68,5.582,84.74,8.41,84.737,84.127,15.26,1.59,11.4,26.15,78.263,73.636,7.85,5.27,2.88,2.36,82.03,18.48,100.0,33.651,False,,0.0,70.078,0.0,0.0,0.0,8.809,23.47,-1.0,-1.12,4.62,17.0,0.0,84.736,84.54,74.344,70.087,79.592,100.0,33.894,19.0,0.0,88.008,85.636,82.468,77.456,79.774,100.0,35.203,3.36,5.176,85.737,84.763,17.7,MODERATE
320,2026-06-04 08:00:00+00:00,8,3,0.866025,-0.5,0.433884,-0.900969,False,False,MORNING,5.0,6.0,9.0,22.0,34.0,400.0,0.0,0.0,0.0,8.4,3.8,85.68,8.62,85.68,86.193,14.32,1.38,11.97,27.41,75.346,71.032,8.35,5.17,2.49,2.43,84.458,18.8,100.0,34.477,False,,0.0,70.255,0.0,0.0,0.0,7.342,22.34,4.0,-0.48,4.7,15.0,0.0,86.293,84.8,77.669,73.103,80.546,100.0,34.517,22.0,0.0,86.782,86.402,85.698,80.386,78.591,100.0,34.713,8.4,6.048,87.217,85.203,18.02,MODERATE
321,2026-06-04 08:15:00+00:00,8,3,0.866025,-0.5,0.433884,-0.900969,False,False,MORNING,2.0,7.0,9.0,22.0,34.0,399.0,0.0,0.0,0.0,3.36,5.506,85.15,8.62,85.146,86.17,14.85,1.38,11.97,27.41,74.877,70.589,8.08,5.08,2.84,2.37,82.245,18.64,100.0,34.468,False,,0.0,69.824,0.0,0.0,0.0,5.946,19.23,5.0,-0.48,4.66,14.0,0.0,88.01,85.985,75.614,71.285,80.408,100.0,35.204,22.0,0.0,84.16,85.075,93.144,86.971,77.326,100.0,33.664,6.72,4.584,87.966,85.662,18.18,NORMAL
322,2026-06-04 08:30:00+00:00,8,3,0.866025,-0.5,0.433884,-0.900969,False,False,MORNING,1.0,3.0,9.0,19.0,35.0,397.0,0.0,0.0,0.0,1.68,4.064,84.61,8.55,84.614,85.531,15.39,1.45,11.04,25.36,80.703,75.83,7.72,5.01,3.28,2.29,79.503,18.32,100.0,34.213,False,,0.0,70.661,0.0,0.0,0.0,4.744,18.19,5.0,-0.48,4.58,9.0,1.2,89.051,86.569,76.602,72.216,81.464,100.0,42.801,24.0,0.0,85.716,85.865,90.146,84.341,73.945,100.0,34.287,5.04,6.581,88.518,85.222,18.18,MODERATE
323,2026-06-04 08:45:00+00:00,8,3,0.866025,-0.5,0.433884,-0.900969,False,False,MORNING,2.0,3.0,10.0,21.0,37.0,397.0,0.0,0.0,0.0,3.36,3.973,84.54,8.47,84.54,84.736,15.46,1.53,11.97,27.41,74.344,70.087,7.8,4.94,3.27,2.29,79.592,18.16,100.0,33.894,False,,0.0,69.041,0.0,0.0,0.0,3.608,14.06,5.0,-0.32,4.54,8.0,0.0,88.008,85.636,82.468,77.456,79.774,100.0,35.203,20.0,0.0,85.575,85.876,86.348,80.947,74.215,100.0,34.23,5.04,5.904,88.438,85.013,18.18,NORMAL
324,2026-06-04 09:00:00+00:00,9,3,0.707107,-0.707107,0.433884,-0.900969,False,False,MORNING,4.0,6.0,9.0,23.0,41.0,396.0,0.0,0.0,0.0,6.72,5.056,84.8,8.63,84.8,86.293,15.2,1.37,11.49,26.36,77.669,73.103,7.99,4.9,3.11,2.32,80.546,18.32,100.0,34.517,False,,0.0,70.256,0.0,0.0,0.0,2.729,12.0,0.0,-0.48,4.58,11.0,0.0,86.782,86.402,85.698,80.386,78.591,100.0,34.713,21.0,0.0,85.958,85.6,85.115,79.831,74.099,100.0,34.383,5.04,3.829,88.715,85.288,18.18,MODERATE
325,2026-06-04 09:15:00+00:00,9,3,0.707107,-0.707107,0.433884,-0.900969,False,False,MORNING,5.0,9.0,12.0,25.0,44.0,391.0,0.0,0.0,0.0,8.4,2.975,85.98,8.8,85.985,88.01,14.02,1.2,11.97,27.41,75.614,71.285,7.98,4.89,3.13,2.32,80.408,18.64,100.0,35.204,False,,0.0,70.383,0.0,0.0,0.0,1.979,11.94,3.0,0.0,4.66,11.0,0.0,84.16,85.075,93.144,86.971,77.326,100.0,33.664,18.0,0.0,86.773,85.557,75.238,70.93,75.165,100.0,34.709,5.04,4.91,89.216,85.271,18.18,MODERATE
326,2026-06-04 09:30:00+00:00,9,3,0.707107,-0.707107,0.433884,-0.900969,False,False,MORNING,6.0,11.0,17.0,30.0,49.0,391.0,1.2,0.0,0.0,8.069,5.316,86.57,8.91,86.569,89.051,13.43,1.09,11.97,27.41,76.602,72.216,8.1,4.93,2.97,2.35,81.464,19.13,100.0,42.801,False,,2.4,71.813,1.2,1.2,1.2,1.308,7.81,8.0,0.81,5.082,14.0,0.0,85.716,85.865,90.146,84.341,73.945,100.0,34.287,18.0,0.0,86.393,85.286,77.786,73.225,75.189,100.0,34.557,1.68,4.999,87.463,84.616,17.87,MODERATE
327,2026-06-04 09:45:00+00:00,9,3,0.707107,-0.707107,0.433884,-0.900969,False,False,MORNING,0.0,6.0,15.0,30.0,49.0,381.0,0.0,0.11,0.1077,2.011,6.159,85.64,8.8,85.636,88.008,14.36,1.2,10.93,25.13,82.468,77.456,7.85,4.91,3.24,2.3,79.774,18.65,100.0,35.203,False,,0.0,71.812,-1.2,0.0,0.0,0.819,5.71,5.0,0.49,4.662,11.0,0.0,85.575,85.876,86.348,80.947,74.215,100.0,34.23,21.0,0.0,87.559,85.318,75.028,70.732,75.913,100.0,35.024,5.04,2.61,87.251,85.245,17.87,MODERATE
328,2026-06-04 10:00:00+00:00,10,3,0.5,-0.866025,0.433884,-0.900969,False,False,MORNING,3.0,3.0,14.0,32.0,52.0,378.0,0.0,0.0,0.0,5.04,2.466,86.4,8.68,86.402,86.782,13.6,1.32,10.61,24.43,85.698,80.386,7.69,4.89,3.43,2.26,78.591,18.65,100.0,34.713,False,,0.0,72.368,0.0,-1.2,0.0,0.462,4.65,5.0,0.33,4.662,11.0,0.0,85.958,85.6,85.115,79.831,74.099,100.0,34.383,20.0,0.0,87.513,85.291,75.004,70.71,77.665,100.0,35.005,6.72,3.71,88.623,85.86,18.03,MODERATE
329,2026-06-04 10:15:00+00:00,10,3,0.5,-0.866025,0.433884,-0.900969,False,False,MORNING,0.0,3.0,9.0,30.0,49.0,370.0,0.0,0.0,0.0,0.0,6.36,85.07,8.42,85.075,84.16,14.93,1.58,9.61,22.23,93.144,86.971,7.54,4.83,3.63,2.23,77.326,18.17,100.0,33.664,False,,0.0,73.122,0.0,0.0,0.0,0.172,1.55,-3.0,-0.47,4.542,11.0,0.0,86.773,85.557,75.238,70.93,75.165,100.0,34.709,22.0,0.0,87.143,85.285,74.999,70.705,79.789,100.0,34.857,8.105,6.005,89.393,86.308,18.67,MODERATE
330,2026-06-04 10:30:00+00:00,10,3,0.5,-0.866025,0.433884,-0.900969,False,False,MORNING,5.0,5.0,8.0,34.0,53.0,363.0,0.0,0.0,0.0,8.4,4.614,85.87,8.57,85.865,85.716,14.13,1.43,10.03,23.14,90.146,84.341,7.02,4.81,4.17,2.13,73.945,18.49,100.0,34.287,False,,0.0,72.627,0.0,0.0,-1.2,0.075,1.2,-9.0,-0.64,4.622,10.0,0.0,86.393,85.286,77.786,73.225,75.189,100.0,34.557,24.0,0.0,86.157,84.631,76.966,72.462,81.101,100.0,34.463,7.927,6.213,90.807,86.595,18.67,MODERATE
331,2026-06-04 10:45:00+00:00,10,3,0.5,-0.866025,0.433884,-0.900969,False,False,MORNING,3.0,8.0,11.0,36.0,53.0,356.0,0.0,0.0,0.0,5.04,5.054,85.88,8.56,85.876,85.575,14.12,1.44,10.47,24.11,86.348,80.947,7.08,4.79,4.13,2.14,74.215,18.49,100.0,34.23,False,,0.0,71.762,0.0,0.0,0.0,0.075,1.2,-4.0,-0.16,4.622,9.0,0.0,87.559,85.318,75.028,70.732,75.913,100.0,35.024,26.0,0.0,86.62,85.103,74.839,70.554,80.602,100.0,34.648,4.128,4.912,89.793,86.501,18.51,MODERATE
332,2026-06-04 11:00:00+00:00,11,3,0.258819,-0.965926,0.433884,-0.900969,False,False,MORNING,3.0,6.0,11.0,34.0,56.0,353.0,0.0,0.0,0.0,5.04,5.993,85.6,8.6,85.6,85.958,14.4,1.4,10.59,24.37,85.115,79.831,7.08,4.78,4.14,2.13,74.099,18.49,100.0,34.383,False,,0.0,71.486,0.0,0.0,0.0,0.075,1.2,-3.0,-0.16,4.622,10.0,0.0,87.513,85.291,75.004,70.71,77.665,100.0,35.005,25.0,0.0,84.715,84.235,74.075,69.834,77.079,100.0,33.886,7.849,5.127,90.676,87.093,18.99,MODERATE
333,2026-06-04 11:15:00+00:00,11,3,0.258819,-0.965926,0.433884,-0.900969,False,False,MORNING,3.0,6.0,14.0,35.0,57.0,348.0,0.0,0.0,0.0,5.04,4.885,85.56,8.68,85.557,86.773,14.44,1.32,11.97,27.41,75.238,70.93,7.25,4.78,3.97,2.16,75.165,18.49,100.0,34.709,False,,0.0,69.482,0.0,0.0,0.0,0.075,1.2,5.0,0.32,4.622,7.0,0.0,87.143,85.285,74.999,70.705,79.789,100.0,34.857,28.0,0.0,84.853,84.187,74.705,70.403,81.323,100.0,33.941,7.271,5.12,91.296,87.568,18.99,NORMAL
334,2026-06-04 11:30:00+00:00,11,3,0.258819,-0.965926,0.433884,-0.900969,False,False,MORNING,2.0,5.0,11.0,36.0,55.0,338.0,0.0,0.0,0.0,3.36,4.597,85.29,8.64,85.286,86.393,14.71,1.36,11.54,26.47,77.786,73.225,7.26,4.77,3.97,2.17,75.189,18.33,100.0,34.557,False,,0.0,69.93,0.0,0.0,0.0,0.075,1.2,3.0,-0.16,4.582,8.0,0.0,86.157,84.631,76.966,72.462,81.101,100.0,34.463,28.0,0.0,86.484,85.142,77.486,72.949,83.33,100.0,34.594,6.72,5.895,91.187,87.786,19.15,NORMAL
335,2026-06-04 11:45:00+00:00,11,3,0.258819,-0.965926,0.433884,-0.900969,False,False,MORNING,3.0,5.0,11.0,37.0,58.0,329.0,0.0,0.0,0.0,5.04,4.445,85.32,8.76,85.318,87.559,14.68,1.24,11.97,27.41,75.028,70.732,7.37,4.78,3.85,2.19,75.913,18.33,100.0,35.024,False,,0.0,69.605,0.0,0.0,0.0,0.075,1.2,0.0,-0.16,4.582,12.0,0.0,86.62,85.103,74.839,70.554,80.602,100.0,34.648,24.0,0.0,85.737,84.763,74.54,70.272,83.135,100.0,34.295,5.04,5.124,90.417,87.841,19.15,NORMAL
336,2026-06-04 12:00:00+00:00,12,3,0.0,-1.0,0.433884,-0.900969,False,False,MORNING,3.0,6.0,11.0,36.0,59.0,323.0,0.0,0.0,0.0,5.04,5.164,85.29,8.75,85.291,87.513,14.71,1.25,11.97,27.41,75.004,70.71,7.64,4.79,3.57,2.24,77.665,18.33,100.0,35.005,False,,0.0,69.742,0.0,0.0,0.0,0.075,1.2,0.0,-0.16,4.582,10.0,0.0,84.715,84.235,74.075,69.834,77.079,100.0,33.886,25.0,0.0,87.217,85.203,87.415,83.137,78.821,100.0,34.887,6.72,7.147,90.801,87.696,19.31,NORMAL
337,2026-06-04 12:15:00+00:00,12,3,0.0,-1.0,0.433884,-0.900969,False,False,MORNING,2.0,5.0,10.0,33.0,58.0,320.0,0.0,0.0,0.0,3.36,3.532,85.29,8.71,85.285,87.143,14.71,1.29,11.97,27.41,74.999,70.705,7.98,4.79,3.23,2.3,79.789,18.17,100.0,34.857,False,,0.0,69.857,0.0,0.0,0.0,0.075,1.2,-4.0,-0.32,4.542,15.0,0.0,84.853,84.187,74.705,70.403,81.323,100.0,33.941,24.0,0.0,87.966,85.662,91.439,86.856,78.871,100.0,35.186,5.04,6.031,89.517,87.577,19.31,NORMAL
338,2026-06-04 12:30:00+00:00,12,3,0.0,-1.0,0.433884,-0.900969,False,False,MORNING,1.0,3.0,9.0,28.0,58.0,313.0,0.0,0.0,0.0,1.68,4.692,84.63,8.62,84.631,86.157,15.37,1.38,11.57,26.54,76.966,72.462,8.2,4.78,3.02,2.34,81.101,17.86,100.0,34.463,False,,0.0,70.081,0.0,0.0,0.0,0.075,1.2,-2.0,-0.47,4.465,16.0,0.0,86.484,85.142,77.486,72.949,83.33,100.0,34.594,27.0,0.0,88.518,85.222,87.434,83.155,79.729,100.0,35.407,7.456,6.839,90.345,87.649,19.64,MODERATE
339,2026-06-04 12:45:00+00:00,12,3,0.0,-1.0,0.433884,-0.900969,False,False,MORNING,4.0,5.0,10.0,32.0,62.0,310.0,0.0,0.0,0.0,6.72,4.645,85.1,8.66,85.103,86.62,14.9,1.34,11.97,27.41,74.839,70.554,8.12,4.78,3.1,2.32,80.602,18.02,100.0,34.648,False,,0.0,69.748,0.0,0.0,0.0,0.075,1.2,-1.0,-0.31,4.505,14.0,0.0,85.737,84.763,74.54,70.272,83.135,100.0,34.295,27.0,0.0,88.438,85.013,87.22,82.952,78.53,100.0,35.375,5.984,5.338,90.645,87.78,19.64,NORMAL
340,2026-06-04 13:00:00+00:00,13,3,-0.258819,-0.965926,0.433884,-0.900969,False,False,MORNING,0.0,4.0,7.0,29.0,61.0,305.0,0.0,0.0,0.0,0.0,4.236,84.23,8.47,84.235,84.715,15.77,1.53,11.97,27.41,74.075,69.834,7.58,4.75,3.67,2.22,77.079,17.54,100.0,33.886,False,,0.0,68.681,0.0,0.0,0.0,0.075,1.2,-4.0,-0.79,4.385,15.0,0.0,87.217,85.203,87.415,83.137,78.821,100.0,34.887,26.0,0.0,88.715,85.288,87.979,83.66,81.671,100.0,35.486,7.362,6.634,91.402,87.886,19.96,NORMAL
341,2026-06-04 13:15:00+00:00,13,3,-0.258819,-0.965926,0.433884,-0.900969,False,False,MORNING,3.0,3.0,8.0,32.0,62.0,298.0,0.0,0.0,0.0,5.04,5.174,84.19,8.49,84.187,84.853,15.81,1.51,11.86,27.18,74.705,70.403,8.28,4.74,2.99,2.34,81.323,17.54,100.0,33.941,False,,0.0,69.224,0.0,0.0,0.0,0.075,1.2,-2.0,-0.63,4.385,13.0,0.0,87.966,85.662,91.439,86.856,78.871,100.0,35.186,29.0,0.0,89.216,85.271,87.484,83.203,81.795,100.0,35.686,1.038,3.67,89.163,87.452,19.48,NORMAL
342,2026-06-04 13:30:00+00:00,13,3,-0.258819,-0.965926,0.433884,-0.900969,False,False,MORNING,5.0,8.0,12.0,32.0,66.0,298.0,0.0,0.0,0.0,8.4,3.928,85.14,8.65,85.142,86.484,14.86,1.35,11.57,26.53,77.486,72.949,8.59,4.74,2.67,2.4,83.33,17.86,100.0,34.594,False,,0.0,70.58,0.0,0.0,0.0,0.0,0.0,3.0,0.0,4.465,12.0,0.0,88.518,85.222,87.434,83.155,79.729,100.0,35.407,29.0,0.0,87.463,84.616,94.206,89.361,83.226,100.0,34.985,5.04,5.958,88.43,87.296,19.48,MODERATE
343,2026-06-04 13:45:00+00:00,13,3,-0.258819,-0.965926,0.433884,-0.900969,False,False,MORNING,2.0,7.0,10.0,31.0,67.0,295.0,0.0,0.0,0.0,3.36,5.176,84.76,8.57,84.763,85.737,15.24,1.43,11.97,27.41,74.54,70.272,8.57,4.73,2.7,2.39,83.135,17.7,100.0,34.295,False,,0.0,69.655,0.0,0.0,0.0,0.0,0.0,0.0,-0.32,4.425,10.0,0.0,88.438,85.013,87.22,82.952,78.53,100.0,35.375,32.0,0.0,87.251,85.245,87.458,83.178,81.853,100.0,34.9,3.36,5.607,87.549,86.823,19.32,NORMAL
344,2026-06-04 14:00:00+00:00,14,3,-0.5,-0.866025,0.433884,-0.900969,False,False,EVENING,5.0,7.0,15.0,33.0,67.0,296.0,0.0,0.0,0.0,8.4,6.048,85.2,8.72,85.203,87.217,14.8,1.28,10.26,23.29,87.415,83.137,7.86,4.75,3.39,2.27,78.821,18.02,100.0,34.887,False,,0.0,72.748,0.0,0.0,0.0,0.0,0.0,8.0,0.48,4.505,10.0,0.0,88.715,85.288,87.979,83.66,81.671,100.0,35.486,32.0,0.0,88.623,85.86,88.089,83.779,79.905,100.0,35.449,5.04,5.983,87.129,86.629,19.32,MODERATE
345,2026-06-04 14:15:00+00:00,14,3,-0.5,-0.866025,0.433884,-0.900969,False,False,EVENING,4.0,9.0,16.0,34.0,69.0,297.0,0.0,0.0,0.0,6.72,4.584,85.66,8.8,85.662,87.966,14.34,1.2,9.86,22.41,91.439,86.856,7.85,4.77,3.38,2.27,78.871,18.18,100.0,35.186,False,,0.0,73.933,0.0,0.0,0.0,0.0,0.0,8.0,0.64,4.545,11.0,0.0,89.216,85.271,87.484,83.203,81.795,100.0,35.686,32.0,2.18,89.393,86.308,89.553,85.171,77.19,100.0,48.81,6.72,5.27,88.011,86.903,19.48,MODERATE
346,2026-06-04 14:30:00+00:00,14,3,-0.5,-0.866025,0.433884,-0.900969,False,False,EVENING,3.0,7.0,14.0,35.0,71.0,298.0,0.0,0.0,0.0,5.04,6.581,85.22,8.85,85.222,88.518,14.78,1.15,10.26,23.29,87.434,83.155,7.97,4.79,3.24,2.3,79.729,18.18,100.0,35.407,False,,0.0,73.099,0.0,0.0,0.0,0.0,0.0,2.0,0.32,4.545,15.0,0.0,87.463,84.616,94.206,89.361,83.226,100.0,34.985,28.0,0.46,90.807,86.595,89.054,84.697,77.836,100.0,39.066,5.04,5.774,87.534,86.767,19.48,MODERATE
347,2026-06-04 14:45:00+00:00,14,3,-0.5,-0.866025,0.433884,-0.900969,False,False,EVENING,3.0,6.0,15.0,35.0,72.0,300.0,0.0,0.0,0.0,5.04,5.904,85.01,8.84,85.013,88.438,14.99,1.16,10.26,23.29,87.22,82.952,7.76,4.8,3.44,2.26,78.53,18.18,100.0,35.375,False,,0.0,72.879,0.0,0.0,0.0,0.0,0.0,5.0,0.48,4.545,17.0,0.0,87.251,85.245,87.458,83.178,81.853,100.0,34.9,30.0,0.0,89.793,86.501,88.746,84.403,76.849,100.0,35.917,1.68,4.203,85.711,86.319,19.16,MODERATE
348,2026-06-04 15:00:00+00:00,15,3,-0.707107,-0.707107,0.433884,-0.900969,False,False,EVENING,3.0,6.0,13.0,35.0,71.0,302.0,0.0,0.0,0.0,5.04,3.829,85.29,8.87,85.288,88.715,14.71,1.13,10.2,23.17,87.979,83.66,8.25,4.82,2.93,2.35,81.671,18.18,100.0,35.486,False,,0.0,73.453,0.0,0.0,0.0,0.0,0.0,-2.0,0.16,4.545,16.0,0.0,88.623,85.86,88.089,83.779,79.905,100.0,35.449,31.0,1.33,90.676,87.093,100.0,96.837,80.307,100.0,44.239,3.36,5.312,84.461,85.956,19.0,MODERATE
349,2026-06-04 15:15:00+00:00,15,3,-0.707107,-0.707107,0.433884,-0.900969,False,False,EVENING,3.0,6.0,12.0,36.0,69.0,302.0,0.0,0.0,0.0,5.04,4.91,85.27,8.92,85.271,89.216,14.73,1.08,10.26,23.29,87.484,83.203,8.25,4.84,2.91,2.36,81.795,18.18,100.0,35.686,False,,0.0,73.447,0.0,0.0,0.0,0.0,0.0,-4.0,0.0,4.545,18.0,2.18,89.393,86.308,89.553,85.171,77.19,100.0,48.81,30.0,0.0,91.296,87.568,90.602,86.146,80.261,100.0,36.518,8.14,4.562,85.649,86.732,19.48,MODERATE
350,2026-06-04 15:30:00+00:00,15,3,-0.707107,-0.707107,0.433884,-0.900969,False,False,EVENING,1.0,4.0,10.0,36.0,64.0,300.0,0.0,0.0,0.0,1.68,4.999,84.62,8.75,84.616,87.463,15.38,1.25,9.45,21.52,94.206,89.361,8.49,4.83,2.68,2.4,83.226,17.87,100.0,34.985,False,,0.0,74.627,0.0,0.0,0.0,0.0,0.0,-4.0,-0.31,4.468,14.0,0.46,90.807,86.595,89.054,84.697,77.836,100.0,39.066,27.0,0.0,91.187,87.786,90.064,85.657,80.64,100.0,36.475,7.833,7.41,86.67,86.735,19.65,MODERATE
351,2026-06-04 15:45:00+00:00,15,3,-0.707107,-0.707107,0.433884,-0.900969,False,False,EVENING,3.0,4.0,10.0,35.0,67.0,302.0,0.0,0.0,0.0,5.04,2.61,85.24,8.73,85.245,87.251,14.76,1.27,10.26,23.29,87.458,83.178,8.27,4.82,2.9,2.36,81.853,17.87,100.0,34.9,False,,0.0,73.047,0.0,0.0,0.0,0.0,0.0,-5.0,-0.31,4.468,15.0,0.0,89.793,86.501,88.746,84.403,76.849,100.0,35.917,26.0,0.0,90.417,87.841,100.0,100.0,83.186,100.0,36.167,7.815,4.67,87.74,87.414,20.13,MODERATE
352,2026-06-04 16:00:00+00:00,16,3,-0.866025,-0.5,0.433884,-0.900969,False,False,EVENING,4.0,7.0,11.0,39.0,68.0,305.0,0.0,0.0,0.0,6.72,3.71,85.86,8.86,85.86,88.623,14.14,1.14,10.26,23.29,88.089,83.779,7.95,4.83,3.22,2.3,79.905,18.03,100.0,35.449,False,,0.0,73.429,0.0,0.0,0.0,0.0,0.0,-2.0,-0.15,4.508,16.0,1.33,90.676,87.093,100.0,96.837,80.307,100.0,44.239,25.0,0.0,90.801,87.696,92.082,87.513,82.127,100.0,36.32,7.546,6.549,89.466,87.491,20.29,MODERATE
353,2026-06-04 16:15:00+00:00,16,3,-0.866025,-0.5,0.433884,-0.900969,False,False,EVENING,7.0,11.0,15.0,43.0,75.0,308.0,2.18,0.0,0.0,8.105,6.005,86.31,8.94,86.308,89.393,13.69,1.06,10.26,23.29,89.553,85.171,7.42,4.93,3.65,2.22,77.19,18.67,100.0,48.81,False,,4.3,75.176,2.18,2.18,2.18,0.136,2.18,3.0,0.49,5.212,14.0,0.0,91.296,87.568,90.602,86.146,80.261,100.0,36.518,24.0,0.0,89.517,87.577,91.273,86.764,84.098,100.0,35.807,5.627,6.754,89.085,87.247,20.13,MODERATE
354,2026-06-04 16:30:00+00:00,16,3,-0.866025,-0.5,0.433884,-0.900969,False,False,EVENING,3.0,10.0,17.0,41.0,73.0,310.0,0.46,0.2,0.1958,7.927,6.213,86.6,9.08,86.595,90.807,13.4,0.92,10.26,23.29,89.054,84.697,7.5,4.96,3.55,2.24,77.836,18.67,100.0,39.066,False,,0.9,74.362,-1.7200000000000002,0.46,0.46,0.165,2.18,7.0,0.8,4.783,14.0,0.0,91.187,87.786,90.064,85.657,80.64,100.0,36.475,25.0,0.56,90.345,87.649,90.183,85.77,78.295,100.0,39.511,3.36,6.696,87.645,86.557,19.97,MODERATE
355,2026-06-04 16:45:00+00:00,16,3,-0.866025,-0.5,0.433884,-0.900969,False,False,EVENING,2.0,5.0,16.0,41.0,72.0,310.0,0.0,0.04,0.0412,4.128,4.912,86.5,8.98,86.501,89.793,13.5,1.02,10.26,23.29,88.746,84.403,7.34,4.95,3.7,2.21,76.849,18.51,100.0,35.917,False,,0.0,73.683,-0.46,-2.18,0.0,0.165,2.18,6.0,0.64,4.628,15.0,0.0,90.417,87.841,100.0,100.0,83.186,100.0,36.167,23.0,0.0,90.645,87.78,90.059,85.652,80.961,100.0,36.258,7.864,6.721,88.434,86.764,20.29,MODERATE
356,2026-06-04 17:00:00+00:00,17,3,-0.965926,-0.258819,0.433884,-0.900969,False,False,EVENING,6.0,8.0,18.0,42.0,75.0,314.0,1.33,0.0,0.0,7.849,5.127,87.09,9.07,87.093,90.676,12.91,0.93,9.03,20.58,100.0,96.837,7.84,5.01,3.15,2.31,80.307,18.99,100.0,44.239,False,,2.7,77.995,1.33,0.8700000000000001,1.33,0.248,2.18,7.0,0.96,5.08,15.0,0.0,90.801,87.696,92.082,87.513,82.127,100.0,36.32,21.0,0.62,91.402,87.886,90.453,86.027,81.217,100.0,40.269,7.256,5.312,89.282,87.165,20.45,MODERATE
357,2026-06-04 17:15:00+00:00,17,3,-0.965926,-0.258819,0.433884,-0.900969,False,False,EVENING,3.0,9.0,14.0,41.0,75.0,312.0,0.0,0.12,0.1195,7.271,5.12,87.57,9.13,87.568,91.296,12.43,0.87,10.17,23.1,90.602,86.146,7.83,5.01,3.16,2.31,80.261,18.99,100.0,36.518,False,,0.0,74.957,-1.33,0.0,-2.18,0.248,2.18,-1.0,0.32,4.748,16.0,0.0,89.517,87.577,91.273,86.764,84.098,100.0,35.807,18.0,0.0,89.163,87.452,89.722,85.332,82.501,100.0,35.665,1.68,6.188,88.362,86.13,20.13,MODERATE
358,2026-06-04 17:30:00+00:00,17,3,-0.965926,-0.258819,0.433884,-0.900969,False,False,EVENING,4.0,7.0,15.0,42.0,77.0,311.0,0.0,0.0,0.0,6.72,5.895,87.79,9.12,87.786,91.187,12.21,0.88,10.26,23.29,90.064,85.657,7.89,5.01,3.1,2.32,80.64,19.15,100.0,36.475,False,,0.0,74.894,0.0,-1.33,-0.46,0.248,2.18,-2.0,0.48,4.788,13.0,0.56,90.345,87.649,90.183,85.77,78.295,100.0,39.511,24.0,0.0,88.43,87.296,89.562,85.18,80.726,100.0,35.372,0.0,6.414,85.95,84.768,19.65,MODERATE
359,2026-06-04 17:45:00+00:00,17,3,-0.965926,-0.258819,0.433884,-0.900969,False,False,EVENING,3.0,7.0,16.0,42.0,77.0,310.0,0.0,0.0,0.0,5.04,5.124,87.84,9.04,87.841,90.417,12.16,0.96,8.66,19.76,100.0,100.0,8.31,5.0,2.69,2.4,83.186,19.15,100.0,36.167,False,,0.0,77.895,0.0,0.0,0.0,0.248,2.18,0.0,0.64,4.788,11.0,0.0,90.645,87.78,90.059,85.652,80.961,100.0,36.258,25.0,0.0,87.549,86.823,92.223,87.615,81.666,100.0,35.02,3.36,4.861,85.194,84.469,19.49,MODERATE
360,2026-06-04 18:00:00+00:00,18,3,-1.0,-0.0,0.433884,-0.900969,False,False,EVENING,4.0,7.0,14.0,43.0,78.0,311.0,0.0,0.0,0.0,6.72,7.147,87.7,9.08,87.696,90.801,12.3,0.92,10.02,22.77,92.082,87.513,8.14,5.0,2.86,2.37,82.127,19.31,100.0,36.32,False,,0.0,75.396,0.0,0.0,-1.33,0.248,2.18,-4.0,0.32,4.828,10.0,0.62,91.402,87.886,90.453,86.027,81.217,100.0,40.269,29.0,0.0,87.129,86.629,100.0,95.678,79.794,100.0,34.852,1.68,2.903,84.117,84.271,19.17,MODERATE
361,2026-06-04 18:15:00+00:00,18,3,-1.0,-0.0,0.433884,-0.900969,False,False,EVENING,3.0,7.0,14.0,43.0,79.0,312.0,0.0,0.0,0.0,5.04,6.031,87.58,8.95,87.577,89.517,12.42,1.05,10.1,22.94,91.273,86.764,8.47,4.99,2.54,2.42,84.098,19.31,100.0,35.807,False,,0.0,75.104,0.0,0.0,0.0,0.248,2.18,0.0,0.32,4.828,8.0,0.0,89.163,87.452,89.722,85.332,82.501,100.0,35.665,30.0,0.0,88.011,86.903,100.0,97.174,80.149,100.0,35.204,0.0,3.52,81.783,83.624,18.69,MODERATE
362,2026-06-04 18:30:00+00:00,18,3,-1.0,-0.0,0.433884,-0.900969,False,False,EVENING,5.0,8.0,15.0,47.0,83.0,316.0,0.56,0.0,0.0,7.456,6.839,87.65,9.03,87.649,90.345,12.35,0.97,10.26,23.29,90.183,85.77,7.52,5.0,3.47,2.25,78.295,19.64,100.0,39.511,False,,1.2,74.871,0.56,0.56,0.56,0.283,2.18,0.0,0.49,5.05,12.0,0.0,88.43,87.296,89.562,85.18,80.726,100.0,35.372,28.0,0.0,87.534,86.767,89.019,84.664,81.525,100.0,35.014,0.0,3.938,79.903,82.827,18.22,MODERATE
363,2026-06-04 18:45:00+00:00,18,3,-1.0,-0.0,0.433884,-0.900969,False,False,EVENING,3.0,8.0,15.0,47.0,82.0,317.0,0.0,0.05,0.0506,5.984,5.338,87.78,9.06,87.78,90.645,12.22,0.94,10.26,23.29,90.059,85.652,7.95,5.0,3.05,2.33,80.961,19.64,100.0,36.258,False,,0.0,74.812,-0.56,0.0,0.0,0.283,2.18,-1.0,0.49,4.91,12.0,0.0,87.549,86.823,92.223,87.615,81.666,100.0,35.02,27.0,0.0,85.711,86.319,88.559,84.226,79.79,100.0,34.284,3.36,2.942,80.277,82.894,18.06,MODERATE
364,2026-06-04 19:00:00+00:00,19,3,-0.965926,0.258819,0.433884,-0.900969,False,False,EVENING,5.0,8.0,16.0,48.0,87.0,318.0,0.62,0.0,0.0,7.362,6.634,87.89,9.14,87.886,91.402,12.11,0.86,10.26,23.29,90.453,86.027,7.97,5.03,3.01,2.34,81.217,19.96,100.0,40.269,False,,1.3,75.499,0.62,0.05999999999999994,0.62,0.322,2.18,2.0,0.65,5.145,11.0,0.0,87.129,86.629,100.0,95.678,79.794,100.0,34.852,31.0,0.0,84.461,85.956,88.187,83.872,79.584,100.0,33.785,1.68,2.402,78.994,82.842,17.74,MODERATE
365,2026-06-04 19:15:00+00:00,19,3,-0.965926,0.258819,0.433884,-0.900969,False,False,EVENING,0.0,5.0,13.0,41.0,84.0,312.0,0.0,0.06,0.0556,1.038,3.67,87.45,8.92,87.452,89.163,12.55,1.08,10.26,23.29,89.722,85.332,8.2,5.0,2.8,2.38,82.501,19.48,100.0,35.665,False,,0.0,74.504,-0.62,0.0,0.0,0.322,2.18,-1.0,0.17,4.87,10.0,0.0,88.011,86.903,100.0,97.174,80.149,100.0,35.204,33.0,1.15,85.649,86.732,98.407,93.305,79.483,100.0,41.189,0.0,2.705,78.891,82.176,17.26,MODERATE
366,2026-06-04 19:30:00+00:00,19,3,-0.965926,0.258819,0.433884,-0.900969,False,False,EVENING,3.0,3.0,11.0,41.0,82.0,311.0,0.0,0.0,0.0,5.04,5.958,87.3,8.84,87.296,88.43,12.7,1.16,10.26,23.29,89.562,85.18,7.94,4.97,3.08,2.32,80.726,19.48,100.0,35.372,False,,0.0,74.126,0.0,-0.62,-0.56,0.322,2.18,-4.0,-0.16,4.87,12.0,0.0,87.534,86.767,89.019,84.664,81.525,100.0,35.014,28.0,0.49,86.67,86.735,89.214,84.849,80.931,100.0,37.622,0.0,1.644,78.504,81.804,16.78,MODERATE
367,2026-06-04 19:45:00+00:00,19,3,-0.965926,0.258819,0.433884,-0.900969,False,False,EVENING,2.0,5.0,10.0,41.0,82.0,311.0,0.0,0.0,0.0,3.36,5.607,86.82,8.75,86.823,87.549,13.18,1.25,9.91,22.52,92.223,87.615,8.12,4.94,2.93,2.35,81.666,19.32,100.0,35.02,False,,0.0,74.541,0.0,0.0,0.0,0.322,2.18,-5.0,-0.32,4.83,13.0,0.0,85.711,86.319,88.559,84.226,79.79,100.0,34.284,24.0,1.84,87.74,87.414,90.944,86.482,79.224,100.0,46.141,0.0,3.355,77.642,81.051,16.3,MODERATE
368,2026-06-04 20:00:00+00:00,20,3,-0.866025,0.5,0.433884,-0.900969,False,False,EVENING,3.0,5.0,8.0,38.0,80.0,311.0,0.0,0.0,0.0,5.04,5.983,86.63,8.71,86.629,87.129,13.37,1.29,9.03,20.58,100.0,95.678,7.85,4.91,3.23,2.3,79.794,19.32,100.0,34.852,False,,0.0,76.147,0.0,0.0,-0.62,0.322,2.18,-8.0,-0.64,4.83,18.0,0.0,84.461,85.956,88.187,83.872,79.584,100.0,33.785,20.0,1.35,89.466,87.491,100.0,100.0,81.916,100.0,43.883,5.04,2.232,78.654,81.652,16.3,MODERATE
369,2026-06-04 20:15:00+00:00,20,3,-0.866025,0.5,0.433884,-0.900969,False,False,EVENING,4.0,7.0,12.0,39.0,80.0,315.0,0.0,0.0,0.0,6.72,5.27,86.9,8.8,86.903,88.011,13.1,1.2,8.91,20.33,100.0,97.174,7.93,4.9,3.18,2.31,80.149,19.48,100.0,35.204,False,,0.0,76.595,0.0,0.0,0.0,0.186,1.33,-1.0,0.0,4.87,20.0,1.15,85.649,86.732,98.407,93.305,79.483,100.0,41.189,17.0,0.0,89.085,87.247,100.0,100.0,78.405,100.0,35.634,1.68,2.964,77.497,81.447,15.98,MODERATE
370,2026-06-04 20:30:00+00:00,20,3,-0.866025,0.5,0.433884,-0.900969,False,False,EVENING,3.0,7.0,12.0,38.0,80.0,317.0,0.0,0.0,0.0,5.04,5.774,86.77,8.75,86.767,87.534,13.23,1.25,10.26,23.29,89.019,84.664,8.16,4.88,2.96,2.35,81.525,19.48,100.0,35.014,False,,0.0,73.775,0.0,0.0,0.0,0.157,1.33,1.0,0.0,4.87,16.0,0.49,86.67,86.735,89.214,84.849,80.931,100.0,37.622,15.0,0.0,87.645,86.557,100.0,100.0,80.364,100.0,35.058,0.0,3.309,77.497,80.619,15.5,MODERATE
371,2026-06-04 20:45:00+00:00,20,3,-0.866025,0.5,0.433884,-0.900969,False,False,EVENING,1.0,4.0,11.0,36.0,78.0,314.0,0.0,0.0,0.0,1.68,4.203,86.32,8.57,86.319,85.711,13.68,1.43,10.26,23.29,88.559,84.226,7.92,4.85,3.23,2.3,79.79,19.16,100.0,34.284,False,,0.0,73.048,0.0,0.0,0.0,0.157,1.33,1.0,-0.16,4.79,14.0,1.84,87.74,87.414,90.944,86.482,79.224,100.0,46.141,13.0,0.32,88.434,86.764,100.0,100.0,78.546,100.0,37.288,3.36,1.455,77.796,81.066,15.34,MODERATE
372,2026-06-04 21:00:00+00:00,21,3,-0.707107,0.707107,0.433884,-0.900969,False,False,EVENING,2.0,3.0,10.0,34.0,77.0,307.0,0.0,0.0,0.0,3.36,5.312,85.96,8.45,85.956,84.461,14.04,1.55,10.26,23.29,88.187,83.872,7.93,4.81,3.27,2.29,79.584,19.0,100.0,33.785,False,,0.0,72.612,0.0,0.0,0.0,0.074,0.62,2.0,-0.32,4.75,13.0,1.35,89.466,87.491,100.0,100.0,81.916,100.0,43.883,10.0,0.0,89.282,87.165,100.0,100.0,77.877,100.0,35.713,0.0,3.119,76.64,80.402,14.86,MODERATE
373,2026-06-04 21:15:00+00:00,21,3,-0.707107,0.707107,0.433884,-0.900969,False,False,EVENING,6.0,8.0,12.0,37.0,80.0,308.0,1.15,0.0,0.0,8.14,4.562,86.73,8.56,86.732,85.649,13.27,1.44,9.33,21.25,98.407,93.305,7.89,4.83,3.28,2.29,79.483,19.48,100.0,41.189,False,,2.3,76.106,1.15,1.15,1.15,0.146,1.15,0.0,0.0,5.158,13.0,0.0,89.085,87.247,100.0,100.0,78.405,100.0,35.634,7.0,0.0,88.362,86.13,100.0,100.0,78.095,100.0,35.345,1.68,1.999,76.053,80.381,14.54,MODERATE
374,2026-06-04 21:30:00+00:00,21,3,-0.707107,0.707107,0.433884,-0.900969,False,False,EVENING,4.0,10.0,13.0,36.0,83.0,306.0,0.49,0.1,0.1039,7.833,7.41,86.74,8.67,86.735,86.67,13.26,1.33,10.26,23.29,89.214,84.849,8.11,4.83,3.05,2.33,80.931,19.65,100.0,37.622,False,,1.0,73.901,-0.6599999999999999,0.49,0.49,0.176,1.15,1.0,0.17,5.035,12.0,0.0,87.645,86.557,100.0,100.0,80.364,100.0,35.058,6.0,0.0,85.95,84.768,100.0,100.0,77.314,100.0,34.38,0.0,1.216,74.276,80.254,14.07,MODERATE
375,2026-06-04 21:45:00+00:00,21,3,-0.707107,0.707107,0.433884,-0.900969,False,False,EVENING,6.0,10.0,18.0,39.0,86.0,304.0,1.84,0.04,0.0241,7.815,4.67,87.41,8.77,87.414,87.74,12.59,1.23,10.21,23.19,90.944,86.482,7.78,4.9,3.32,2.28,79.224,20.13,100.0,46.141,False,,3.8,75.378,1.35,0.6900000000000002,1.84,0.291,1.84,7.0,0.97,5.492,10.0,0.32,88.434,86.764,100.0,100.0,78.546,100.0,37.288,6.0,0.0,85.194,84.469,100.0,100.0,79.873,100.0,34.078,1.68,1.578,73.427,80.365,13.75,MODERATE
376,2026-06-04 22:00:00+00:00,22,3,-0.5,0.866025,0.433884,-0.900969,False,False,NIGHT,4.0,10.0,20.0,38.0,86.0,300.0,1.35,0.17,0.1228,7.546,6.549,87.49,8.95,87.491,89.466,12.51,1.05,5.97,17.33,100.0,100.0,8.15,4.95,2.89,2.36,81.916,20.29,100.0,43.883,False,,2.9,78.378,-0.49,0.8600000000000001,1.35,0.376,1.84,10.0,1.29,5.41,7.0,0.0,89.282,87.165,100.0,100.0,77.877,100.0,35.713,4.0,0.0,84.117,84.271,100.0,100.0,78.043,100.0,33.647,1.68,3.354,73.433,79.946,13.43,MODERATE
377,2026-06-04 22:15:00+00:00,22,3,-0.5,0.866025,0.433884,-0.900969,False,False,NIGHT,2.0,6.0,16.0,40.0,81.0,294.0,0.0,0.12,0.1214,5.627,6.754,87.25,8.91,87.247,89.085,12.75,1.09,5.46,16.21,100.0,100.0,7.6,4.94,3.46,2.26,78.405,20.13,100.0,35.634,False,,0.0,77.068,-1.35,-1.84,-1.15,0.376,1.84,4.0,0.65,5.032,4.0,0.0,88.362,86.13,100.0,100.0,78.095,100.0,35.345,6.0,0.0,81.783,83.624,100.0,100.0,76.192,100.0,32.713,1.68,1.283,72.936,80.095,13.11,MODERATE
378,2026-06-04 22:30:00+00:00,22,3,-0.5,0.866025,0.433884,-0.900969,False,False,NIGHT,2.0,4.0,14.0,39.0,80.0,286.0,0.0,0.0,0.0,3.36,6.696,86.56,8.76,86.557,87.645,13.44,1.24,6.27,17.99,100.0,100.0,7.94,4.92,3.14,2.31,80.364,19.97,100.0,35.058,False,,0.0,76.804,0.0,-1.35,-0.49,0.341,1.84,1.0,0.32,4.992,3.0,0.0,85.95,84.768,100.0,100.0,77.314,100.0,34.38,7.0,0.0,79.903,82.827,100.0,100.0,73.103,100.0,31.961,1.68,1.888,72.733,80.063,12.79,MODERATE
379,2026-06-04 22:45:00+00:00,22,3,-0.5,0.866025,0.433884,-0.900969,False,False,NIGHT,5.0,7.0,13.0,42.0,83.0,286.0,0.32,0.0,0.0,7.864,6.721,86.76,8.84,86.764,88.434,13.24,1.16,6.27,17.99,100.0,100.0,7.65,4.92,3.43,2.26,78.546,20.29,100.0,37.288,False,,0.6,77.049,0.32,0.32,-1.52,0.361,1.84,-5.0,0.16,5.152,3.0,0.0,85.194,84.469,100.0,100.0,79.873,100.0,34.078,7.0,0.0,80.277,82.894,100.0,100.0,75.21,100.0,32.111,0.0,2.315,71.32,79.625,12.31,MODERATE
380,2026-06-04 23:00:00+00:00,23,3,-0.258819,0.965926,0.433884,-0.900969,False,False,NIGHT,4.0,9.0,13.0,43.0,81.0,284.0,0.0,0.03,0.0287,7.256,5.312,87.17,8.93,87.165,89.282,12.83,1.07,4.32,13.71,100.0,100.0,7.54,4.92,3.54,2.24,77.877,20.45,100.0,35.713,False,,0.0,77.042,-0.32,0.0,-1.35,0.322,1.84,-7.0,0.16,5.112,3.0,0.0,84.117,84.271,100.0,100.0,78.043,100.0,33.647,7.0,0.0,78.994,82.842,100.0,100.0,74.968,100.0,31.597,1.68,3.023,71.416,79.28,11.99,MODERATE
381,2026-06-04 23:15:00+00:00,23,3,-0.258819,0.965926,0.433884,-0.900969,False,False,NIGHT,1.0,5.0,12.0,40.0,79.0,274.0,0.0,0.0,0.0,1.68,6.188,86.13,8.84,86.13,88.362,13.87,1.16,6.27,17.99,100.0,100.0,7.59,4.91,3.5,2.25,78.095,20.13,100.0,35.345,False,,0.0,76.65,0.0,-0.32,0.0,0.322,1.84,-4.0,0.0,5.032,3.0,0.0,81.783,83.624,100.0,100.0,76.192,100.0,32.713,6.0,0.0,78.891,82.176,100.0,100.0,74.867,100.0,31.556,1.68,2.246,71.68,79.112,11.67,MODERATE
382,2026-06-04 23:30:00+00:00,23,3,-0.258819,0.965926,0.433884,-0.900969,False,False,NIGHT,0.0,1.0,10.0,37.0,75.0,261.0,0.0,0.0,0.0,0.0,6.414,84.77,8.6,84.768,85.95,15.23,1.4,6.26,17.97,100.0,100.0,7.5,4.87,3.63,2.23,77.314,19.65,100.0,34.38,False,,0.0,75.797,0.0,0.0,0.0,0.322,1.84,-4.0,-0.32,4.912,3.0,0.0,79.903,82.827,100.0,100.0,73.103,100.0,31.961,7.0,0.0,78.504,81.804,100.0,100.0,74.23,100.0,31.401,0.0,1.881,71.578,78.652,11.19,MODERATE
383,2026-06-04 23:45:00+00:00,23,3,-0.258819,0.965926,0.433884,-0.900969,False,False,NIGHT,2.0,2.0,7.0,38.0,74.0,257.0,0.0,0.0,0.0,3.36,4.861,84.47,8.52,84.469,85.194,15.53,1.48,6.27,17.99,100.0,100.0,7.95,4.83,3.22,2.3,79.873,19.49,100.0,34.078,False,,0.0,75.811,0.0,0.0,-0.32,0.322,1.84,-6.0,-0.8,4.872,3.0,0.0,80.277,82.894,100.0,100.0,75.21,100.0,32.111,7.0,0.0,77.642,81.051,100.0,100.0,72.421,100.0,31.057,6.72,3.387,73.516,79.292,11.35,MODERATE
384,2026-06-05 00:00:00+00:00,0,4,0.0,1.0,-0.433884,-0.900969,False,False,NIGHT,1.0,3.0,4.0,37.0,71.0,254.0,0.0,0.0,0.0,1.68,2.903,84.27,8.41,84.271,84.117,15.73,1.59,6.27,17.99,100.0,100.0,7.7,4.79,3.51,2.25,78.043,19.17,100.0,33.647,False,,0.0,75.387,0.0,0.0,0.0,0.322,1.84,-9.0,-1.28,4.792,1.0,0.0,78.994,82.842,100.0,100.0,74.968,100.0,31.597,8.0,0.0,78.654,81.652,100.0,100.0,69.662,100.0,31.461,5.04,1.526,74.635,80.058,11.35,MODERATE
385,2026-06-05 00:15:00+00:00,0,4,0.0,1.0,-0.433884,-0.900969,False,False,NIGHT,0.0,1.0,3.0,31.0,68.0,247.0,0.0,0.0,0.0,0.0,3.52,83.62,8.18,83.624,81.783,16.38,1.82,6.27,17.99,100.0,100.0,7.46,4.73,3.81,2.19,76.192,18.69,100.0,32.713,False,,0.0,74.611,0.0,0.0,0.0,0.322,1.84,-9.0,-1.44,4.672,3.0,0.0,78.891,82.176,100.0,100.0,74.867,100.0,31.556,6.0,0.0,77.497,81.447,100.0,100.0,71.822,100.0,30.999,0.0,1.943,73.878,79.648,10.87,MODERATE
386,2026-06-05 00:30:00+00:00,0,4,0.0,1.0,-0.433884,-0.900969,False,False,NIGHT,0.0,0.0,3.0,27.0,63.0,241.0,0.0,0.0,0.0,0.0,3.938,82.83,7.99,82.827,79.903,17.17,2.01,6.27,17.99,100.0,100.0,7.03,4.67,4.3,2.11,73.103,18.22,100.0,31.961,False,,0.0,73.782,0.0,0.0,0.0,0.322,1.84,-7.0,-1.43,4.555,4.0,0.0,78.504,81.804,100.0,100.0,74.23,100.0,31.401,6.0,0.0,77.497,80.619,100.0,100.0,69.794,100.0,30.999,1.68,2.071,74.592,79.479,10.56,MODERATE
387,2026-06-05 00:45:00+00:00,0,4,0.0,1.0,-0.433884,-0.900969,False,False,NIGHT,2.0,2.0,3.0,23.0,62.0,240.0,0.0,0.0,0.0,3.36,2.942,82.89,8.03,82.894,80.277,17.11,1.97,5.87,17.11,100.0,100.0,7.42,4.62,3.97,2.17,75.21,18.06,100.0,32.111,False,,0.0,74.061,0.0,0.0,0.0,0.322,1.84,-4.0,-1.43,4.515,4.0,0.0,77.642,81.051,100.0,100.0,72.421,100.0,31.057,7.0,0.0,77.796,81.066,100.0,100.0,68.299,100.0,31.118,1.68,2.785,75.044,79.158,10.24,MODERATE
388,2026-06-05 01:00:00+00:00,1,4,0.258819,0.965926,-0.433884,-0.900969,False,False,NIGHT,1.0,3.0,3.0,20.0,58.0,239.0,0.0,0.0,0.0,1.68,2.402,82.84,7.9,82.842,78.994,17.16,2.1,6.27,17.99,100.0,100.0,7.43,4.56,4.01,2.16,74.968,17.74,100.0,31.597,False,,0.0,73.771,0.0,0.0,0.0,0.322,1.84,-1.0,-1.43,4.435,6.0,0.0,78.654,81.652,100.0,100.0,69.662,100.0,31.461,5.0,0.0,76.64,80.402,100.0,100.0,71.253,100.0,30.656,3.36,1.349,76.449,79.52,10.08,MODERATE
389,2026-06-05 01:15:00+00:00,1,4,0.258819,0.965926,-0.433884,-0.900969,False,False,NIGHT,0.0,1.0,3.0,18.0,58.0,238.0,0.0,0.0,0.0,0.0,2.705,82.18,7.89,82.176,78.891,17.82,2.11,6.27,17.99,100.0,100.0,7.46,4.52,4.02,2.16,74.867,17.26,100.0,31.556,False,,0.0,73.595,0.0,0.0,0.0,0.25,1.84,0.0,-1.43,4.315,3.0,0.0,77.497,81.447,100.0,100.0,71.822,100.0,30.999,6.0,0.0,76.053,80.381,100.0,100.0,68.923,100.0,30.421,5.04,2.039,78.591,80.056,10.08,MODERATE
390,2026-06-05 01:30:00+00:00,1,4,0.258819,0.965926,-0.433884,-0.900969,False,False,NIGHT,0.0,0.0,3.0,16.0,55.0,233.0,0.0,0.0,0.0,0.0,1.644,81.8,7.85,81.804,78.504,18.2,2.15,6.27,17.99,100.0,100.0,7.4,4.48,4.12,2.14,74.23,16.78,100.0,31.401,False,,0.0,73.378,0.0,0.0,0.0,0.219,1.84,0.0,-1.44,4.195,3.0,0.0,77.497,80.619,100.0,100.0,69.794,100.0,30.999,6.0,0.0,74.276,80.254,100.0,100.0,67.618,100.0,29.71,3.36,2.393,80.019,80.155,9.92,MODERATE
391,2026-06-05 01:45:00+00:00,1,4,0.258819,0.965926,-0.433884,-0.900969,False,False,NIGHT,0.0,0.0,1.0,11.0,53.0,232.0,0.0,0.0,0.0,0.0,3.355,81.05,7.76,81.051,77.642,18.95,2.24,6.27,17.99,100.0,100.0,7.15,4.44,4.41,2.09,72.421,16.3,100.0,31.057,False,,0.0,72.878,0.0,0.0,0.0,0.104,1.35,-2.0,-1.76,4.075,3.0,0.0,77.796,81.066,100.0,100.0,68.299,100.0,31.118,6.0,0.0,73.427,80.365,100.0,100.0,71.177,100.0,29.371,3.36,1.921,79.886,80.528,9.76,MODERATE
392,2026-06-05 02:00:00+00:00,2,4,0.5,0.866025,-0.433884,-0.900969,False,False,NIGHT,3.0,3.0,3.0,10.0,53.0,234.0,0.0,0.0,0.0,5.04,2.232,81.65,7.87,81.652,78.654,18.35,2.13,6.08,17.58,100.0,100.0,6.73,4.41,4.85,2.01,69.662,16.3,100.0,31.461,False,,0.0,72.964,0.0,0.0,0.0,0.02,0.32,0.0,-1.44,4.075,2.0,0.0,76.64,80.402,100.0,100.0,71.253,100.0,30.656,9.0,0.0,73.433,79.946,100.0,100.0,72.802,100.0,29.373,3.36,3.217,80.665,80.486,9.6,MODERATE
393,2026-06-05 02:15:00+00:00,2,4,0.5,0.866025,-0.433884,-0.900969,False,False,NIGHT,1.0,4.0,4.0,10.0,50.0,233.0,0.0,0.0,0.0,1.68,2.964,81.45,7.75,81.447,77.497,18.55,2.25,6.27,17.99,100.0,100.0,7.11,4.38,4.51,2.07,71.822,15.98,100.0,30.999,False,,0.0,72.882,0.0,0.0,0.0,0.02,0.32,1.0,-1.28,3.995,3.0,0.0,76.053,80.381,100.0,100.0,68.923,100.0,30.421,11.0,0.0,72.936,80.095,100.0,100.0,72.911,100.0,29.174,1.68,2.261,81.078,80.299,9.28,MODERATE
394,2026-06-05 02:30:00+00:00,2,4,0.5,0.866025,-0.433884,-0.900969,False,False,NIGHT,0.0,1.0,4.0,10.0,47.0,233.0,0.0,0.0,0.0,0.0,3.309,80.62,7.75,80.619,77.497,19.38,2.25,6.27,17.99,100.0,100.0,6.81,4.36,4.83,2.01,69.794,15.5,100.0,30.999,False,,0.0,72.517,0.0,0.0,0.0,0.02,0.32,1.0,-1.28,3.875,3.0,0.0,74.276,80.254,100.0,100.0,67.618,100.0,29.71,10.0,0.0,72.733,80.063,100.0,100.0,73.103,100.0,29.093,1.68,1.749,80.818,80.308,8.96,MODERATE
395,2026-06-05 02:45:00+00:00,2,4,0.5,0.866025,-0.433884,-0.900969,False,False,NIGHT,2.0,2.0,6.0,10.0,48.0,235.0,0.0,0.0,0.0,3.36,1.455,81.07,7.78,81.066,77.796,18.93,2.22,6.27,17.99,100.0,100.0,6.58,4.34,5.07,1.97,68.299,15.34,100.0,31.118,False,,0.0,72.541,0.0,0.0,0.0,0.0,0.0,5.0,-0.96,3.835,4.0,0.0,73.427,80.365,100.0,100.0,71.177,100.0,29.371,10.0,0.0,71.32,79.625,100.0,100.0,71.191,100.0,28.528,5.04,2.103,81.987,80.925,8.96,MODERATE
396,2026-06-05 03:00:00+00:00,3,4,0.707107,0.707107,-0.433884,-0.900969,False,False,NIGHT,0.0,2.0,3.0,9.0,46.0,235.0,0.0,0.0,0.0,0.0,3.119,80.4,7.66,80.402,76.64,19.6,2.34,6.27,17.99,100.0,100.0,7.08,4.32,4.6,2.05,71.253,14.86,100.0,30.656,False,,0.0,72.429,0.0,0.0,0.0,0.0,0.0,0.0,-1.44,3.715,3.0,0.0,73.433,79.946,100.0,100.0,72.802,100.0,29.373,11.0,0.0,71.416,79.28,100.0,100.0,66.911,100.0,28.566,6.72,0.874,83.187,82.267,9.12,MODERATE
397,2026-06-05 03:15:00+00:00,3,4,0.707107,0.707107,-0.433884,-0.900969,False,False,NIGHT,1.0,1.0,3.0,10.0,41.0,234.0,0.0,0.0,0.0,1.68,1.999,80.38,7.61,80.381,76.053,19.62,2.39,6.27,17.99,100.0,100.0,6.74,4.29,4.97,1.98,68.923,14.54,100.0,30.421,False,,0.0,72.097,0.0,0.0,0.0,0.0,0.0,-1.0,-1.44,3.635,3.0,0.0,72.936,80.095,100.0,100.0,72.911,100.0,29.174,12.0,0.0,71.68,79.112,100.0,100.0,67.816,100.0,28.672,1.68,3.697,82.07,81.874,8.8,MODERATE
398,2026-06-05 03:30:00+00:00,3,4,0.707107,0.707107,-0.433884,-0.900969,False,False,NIGHT,0.0,1.0,3.0,10.0,37.0,233.0,0.0,0.0,0.0,0.0,1.216,80.25,7.43,80.254,74.276,19.75,2.57,6.27,17.99,100.0,100.0,6.57,4.25,5.18,1.95,67.618,14.07,100.0,29.71,False,,0.0,71.597,0.0,0.0,0.0,0.0,0.0,-1.0,-1.43,3.518,3.0,0.0,72.733,80.063,100.0,100.0,73.103,100.0,29.093,14.0,0.0,71.578,78.652,100.0,99.341,64.793,100.0,28.631,5.04,4.159,81.837,82.118,8.81,MODERATE
399,2026-06-05 03:45:00+00:00,3,4,0.707107,0.707107,-0.433884,-0.900969,False,False,NIGHT,1.0,1.0,2.0,9.0,32.0,234.0,0.0,0.0,0.0,1.68,1.578,80.36,7.34,80.365,73.427,19.64,2.66,6.27,17.99,100.0,100.0,7.18,4.21,4.61,2.05,71.177,13.75,100.0,29.371,False,,0.0,71.772,0.0,0.0,0.0,0.0,0.0,-4.0,-1.59,3.438,2.0,0.0,71.32,79.625,100.0,100.0,71.191,100.0,28.528,16.0,0.0,73.516,79.292,100.0,100.0,67.467,100.0,29.406,1.68,4.159,81.183,81.563,8.49,MODERATE
400,2026-06-05 04:00:00+00:00,4,4,0.866025,0.5,-0.433884,-0.900969,False,False,NIGHT,1.0,2.0,3.0,9.0,29.0,235.0,0.0,0.0,0.0,1.68,3.354,79.95,7.34,79.946,73.433,20.05,2.66,4.98,15.15,100.0,100.0,7.47,4.17,4.35,2.1,72.802,13.43,100.0,29.373,False,,0.0,71.827,0.0,0.0,0.0,0.0,0.0,0.0,-1.43,3.358,6.0,0.0,71.416,79.28,100.0,100.0,66.911,100.0,28.566,14.0,0.0,74.635,80.058,72.02,67.835,67.55,100.0,29.854,3.36,1.8,81.56,81.916,8.33,MODERATE
401,2026-06-05 04:15:00+00:00,4,4,0.866025,0.5,-0.433884,-0.900969,False,False,NIGHT,1.0,2.0,3.0,10.0,28.0,233.0,0.0,0.0,0.0,1.68,1.283,80.09,7.29,80.095,72.936,19.91,2.71,6.27,17.99,100.0,100.0,7.52,4.14,4.33,2.1,72.911,13.11,100.0,29.174,False,,0.0,71.77,0.0,0.0,0.0,0.0,0.0,0.0,-1.43,3.278,8.0,0.0,71.68,79.112,100.0,100.0,67.816,100.0,28.672,13.0,0.0,73.878,79.648,83.381,78.022,71.084,100.0,29.551,6.72,3.795,82.933,82.51,8.49,MODERATE
402,2026-06-05 04:30:00+00:00,4,4,0.866025,0.5,-0.433884,-0.900969,False,False,NIGHT,1.0,2.0,4.0,11.0,27.0,233.0,0.0,0.0,0.0,1.68,1.888,80.06,7.27,80.063,72.733,19.94,2.73,5.96,17.32,100.0,100.0,7.58,4.11,4.3,2.11,73.103,12.79,100.0,29.093,False,,0.0,71.74,0.0,0.0,0.0,0.0,0.0,1.0,-1.28,3.198,7.0,0.0,71.578,78.652,100.0,99.341,64.793,100.0,28.631,14.0,0.0,74.592,79.479,69.893,65.891,72.349,100.0,29.837,6.72,4.419,83.312,83.047,8.65,MODERATE
403,2026-06-05 04:45:00+00:00,4,4,0.866025,0.5,-0.433884,-0.900969,False,False,NIGHT,0.0,1.0,3.0,11.0,22.0,230.0,0.0,0.0,0.0,0.0,2.315,79.63,7.13,79.625,71.32,20.37,2.87,6.27,17.99,100.0,100.0,7.32,4.07,4.61,2.05,71.191,12.31,100.0,28.528,False,,0.0,71.189,0.0,0.0,0.0,0.0,0.0,1.0,-1.44,3.078,8.0,0.0,73.516,79.292,100.0,100.0,67.467,100.0,29.406,14.0,0.0,75.044,79.158,69.61,65.625,68.914,100.0,30.018,1.68,3.494,82.383,82.686,8.33,MODERATE
404,2026-06-05 05:00:00+00:00,5,4,0.965926,0.258819,-0.433884,-0.900969,False,False,NIGHT,1.0,1.0,3.0,9.0,19.0,231.0,0.0,0.0,0.0,1.68,3.023,79.28,7.14,79.28,71.416,20.72,2.86,5.44,16.16,100.0,100.0,6.66,4.05,5.29,1.93,66.911,11.99,100.0,28.566,False,,0.0,70.747,0.0,0.0,0.0,0.0,0.0,0.0,-1.44,2.998,5.0,0.0,74.635,80.058,72.02,67.835,67.55,100.0,29.854,16.0,0.0,76.449,79.52,69.929,65.925,70.468,100.0,30.58,3.36,2.365,82.505,82.923,8.17,MODERATE
405,2026-06-05 05:15:00+00:00,5,4,0.965926,0.258819,-0.433884,-0.900969,False,False,NIGHT,1.0,2.0,3.0,9.0,19.0,230.0,0.0,0.0,0.0,1.68,2.246,79.11,7.17,79.112,71.68,20.89,2.83,4.35,13.76,100.0,100.0,6.83,4.02,5.15,1.95,67.816,11.67,100.0,28.672,False,,0.0,70.844,0.0,0.0,0.0,0.0,0.0,0.0,-1.44,2.918,4.0,0.0,73.878,79.648,83.381,78.022,71.084,100.0,29.551,18.0,0.0,78.591,80.056,70.4,66.369,69.9,100.0,31.436,5.04,4.328,83.679,82.984,8.17,MODERATE
406,2026-06-05 05:30:00+00:00,5,4,0.965926,0.258819,-0.433884,-0.900969,False,False,NIGHT,0.0,1.0,2.0,9.0,19.0,226.0,0.0,0.0,0.0,0.0,1.881,78.65,7.16,78.652,71.578,21.35,2.84,6.27,17.99,100.0,99.341,6.36,4.01,5.63,1.87,64.793,11.19,100.0,28.631,False,,0.0,70.371,0.0,0.0,0.0,0.0,0.0,-2.0,-1.6,2.798,7.0,0.0,74.592,79.479,69.893,65.891,72.349,100.0,29.837,16.0,0.0,80.019,80.155,70.487,66.451,69.361,100.0,32.008,3.36,4.783,83.282,82.667,8.01,MODERATE
407,2026-06-05 05:45:00+00:00,5,4,0.965926,0.258819,-0.433884,-0.900969,False,False,NIGHT,4.0,4.0,6.0,11.0,21.0,230.0,0.0,0.0,0.0,6.72,3.387,79.29,7.35,79.292,73.516,20.71,2.65,6.27,17.99,100.0,100.0,6.78,4.01,5.21,1.94,67.467,11.35,100.0,29.406,False,,0.0,71.219,0.0,0.0,0.0,0.0,0.0,3.0,-0.96,2.838,8.0,0.0,75.044,79.158,69.61,65.625,68.914,100.0,30.018,17.0,0.0,79.886,80.528,80.789,75.743,71.737,100.0,31.954,9.375,3.951,85.602,83.791,8.65,MODERATE
408,2026-06-05 06:00:00+00:00,6,4,1.0,0.0,-0.433884,-0.900969,False,False,MORNING,3.0,7.0,8.0,14.0,23.0,231.0,0.0,0.0,0.0,5.04,1.526,80.06,7.46,80.058,74.635,19.94,2.54,11.7,26.82,72.02,67.835,6.78,4.03,5.19,1.95,67.55,11.35,100.0,29.854,False,,0.0,64.402,0.0,0.0,0.0,0.0,0.0,5.0,-0.64,2.838,9.0,0.0,76.449,79.52,69.929,65.925,70.468,100.0,30.58,16.0,0.0,80.665,80.486,70.778,66.726,70.433,100.0,32.266,7.425,3.787,86.964,84.565,8.65,NORMAL
409,2026-06-05 06:15:00+00:00,6,4,1.0,0.0,-0.433884,-0.900969,False,False,MORNING,0.0,3.0,7.0,13.0,23.0,228.0,0.0,0.0,0.0,0.0,1.943,79.65,7.39,79.648,73.878,20.35,2.61,10.06,23.2,83.381,78.022,7.33,4.04,4.63,2.05,71.084,10.87,100.0,29.551,False,,0.0,67.064,0.0,0.0,0.0,0.0,0.0,4.0,-0.8,2.718,9.0,0.0,78.591,80.056,70.4,66.369,69.9,100.0,31.436,16.0,0.0,81.078,80.299,70.614,66.571,68.424,100.0,32.431,3.36,2.984,86.543,84.701,8.49,NORMAL
410,2026-06-05 06:30:00+00:00,6,4,1.0,0.0,-0.433884,-0.900969,False,False,MORNING,1.0,1.0,8.0,14.0,24.0,228.0,0.0,0.0,0.0,1.68,2.071,79.48,7.46,79.479,74.592,20.52,2.54,11.97,27.41,69.893,65.891,7.52,4.05,4.42,2.08,72.349,10.56,100.0,29.837,False,,0.0,64.209,0.0,0.0,0.0,0.0,0.0,6.0,-0.63,2.64,7.0,0.0,80.019,80.155,70.487,66.451,69.361,100.0,32.008,19.0,0.0,80.818,80.308,70.622,66.578,69.516,100.0,32.327,1.68,4.813,85.495,84.022,8.18,NORMAL
411,2026-06-05 06:45:00+00:00,6,4,1.0,0.0,-0.433884,-0.900969,False,False,MORNING,1.0,2.0,5.0,14.0,23.0,229.0,0.0,0.0,0.0,1.68,2.785,79.16,7.5,79.158,75.044,20.84,2.5,11.97,27.41,69.61,65.625,6.96,4.07,4.97,1.98,68.914,10.24,100.0,30.018,False,,0.0,63.854,0.0,0.0,0.0,0.0,0.0,-1.0,-1.11,2.56,6.0,0.0,79.886,80.528,80.789,75.743,71.737,100.0,31.954,22.0,0.0,81.987,80.925,73.507,69.208,68.645,100.0,32.795,8.837,4.216,87.243,85.003,8.66,NORMAL
412,2026-06-05 07:00:00+00:00,7,4,0.965926,-0.258819,-0.433884,-0.900969,False,False,MORNING,2.0,3.0,4.0,15.0,24.0,230.0,0.0,0.0,0.0,3.36,1.349,79.52,7.64,79.52,76.449,20.48,2.36,11.97,27.41,69.929,65.925,7.18,4.09,4.73,2.03,70.468,10.08,100.0,30.58,False,,0.0,64.429,0.0,0.0,0.0,0.0,0.0,-4.0,-1.27,2.52,7.0,0.0,80.665,80.486,70.778,66.726,70.433,100.0,32.266,20.0,0.0,83.187,82.267,75.543,71.094,70.862,100.0,33.275,2.923,5.536,85.984,84.475,8.34,NORMAL
413,2026-06-05 07:15:00+00:00,7,4,0.965926,-0.258819,-0.433884,-0.900969,False,False,MORNING,3.0,5.0,7.0,17.0,27.0,231.0,0.0,0.0,0.0,5.04,2.039,80.06,7.86,80.056,78.591,19.94,2.14,11.97,27.41,70.4,66.369,7.04,4.14,4.82,2.01,69.9,10.08,100.0,31.436,False,,0.0,65.034,0.0,0.0,0.0,0.0,0.0,0.0,-0.79,2.52,9.0,0.0,81.078,80.299,70.614,66.571,68.424,100.0,32.431,18.0,0.0,82.07,81.874,72.095,67.963,68.96,100.0,32.828,5.04,4.907,86.114,84.495,8.34,NORMAL
414,2026-06-05 07:30:00+00:00,7,4,0.965926,-0.258819,-0.433884,-0.900969,False,False,MORNING,2.0,5.0,8.0,18.0,29.0,232.0,0.0,0.0,0.0,3.36,2.393,80.15,8.0,80.155,80.019,19.85,2.0,11.97,27.41,70.487,66.451,6.91,4.19,4.9,2.0,69.361,9.92,100.0,32.008,False,,0.0,65.313,0.0,0.0,0.0,0.0,0.0,0.0,-0.64,2.48,9.0,0.0,80.818,80.308,70.622,66.578,69.516,100.0,32.327,20.0,0.0,81.837,82.118,72.214,68.079,69.713,100.0,32.735,3.36,4.244,85.404,84.345,8.18,NORMAL
415,2026-06-05 07:45:00+00:00,7,4,0.965926,-0.258819,-0.433884,-0.900969,False,False,MORNING,2.0,4.0,9.0,20.0,31.0,233.0,0.0,0.0,0.0,3.36,1.921,80.53,7.99,80.528,79.886,19.47,2.01,10.49,24.16,80.789,75.743,7.25,4.23,4.52,2.07,71.737,9.76,100.0,31.954,False,,0.0,67.934,0.0,0.0,0.0,0.0,0.0,4.0,-0.48,2.44,11.0,0.0,81.987,80.925,73.507,69.208,68.645,100.0,32.795,19.0,0.0,81.183,81.563,71.726,67.619,73.153,100.0,32.473,6.72,4.402,85.968,84.869,8.34,NORMAL
416,2026-06-05 08:00:00+00:00,8,4,0.866025,-0.5,-0.433884,-0.900969,False,False,MORNING,2.0,4.0,9.0,21.0,30.0,230.0,0.0,0.0,0.0,3.36,3.217,80.49,8.07,80.486,80.665,19.51,1.93,11.97,27.41,70.778,66.726,7.0,4.27,4.73,2.03,70.433,9.6,100.0,32.266,False,,0.0,65.679,0.0,0.0,0.0,0.0,0.0,5.0,-0.48,2.4,9.0,0.0,83.187,82.267,75.543,71.094,70.862,100.0,33.275,25.0,0.0,81.56,81.916,72.036,67.911,73.699,100.0,32.624,3.36,3.745,85.247,84.845,8.18,NORMAL
417,2026-06-05 08:15:00+00:00,8,4,0.866025,-0.5,-0.433884,-0.900969,False,False,MORNING,1.0,3.0,7.0,21.0,30.0,229.0,0.0,0.0,0.0,1.68,2.261,80.3,8.11,80.299,81.078,19.7,1.89,11.97,27.41,70.614,66.571,6.64,4.31,5.05,1.97,68.424,9.28,100.0,32.431,False,,0.0,65.502,0.0,0.0,0.0,0.0,0.0,0.0,-0.8,2.32,7.0,0.0,82.07,81.874,72.095,67.963,68.96,100.0,32.828,26.0,0.0,82.933,82.51,74.799,70.431,74.358,100.0,33.173,3.36,5.3,85.1,84.374,8.02,NORMAL
418,2026-06-05 08:30:00+00:00,8,4,0.866025,-0.5,-0.433884,-0.900969,False,False,MORNING,1.0,2.0,6.0,22.0,31.0,229.0,0.0,0.0,0.0,1.68,1.749,80.31,8.08,80.308,80.818,19.69,1.92,11.97,27.41,70.622,66.578,6.79,4.34,4.88,2.0,69.516,8.96,100.0,32.327,False,,0.0,65.552,0.0,0.0,0.0,0.0,0.0,-2.0,-0.96,2.24,10.0,0.0,81.837,82.118,72.214,68.079,69.713,100.0,32.735,24.0,0.0,83.312,83.047,73.031,68.849,71.968,100.0,33.325,5.04,4.659,85.147,84.465,8.02,NORMAL
419,2026-06-05 08:45:00+00:00,8,4,0.866025,-0.5,-0.433884,-0.900969,False,False,MORNING,3.0,4.0,7.0,21.0,32.0,230.0,0.0,0.0,0.0,5.04,2.103,80.93,8.2,80.925,81.987,19.07,1.8,11.59,26.57,73.507,69.208,6.61,4.37,5.02,1.98,68.645,8.96,100.0,32.795,False,,0.0,66.505,0.0,0.0,0.0,0.0,0.0,-2.0,-0.8,2.24,11.0,0.0,81.183,81.563,71.726,67.619,73.153,100.0,32.473,21.0,0.0,82.383,82.686,72.714,68.55,72.311,100.0,32.953,5.04,4.412,84.631,84.673,8.02,NORMAL
420,2026-06-05 09:00:00+00:00,9,4,0.707107,-0.707107,-0.433884,-0.900969,False,False,MORNING,4.0,7.0,9.0,22.0,36.0,230.0,0.0,0.0,0.0,6.72,0.874,82.27,8.32,82.267,83.187,17.73,1.68,11.46,26.3,75.543,71.094,6.93,4.41,4.66,2.04,70.862,9.12,100.0,33.275,False,,0.0,67.71,0.0,0.0,0.0,0.0,0.0,0.0,-0.48,2.28,11.0,0.0,81.56,81.916,72.036,67.911,73.699,100.0,32.624,26.0,0.0,82.505,82.923,78.986,74.22,68.565,100.0,33.002,0.0,5.004,82.689,83.616,7.54,NORMAL
421,2026-06-05 09:15:00+00:00,9,4,0.707107,-0.707107,-0.433884,-0.900969,False,False,MORNING,1.0,5.0,9.0,23.0,36.0,226.0,0.0,0.0,0.0,1.68,3.697,81.87,8.21,81.874,82.07,18.13,1.79,11.95,27.38,72.095,67.963,6.6,4.43,4.97,1.99,68.96,8.8,100.0,32.828,False,,0.0,66.44,0.0,0.0,0.0,0.0,0.0,2.0,-0.48,2.2,11.0,0.0,82.933,82.51,74.799,70.431,74.358,100.0,33.173,25.0,0.0,83.679,82.984,75.584,71.156,70.524,100.0,33.472,9.034,4.989,84.959,84.401,8.02,NORMAL
422,2026-06-05 09:30:00+00:00,9,4,0.707107,-0.707107,-0.433884,-0.900969,False,False,MORNING,3.0,4.0,11.0,25.0,39.0,223.0,0.0,0.0,0.0,5.04,4.159,82.12,8.18,82.118,81.837,17.88,1.82,11.97,27.41,72.214,68.079,6.71,4.45,4.85,2.01,69.713,8.81,100.0,32.735,False,,0.0,66.543,0.0,0.0,0.0,0.0,0.0,5.0,-0.15,2.202,10.0,0.0,83.312,83.047,73.031,68.849,71.968,100.0,33.325,25.0,0.0,83.282,82.667,72.697,68.535,71.291,100.0,33.313,7.766,6.786,86.958,84.446,8.19,NORMAL
423,2026-06-05 09:45:00+00:00,9,4,0.707107,-0.707107,-0.433884,-0.900969,False,False,MORNING,1.0,4.0,9.0,25.0,39.0,224.0,0.0,0.0,0.0,1.68,4.159,81.56,8.12,81.563,81.183,18.44,1.88,11.97,27.41,71.726,67.619,7.25,4.45,4.3,2.11,73.153,8.49,100.0,32.473,False,,0.0,66.486,0.0,0.0,0.0,0.0,0.0,2.0,-0.47,2.122,8.0,0.0,82.383,82.686,72.714,68.55,72.311,100.0,32.953,25.0,1.42,85.602,83.791,74.247,69.996,71.354,100.0,42.759,1.68,4.325,85.751,83.905,7.87,NORMAL
424,2026-06-05 10:00:00+00:00,10,4,0.5,-0.866025,-0.433884,-0.900969,False,False,MORNING,2.0,3.0,7.0,25.0,40.0,223.0,0.0,0.0,0.0,3.36,1.8,81.92,8.16,81.916,81.56,18.08,1.84,11.97,27.41,72.036,67.911,7.33,4.46,4.21,2.12,73.699,8.33,100.0,32.624,False,,0.0,66.76,0.0,0.0,0.0,0.0,0.0,-2.0,-0.79,2.082,14.0,0.0,82.505,82.923,78.986,74.22,68.565,100.0,33.002,22.0,0.0,86.964,84.565,84.784,79.491,74.261,100.0,34.786,5.04,4.489,85.755,84.043,7.87,NORMAL
425,2026-06-05 10:15:00+00:00,10,4,0.5,-0.866025,-0.433884,-0.900969,False,False,MORNING,4.0,6.0,10.0,26.0,43.0,227.0,0.0,0.0,0.0,6.72,3.795,82.51,8.29,82.51,82.933,17.49,1.71,11.61,26.63,74.799,70.431,7.42,4.48,4.1,2.14,74.358,8.49,100.0,33.173,False,,0.0,67.859,0.0,0.0,0.0,0.0,0.0,1.0,-0.31,2.122,15.0,0.0,83.679,82.984,75.584,71.156,70.524,100.0,33.472,21.0,0.0,86.543,84.701,82.015,77.013,75.712,100.0,34.617,3.36,4.683,85.4,83.747,7.71,NORMAL
426,2026-06-05 10:30:00+00:00,10,4,0.5,-0.866025,-0.433884,-0.900969,False,False,MORNING,4.0,8.0,11.0,28.0,46.0,226.0,0.0,0.0,0.0,6.72,4.419,83.05,8.33,83.047,83.312,16.95,1.67,11.97,27.41,73.031,68.849,7.02,4.5,4.49,2.07,71.968,8.65,100.0,33.325,False,,0.0,67.435,0.0,0.0,0.0,0.0,0.0,0.0,-0.16,2.162,14.0,0.0,83.282,82.667,72.697,68.535,71.291,100.0,33.313,21.0,0.0,85.495,84.022,73.888,69.658,74.069,100.0,34.198,5.04,4.65,85.832,83.802,7.71,NORMAL
427,2026-06-05 10:45:00+00:00,10,4,0.5,-0.866025,-0.433884,-0.900969,False,False,MORNING,1.0,5.0,11.0,27.0,47.0,224.0,0.0,0.0,0.0,1.68,3.494,82.69,8.24,82.686,82.383,17.31,1.76,11.97,27.41,72.714,68.55,7.06,4.51,4.43,2.08,72.311,8.33,100.0,32.953,False,,0.0,67.127,0.0,0.0,0.0,0.0,0.0,2.0,-0.16,2.082,13.0,1.42,85.602,83.791,74.247,69.996,71.354,100.0,42.759,23.0,0.74,87.243,85.003,81.067,76.184,73.332,100.0,39.336,1.68,4.78,84.465,83.163,7.39,NORMAL
428,2026-06-05 11:00:00+00:00,11,4,0.258819,-0.965926,-0.433884,-0.900969,False,False,MORNING,2.0,3.0,11.0,27.0,48.0,223.0,0.0,0.0,0.0,3.36,2.365,82.92,8.25,82.923,82.505,17.08,1.75,11.05,25.39,78.986,74.22,6.46,4.51,5.03,1.97,68.565,8.17,100.0,33.002,False,,0.0,68.3,0.0,0.0,0.0,0.0,0.0,4.0,-0.16,2.042,12.0,0.0,86.964,84.565,84.784,79.491,74.261,100.0,34.786,20.0,0.0,85.984,84.475,74.807,70.504,73.291,100.0,34.394,5.04,4.227,84.283,83.385,7.39,NORMAL
429,2026-06-05 11:15:00+00:00,11,4,0.258819,-0.965926,-0.433884,-0.900969,False,False,MORNING,3.0,5.0,10.0,29.0,50.0,223.0,0.0,0.0,0.0,5.04,4.328,82.98,8.37,82.984,83.679,17.02,1.63,11.56,26.51,75.584,71.156,6.75,4.53,4.72,2.03,70.524,8.17,100.0,33.472,False,,0.0,67.948,0.0,0.0,0.0,0.0,0.0,0.0,-0.32,2.042,10.0,0.0,86.543,84.701,82.015,77.013,75.712,100.0,34.617,19.0,0.0,86.114,84.495,74.305,70.05,74.344,100.0,34.445,3.36,4.068,83.248,83.311,7.23,NORMAL
430,2026-06-05 11:30:00+00:00,11,4,0.258819,-0.965926,-0.433884,-0.900969,False,False,MORNING,2.0,5.0,8.0,30.0,52.0,223.0,0.0,0.0,0.0,3.36,4.783,82.67,8.33,82.667,83.282,17.33,1.67,11.97,27.41,72.697,68.535,6.87,4.54,4.59,2.05,71.291,8.01,100.0,33.313,False,,0.0,67.207,0.0,0.0,0.0,0.0,0.0,-3.0,-0.64,2.002,11.0,0.0,85.495,84.022,73.888,69.658,74.069,100.0,34.198,22.0,0.0,85.404,84.345,74.173,69.926,74.481,100.0,34.161,3.36,4.593,83.355,82.993,7.07,NORMAL
431,2026-06-05 11:45:00+00:00,11,4,0.258819,-0.965926,-0.433884,-0.900969,False,False,MORNING,7.0,9.0,14.0,34.0,55.0,227.0,1.42,0.0,0.0,9.375,3.951,83.79,8.56,83.791,85.602,16.21,1.44,11.97,27.41,74.247,69.996,6.79,4.62,4.58,2.05,71.354,8.65,100.0,42.759,False,,2.4,69.194,1.42,1.42,1.42,0.089,1.42,3.0,0.32,2.518,12.0,0.74,87.243,85.003,81.067,76.184,73.332,100.0,39.336,24.0,0.0,85.968,84.869,74.633,70.359,74.617,100.0,34.387,6.72,4.162,84.163,83.551,7.23,NORMAL
432,2026-06-05 12:00:00+00:00,12,4,0.0,-1.0,-0.433884,-0.900969,False,False,MORNING,3.0,10.0,15.0,33.0,55.0,227.0,0.0,0.13,0.1278,7.425,3.787,84.56,8.7,84.565,86.964,15.44,1.3,10.5,24.18,84.784,79.491,7.23,4.66,4.12,2.14,74.261,8.65,100.0,34.786,False,,0.0,71.394,-1.42,0.0,0.0,0.089,1.42,4.0,0.48,2.162,10.0,0.0,85.984,84.475,74.807,70.504,73.291,100.0,34.394,21.0,0.0,85.247,84.845,87.047,82.787,74.454,100.0,34.099,1.68,4.198,83.191,83.019,6.91,MODERATE
433,2026-06-05 12:15:00+00:00,12,4,0.0,-1.0,-0.433884,-0.900969,False,False,MORNING,2.0,5.0,14.0,34.0,57.0,227.0,0.0,0.0,0.0,3.36,2.984,84.7,8.65,84.701,86.543,15.3,1.35,10.87,25.0,82.015,77.013,7.44,4.68,3.89,2.18,75.712,8.49,100.0,34.617,False,,0.0,70.84,0.0,-1.42,0.0,0.089,1.42,4.0,0.32,2.122,11.0,0.0,86.114,84.495,74.305,70.05,74.344,100.0,34.445,22.0,0.0,85.1,84.374,86.968,82.701,74.579,100.0,34.04,0.0,5.04,82.387,81.839,6.43,MODERATE
434,2026-06-05 12:30:00+00:00,12,4,0.0,-1.0,-0.433884,-0.900969,False,False,MORNING,1.0,3.0,13.0,32.0,57.0,227.0,0.0,0.0,0.0,1.68,4.813,84.02,8.55,84.022,85.495,15.98,1.45,11.97,27.41,73.888,69.658,7.17,4.68,4.15,2.13,74.069,8.18,100.0,34.198,False,,0.0,68.476,0.0,0.0,0.0,0.089,1.42,5.0,0.17,2.045,10.0,0.0,85.404,84.345,74.173,69.926,74.481,100.0,34.161,22.0,0.0,85.147,84.465,100.0,95.475,75.096,100.0,34.059,9.696,4.125,85.209,82.95,7.08,NORMAL
435,2026-06-05 12:45:00+00:00,12,4,0.0,-1.0,-0.433884,-0.900969,False,False,MORNING,6.0,7.0,12.0,37.0,62.0,229.0,0.74,0.0,0.0,8.837,4.216,85.0,8.72,85.003,87.243,15.0,1.28,11.08,25.46,81.067,76.184,7.0,4.73,4.27,2.11,73.332,8.66,100.0,39.336,False,,1.3,71.093,0.74,0.74,-0.6799999999999999,0.135,1.42,-2.0,0.01,2.35,11.0,0.0,85.968,84.869,74.633,70.359,74.617,100.0,34.387,22.0,0.0,84.631,84.673,86.871,82.62,75.611,100.0,33.852,9.238,4.809,87.034,83.875,7.4,MODERATE
436,2026-06-05 13:00:00+00:00,13,4,-0.258819,-0.965926,-0.433884,-0.900969,False,False,MORNING,1.0,7.0,10.0,36.0,61.0,230.0,0.0,0.07,0.0666,2.923,5.536,84.48,8.6,84.475,85.984,15.52,1.4,11.89,27.23,74.807,70.504,7.0,4.73,4.27,2.11,73.291,8.34,100.0,34.394,False,,0.0,68.815,-0.74,0.0,0.0,0.135,1.42,-5.0,-0.31,2.085,10.0,0.0,85.247,84.845,87.047,82.787,74.454,100.0,34.099,20.0,0.0,82.689,83.616,91.823,87.14,76.226,98.775,33.076,2.906,4.597,86.946,83.461,7.08,NORMAL
437,2026-06-05 13:15:00+00:00,13,4,-0.258819,-0.965926,-0.433884,-0.900969,False,False,MORNING,3.0,4.0,11.0,35.0,61.0,230.0,0.0,0.0,0.0,5.04,4.907,84.5,8.61,84.495,86.114,15.5,1.39,11.97,27.41,74.305,70.05,7.16,4.73,4.11,2.14,74.344,8.34,100.0,34.445,False,,0.0,68.825,0.0,-0.74,0.0,0.135,1.42,-3.0,-0.15,2.085,8.0,0.0,85.1,84.374,86.968,82.701,74.579,100.0,34.04,23.0,0.62,84.959,84.401,86.879,82.628,76.333,100.0,37.719,3.36,2.778,86.722,83.628,6.92,NORMAL
438,2026-06-05 13:30:00+00:00,13,4,-0.258819,-0.965926,-0.433884,-0.900969,False,False,MORNING,2.0,5.0,12.0,33.0,61.0,227.0,0.0,0.0,0.0,3.36,4.244,84.35,8.54,84.345,85.404,15.65,1.46,11.97,27.41,74.173,69.926,7.19,4.73,4.08,2.15,74.481,8.18,100.0,34.161,False,,0.0,68.632,0.0,0.0,0.0,0.135,1.42,-1.0,0.0,2.045,12.0,0.0,85.147,84.465,100.0,95.475,75.096,100.0,34.059,19.0,0.0,86.958,84.446,88.328,83.955,77.776,100.0,34.783,3.36,2.921,85.85,83.825,6.76,NORMAL
439,2026-06-05 13:45:00+00:00,13,4,-0.258819,-0.965926,-0.433884,-0.900969,False,False,MORNING,4.0,6.0,10.0,36.0,63.0,229.0,0.0,0.0,0.0,6.72,4.402,84.87,8.6,84.869,85.968,15.13,1.4,11.97,27.41,74.633,70.359,7.21,4.73,4.06,2.15,74.617,8.34,100.0,34.387,False,,0.0,68.979,0.0,0.0,-0.74,0.135,1.42,-2.0,-0.32,2.085,13.0,0.0,84.631,84.673,86.871,82.62,75.611,100.0,33.852,17.0,0.0,85.751,83.905,86.083,81.871,77.708,100.0,34.3,5.04,4.265,85.365,84.068,6.76,NORMAL
440,2026-06-05 14:00:00+00:00,14,4,-0.5,-0.866025,-0.433884,-0.900969,False,False,EVENING,2.0,6.0,11.0,36.0,63.0,226.0,0.0,0.0,0.0,3.36,3.745,84.84,8.52,84.845,85.247,15.16,1.48,10.26,23.29,87.047,82.787,7.19,4.72,4.09,2.14,74.454,8.18,100.0,34.099,False,,0.0,71.796,0.0,0.0,0.0,0.135,1.42,1.0,-0.16,2.045,11.0,0.0,82.689,83.616,91.823,87.14,76.226,98.775,33.076,20.0,0.0,85.755,84.043,100.0,100.0,79.139,100.0,34.302,8.4,4.029,86.584,85.039,7.08,MODERATE
441,2026-06-05 14:15:00+00:00,14,4,-0.5,-0.866025,-0.433884,-0.900969,False,False,EVENING,2.0,4.0,10.0,35.0,64.0,224.0,0.0,0.0,0.0,3.36,5.3,84.37,8.51,84.374,85.1,15.63,1.49,10.21,23.19,86.968,82.701,7.22,4.71,4.07,2.15,74.579,8.02,100.0,34.04,False,,0.0,71.655,0.0,0.0,0.0,0.135,1.42,-1.0,-0.32,2.005,14.0,0.62,84.959,84.401,86.879,82.628,76.333,100.0,37.719,18.0,0.0,85.4,83.747,100.0,100.0,80.232,100.0,34.16,1.68,4.286,85.305,84.515,6.76,MODERATE
442,2026-06-05 14:30:00+00:00,14,4,-0.5,-0.866025,-0.433884,-0.900969,False,False,EVENING,3.0,5.0,11.0,36.0,66.0,224.0,0.0,0.0,0.0,5.04,4.659,84.46,8.51,84.465,85.147,15.54,1.49,8.81,20.11,100.0,95.475,7.31,4.71,3.98,2.16,75.096,8.02,100.0,34.059,False,,0.0,74.827,0.0,0.0,0.0,0.135,1.42,-1.0,-0.16,2.005,10.0,0.0,86.958,84.446,88.328,83.955,77.776,100.0,34.783,16.0,0.0,85.832,83.802,85.977,81.77,77.851,100.0,34.333,1.68,3.991,83.677,84.1,6.44,MODERATE
443,2026-06-05 14:45:00+00:00,14,4,-0.5,-0.866025,-0.433884,-0.900969,False,False,EVENING,3.0,6.0,10.0,32.0,66.0,224.0,0.0,0.0,0.0,5.04,4.412,84.67,8.46,84.673,84.631,15.33,1.54,10.26,23.29,86.871,82.62,7.4,4.7,3.9,2.18,75.611,8.02,100.0,33.852,False,,0.0,71.698,0.0,0.0,0.0,0.135,1.42,0.0,-0.32,2.005,9.0,0.0,85.751,83.905,86.083,81.871,77.708,100.0,34.3,20.0,0.0,84.465,83.163,85.322,81.147,78.534,100.0,33.786,1.68,3.983,82.565,83.636,6.12,MODERATE
444,2026-06-05 15:00:00+00:00,15,4,-0.707107,-0.707107,-0.433884,-0.900969,False,False,EVENING,0.0,3.0,8.0,29.0,62.0,221.0,0.0,0.0,0.0,0.0,5.004,83.62,8.27,83.616,82.689,16.38,1.73,9.59,21.81,91.823,87.14,7.53,4.67,3.8,2.2,76.226,7.54,98.775,33.076,False,,0.0,72.159,0.0,0.0,0.0,0.135,1.42,-3.0,-0.64,1.885,9.0,0.0,85.755,84.043,100.0,100.0,79.139,100.0,34.302,24.0,0.0,84.283,83.385,85.549,81.363,75.917,100.0,33.713,3.36,2.402,82.282,83.903,5.96,MODERATE
445,2026-06-05 15:15:00+00:00,15,4,-0.707107,-0.707107,-0.433884,-0.900969,False,False,EVENING,6.0,6.0,12.0,33.0,67.0,224.0,0.62,0.0,0.0,9.034,4.989,84.4,8.5,84.401,84.959,15.6,1.5,10.26,23.29,86.879,82.628,7.52,4.69,3.79,2.2,76.333,8.02,100.0,37.719,False,,1.1,72.168,0.62,0.62,0.62,0.174,1.42,2.0,0.0,2.16,9.0,0.0,85.4,83.747,100.0,100.0,80.232,100.0,34.16,22.0,0.0,83.248,83.311,85.474,81.292,77.693,100.0,33.299,5.04,4.133,82.633,84.095,5.96,MODERATE
446,2026-06-05 15:30:00+00:00,15,4,-0.707107,-0.707107,-0.433884,-0.900969,False,False,EVENING,4.0,10.0,13.0,36.0,68.0,227.0,0.0,0.06,0.056,7.766,6.786,84.45,8.7,84.446,86.958,15.55,1.3,10.06,22.86,88.328,83.955,7.74,4.71,3.56,2.24,77.776,8.19,100.0,34.783,False,,0.0,72.644,-0.62,0.0,0.0,0.174,1.42,2.0,0.17,2.047,9.0,0.0,85.832,83.802,85.977,81.77,77.851,100.0,34.333,22.0,0.0,83.355,82.993,85.147,80.98,76.565,100.0,33.342,3.36,4.552,82.441,83.816,5.81,MODERATE
447,2026-06-05 15:45:00+00:00,15,4,-0.707107,-0.707107,-0.433884,-0.900969,False,False,EVENING,1.0,5.0,11.0,31.0,68.0,225.0,0.0,0.0,0.0,1.68,4.325,83.91,8.58,83.905,85.751,16.09,1.42,10.26,23.29,86.083,81.871,7.72,4.71,3.57,2.24,77.708,7.87,100.0,34.3,False,,0.0,71.758,0.0,-0.62,0.0,0.085,0.74,1.0,-0.15,1.968,8.0,0.0,84.465,83.163,85.322,81.147,78.534,100.0,33.786,22.0,0.0,84.163,83.551,86.738,82.463,76.772,100.0,33.665,1.68,3.864,81.526,83.361,5.49,MODERATE
448,2026-06-05 16:00:00+00:00,16,4,-0.866025,-0.5,-0.433884,-0.900969,False,False,EVENING,3.0,4.0,14.0,33.0,69.0,224.0,0.0,0.0,0.0,5.04,4.489,84.04,8.58,84.043,85.755,15.96,1.42,7.86,18.02,100.0,100.0,7.95,4.71,3.34,2.28,79.139,7.87,100.0,34.302,False,,0.0,75.763,0.0,0.0,0.0,0.085,0.74,6.0,0.33,1.968,11.0,0.0,84.283,83.385,85.549,81.363,75.917,100.0,33.713,21.0,0.0,83.191,83.019,85.174,81.006,78.545,100.0,33.276,1.68,2.919,80.611,83.143,5.17,MODERATE
449,2026-06-05 16:15:00+00:00,16,4,-0.866025,-0.5,-0.433884,-0.900969,False,False,EVENING,2.0,5.0,10.0,32.0,67.0,219.0,0.0,0.0,0.0,3.36,4.683,83.75,8.54,83.747,85.4,16.25,1.46,8.15,18.65,100.0,100.0,8.13,4.71,3.16,2.31,80.232,7.71,100.0,34.16,False,,0.0,75.725,0.0,0.0,-0.62,0.085,0.74,-2.0,-0.31,1.928,9.0,0.0,83.248,83.311,85.474,81.292,77.693,100.0,33.299,25.0,0.0,82.387,81.839,83.964,79.855,75.256,87.683,32.955,5.04,3.3,81.827,83.457,5.17,MODERATE
450,2026-06-05 16:30:00+00:00,16,4,-0.866025,-0.5,-0.433884,-0.900969,False,False,EVENING,3.0,5.0,9.0,33.0,66.0,219.0,0.0,0.0,0.0,5.04,4.65,83.8,8.58,83.802,85.832,16.2,1.42,10.26,23.29,85.977,81.77,7.75,4.71,3.54,2.24,77.851,7.71,100.0,34.333,False,,0.0,71.739,0.0,0.0,0.0,0.085,0.74,-4.0,-0.48,1.928,7.0,0.0,83.355,82.993,85.147,80.98,76.565,100.0,33.342,26.0,1.23,85.209,82.95,85.67,81.478,79.036,100.0,41.455,3.36,2.806,81.296,83.648,5.01,MODERATE
451,2026-06-05 16:45:00+00:00,16,4,-0.866025,-0.5,-0.433884,-0.900969,False,False,EVENING,1.0,4.0,9.0,30.0,66.0,218.0,0.0,0.0,0.0,1.68,4.78,83.16,8.45,83.163,84.465,16.84,1.55,10.26,23.29,85.322,81.147,7.87,4.7,3.43,2.26,78.534,7.39,100.0,33.786,False,,0.0,71.233,0.0,0.0,0.0,0.039,0.62,-2.0,-0.48,1.848,12.0,0.0,84.163,83.551,86.738,82.463,76.772,100.0,33.665,20.0,0.73,87.034,83.875,86.389,82.162,78.733,100.0,39.191,0.0,4.121,79.211,82.827,4.53,MODERATE
452,2026-06-05 17:00:00+00:00,17,4,-0.965926,-0.258819,-0.433884,-0.900969,False,False,EVENING,3.0,4.0,9.0,31.0,67.0,215.0,0.0,0.0,0.0,5.04,4.227,83.38,8.43,83.385,84.283,16.62,1.57,10.26,23.29,85.549,81.363,7.46,4.69,3.85,2.19,75.917,7.39,100.0,33.713,False,,0.0,71.063,0.0,0.0,0.0,0.039,0.62,-5.0,-0.48,1.848,13.0,0.0,83.191,83.019,85.174,81.006,78.545,100.0,33.276,16.0,0.0,86.946,83.461,94.447,89.541,76.377,100.0,34.778,3.36,2.947,80.477,82.803,4.37,MODERATE
453,2026-06-05 17:15:00+00:00,17,4,-0.965926,-0.258819,-0.433884,-0.900969,False,False,EVENING,2.0,5.0,9.0,31.0,66.0,214.0,0.0,0.0,0.0,3.36,4.068,83.31,8.32,83.311,83.248,16.69,1.68,10.26,23.29,85.474,81.292,7.77,4.66,3.57,2.24,77.693,7.23,100.0,33.299,False,,0.0,70.982,0.0,0.0,0.0,0.039,0.62,-1.0,-0.48,1.808,13.0,0.0,82.387,81.839,83.964,79.855,75.256,87.683,32.955,17.0,0.0,86.722,83.628,85.985,81.772,76.003,100.0,34.689,0.0,4.594,79.616,81.741,3.89,MODERATE
454,2026-06-05 17:30:00+00:00,17,4,-0.965926,-0.258819,-0.433884,-0.900969,False,False,EVENING,2.0,4.0,8.0,30.0,66.0,212.0,0.0,0.0,0.0,3.36,4.593,82.99,8.34,82.993,83.355,17.01,1.66,10.26,23.29,85.147,80.98,7.6,4.65,3.75,2.21,76.565,7.07,100.0,33.342,False,,0.0,70.756,0.0,0.0,0.0,0.039,0.62,-1.0,-0.64,1.768,15.0,1.23,85.209,82.95,85.67,81.478,79.036,100.0,41.455,18.0,0.0,85.85,83.825,86.001,81.793,76.629,100.0,34.34,3.36,2.721,79.961,81.866,3.73,MODERATE
455,2026-06-05 17:45:00+00:00,17,4,-0.965926,-0.258819,-0.433884,-0.900969,False,False,EVENING,4.0,6.0,11.0,31.0,63.0,213.0,0.0,0.0,0.0,6.72,4.162,83.55,8.42,83.551,84.163,16.45,1.58,10.14,23.03,86.738,82.463,7.64,4.64,3.72,2.21,76.772,7.23,100.0,33.665,False,,0.0,71.427,0.0,0.0,0.0,0.039,0.62,2.0,-0.16,1.808,10.0,0.73,87.034,83.875,86.389,82.162,78.733,100.0,39.191,18.0,0.0,85.365,84.068,86.25,82.029,77.146,100.0,34.146,1.68,1.893,79.901,81.819,3.41,MODERATE
456,2026-06-05 18:00:00+00:00,18,4,-1.0,-0.0,-0.433884,-0.900969,False,False,EVENING,1.0,5.0,9.0,32.0,61.0,210.0,0.0,0.0,0.0,1.68,4.198,83.02,8.32,83.019,83.191,16.98,1.68,10.26,23.29,85.174,81.006,7.94,4.63,3.43,2.26,78.545,6.91,100.0,33.276,False,,0.0,70.913,0.0,0.0,0.0,0.039,0.62,0.0,-0.48,1.728,8.0,0.0,86.946,83.461,94.447,89.541,76.377,100.0,34.778,16.0,0.0,86.584,85.039,94.498,89.644,76.29,100.0,34.634,8.4,3.197,82.362,82.873,3.63,MODERATE
457,2026-06-05 18:15:00+00:00,18,4,-1.0,-0.0,-0.433884,-0.900969,False,False,EVENING,0.0,1.0,7.0,26.0,59.0,207.0,0.0,0.0,0.0,0.0,5.04,81.84,8.24,81.839,82.387,18.16,1.76,10.26,23.29,83.964,79.855,7.43,4.61,3.96,2.17,75.256,6.43,87.683,32.955,False,,0.0,68.805,0.0,0.0,0.0,0.039,0.62,-2.0,-0.8,1.608,12.0,0.0,86.722,83.628,85.985,81.772,76.003,100.0,34.689,12.0,0.0,85.305,84.515,94.435,89.567,75.109,100.0,34.122,0.0,3.306,80.648,82.218,3.05,NORMAL
458,2026-06-05 18:30:00+00:00,18,4,-1.0,-0.0,-0.433884,-0.900969,False,False,EVENING,7.0,7.0,12.0,29.0,65.0,209.0,1.23,0.0,0.0,9.696,4.125,82.95,8.52,82.95,85.209,17.05,1.48,10.26,23.29,85.67,81.478,7.98,4.67,3.35,2.28,79.036,7.08,100.0,41.455,False,,2.0,72.249,1.23,1.23,1.23,0.116,1.23,4.0,0.01,2.078,11.0,0.0,85.85,83.825,86.001,81.793,76.629,100.0,34.34,14.0,0.0,83.677,84.1,87.358,83.051,76.452,100.0,33.471,3.36,0.81,80.984,82.822,2.78,MODERATE
459,2026-06-05 18:45:00+00:00,18,4,-1.0,-0.0,-0.433884,-0.900969,False,False,EVENING,5.0,12.0,13.0,33.0,64.0,211.0,0.73,0.11,0.1106,9.238,4.809,83.87,8.7,83.875,87.034,16.13,1.3,10.26,23.29,86.389,82.162,7.88,4.72,3.4,2.27,78.733,7.4,100.0,39.191,False,,1.3,72.639,-0.5,0.73,0.73,0.161,1.23,2.0,0.17,2.033,10.0,0.0,85.365,84.068,86.25,82.029,77.146,100.0,34.146,15.0,0.0,82.565,83.636,92.412,87.681,79.08,100.0,33.026,3.36,4.214,82.373,82.47,2.52,MODERATE
460,2026-06-05 19:00:00+00:00,19,4,-0.965926,0.258819,-0.433884,-0.900969,False,False,EVENING,1.0,6.0,13.0,31.0,64.0,207.0,0.0,0.07,0.0657,2.906,4.597,83.46,8.69,83.461,86.946,16.54,1.31,9.3,21.18,94.447,89.541,7.49,4.73,3.78,2.2,76.377,7.08,100.0,34.778,False,,0.0,73.703,-0.73,-1.23,0.0,0.161,1.23,4.0,0.17,1.77,8.0,0.0,86.584,85.039,94.498,89.644,76.29,100.0,34.634,14.0,0.0,82.282,83.903,100.0,99.566,78.247,100.0,32.913,3.36,2.584,82.342,82.667,2.26,MODERATE
461,2026-06-05 19:15:00+00:00,19,4,-0.965926,0.258819,-0.433884,-0.900969,False,False,EVENING,2.0,3.0,15.0,31.0,63.0,209.0,0.0,0.0,0.0,3.36,2.778,83.63,8.67,83.628,86.722,16.37,1.33,10.24,23.24,85.985,81.772,7.42,4.74,3.84,2.19,76.003,6.92,100.0,34.689,False,,0.0,71.714,0.0,-0.73,0.0,0.122,1.23,8.0,0.49,1.73,5.0,0.0,85.305,84.515,94.435,89.567,75.109,100.0,34.122,14.0,0.0,82.633,84.095,89.669,85.178,75.67,100.0,33.053,1.68,4.15,81.51,82.133,1.83,MODERATE
462,2026-06-05 19:30:00+00:00,19,4,-0.965926,0.258819,-0.433884,-0.900969,False,False,EVENING,2.0,4.0,10.0,30.0,63.0,208.0,0.0,0.0,0.0,3.36,2.921,83.83,8.59,83.825,85.85,16.17,1.41,10.26,23.29,86.001,81.793,7.52,4.74,3.74,2.21,76.629,6.76,100.0,34.34,False,,0.0,71.643,0.0,0.0,-1.23,0.122,1.23,-2.0,-0.32,1.69,7.0,0.0,83.677,84.1,87.358,83.051,76.452,100.0,33.471,11.0,0.0,82.441,83.816,85.992,81.784,75.381,100.0,32.976,0.0,2.655,80.818,81.539,1.25,MODERATE
463,2026-06-05 19:45:00+00:00,19,4,-0.965926,0.258819,-0.433884,-0.900969,False,False,EVENING,3.0,5.0,8.0,32.0,62.0,209.0,0.0,0.0,0.0,5.04,4.265,84.07,8.54,84.068,85.365,15.93,1.46,10.26,23.29,86.25,82.029,7.62,4.73,3.66,2.22,77.146,6.76,100.0,34.146,False,,0.0,71.705,0.0,0.0,-0.73,0.122,1.23,-5.0,-0.64,1.69,8.0,0.0,82.565,83.636,92.412,87.681,79.08,100.0,33.026,11.0,0.0,81.526,83.361,100.0,100.0,74.173,100.0,32.61,1.68,1.598,80.493,81.592,0.83,MODERATE
464,2026-06-05 20:00:00+00:00,20,4,-0.866025,0.5,-0.433884,-0.900969,False,False,EVENING,5.0,8.0,12.0,34.0,65.0,211.0,0.0,0.0,0.0,8.4,4.029,85.04,8.66,85.039,86.584,14.96,1.34,9.47,21.56,94.498,89.644,7.47,4.73,3.79,2.2,76.29,7.08,100.0,34.634,False,,0.0,73.989,0.0,0.0,0.0,0.122,1.23,-1.0,0.0,1.77,8.0,0.0,82.282,83.903,100.0,99.566,78.247,100.0,32.913,11.0,0.0,80.611,83.143,100.0,100.0,72.715,100.0,32.244,6.72,3.86,82.394,82.116,0.88,MODERATE
465,2026-06-05 20:15:00+00:00,20,4,-0.866025,0.5,-0.433884,-0.900969,False,False,EVENING,1.0,6.0,11.0,33.0,64.0,208.0,0.0,0.0,0.0,1.68,4.286,84.51,8.53,84.515,85.305,15.49,1.47,9.42,21.45,94.435,89.567,7.29,4.73,3.98,2.16,75.109,6.76,100.0,34.122,False,,0.0,73.494,0.0,0.0,0.0,0.122,1.23,-4.0,-0.16,1.69,7.0,0.0,82.633,84.095,89.669,85.178,75.67,100.0,33.053,15.0,0.0,81.827,83.457,100.0,100.0,78.078,100.0,32.731,3.36,3.255,82.409,82.141,0.62,MODERATE
466,2026-06-05 20:30:00+00:00,20,4,-0.866025,0.5,-0.433884,-0.900969,False,False,EVENING,1.0,2.0,10.0,32.0,62.0,206.0,0.0,0.0,0.0,1.68,3.991,84.1,8.37,84.1,83.677,15.9,1.63,10.13,23.01,87.358,83.051,7.53,4.7,3.77,2.2,76.452,6.44,100.0,33.471,False,,0.0,71.567,0.0,0.0,0.0,0.122,1.23,0.0,-0.32,1.61,7.0,0.0,82.441,83.816,85.992,81.784,75.381,100.0,32.976,12.0,0.0,81.296,83.648,100.0,100.0,77.616,100.0,32.519,1.68,2.513,81.572,82.017,0.2,MODERATE
467,2026-06-05 20:45:00+00:00,20,4,-0.866025,0.5,-0.433884,-0.900969,False,False,EVENING,1.0,2.0,8.0,29.0,60.0,206.0,0.0,0.0,0.0,1.68,3.983,83.64,8.26,83.636,82.565,16.36,1.74,9.53,21.68,92.412,87.681,7.98,4.67,3.35,2.28,79.08,6.12,100.0,33.026,False,,0.0,72.641,0.0,0.0,0.0,0.122,1.23,0.0,-0.64,1.53,7.0,0.0,81.526,83.361,100.0,100.0,74.173,100.0,32.61,12.0,0.0,79.211,82.827,100.0,100.0,76.923,68.633,31.684,1.68,2.593,79.692,81.976,0.0,MODERATE
468,2026-06-05 21:00:00+00:00,21,4,-0.707107,0.707107,-0.433884,-0.900969,False,False,EVENING,2.0,3.0,5.0,30.0,62.0,206.0,0.0,0.0,0.0,3.36,2.402,83.9,8.23,83.903,82.282,16.1,1.77,8.38,19.15,100.0,99.566,7.88,4.64,3.48,2.25,78.247,5.96,100.0,32.913,False,,0.0,74.905,0.0,0.0,0.0,0.122,1.23,-7.0,-1.12,1.49,6.0,0.0,80.611,83.143,100.0,100.0,72.715,100.0,32.244,14.0,0.0,80.477,82.803,100.0,100.0,76.657,100.0,32.191,5.04,3.416,80.719,82.28,0.0,MODERATE
469,2026-06-05 21:15:00+00:00,21,4,-0.707107,0.707107,-0.433884,-0.900969,False,False,EVENING,3.0,5.0,7.0,33.0,59.0,203.0,0.0,0.0,0.0,5.04,4.133,84.09,8.26,84.095,82.633,15.91,1.74,9.87,22.44,89.669,85.178,7.49,4.62,3.89,2.18,75.67,5.96,100.0,33.053,False,,0.0,71.819,0.0,0.0,0.0,0.122,1.23,-4.0,-0.8,1.49,7.0,0.0,81.827,83.457,100.0,100.0,78.078,100.0,32.731,14.0,0.0,79.616,81.741,100.0,100.0,78.003,62.25,31.846,1.68,3.61,79.971,81.872,0.0,MODERATE
470,2026-06-05 21:30:00+00:00,21,4,-0.707107,0.707107,-0.433884,-0.900969,False,False,EVENING,2.0,5.0,8.0,28.0,57.0,201.0,0.0,0.0,0.0,3.36,4.552,83.82,8.24,83.816,82.441,16.18,1.76,10.26,23.29,85.992,81.784,7.46,4.6,3.94,2.17,75.381,5.81,100.0,32.976,False,,0.0,70.845,0.0,0.0,0.0,0.122,1.23,-2.0,-0.63,1.452,4.0,0.0,81.296,83.648,100.0,100.0,77.616,100.0,32.519,15.0,0.0,79.961,81.866,100.0,100.0,77.273,100.0,31.984,0.0,3.119,78.454,81.244,0.0,MODERATE
471,2026-06-05 21:45:00+00:00,21,4,-0.707107,0.707107,-0.433884,-0.900969,False,False,EVENING,1.0,3.0,8.0,24.0,57.0,196.0,0.0,0.0,0.0,1.68,3.864,83.36,8.15,83.361,81.526,16.64,1.85,7.12,16.38,100.0,100.0,7.29,4.58,4.13,2.14,74.173,5.49,100.0,32.61,False,,0.0,74.32,0.0,0.0,0.0,0.122,1.23,0.0,-0.63,1.372,4.0,0.0,79.211,82.827,100.0,100.0,76.923,68.633,31.684,13.0,0.0,79.901,81.819,100.0,100.0,76.908,83.067,31.96,3.36,3.995,79.421,80.989,0.0,MODERATE
472,2026-06-05 22:00:00+00:00,22,4,-0.5,0.866025,-0.433884,-0.900969,False,False,NIGHT,1.0,2.0,7.0,24.0,55.0,193.0,0.0,0.0,0.0,1.68,2.919,83.14,8.06,83.143,80.611,16.86,1.94,6.2,17.84,100.0,100.0,7.08,4.55,4.37,2.09,72.715,5.17,100.0,32.244,False,,0.0,73.958,0.0,0.0,0.0,0.122,1.23,2.0,-0.79,1.292,5.0,0.0,80.477,82.803,100.0,100.0,76.657,100.0,32.191,13.0,0.0,82.362,82.873,100.0,100.0,74.985,100.0,32.945,3.36,2.463,80.603,81.095,0.0,MODERATE
473,2026-06-05 22:15:00+00:00,22,4,-0.5,0.866025,-0.433884,-0.900969,False,False,NIGHT,3.0,4.0,7.0,25.0,56.0,194.0,0.0,0.0,0.0,5.04,3.3,83.46,8.18,83.457,81.827,16.54,1.82,5.74,16.83,100.0,100.0,7.95,4.54,3.51,2.25,78.078,5.17,100.0,32.731,False,,0.0,74.753,0.0,0.0,0.0,0.122,1.23,0.0,-0.79,1.292,8.0,0.0,79.616,81.741,100.0,100.0,78.003,62.25,31.846,12.0,0.0,80.648,82.218,100.0,100.0,77.293,37.133,32.259,1.68,2.416,79.981,80.973,0.0,MODERATE
474,2026-06-05 22:30:00+00:00,22,4,-0.5,0.866025,-0.433884,-0.900969,False,False,NIGHT,2.0,5.0,7.0,25.0,55.0,194.0,0.0,0.0,0.0,3.36,2.806,83.65,8.13,83.648,81.296,16.35,1.87,6.27,17.99,100.0,100.0,7.89,4.53,3.58,2.24,77.616,5.01,100.0,32.519,False,,0.0,74.647,0.0,0.0,0.0,0.046,0.73,-1.0,-0.8,1.252,8.0,0.0,79.961,81.866,100.0,100.0,77.273,100.0,31.984,14.0,0.0,80.984,82.822,100.0,100.0,82.084,85.7,32.394,6.72,3.233,81.805,81.662,0.06,MODERATE
475,2026-06-05 22:45:00+00:00,22,4,-0.5,0.866025,-0.433884,-0.900969,False,False,NIGHT,0.0,2.0,6.0,22.0,54.0,189.0,0.0,0.0,0.0,0.0,4.121,82.83,7.92,82.827,79.211,17.17,2.08,6.27,17.99,100.0,100.0,7.81,4.49,3.69,2.22,76.923,4.53,68.633,31.684,False,,0.0,71.164,0.0,0.0,0.0,0.0,0.0,-2.0,-0.96,1.132,8.0,0.0,79.901,81.819,100.0,100.0,76.908,83.067,31.96,13.0,0.0,82.373,82.47,100.0,100.0,82.295,83.067,32.949,0.0,2.14,80.977,81.21,0.0,MODERATE
476,2026-06-05 23:00:00+00:00,23,4,-0.258819,0.965926,-0.433884,-0.900969,False,False,NIGHT,2.0,2.0,7.0,19.0,53.0,187.0,0.0,0.0,0.0,3.36,2.947,82.8,8.05,82.803,80.477,17.2,1.95,6.27,17.99,100.0,100.0,7.79,4.48,3.73,2.21,76.657,4.37,100.0,32.191,False,,0.0,74.211,0.0,0.0,0.0,0.0,0.0,0.0,-0.8,1.092,9.0,0.0,82.362,82.873,100.0,100.0,74.985,100.0,32.945,12.0,0.0,82.342,82.667,100.0,100.0,77.709,80.433,32.937,1.68,2.483,79.424,81.164,0.0,MODERATE
477,2026-06-05 23:15:00+00:00,23,4,-0.258819,0.965926,-0.433884,-0.900969,False,False,NIGHT,0.0,2.0,4.0,18.0,51.0,186.0,0.0,0.0,0.0,0.0,4.594,81.74,7.96,81.741,79.616,18.26,2.04,6.27,17.99,100.0,100.0,8.02,4.46,3.52,2.25,78.003,3.89,62.25,31.846,False,,0.0,70.529,0.0,0.0,0.0,0.0,0.0,-3.0,-1.28,0.972,6.0,0.0,80.648,82.218,100.0,100.0,77.293,37.133,32.259,13.0,0.0,81.51,82.133,100.0,100.0,79.484,50.6,32.604,6.72,2.15,80.939,82.155,0.06,MODERATE
478,2026-06-05 23:30:00+00:00,23,4,-0.258819,0.965926,-0.433884,-0.900969,False,False,NIGHT,2.0,2.0,4.0,19.0,51.0,188.0,0.0,0.0,0.0,3.36,2.721,81.87,8.0,81.866,79.961,18.13,2.0,6.27,17.99,100.0,100.0,7.92,4.45,3.64,2.23,77.273,3.73,100.0,31.984,False,,0.0,73.957,0.0,0.0,0.0,0.0,0.0,-3.0,-1.28,0.932,7.0,0.0,80.984,82.822,100.0,100.0,82.084,85.7,32.394,13.0,0.0,80.818,81.539,100.0,100.0,79.77,19.167,32.327,1.68,3.059,81.246,81.78,0.0,MODERATE
479,2026-06-05 23:45:00+00:00,23,4,-0.258819,0.965926,-0.433884,-0.900969,False,False,NIGHT,1.0,3.0,5.0,19.0,48.0,187.0,0.0,0.0,0.0,1.68,1.893,81.82,7.99,81.819,79.901,18.18,2.01,6.27,17.99,100.0,100.0,7.87,4.44,3.69,2.21,76.908,3.41,83.067,31.96,False,,0.0,72.378,0.0,0.0,0.0,0.0,0.0,-1.0,-1.12,0.852,5.0,0.0,82.373,82.47,100.0,100.0,82.295,83.067,32.949,13.0,0.0,80.493,81.592,100.0,100.0,76.495,40.533,32.197,0.0,4.284,79.711,80.862,0.0,MODERATE
480,2026-06-06 00:00:00+00:00,0,5,0.0,1.0,-0.974928,-0.222521,True,False,NIGHT,5.0,6.0,8.0,22.0,52.0,191.0,0.0,0.0,0.0,8.4,3.197,82.87,8.24,82.873,82.362,17.13,1.76,5.52,16.33,100.0,100.0,7.54,4.46,4.0,2.16,74.985,3.63,100.0,32.945,False,,0.0,74.453,0.0,0.0,0.0,0.0,0.0,1.0,-0.74,0.908,4.0,0.0,82.342,82.667,100.0,100.0,77.709,80.433,32.937,14.0,0.0,82.394,82.116,100.0,100.0,74.833,100.0,32.958,5.04,1.289,80.425,81.729,0.0,MODERATE
481,2026-06-06 00:15:00+00:00,0,5,0.0,1.0,-0.974928,-0.222521,True,False,NIGHT,0.0,5.0,8.0,19.0,52.0,191.0,0.0,0.0,0.0,0.0,3.306,82.22,8.06,82.218,80.648,17.78,1.94,6.27,17.99,100.0,100.0,7.92,4.45,3.63,2.23,77.293,3.05,37.133,32.259,False,,0.0,68.516,0.0,0.0,0.0,0.0,0.0,4.0,-0.84,0.762,6.0,0.0,81.51,82.133,100.0,100.0,79.484,50.6,32.604,12.0,0.0,82.409,82.141,100.0,100.0,75.805,64.067,32.964,5.04,2.842,81.549,82.166,0.0,NORMAL
482,2026-06-06 00:30:00+00:00,0,5,0.0,1.0,-0.974928,-0.222521,True,False,NIGHT,2.0,2.0,8.0,19.0,47.0,193.0,0.0,0.0,0.0,3.36,0.81,82.82,8.1,82.822,80.984,17.18,1.9,6.27,17.99,100.0,100.0,8.68,4.45,2.87,2.36,82.084,2.78,85.7,32.394,False,,0.0,73.518,0.0,0.0,0.0,0.0,0.0,4.0,-0.95,0.695,7.0,0.0,80.818,81.539,100.0,100.0,79.77,19.167,32.327,11.0,0.0,81.572,82.017,100.0,100.0,77.714,34.233,32.629,6.72,3.183,82.762,82.929,0.06,MODERATE
483,2026-06-06 00:45:00+00:00,0,5,0.0,1.0,-0.974928,-0.222521,True,False,NIGHT,2.0,4.0,9.0,20.0,44.0,193.0,0.0,0.0,0.0,3.36,4.214,82.47,8.24,82.47,82.373,17.53,1.76,6.27,17.99,100.0,100.0,8.7,4.47,2.83,2.37,82.295,2.52,83.067,32.949,False,,0.0,73.501,0.0,0.0,0.0,0.0,0.0,4.0,-0.89,0.63,8.0,0.0,80.493,81.592,100.0,100.0,76.495,40.533,32.197,14.0,0.0,79.692,81.976,100.0,100.0,75.823,32.267,31.877,3.36,4.271,83.459,82.631,0.0,MODERATE
484,2026-06-06 01:00:00+00:00,1,5,0.258819,0.965926,-0.974928,-0.222521,True,False,NIGHT,2.0,4.0,6.0,21.0,45.0,194.0,0.0,0.0,0.0,3.36,2.584,82.67,8.23,82.667,82.342,17.33,1.77,5.97,17.34,100.0,100.0,7.95,4.48,3.57,2.24,77.709,2.26,80.433,32.937,False,,0.0,72.888,0.0,0.0,0.0,0.0,0.0,-2.0,-1.37,0.565,8.0,0.0,82.394,82.116,100.0,100.0,74.833,100.0,32.958,13.0,0.0,80.719,82.28,100.0,100.0,70.574,83.467,32.288,1.68,4.656,82.333,82.0,0.0,MODERATE
485,2026-06-06 01:15:00+00:00,1,5,0.258819,0.965926,-0.974928,-0.222521,True,False,NIGHT,1.0,3.0,7.0,19.0,44.0,195.0,0.0,0.0,0.0,1.68,4.15,82.13,8.15,82.133,81.51,17.87,1.85,6.27,17.99,100.0,100.0,8.24,4.48,3.28,2.29,79.484,1.83,50.6,32.604,False,,0.0,70.079,0.0,0.0,0.0,0.0,0.0,-1.0,-1.22,0.458,7.0,0.0,82.409,82.141,100.0,100.0,75.805,64.067,32.964,11.0,0.0,79.971,81.872,100.0,100.0,68.987,32.267,31.988,0.0,2.171,80.94,81.596,0.0,MODERATE
486,2026-06-06 01:30:00+00:00,1,5,0.258819,0.965926,-0.974928,-0.222521,True,False,NIGHT,0.0,1.0,5.0,17.0,42.0,195.0,0.0,0.0,0.0,0.0,2.655,81.54,8.08,81.539,80.818,18.46,1.92,4.61,14.34,100.0,100.0,8.29,4.47,3.24,2.3,79.77,1.25,19.167,32.327,False,,0.0,67.007,0.0,0.0,0.0,0.0,0.0,-3.0,-1.53,0.312,6.0,0.0,81.572,82.017,100.0,100.0,77.714,34.233,32.629,14.0,0.0,78.454,81.244,100.0,100.0,66.987,8.0,31.381,6.72,3.161,82.705,82.31,0.06,NORMAL
487,2026-06-06 01:45:00+00:00,1,5,0.258819,0.965926,-0.974928,-0.222521,True,False,NIGHT,1.0,1.0,4.0,18.0,40.0,196.0,0.0,0.0,0.0,1.68,1.598,81.59,8.05,81.592,80.493,18.41,1.95,5.94,17.27,100.0,100.0,7.78,4.46,3.76,2.2,76.495,0.83,40.533,32.197,False,,0.0,68.581,0.0,0.0,0.0,0.0,0.0,-5.0,-1.69,0.208,5.0,0.0,79.692,81.976,100.0,100.0,75.823,32.267,31.877,15.0,0.0,79.421,80.989,100.0,100.0,67.333,57.867,31.769,1.68,3.775,82.559,81.8,0.0,NORMAL
488,2026-06-06 02:00:00+00:00,2,5,0.5,0.866025,-0.974928,-0.222521,True,False,NIGHT,4.0,5.0,6.0,20.0,39.0,197.0,0.0,0.0,0.0,6.72,3.86,82.12,8.24,82.116,82.394,17.88,1.76,6.27,17.99,100.0,100.0,7.5,4.48,4.03,2.16,74.833,0.88,100.0,32.958,False,,0.0,74.279,0.0,0.0,0.0,0.0,0.0,0.0,-1.38,0.22,6.0,0.0,80.719,82.28,100.0,100.0,70.574,83.467,32.288,13.0,0.0,80.603,81.095,100.0,100.0,67.397,57.867,32.241,5.04,0.555,83.283,82.849,0.0,MODERATE
489,2026-06-06 02:15:00+00:00,2,5,0.5,0.866025,-0.974928,-0.222521,True,False,NIGHT,2.0,6.0,7.0,22.0,40.0,198.0,0.0,0.0,0.0,3.36,3.255,82.14,8.24,82.141,82.409,17.86,1.76,5.75,16.86,100.0,100.0,7.64,4.49,3.87,2.18,75.805,0.62,64.067,32.964,False,,0.0,71.141,0.0,0.0,0.0,0.0,0.0,0.0,-1.21,0.155,5.0,0.0,79.971,81.872,100.0,100.0,68.987,32.267,31.988,14.0,0.0,79.981,80.973,100.0,100.0,66.228,32.267,31.993,6.72,2.745,84.735,83.698,0.06,MODERATE
490,2026-06-06 02:30:00+00:00,2,5,0.5,0.866025,-0.974928,-0.222521,True,False,NIGHT,1.0,3.0,8.0,21.0,40.0,199.0,0.0,0.0,0.0,1.68,2.513,82.02,8.16,82.017,81.572,17.98,1.84,6.27,17.99,100.0,100.0,7.95,4.49,3.57,2.24,77.714,0.2,34.233,32.629,False,,0.0,68.433,0.0,0.0,0.0,0.0,0.0,3.0,-1.05,0.05,5.0,0.0,78.454,81.244,100.0,100.0,66.987,8.0,31.381,16.0,0.0,81.805,81.662,100.0,100.0,68.406,100.0,32.722,1.68,4.651,83.69,83.059,0.0,NORMAL
491,2026-06-06 02:45:00+00:00,2,5,0.5,0.866025,-0.974928,-0.222521,True,False,NIGHT,1.0,2.0,8.0,21.0,40.0,198.0,0.0,0.0,0.0,1.68,2.593,81.98,7.97,81.976,79.692,18.02,2.03,5.44,16.16,100.0,100.0,7.66,4.47,3.87,2.18,75.823,0.0,32.267,31.877,False,,0.0,67.701,0.0,0.0,0.0,0.0,0.0,4.0,-0.83,0.0,9.0,0.0,79.421,80.989,100.0,100.0,67.333,57.867,31.769,16.0,0.0,80.977,81.21,100.0,100.0,71.368,8.0,32.391,6.72,4.24,84.988,83.55,0.06,NORMAL
492,2026-06-06 03:00:00+00:00,3,5,0.707107,0.707107,-0.974928,-0.222521,True,False,NIGHT,3.0,4.0,7.0,19.0,41.0,201.0,0.0,0.0,0.0,5.04,3.416,82.28,8.07,82.28,80.719,17.72,1.93,6.27,17.99,100.0,100.0,6.83,4.46,4.71,2.03,70.574,0.0,83.467,32.288,False,,0.0,72.109,0.0,0.0,0.0,0.0,0.0,1.0,-0.88,0.0,7.0,0.0,80.603,81.095,100.0,100.0,67.397,57.867,32.241,18.0,0.0,79.424,81.164,100.0,100.0,71.05,32.267,31.77,0.0,4.11,83.235,82.697,0.0,MODERATE
493,2026-06-06 03:15:00+00:00,3,5,0.707107,0.707107,-0.974928,-0.222521,True,False,NIGHT,1.0,4.0,6.0,20.0,39.0,201.0,0.0,0.0,0.0,1.68,3.61,81.87,8.0,81.872,79.971,18.13,2.0,4.76,14.66,100.0,100.0,6.59,4.45,4.96,1.99,68.987,0.0,32.267,31.988,False,,0.0,67.119,0.0,0.0,0.0,0.0,0.0,-1.0,-0.62,0.0,6.0,0.0,79.981,80.973,100.0,100.0,66.228,32.267,31.993,18.0,0.0,80.939,82.155,100.0,100.0,73.576,100.0,32.376,5.04,4.48,83.755,82.785,0.0,NORMAL
494,2026-06-06 03:30:00+00:00,3,5,0.707107,0.707107,-0.974928,-0.222521,True,False,NIGHT,0.0,1.0,5.0,18.0,37.0,201.0,0.0,0.0,0.0,0.0,3.119,81.24,7.85,81.244,78.454,18.76,2.15,6.27,17.99,100.0,100.0,6.3,4.42,5.28,1.93,66.987,0.0,8.0,31.381,False,,0.0,64.313,0.0,0.0,0.0,0.0,0.0,-3.0,-0.2,0.0,9.0,0.0,81.805,81.662,100.0,100.0,68.406,100.0,32.722,14.0,0.0,81.246,81.78,100.0,100.0,75.335,32.267,32.499,9.323,3.281,87.282,83.943,0.38,NORMAL
495,2026-06-06 03:45:00+00:00,3,5,0.707107,0.707107,-0.974928,-0.222521,True,False,NIGHT,2.0,2.0,6.0,18.0,38.0,202.0,0.0,0.0,0.0,3.36,3.995,80.99,7.94,80.989,79.421,19.01,2.06,6.27,17.99,100.0,100.0,6.36,4.41,5.23,1.94,67.333,0.0,57.867,31.769,False,,0.0,68.97,0.0,0.0,0.0,0.0,0.0,-2.0,0.0,0.0,6.0,0.0,80.977,81.21,100.0,100.0,71.368,8.0,32.391,17.0,0.0,79.711,80.862,100.0,100.0,74.766,8.0,31.884,2.437,5.05,86.361,83.382,0.0,NORMAL
496,2026-06-06 04:00:00+00:00,4,5,0.866025,0.5,-0.974928,-0.222521,True,False,NIGHT,2.0,4.0,5.0,18.0,39.0,203.0,0.0,0.0,0.0,3.36,2.463,81.09,8.06,81.095,80.603,18.91,1.94,6.27,17.99,100.0,100.0,6.37,4.42,5.22,1.94,67.397,0.0,57.867,32.241,False,,0.0,69.235,0.0,0.0,0.0,0.0,0.0,-2.0,0.0,0.0,6.0,0.0,79.424,81.164,100.0,100.0,71.05,32.267,31.77,18.0,0.0,80.425,81.729,71.871,67.756,73.391,83.467,32.17,1.68,5.0,85.803,82.608,0.0,NORMAL
497,2026-06-06 04:15:00+00:00,4,5,0.866025,0.5,-0.974928,-0.222521,True,False,NIGHT,1.0,3.0,5.0,18.0,37.0,203.0,0.0,0.0,0.0,1.68,2.416,80.97,8.0,80.973,79.981,19.03,2.0,6.02,17.45,100.0,100.0,6.18,4.41,5.4,1.91,66.228,0.0,32.267,31.993,False,,0.0,66.675,0.0,0.0,0.0,0.0,0.0,-1.0,0.0,0.0,8.0,0.0,80.939,82.155,100.0,100.0,73.576,100.0,32.376,18.0,0.0,81.549,82.166,72.256,68.119,72.315,83.467,32.62,6.72,2.973,86.569,83.468,0.06,NORMAL
498,2026-06-06 04:30:00+00:00,4,5,0.866025,0.5,-0.974928,-0.222521,True,False,NIGHT,4.0,5.0,9.0,22.0,39.0,206.0,0.0,0.0,0.0,6.72,3.233,81.66,8.18,81.662,81.805,18.34,1.82,6.27,17.99,100.0,100.0,6.52,4.43,5.05,1.97,68.406,0.06,100.0,32.722,False,,0.0,73.483,0.0,0.0,0.0,0.0,0.0,4.0,0.06,0.015,7.0,0.0,81.246,81.78,100.0,100.0,75.335,32.267,32.499,19.0,0.0,82.762,82.929,72.927,68.751,72.307,100.0,33.105,3.36,4.427,85.016,83.356,0.0,MODERATE
499,2026-06-06 04:45:00+00:00,4,5,0.866025,0.5,-0.974928,-0.222521,True,False,NIGHT,0.0,4.0,7.0,21.0,39.0,206.0,0.0,0.0,0.0,0.0,2.14,81.21,8.1,81.21,80.977,18.79,1.9,5.36,16.0,100.0,100.0,6.98,4.43,4.58,2.06,71.368,0.0,8.0,32.391,False,,0.0,65.205,0.0,0.0,0.0,0.0,0.0,1.0,0.0,0.0,10.0,0.0,79.711,80.862,100.0,100.0,74.766,8.0,31.884,16.0,0.0,83.459,82.631,75.662,71.214,69.394,57.867,33.383,3.36,2.827,84.519,83.539,0.0,NORMAL
500,2026-06-06 05:00:00+00:00,5,5,0.965926,0.258819,-0.974928,-0.222521,True,False,NIGHT,1.0,1.0,6.0,18.0,38.0,206.0,0.0,0.0,0.0,1.68,2.483,81.16,7.94,81.164,79.424,18.84,2.06,5.89,17.17,100.0,100.0,6.95,4.42,4.63,2.05,71.05,0.0,32.267,31.77,False,,0.0,67.039,0.0,0.0,0.0,0.0,0.0,1.0,0.0,0.0,12.0,0.0,80.425,81.729,71.871,67.756,73.391,83.467,32.17,18.0,0.0,82.333,82.0,73.042,68.825,71.736,32.267,32.933,6.72,3.02,85.59,84.357,0.06,NORMAL
501,2026-06-06 05:15:00+00:00,5,5,0.965926,0.258819,-0.974928,-0.222521,True,False,NIGHT,4.0,5.0,9.0,20.0,42.0,209.0,0.0,0.0,0.0,6.72,2.15,82.16,8.09,82.155,80.939,17.84,1.91,6.27,17.99,100.0,100.0,7.34,4.43,4.23,2.12,73.576,0.06,100.0,32.376,False,,0.0,73.884,0.0,0.0,0.0,0.0,0.0,4.0,0.06,0.015,10.0,0.0,81.549,82.166,72.256,68.119,72.315,83.467,32.62,17.0,0.0,80.94,81.596,71.755,67.647,69.226,8.0,32.376,6.72,5.658,86.733,84.509,0.11,MODERATE
502,2026-06-06 05:30:00+00:00,5,5,0.965926,0.258819,-0.974928,-0.222521,True,False,NIGHT,1.0,5.0,6.0,20.0,41.0,210.0,0.0,0.0,0.0,1.68,3.059,81.78,8.12,81.78,81.246,18.22,1.88,6.27,17.99,100.0,100.0,7.62,4.44,3.95,2.17,75.335,0.0,32.267,32.499,False,,0.0,67.925,0.0,0.0,0.0,0.0,0.0,-3.0,-0.06,0.0,7.0,0.0,82.762,82.929,72.927,68.751,72.307,100.0,33.105,20.0,0.0,82.705,82.31,72.382,68.238,70.467,100.0,33.082,3.36,4.795,86.906,84.132,0.0,NORMAL
503,2026-06-06 05:45:00+00:00,5,5,0.965926,0.258819,-0.974928,-0.222521,True,False,NIGHT,0.0,1.0,6.0,19.0,40.0,206.0,0.0,0.0,0.0,0.0,4.284,80.86,7.97,80.862,79.711,19.14,2.03,5.43,16.14,100.0,100.0,7.54,4.43,4.04,2.15,74.766,0.0,8.0,31.884,False,,0.0,65.181,0.0,0.0,0.0,0.0,0.0,-1.0,0.0,0.0,7.0,0.0,83.459,82.631,75.662,71.214,69.394,57.867,33.383,22.0,0.0,82.559,81.8,71.935,67.816,69.543,32.267,33.024,8.773,4.876,88.708,84.926,0.54,NORMAL
504,2026-06-06 06:00:00+00:00,6,5,1.0,0.0,-0.974928,-0.222521,True,False,MORNING,3.0,3.0,8.0,19.0,38.0,206.0,0.0,0.0,0.0,5.04,1.289,81.73,8.04,81.729,80.425,18.27,1.96,11.97,27.41,71.871,67.756,7.32,4.42,4.26,2.11,73.391,0.0,83.467,32.17,False,,0.0,64.938,0.0,0.0,0.0,0.0,0.0,2.0,0.0,0.0,6.0,0.0,82.333,82.0,73.042,68.825,71.736,32.267,32.933,22.0,0.0,83.283,82.849,72.857,68.685,71.009,83.467,33.313,8.449,4.872,89.438,85.748,0.75,NORMAL
505,2026-06-06 06:15:00+00:00,6,5,1.0,0.0,-0.974928,-0.222521,True,False,MORNING,3.0,6.0,7.0,21.0,41.0,209.0,0.0,0.0,0.0,5.04,2.842,82.17,8.15,82.166,81.549,17.83,1.85,11.97,27.41,72.256,68.119,7.13,4.44,4.43,2.08,72.315,0.0,83.467,32.62,False,,0.0,65.252,0.0,0.0,0.0,0.0,0.0,-2.0,-0.06,0.0,8.0,0.0,80.94,81.596,71.755,67.647,69.226,8.0,32.376,20.0,0.0,84.735,83.698,78.177,73.521,73.855,100.0,33.894,7.978,5.545,89.766,86.323,0.65,NORMAL
506,2026-06-06 06:30:00+00:00,6,5,1.0,0.0,-0.974928,-0.222521,True,False,MORNING,4.0,7.0,10.0,25.0,43.0,212.0,0.0,0.0,0.0,6.72,3.183,82.93,8.28,82.929,82.762,17.07,1.72,11.97,27.41,72.927,68.751,7.11,4.46,4.43,2.08,72.307,0.06,100.0,33.105,False,,0.0,67.306,0.0,0.0,0.0,0.0,0.0,4.0,0.06,0.015,12.0,0.0,82.705,82.31,72.382,68.238,70.467,100.0,33.082,20.0,0.0,83.69,83.059,73.042,68.859,75.727,32.267,33.476,6.72,5.627,90.423,86.531,0.71,NORMAL
507,2026-06-06 06:45:00+00:00,6,5,1.0,0.0,-0.974928,-0.222521,True,False,MORNING,2.0,6.0,12.0,25.0,43.0,213.0,0.0,0.0,0.0,3.36,4.271,82.63,8.35,82.631,83.459,17.37,1.65,11.5,26.37,75.662,71.214,6.62,4.49,4.9,2.0,69.394,0.0,57.867,33.383,False,,0.0,63.949,0.0,0.0,0.0,0.0,0.0,6.0,0.0,0.0,9.0,0.0,82.559,81.8,71.935,67.816,69.543,32.267,33.024,21.0,0.0,84.988,83.55,73.473,69.266,74.115,100.0,33.995,6.72,6.325,91.016,86.57,0.76,NORMAL
508,2026-06-06 07:00:00+00:00,7,5,0.965926,-0.258819,-0.974928,-0.222521,True,False,MORNING,1.0,3.0,10.0,24.0,42.0,212.0,0.0,0.0,0.0,1.68,4.656,82.0,8.23,82.0,82.333,18.0,1.77,11.82,27.08,73.042,68.825,6.98,4.49,4.52,2.07,71.736,0.0,32.267,32.933,False,,0.0,60.891,0.0,0.0,0.0,0.0,0.0,2.0,0.0,0.0,12.0,0.0,83.283,82.849,72.857,68.685,71.009,83.467,33.313,19.0,0.0,83.235,82.697,78.004,73.327,75.191,8.0,33.294,5.04,5.933,89.826,86.466,0.66,NORMAL
509,2026-06-06 07:15:00+00:00,7,5,0.965926,-0.258819,-0.974928,-0.222521,True,False,MORNING,0.0,1.0,7.0,23.0,41.0,209.0,0.0,0.0,0.0,0.0,2.171,81.6,8.09,81.596,80.94,18.4,1.91,11.97,27.41,71.755,67.647,6.59,4.49,4.92,1.99,69.226,0.0,8.0,32.376,False,,0.0,57.818,0.0,0.0,0.0,0.0,0.0,0.0,0.0,0.0,9.0,0.0,84.735,83.698,78.177,73.521,73.855,100.0,33.894,23.0,0.0,83.755,82.785,72.801,68.632,76.955,83.467,33.502,7.861,6.809,91.046,86.607,1.04,NORMAL
510,2026-06-06 07:30:00+00:00,7,5,0.965926,-0.258819,-0.974928,-0.222521,True,False,MORNING,4.0,4.0,7.0,23.0,45.0,211.0,0.0,0.0,0.0,6.72,3.161,82.31,8.27,82.31,82.705,17.69,1.73,11.97,27.41,72.382,68.238,6.78,4.5,4.73,2.03,70.467,0.06,100.0,33.082,False,,0.0,66.866,0.0,0.0,0.0,0.0,0.0,-3.0,0.0,0.015,8.0,0.0,83.69,83.059,73.042,68.859,75.727,32.267,33.476,24.0,0.45,87.282,83.943,80.035,75.21,76.653,100.0,37.615,7.259,6.303,91.163,86.834,0.93,NORMAL
511,2026-06-06 07:45:00+00:00,7,5,0.965926,-0.258819,-0.974928,-0.222521,True,False,MORNING,1.0,5.0,6.0,24.0,45.0,210.0,0.0,0.0,0.0,1.68,3.775,81.8,8.26,81.8,82.559,18.2,1.74,11.97,27.41,71.935,67.816,6.62,4.51,4.87,2.0,69.543,0.0,32.267,33.024,False,,0.0,60.441,0.0,0.0,0.0,0.0,0.0,-6.0,0.0,0.0,13.0,0.0,84.988,83.55,73.473,69.266,74.115,100.0,33.995,20.0,0.0,86.361,83.382,73.325,69.127,77.69,32.267,34.545,1.68,6.21,88.687,85.949,0.51,NORMAL
512,2026-06-06 08:00:00+00:00,8,5,0.866025,-0.5,-0.974928,-0.222521,True,False,MORNING,3.0,4.0,8.0,26.0,44.0,211.0,0.0,0.0,0.0,5.04,0.555,82.85,8.33,82.849,83.283,17.15,1.67,11.97,27.41,72.857,68.685,6.84,4.52,4.64,2.05,71.009,0.0,83.467,33.313,False,,0.0,65.771,0.0,0.0,0.0,0.0,0.0,-2.0,0.0,0.0,10.0,0.0,83.235,82.697,78.004,73.327,75.191,8.0,33.294,26.0,0.0,85.803,82.608,78.285,73.577,77.621,32.267,34.321,5.04,5.424,88.068,85.915,0.41,NORMAL
513,2026-06-06 08:15:00+00:00,8,5,0.866025,-0.5,-0.974928,-0.222521,True,False,MORNING,4.0,7.0,12.0,26.0,46.0,214.0,0.0,0.0,0.0,6.72,2.745,83.7,8.47,83.698,84.735,16.3,1.53,11.27,25.87,78.177,73.521,7.27,4.55,4.18,2.13,73.855,0.06,100.0,33.894,False,,0.0,69.211,0.0,0.0,0.0,0.0,0.0,5.0,0.06,0.015,11.0,0.0,83.755,82.785,72.801,68.632,76.955,83.467,33.502,30.0,0.0,86.569,83.468,75.081,70.718,79.885,100.0,34.628,8.094,5.114,89.518,86.515,0.78,NORMAL
514,2026-06-06 08:30:00+00:00,8,5,0.866025,-0.5,-0.974928,-0.222521,True,False,MORNING,1.0,5.0,9.0,26.0,46.0,214.0,0.0,0.0,0.0,1.68,4.651,83.06,8.37,83.059,83.69,16.94,1.63,11.97,27.41,73.042,68.859,7.56,4.56,3.88,2.18,75.727,0.0,32.267,33.476,False,,0.0,61.759,0.0,0.0,0.0,0.0,0.0,2.0,-0.06,0.0,12.0,0.45,87.282,83.943,80.035,75.21,76.653,100.0,37.615,29.0,0.0,85.016,83.356,74.199,69.917,80.363,57.867,34.006,7.026,5.126,90.832,86.859,0.68,NORMAL
515,2026-06-06 08:45:00+00:00,8,5,0.866025,-0.5,-0.974928,-0.222521,True,False,MORNING,4.0,5.0,12.0,30.0,49.0,215.0,0.0,0.0,0.0,6.72,4.24,83.55,8.5,83.55,84.988,16.45,1.5,11.97,27.41,73.473,69.266,7.28,4.58,4.14,2.13,74.115,0.06,100.0,33.995,False,,0.0,68.178,0.0,0.0,0.0,0.0,0.0,6.0,0.06,0.015,8.0,0.0,86.361,83.382,73.325,69.127,77.69,32.267,34.545,31.0,0.0,84.519,83.539,85.358,79.961,78.138,57.867,33.808,7.699,5.695,91.931,87.25,0.9,NORMAL
516,2026-06-06 09:00:00+00:00,9,5,0.707107,-0.707107,-0.974928,-0.222521,True,False,MORNING,0.0,4.0,9.0,27.0,46.0,211.0,0.0,0.0,0.0,0.0,4.11,82.7,8.32,82.697,83.235,17.3,1.68,11.16,25.63,78.004,73.327,7.45,4.58,3.97,2.17,75.191,0.0,8.0,33.294,False,,0.0,60.487,0.0,0.0,0.0,0.0,0.0,1.0,0.0,0.0,9.0,0.0,85.803,82.608,78.285,73.577,77.621,32.267,34.321,33.0,0.0,85.59,84.357,74.183,69.935,77.967,100.0,34.236,7.536,6.376,93.174,87.415,1.11,NORMAL
517,2026-06-06 09:15:00+00:00,9,5,0.707107,-0.707107,-0.974928,-0.222521,True,False,MORNING,3.0,3.0,8.0,27.0,48.0,213.0,0.0,0.0,0.0,5.04,4.48,82.79,8.38,82.785,83.755,17.21,1.62,11.97,27.41,72.801,68.632,7.73,4.59,3.69,2.22,76.955,0.0,83.467,33.502,False,,0.0,66.374,0.0,0.0,0.0,0.0,0.0,-4.0,-0.06,0.0,12.0,0.0,86.569,83.468,75.081,70.718,79.885,100.0,34.628,32.0,0.0,86.733,84.509,81.939,76.937,76.144,100.0,34.693,4.925,6.61,92.595,87.052,0.85,NORMAL
518,2026-06-06 09:30:00+00:00,9,5,0.707107,-0.707107,-0.974928,-0.222521,True,False,MORNING,6.0,9.0,13.0,29.0,54.0,216.0,0.45,0.0,0.0,9.323,3.281,83.94,8.73,83.943,87.282,16.06,1.27,11.07,25.43,80.035,75.21,7.62,4.65,3.74,2.21,76.653,0.38,100.0,37.615,False,,0.8,70.74,0.45,0.45,0.45,0.028,0.45,4.0,0.38,0.208,12.0,0.0,85.016,83.356,74.199,69.917,80.363,57.867,34.006,34.0,0.0,86.906,84.132,81.248,76.301,77.266,57.867,34.762,0.0,6.8,89.488,85.663,0.27,MODERATE
519,2026-06-06 09:45:00+00:00,9,5,0.707107,-0.707107,-0.974928,-0.222521,True,False,MORNING,1.0,7.0,10.0,28.0,53.0,216.0,0.0,0.04,0.0405,2.437,5.05,83.38,8.64,83.382,86.361,16.62,1.36,11.97,27.41,73.325,69.127,7.76,4.67,3.57,2.24,77.69,0.0,32.267,34.545,False,,0.0,62.607,-0.45,0.0,0.0,0.028,0.45,-2.0,-0.06,0.0,12.0,0.0,84.519,83.539,85.358,79.961,78.138,57.867,33.808,35.0,1.78,88.708,84.926,76.278,71.877,75.699,100.0,46.153,5.04,4.652,89.204,85.788,0.16,NORMAL
520,2026-06-06 10:00:00+00:00,10,5,0.5,-0.866025,-0.974928,-0.222521,True,False,MORNING,1.0,2.0,11.0,28.0,52.0,215.0,0.0,0.0,0.0,1.68,5.0,82.61,8.58,82.608,85.803,17.39,1.42,11.11,25.52,78.285,73.577,7.74,4.68,3.58,2.24,77.621,0.0,32.267,34.321,False,,0.0,63.448,0.0,-0.45,0.0,0.028,0.45,2.0,0.0,0.0,17.0,0.0,85.59,84.357,74.183,69.935,77.967,100.0,34.236,29.0,1.75,89.438,85.748,80.451,75.674,75.637,100.0,46.27,3.36,4.865,88.289,85.504,0.0,NORMAL
521,2026-06-06 10:15:00+00:00,10,5,0.5,-0.866025,-0.974928,-0.222521,True,False,MORNING,4.0,5.0,12.0,32.0,55.0,215.0,0.0,0.0,0.0,6.72,2.973,83.47,8.66,83.468,86.569,16.53,1.34,11.7,26.82,75.081,70.718,8.09,4.69,3.22,2.3,79.885,0.06,100.0,34.628,False,,0.0,69.362,0.0,0.0,0.0,0.028,0.45,4.0,0.06,0.015,18.0,0.0,86.733,84.509,81.939,76.937,76.144,100.0,34.693,27.0,0.0,89.766,86.323,75.912,71.565,74.137,89.967,35.907,6.72,5.886,88.909,85.65,0.06,NORMAL
522,2026-06-06 10:30:00+00:00,10,5,0.5,-0.866025,-0.974928,-0.222521,True,False,MORNING,2.0,6.0,8.0,30.0,53.0,213.0,0.0,0.0,0.0,3.36,4.427,83.36,8.5,83.356,85.016,16.64,1.5,11.83,27.1,74.199,69.917,8.17,4.69,3.14,2.31,80.363,0.0,57.867,34.006,False,,0.0,65.076,0.0,0.0,-0.45,0.028,0.45,-5.0,-0.38,0.0,17.0,0.0,86.906,84.132,81.248,76.301,77.266,57.867,34.762,30.0,0.0,90.423,86.531,76.095,71.737,75.076,100.0,36.169,5.04,3.837,87.999,86.042,0.0,NORMAL
523,2026-06-06 10:45:00+00:00,10,5,0.5,-0.866025,-0.974928,-0.222521,True,False,MORNING,2.0,4.0,9.0,31.0,55.0,214.0,0.0,0.0,0.0,3.36,2.827,83.54,8.45,83.539,84.519,16.46,1.55,10.3,23.74,85.358,79.961,7.82,4.68,3.5,2.25,78.138,0.0,57.867,33.808,False,,0.0,67.361,0.0,0.0,0.0,0.028,0.45,-1.0,0.0,0.0,19.0,1.78,88.708,84.926,76.278,71.877,75.699,100.0,46.153,29.0,0.0,91.016,86.57,76.129,71.77,73.969,100.0,36.406,6.72,4.659,88.498,86.507,0.06,NORMAL
524,2026-06-06 11:00:00+00:00,11,5,0.258819,-0.965926,-0.974928,-0.222521,True,False,MORNING,4.0,6.0,12.0,32.0,58.0,216.0,0.0,0.0,0.0,6.72,3.02,84.36,8.56,84.357,85.59,15.64,1.44,11.97,27.41,74.183,69.935,7.79,4.69,3.53,2.25,77.967,0.06,100.0,34.236,False,,0.0,68.988,0.0,0.0,0.0,0.028,0.45,1.0,0.06,0.015,16.0,1.75,89.438,85.748,80.451,75.674,75.637,100.0,46.27,30.0,0.0,89.826,86.466,76.037,71.684,73.536,90.067,35.93,6.72,6.534,88.681,86.535,0.11,NORMAL
525,2026-06-06 11:15:00+00:00,11,5,0.258819,-0.965926,-0.974928,-0.222521,True,False,MORNING,4.0,8.0,12.0,32.0,58.0,217.0,0.0,0.0,0.0,6.72,5.658,84.51,8.67,84.509,86.733,15.49,1.33,10.86,24.96,81.939,76.937,7.48,4.7,3.82,2.19,76.144,0.11,100.0,34.693,False,,0.0,70.857,0.0,0.0,0.0,0.028,0.45,0.0,0.05,0.028,14.0,0.0,89.766,86.323,75.912,71.565,74.137,89.967,35.907,32.0,1.32,91.046,86.607,81.065,76.252,76.951,100.0,44.343,7.855,5.931,89.558,86.929,0.33,MODERATE
526,2026-06-06 11:30:00+00:00,11,5,0.258819,-0.965926,-0.974928,-0.222521,True,False,MORNING,2.0,6.0,12.0,33.0,59.0,217.0,0.0,0.0,0.0,3.36,4.795,84.13,8.69,84.132,86.906,15.87,1.31,10.9,25.06,81.248,76.301,7.64,4.72,3.64,2.23,77.266,0.0,57.867,34.762,False,,0.0,66.958,0.0,0.0,0.0,0.028,0.45,4.0,0.0,0.0,17.0,0.0,90.423,86.531,76.095,71.737,75.076,100.0,36.169,28.0,0.0,91.163,86.834,76.361,71.989,77.417,92.8,36.465,3.905,5.382,88.865,86.629,0.07,NORMAL
527,2026-06-06 11:45:00+00:00,11,5,0.258819,-0.965926,-0.974928,-0.222521,True,False,MORNING,7.0,9.0,17.0,36.0,66.0,217.0,1.78,0.0,0.0,8.773,4.876,84.93,8.87,84.926,88.708,15.07,1.13,11.83,27.11,76.278,71.877,7.3,4.81,3.89,2.18,75.699,0.54,100.0,46.153,False,,3.2,71.156,1.78,1.78,1.78,0.139,1.78,8.0,0.54,0.58,16.0,0.0,91.016,86.57,76.129,71.77,73.969,100.0,36.406,25.0,0.0,88.687,85.949,92.896,86.794,78.174,37.367,35.475,7.817,6.43,89.344,86.928,0.44,MODERATE
528,2026-06-06 12:00:00+00:00,12,5,0.0,-1.0,-0.974928,-0.222521,True,False,MORNING,5.0,12.0,18.0,41.0,68.0,219.0,1.75,0.16,0.0915,8.449,4.872,85.75,8.94,85.748,89.438,14.25,1.06,11.32,25.99,80.451,75.674,7.2,4.9,3.9,2.18,75.637,0.75,100.0,46.27,False,,3.3,72.414,-0.030000000000000027,1.75,1.75,0.249,1.78,6.0,0.69,0.625,13.0,0.0,89.826,86.466,76.037,71.684,73.536,90.067,35.93,27.0,0.0,88.068,85.915,88.145,83.832,77.437,87.533,35.227,7.699,5.738,89.214,87.431,0.66,MODERATE
529,2026-06-06 12:15:00+00:00,12,5,0.0,-1.0,-0.974928,-0.222521,True,False,MORNING,3.0,8.0,17.0,41.0,68.0,220.0,0.0,0.16,0.1574,7.978,5.545,86.32,8.98,86.323,89.766,13.68,1.02,11.97,27.41,75.912,71.565,6.96,4.91,4.14,2.14,74.137,0.65,89.967,35.907,False,,0.0,69.411,-1.75,-1.78,0.0,0.249,1.78,5.0,0.54,0.162,13.0,1.32,91.046,86.607,81.065,76.252,76.951,100.0,44.343,26.0,1.18,89.518,86.515,94.223,89.46,77.301,100.0,42.899,7.515,6.158,89.803,87.711,1.2,NORMAL
530,2026-06-06 12:30:00+00:00,12,5,0.0,-1.0,-0.974928,-0.222521,True,False,MORNING,4.0,7.0,19.0,39.0,68.0,223.0,0.0,0.0,0.0,6.72,5.627,86.53,9.04,86.531,90.423,13.47,0.96,11.97,27.41,76.095,71.737,7.09,4.92,3.99,2.16,75.076,0.71,100.0,36.169,False,,0.0,70.618,0.0,-1.75,0.0,0.249,1.78,7.0,0.71,0.178,13.0,0.0,91.163,86.834,76.361,71.989,77.417,92.8,36.465,24.0,0.0,90.832,86.859,92.584,87.948,74.36,90.267,36.333,7.401,6.151,90.134,87.991,1.41,MODERATE
531,2026-06-06 12:45:00+00:00,12,5,0.0,-1.0,-0.974928,-0.222521,True,False,MORNING,4.0,8.0,16.0,42.0,70.0,221.0,0.0,0.0,0.0,6.72,6.325,86.57,9.1,86.57,91.016,13.43,0.9,11.97,27.41,76.129,71.77,6.9,4.94,4.16,2.13,73.969,0.76,100.0,36.406,False,,0.0,70.654,0.0,0.0,-1.78,0.249,1.78,-1.0,0.22,0.19,13.0,0.0,88.687,85.949,92.896,86.794,78.174,37.367,35.475,24.0,0.42,91.931,87.25,89.707,85.318,76.223,100.0,39.276,7.292,7.205,90.993,87.927,1.47,MODERATE
532,2026-06-06 13:00:00+00:00,13,5,-0.258819,-0.965926,-0.974928,-0.222521,True,False,MORNING,3.0,7.0,14.0,44.0,72.0,223.0,0.0,0.0,0.0,5.04,5.933,86.47,8.98,86.466,89.826,13.53,1.02,11.97,27.41,76.037,71.684,6.83,4.94,4.23,2.12,73.536,0.66,90.067,35.93,False,,0.0,69.439,0.0,0.0,-1.75,0.249,1.78,-4.0,-0.09,0.165,17.0,0.0,88.068,85.915,88.145,83.832,77.437,87.533,35.227,23.0,0.93,93.174,87.415,94.037,89.316,82.116,100.0,42.859,7.302,6.748,90.369,88.127,1.53,NORMAL
533,2026-06-06 13:15:00+00:00,13,5,-0.258819,-0.965926,-0.974928,-0.222521,True,False,MORNING,6.0,9.0,17.0,46.0,78.0,226.0,1.32,0.0,0.0,7.861,6.809,86.61,9.1,86.607,91.046,13.39,0.9,11.32,25.99,81.065,76.252,7.31,5.0,3.69,2.22,76.951,1.04,100.0,44.343,False,,2.7,72.911,1.32,1.32,1.32,0.331,1.78,0.0,0.39,0.59,19.0,1.18,89.518,86.515,94.223,89.46,77.301,100.0,42.899,22.0,0.0,92.595,87.052,89.312,84.941,79.786,66.367,37.038,7.238,6.449,90.466,88.315,1.42,MODERATE
534,2026-06-06 13:30:00+00:00,13,5,-0.258819,-0.965926,-0.974928,-0.222521,True,False,MORNING,3.0,9.0,16.0,47.0,77.0,227.0,0.0,0.12,0.1189,7.259,6.303,86.83,9.12,86.834,91.163,13.17,0.88,11.97,27.41,76.361,71.989,7.38,5.0,3.61,2.23,77.417,0.93,92.8,36.465,False,,0.0,70.458,-1.32,0.0,0.0,0.303,1.78,-3.0,0.22,0.232,15.0,0.0,90.832,86.859,92.584,87.948,74.36,90.267,36.333,25.0,0.0,89.488,85.663,100.0,95.794,80.378,9.333,35.795,7.167,7.048,90.334,88.358,1.16,MODERATE
535,2026-06-06 13:45:00+00:00,13,5,-0.258819,-0.965926,-0.974928,-0.222521,True,False,MORNING,1.0,4.0,13.0,46.0,77.0,224.0,0.0,0.0,0.0,1.68,6.21,85.95,8.87,85.949,88.687,14.05,1.13,9.74,22.51,92.896,86.794,7.53,4.98,3.49,2.25,78.174,0.51,37.367,35.475,False,,0.0,68.608,0.0,-1.32,0.0,0.303,1.78,-3.0,-0.25,0.128,12.0,0.42,91.931,87.25,89.707,85.318,76.223,100.0,39.276,27.0,0.0,89.204,85.788,88.015,83.708,78.409,85.1,35.682,7.153,5.395,91.67,88.664,2.02,NORMAL
536,2026-06-06 14:00:00+00:00,14,5,-0.5,-0.866025,-0.974928,-0.222521,True,False,EVENING,3.0,4.0,13.0,45.0,77.0,225.0,0.0,0.0,0.0,5.04,5.424,85.92,8.81,85.915,88.068,14.08,1.19,10.26,23.29,88.145,83.832,7.44,4.95,3.61,2.23,77.437,0.41,87.533,35.227,False,,0.0,71.999,0.0,0.0,0.0,0.303,1.78,-1.0,-0.25,0.102,10.0,0.93,93.174,87.415,94.037,89.316,82.116,100.0,42.859,30.0,0.0,88.289,85.504,87.723,83.431,77.162,57.867,35.316,7.018,6.303,91.636,88.846,2.55,MODERATE
537,2026-06-06 14:15:00+00:00,14,5,-0.5,-0.866025,-0.974928,-0.222521,True,False,EVENING,6.0,9.0,13.0,47.0,79.0,229.0,1.18,0.0,0.0,8.094,5.114,86.52,8.95,86.515,89.518,13.48,1.05,9.72,22.11,94.223,89.46,7.38,4.99,3.63,2.23,77.301,0.78,100.0,42.899,False,,2.3,75.691,1.18,1.18,-0.14000000000000012,0.377,1.78,-4.0,-0.26,0.49,7.0,0.0,92.595,87.052,89.312,84.941,79.786,66.367,37.038,33.0,0.0,88.909,85.65,87.873,83.574,79.914,100.0,35.564,6.951,6.153,91.851,89.024,3.09,MODERATE
538,2026-06-06 14:30:00+00:00,14,5,-0.5,-0.866025,-0.974928,-0.222521,True,False,EVENING,3.0,9.0,13.0,48.0,81.0,229.0,0.0,0.11,0.1064,7.026,5.126,86.86,9.08,86.859,90.832,13.14,0.92,9.88,22.45,92.584,87.948,6.91,4.99,4.1,2.14,74.36,0.68,90.267,36.333,False,,0.0,73.756,-1.18,0.0,0.0,0.377,1.78,-3.0,-0.25,0.17,9.0,0.0,89.488,85.663,100.0,95.794,80.378,9.333,35.795,36.0,0.0,87.999,86.042,100.0,96.591,80.11,83.467,35.2,6.882,6.941,92.488,88.945,2.83,MODERATE
539,2026-06-06 14:45:00+00:00,14,5,-0.5,-0.866025,-0.974928,-0.222521,True,False,EVENING,5.0,8.0,17.0,46.0,82.0,231.0,0.42,0.0,0.0,7.699,5.695,87.25,9.19,87.25,91.931,12.75,0.81,10.26,23.29,89.707,85.318,7.18,5.02,3.8,2.2,76.223,0.9,100.0,39.276,False,,0.9,74.713,0.42,-0.76,0.42,0.403,1.78,4.0,0.39,0.33,12.0,0.0,89.204,85.788,88.015,83.708,78.409,85.1,35.682,38.0,0.0,88.498,86.507,88.753,84.41,80.679,100.0,35.399,6.9,5.823,92.0,89.263,2.56,MODERATE
540,2026-06-06 15:00:00+00:00,15,5,-0.707107,-0.707107,-0.974928,-0.222521,True,False,EVENING,5.0,10.0,19.0,46.0,87.0,236.0,0.93,0.04,0.0376,7.536,6.376,87.42,9.32,87.415,93.174,12.58,0.68,9.83,22.35,94.037,89.316,8.07,5.07,2.86,2.36,82.116,1.11,100.0,42.859,False,,2.0,76.854,0.51,0.93,0.93,0.461,1.78,6.0,0.7,0.51,13.0,0.0,88.289,85.504,87.723,83.431,77.162,57.867,35.316,38.0,0.0,88.681,86.535,90.526,86.044,80.033,100.0,35.472,6.791,6.663,91.418,89.354,2.62,MODERATE
541,2026-06-06 15:15:00+00:00,15,5,-0.707107,-0.707107,-0.974928,-0.222521,True,False,EVENING,2.0,7.0,15.0,45.0,86.0,232.0,0.0,0.08,0.0838,4.925,6.61,87.05,9.26,87.052,92.595,12.95,0.74,10.26,23.29,89.312,84.941,7.69,5.08,3.23,2.3,79.786,0.85,66.367,37.038,False,,0.0,71.735,-0.93,-0.42,-1.18,0.461,1.78,2.0,0.07,0.212,15.0,0.0,88.909,85.65,87.873,83.574,79.914,100.0,35.564,38.0,0.32,89.558,86.929,89.335,84.964,78.861,100.0,37.771,6.767,7.558,91.377,89.16,2.52,MODERATE
542,2026-06-06 15:30:00+00:00,15,5,-0.707107,-0.707107,-0.974928,-0.222521,True,False,EVENING,0.0,2.0,12.0,41.0,80.0,228.0,0.0,0.0,0.0,0.0,6.8,85.66,8.95,85.663,89.488,14.34,1.05,8.91,20.32,100.0,95.794,7.81,5.05,3.14,2.31,80.378,0.27,9.333,35.795,False,,0.0,68.313,0.0,-0.93,0.0,0.461,1.78,-1.0,-0.41,0.068,16.0,0.0,87.999,86.042,100.0,96.591,80.11,83.467,35.2,36.0,0.0,88.865,86.629,88.877,84.528,78.272,58.533,35.546,6.839,7.31,92.412,88.939,2.25,NORMAL
543,2026-06-06 15:45:00+00:00,15,5,-0.707107,-0.707107,-0.974928,-0.222521,True,False,EVENING,3.0,3.0,10.0,40.0,82.0,230.0,0.0,0.0,0.0,5.04,4.652,85.79,8.92,85.788,89.204,14.21,1.08,10.26,23.29,88.015,83.708,7.53,5.02,3.45,2.26,78.409,0.16,85.1,35.682,False,,0.0,72.037,0.0,0.0,-0.42,0.35,1.75,-7.0,-0.74,0.04,15.0,0.0,88.498,86.507,88.753,84.41,80.679,100.0,35.399,36.0,1.35,89.344,86.928,93.222,88.557,78.25,100.0,43.819,6.904,7.262,92.696,88.821,1.99,MODERATE
544,2026-06-06 16:00:00+00:00,16,5,-0.866025,-0.5,-0.974928,-0.222521,True,False,EVENING,2.0,5.0,7.0,39.0,83.0,229.0,0.0,0.0,0.0,3.36,4.865,85.5,8.83,85.504,88.289,14.5,1.17,10.26,23.29,87.723,83.431,7.36,4.99,3.65,2.22,77.162,0.0,57.867,35.316,False,,0.0,69.16,0.0,0.0,-0.93,0.241,1.32,-12.0,-1.11,0.0,17.0,0.0,88.681,86.535,90.526,86.044,80.033,100.0,35.472,39.0,1.76,89.214,87.431,96.705,91.779,78.291,100.0,46.272,6.943,8.03,92.884,88.53,2.05,NORMAL
545,2026-06-06 16:15:00+00:00,16,5,-0.866025,-0.5,-0.974928,-0.222521,True,False,EVENING,4.0,6.0,9.0,37.0,83.0,231.0,0.0,0.0,0.0,6.72,5.886,85.65,8.89,85.65,88.909,14.35,1.11,10.26,23.29,87.873,83.574,7.82,4.97,3.21,2.3,79.914,0.06,100.0,35.564,False,,0.0,73.391,0.0,0.0,0.0,0.241,1.32,-6.0,-0.79,0.015,18.0,0.32,89.558,86.929,89.335,84.964,78.861,100.0,37.771,41.0,4.29,89.803,87.711,100.0,96.268,80.254,100.0,61.67,7.047,7.435,92.565,88.465,1.94,MODERATE
546,2026-06-06 16:30:00+00:00,16,5,-0.866025,-0.5,-0.974928,-0.222521,True,False,EVENING,3.0,7.0,12.0,37.0,84.0,231.0,0.0,0.0,0.0,5.04,3.837,86.04,8.8,86.042,87.999,13.96,1.2,8.88,20.25,100.0,96.591,7.88,4.94,3.18,2.31,80.11,0.0,83.467,35.2,False,,0.0,74.842,0.0,0.0,0.0,0.241,1.32,0.0,-0.27,0.0,20.0,0.0,88.865,86.629,88.877,84.528,78.272,58.533,35.546,41.0,4.89,90.134,87.991,92.53,88.002,82.185,100.0,65.369,3.815,7.609,91.229,87.65,1.68,MODERATE
547,2026-06-06 16:45:00+00:00,16,5,-0.866025,-0.5,-0.974928,-0.222521,True,False,EVENING,4.0,7.0,13.0,40.0,86.0,234.0,0.0,0.0,0.0,6.72,4.659,86.51,8.85,86.507,88.498,13.49,1.15,10.26,23.29,88.753,84.41,7.98,4.93,3.09,2.32,80.679,0.06,100.0,35.399,False,,0.0,73.772,0.0,0.0,0.0,0.241,1.32,3.0,-0.1,0.015,23.0,1.35,89.344,86.928,93.222,88.557,78.25,100.0,43.819,38.0,4.55,90.993,87.927,100.0,100.0,83.788,100.0,63.668,6.72,4.588,90.843,88.222,1.74,MODERATE
548,2026-06-06 17:00:00+00:00,17,5,-0.965926,-0.258819,-0.974928,-0.222521,True,False,EVENING,4.0,8.0,15.0,41.0,86.0,235.0,0.0,0.0,0.0,6.72,6.534,86.54,8.87,86.535,88.681,13.46,1.13,10.06,22.86,90.526,86.044,7.89,4.92,3.19,2.3,80.033,0.11,100.0,35.472,False,,0.0,74.165,0.0,0.0,0.0,0.241,1.32,8.0,0.11,0.028,21.0,1.76,89.214,87.431,96.705,91.779,78.291,100.0,46.272,36.0,4.2,90.369,88.127,94.266,89.596,80.909,100.0,61.341,0.0,6.88,87.347,86.851,1.15,MODERATE
549,2026-06-06 17:15:00+00:00,17,5,-0.965926,-0.258819,-0.974928,-0.222521,True,False,EVENING,5.0,9.0,16.0,40.0,87.0,238.0,0.32,0.0,0.0,7.855,5.931,86.93,8.96,86.929,89.558,13.07,1.04,10.26,23.29,89.335,84.964,7.69,4.93,3.38,2.27,78.861,0.33,100.0,37.771,False,,0.7,74.254,0.32,0.32,0.32,0.178,1.18,7.0,0.27,0.162,20.0,4.29,89.803,87.711,100.0,96.268,80.254,100.0,61.67,36.0,2.89,90.466,88.315,91.942,87.443,80.923,97.7,53.53,3.36,5.313,85.75,86.523,0.89,MODERATE
550,2026-06-06 17:30:00+00:00,17,5,-0.965926,-0.258819,-0.974928,-0.222521,True,False,EVENING,2.0,7.0,15.0,39.0,87.0,238.0,0.0,0.03,0.0292,3.905,5.382,86.63,8.89,86.629,88.865,13.37,1.11,10.26,23.29,88.877,84.528,7.6,4.92,3.48,2.25,78.272,0.07,58.533,35.546,False,,0.0,69.952,-0.32,0.0,0.0,0.178,1.18,3.0,0.07,0.018,16.0,4.89,90.134,87.991,92.53,88.002,82.185,100.0,65.369,36.0,0.62,90.334,88.358,90.94,86.49,81.126,69.467,39.881,6.72,4.858,87.077,86.855,0.95,NORMAL
551,2026-06-06 17:45:00+00:00,17,5,-0.965926,-0.258819,-0.974928,-0.222521,True,False,EVENING,6.0,8.0,17.0,40.0,86.0,240.0,1.35,0.0,0.0,7.817,6.43,86.93,8.93,86.928,89.344,13.07,1.07,9.88,22.46,93.222,88.557,7.55,4.97,3.48,2.25,78.25,0.44,100.0,43.819,False,,2.8,75.713,1.35,1.03,1.35,0.262,1.35,4.0,0.38,0.448,13.0,4.55,90.993,87.927,100.0,100.0,83.788,100.0,63.668,36.0,5.37,91.67,88.664,93.443,88.871,83.78,100.0,68.867,3.36,6.572,85.561,86.204,0.68,MODERATE
552,2026-06-06 18:00:00+00:00,18,5,-1.0,-0.0,-0.974928,-0.222521,True,False,EVENING,5.0,11.0,18.0,40.0,86.0,244.0,1.76,0.12,0.0687,7.699,5.738,87.43,8.92,87.431,89.214,12.57,1.08,9.6,21.85,96.705,91.779,7.51,5.02,3.47,2.25,78.291,0.66,100.0,46.272,False,,3.7,76.868,0.4099999999999999,1.76,1.76,0.372,1.76,3.0,0.55,0.605,18.0,4.2,90.369,88.127,94.266,89.596,80.909,100.0,61.341,29.0,8.19,91.636,88.846,94.933,90.288,81.405,100.0,85.79,,,,,,MODERATE
553,2026-06-06 18:15:00+00:00,18,5,-1.0,-0.0,-0.974928,-0.222521,True,False,EVENING,7.0,12.0,20.0,45.0,90.0,251.0,4.29,0.16,0.037,7.515,6.158,87.71,8.98,87.711,89.803,12.29,1.02,9.29,21.16,100.0,96.268,7.68,5.16,3.16,2.31,80.254,1.2,100.0,61.67,False,,9.1,79.778,2.5300000000000002,2.94,3.97,0.567,4.29,4.0,0.87,1.372,21.0,2.89,90.466,88.315,91.942,87.443,80.923,97.7,53.53,26.0,11.05,91.851,89.024,100.0,100.0,83.552,100.0,100.0,,,,,,MODERATE
554,2026-06-06 18:30:00+00:00,18,5,-1.0,-0.0,-0.974928,-0.222521,True,False,EVENING,5.0,12.0,23.0,50.0,91.0,249.0,4.89,0.39,0.079,7.401,6.151,87.99,9.01,87.991,90.134,12.01,0.99,10.26,23.29,92.53,88.002,7.86,5.29,2.85,2.37,82.185,1.41,100.0,65.369,False,,10.5,78.575,0.5999999999999996,3.13,4.89,0.872,4.89,8.0,1.34,1.575,25.0,0.62,90.334,88.358,90.94,86.49,81.126,69.467,39.881,22.0,8.96,92.488,88.945,96.316,91.575,85.046,86.133,90.729,,,,,,MODERATE
555,2026-06-06 18:45:00+00:00,18,5,-1.0,-0.0,-0.974928,-0.222521,True,False,EVENING,4.0,9.0,21.0,51.0,91.0,248.0,4.55,0.44,0.0967,7.292,7.205,87.93,9.1,87.927,90.993,12.07,0.9,8.97,20.45,100.0,100.0,8.01,5.4,2.59,2.41,83.788,1.47,100.0,63.668,False,,9.9,80.995,-0.33999999999999986,0.2599999999999998,3.1999999999999997,1.131,4.89,4.0,1.03,1.505,25.0,5.37,91.67,88.664,93.443,88.871,83.78,100.0,68.867,22.0,6.85,92.0,89.263,94.742,90.106,88.202,83.5,77.89,,,,,,MODERATE
556,2026-06-06 19:00:00+00:00,19,5,-0.965926,0.258819,-0.974928,-0.222521,True,False,EVENING,4.0,8.0,20.0,53.0,92.0,251.0,4.2,0.41,0.0974,7.302,6.748,88.13,9.04,88.127,90.369,11.87,0.96,10.05,22.83,94.266,89.596,7.48,5.46,3.05,2.33,80.909,1.53,100.0,61.341,False,,9.2,78.495,-0.34999999999999964,-0.6899999999999995,2.4400000000000004,1.335,4.89,2.0,0.87,1.432,18.0,8.19,91.636,88.846,94.933,90.288,81.405,100.0,85.79,24.0,6.81,91.418,89.354,94.815,90.176,87.482,100.0,77.405,,,,,,MODERATE
557,2026-06-06 19:15:00+00:00,19,5,-0.965926,0.258819,-0.974928,-0.222521,True,False,EVENING,3.0,7.0,16.0,52.0,89.0,252.0,2.89,0.38,0.1307,7.238,6.449,88.31,9.05,88.315,90.466,11.69,0.95,10.26,23.29,91.942,87.443,7.48,5.47,3.05,2.33,80.923,1.42,97.7,53.53,False,,6.4,76.974,-1.31,-1.6599999999999997,-1.4,1.516,4.89,-4.0,0.22,1.078,15.0,11.05,91.851,89.024,100.0,100.0,83.552,100.0,100.0,20.0,5.78,91.377,89.16,99.849,94.786,90.418,100.0,71.221,,,,,,MODERATE
558,2026-06-06 19:30:00+00:00,19,5,-0.965926,0.258819,-0.974928,-0.222521,True,False,EVENING,2.0,5.0,13.0,51.0,88.0,252.0,0.62,0.26,0.2602,7.167,7.048,88.36,9.03,88.358,90.334,11.64,0.97,10.26,23.29,90.94,86.49,7.59,5.39,3.02,2.34,81.126,1.16,69.467,39.881,False,,1.4,72.747,-2.27,-3.58,-4.27,1.554,4.89,-10.0,-0.25,0.445,11.0,8.96,92.488,88.945,96.316,91.575,85.046,86.133,90.729,19.0,3.71,92.412,88.939,92.959,88.41,90.163,80.4,59.208,,,,,,MODERATE
559,2026-06-06 19:45:00+00:00,19,5,-0.965926,0.258819,-0.974928,-0.222521,True,False,EVENING,9.0,11.0,18.0,56.0,96.0,258.0,5.37,0.06,0.0105,7.153,5.395,88.66,9.17,88.664,91.67,11.34,0.83,10.26,23.29,93.443,88.871,7.89,5.52,2.6,2.41,83.78,2.02,100.0,68.867,False,,12.0,79.695,4.75,2.48,0.8200000000000003,1.89,5.37,-3.0,0.55,1.848,11.0,6.85,92.0,89.263,94.742,90.106,88.202,83.5,77.89,21.0,1.6,92.696,88.821,99.276,94.183,89.18,77.767,46.665,,,,,,MODERATE
560,2026-06-06 20:00:00+00:00,20,5,-0.866025,0.5,-0.974928,-0.222521,True,False,EVENING,7.0,16.0,21.0,59.0,100.0,260.0,8.19,0.48,0.059,7.018,6.303,88.85,9.16,88.846,91.636,11.15,0.84,10.26,23.29,94.933,90.288,7.31,5.72,2.98,2.34,81.405,2.55,100.0,85.79,False,,18.6,81.668,2.8199999999999994,7.569999999999999,3.9899999999999993,2.402,8.19,1.0,1.02,2.685,11.0,6.81,91.418,89.354,94.815,90.176,87.482,100.0,77.405,21.0,1.47,92.884,88.53,100.0,100.0,88.421,100.0,45.946,,,,,,MODERATE
561,2026-06-06 20:15:00+00:00,20,5,-0.866025,0.5,-0.974928,-0.222521,True,False,EVENING,7.0,14.0,25.0,61.0,101.0,266.0,11.05,0.74,0.0667,6.951,6.153,89.02,9.19,89.024,91.851,10.98,0.81,9.26,21.1,100.0,100.0,7.4,5.97,2.63,2.41,83.552,3.09,100.0,100.0,False,,25.4,85.547,2.860000000000001,5.680000000000001,8.16,3.093,11.05,9.0,1.67,3.535,11.0,5.78,91.377,89.16,99.849,94.786,90.418,100.0,71.221,17.0,0.27,92.565,88.465,100.0,100.0,87.144,100.0,38.651,,,,,,HIGH
562,2026-06-06 20:30:00+00:00,20,5,-0.866025,0.5,-0.974928,-0.222521,True,False,EVENING,2.0,9.0,25.0,61.0,100.0,267.0,8.96,0.99,0.1111,6.882,6.941,88.95,9.25,88.945,92.488,11.05,0.75,10.16,23.07,96.316,91.575,7.49,6.12,2.39,2.45,85.046,2.83,86.133,90.729,False,,20.8,81.753,-2.09,0.7700000000000014,8.340000000000002,3.652,11.05,12.0,1.67,2.948,11.0,3.71,92.412,88.939,92.959,88.41,90.163,80.4,59.208,14.0,0.0,91.229,87.65,100.0,100.0,86.749,74.667,36.492,,,,,,MODERATE
563,2026-06-06 20:45:00+00:00,20,5,-0.866025,0.5,-0.974928,-0.222521,True,False,EVENING,2.0,4.0,18.0,57.0,97.0,268.0,6.85,0.81,0.1177,6.9,5.823,89.26,9.2,89.263,92.0,10.74,0.8,10.26,23.29,94.742,90.106,7.96,6.15,1.89,2.54,88.202,2.56,83.5,77.89,False,,15.8,80.057,-2.110000000000001,-4.200000000000001,1.4799999999999995,4.081,11.05,0.0,0.54,2.352,11.0,1.6,92.696,88.821,99.276,94.183,89.18,77.767,46.665,12.0,0.0,90.843,88.222,100.0,100.0,86.057,100.0,36.337,,,,,,MODERATE
564,2026-06-06 21:00:00+00:00,21,5,-0.707107,0.707107,-0.974928,-0.222521,True,False,EVENING,4.0,6.0,15.0,56.0,96.0,270.0,6.81,0.62,0.0906,6.791,6.663,89.35,9.14,89.354,91.418,10.65,0.86,10.26,23.29,94.815,90.176,7.82,6.17,2.0,2.52,87.482,2.62,100.0,77.405,False,,16.0,81.372,-0.040000000000000036,-2.1500000000000012,-1.38,4.506,11.05,-6.0,0.07,2.358,13.0,1.47,92.884,88.53,100.0,100.0,88.421,100.0,45.946,8.0,0.0,87.347,86.851,100.0,100.0,82.046,18.2,34.939,,,,,,MODERATE
565,2026-06-06 21:15:00+00:00,21,5,-0.707107,0.707107,-0.974928,-0.222521,True,False,EVENING,3.0,7.0,11.0,52.0,97.0,270.0,5.78,0.61,0.106,6.767,7.558,89.16,9.14,89.16,91.377,10.84,0.86,9.67,22.0,99.849,94.786,8.32,6.15,1.53,2.6,90.418,2.52,100.0,71.221,False,,13.6,82.084,-1.0299999999999994,-1.0699999999999994,-5.2700000000000005,4.847,11.05,-14.0,-0.57,2.075,9.0,0.27,92.565,88.465,100.0,100.0,87.144,100.0,38.651,8.0,0.0,85.75,86.523,100.0,100.0,80.367,66.767,34.3,,,,,,MODERATE
566,2026-06-06 21:30:00+00:00,21,5,-0.707107,0.707107,-0.974928,-0.222521,True,False,EVENING,2.0,5.0,11.0,49.0,99.0,270.0,3.71,0.52,0.1403,6.839,7.31,88.94,9.24,88.939,92.412,11.06,0.76,10.26,23.29,92.959,88.41,8.35,6.07,1.57,2.6,90.163,2.25,80.4,59.208,False,,8.7,77.538,-2.0700000000000003,-3.0999999999999996,-5.250000000000001,5.079,11.05,-14.0,-0.58,1.49,8.0,0.0,91.229,87.65,100.0,100.0,86.749,74.667,36.492,6.0,0.0,87.077,86.855,100.0,100.0,81.133,100.0,34.831,,,,,,MODERATE
567,2026-06-06 21:45:00+00:00,21,5,-0.707107,0.707107,-0.974928,-0.222521,True,False,EVENING,2.0,4.0,11.0,47.0,98.0,271.0,1.6,0.33,0.2088,6.904,7.262,88.82,9.27,88.821,92.696,11.18,0.73,9.49,21.61,99.276,94.183,8.33,5.93,1.73,2.57,89.18,1.99,77.767,46.665,False,,3.7,77.344,-2.11,-4.18,-5.25,5.095,11.05,-7.0,-0.57,0.898,10.0,0.0,90.843,88.222,100.0,100.0,86.057,100.0,36.337,2.0,0.0,85.561,86.204,100.0,100.0,81.464,64.7,34.224,,,,,,MODERATE
568,2026-06-06 22:00:00+00:00,22,5,-0.5,0.866025,-0.974928,-0.222521,True,False,NIGHT,4.0,6.0,11.0,47.0,100.0,274.0,1.47,0.14,0.0981,6.943,8.03,88.53,9.29,88.53,92.884,11.47,0.71,5.84,17.04,100.0,100.0,8.33,5.82,1.85,2.55,88.421,2.05,100.0,45.946,False,,3.4,79.952,-0.13000000000000012,-2.24,-5.34,5.077,11.05,-4.0,-0.57,0.88,8.0,0.0,87.347,86.851,100.0,100.0,82.046,18.2,34.939,,,,,,,,,,,,,,,MODERATE
569,2026-06-06 22:15:00+00:00,22,5,-0.5,0.866025,-0.974928,-0.222521,True,False,NIGHT,3.0,7.0,11.0,47.0,99.0,274.0,0.27,0.13,0.1319,7.047,7.435,88.46,9.26,88.465,92.565,11.54,0.74,5.95,17.29,100.0,100.0,8.26,5.69,2.06,2.51,87.144,1.94,100.0,38.651,False,,0.6,78.991,-1.2,-1.33,-5.51,4.826,11.05,0.0,-0.58,0.552,8.0,0.0,85.75,86.523,100.0,100.0,80.367,66.767,34.3,,,,,,,,,,,,,,,MODERATE
570,2026-06-06 22:30:00+00:00,22,5,-0.5,0.866025,-0.974928,-0.222521,True,False,NIGHT,2.0,5.0,11.0,47.0,98.0,274.0,0.0,0.02,0.0244,3.815,7.609,87.65,9.12,87.65,91.229,12.35,0.88,5.98,17.36,100.0,100.0,8.33,5.55,2.12,2.5,86.749,1.68,74.667,36.492,False,,0.0,76.056,-0.27,-1.47,-3.71,4.52,11.05,0.0,-0.57,0.42,6.0,0.0,87.077,86.855,100.0,100.0,81.133,100.0,34.831,,,,,,,,,,,,,,,MODERATE
571,2026-06-06 22:45:00+00:00,22,5,-0.5,0.866025,-0.974928,-0.222521,True,False,NIGHT,4.0,6.0,13.0,42.0,98.0,278.0,0.0,0.0,0.0,6.72,4.588,88.22,9.08,88.222,90.843,11.78,0.92,6.27,17.99,100.0,100.0,8.33,5.44,2.23,2.48,86.057,1.74,100.0,36.337,False,,0.0,78.323,0.0,-0.27,-1.6,4.236,11.05,2.0,-0.25,0.435,2.0,0.0,85.561,86.204,100.0,100.0,81.464,64.7,34.224,,,,,,,,,,,,,,,MODERATE
572,2026-06-06 23:00:00+00:00,23,5,-0.258819,0.965926,-0.974928,-0.222521,True,False,NIGHT,0.0,4.0,9.0,35.0,94.0,276.0,0.0,0.0,0.0,0.0,6.88,86.85,8.73,86.851,87.347,13.15,1.27,6.27,17.99,100.0,100.0,7.81,5.31,2.87,2.36,82.046,1.15,18.2,34.939,False,,0.0,69.599,0.0,0.0,-1.47,3.973,11.05,-2.0,-0.9,0.288,,,,,,,,,,,,,,,,,,,,,,,,NORMAL
573,2026-06-06 23:15:00+00:00,23,5,-0.258819,0.965926,-0.974928,-0.222521,True,False,NIGHT,2.0,2.0,8.0,30.0,91.0,278.0,0.0,0.0,0.0,3.36,5.313,86.52,8.57,86.523,85.75,13.48,1.43,5.98,17.35,100.0,100.0,7.66,5.19,3.14,2.31,80.367,0.89,66.767,34.3,False,,0.0,73.427,0.0,0.0,-0.27,3.792,11.05,-3.0,-1.05,0.222,,,,,,,,,,,,,,,,,,,,,,,,MODERATE
574,2026-06-06 23:30:00+00:00,23,5,-0.258819,0.965926,-0.974928,-0.222521,True,False,NIGHT,4.0,6.0,10.0,32.0,93.0,280.0,0.0,0.0,0.0,6.72,4.858,86.86,8.71,86.855,87.077,13.14,1.29,5.44,16.17,100.0,100.0,7.87,5.11,3.02,2.34,81.133,0.95,100.0,34.831,False,,0.0,76.825,0.0,0.0,0.0,3.754,11.05,-1.0,-0.73,0.238,,,,,,,,,,,,,,,,,,,,,,,,MODERATE
575,2026-06-06 23:45:00+00:00,23,5,-0.258819,0.965926,-0.974928,-0.222521,True,False,NIGHT,2.0,6.0,8.0,32.0,89.0,281.0,0.0,0.0,0.0,3.36,6.572,86.2,8.56,86.204,85.561,13.8,1.44,6.27,17.99,100.0,100.0,8.0,5.03,2.97,2.35,81.464,0.68,64.7,34.224,False,,0.0,73.232,0.0,0.0,0.0,3.418,11.05,-5.0,-1.06,0.17,,,,,,,,,,,,,,,,,,,,,,,,MODERATE
