step,timestamp,hour_of_day,day_of_week,hour_sin,hour_cos,dow_sin,dow_cos,is_weekend,is_holiday,shift_block,arrivals_15m,arrivals_30m,arrivals_1h,arrivals_3h,arrivals_6h,arrivals_24h,current_queue,critical_queue,priority_mix_critical,admissions_rate_1h,discharge_rate_1h,occupied_beds,occupied_icu,bed_occupancy,icu_occupancy,available_beds,available_icu,available_doctors,available_nurses,doctor_utilisation,nurse_utilisation,ventilators_in_use,monitors_in_use,available_equipment,reserved_equipment,equipment_utilisation,ot_backlog,ot_utilisation,emergency_resource_pressure,surge_active,surge_kind,waiting_minutes_mean,pressure_index,queue_change_15m,queue_change_30m,queue_change_1h,rolling_queue_mean,rolling_queue_max,arrival_rate_trend,ot_backlog_change_1h,queue_backlog_pressure,target_arrivals_1h,target_queue_1h,target_icu_occupancy_1h,target_bed_occupancy_1h,target_doctor_utilisation_1h,target_nurse_utilisation_1h,target_equipment_utilisation_1h,target_ot_utilisation_1h,target_emergency_resource_pressure_1h,target_arrivals_2h,target_queue_2h,target_icu_occupancy_2h,target_bed_occupancy_2h,target_doctor_utilisation_2h,target_nurse_utilisation_2h,target_equipment_utilisation_2h,target_ot_utilisation_2h,target_emergency_resource_pressure_2h,target_admissions_6h,target_discharges_6h,target_icu_occupancy_6h,target_bed_occupancy_6h,target_ot_backlog_6h,pressure_label
0,2026-06-01 00:00:00+00:00,0,0,0.0,1.0,0.0,1.0,False,False,NIGHT,1.0,1.0,1.0,1.0,1.0,1.0,2.16,0.72,0.3333,11.491,1.187,80.19,6.39,80.191,63.853,19.81,3.61,5.73,16.81,100.0,100.0,6.2,4.78,16.02,1.98,40.661,5.68,100.0,38.501,False,,3.0,68.455,0.0,0.0,0.0,2.16,2.16,0.0,0.0,1.96,5.0,0.0,66.594,80.746,100.0,100.0,36.394,100.0,26.638,9.0,0.0,65.85,79.811,100.0,100.0,36.674,81.808,26.34,6.72,3.744,76.967,81.271,0.26,NORMAL
1,2026-06-01 00:15:00+00:00,0,0,0.0,1.0,0.0,1.0,False,False,NIGHT,1.0,2.0,2.0,2.0,2.0,2.0,0.0,0.19,0.1944,5.309,2.53,80.69,6.58,80.688,65.831,19.31,3.42,6.26,17.98,100.0,100.0,6.55,4.55,15.9,2.0,41.094,5.36,100.0,26.333,False,,0.0,67.616,-2.16,0.0,0.0,1.08,2.16,0.0,0.0,1.34,4.0,0.0,67.308,80.655,100.0,100.0,37.956,91.383,26.923,11.0,0.0,65.023,79.673,100.0,100.0,37.834,78.617,26.009,0.0,3.702,76.601,80.382,0.0,NORMAL
2,2026-06-01 00:30:00+00:00,0,0,0.0,1.0,0.0,1.0,False,False,NIGHT,1.0,2.0,3.0,3.0,3.0,3.0,0.0,0.0,0.0,1.68,2.456,80.44,6.64,80.441,66.359,19.56,3.36,6.27,17.99,100.0,100.0,6.42,4.37,16.21,1.94,39.958,5.04,99.358,26.544,False,,0.0,67.507,0.0,-2.16,0.0,0.72,2.16,0.0,0.0,1.26,4.0,0.0,67.714,80.735,100.0,100.0,36.344,100.0,27.086,12.0,0.0,65.63,80.155,100.0,100.0,37.499,100.0,26.252,1.68,1.67,75.785,80.466,0.0,NORMAL
3,2026-06-01 00:45:00+00:00,0,0,0.0,1.0,0.0,1.0,False,False,NIGHT,1.0,2.0,4.0,4.0,4.0,4.0,0.0,0.0,0.0,1.68,1.803,80.41,6.64,80.406,66.407,19.59,3.36,5.93,17.24,100.0,100.0,6.33,4.23,16.44,1.9,39.109,4.72,96.167,26.563,False,,0.0,67.146,0.0,0.0,0.0,0.54,2.16,0.0,0.0,1.18,4.0,0.0,65.835,80.144,100.0,100.0,36.481,59.4,26.334,10.0,0.0,65.735,79.861,100.0,100.0,36.105,73.833,26.294,5.04,1.979,77.927,81.017,0.0,NORMAL
4,2026-06-01 01:00:00+00:00,1,0,0.258819,0.965926,0.0,1.0,False,False,NIGHT,2.0,3.0,5.0,6.0,6.0,6.0,0.0,0.0,0.0,3.36,1.923,80.75,6.66,80.746,66.594,19.25,3.34,6.27,17.99,100.0,100.0,5.71,4.11,17.17,1.77,36.394,4.56,100.0,26.638,False,,0.0,67.358,0.0,0.0,-2.16,0.432,2.16,4.0,-1.12,1.14,5.0,0.0,65.85,79.811,100.0,100.0,36.674,81.808,26.34,10.0,0.0,64.785,79.793,100.0,100.0,35.442,43.442,25.914,6.72,2.183,80.027,81.941,0.16,NORMAL
5,2026-06-01 01:15:00+00:00,1,0,0.258819,0.965926,0.0,1.0,False,False,NIGHT,1.0,3.0,5.0,7.0,7.0,7.0,0.0,0.0,0.0,1.68,1.758,80.66,6.73,80.655,67.308,19.34,3.27,6.27,17.99,100.0,100.0,6.22,4.03,16.75,1.84,37.956,4.24,91.383,26.923,False,,0.0,66.846,0.0,0.0,0.0,0.36,2.16,3.0,-1.12,1.06,4.0,0.0,65.023,79.673,100.0,100.0,37.834,78.617,26.009,13.0,0.0,66.176,80.46,100.0,100.0,34.852,100.0,26.47,5.04,3.093,80.727,82.358,0.16,NORMAL
6,2026-06-01 01:30:00+00:00,1,0,0.258819,0.965926,0.0,1.0,False,False,NIGHT,2.0,3.0,6.0,9.0,9.0,9.0,0.0,0.0,0.0,3.36,2.88,80.73,6.77,80.735,67.714,19.27,3.23,5.44,16.17,100.0,100.0,5.84,3.97,17.19,1.77,36.344,4.09,100.0,27.086,False,,0.0,67.575,0.0,0.0,0.0,0.309,2.16,3.0,-0.95,1.022,6.0,0.0,65.63,80.155,100.0,100.0,37.499,100.0,26.252,15.0,0.0,65.934,80.01,100.0,100.0,34.597,38.658,26.374,8.4,3.883,83.509,83.209,0.48,NORMAL
7,2026-06-01 01:45:00+00:00,1,0,0.258819,0.965926,0.0,1.0,False,False,NIGHT,0.0,2.0,5.0,9.0,9.0,9.0,0.0,0.0,0.0,0.0,3.116,80.14,6.58,80.144,65.835,19.86,3.42,6.27,17.99,100.0,100.0,5.95,3.9,17.15,1.77,36.481,3.61,59.4,26.334,False,,0.0,63.428,0.0,0.0,0.0,0.27,2.16,1.0,-1.11,0.902,4.0,0.0,65.735,79.861,100.0,100.0,36.105,73.833,26.294,17.0,0.0,65.422,79.64,100.0,100.0,34.79,61.067,26.169,3.36,2.711,83.22,83.4,0.32,NORMAL
8,2026-06-01 02:00:00+00:00,2,0,0.5,0.866025,0.0,1.0,False,False,NIGHT,1.0,1.0,4.0,10.0,10.0,10.0,0.0,0.0,0.0,1.68,3.006,79.81,6.58,79.811,65.85,20.19,3.42,5.94,17.27,100.0,100.0,6.06,3.84,17.1,1.78,36.674,3.29,81.808,26.34,False,,0.0,65.392,0.0,0.0,0.0,0.24,2.16,-1.0,-1.27,0.822,4.0,0.0,64.785,79.793,100.0,100.0,35.442,43.442,25.914,17.0,0.0,67.277,79.831,100.0,100.0,34.253,100.0,26.911,5.04,4.268,84.42,83.473,0.33,NORMAL
9,2026-06-01 02:15:00+00:00,2,0,0.5,0.866025,0.0,1.0,False,False,NIGHT,1.0,2.0,4.0,11.0,11.0,11.0,0.0,0.0,0.0,1.68,2.559,79.67,6.5,79.673,65.023,20.33,3.5,6.27,17.99,100.0,100.0,6.42,3.79,16.78,1.84,37.834,2.97,78.617,26.009,False,,0.0,65.013,0.0,0.0,0.0,0.216,2.16,-1.0,-1.27,0.742,7.0,0.0,66.176,80.46,100.0,100.0,34.852,100.0,26.47,18.0,0.0,68.637,79.943,100.0,100.0,34.686,85.083,27.455,3.36,3.148,84.162,83.552,0.17,NORMAL
10,2026-06-01 02:30:00+00:00,2,0,0.5,0.866025,0.0,1.0,False,False,NIGHT,2.0,3.0,4.0,13.0,13.0,13.0,0.0,0.0,0.0,3.36,1.191,80.16,6.56,80.155,65.63,19.84,3.44,6.27,17.99,100.0,100.0,6.37,3.75,16.88,1.82,37.499,2.81,100.0,26.252,False,,0.0,67.135,0.0,0.0,0.0,0.196,2.16,-2.0,-1.28,0.702,6.0,0.0,65.934,80.01,100.0,100.0,34.597,38.658,26.374,16.0,0.0,67.933,79.415,100.0,100.0,33.792,29.092,27.173,6.72,4.057,86.089,84.025,0.33,NORMAL
11,2026-06-01 02:45:00+00:00,2,0,0.5,0.866025,0.0,1.0,False,False,NIGHT,1.0,3.0,5.0,14.0,14.0,14.0,0.0,0.0,0.0,1.68,2.815,79.86,6.57,79.861,65.735,20.14,3.43,6.27,17.99,100.0,100.0,6.02,3.73,17.25,1.75,36.105,2.49,73.833,26.294,False,,0.0,64.611,0.0,0.0,0.0,0.18,2.16,0.0,-1.12,0.622,6.0,0.0,65.422,79.64,100.0,100.0,34.79,61.067,26.169,17.0,0.0,68.647,79.394,100.0,100.0,32.565,51.5,27.459,5.04,4.213,86.391,84.202,0.33,NORMAL
12,2026-06-01 03:00:00+00:00,3,0,0.707107,0.707107,0.0,1.0,False,False,NIGHT,0.0,1.0,4.0,13.0,14.0,14.0,0.0,0.0,0.0,0.0,0.651,79.79,6.48,79.793,64.785,20.21,3.52,6.03,17.47,100.0,100.0,5.88,3.69,17.43,1.72,35.442,2.01,43.442,25.914,False,,0.0,61.611,0.0,0.0,0.0,0.166,2.16,0.0,-1.28,0.502,6.0,0.0,67.277,79.831,100.0,100.0,34.253,100.0,26.911,19.0,0.0,70.352,80.12,100.0,100.0,34.21,100.0,28.141,8.756,4.255,89.091,85.057,0.81,NORMAL
13,2026-06-01 03:15:00+00:00,3,0,0.707107,0.707107,0.0,1.0,False,False,NIGHT,3.0,3.0,6.0,15.0,17.0,17.0,0.0,0.0,0.0,5.04,1.817,80.46,6.62,80.46,66.176,19.54,3.38,6.13,17.68,100.0,100.0,5.73,3.68,17.59,1.69,34.852,2.01,100.0,26.47,False,,0.0,67.073,0.0,0.0,0.0,0.154,2.16,2.0,-0.96,0.502,6.0,0.0,68.637,79.943,100.0,100.0,34.686,85.083,27.455,20.0,0.0,73.64,81.212,100.0,100.0,35.407,100.0,29.456,8.394,6.955,90.666,85.26,1.13,NORMAL
14,2026-06-01 03:30:00+00:00,3,0,0.707107,0.707107,0.0,1.0,False,False,NIGHT,0.0,3.0,4.0,14.0,17.0,17.0,0.0,0.0,0.0,0.0,1.894,80.01,6.59,80.01,65.934,19.99,3.41,6.27,17.99,100.0,100.0,5.67,3.67,17.66,1.68,34.597,1.53,38.658,26.374,False,,0.0,61.382,0.0,0.0,0.0,0.144,2.16,0.0,-1.28,0.382,9.0,0.0,67.933,79.415,100.0,100.0,33.792,29.092,27.173,18.0,0.0,74.299,81.434,100.0,100.0,34.774,78.725,29.719,6.37,6.217,90.514,85.313,1.13,NORMAL
15,2026-06-01 03:45:00+00:00,3,0,0.707107,0.707107,0.0,1.0,False,False,NIGHT,1.0,1.0,4.0,14.0,18.0,18.0,0.0,0.0,0.0,1.68,3.366,79.64,6.54,79.64,65.422,20.36,3.46,6.27,17.99,100.0,100.0,5.74,3.66,17.61,1.69,34.79,1.21,61.067,26.169,False,,0.0,63.232,0.0,0.0,0.0,0.135,2.16,-1.0,-1.28,0.302,11.0,0.0,68.647,79.394,100.0,100.0,32.565,51.5,27.459,21.0,0.0,74.41,80.783,100.0,100.0,37.136,49.933,29.764,5.04,4.449,89.397,85.573,1.13,NORMAL
16,2026-06-01 04:00:00+00:00,4,0,0.866025,0.5,0.0,1.0,False,False,NIGHT,3.0,4.0,7.0,15.0,21.0,21.0,0.0,0.0,0.0,5.04,3.534,79.83,6.73,79.831,67.277,20.17,3.27,6.27,17.99,100.0,100.0,5.58,3.67,17.75,1.66,34.253,1.21,100.0,26.911,False,,0.0,67.101,0.0,0.0,0.0,0.0,0.0,3.0,-0.8,0.302,11.0,0.0,70.352,80.12,100.0,100.0,34.21,100.0,28.141,22.0,0.0,76.967,81.271,71.469,67.377,39.8,100.0,30.787,0.0,4.889,86.367,84.653,0.65,NORMAL
17,2026-06-01 04:15:00+00:00,4,0,0.866025,0.5,0.0,1.0,False,False,NIGHT,2.0,5.0,6.0,16.0,23.0,23.0,0.0,0.0,0.0,3.36,2.37,79.94,6.86,79.943,68.637,20.06,3.14,6.27,17.99,100.0,100.0,5.68,3.69,17.63,1.69,34.686,1.05,85.083,27.455,False,,0.0,66.094,0.0,0.0,0.0,0.0,0.0,0.0,-0.96,0.262,12.0,0.0,73.64,81.212,100.0,100.0,35.407,100.0,29.456,21.0,0.0,76.601,80.382,75.745,71.207,41.084,23.333,30.64,8.4,4.724,88.149,85.394,0.97,NORMAL
18,2026-06-01 04:30:00+00:00,4,0,0.866025,0.5,0.0,1.0,False,False,NIGHT,0.0,2.0,6.0,14.0,23.0,23.0,0.0,0.0,0.0,0.0,2.391,79.42,6.79,79.415,67.933,20.58,3.21,6.27,17.99,100.0,100.0,5.43,3.7,17.88,1.64,33.792,0.58,29.092,27.173,False,,0.0,60.717,0.0,0.0,0.0,0.0,0.0,2.0,-0.95,0.145,7.0,0.0,74.299,81.434,100.0,100.0,34.774,78.725,29.719,23.0,0.0,75.785,80.466,70.761,66.71,39.685,48.933,30.314,5.04,5.472,87.855,85.316,0.97,NORMAL
19,2026-06-01 04:45:00+00:00,4,0,0.866025,0.5,0.0,1.0,False,False,NIGHT,1.0,1.0,6.0,15.0,24.0,24.0,0.0,0.0,0.0,1.68,1.48,79.39,6.86,79.394,68.647,20.61,3.14,6.27,17.99,100.0,100.0,5.08,3.71,18.21,1.58,32.565,0.26,51.5,27.459,False,,0.0,62.762,0.0,0.0,0.0,0.0,0.0,2.0,-0.95,0.065,6.0,0.0,74.41,80.783,100.0,100.0,37.136,49.933,29.764,26.0,0.0,77.927,81.017,80.608,75.601,41.849,100.0,31.171,8.319,4.682,89.116,86.099,1.61,NORMAL
20,2026-06-01 05:00:00+00:00,5,0,0.965926,0.258819,0.0,1.0,False,False,NIGHT,3.0,4.0,6.0,17.0,27.0,27.0,0.0,0.0,0.0,5.04,1.455,80.12,7.04,80.12,70.352,19.88,2.96,5.88,17.13,100.0,100.0,5.49,3.74,17.76,1.66,34.21,0.26,100.0,28.141,False,,0.0,67.776,0.0,0.0,0.0,0.0,0.0,-1.0,-0.95,0.065,8.0,0.0,76.967,81.271,71.469,67.377,39.8,100.0,30.787,26.0,0.0,80.027,81.941,79.679,74.805,42.292,100.0,32.011,8.009,6.368,90.442,86.377,1.94,NORMAL
21,2026-06-01 05:15:00+00:00,5,0,0.965926,0.258819,0.0,1.0,False,False,NIGHT,5.0,8.0,9.0,21.0,32.0,32.0,0.0,0.0,0.0,8.4,2.717,81.21,7.36,81.212,73.64,18.79,2.64,5.74,16.83,100.0,100.0,5.75,3.81,17.44,1.72,35.407,0.58,100.0,29.456,False,,0.0,68.781,0.0,0.0,0.0,0.0,0.0,3.0,-0.47,0.145,8.0,0.0,76.601,80.382,75.745,71.207,41.084,23.333,30.64,28.0,0.0,80.727,82.358,80.246,75.331,40.776,100.0,32.291,7.884,5.18,91.498,86.947,2.26,NORMAL
22,2026-06-01 05:30:00+00:00,5,0,0.965926,0.258819,0.0,1.0,False,False,NIGHT,2.0,7.0,11.0,21.0,34.0,34.0,0.0,0.0,0.0,3.36,2.205,81.43,7.43,81.434,74.299,18.57,2.57,6.27,17.99,100.0,100.0,5.53,3.86,17.61,1.69,34.774,0.42,78.725,29.719,False,,0.0,66.99,0.0,0.0,0.0,0.0,0.0,5.0,-0.16,0.105,11.0,0.0,75.785,80.466,70.761,66.71,39.685,48.933,30.314,30.0,0.0,83.509,83.209,73.174,68.984,42.174,100.0,33.404,7.655,5.518,91.721,87.459,2.26,NORMAL
23,2026-06-01 05:45:00+00:00,5,0,0.965926,0.258819,0.0,1.0,False,False,NIGHT,1.0,3.0,11.0,21.0,35.0,35.0,0.0,0.0,0.0,1.68,4.242,80.78,7.44,80.783,74.41,19.22,2.56,6.27,17.99,100.0,100.0,6.12,3.91,16.97,1.8,37.136,0.1,49.933,29.764,False,,0.0,64.49,0.0,0.0,0.0,0.0,0.0,5.0,-0.16,0.025,15.0,0.0,77.927,81.017,80.608,75.601,41.849,100.0,31.171,28.0,0.0,83.22,83.4,73.342,69.142,41.405,77.775,33.288,5.093,6.47,90.843,87.203,2.1,NORMAL
24,2026-06-01 06:00:00+00:00,6,0,1.0,0.0,0.0,1.0,False,False,MORNING,4.0,5.0,12.0,25.0,38.0,39.0,0.0,0.0,0.0,6.72,3.744,81.27,7.7,81.271,76.967,18.73,2.3,11.97,27.41,71.469,67.377,6.77,3.97,16.25,1.93,39.8,0.26,100.0,30.787,False,,0.0,62.517,0.0,0.0,0.0,0.0,0.0,6.0,0.0,0.065,14.0,0.0,80.027,81.941,79.679,74.805,42.292,100.0,32.011,29.0,0.0,84.42,83.473,73.406,69.203,42.641,100.0,33.768,6.72,6.604,89.645,87.351,2.26,NORMAL
25,2026-06-01 06:15:00+00:00,6,0,1.0,0.0,0.0,1.0,False,False,MORNING,0.0,4.0,7.0,22.0,37.0,39.0,0.0,0.0,0.0,0.0,3.702,80.38,7.66,80.382,76.601,19.62,2.34,11.17,25.66,75.745,71.207,7.07,4.02,15.91,2.0,41.084,0.0,23.333,30.64,False,,0.0,56.436,0.0,0.0,0.0,0.0,0.0,-2.0,-0.58,0.0,13.0,0.0,80.727,82.358,80.246,75.331,40.776,100.0,32.291,26.0,0.0,84.162,83.552,81.837,76.807,43.019,76.192,33.665,7.537,6.393,90.697,87.532,2.74,NORMAL
26,2026-06-01 06:30:00+00:00,6,0,1.0,0.0,0.0,1.0,False,False,MORNING,1.0,1.0,6.0,23.0,37.0,40.0,0.0,0.0,0.0,1.68,1.67,80.47,7.58,80.466,75.785,19.53,2.42,11.97,27.41,70.761,66.71,6.66,4.05,16.28,1.93,39.685,0.0,48.933,30.314,False,,0.0,57.332,0.0,0.0,0.0,0.0,0.0,-5.0,-0.42,0.0,12.0,0.0,83.509,83.209,73.174,68.984,42.174,100.0,33.404,29.0,0.0,86.089,84.025,77.1,72.561,44.658,100.0,34.436,7.452,4.065,91.579,88.291,2.74,NORMAL
27,2026-06-01 06:45:00+00:00,6,0,1.0,0.0,0.0,1.0,False,False,MORNING,3.0,4.0,8.0,25.0,39.0,43.0,0.0,0.0,0.0,5.04,1.979,81.02,7.79,81.017,77.927,18.98,2.21,10.58,24.36,80.608,75.601,7.2,4.1,15.7,2.03,41.849,0.0,100.0,31.171,False,,0.0,64.921,0.0,0.0,0.0,0.0,0.0,-3.0,-0.1,0.0,11.0,0.0,83.22,83.4,73.342,69.142,41.405,77.775,33.288,28.0,0.0,86.391,84.202,74.046,69.807,45.127,100.0,34.556,3.491,7.265,89.767,87.528,2.58,NORMAL
28,2026-06-01 07:00:00+00:00,7,0,0.965926,-0.258819,0.0,1.0,False,False,MORNING,4.0,7.0,8.0,26.0,41.0,47.0,0.0,0.0,0.0,6.72,2.183,81.94,8.0,81.941,80.027,18.06,2.0,10.83,24.9,79.679,74.805,7.26,4.16,15.58,2.06,42.292,0.16,100.0,32.011,False,,0.0,65.377,0.0,0.0,0.0,0.0,0.0,-4.0,-0.1,0.04,12.0,0.0,84.42,83.473,73.406,69.203,42.641,100.0,33.768,32.0,0.79,89.091,85.057,76.074,71.682,46.43,100.0,40.366,3.36,7.053,88.757,86.706,2.42,NORMAL
29,2026-06-01 07:15:00+00:00,7,0,0.965926,-0.258819,0.0,1.0,False,False,MORNING,3.0,7.0,11.0,27.0,43.0,50.0,0.0,0.0,0.0,5.04,3.093,82.36,8.07,82.358,80.727,17.64,1.93,10.8,24.85,80.246,75.331,6.79,4.21,15.99,1.98,40.776,0.16,100.0,32.291,False,,0.0,65.603,0.0,0.0,0.0,0.0,0.0,4.0,0.16,0.04,15.0,0.0,84.162,83.552,81.837,76.807,43.019,76.192,33.665,31.0,0.79,90.666,85.26,87.45,81.922,48.996,100.0,41.017,3.36,6.392,87.7,86.054,2.26,NORMAL
30,2026-06-01 07:30:00+00:00,7,0,0.965926,-0.258819,0.0,1.0,False,False,MORNING,5.0,8.0,15.0,32.0,46.0,55.0,0.0,0.0,0.0,8.4,3.883,83.21,8.35,83.209,83.509,16.79,1.65,11.97,27.41,73.174,68.984,7.1,4.29,15.61,2.05,42.174,0.48,100.0,33.404,False,,0.0,64.862,0.0,0.0,0.0,0.0,0.0,9.0,0.48,0.12,18.0,0.0,86.089,84.025,77.1,72.561,44.658,100.0,34.436,31.0,0.0,90.514,85.313,75.024,70.728,47.626,100.0,36.206,1.68,6.718,85.835,84.981,1.94,NORMAL
31,2026-06-01 07:45:00+00:00,7,0,0.965926,-0.258819,0.0,1.0,False,False,MORNING,2.0,7.0,14.0,33.0,48.0,57.0,0.0,0.0,0.0,3.36,2.711,83.4,8.32,83.4,83.22,16.6,1.68,11.97,27.41,73.342,69.142,6.83,4.35,15.82,2.01,41.405,0.32,77.775,33.288,False,,0.0,62.816,0.0,0.0,0.0,0.0,0.0,6.0,0.32,0.08,17.0,0.0,86.391,84.202,74.046,69.807,45.127,100.0,34.556,31.0,0.0,89.397,85.573,75.252,70.943,48.118,100.0,35.759,3.36,4.647,84.726,84.77,1.78,NORMAL
32,2026-06-01 08:00:00+00:00,8,0,0.866025,-0.5,0.0,1.0,False,False,MORNING,3.0,5.0,13.0,33.0,50.0,60.0,0.0,0.0,0.0,5.04,4.268,83.47,8.44,83.473,84.42,16.53,1.56,11.97,27.41,73.406,69.203,7.11,4.41,15.49,2.07,42.641,0.33,100.0,33.768,False,,0.0,65.199,0.0,0.0,0.0,0.0,0.0,5.0,0.17,0.082,17.0,0.79,89.091,85.057,76.074,71.682,46.43,100.0,40.366,30.0,0.0,86.367,84.653,74.532,70.261,48.653,29.85,34.547,8.574,5.058,86.818,85.44,2.43,NORMAL
33,2026-06-01 08:15:00+00:00,8,0,0.866025,-0.5,0.0,1.0,False,False,MORNING,2.0,5.0,12.0,30.0,51.0,62.0,0.0,0.0,0.0,3.36,3.148,83.55,8.42,83.552,84.162,16.45,1.58,10.75,24.72,81.837,76.807,7.16,4.45,15.38,2.09,43.019,0.17,76.192,33.665,False,,0.0,64.98,0.0,0.0,0.0,0.0,0.0,1.0,0.01,0.042,11.0,0.79,90.666,85.26,87.45,81.922,48.996,100.0,41.017,34.0,0.0,88.149,85.394,75.095,70.795,47.333,100.0,35.26,8.291,5.206,87.785,86.114,2.59,NORMAL
34,2026-06-01 08:30:00+00:00,8,0,0.866025,-0.5,0.0,1.0,False,False,MORNING,4.0,6.0,11.0,32.0,53.0,66.0,0.0,0.0,0.0,6.72,4.057,84.03,8.61,84.025,86.089,15.97,1.39,11.47,26.32,77.1,72.561,7.55,4.51,14.94,2.17,44.658,0.33,100.0,34.436,False,,0.0,66.682,0.0,0.0,0.0,0.0,0.0,-4.0,-0.15,0.082,11.0,0.0,90.514,85.313,75.024,70.728,47.626,100.0,36.206,35.0,0.0,87.855,85.316,91.322,85.362,46.469,100.0,35.142,8.025,5.59,88.961,86.606,2.75,NORMAL
35,2026-06-01 08:45:00+00:00,8,0,0.866025,-0.5,0.0,1.0,False,False,MORNING,3.0,7.0,12.0,34.0,55.0,69.0,0.0,0.0,0.0,5.04,4.213,84.2,8.64,84.202,86.391,15.8,1.36,11.97,27.41,74.046,69.807,7.63,4.56,14.82,2.19,45.127,0.33,100.0,34.556,False,,0.0,66.126,0.0,0.0,0.0,0.0,0.0,-2.0,0.01,0.082,11.0,0.0,89.397,85.573,75.252,70.943,48.118,100.0,35.759,35.0,2.05,89.116,86.099,88.678,83.08,46.261,100.0,47.935,5.35,6.319,89.769,86.283,2.75,NORMAL
36,2026-06-01 09:00:00+00:00,9,0,0.707107,-0.707107,0.0,1.0,False,False,MORNING,6.0,9.0,15.0,36.0,61.0,75.0,0.79,0.0,0.0,8.756,4.255,85.06,8.91,85.057,89.091,14.94,1.09,11.82,27.08,76.074,71.682,7.88,4.65,14.46,2.26,46.43,0.81,100.0,40.366,False,,1.4,67.946,0.79,0.79,0.79,0.049,0.79,2.0,0.48,0.4,15.0,0.0,86.367,84.653,74.532,70.261,48.653,29.85,34.547,30.0,2.28,90.442,86.377,76.861,72.46,46.63,100.0,49.863,6.72,5.982,89.97,86.447,2.91,NORMAL
37,2026-06-01 09:15:00+00:00,9,0,0.707107,-0.707107,0.0,1.0,False,False,MORNING,5.0,11.0,18.0,41.0,63.0,80.0,0.79,0.07,0.0709,8.394,6.955,85.26,9.07,85.26,90.666,14.74,0.93,10.31,23.75,87.45,81.922,8.48,4.75,13.77,2.38,48.996,1.13,100.0,41.017,False,,1.5,71.13,0.0,0.79,0.79,0.099,0.79,6.0,0.96,0.48,20.0,0.0,88.149,85.394,75.095,70.795,47.333,100.0,35.26,27.0,2.59,91.498,86.947,77.485,73.048,46.69,100.0,52.129,3.36,5.854,89.059,85.915,2.75,MODERATE
38,2026-06-01 09:30:00+00:00,9,0,0.707107,-0.707107,0.0,1.0,False,False,MORNING,3.0,8.0,17.0,43.0,66.0,83.0,0.0,0.07,0.0713,6.37,6.217,85.31,9.05,85.313,90.514,14.69,0.95,11.97,27.41,75.024,70.728,8.06,4.79,14.14,2.31,47.626,1.13,100.0,36.206,False,,0.0,67.648,-0.79,-0.79,0.0,0.099,0.79,6.0,0.8,0.282,20.0,0.0,87.855,85.316,91.322,85.362,46.469,100.0,35.142,24.0,1.03,91.721,87.459,83.663,78.618,47.171,100.0,42.877,3.36,6.112,87.638,85.369,2.59,NORMAL
39,2026-06-01 09:45:00+00:00,9,0,0.707107,-0.707107,0.0,1.0,False,False,MORNING,3.0,6.0,17.0,43.0,68.0,86.0,0.0,0.0,0.0,5.04,4.449,85.57,8.94,85.573,89.397,14.43,1.06,11.97,27.41,75.252,70.943,8.17,4.82,14.01,2.34,48.118,1.13,100.0,35.759,False,,0.0,67.579,0.0,-0.79,0.0,0.099,0.79,5.0,0.8,0.282,20.0,2.05,89.116,86.099,88.678,83.08,46.261,100.0,47.935,22.0,0.0,90.843,87.203,76.685,72.294,48.745,95.508,36.337,3.36,4.512,86.557,85.189,2.43,NORMAL
40,2026-06-01 10:00:00+00:00,10,0,0.5,-0.866025,0.0,1.0,False,False,MORNING,0.0,3.0,11.0,39.0,65.0,86.0,0.0,0.0,0.0,0.0,4.889,84.65,8.64,84.653,86.367,15.35,1.36,11.96,27.38,74.532,70.261,8.33,4.81,13.86,2.36,48.653,0.65,29.85,34.547,False,,0.0,60.337,0.0,0.0,-0.79,0.099,0.79,-4.0,-0.16,0.162,15.0,2.28,90.442,86.377,76.861,72.46,46.63,100.0,49.863,22.0,0.0,89.645,87.351,89.844,84.138,47.237,100.0,35.858,8.388,5.501,88.051,85.762,2.91,NORMAL
41,2026-06-01 10:15:00+00:00,10,0,0.5,-0.866025,0.0,1.0,False,False,MORNING,5.0,5.0,11.0,41.0,68.0,91.0,0.0,0.0,0.0,8.4,4.724,85.39,8.81,85.394,88.149,14.61,1.19,11.97,27.41,75.095,70.795,7.97,4.81,14.22,2.3,47.333,0.97,100.0,35.26,False,,0.0,67.183,0.0,0.0,-0.79,0.099,0.79,-7.0,-0.16,0.242,14.0,2.59,91.498,86.947,77.485,73.048,46.69,100.0,52.129,25.0,1.51,90.697,87.532,80.82,76.067,47.586,100.0,45.361,5.052,5.12,87.48,85.802,2.75,NORMAL
42,2026-06-01 10:30:00+00:00,10,0,0.5,-0.866025,0.0,1.0,False,False,MORNING,3.0,8.0,11.0,39.0,71.0,94.0,0.0,0.0,0.0,5.04,5.472,85.32,8.79,85.316,87.855,14.68,1.21,9.83,22.71,91.322,85.362,7.73,4.82,14.45,2.26,46.469,0.97,100.0,35.142,False,,0.0,70.725,0.0,0.0,0.0,0.099,0.79,-6.0,-0.16,0.242,15.0,1.03,91.721,87.459,83.663,78.618,47.171,100.0,42.877,23.0,0.08,91.579,88.291,77.673,73.226,47.207,100.0,37.098,8.146,5.172,88.146,86.478,3.07,MODERATE
43,2026-06-01 10:45:00+00:00,10,0,0.5,-0.866025,0.0,1.0,False,False,MORNING,7.0,10.0,15.0,44.0,77.0,101.0,2.05,0.0,0.0,8.319,4.682,86.1,8.91,86.099,89.116,13.9,1.09,10.33,23.81,88.678,83.08,7.58,4.91,14.51,2.25,46.261,1.61,100.0,47.935,False,,3.9,71.851,2.05,2.05,2.05,0.227,2.05,-2.0,0.48,0.915,15.0,0.0,90.843,87.203,76.685,72.294,48.745,95.508,36.337,24.0,0.0,89.767,87.528,83.123,78.117,46.874,100.0,35.907,1.934,6.176,85.867,85.646,2.75,MODERATE
44,2026-06-01 11:00:00+00:00,11,0,0.258819,-0.965926,0.0,1.0,False,False,MORNING,5.0,12.0,20.0,46.0,79.0,106.0,2.28,0.18,0.0808,8.009,6.368,86.38,9.04,86.377,90.442,13.62,0.96,11.97,27.41,76.861,72.46,7.59,5.0,14.41,2.27,46.63,1.94,100.0,49.863,False,,4.5,69.666,0.22999999999999998,2.28,2.28,0.369,2.28,9.0,1.29,1.055,15.0,0.0,89.645,87.351,89.844,84.138,47.237,100.0,35.858,25.0,0.0,88.757,86.706,76.249,71.883,47.051,98.75,35.503,5.04,5.161,85.96,85.606,2.76,NORMAL
45,2026-06-01 11:15:00+00:00,11,0,0.258819,-0.965926,0.0,1.0,False,False,MORNING,5.0,10.0,20.0,49.0,79.0,111.0,2.59,0.21,0.0793,7.884,5.18,86.95,9.15,86.947,91.498,13.05,0.85,11.97,27.41,77.485,73.048,7.5,5.1,14.39,2.27,46.69,2.26,100.0,52.129,False,,5.2,70.352,0.31000000000000005,0.54,2.59,0.531,2.59,9.0,1.29,1.212,13.0,1.51,90.697,87.532,80.82,76.067,47.586,100.0,45.361,27.0,0.0,87.7,86.054,84.603,79.39,45.184,97.158,35.08,5.04,4.95,85.859,85.639,2.76,MODERATE
46,2026-06-01 11:30:00+00:00,11,0,0.258819,-0.965926,0.0,1.0,False,False,MORNING,3.0,8.0,20.0,48.0,80.0,114.0,1.03,0.23,0.2258,7.655,5.518,87.46,9.17,87.459,91.721,12.54,0.83,11.06,25.42,83.663,78.618,7.61,5.13,14.26,2.29,47.171,2.26,100.0,42.877,False,,2.2,70.963,-1.5599999999999998,-1.2499999999999998,1.03,0.596,2.59,9.0,1.29,0.822,9.0,0.08,91.579,88.291,77.673,73.226,47.207,100.0,37.098,27.0,0.0,85.835,84.981,74.731,70.452,44.566,68.367,34.334,1.68,4.851,85.037,84.928,2.44,MODERATE
47,2026-06-01 11:45:00+00:00,11,0,0.258819,-0.965926,0.0,1.0,False,False,MORNING,2.0,5.0,15.0,47.0,81.0,116.0,0.0,0.09,0.0928,5.093,6.47,87.2,9.08,87.203,90.843,12.8,0.92,11.97,27.41,76.685,72.294,8.06,5.1,13.84,2.37,48.745,2.1,95.508,36.337,False,,0.0,68.214,-1.03,-2.59,-2.05,0.596,2.59,0.0,0.49,0.525,7.0,0.0,89.767,87.528,83.123,78.117,46.874,100.0,35.907,28.0,0.0,84.726,84.77,74.953,70.646,46.262,92.375,33.89,6.72,4.546,86.544,85.321,2.6,NORMAL
48,2026-06-01 12:00:00+00:00,12,0,0.0,-1.0,0.0,1.0,False,False,MORNING,4.0,6.0,14.0,45.0,81.0,120.0,0.0,0.0,0.0,6.72,6.604,87.35,8.96,87.351,89.645,12.65,1.04,10.23,23.6,89.844,84.138,7.69,5.07,14.25,2.3,47.237,2.26,100.0,35.858,False,,0.0,71.275,0.0,-1.03,-2.28,0.596,2.59,-6.0,0.32,0.565,7.0,0.0,88.757,86.706,76.249,71.883,47.051,98.75,35.503,28.0,1.9,86.818,85.44,100.0,100.0,47.976,100.0,46.107,6.72,5.254,87.897,85.552,2.76,MODERATE
49,2026-06-01 12:15:00+00:00,12,0,0.0,-1.0,0.0,1.0,False,False,MORNING,6.0,10.0,15.0,46.0,87.0,126.0,1.51,0.0,0.0,7.537,6.393,87.53,9.07,87.532,90.697,12.47,0.93,11.49,26.36,80.82,76.067,7.74,5.11,14.15,2.31,47.586,2.74,100.0,45.361,False,,3.2,70.472,1.51,1.51,-1.0799999999999998,0.69,2.59,-5.0,0.48,1.062,12.0,0.0,87.7,86.054,84.603,79.39,45.184,97.158,35.08,27.0,0.96,87.785,86.114,88.794,84.449,50.239,100.0,40.884,8.231,4.532,89.494,86.317,3.4,MODERATE
50,2026-06-01 12:30:00+00:00,12,0,0.0,-1.0,0.0,1.0,False,False,MORNING,3.0,9.0,15.0,46.0,89.0,129.0,0.08,0.14,0.1362,7.452,4.065,88.29,9.16,88.291,91.579,11.71,0.84,11.97,27.41,77.673,73.226,7.65,5.1,14.25,2.29,47.207,2.74,100.0,37.098,False,,0.2,69.148,-1.43,0.08,-0.9500000000000001,0.695,2.59,-5.0,0.48,0.705,14.0,0.0,85.835,84.981,74.731,70.452,44.566,68.367,34.334,25.0,0.18,88.961,86.606,88.939,84.587,52.26,100.0,36.692,7.922,5.322,90.834,86.833,3.4,NORMAL
51,2026-06-01 12:45:00+00:00,12,0,0.0,-1.0,0.0,1.0,False,False,MORNING,2.0,5.0,15.0,45.0,88.0,131.0,0.0,0.01,0.007,3.491,7.265,87.53,8.98,87.528,89.767,12.47,1.02,11.08,25.47,83.123,78.117,7.59,5.06,14.34,2.28,46.874,2.58,100.0,35.907,False,,0.0,69.777,-0.08,-1.51,0.0,0.695,2.59,0.0,0.48,0.645,17.0,0.0,84.726,84.77,74.953,70.646,46.262,92.375,33.89,26.0,0.0,89.769,86.283,88.522,84.191,51.378,100.0,35.908,7.367,5.16,90.999,87.369,3.56,NORMAL
52,2026-06-01 13:00:00+00:00,13,0,-0.258819,-0.965926,0.0,1.0,False,False,MORNING,2.0,4.0,13.0,47.0,86.0,133.0,0.0,0.0,0.0,3.36,7.053,86.71,8.88,86.706,88.757,13.29,1.12,11.97,27.41,76.249,71.883,7.68,5.03,14.3,2.29,47.051,2.42,98.75,35.503,False,,0.0,67.725,0.0,-0.08,0.0,0.646,2.59,-1.0,0.16,0.605,18.0,1.9,86.818,85.44,100.0,100.0,47.976,100.0,46.107,24.0,0.0,89.97,86.447,90.24,85.778,50.998,100.0,35.988,7.508,6.477,92.009,87.525,4.04,NORMAL
53,2026-06-01 13:15:00+00:00,13,0,-0.258819,-0.965926,0.0,1.0,False,False,MORNING,2.0,4.0,9.0,44.0,85.0,135.0,0.0,0.0,0.0,3.36,6.392,86.05,8.77,86.054,87.7,13.95,1.23,10.71,24.63,84.603,79.39,7.21,4.99,14.8,2.2,45.184,2.26,97.158,35.08,False,,0.0,68.962,0.0,0.0,-1.51,0.596,2.59,-6.0,-0.48,0.565,15.0,0.96,87.785,86.114,88.794,84.449,50.239,100.0,40.884,23.0,0.0,89.059,85.915,93.034,88.33,48.682,100.0,35.623,7.433,5.334,92.909,87.96,4.2,NORMAL
54,2026-06-01 13:30:00+00:00,13,0,-0.258819,-0.965926,0.0,1.0,False,False,MORNING,1.0,3.0,7.0,42.0,81.0,136.0,0.0,0.0,0.0,1.68,6.718,84.98,8.58,84.981,85.835,15.02,1.42,11.97,27.41,74.731,70.452,7.1,4.93,14.97,2.17,44.566,1.94,68.367,34.334,False,,0.0,63.449,0.0,0.0,-0.08,0.596,2.59,-8.0,-0.8,0.485,13.0,0.18,88.961,86.606,88.939,84.587,52.26,100.0,36.692,24.0,0.0,87.638,85.369,93.674,88.9,48.437,100.0,35.055,7.257,5.698,92.148,88.426,4.52,NORMAL
55,2026-06-01 13:45:00+00:00,13,0,-0.258819,-0.965926,0.0,1.0,False,False,MORNING,2.0,3.0,7.0,37.0,81.0,138.0,0.0,0.0,0.0,3.36,4.647,84.77,8.47,84.77,84.726,15.23,1.53,11.91,27.27,74.953,70.646,7.61,4.88,14.51,2.25,46.262,1.78,92.375,33.89,False,,0.0,65.544,0.0,0.0,0.0,0.596,2.59,-8.0,-0.8,0.445,11.0,0.0,89.769,86.283,88.522,84.191,51.378,100.0,35.908,23.0,0.0,86.557,85.189,87.4,83.124,46.817,98.842,34.623,7.098,5.906,91.512,88.788,4.52,NORMAL
56,2026-06-01 14:00:00+00:00,14,0,-0.5,-0.866025,0.0,1.0,False,False,EVENING,7.0,9.0,12.0,39.0,85.0,145.0,1.9,0.0,0.0,8.574,5.058,85.44,8.68,85.44,86.818,14.56,1.32,8.22,18.8,100.0,100.0,8.03,4.93,14.05,2.33,47.976,2.43,100.0,46.107,False,,3.5,74.694,1.9,1.9,1.9,0.715,2.59,-1.0,0.01,1.082,10.0,0.0,89.97,86.447,90.24,85.778,50.998,100.0,35.988,25.0,1.01,88.051,85.762,96.521,91.54,47.75,100.0,41.263,6.975,5.187,91.111,89.275,5.17,MODERATE
57,2026-06-01 14:15:00+00:00,14,0,-0.5,-0.866025,0.0,1.0,False,False,EVENING,4.0,11.0,14.0,38.0,87.0,149.0,0.96,0.17,0.1707,8.291,5.206,86.11,8.78,86.114,87.785,13.89,1.22,10.26,23.29,88.794,84.449,8.62,4.94,13.44,2.44,50.239,2.59,100.0,40.884,False,,1.9,71.427,-0.94,0.96,0.96,0.775,2.59,5.0,0.33,0.888,12.0,0.0,89.059,85.915,93.034,88.33,48.682,100.0,35.623,23.0,0.0,87.48,85.802,100.0,96.886,46.448,100.0,34.992,6.801,6.024,91.587,89.421,5.17,MODERATE
58,2026-06-01 14:30:00+00:00,14,0,-0.5,-0.866025,0.0,1.0,False,False,EVENING,4.0,8.0,17.0,39.0,87.0,153.0,0.18,0.09,0.0865,8.025,5.59,86.61,8.9,86.606,88.961,13.39,1.1,10.26,23.29,88.939,84.587,9.17,4.94,12.89,2.54,52.26,2.75,100.0,36.692,False,,0.4,71.487,-0.78,-1.72,0.18,0.786,2.59,10.0,0.81,0.732,12.0,0.0,87.638,85.369,93.674,88.9,48.437,100.0,35.055,28.0,0.15,88.146,86.478,88.793,84.448,45.23,100.0,36.165,6.739,9.632,92.282,88.629,5.17,MODERATE
59,2026-06-01 14:45:00+00:00,14,0,-0.5,-0.866025,0.0,1.0,False,False,EVENING,3.0,7.0,18.0,40.0,87.0,156.0,0.0,0.02,0.0166,5.35,6.319,86.28,8.98,86.283,89.769,13.72,1.02,10.26,23.29,88.522,84.191,8.93,4.94,13.13,2.5,51.378,2.75,100.0,35.908,False,,0.0,71.286,-0.18,-0.96,0.0,0.658,2.59,11.0,0.97,0.688,15.0,0.0,86.557,85.189,87.4,83.124,46.817,98.842,34.623,26.0,0.0,85.867,85.646,87.869,83.569,45.868,76.475,34.347,3.949,6.923,90.7,88.044,4.85,MODERATE
60,2026-06-01 15:00:00+00:00,15,0,-0.707107,-0.707107,0.0,1.0,False,False,EVENING,4.0,7.0,15.0,40.0,85.0,160.0,0.0,0.0,0.0,6.72,5.982,86.45,9.0,86.447,89.97,13.55,1.0,10.08,22.9,90.24,85.778,8.83,4.94,13.23,2.48,50.998,2.91,100.0,35.988,False,,0.0,71.724,0.0,-0.18,-1.9,0.516,2.59,3.0,0.48,0.728,14.0,1.01,88.051,85.762,96.521,91.54,47.75,100.0,41.263,29.0,0.0,85.96,85.606,93.168,88.442,45.015,100.0,34.384,5.04,6.936,89.769,87.663,4.85,MODERATE
61,2026-06-01 15:15:00+00:00,15,0,-0.707107,-0.707107,0.0,1.0,False,False,EVENING,2.0,6.0,13.0,36.0,82.0,162.0,0.0,0.0,0.0,3.36,5.854,85.91,8.91,85.915,89.059,14.09,1.09,9.72,22.11,93.034,88.33,8.21,4.93,13.86,2.37,48.682,2.75,100.0,35.623,False,,0.0,71.858,0.0,0.0,-0.96,0.354,1.9,-1.0,0.16,0.688,11.0,0.0,87.48,85.802,100.0,96.886,46.448,100.0,34.992,32.0,0.0,85.859,85.639,87.862,83.562,44.996,100.0,34.344,5.04,6.082,89.651,87.414,4.85,MODERATE
62,2026-06-01 15:30:00+00:00,15,0,-0.707107,-0.707107,0.0,1.0,False,False,EVENING,2.0,4.0,11.0,35.0,81.0,164.0,0.0,0.0,0.0,3.36,6.112,85.37,8.76,85.369,87.638,14.63,1.24,9.59,21.82,93.674,88.9,8.17,4.91,13.92,2.35,48.437,2.59,100.0,35.055,False,,0.0,71.577,0.0,0.0,-0.18,0.289,1.9,-6.0,-0.16,0.648,12.0,0.15,88.146,86.478,88.793,84.448,45.23,100.0,36.165,33.0,0.0,85.037,84.928,100.0,100.0,43.81,73.3,34.015,3.36,4.455,88.958,87.209,4.69,MODERATE
63,2026-06-01 15:45:00+00:00,15,0,-0.707107,-0.707107,0.0,1.0,False,False,EVENING,2.0,4.0,10.0,35.0,80.0,166.0,0.0,0.0,0.0,3.36,4.512,85.19,8.66,85.189,86.557,14.81,1.34,10.26,23.29,87.4,83.124,7.76,4.88,14.36,2.28,46.817,2.43,98.842,34.623,False,,0.0,69.625,0.0,0.0,0.0,0.289,1.9,-8.0,-0.32,0.608,8.0,0.0,85.867,85.646,87.869,83.569,45.868,76.475,34.347,37.0,0.0,86.544,85.321,87.536,83.252,45.571,100.0,34.618,3.36,6.238,88.432,86.543,4.53,NORMAL
64,2026-06-01 16:00:00+00:00,16,0,-0.866025,-0.5,0.0,1.0,False,False,EVENING,6.0,8.0,12.0,39.0,86.0,172.0,1.01,0.0,0.0,8.388,5.501,85.76,8.81,85.762,88.051,14.24,1.19,9.4,21.41,96.521,91.54,7.98,4.91,14.11,2.32,47.75,2.91,100.0,41.263,False,,1.9,72.989,1.01,1.01,1.01,0.353,1.9,-3.0,0.0,0.98,11.0,0.0,85.96,85.606,93.168,88.442,45.015,100.0,34.384,36.0,0.0,87.897,85.552,100.0,97.987,45.244,100.0,35.159,3.36,5.053,87.433,86.219,4.37,MODERATE
65,2026-06-01 16:15:00+00:00,16,0,-0.866025,-0.5,0.0,1.0,False,False,EVENING,2.0,8.0,12.0,39.0,83.0,174.0,0.0,0.09,0.0906,5.052,5.12,85.8,8.75,85.802,87.48,14.2,1.25,8.82,20.13,100.0,96.886,7.65,4.89,14.46,2.26,46.448,2.75,100.0,34.992,False,,0.0,73.179,-1.01,0.0,0.0,0.258,1.9,-1.0,0.0,0.688,12.0,0.0,85.859,85.639,87.862,83.562,44.996,100.0,34.344,39.0,2.1,89.494,86.317,100.0,100.0,47.095,100.0,48.4,1.68,4.223,85.803,85.747,4.05,MODERATE
66,2026-06-01 16:30:00+00:00,16,0,-0.866025,-0.5,0.0,1.0,False,False,EVENING,5.0,7.0,15.0,43.0,85.0,179.0,0.15,0.0,0.0,8.146,5.172,86.48,8.81,86.478,88.146,13.52,1.19,10.26,23.29,88.793,84.448,7.33,4.89,14.79,2.2,45.23,3.07,100.0,36.165,False,,0.3,70.61,0.15,-0.86,0.15,0.262,1.9,4.0,0.48,0.805,16.0,0.0,85.037,84.928,100.0,100.0,43.81,73.3,34.015,35.0,0.39,90.834,86.833,89.265,84.897,47.049,100.0,38.645,1.68,5.478,84.345,84.943,3.73,MODERATE
67,2026-06-01 16:45:00+00:00,16,0,-0.866025,-0.5,0.0,1.0,False,False,EVENING,1.0,6.0,14.0,42.0,79.0,180.0,0.0,0.01,0.0136,1.934,6.176,85.65,8.59,85.646,85.867,14.35,1.41,10.26,23.29,87.869,83.569,7.53,4.85,14.62,2.23,45.868,2.75,76.475,34.347,False,,0.0,67.599,-0.15,0.0,0.0,0.262,1.9,4.0,0.32,0.688,18.0,0.0,86.544,85.321,87.536,83.252,45.571,100.0,34.618,35.0,0.0,90.999,87.369,89.636,85.25,47.573,100.0,36.4,8.516,4.837,85.828,85.714,4.53,NORMAL
68,2026-06-01 17:00:00+00:00,17,0,-0.965926,-0.258819,0.0,1.0,False,False,EVENING,3.0,4.0,11.0,38.0,77.0,183.0,0.0,0.0,0.0,5.04,5.161,85.61,8.6,85.606,85.96,14.39,1.4,9.67,22.0,93.168,88.442,7.33,4.83,14.85,2.19,45.015,2.76,100.0,34.384,False,,0.0,70.87,0.0,-0.15,-1.01,0.262,1.9,-1.0,-0.15,0.69,18.0,0.0,87.897,85.552,100.0,97.987,45.244,100.0,35.159,32.0,1.53,92.009,87.525,90.504,86.076,46.124,100.0,45.99,8.206,4.466,87.128,86.52,4.37,MODERATE
69,2026-06-01 17:15:00+00:00,17,0,-0.965926,-0.258819,0.0,1.0,False,False,EVENING,3.0,6.0,12.0,37.0,75.0,186.0,0.0,0.0,0.0,5.04,4.95,85.64,8.59,85.639,85.859,14.36,1.41,10.26,23.29,87.862,83.562,7.34,4.81,14.85,2.19,44.996,2.76,100.0,34.344,False,,0.0,69.633,0.0,0.0,0.0,0.262,1.9,0.0,0.01,0.69,20.0,2.1,89.494,86.317,100.0,100.0,47.095,100.0,48.4,29.0,1.11,92.909,87.96,99.754,94.583,47.962,100.0,43.804,1.758,5.412,85.813,85.738,4.06,NORMAL
70,2026-06-01 17:30:00+00:00,17,0,-0.965926,-0.258819,0.0,1.0,False,False,EVENING,1.0,4.0,8.0,34.0,73.0,187.0,0.0,0.0,0.0,1.68,4.851,84.93,8.5,84.928,85.037,15.07,1.5,8.13,18.61,100.0,100.0,7.05,4.78,15.17,2.13,43.81,2.44,73.3,34.015,False,,0.0,70.231,0.0,0.0,-0.15,0.262,1.9,-7.0,-0.63,0.61,17.0,0.39,90.834,86.833,89.265,84.897,47.049,100.0,38.645,28.0,1.79,92.148,88.426,91.546,87.067,49.034,100.0,47.582,6.72,5.717,86.251,85.945,4.22,MODERATE
71,2026-06-01 17:45:00+00:00,17,0,-0.965926,-0.258819,0.0,1.0,False,False,EVENING,4.0,5.0,11.0,35.0,75.0,191.0,0.0,0.0,0.0,6.72,4.546,85.32,8.65,85.321,86.544,14.68,1.35,10.26,23.29,87.536,83.252,7.53,4.78,14.7,2.21,45.571,2.6,100.0,34.618,False,,0.0,69.675,0.0,0.0,0.0,0.262,1.9,-3.0,-0.15,0.65,19.0,0.0,90.999,87.369,89.636,85.25,47.573,100.0,36.4,25.0,0.56,91.512,88.788,91.352,86.882,48.89,100.0,39.978,1.68,5.591,84.517,85.14,3.9,NORMAL
72,2026-06-01 18:00:00+00:00,18,0,-1.0,-0.0,0.0,1.0,False,False,EVENING,4.0,8.0,12.0,35.0,75.0,195.0,0.0,0.0,0.0,6.72,5.254,85.55,8.79,85.552,87.897,14.45,1.21,8.69,19.84,100.0,97.987,7.43,4.79,14.78,2.2,45.244,2.76,100.0,35.159,False,,0.0,73.231,0.0,0.0,0.0,0.144,1.01,1.0,0.0,0.69,18.0,1.53,92.009,87.525,90.504,86.076,46.124,100.0,45.99,24.0,3.41,91.111,89.275,100.0,97.89,48.849,100.0,56.909,3.36,4.872,84.986,84.715,3.74,MODERATE
73,2026-06-01 18:15:00+00:00,18,0,-1.0,-0.0,0.0,1.0,False,False,EVENING,7.0,11.0,16.0,40.0,76.0,202.0,2.1,0.0,0.0,8.231,4.532,86.32,8.95,86.317,89.494,13.68,1.05,7.61,17.46,100.0,100.0,7.82,4.89,14.28,2.29,47.095,3.4,100.0,48.4,False,,4.1,75.471,2.1,2.1,2.1,0.215,2.1,4.0,0.64,1.375,19.0,1.11,92.909,87.96,99.754,94.583,47.962,100.0,43.804,19.0,2.36,91.587,89.421,93.771,89.155,48.284,100.0,50.808,1.68,6.037,84.321,83.692,3.42,MODERATE
74,2026-06-01 18:30:00+00:00,18,0,-1.0,-0.0,0.0,1.0,False,False,EVENING,3.0,10.0,18.0,41.0,76.0,205.0,0.39,0.19,0.189,7.922,5.322,86.83,9.08,86.833,90.834,13.17,0.92,10.26,23.29,89.265,84.897,7.78,4.93,14.3,2.29,47.049,3.4,100.0,38.645,False,,0.8,71.654,-1.71,0.39,0.39,0.228,2.1,10.0,0.96,0.948,18.0,1.79,92.148,88.426,91.546,87.067,49.034,100.0,47.582,17.0,1.35,92.282,88.629,91.553,87.073,47.668,100.0,45.018,1.68,3.428,83.134,83.374,3.1,MODERATE
75,2026-06-01 18:45:00+00:00,18,0,-1.0,-0.0,0.0,1.0,False,False,EVENING,4.0,7.0,18.0,43.0,78.0,209.0,0.0,0.03,0.0347,7.367,5.16,87.37,9.1,87.369,90.999,12.63,0.9,10.26,23.29,89.636,85.25,7.9,4.94,14.16,2.31,47.573,3.56,100.0,36.4,False,,0.0,71.689,-0.39,-2.1,0.0,0.228,2.1,7.0,0.96,0.89,16.0,0.56,91.512,88.788,91.352,86.882,48.89,100.0,39.978,15.0,0.0,90.7,88.044,90.329,85.909,47.387,97.408,36.28,1.68,4.832,81.257,82.774,2.78,MODERATE
76,2026-06-01 19:00:00+00:00,19,0,-0.965926,0.258819,0.0,1.0,False,False,EVENING,6.0,10.0,20.0,43.0,82.0,215.0,1.53,0.0,0.0,7.508,6.477,87.53,9.2,87.525,92.009,12.47,0.8,10.26,23.29,90.504,86.076,7.43,5.02,14.55,2.24,46.124,4.04,100.0,45.99,False,,3.3,72.977,1.53,1.1400000000000001,1.53,0.324,2.1,8.0,1.28,1.392,14.0,3.41,91.111,89.275,100.0,97.89,48.849,100.0,56.909,22.0,0.0,89.769,87.663,89.938,85.537,46.359,100.0,35.907,3.36,3.365,81.457,82.753,2.62,MODERATE
77,2026-06-01 19:15:00+00:00,19,0,-0.965926,0.258819,0.0,1.0,False,False,EVENING,4.0,10.0,17.0,45.0,84.0,219.0,1.11,0.14,0.1245,7.433,5.334,87.96,9.29,87.96,92.909,12.04,0.71,9.33,21.26,99.754,94.583,7.87,5.08,14.05,2.33,47.962,4.2,100.0,43.804,False,,2.4,75.28,-0.41999999999999993,1.11,-0.99,0.393,2.1,1.0,0.8,1.328,10.0,2.36,91.587,89.421,93.771,89.155,48.284,100.0,50.808,21.0,0.0,89.651,87.414,89.683,85.294,46.505,100.0,35.86,6.72,3.139,83.118,83.482,2.78,MODERATE
78,2026-06-01 19:30:00+00:00,19,0,-0.965926,0.258819,0.0,1.0,False,False,EVENING,5.0,9.0,19.0,45.0,88.0,224.0,1.79,0.1,0.0557,7.257,5.698,88.43,9.21,88.426,92.148,11.57,0.79,10.26,23.29,91.546,87.067,8.1,5.14,13.76,2.38,49.034,4.52,100.0,47.582,False,,3.9,73.876,0.6799999999999999,0.26,1.4,0.505,2.1,1.0,1.12,1.578,10.0,1.35,92.282,88.629,91.553,87.073,47.668,100.0,45.018,19.0,0.0,88.958,87.209,97.567,92.534,45.778,100.0,35.583,1.68,4.249,82.215,82.93,2.46,MODERATE
79,2026-06-01 19:45:00+00:00,19,0,-0.965926,0.258819,0.0,1.0,False,False,EVENING,3.0,8.0,18.0,47.0,89.0,227.0,0.56,0.16,0.1608,7.098,5.906,88.79,9.15,88.788,91.512,11.21,0.85,10.26,23.29,91.352,86.882,8.06,5.14,13.8,2.38,48.89,4.52,100.0,39.978,False,,1.3,72.982,-1.23,-0.55,0.56,0.54,2.1,0.0,0.96,1.27,9.0,0.0,90.7,88.044,90.329,85.909,47.387,97.408,36.28,21.0,0.0,88.432,86.543,88.789,84.444,45.986,100.0,35.373,3.36,3.608,82.79,82.81,2.3,MODERATE
80,2026-06-01 20:00:00+00:00,20,0,-0.866025,0.5,0.0,1.0,False,False,EVENING,7.0,10.0,19.0,51.0,89.0,234.0,3.41,0.05,0.0148,6.975,5.187,89.27,9.11,89.275,91.111,10.73,0.89,9.26,21.08,100.0,97.89,7.95,5.24,13.81,2.37,48.849,5.17,100.0,56.909,False,,7.8,77.188,2.85,1.62,1.8800000000000001,0.69,3.41,-1.0,1.13,2.145,10.0,0.0,89.769,87.663,89.938,85.537,46.359,100.0,35.907,20.0,0.0,87.433,86.219,100.0,100.0,45.706,100.0,34.973,0.0,2.988,81.558,82.187,1.82,MODERATE
81,2026-06-01 20:15:00+00:00,20,0,-0.866025,0.5,0.0,1.0,False,False,EVENING,3.0,10.0,18.0,51.0,88.0,237.0,2.36,0.31,0.1299,6.801,6.024,89.42,9.16,89.421,91.587,10.58,0.84,10.16,23.07,93.771,89.155,7.76,5.28,13.96,2.35,48.284,5.17,100.0,50.808,False,,5.5,74.797,-1.0500000000000003,1.7999999999999998,1.2499999999999998,0.838,3.41,1.0,0.97,1.882,9.0,0.0,89.651,87.414,89.683,85.294,46.505,100.0,35.86,20.0,0.0,85.803,85.747,100.0,100.0,46.059,89.458,34.321,5.04,3.534,82.123,82.507,1.83,MODERATE
82,2026-06-01 20:30:00+00:00,20,0,-0.866025,0.5,0.0,1.0,False,False,EVENING,3.0,6.0,16.0,53.0,87.0,240.0,1.35,0.21,0.1574,6.739,9.632,88.63,9.23,88.629,92.282,11.37,0.77,10.26,23.29,91.553,87.073,7.58,5.29,14.13,2.32,47.668,5.17,100.0,45.018,False,,3.2,73.544,-1.0099999999999998,-2.06,-0.43999999999999995,0.912,3.41,-3.0,0.65,1.63,7.0,0.0,88.958,87.209,97.567,92.534,45.778,100.0,35.583,20.0,0.0,84.345,84.943,100.0,100.0,45.232,86.267,33.738,1.68,3.32,81.402,82.169,1.51,MODERATE
83,2026-06-01 20:45:00+00:00,20,0,-0.866025,0.5,0.0,1.0,False,False,EVENING,1.0,4.0,14.0,50.0,85.0,241.0,0.0,0.12,0.1216,3.949,6.923,88.04,9.07,88.044,90.7,11.96,0.93,10.26,23.29,90.329,85.909,7.57,5.23,14.21,2.3,47.387,4.85,97.408,36.28,False,,0.0,71.69,-1.35,-2.36,-0.56,0.912,3.41,-4.0,0.33,1.212,6.0,0.0,88.432,86.543,88.789,84.444,45.986,100.0,35.373,20.0,2.93,85.828,85.714,100.0,100.0,45.957,100.0,51.917,3.36,4.312,81.423,81.929,1.35,MODERATE
84,2026-06-01 21:00:00+00:00,21,0,-0.707107,0.707107,0.0,1.0,False,False,EVENING,3.0,4.0,10.0,49.0,84.0,244.0,0.0,0.0,0.0,5.04,6.936,87.66,8.98,87.663,89.769,12.34,1.02,10.26,23.29,89.938,85.537,7.35,5.17,14.48,2.25,46.359,4.85,100.0,35.907,False,,0.0,71.469,0.0,-1.35,-3.41,0.912,3.41,-9.0,-0.32,1.212,12.0,0.0,87.433,86.219,100.0,100.0,45.706,100.0,34.973,13.0,0.05,87.128,86.52,100.0,100.0,45.813,100.0,35.129,1.68,4.001,81.292,81.362,1.03,MODERATE
85,2026-06-01 21:15:00+00:00,21,0,-0.707107,0.707107,0.0,1.0,False,False,EVENING,3.0,6.0,10.0,45.0,85.0,247.0,0.0,0.0,0.0,5.04,6.082,87.41,8.97,87.414,89.651,12.59,1.03,10.26,23.29,89.683,85.294,7.43,5.12,14.44,2.26,46.505,4.85,100.0,35.86,False,,0.0,71.344,0.0,0.0,-2.36,0.912,3.41,-8.0,-0.32,1.212,12.0,0.0,85.803,85.747,100.0,100.0,46.059,89.458,34.321,13.0,0.0,85.813,85.738,100.0,100.0,46.38,89.492,34.325,3.36,3.304,81.506,81.354,0.87,MODERATE
86,2026-06-01 21:30:00+00:00,21,0,-0.707107,0.707107,0.0,1.0,False,False,EVENING,2.0,5.0,9.0,44.0,85.0,249.0,0.0,0.0,0.0,3.36,4.455,87.21,8.9,87.209,88.958,12.79,1.1,9.41,21.42,97.567,92.534,7.28,5.08,14.64,2.22,45.778,4.69,100.0,35.583,False,,0.0,72.91,0.0,0.0,-1.35,0.912,3.41,-7.0,-0.48,1.172,12.0,0.0,84.345,84.943,100.0,100.0,45.232,86.267,33.738,16.0,0.0,86.251,85.945,100.0,100.0,44.961,100.0,34.5,5.04,3.684,82.695,81.575,0.87,MODERATE
87,2026-06-01 21:45:00+00:00,21,0,-0.707107,0.707107,0.0,1.0,False,False,EVENING,2.0,4.0,10.0,42.0,85.0,251.0,0.0,0.0,0.0,3.36,6.238,86.54,8.84,86.543,88.432,13.46,1.16,10.26,23.29,88.789,84.444,7.38,5.03,14.58,2.23,45.986,4.53,100.0,35.373,False,,0.0,70.653,0.0,0.0,0.0,0.912,3.41,-4.0,-0.32,1.132,15.0,2.93,85.828,85.714,100.0,100.0,45.957,100.0,51.917,13.0,0.0,84.517,85.14,100.0,100.0,44.713,87.908,33.807,1.68,3.21,81.594,81.302,0.55,MODERATE
88,2026-06-01 22:00:00+00:00,22,0,-0.5,0.866025,0.0,1.0,False,False,NIGHT,2.0,4.0,9.0,38.0,81.0,253.0,0.0,0.0,0.0,3.36,5.053,86.22,8.74,86.219,87.433,13.78,1.26,6.27,17.99,100.0,100.0,7.35,4.99,14.66,2.22,45.706,4.37,100.0,34.973,False,,0.0,73.568,0.0,0.0,0.0,0.912,3.41,-1.0,-0.48,1.092,8.0,0.05,87.128,86.52,100.0,100.0,45.813,100.0,35.129,14.0,0.0,84.986,84.715,100.0,100.0,45.383,100.0,33.995,0.0,3.407,81.586,80.451,0.07,MODERATE
89,2026-06-01 22:15:00+00:00,22,0,-0.5,0.866025,0.0,1.0,False,False,NIGHT,1.0,3.0,7.0,35.0,80.0,254.0,0.0,0.0,0.0,1.68,4.223,85.75,8.58,85.747,85.803,14.25,1.42,5.92,17.23,100.0,100.0,7.5,4.94,14.56,2.24,46.059,4.05,89.458,34.321,False,,0.0,72.221,0.0,0.0,0.0,0.781,3.41,-3.0,-0.8,1.012,8.0,0.0,85.813,85.738,100.0,100.0,46.38,89.492,34.325,12.0,0.0,84.321,83.692,100.0,100.0,46.341,83.125,33.729,6.72,0.573,82.315,81.915,0.23,MODERATE
90,2026-06-01 22:30:00+00:00,22,0,-0.5,0.866025,0.0,1.0,False,False,NIGHT,1.0,2.0,6.0,31.0,76.0,255.0,0.0,0.0,0.0,1.68,5.478,84.94,8.43,84.943,84.345,15.06,1.57,6.27,17.99,100.0,100.0,7.34,4.88,14.79,2.2,45.232,3.73,86.267,33.738,False,,0.0,71.391,0.0,0.0,0.0,0.757,3.41,-3.0,-0.96,0.932,8.0,0.0,86.251,85.945,100.0,100.0,44.961,100.0,34.5,14.0,0.0,83.134,83.374,100.0,100.0,44.902,79.933,33.253,6.72,2.625,84.136,82.757,0.39,MODERATE
91,2026-06-01 22:45:00+00:00,22,0,-0.5,0.866025,0.0,1.0,False,False,NIGHT,8.0,9.0,12.0,36.0,83.0,263.0,2.93,0.0,0.0,8.516,4.837,85.71,8.58,85.714,85.828,14.29,1.42,4.58,14.27,100.0,100.0,7.46,4.95,14.59,2.23,45.957,4.53,100.0,51.917,False,,5.5,75.034,2.93,2.93,2.93,0.94,3.41,2.0,0.0,1.865,5.0,0.0,84.517,85.14,100.0,100.0,44.713,87.908,33.807,14.0,0.0,81.257,82.774,100.0,100.0,44.113,76.742,32.503,1.68,4.857,84.066,81.97,0.07,MODERATE
92,2026-06-01 23:00:00+00:00,23,0,-0.258819,0.965926,0.0,1.0,False,False,NIGHT,2.0,10.0,12.0,31.0,82.0,265.0,0.05,0.26,0.2638,8.206,4.466,86.52,8.71,86.52,87.128,13.48,1.29,6.08,17.58,100.0,100.0,7.45,4.92,14.63,2.23,45.813,4.37,100.0,35.129,False,,0.1,73.615,-2.8800000000000003,0.05,0.05,0.848,3.41,3.0,0.0,1.105,5.0,0.0,84.986,84.715,100.0,100.0,45.383,100.0,33.995,15.0,0.0,81.457,82.753,100.0,100.0,44.824,100.0,32.583,3.36,3.227,83.361,82.073,0.0,MODERATE
93,2026-06-01 23:15:00+00:00,23,0,-0.258819,0.965926,0.0,1.0,False,False,NIGHT,1.0,3.0,12.0,29.0,80.0,266.0,0.0,0.0,0.0042,1.758,5.412,85.74,8.58,85.738,85.813,14.26,1.42,4.77,14.69,100.0,100.0,7.64,4.88,14.48,2.25,46.38,4.06,89.492,34.325,False,,0.0,72.253,-0.05,-2.93,0.0,0.778,3.41,5.0,0.01,1.015,5.0,0.0,84.321,83.692,100.0,100.0,46.341,83.125,33.729,14.0,0.0,83.118,83.482,100.0,100.0,45.065,100.0,33.247,1.68,2.701,82.681,81.886,0.0,MODERATE
94,2026-06-01 23:30:00+00:00,23,0,-0.258819,0.965926,0.0,1.0,False,False,NIGHT,4.0,5.0,15.0,30.0,83.0,270.0,0.0,0.0,0.0,6.72,5.717,85.94,8.63,85.945,86.251,14.06,1.37,6.03,17.46,100.0,100.0,7.29,4.85,14.86,2.19,44.961,4.22,100.0,34.5,False,,0.0,73.205,0.0,-0.05,0.0,0.666,3.41,9.0,0.49,1.055,8.0,0.0,83.134,83.374,100.0,100.0,44.902,79.933,33.253,12.0,0.0,82.215,82.93,100.0,100.0,43.429,73.567,32.886,3.36,2.893,82.083,82.063,0.0,MODERATE
95,2026-06-01 23:45:00+00:00,23,0,-0.258819,0.965926,0.0,1.0,False,False,NIGHT,1.0,5.0,8.0,30.0,80.0,271.0,0.0,0.0,0.0,1.68,5.591,85.14,8.45,85.14,84.517,14.86,1.55,6.27,17.99,100.0,100.0,7.26,4.81,14.93,2.17,44.713,3.9,87.908,33.807,False,,0.0,71.57,0.0,0.0,-2.93,0.631,3.41,-4.0,-0.63,0.975,8.0,0.0,81.257,82.774,100.0,100.0,44.113,76.742,32.503,14.0,0.0,82.79,82.81,100.0,100.0,43.546,97.575,33.116,3.36,3.733,81.917,81.986,0.0,MODERATE
96,2026-06-02 00:00:00+00:00,0,1,0.0,1.0,0.781831,0.62349,False,False,NIGHT,2.0,3.0,8.0,29.0,78.0,272.0,0.0,0.0,0.0,3.36,4.872,84.72,8.5,84.715,84.986,15.28,1.5,6.19,17.82,100.0,100.0,7.47,4.78,14.75,2.21,45.383,3.74,100.0,33.995,False,,0.0,72.719,0.0,0.0,-0.05,0.418,2.93,-4.0,-0.63,0.935,9.0,0.0,81.457,82.753,100.0,100.0,44.824,100.0,32.583,13.0,0.0,81.558,82.187,100.0,100.0,42.005,41.583,32.623,9.65,4.096,83.546,83.212,0.48,MODERATE
97,2026-06-02 00:15:00+00:00,0,1,0.0,1.0,0.781831,0.62349,False,False,NIGHT,1.0,3.0,8.0,27.0,72.0,272.0,0.0,0.0,0.0,1.68,6.037,83.69,8.43,83.692,84.321,16.31,1.57,5.39,16.05,100.0,100.0,7.76,4.76,14.49,2.25,46.341,3.42,83.125,33.729,False,,0.0,70.928,0.0,0.0,0.0,0.271,2.93,-4.0,-0.64,0.855,7.0,0.0,83.118,83.482,100.0,100.0,45.065,100.0,33.247,13.0,0.0,82.123,82.507,100.0,100.0,38.632,100.0,32.849,2.11,4.085,81.907,82.882,0.16,MODERATE
98,2026-06-02 00:30:00+00:00,0,1,0.0,1.0,0.781831,0.62349,False,False,NIGHT,1.0,2.0,5.0,26.0,70.0,272.0,0.0,0.0,0.0,1.68,3.428,83.37,8.31,83.374,83.134,16.63,1.69,6.27,17.99,100.0,100.0,7.4,4.72,14.88,2.18,44.902,3.1,79.933,33.253,False,,0.0,70.204,0.0,0.0,0.0,0.186,2.93,-10.0,-1.12,0.775,6.0,0.0,82.215,82.93,100.0,100.0,43.429,73.567,32.886,14.0,0.0,81.402,82.169,100.0,100.0,40.352,64.0,32.561,0.0,4.998,81.374,81.685,0.0,MODERATE
99,2026-06-02 00:45:00+00:00,0,1,0.0,1.0,0.781831,0.62349,False,False,NIGHT,1.0,2.0,5.0,25.0,67.0,272.0,0.0,0.0,0.0,1.68,4.832,82.77,8.13,82.774,81.257,17.23,1.87,6.27,17.99,100.0,100.0,7.24,4.67,15.09,2.14,44.113,2.78,76.742,32.503,False,,0.0,69.339,0.0,0.0,0.0,0.186,2.93,-3.0,-1.12,0.695,6.0,0.0,82.79,82.81,100.0,100.0,43.546,97.575,33.116,17.0,0.0,81.423,81.929,100.0,100.0,39.765,88.008,32.569,3.36,3.639,81.661,81.587,0.0,NORMAL
100,2026-06-02 01:00:00+00:00,1,1,0.258819,0.965926,0.781831,0.62349,False,False,NIGHT,2.0,3.0,5.0,25.0,63.0,272.0,0.0,0.0,0.0,3.36,3.365,82.75,8.15,82.753,81.457,17.25,1.85,6.27,17.99,100.0,100.0,7.47,4.63,14.9,2.18,44.824,2.62,100.0,32.583,False,,0.0,71.531,0.0,0.0,0.0,0.186,2.93,-3.0,-1.12,0.655,6.0,0.0,81.558,82.187,100.0,100.0,42.005,41.583,32.623,16.0,0.0,81.292,81.362,100.0,100.0,40.71,59.217,32.517,5.04,2.884,82.912,82.001,0.0,MODERATE
101,2026-06-02 01:15:00+00:00,1,1,0.258819,0.965926,0.781831,0.62349,False,False,NIGHT,4.0,6.0,8.0,28.0,63.0,275.0,0.0,0.0,0.0,6.72,3.139,83.48,8.31,83.482,83.118,16.52,1.69,4.49,14.08,100.0,100.0,7.55,4.62,14.83,2.19,45.065,2.78,100.0,33.247,False,,0.0,72.045,0.0,0.0,0.0,0.186,2.93,0.0,-0.64,0.695,7.0,0.0,82.123,82.507,100.0,100.0,38.632,100.0,32.849,17.0,0.0,81.506,81.354,100.0,100.0,40.916,83.225,32.602,3.36,1.914,82.448,82.409,0.0,MODERATE
102,2026-06-02 01:30:00+00:00,1,1,0.258819,0.965926,0.781831,0.62349,False,False,NIGHT,1.0,5.0,8.0,28.0,59.0,274.0,0.0,0.0,0.0,1.68,4.249,82.93,8.22,82.93,82.215,17.07,1.78,6.27,17.99,100.0,100.0,7.13,4.6,15.27,2.11,43.429,2.46,73.567,32.886,False,,0.0,69.217,0.0,0.0,0.0,0.186,2.93,3.0,-0.64,0.615,6.0,0.0,81.402,82.169,100.0,100.0,40.352,64.0,32.561,16.0,0.0,82.695,81.575,100.0,100.0,43.526,100.0,33.078,0.0,3.552,81.976,81.568,0.0,NORMAL
103,2026-06-02 01:45:00+00:00,1,1,0.258819,0.965926,0.781831,0.62349,False,False,NIGHT,2.0,3.0,9.0,22.0,58.0,276.0,0.0,0.0,0.0,3.36,3.608,82.81,8.28,82.81,82.79,17.19,1.72,5.83,17.03,100.0,100.0,7.17,4.59,15.24,2.12,43.546,2.3,97.575,33.116,False,,0.0,71.477,0.0,0.0,0.0,0.186,2.93,4.0,-0.48,0.575,8.0,0.0,81.423,81.929,100.0,100.0,39.765,88.008,32.569,15.0,0.0,81.594,81.302,100.0,100.0,42.717,54.442,32.638,3.36,3.122,82.832,81.542,0.0,MODERATE
104,2026-06-02 02:00:00+00:00,2,1,0.5,0.866025,0.781831,0.62349,False,False,NIGHT,0.0,2.0,7.0,20.0,51.0,275.0,0.0,0.0,0.0,0.0,2.988,82.19,8.16,82.187,81.558,17.81,1.84,5.68,16.7,100.0,100.0,6.77,4.57,15.66,2.04,42.005,1.82,41.583,32.623,False,,0.0,65.916,0.0,0.0,0.0,0.186,2.93,2.0,-0.8,0.455,7.0,0.0,81.292,81.362,100.0,100.0,40.71,59.217,32.517,16.0,0.0,81.586,80.451,100.0,100.0,42.072,24.05,32.634,6.72,1.232,84.985,82.699,0.16,NORMAL
105,2026-06-02 02:15:00+00:00,2,1,0.5,0.866025,0.781831,0.62349,False,False,NIGHT,3.0,3.0,6.0,22.0,51.0,277.0,0.0,0.0,0.0,5.04,3.534,82.51,8.21,82.507,82.123,17.49,1.79,3.3,11.46,100.0,100.0,5.87,4.56,16.57,1.88,38.632,1.83,100.0,32.849,False,,0.0,71.053,0.0,0.0,0.0,0.186,2.93,-2.0,-0.95,0.458,6.0,0.0,81.506,81.354,100.0,100.0,40.916,83.225,32.602,22.0,0.0,82.315,81.915,100.0,100.0,43.101,100.0,32.926,5.04,4.39,85.325,82.827,0.16,MODERATE
106,2026-06-02 02:30:00+00:00,2,1,0.5,0.866025,0.781831,0.62349,False,False,NIGHT,1.0,4.0,6.0,19.0,49.0,276.0,0.0,0.0,0.0,1.68,3.32,82.17,8.14,82.169,81.402,17.83,1.86,5.28,15.82,100.0,100.0,6.35,4.54,16.1,1.96,40.352,1.51,64.0,32.561,False,,0.0,67.749,0.0,0.0,0.0,0.186,2.93,-2.0,-0.95,0.378,8.0,0.0,82.695,81.575,100.0,100.0,43.526,100.0,33.078,19.0,0.0,84.136,82.757,100.0,100.0,43.341,100.0,33.655,1.68,3.297,84.791,82.476,0.0,NORMAL
107,2026-06-02 02:45:00+00:00,2,1,0.5,0.866025,0.781831,0.62349,False,False,NIGHT,2.0,3.0,6.0,20.0,50.0,277.0,0.0,0.0,0.0,3.36,4.312,81.93,8.14,81.929,81.423,18.07,1.86,5.25,15.76,100.0,100.0,6.21,4.53,16.26,1.93,39.765,1.35,88.008,32.569,False,,0.0,69.809,0.0,0.0,0.0,0.003,0.05,-3.0,-0.95,0.338,9.0,0.0,81.594,81.302,100.0,100.0,42.717,54.442,32.638,15.0,0.0,84.066,81.97,100.0,100.0,42.93,49.675,33.626,3.36,3.318,85.255,82.44,0.0,NORMAL
108,2026-06-02 03:00:00+00:00,3,1,0.707107,0.707107,0.781831,0.62349,False,False,NIGHT,1.0,3.0,7.0,19.0,48.0,278.0,0.0,0.0,0.0,1.68,4.001,81.36,8.13,81.362,81.292,18.64,1.87,6.05,17.51,100.0,100.0,6.47,4.52,16.01,1.98,40.71,1.03,59.217,32.517,False,,0.0,67.151,0.0,0.0,0.0,0.0,0.0,0.0,-0.79,0.258,9.0,0.0,81.586,80.451,100.0,100.0,42.072,24.05,32.634,16.0,0.0,83.361,82.073,100.0,100.0,43.737,74.533,33.344,8.4,3.042,86.839,83.621,0.32,NORMAL
109,2026-06-02 03:15:00+00:00,3,1,0.707107,0.707107,0.781831,0.62349,False,False,NIGHT,2.0,3.0,6.0,20.0,47.0,277.0,0.0,0.0,0.0,3.36,3.304,81.35,8.15,81.354,81.506,18.65,1.85,4.39,13.86,100.0,100.0,6.54,4.51,15.95,1.99,40.916,0.87,83.225,32.602,False,,0.0,69.372,0.0,0.0,0.0,0.0,0.0,0.0,-0.96,0.218,11.0,0.0,82.315,81.915,100.0,100.0,43.101,100.0,32.926,17.0,0.0,82.681,81.886,100.0,100.0,43.311,48.933,33.072,8.963,4.946,88.188,84.491,0.8,NORMAL
110,2026-06-02 03:30:00+00:00,3,1,0.707107,0.707107,0.781831,0.62349,False,False,NIGHT,3.0,5.0,8.0,22.0,48.0,280.0,0.0,0.0,0.0,5.04,3.684,81.57,8.27,81.575,82.695,18.43,1.73,6.27,17.99,100.0,100.0,7.23,4.52,15.25,2.12,43.526,0.87,100.0,33.078,False,,0.0,71.403,0.0,0.0,0.0,0.0,0.0,2.0,-0.64,0.218,8.0,0.0,84.136,82.757,100.0,100.0,43.341,100.0,33.655,18.0,0.0,82.083,82.063,100.0,100.0,42.849,74.533,32.833,8.619,4.342,89.507,85.428,1.12,MODERATE
111,2026-06-02 03:45:00+00:00,3,1,0.707107,0.707107,0.781831,0.62349,False,False,NIGHT,1.0,4.0,7.0,22.0,47.0,280.0,0.0,0.0,0.0,1.68,3.21,81.3,8.16,81.302,81.594,18.7,1.84,6.27,17.99,100.0,100.0,7.02,4.51,15.47,2.08,42.717,0.55,54.442,32.638,False,,0.0,66.95,0.0,0.0,0.0,0.0,0.0,1.0,-0.8,0.138,6.0,0.0,84.066,81.97,100.0,100.0,42.93,49.675,33.626,16.0,0.0,81.917,81.986,100.0,100.0,43.849,74.533,32.767,7.619,3.891,89.671,86.343,1.28,NORMAL
112,2026-06-02 04:00:00+00:00,4,1,0.866025,0.5,0.781831,0.62349,False,False,NIGHT,0.0,1.0,6.0,20.0,45.0,277.0,0.0,0.0,0.0,0.0,3.407,80.45,8.16,80.451,81.586,19.55,1.84,5.94,17.27,100.0,100.0,6.85,4.51,15.64,2.04,42.072,0.07,24.05,32.634,False,,0.0,63.967,0.0,0.0,0.0,0.0,0.0,-1.0,-0.96,0.018,7.0,0.0,83.361,82.073,100.0,100.0,43.737,74.533,33.344,16.0,0.26,83.546,83.212,73.277,69.081,45.181,100.0,34.955,3.36,6.12,88.045,85.816,1.12,NORMAL
113,2026-06-02 04:15:00+00:00,4,1,0.866025,0.5,0.781831,0.62349,False,False,NIGHT,4.0,4.0,8.0,20.0,48.0,279.0,0.0,0.0,0.0,6.72,0.573,81.92,8.23,81.915,82.315,18.08,1.77,6.27,17.99,100.0,100.0,7.13,4.51,15.36,2.09,43.101,0.23,100.0,32.926,False,,0.0,71.363,0.0,0.0,0.0,0.0,0.0,2.0,-0.64,0.058,11.0,0.0,82.681,81.886,100.0,100.0,43.311,48.933,33.072,14.0,0.0,81.907,82.882,72.885,68.712,45.405,50.55,32.763,8.131,6.344,89.301,86.137,1.44,MODERATE
114,2026-06-02 04:30:00+00:00,4,1,0.866025,0.5,0.781831,0.62349,False,False,NIGHT,4.0,8.0,9.0,23.0,51.0,283.0,0.0,0.0,0.0,6.72,2.625,82.76,8.41,82.757,84.136,17.24,1.59,6.27,17.99,100.0,100.0,7.17,4.53,15.3,2.11,43.341,0.39,100.0,33.655,False,,0.0,71.934,0.0,0.0,0.0,0.0,0.0,1.0,-0.48,0.098,11.0,0.0,82.083,82.063,100.0,100.0,42.849,74.533,32.833,16.0,0.0,81.374,81.685,71.94,67.817,46.842,23.333,32.55,1.949,5.969,87.637,85.298,1.13,MODERATE
115,2026-06-02 04:45:00+00:00,4,1,0.866025,0.5,0.781831,0.62349,False,False,NIGHT,1.0,5.0,9.0,22.0,44.0,283.0,0.0,0.0,0.0,1.68,4.857,81.97,8.41,81.97,84.066,18.03,1.59,5.76,16.87,100.0,100.0,7.04,4.55,15.41,2.09,42.93,0.07,49.675,33.626,False,,0.0,67.181,0.0,0.0,0.0,0.0,0.0,2.0,-0.48,0.018,9.0,0.0,81.917,81.986,100.0,100.0,43.849,74.533,32.767,17.0,0.0,81.661,81.587,71.747,67.639,47.174,74.533,32.664,8.329,6.028,89.28,85.709,1.77,NORMAL
116,2026-06-02 05:00:00+00:00,5,1,0.965926,0.258819,0.781831,0.62349,False,False,NIGHT,2.0,3.0,11.0,24.0,44.0,282.0,0.0,0.0,0.0,3.36,3.227,82.07,8.34,82.073,83.361,17.93,1.66,3.91,12.8,100.0,100.0,7.25,4.56,15.19,2.13,43.737,0.0,74.533,33.344,False,,0.0,69.373,0.0,0.0,0.0,0.0,0.0,5.0,-0.07,0.0,9.0,0.26,83.546,83.212,73.277,69.081,45.181,100.0,34.955,17.0,0.0,82.912,82.001,76.175,71.654,45.59,100.0,33.165,8.15,4.805,89.848,86.489,2.41,NORMAL
117,2026-06-02 05:15:00+00:00,5,1,0.965926,0.258819,0.781831,0.62349,False,False,NIGHT,1.0,3.0,8.0,22.0,44.0,278.0,0.0,0.0,0.0,1.68,2.701,81.89,8.27,81.886,82.681,18.11,1.73,6.27,17.99,100.0,100.0,7.14,4.56,15.31,2.1,43.311,0.0,48.933,33.072,False,,0.0,66.853,0.0,0.0,0.0,0.0,0.0,0.0,-0.23,0.0,6.0,0.0,81.907,82.882,72.885,68.712,45.405,50.55,32.763,19.0,0.0,82.448,82.409,97.352,90.553,46.709,74.533,32.979,7.852,6.224,90.15,86.866,2.41,NORMAL
118,2026-06-02 05:30:00+00:00,5,1,0.965926,0.258819,0.781831,0.62349,False,False,NIGHT,2.0,3.0,6.0,23.0,42.0,278.0,0.0,0.0,0.0,3.36,2.893,82.06,8.21,82.063,82.083,17.94,1.79,4.85,14.88,100.0,100.0,7.02,4.55,15.43,2.08,42.849,0.0,74.533,32.833,False,,0.0,69.035,0.0,0.0,0.0,0.0,0.0,-3.0,-0.39,0.0,7.0,0.0,81.374,81.685,71.94,67.817,46.842,23.333,32.55,23.0,0.0,81.976,81.568,84.177,78.818,46.483,23.333,32.79,7.708,5.466,91.172,87.324,2.41,NORMAL
119,2026-06-02 05:45:00+00:00,5,1,0.965926,0.258819,0.781831,0.62349,False,False,NIGHT,2.0,4.0,7.0,23.0,43.0,279.0,0.0,0.0,0.0,3.36,3.733,81.99,8.19,81.986,81.917,18.01,1.81,4.71,14.56,100.0,100.0,7.3,4.54,15.16,2.13,43.849,0.0,74.533,32.767,False,,0.0,69.075,0.0,0.0,0.0,0.0,0.0,-2.0,-0.07,0.0,7.0,0.0,81.661,81.587,71.747,67.639,47.174,74.533,32.664,28.0,0.0,82.832,81.542,78.848,74.043,47.295,74.533,33.133,6.601,5.639,91.301,87.552,2.41,NORMAL
120,2026-06-02 06:00:00+00:00,6,1,1.0,0.0,0.781831,0.62349,False,False,MORNING,6.0,8.0,11.0,28.0,47.0,281.0,0.26,0.0,0.0,9.65,4.096,83.21,8.35,83.212,83.546,16.79,1.65,11.97,27.41,73.277,69.081,7.64,4.56,14.8,2.2,45.181,0.48,100.0,34.955,False,,0.4,65.331,0.26,0.26,0.26,0.016,0.26,0.0,0.48,0.185,7.0,0.0,82.912,82.001,76.175,71.654,45.59,100.0,33.165,30.0,0.0,84.985,82.699,78.593,73.858,46.187,100.0,33.994,6.72,5.897,91.15,87.773,2.57,NORMAL
121,2026-06-02 06:15:00+00:00,6,1,1.0,0.0,0.781831,0.62349,False,False,MORNING,1.0,7.0,11.0,27.0,47.0,282.0,0.0,0.02,0.023,2.11,4.085,82.88,8.19,82.882,81.907,17.12,1.81,11.97,27.41,72.885,68.712,7.71,4.55,14.74,2.21,45.405,0.16,50.55,32.763,False,,0.0,60.243,-0.26,0.0,0.0,0.016,0.26,3.0,0.16,0.04,8.0,0.0,82.448,82.409,97.352,90.553,46.709,74.533,32.979,28.0,0.0,85.325,82.827,76.113,71.628,45.867,100.0,34.13,6.72,6.291,90.77,87.918,2.73,NORMAL
122,2026-06-02 06:30:00+00:00,6,1,1.0,0.0,0.781831,0.62349,False,False,MORNING,0.0,1.0,9.0,24.0,46.0,281.0,0.0,0.0,0.0,0.0,4.998,81.69,8.14,81.685,81.374,18.31,1.86,11.95,27.37,71.94,67.817,8.11,4.53,14.35,2.28,46.842,0.0,23.333,32.55,False,,0.0,57.332,0.0,-0.26,0.0,0.016,0.26,3.0,0.0,0.0,9.0,0.0,81.976,81.568,84.177,78.818,46.483,23.333,32.79,30.0,0.0,84.791,82.476,72.529,68.376,44.446,48.933,33.916,7.309,5.371,90.713,88.408,3.05,NORMAL
123,2026-06-02 06:45:00+00:00,6,1,1.0,0.0,0.781831,0.62349,False,False,MORNING,2.0,2.0,9.0,25.0,47.0,280.0,0.0,0.0,0.0,3.36,3.639,81.59,8.17,81.587,81.661,18.41,1.83,11.97,27.41,71.747,67.639,8.21,4.53,14.26,2.29,47.174,0.0,74.533,32.664,False,,0.0,61.961,0.0,0.0,0.0,0.016,0.26,2.0,0.0,0.0,10.0,0.0,82.832,81.542,78.848,74.043,47.295,74.533,33.133,30.0,0.0,85.255,82.44,72.497,68.346,44.127,74.533,34.102,6.131,6.989,91.108,88.154,3.05,NORMAL
124,2026-06-02 07:00:00+00:00,7,1,0.965926,-0.258819,0.781831,0.62349,False,False,MORNING,3.0,5.0,6.0,28.0,48.0,279.0,0.0,0.0,0.0,5.04,2.884,82.0,8.29,82.001,82.912,18.0,1.71,11.33,26.01,76.175,71.654,7.78,4.53,14.69,2.22,45.59,0.0,100.0,33.165,False,,0.0,65.465,0.0,0.0,-0.26,0.016,0.26,-5.0,-0.48,0.0,10.0,0.0,84.985,82.699,78.593,73.858,46.187,100.0,33.994,35.0,0.0,86.839,83.621,73.536,69.325,45.63,100.0,34.736,7.216,6.483,90.986,88.349,3.37,NORMAL
125,2026-06-02 07:15:00+00:00,7,1,0.965926,-0.258819,0.781831,0.62349,False,False,MORNING,2.0,5.0,7.0,26.0,46.0,278.0,0.0,0.0,0.0,3.36,1.914,82.41,8.24,82.409,82.448,17.59,1.76,8.91,20.68,97.352,90.553,8.08,4.53,14.39,2.27,46.709,0.0,74.533,32.979,False,,0.0,68.08,0.0,0.0,0.0,0.016,0.26,-4.0,-0.16,0.0,11.0,0.0,85.325,82.827,76.113,71.628,45.867,100.0,34.13,37.0,0.67,88.188,84.491,74.564,70.294,48.415,100.0,39.266,4.544,8.009,90.017,87.58,3.22,NORMAL
126,2026-06-02 07:30:00+00:00,7,1,0.965926,-0.258819,0.781831,0.62349,False,False,MORNING,0.0,2.0,7.0,22.0,45.0,273.0,0.0,0.0,0.0,0.0,3.552,81.57,8.2,81.568,81.976,18.43,1.8,10.2,23.52,84.177,78.818,8.02,4.53,14.45,2.26,46.483,0.0,23.333,32.79,False,,0.0,60.183,0.0,0.0,0.0,0.016,0.26,-2.0,0.0,0.0,14.0,0.0,84.791,82.476,72.529,68.376,44.446,48.933,33.916,34.0,0.53,89.507,85.428,76.896,72.434,48.151,100.0,39.013,7.446,6.346,90.806,87.776,3.54,NORMAL
127,2026-06-02 07:45:00+00:00,7,1,0.965926,-0.258819,0.781831,0.62349,False,False,MORNING,2.0,2.0,7.0,23.0,45.0,273.0,0.0,0.0,0.0,3.36,3.122,81.54,8.28,81.542,82.832,18.46,1.72,10.89,25.03,78.848,74.043,8.24,4.53,14.23,2.3,47.295,0.0,74.533,33.133,False,,0.0,63.817,0.0,0.0,0.0,0.016,0.26,-2.0,0.0,0.0,18.0,0.0,85.255,82.44,72.497,68.346,44.127,74.533,34.102,32.0,0.0,89.671,86.343,82.484,77.497,48.951,100.0,35.868,4.314,5.764,89.753,87.519,3.38,NORMAL
128,2026-06-02 08:00:00+00:00,8,1,0.866025,-0.5,0.781831,0.62349,False,False,MORNING,4.0,6.0,8.0,25.0,49.0,274.0,0.0,0.0,0.0,6.72,1.232,82.7,8.5,82.699,84.985,17.3,1.5,11.08,25.45,78.593,73.858,7.91,4.56,14.53,2.24,46.187,0.16,100.0,33.994,False,,0.0,66.642,0.0,0.0,0.0,0.016,0.26,2.0,0.16,0.04,20.0,0.0,86.839,83.621,73.536,69.325,45.63,100.0,34.736,31.0,0.0,88.045,85.816,85.561,80.239,48.47,85.775,35.218,1.68,5.391,87.29,86.837,3.06,NORMAL
129,2026-06-02 08:15:00+00:00,8,1,0.866025,-0.5,0.781831,0.62349,False,False,MORNING,3.0,7.0,9.0,27.0,49.0,275.0,0.0,0.0,0.0,5.04,4.39,82.83,8.53,82.827,85.325,17.17,1.47,11.45,26.28,76.113,71.628,7.8,4.59,14.62,2.23,45.867,0.16,100.0,34.13,False,,0.0,66.144,0.0,0.0,0.0,0.016,0.26,2.0,0.16,0.04,17.0,0.67,88.188,84.491,74.564,70.294,48.415,100.0,39.266,33.0,0.16,89.301,86.137,85.92,80.577,48.836,100.0,36.68,3.36,6.633,87.614,85.987,2.9,NORMAL
130,2026-06-02 08:30:00+00:00,8,1,0.866025,-0.5,0.781831,0.62349,False,False,MORNING,1.0,4.0,10.0,26.0,49.0,272.0,0.0,0.0,0.0,1.68,3.297,82.48,8.48,82.476,84.791,17.52,1.52,11.97,27.41,72.529,68.376,7.4,4.6,15.0,2.16,44.446,0.0,48.933,33.916,False,,0.0,60.416,0.0,0.0,0.0,0.016,0.26,3.0,0.0,0.0,16.0,0.53,89.507,85.428,76.896,72.434,48.151,100.0,39.013,32.0,0.0,87.637,85.298,75.011,70.716,47.739,60.192,35.055,3.36,4.859,86.112,85.762,2.74,NORMAL
131,2026-06-02 08:45:00+00:00,8,1,0.866025,-0.5,0.781831,0.62349,False,False,MORNING,2.0,3.0,10.0,26.0,49.0,271.0,0.0,0.0,0.0,3.36,3.318,82.44,8.53,82.44,85.255,17.56,1.47,11.97,27.41,72.497,68.346,7.29,4.62,15.09,2.14,44.127,0.0,74.533,34.102,False,,0.0,62.768,0.0,0.0,0.0,0.016,0.26,3.0,0.0,0.0,12.0,0.0,89.671,86.343,82.484,77.497,48.951,100.0,35.868,36.0,2.04,89.28,85.709,76.18,71.818,51.022,100.0,47.964,5.04,6.19,86.223,85.464,2.74,NORMAL
132,2026-06-02 09:00:00+00:00,9,1,0.707107,-0.707107,0.781831,0.62349,False,False,MORNING,5.0,7.0,11.0,25.0,53.0,270.0,0.0,0.0,0.0,8.4,3.042,83.62,8.68,83.621,86.839,16.38,1.32,11.97,27.41,73.536,69.325,7.67,4.65,14.68,2.22,45.63,0.32,100.0,34.736,False,,0.0,66.014,0.0,0.0,0.0,0.016,0.26,3.0,0.16,0.08,15.0,0.0,88.045,85.816,85.561,80.239,48.47,85.775,35.218,32.0,4.19,89.848,86.489,79.559,74.933,49.593,100.0,61.084,5.04,4.586,86.959,85.504,2.74,NORMAL
133,2026-06-02 09:15:00+00:00,9,1,0.707107,-0.707107,0.781831,0.62349,False,False,MORNING,6.0,11.0,14.0,30.0,57.0,271.0,0.67,0.0,0.0,8.963,4.946,84.49,8.82,84.491,88.188,15.51,1.18,11.97,27.41,74.564,70.294,8.36,4.72,13.93,2.35,48.415,0.8,100.0,39.266,False,,1.2,67.395,0.67,0.67,0.67,0.058,0.67,5.0,0.64,0.368,20.0,0.16,89.301,86.137,85.92,80.577,48.836,100.0,36.68,30.0,2.52,90.15,86.866,77.385,72.954,48.584,100.0,51.162,8.265,4.22,87.46,86.465,3.06,NORMAL
134,2026-06-02 09:30:00+00:00,9,1,0.707107,-0.707107,0.781831,0.62349,False,False,MORNING,5.0,11.0,18.0,35.0,59.0,273.0,0.53,0.06,0.0599,8.619,4.342,85.43,8.95,85.428,89.507,14.57,1.05,11.73,26.88,76.896,72.434,8.22,4.78,14.0,2.34,48.151,1.12,100.0,39.013,False,,1.0,68.288,-0.14,0.53,0.53,0.091,0.67,8.0,1.12,0.413,18.0,0.0,87.637,85.298,75.011,70.716,47.739,60.192,35.055,29.0,0.93,91.172,87.324,82.746,77.787,47.736,100.0,42.042,7.901,5.444,89.263,86.899,3.54,NORMAL
135,2026-06-02 09:45:00+00:00,9,1,0.707107,-0.707107,0.781831,0.62349,False,False,MORNING,4.0,9.0,20.0,37.0,62.0,274.0,0.0,0.05,0.0481,7.619,3.891,86.34,8.97,86.343,89.671,13.66,1.03,11.02,25.32,82.484,77.497,8.41,4.81,13.78,2.38,48.951,1.28,100.0,35.868,False,,0.0,69.533,-0.53,-0.67,0.0,0.091,0.67,10.0,1.28,0.32,20.0,2.04,89.28,85.709,76.18,71.818,51.022,100.0,47.964,31.0,0.0,91.301,87.552,76.992,72.584,47.641,100.0,36.521,7.711,6.043,89.749,87.267,4.02,NORMAL
136,2026-06-02 10:00:00+00:00,10,1,0.5,-0.866025,0.781831,0.62349,False,False,MORNING,2.0,6.0,17.0,36.0,64.0,276.0,0.0,0.0,0.0,3.36,6.12,85.82,8.8,85.816,88.045,14.18,1.2,10.56,24.31,85.561,80.239,8.27,4.81,13.91,2.36,48.47,1.12,85.775,35.218,False,,0.0,68.467,0.0,-0.53,0.0,0.075,0.67,6.0,0.8,0.28,16.0,4.19,89.848,86.489,79.559,74.933,49.593,100.0,61.084,30.0,0.0,91.15,87.773,77.186,72.767,47.111,100.0,36.46,7.566,5.613,90.349,87.695,4.02,NORMAL
137,2026-06-02 10:15:00+00:00,10,1,0.5,-0.866025,0.781831,0.62349,False,False,MORNING,5.0,7.0,16.0,39.0,65.0,276.0,0.16,0.0,0.0,8.131,6.344,86.14,8.93,86.137,89.301,13.86,1.07,10.56,24.32,85.92,80.577,8.35,4.84,13.81,2.37,48.836,1.44,100.0,36.68,False,,0.3,70.288,0.16,0.16,-0.51,0.085,0.67,2.0,0.64,0.4,13.0,2.52,90.15,86.866,77.385,72.954,48.584,100.0,51.162,27.0,0.0,90.77,87.918,77.314,72.887,46.132,100.0,36.308,5.517,7.034,90.272,87.324,3.87,MODERATE
138,2026-06-02 10:30:00+00:00,10,1,0.5,-0.866025,0.781831,0.62349,False,False,MORNING,1.0,6.0,12.0,40.0,62.0,274.0,0.0,0.01,0.0144,1.949,5.969,85.3,8.76,85.298,87.637,14.7,1.24,11.97,27.41,75.011,70.716,8.05,4.84,14.11,2.32,47.739,1.13,60.192,35.055,False,,0.0,63.494,-0.16,0.0,-0.53,0.085,0.67,-6.0,0.01,0.282,14.0,0.93,91.172,87.324,82.746,77.787,47.736,100.0,42.042,25.0,0.65,90.713,88.408,78.002,73.536,46.012,100.0,40.183,5.04,6.169,88.995,87.169,3.87,NORMAL
139,2026-06-02 10:45:00+00:00,10,1,0.5,-0.866025,0.781831,0.62349,False,False,MORNING,7.0,8.0,15.0,45.0,68.0,274.0,2.04,0.0,0.0,8.329,6.028,85.71,8.93,85.709,89.28,14.29,1.07,11.97,27.41,76.18,71.818,8.85,4.92,13.22,2.48,51.022,1.77,100.0,47.964,False,,3.9,69.369,2.04,1.8800000000000001,2.04,0.213,2.04,-5.0,0.49,0.952,16.0,0.0,91.301,87.552,76.992,72.584,47.641,100.0,36.521,22.0,0.0,91.108,88.154,77.522,73.083,47.11,100.0,36.443,1.68,5.407,87.579,86.379,3.55,NORMAL
140,2026-06-02 11:00:00+00:00,11,1,0.258819,-0.965926,0.781831,0.62349,False,False,MORNING,7.0,14.0,20.0,48.0,73.0,276.0,4.19,0.18,0.0439,8.15,4.805,86.49,8.98,86.489,89.848,13.51,1.02,11.69,26.8,79.559,74.933,8.31,5.08,13.61,2.41,49.593,2.41,100.0,61.084,False,,8.2,71.681,2.1500000000000004,4.19,4.19,0.474,4.19,3.0,1.29,1.65,16.0,0.0,91.15,87.773,77.186,72.767,47.111,100.0,36.46,22.0,0.7,90.986,88.349,77.973,73.508,47.556,100.0,40.624,5.04,5.611,87.845,86.21,3.55,MODERATE
141,2026-06-02 11:15:00+00:00,11,1,0.258819,-0.965926,0.781831,0.62349,False,False,MORNING,3.0,10.0,18.0,48.0,75.0,274.0,2.52,0.38,0.1499,7.852,6.224,86.87,9.02,86.866,90.15,13.13,0.98,11.97,27.41,77.385,72.954,7.97,5.15,13.88,2.36,48.584,2.41,100.0,51.162,False,,5.1,70.167,-1.6700000000000004,0.48,2.36,0.632,4.19,2.0,0.97,1.232,17.0,0.0,90.77,87.918,77.314,72.887,46.132,100.0,36.308,20.0,0.0,90.017,87.58,84.879,79.699,49.07,100.0,36.007,3.36,5.5,87.228,85.736,3.39,MODERATE
142,2026-06-02 11:30:00+00:00,11,1,0.258819,-0.965926,0.781831,0.62349,False,False,MORNING,3.0,6.0,20.0,50.0,76.0,274.0,0.93,0.23,0.2265,7.708,5.466,87.32,9.12,87.324,91.172,12.68,0.88,11.16,25.64,82.746,77.787,7.74,5.15,14.11,2.32,47.736,2.41,100.0,42.042,False,,1.9,70.601,-1.5899999999999999,-3.2600000000000002,0.93,0.69,4.19,8.0,1.28,0.835,15.0,0.65,90.713,88.408,78.002,73.536,46.012,100.0,40.183,23.0,0.57,90.806,87.776,81.456,76.635,46.989,100.0,39.729,5.04,6.179,87.272,85.447,3.39,MODERATE
143,2026-06-02 11:45:00+00:00,11,1,0.258819,-0.965926,0.781831,0.62349,False,False,MORNING,3.0,6.0,16.0,51.0,77.0,275.0,0.0,0.08,0.0836,6.601,5.639,87.55,9.13,87.552,91.301,12.45,0.87,11.97,27.41,76.992,72.584,7.74,5.13,14.14,2.32,47.641,2.41,100.0,36.521,False,,0.0,68.758,-0.93,-2.52,-2.04,0.69,4.19,1.0,0.64,0.602,15.0,0.0,91.108,88.154,77.522,73.083,47.11,100.0,36.443,24.0,0.0,89.753,87.519,76.963,72.557,49.727,100.0,35.901,1.68,6.024,85.641,84.524,3.07,NORMAL
144,2026-06-02 12:00:00+00:00,12,1,0.0,-1.0,0.781831,0.62349,False,False,MORNING,4.0,7.0,13.0,50.0,75.0,275.0,0.0,0.0,0.0,6.72,5.897,87.77,9.11,87.773,91.15,12.23,0.89,11.97,27.41,77.186,72.767,7.62,5.1,14.28,2.29,47.111,2.57,100.0,36.46,False,,0.0,68.774,0.0,-0.93,-4.19,0.69,4.19,-7.0,0.16,0.642,14.0,0.7,90.986,88.349,77.973,73.508,47.556,100.0,40.624,28.0,0.0,87.29,86.837,95.25,90.396,48.819,79.508,34.916,3.36,4.691,85.378,84.218,2.91,NORMAL
145,2026-06-02 12:15:00+00:00,12,1,0.0,-1.0,0.781831,0.62349,False,False,MORNING,4.0,8.0,14.0,48.0,78.0,273.0,0.0,0.0,0.0,6.72,6.291,87.92,9.08,87.918,90.77,12.08,0.92,11.97,27.41,77.314,72.887,7.37,5.08,14.54,2.24,46.132,2.73,100.0,36.308,False,,0.0,68.672,0.0,0.0,-2.52,0.69,4.19,-4.0,0.32,0.682,10.0,0.0,90.017,87.58,84.879,79.699,49.07,100.0,36.007,30.0,0.0,87.614,85.987,100.0,100.0,48.587,100.0,35.046,3.36,4.751,85.04,83.904,2.75,NORMAL
146,2026-06-02 12:30:00+00:00,12,1,0.0,-1.0,0.781831,0.62349,False,False,MORNING,5.0,9.0,16.0,48.0,83.0,275.0,0.65,0.0,0.0,7.309,5.371,88.41,9.07,88.408,90.713,11.59,0.93,11.97,27.41,78.002,73.536,7.34,5.09,14.58,2.24,46.012,3.05,100.0,40.183,False,,1.4,69.334,0.65,0.65,-0.28,0.731,4.19,-4.0,0.64,0.925,10.0,0.57,90.806,87.776,81.456,76.635,46.989,100.0,39.729,30.0,0.0,86.112,85.762,93.623,88.866,49.25,100.0,34.445,3.36,3.411,84.403,83.955,2.59,NORMAL
147,2026-06-02 12:45:00+00:00,12,1,0.0,-1.0,0.781831,0.62349,False,False,MORNING,3.0,8.0,16.0,47.0,84.0,276.0,0.0,0.06,0.0585,6.131,6.989,88.15,9.11,88.154,91.108,11.85,0.89,11.97,27.41,77.522,73.083,7.65,5.07,14.28,2.29,47.11,3.05,100.0,36.443,False,,0.0,68.928,-0.65,0.0,0.0,0.731,4.19,0.0,0.64,0.762,7.0,0.0,89.753,87.519,76.963,72.557,49.727,100.0,35.901,31.0,0.0,86.223,85.464,90.961,86.41,49.823,100.0,34.489,1.68,2.856,82.614,83.84,2.27,NORMAL
148,2026-06-02 13:00:00+00:00,13,1,-0.258819,-0.965926,0.781831,0.62349,False,False,MORNING,5.0,8.0,17.0,50.0,86.0,279.0,0.7,0.0,0.0,7.216,6.483,88.35,9.1,88.349,90.986,11.65,0.9,11.97,27.41,77.973,73.508,7.76,5.08,14.16,2.31,47.556,3.37,100.0,40.624,False,,1.6,69.54,0.7,0.04999999999999993,0.7,0.774,4.19,4.0,0.8,1.018,8.0,0.0,87.29,86.837,95.25,90.396,48.819,79.508,34.916,29.0,0.0,86.959,85.504,87.723,83.43,49.397,100.0,34.784,8.4,3.823,83.998,84.846,2.59,NORMAL
149,2026-06-02 13:15:00+00:00,13,1,-0.258819,-0.965926,0.781831,0.62349,False,False,MORNING,2.0,7.0,15.0,47.0,86.0,279.0,0.0,0.06,0.0634,4.544,8.009,87.58,9.0,87.58,90.017,12.42,1.0,10.86,24.97,84.879,79.699,8.19,5.06,13.75,2.38,49.07,3.22,100.0,36.007,False,,0.0,70.437,-0.7,0.0,0.0,0.732,4.19,1.0,0.49,0.805,10.0,0.0,87.614,85.987,100.0,100.0,48.587,100.0,35.046,29.0,0.08,87.46,86.465,88.746,84.404,49.532,100.0,35.466,3.36,3.912,83.723,84.735,2.44,MODERATE
150,2026-06-02 13:30:00+00:00,13,1,-0.258819,-0.965926,0.781831,0.62349,False,False,MORNING,5.0,7.0,15.0,51.0,91.0,283.0,0.57,0.0,0.0,7.446,6.346,87.78,9.08,87.776,90.806,12.22,0.92,11.38,26.11,81.456,76.635,7.62,5.06,14.31,2.28,46.989,3.54,100.0,39.729,False,,1.2,70.037,0.57,-0.13,-0.08000000000000007,0.735,4.19,-1.0,0.49,1.028,13.0,0.0,86.112,85.762,93.623,88.866,49.25,100.0,34.445,26.0,1.38,89.263,86.899,89.79,85.396,47.604,100.0,43.968,5.04,6.807,84.424,84.223,2.44,MODERATE
151,2026-06-02 13:45:00+00:00,13,1,-0.258819,-0.965926,0.781831,0.62349,False,False,MORNING,2.0,7.0,14.0,46.0,91.0,283.0,0.0,0.05,0.0511,4.314,5.764,87.52,8.98,87.519,89.753,12.48,1.02,11.97,27.41,76.963,72.557,8.39,5.04,13.57,2.42,49.727,3.38,100.0,35.901,False,,0.0,68.623,-0.57,0.0,0.0,0.735,4.19,-2.0,0.33,0.845,17.0,0.0,86.223,85.464,90.961,86.41,49.823,100.0,34.489,23.0,2.79,89.749,87.267,100.0,99.697,45.306,100.0,52.625,3.36,4.163,84.544,84.011,2.28,NORMAL
152,2026-06-02 14:00:00+00:00,14,1,-0.5,-0.866025,0.781831,0.62349,False,False,EVENING,1.0,3.0,10.0,40.0,88.0,277.0,0.0,0.0,0.0,1.68,5.391,86.84,8.73,86.837,87.29,13.16,1.27,9.6,21.83,95.25,90.396,8.19,4.99,13.82,2.37,48.819,3.06,79.508,34.916,False,,0.0,70.389,0.0,-0.57,-0.7,0.735,4.19,-7.0,-0.31,0.765,20.0,0.0,86.959,85.504,87.723,83.43,49.397,100.0,34.784,18.0,1.28,90.349,87.695,97.692,92.687,46.576,100.0,43.842,6.72,3.023,85.788,84.811,2.44,MODERATE
153,2026-06-02 14:15:00+00:00,14,1,-0.5,-0.866025,0.781831,0.62349,False,False,EVENING,2.0,3.0,10.0,39.0,87.0,275.0,0.0,0.0,0.0,3.36,6.633,85.99,8.76,85.987,87.614,14.01,1.24,8.28,18.93,100.0,100.0,8.16,4.96,13.88,2.36,48.587,2.9,100.0,35.046,False,,0.0,73.813,0.0,0.0,0.0,0.725,4.19,-5.0,-0.32,0.725,20.0,0.08,87.46,86.465,88.746,84.404,49.532,100.0,35.466,17.0,0.0,90.272,87.324,92.407,87.8,47.46,100.0,36.109,8.4,6.244,88.176,85.111,2.76,MODERATE
154,2026-06-02 14:30:00+00:00,14,1,-0.5,-0.866025,0.781831,0.62349,False,False,EVENING,2.0,4.0,7.0,38.0,88.0,273.0,0.0,0.0,0.0,3.36,4.859,85.76,8.61,85.762,86.112,14.24,1.39,9.64,21.93,93.623,88.866,8.38,4.91,13.7,2.39,49.25,2.74,100.0,34.445,False,,0.0,71.421,0.0,0.0,-0.57,0.725,4.19,-8.0,-0.8,0.685,17.0,1.38,89.263,86.899,89.79,85.396,47.604,100.0,43.968,17.0,0.0,88.995,87.169,93.182,88.508,46.764,100.0,35.598,6.72,5.33,89.253,85.35,2.92,MODERATE
155,2026-06-02 14:45:00+00:00,14,1,-0.5,-0.866025,0.781831,0.62349,False,False,EVENING,3.0,5.0,8.0,38.0,89.0,273.0,0.0,0.0,0.0,5.04,6.19,85.46,8.62,85.464,86.223,14.54,1.38,9.89,22.48,90.961,86.41,8.57,4.88,13.55,2.42,49.823,2.74,100.0,34.489,False,,0.0,70.815,0.0,0.0,0.0,0.598,4.19,-6.0,-0.64,0.685,14.0,2.79,89.749,87.267,100.0,99.697,45.306,100.0,52.625,16.0,0.0,87.579,86.379,88.621,84.285,46.655,84.4,35.032,8.283,5.986,90.458,85.804,3.72,MODERATE
156,2026-06-02 15:00:00+00:00,15,1,-0.707107,-0.707107,0.781831,0.62349,False,False,EVENING,3.0,6.0,10.0,37.0,87.0,272.0,0.0,0.0,0.0,5.04,4.586,85.5,8.7,85.504,86.959,14.5,1.3,10.26,23.29,87.723,83.43,8.48,4.86,13.66,2.4,49.397,2.74,100.0,34.784,False,,0.0,70.187,0.0,0.0,0.0,0.336,2.52,0.0,-0.32,0.685,9.0,1.28,90.349,87.695,97.692,92.687,46.576,100.0,43.842,16.0,0.0,87.845,86.21,88.448,84.12,47.383,100.0,35.138,8.095,6.181,91.636,86.165,3.56,MODERATE
157,2026-06-02 15:15:00+00:00,15,1,-0.707107,-0.707107,0.781831,0.62349,False,False,EVENING,5.0,8.0,13.0,38.0,86.0,275.0,0.08,0.0,0.0,8.265,4.22,86.46,8.75,86.465,87.46,13.54,1.25,10.26,23.29,88.746,84.404,8.52,4.85,13.63,2.41,49.532,3.06,100.0,35.466,False,,0.2,70.801,0.08,0.08,0.08,0.183,0.93,3.0,0.16,0.785,9.0,0.0,90.272,87.324,92.407,87.8,47.46,100.0,36.109,18.0,0.0,87.228,85.736,96.001,91.046,46.572,100.0,34.891,7.942,4.328,91.545,87.077,3.88,MODERATE
158,2026-06-02 15:30:00+00:00,15,1,-0.707107,-0.707107,0.781831,0.62349,False,False,EVENING,6.0,11.0,17.0,39.0,87.0,279.0,1.38,0.01,0.0053,7.901,5.444,86.9,8.93,86.899,89.263,13.1,1.07,10.26,23.29,89.79,85.396,7.94,4.91,14.15,2.31,47.604,3.54,100.0,43.968,False,,2.8,72.16,1.2999999999999998,1.38,1.38,0.211,1.38,10.0,0.8,1.23,9.0,0.0,88.995,87.169,93.182,88.508,46.764,100.0,35.598,18.0,0.0,87.272,85.447,97.216,92.149,45.443,100.0,34.909,4.24,6.63,89.874,86.647,3.72,MODERATE
159,2026-06-02 15:45:00+00:00,15,1,-0.707107,-0.707107,0.781831,0.62349,False,False,EVENING,6.0,12.0,20.0,42.0,89.0,283.0,2.79,0.12,0.0445,7.711,6.043,87.27,8.97,87.267,89.749,12.73,1.03,8.85,20.18,100.0,99.697,7.21,5.02,14.77,2.2,45.306,4.02,100.0,52.625,False,,5.8,75.975,1.4100000000000001,2.71,2.79,0.386,2.79,12.0,1.28,1.702,9.0,0.0,87.579,86.379,88.621,84.285,46.655,84.4,35.032,18.0,0.0,85.641,84.524,94.042,89.207,46.084,79.633,34.256,6.72,5.906,90.139,86.824,3.88,MODERATE
160,2026-06-02 16:00:00+00:00,16,1,-0.866025,-0.5,0.781831,0.62349,False,False,EVENING,3.0,9.0,20.0,40.0,90.0,280.0,1.28,0.25,0.1954,7.566,5.613,87.7,9.03,87.695,90.349,12.3,0.97,9.51,21.65,97.692,92.687,7.52,5.05,14.42,2.26,46.576,4.02,100.0,43.842,False,,2.7,74.219,-1.51,-0.09999999999999987,1.28,0.466,2.79,10.0,1.28,1.325,9.0,0.0,87.845,86.21,88.448,84.12,47.383,100.0,35.138,19.0,0.0,85.378,84.218,89.1,84.658,45.495,100.0,34.151,5.04,6.056,89.236,86.66,3.88,MODERATE
161,2026-06-02 16:15:00+00:00,16,1,-0.866025,-0.5,0.781831,0.62349,False,False,EVENING,2.0,5.0,17.0,40.0,87.0,280.0,0.0,0.12,0.1155,5.517,7.034,87.32,9.03,87.324,90.272,12.68,0.97,9.95,22.6,92.407,87.8,7.78,5.04,14.19,2.31,47.46,3.87,100.0,36.109,False,,0.0,72.162,-1.28,-2.79,-0.08,0.466,2.79,4.0,0.81,0.968,8.0,0.0,87.228,85.736,96.001,91.046,46.572,100.0,34.891,21.0,0.0,85.04,83.904,100.0,95.527,45.818,100.0,34.016,1.68,6.062,86.93,85.795,3.57,MODERATE
162,2026-06-02 16:30:00+00:00,16,1,-0.866025,-0.5,0.781831,0.62349,False,False,EVENING,3.0,5.0,14.0,38.0,89.0,278.0,0.0,0.0,0.0,5.04,6.169,87.17,8.9,87.169,88.995,12.83,1.1,9.85,22.38,93.182,88.508,7.62,5.01,14.37,2.27,46.764,3.87,100.0,35.598,False,,0.0,71.988,0.0,-1.28,-1.38,0.425,2.79,-3.0,0.33,0.968,8.0,0.0,87.272,85.447,97.216,92.149,45.443,100.0,34.909,24.0,0.0,84.403,83.955,86.134,81.92,46.272,100.0,33.761,3.36,6.272,85.954,85.165,3.41,MODERATE
163,2026-06-02 16:45:00+00:00,16,1,-0.866025,-0.5,0.781831,0.62349,False,False,EVENING,1.0,4.0,9.0,37.0,83.0,278.0,0.0,0.0,0.0,1.68,5.407,86.38,8.76,86.379,87.579,13.62,1.24,10.26,23.29,88.621,84.285,7.63,4.97,14.4,2.27,46.655,3.55,84.4,35.032,False,,0.0,69.063,0.0,0.0,-2.79,0.425,2.79,-11.0,-0.47,0.888,7.0,0.0,85.641,84.524,94.042,89.207,46.084,79.633,34.256,26.0,0.0,82.614,83.84,86.016,81.807,47.407,71.667,33.046,8.407,6.053,87.566,85.592,3.89,NORMAL
164,2026-06-02 17:00:00+00:00,17,1,-0.965926,-0.258819,0.781831,0.62349,False,False,EVENING,3.0,4.0,9.0,39.0,79.0,278.0,0.0,0.0,0.0,5.04,5.611,86.21,8.78,86.21,87.845,13.79,1.22,10.26,23.29,88.448,84.12,7.85,4.94,14.21,2.3,47.383,3.55,100.0,35.138,False,,0.0,70.508,0.0,0.0,-1.28,0.381,2.79,-11.0,-0.47,0.888,7.0,0.0,85.378,84.218,89.1,84.658,45.495,100.0,34.151,33.0,0.0,83.998,84.846,87.048,82.789,48.561,100.0,33.599,6.713,3.92,87.717,86.275,3.89,MODERATE
165,2026-06-02 17:15:00+00:00,17,1,-0.965926,-0.258819,0.781831,0.62349,False,False,EVENING,2.0,5.0,9.0,39.0,78.0,277.0,0.0,0.0,0.0,3.36,5.5,85.74,8.72,85.736,87.228,14.26,1.28,9.4,21.4,96.001,91.046,7.66,4.91,14.43,2.26,46.572,3.39,100.0,34.891,False,,0.0,71.945,0.0,0.0,0.0,0.381,2.79,-8.0,-0.48,0.848,10.0,0.0,85.04,83.904,100.0,95.527,45.818,100.0,34.016,30.0,0.0,83.723,84.735,92.62,87.91,49.352,98.883,33.489,5.04,3.925,87.264,86.6,3.89,MODERATE
166,2026-06-02 17:30:00+00:00,17,1,-0.965926,-0.258819,0.781831,0.62349,False,False,EVENING,3.0,5.0,9.0,40.0,78.0,279.0,0.0,0.0,0.0,5.04,6.179,85.45,8.73,85.447,87.272,14.55,1.27,9.25,21.07,97.216,92.149,7.38,4.89,14.73,2.21,45.443,3.39,100.0,34.909,False,,0.0,72.066,0.0,0.0,0.0,0.346,2.79,-5.0,-0.48,0.848,10.0,0.0,84.403,83.955,86.134,81.92,46.272,100.0,33.761,33.0,0.0,84.424,84.223,86.41,82.181,48.834,100.0,33.77,1.68,5.326,85.721,85.842,3.57,MODERATE
167,2026-06-02 17:45:00+00:00,17,1,-0.965926,-0.258819,0.781831,0.62349,False,False,EVENING,1.0,4.0,9.0,38.0,76.0,276.0,0.0,0.0,0.0,1.68,6.024,84.52,8.56,84.524,85.641,15.48,1.44,9.46,21.53,94.042,89.207,7.59,4.85,14.56,2.24,46.084,3.07,79.633,34.256,False,,0.0,69.028,0.0,0.0,0.0,0.346,2.79,0.0,-0.48,0.768,11.0,0.0,82.614,83.84,86.016,81.807,47.407,71.667,33.046,32.0,0.0,84.544,84.011,86.191,81.974,47.544,97.3,33.818,1.68,4.077,86.21,85.194,3.25,NORMAL
168,2026-06-02 18:00:00+00:00,18,1,-1.0,-0.0,0.781831,0.62349,False,False,EVENING,2.0,3.0,8.0,37.0,74.0,274.0,0.0,0.0,0.0,3.36,4.691,84.22,8.54,84.218,85.378,15.78,1.46,9.95,22.61,89.1,84.658,7.46,4.82,14.72,2.21,45.495,2.91,100.0,34.151,False,,0.0,69.549,0.0,0.0,0.0,0.346,2.79,-1.0,-0.64,0.728,12.0,0.0,83.998,84.846,87.048,82.789,48.561,100.0,33.599,34.0,0.0,85.788,84.811,87.012,82.754,47.033,100.0,34.315,6.72,4.224,86.177,85.821,3.41,NORMAL
169,2026-06-02 18:15:00+00:00,18,1,-1.0,-0.0,0.781831,0.62349,False,False,EVENING,2.0,4.0,8.0,34.0,72.0,269.0,0.0,0.0,0.0,3.36,4.751,83.9,8.5,83.904,85.04,16.1,1.5,8.75,19.96,100.0,95.527,7.58,4.79,14.63,2.23,45.818,2.75,100.0,34.016,False,,0.0,72.054,0.0,0.0,0.0,0.346,2.79,-1.0,-0.64,0.688,11.0,0.0,83.723,84.735,92.62,87.91,49.352,98.883,33.489,33.0,0.0,88.176,85.111,87.32,83.047,47.356,100.0,35.27,5.04,5.438,87.235,85.616,3.41,MODERATE
170,2026-06-02 18:30:00+00:00,18,1,-1.0,-0.0,0.781831,0.62349,False,False,EVENING,2.0,4.0,7.0,30.0,69.0,268.0,0.0,0.0,0.0,3.36,3.411,83.96,8.44,83.955,84.403,16.04,1.56,10.26,23.29,86.134,81.92,7.73,4.76,14.51,2.25,46.272,2.59,100.0,33.761,False,,0.0,68.682,0.0,0.0,0.0,0.346,2.79,-2.0,-0.8,0.648,14.0,0.0,84.424,84.223,86.41,82.181,48.834,100.0,33.77,29.0,0.0,89.253,85.35,87.566,83.281,47.268,100.0,35.701,6.72,4.063,87.264,86.277,3.57,NORMAL
171,2026-06-02 18:45:00+00:00,18,1,-1.0,-0.0,0.781831,0.62349,False,False,EVENING,1.0,3.0,7.0,25.0,67.0,265.0,0.0,0.0,0.0,1.68,2.856,83.84,8.26,83.84,82.614,16.16,1.74,10.26,23.29,86.016,81.807,8.08,4.72,14.2,2.3,47.407,2.27,71.667,33.046,False,,0.0,65.823,0.0,0.0,0.0,0.346,2.79,-2.0,-0.8,0.568,15.0,0.0,84.544,84.011,86.191,81.974,47.544,97.3,33.818,27.0,3.07,90.458,85.804,89.449,85.072,47.965,100.0,54.601,1.68,5.778,85.86,85.394,3.25,NORMAL
172,2026-06-02 19:00:00+00:00,19,1,-0.965926,0.258819,0.781831,0.62349,False,False,EVENING,5.0,6.0,10.0,27.0,67.0,264.0,0.0,0.0,0.0,8.4,3.823,84.85,8.4,84.846,83.998,15.15,1.6,10.26,23.29,87.048,82.789,8.41,4.7,13.89,2.36,48.561,2.59,100.0,33.599,False,,0.0,69.217,0.0,0.0,0.0,0.346,2.79,2.0,-0.32,0.648,21.0,0.0,85.788,84.811,87.012,82.754,47.033,100.0,34.315,25.0,0.25,91.636,86.165,88.517,84.186,45.967,100.0,38.161,0.0,4.119,84.771,84.473,2.77,NORMAL
173,2026-06-02 19:15:00+00:00,19,1,-0.965926,0.258819,0.781831,0.62349,False,False,EVENING,2.0,7.0,10.0,27.0,67.0,262.0,0.0,0.0,0.0,3.36,3.912,84.74,8.37,84.735,83.723,15.26,1.63,9.63,21.91,92.62,87.91,8.64,4.68,13.67,2.4,49.352,2.44,98.883,33.489,False,,0.0,70.391,0.0,0.0,0.0,0.341,2.79,2.0,-0.31,0.61,19.0,0.0,88.176,85.111,87.32,83.047,47.356,100.0,35.27,26.0,0.52,91.545,87.077,100.0,96.59,46.894,100.0,39.761,1.68,5.28,83.769,83.673,2.45,MODERATE
174,2026-06-02 19:30:00+00:00,19,1,-0.965926,0.258819,0.781831,0.62349,False,False,EVENING,3.0,5.0,11.0,27.0,65.0,260.0,0.0,0.0,0.0,5.04,6.807,84.22,8.44,84.223,84.424,15.78,1.56,10.26,23.29,86.41,82.181,8.51,4.67,13.81,2.37,48.834,2.44,100.0,33.77,False,,0.0,69.04,0.0,0.0,0.0,0.254,2.79,4.0,-0.15,0.61,19.0,0.0,89.253,85.35,87.566,83.281,47.268,100.0,35.701,24.0,0.0,89.874,86.647,98.012,92.921,45.368,100.0,35.949,1.68,4.25,83.309,83.076,2.14,NORMAL
175,2026-06-02 19:45:00+00:00,19,1,-0.965926,0.258819,0.781831,0.62349,False,False,EVENING,2.0,5.0,12.0,28.0,65.0,259.0,0.0,0.0,0.0,3.36,4.163,84.01,8.45,84.011,84.544,15.99,1.55,10.26,23.29,86.191,81.974,8.17,4.67,14.16,2.31,47.544,2.28,97.3,33.818,False,,0.0,68.607,0.0,0.0,0.0,0.08,1.28,5.0,0.01,0.57,17.0,3.07,90.458,85.804,89.449,85.072,47.965,100.0,54.601,23.0,0.0,90.139,86.824,89.078,84.719,46.681,100.0,36.056,0.0,4.434,82.707,82.028,1.66,NORMAL
176,2026-06-02 20:00:00+00:00,20,1,-0.866025,0.5,0.781831,0.62349,False,False,EVENING,4.0,6.0,11.0,29.0,68.0,256.0,0.0,0.0,0.0,6.72,3.023,84.81,8.58,84.811,85.788,15.19,1.42,10.26,23.29,87.012,82.754,8.02,4.68,14.3,2.29,47.033,2.44,100.0,34.315,False,,0.0,69.421,0.0,0.0,0.0,0.0,0.0,1.0,-0.15,0.61,13.0,0.25,91.636,86.165,88.517,84.186,45.967,100.0,38.161,20.0,0.0,89.236,86.66,100.0,100.0,46.462,100.0,35.694,0.0,4.593,81.706,80.98,1.18,NORMAL
177,2026-06-02 20:15:00+00:00,20,1,-0.866025,0.5,0.781831,0.62349,False,False,EVENING,5.0,9.0,14.0,32.0,71.0,258.0,0.0,0.0,0.0,8.4,6.244,85.11,8.82,85.111,88.176,14.89,1.18,10.26,23.29,87.32,83.047,8.07,4.71,14.21,2.3,47.356,2.76,100.0,35.27,False,,0.0,70.066,0.0,0.0,0.0,0.0,0.0,4.0,0.32,0.69,14.0,0.52,91.545,87.077,100.0,96.59,46.894,100.0,39.761,21.0,0.0,86.93,85.795,100.0,100.0,43.912,84.583,34.772,3.36,1.934,80.946,81.412,1.02,MODERATE
178,2026-06-02 20:30:00+00:00,20,1,-0.866025,0.5,0.781831,0.62349,False,False,EVENING,4.0,9.0,15.0,33.0,73.0,259.0,0.0,0.0,0.0,6.72,5.33,85.35,8.93,85.35,89.253,14.65,1.07,10.26,23.29,87.566,83.281,8.01,4.75,14.24,2.3,47.268,2.92,100.0,35.701,False,,0.0,70.383,0.0,0.0,0.0,0.0,0.0,4.0,0.48,0.73,10.0,0.0,89.874,86.647,98.012,92.921,45.368,100.0,35.949,23.0,0.0,85.954,85.165,100.0,100.0,44.374,100.0,34.381,1.68,2.235,79.686,81.399,0.7,MODERATE
179,2026-06-02 20:45:00+00:00,20,1,-0.866025,0.5,0.781831,0.62349,False,False,EVENING,8.0,12.0,21.0,40.0,78.0,266.0,3.07,0.0,0.0,8.283,5.986,85.8,9.05,85.804,90.458,14.2,0.95,10.26,23.29,89.449,85.072,8.04,4.91,14.05,2.33,47.965,3.72,100.0,54.601,False,,5.9,73.193,3.07,3.07,3.07,0.192,3.07,9.0,1.44,1.698,10.0,0.0,90.139,86.824,89.078,84.719,46.681,100.0,36.056,25.0,1.0,87.566,85.592,100.0,100.0,44.506,100.0,41.002,1.68,3.421,79.265,81.006,0.38,MODERATE
180,2026-06-02 21:00:00+00:00,21,1,-0.707107,0.707107,0.781831,0.62349,False,False,EVENING,2.0,10.0,19.0,40.0,77.0,265.0,0.25,0.28,0.2763,8.095,6.181,86.16,9.16,86.165,91.636,13.84,0.84,10.26,23.29,88.517,84.186,7.47,4.94,14.59,2.23,45.967,3.56,100.0,38.161,False,,0.5,71.305,-2.82,0.25,0.25,0.208,3.07,8.0,1.12,0.952,12.0,0.0,89.236,86.66,100.0,100.0,46.462,100.0,35.694,20.0,0.0,87.717,86.275,100.0,100.0,43.606,100.0,35.087,0.0,3.078,78.853,80.278,0.0,MODERATE
181,2026-06-02 21:15:00+00:00,21,1,-0.707107,0.707107,0.781831,0.62349,False,False,EVENING,5.0,7.0,19.0,43.0,77.0,267.0,0.52,0.02,0.0226,7.942,4.328,87.08,9.15,87.077,91.545,12.92,0.85,9.01,20.54,100.0,96.59,7.68,4.98,14.34,2.28,46.894,3.88,100.0,39.761,False,,1.1,74.61,0.27,-2.55,0.52,0.24,3.07,5.0,1.12,1.1,12.0,0.0,86.93,85.795,100.0,100.0,43.912,84.583,34.772,17.0,0.0,87.264,86.6,100.0,100.0,42.681,100.0,34.906,3.36,2.793,79.669,80.338,0.0,MODERATE
182,2026-06-02 21:30:00+00:00,21,1,-0.707107,0.707107,0.781831,0.62349,False,False,EVENING,2.0,7.0,17.0,43.0,73.0,267.0,0.0,0.05,0.0471,4.24,6.63,86.65,8.99,86.647,89.874,13.35,1.01,9.31,21.19,98.012,92.921,7.28,4.97,14.75,2.2,45.368,3.72,100.0,35.949,False,,0.0,73.032,-0.52,-0.25,0.0,0.24,3.07,2.0,0.8,0.93,14.0,0.0,85.954,85.165,100.0,100.0,44.374,100.0,34.381,15.0,0.0,85.721,85.842,100.0,100.0,42.259,84.625,34.288,1.68,1.892,78.681,80.384,0.0,MODERATE
183,2026-06-02 21:45:00+00:00,21,1,-0.707107,0.707107,0.781831,0.62349,False,False,EVENING,4.0,6.0,13.0,46.0,71.0,269.0,0.0,0.0,0.0,6.72,5.906,86.82,9.01,86.824,90.139,13.18,0.99,10.26,23.29,89.078,84.719,7.63,4.97,14.4,2.27,46.681,3.88,100.0,36.056,False,,0.0,71.186,0.0,-0.52,-3.07,0.24,3.07,-8.0,0.16,0.97,13.0,1.0,87.566,85.592,100.0,100.0,44.506,100.0,41.002,15.0,0.0,86.21,85.194,100.0,100.0,42.526,81.433,34.484,1.68,2.732,78.779,80.111,0.0,MODERATE
184,2026-06-02 22:00:00+00:00,22,1,-0.5,0.866025,0.781831,0.62349,False,False,NIGHT,3.0,7.0,14.0,44.0,71.0,270.0,0.0,0.0,0.0,5.04,6.056,86.66,8.92,86.66,89.236,13.34,1.08,5.13,15.48,100.0,100.0,7.59,4.96,14.46,2.26,46.462,3.88,100.0,35.694,False,,0.0,74.094,0.0,0.0,-0.25,0.24,3.07,-5.0,0.32,0.97,8.0,0.0,87.717,86.275,100.0,100.0,43.606,100.0,35.087,14.0,0.0,86.177,85.821,100.0,100.0,43.313,100.0,34.471,3.36,2.178,79.295,80.355,0.0,MODERATE
185,2026-06-02 22:15:00+00:00,22,1,-0.5,0.866025,0.781831,0.62349,False,False,NIGHT,1.0,4.0,10.0,43.0,70.0,270.0,0.0,0.0,0.0,1.68,6.062,85.8,8.69,85.795,86.93,14.2,1.31,5.63,16.58,100.0,100.0,6.93,4.92,15.14,2.13,43.912,3.57,84.583,34.772,False,,0.0,71.825,0.0,0.0,-0.52,0.24,3.07,-9.0,-0.31,0.892,9.0,0.0,87.264,86.6,100.0,100.0,42.681,100.0,34.906,10.0,0.0,87.235,85.616,100.0,100.0,45.368,100.0,34.894,1.68,2.056,79.889,80.201,0.0,MODERATE
186,2026-06-02 22:30:00+00:00,22,1,-0.5,0.866025,0.781831,0.62349,False,False,NIGHT,2.0,3.0,10.0,42.0,69.0,271.0,0.0,0.0,0.0,3.36,6.272,85.17,8.6,85.165,85.954,14.83,1.4,4.97,15.14,100.0,100.0,7.1,4.88,15.02,2.16,44.374,3.41,100.0,34.381,False,,0.0,72.921,0.0,0.0,0.0,0.24,3.07,-7.0,-0.31,0.852,9.0,0.0,85.721,85.842,100.0,100.0,42.259,84.625,34.288,9.0,0.0,87.264,86.277,100.0,100.0,44.156,100.0,34.906,3.36,1.512,80.634,80.589,0.0,MODERATE
187,2026-06-02 22:45:00+00:00,22,1,-0.5,0.866025,0.781831,0.62349,False,False,NIGHT,6.0,8.0,12.0,46.0,74.0,269.0,1.0,0.0,0.0,8.407,6.053,85.59,8.76,85.592,87.566,14.41,1.24,6.27,17.99,100.0,100.0,7.11,4.91,14.98,2.16,44.506,3.89,100.0,41.002,False,,1.9,73.989,1.0,1.0,1.0,0.303,3.07,-1.0,0.01,1.223,12.0,0.0,86.21,85.194,100.0,100.0,42.526,81.433,34.484,6.0,0.0,85.86,85.394,100.0,100.0,43.377,81.467,34.344,3.36,2.023,81.035,80.883,0.0,MODERATE
188,2026-06-02 23:00:00+00:00,23,1,-0.258819,0.965926,0.781831,0.62349,False,False,NIGHT,3.0,9.0,12.0,45.0,74.0,270.0,0.0,0.09,0.0896,6.713,3.92,86.28,8.77,86.275,87.717,13.72,1.23,5.88,17.13,100.0,100.0,6.88,4.89,15.23,2.12,43.606,3.89,100.0,35.087,False,,0.0,73.448,-1.0,0.0,0.0,0.303,3.07,-2.0,0.01,0.972,12.0,0.0,86.177,85.821,100.0,100.0,43.313,100.0,34.471,6.0,0.0,84.771,84.473,100.0,100.0,43.594,51.075,33.908,1.68,2.121,80.556,80.821,0.0,MODERATE
189,2026-06-02 23:15:00+00:00,23,1,-0.258819,0.965926,0.781831,0.62349,False,False,NIGHT,3.0,6.0,14.0,43.0,75.0,272.0,0.0,0.0,0.0,5.04,3.925,86.6,8.73,86.6,87.264,13.4,1.27,6.27,17.99,100.0,100.0,6.65,4.87,15.48,2.07,42.681,3.89,100.0,34.906,False,,0.0,73.346,0.0,-1.0,0.0,0.303,3.07,4.0,0.32,0.972,8.0,0.0,87.235,85.616,100.0,100.0,45.368,100.0,34.894,6.0,0.0,83.769,83.673,100.0,100.0,44.836,73.483,33.508,0.0,0.243,79.818,80.834,0.0,MODERATE
190,2026-06-02 23:30:00+00:00,23,1,-0.258819,0.965926,0.781831,0.62349,False,False,NIGHT,1.0,4.0,13.0,40.0,73.0,269.0,0.0,0.0,0.0,1.68,5.326,85.84,8.57,85.842,85.721,14.16,1.43,6.04,17.49,100.0,100.0,6.57,4.84,15.59,2.05,42.259,3.57,84.625,34.288,False,,0.0,71.449,0.0,0.0,0.0,0.303,3.07,3.0,0.16,0.892,6.0,0.0,87.264,86.277,100.0,100.0,44.156,100.0,34.906,7.0,0.0,83.309,83.076,100.0,100.0,45.383,70.292,33.324,1.68,3.321,78.972,80.508,0.0,MODERATE
191,2026-06-02 23:45:00+00:00,23,1,-0.258819,0.965926,0.781831,0.62349,False,False,NIGHT,1.0,2.0,8.0,33.0,73.0,269.0,0.0,0.0,0.0,1.68,4.077,85.19,8.62,85.194,86.21,14.81,1.38,6.27,17.99,100.0,100.0,6.66,4.82,15.52,2.07,42.526,3.25,81.433,34.484,False,,0.0,71.141,0.0,0.0,-1.0,0.303,3.07,-4.0,-0.64,0.812,3.0,0.0,85.86,85.394,100.0,100.0,43.377,81.467,34.344,7.0,0.0,82.707,82.028,100.0,100.0,44.172,39.9,33.083,6.72,3.085,81.77,81.137,0.16,MODERATE
192,2026-06-03 00:00:00+00:00,0,2,0.0,1.0,0.974928,-0.222521,False,False,NIGHT,4.0,5.0,9.0,35.0,75.0,271.0,0.0,0.0,0.0,6.72,4.224,85.82,8.62,85.821,86.177,14.18,1.38,5.55,16.41,100.0,100.0,6.89,4.8,15.31,2.11,43.313,3.41,100.0,34.471,False,,0.0,73.014,0.0,0.0,0.0,0.303,3.07,-3.0,-0.48,0.852,2.0,0.0,84.771,84.473,100.0,100.0,43.594,51.075,33.908,8.0,0.0,81.706,80.98,100.0,100.0,42.491,35.108,32.683,3.36,2.699,82.688,81.211,0.0,MODERATE
193,2026-06-03 00:15:00+00:00,0,2,0.0,1.0,0.974928,-0.222521,False,False,NIGHT,3.0,7.0,9.0,33.0,76.0,273.0,0.0,0.0,0.0,5.04,5.438,85.62,8.72,85.616,87.235,14.38,1.28,4.41,13.9,100.0,100.0,7.45,4.8,14.75,2.2,45.368,3.41,100.0,34.894,False,,0.0,73.366,0.0,0.0,0.0,0.303,3.07,-5.0,-0.48,0.852,2.0,0.0,83.769,83.673,100.0,100.0,44.836,73.483,33.508,10.0,0.0,80.946,81.412,100.0,100.0,43.35,84.717,32.378,6.72,1.247,84.318,82.416,0.16,MODERATE
194,2026-06-03 00:30:00+00:00,0,2,0.0,1.0,0.974928,-0.222521,False,False,NIGHT,4.0,7.0,12.0,35.0,78.0,276.0,0.0,0.0,0.0,6.72,4.063,86.28,8.73,86.277,87.264,13.72,1.27,6.03,17.47,100.0,100.0,7.12,4.8,15.08,2.15,44.156,3.57,100.0,34.906,False,,0.0,73.408,0.0,0.0,0.0,0.303,3.07,-1.0,0.0,0.892,3.0,0.0,83.309,83.076,100.0,100.0,45.383,70.292,33.324,9.0,0.0,79.686,81.399,100.0,100.0,44.012,55.925,31.874,3.36,3.645,83.301,82.446,0.0,MODERATE
195,2026-06-03 00:45:00+00:00,0,2,0.0,1.0,0.974928,-0.222521,False,False,NIGHT,1.0,5.0,12.0,32.0,78.0,276.0,0.0,0.0,0.0,1.68,5.778,85.39,8.59,85.394,85.86,14.61,1.41,5.72,16.78,100.0,100.0,6.93,4.79,15.29,2.11,43.377,3.25,81.467,34.344,False,,0.0,71.195,0.0,0.0,0.0,0.111,1.0,4.0,0.0,0.812,3.0,0.0,82.707,82.028,100.0,100.0,44.172,39.9,33.083,10.0,0.0,79.265,81.006,100.0,100.0,43.835,52.733,31.706,1.68,3.368,82.746,82.08,0.0,MODERATE
196,2026-06-03 01:00:00+00:00,1,2,0.258819,0.965926,0.974928,-0.222521,False,False,NIGHT,0.0,1.0,8.0,29.0,73.0,274.0,0.0,0.0,0.0,0.0,4.119,84.47,8.48,84.473,84.771,15.53,1.52,6.27,17.99,100.0,100.0,7.01,4.76,15.23,2.12,43.594,2.77,51.075,33.908,False,,0.0,68.058,0.0,0.0,0.0,0.095,1.0,-1.0,-0.64,0.692,4.0,0.0,81.706,80.98,100.0,100.0,42.491,35.108,32.683,11.0,0.0,78.853,80.278,100.0,100.0,43.058,23.333,31.541,1.68,4.34,82.095,81.48,0.0,NORMAL
197,2026-06-03 01:15:00+00:00,1,2,0.258819,0.965926,0.974928,-0.222521,False,False,NIGHT,1.0,1.0,6.0,29.0,72.0,271.0,0.0,0.0,0.0,1.68,5.28,83.67,8.38,83.673,83.769,16.33,1.62,5.59,16.51,100.0,100.0,7.38,4.73,14.89,2.18,44.836,2.45,73.483,33.508,False,,0.0,69.811,0.0,0.0,0.0,0.063,1.0,-3.0,-0.96,0.612,4.0,0.0,80.946,81.412,100.0,100.0,43.35,84.717,32.378,12.0,0.0,79.669,80.338,100.0,100.0,42.971,74.533,31.867,3.36,3.219,81.978,81.527,0.0,NORMAL
198,2026-06-03 01:30:00+00:00,1,2,0.258819,0.965926,0.974928,-0.222521,False,False,NIGHT,1.0,2.0,3.0,28.0,70.0,271.0,0.0,0.0,0.0,1.68,4.25,83.08,8.33,83.076,83.309,16.92,1.67,5.63,16.58,100.0,100.0,7.55,4.7,14.75,2.21,45.383,2.14,70.292,33.324,False,,0.0,69.349,0.0,0.0,0.0,0.063,1.0,-9.0,-1.43,0.535,4.0,0.0,79.686,81.399,100.0,100.0,44.012,55.925,31.874,10.0,0.0,78.681,80.384,100.0,100.0,41.765,48.933,31.473,3.36,2.744,82.314,81.647,0.0,NORMAL
199,2026-06-03 01:45:00+00:00,1,2,0.258819,0.965926,0.974928,-0.222521,False,False,NIGHT,0.0,1.0,2.0,22.0,68.0,269.0,0.0,0.0,0.0,0.0,4.434,82.03,8.27,82.028,82.707,17.97,1.73,4.98,15.16,100.0,100.0,7.26,4.67,15.07,2.15,44.172,1.66,39.9,33.083,False,,0.0,66.154,0.0,0.0,0.0,0.063,1.0,-10.0,-1.59,0.415,4.0,0.0,79.265,81.006,100.0,100.0,43.835,52.733,31.706,10.0,0.0,78.779,80.111,100.0,100.0,40.52,48.933,31.511,3.36,1.227,82.058,82.206,0.0,NORMAL
200,2026-06-03 02:00:00+00:00,2,2,0.5,0.866025,0.974928,-0.222521,False,False,NIGHT,0.0,0.0,2.0,19.0,64.0,269.0,0.0,0.0,0.0,0.0,4.593,80.98,8.17,80.98,81.706,19.02,1.83,6.27,17.99,100.0,100.0,6.84,4.64,15.53,2.07,42.491,1.18,35.108,32.683,False,,0.0,65.141,0.0,0.0,0.0,0.063,1.0,-6.0,-1.59,0.295,4.0,0.0,78.853,80.278,100.0,100.0,43.058,23.333,31.541,13.0,0.0,79.295,80.355,100.0,100.0,41.283,74.533,31.718,5.04,4.118,82.495,82.393,0.0,NORMAL
201,2026-06-03 02:15:00+00:00,2,2,0.5,0.866025,0.974928,-0.222521,False,False,NIGHT,2.0,2.0,3.0,18.0,61.0,268.0,0.0,0.0,0.0,3.36,1.934,81.41,8.09,81.412,80.946,18.59,1.91,6.27,17.99,100.0,100.0,7.11,4.6,15.3,2.11,43.35,1.02,84.717,32.378,False,,0.0,69.626,0.0,0.0,0.0,0.063,1.0,-3.0,-1.43,0.255,6.0,0.0,79.669,80.338,100.0,100.0,42.971,74.533,31.867,13.0,0.0,79.889,80.201,100.0,100.0,41.79,48.933,31.956,3.36,3.214,82.669,82.412,0.0,NORMAL
202,2026-06-03 02:30:00+00:00,2,2,0.5,0.866025,0.974928,-0.222521,False,False,NIGHT,1.0,3.0,3.0,18.0,58.0,268.0,0.0,0.0,0.0,1.68,2.235,81.4,7.97,81.399,79.686,18.6,2.03,6.27,17.99,100.0,100.0,7.33,4.56,15.12,2.14,44.012,0.7,55.925,31.874,False,,0.0,66.839,0.0,0.0,0.0,0.063,1.0,0.0,-1.44,0.175,5.0,0.0,78.681,80.384,100.0,100.0,41.765,48.933,31.473,16.0,0.0,80.634,80.589,100.0,100.0,42.635,74.533,32.254,8.4,3.269,84.437,83.518,0.32,NORMAL
203,2026-06-03 02:45:00+00:00,2,2,0.5,0.866025,0.974928,-0.222521,False,False,NIGHT,1.0,2.0,4.0,18.0,51.0,267.0,0.0,0.0,0.0,1.68,3.421,81.01,7.93,81.006,79.265,18.99,2.07,6.27,17.99,100.0,100.0,7.32,4.52,15.16,2.13,43.835,0.38,52.733,31.706,False,,0.0,66.365,0.0,0.0,0.0,0.0,0.0,2.0,-1.28,0.095,6.0,0.0,78.779,80.111,100.0,100.0,40.52,48.933,31.511,16.0,0.0,81.035,80.883,100.0,100.0,43.019,74.533,32.414,0.0,3.587,82.484,82.817,0.0,NORMAL
204,2026-06-03 03:00:00+00:00,3,2,0.707107,0.707107,0.974928,-0.222521,False,False,NIGHT,0.0,1.0,4.0,14.0,49.0,266.0,0.0,0.0,0.0,0.0,3.078,80.28,7.89,80.278,78.853,19.72,2.11,6.27,17.99,100.0,100.0,7.15,4.48,15.37,2.09,43.058,0.0,23.333,31.541,False,,0.0,63.407,0.0,0.0,0.0,0.0,0.0,2.0,-1.18,0.0,7.0,0.0,79.295,80.355,100.0,100.0,41.283,74.533,31.718,15.0,0.0,80.556,80.821,100.0,100.0,44.203,48.933,32.222,8.4,3.752,84.076,83.82,0.32,NORMAL
205,2026-06-03 03:15:00+00:00,3,2,0.707107,0.707107,0.974928,-0.222521,False,False,NIGHT,2.0,2.0,4.0,13.0,46.0,266.0,0.0,0.0,0.0,3.36,2.793,80.34,7.97,80.338,79.669,19.66,2.03,5.76,16.86,100.0,100.0,7.14,4.46,15.4,2.09,42.971,0.0,74.533,31.867,False,,0.0,68.184,0.0,0.0,0.0,0.0,0.0,1.0,-1.02,0.0,6.0,0.0,79.889,80.201,100.0,100.0,41.79,48.933,31.956,15.0,0.0,79.818,80.834,100.0,100.0,43.955,23.333,31.927,5.04,4.802,84.394,83.847,0.32,NORMAL
206,2026-06-03 03:30:00+00:00,3,2,0.707107,0.707107,0.974928,-0.222521,False,False,NIGHT,1.0,3.0,4.0,10.0,45.0,264.0,0.0,0.0,0.0,1.68,1.892,80.38,7.87,80.384,78.681,19.62,2.13,4.5,14.11,100.0,100.0,6.84,4.43,15.72,2.03,41.765,0.0,48.933,31.473,False,,0.0,65.584,0.0,0.0,0.0,0.0,0.0,1.0,-0.7,0.0,5.0,0.0,80.634,80.589,100.0,100.0,42.635,74.533,32.254,17.0,0.0,78.972,80.508,100.0,100.0,43.672,48.933,31.589,8.92,4.61,86.33,84.731,0.8,NORMAL
207,2026-06-03 03:45:00+00:00,3,2,0.707107,0.707107,0.974928,-0.222521,False,False,NIGHT,1.0,2.0,4.0,10.0,42.0,264.0,0.0,0.0,0.0,1.68,2.732,80.11,7.88,80.111,78.779,19.89,2.12,6.27,17.99,100.0,100.0,6.53,4.41,16.06,1.97,40.52,0.0,48.933,31.511,False,,0.0,65.431,0.0,0.0,0.0,0.0,0.0,0.0,-0.38,0.0,4.0,0.0,81.035,80.883,100.0,100.0,43.019,74.533,32.414,18.0,0.0,81.77,81.137,100.0,100.0,42.602,100.0,32.708,7.88,5.417,86.945,85.285,0.96,NORMAL
208,2026-06-03 04:00:00+00:00,4,2,0.866025,0.5,0.974928,-0.222521,False,False,NIGHT,2.0,3.0,6.0,12.0,41.0,266.0,0.0,0.0,0.0,3.36,2.178,80.35,7.93,80.355,79.295,19.65,2.07,6.27,17.99,100.0,100.0,6.74,4.4,15.85,2.01,41.283,0.0,74.533,31.718,False,,0.0,67.961,0.0,0.0,0.0,0.0,0.0,2.0,0.0,0.0,6.0,0.0,80.556,80.821,100.0,100.0,44.203,48.933,32.222,16.0,0.0,82.688,81.211,74.256,69.895,43.35,74.55,33.075,3.36,3.773,86.448,85.232,0.8,NORMAL
209,2026-06-03 04:15:00+00:00,4,2,0.866025,0.5,0.974928,-0.222521,False,False,NIGHT,1.0,3.0,5.0,12.0,41.0,263.0,0.0,0.0,0.0,1.68,2.056,80.2,7.99,80.201,79.889,19.8,2.01,6.27,17.99,100.0,100.0,6.88,4.4,15.72,2.03,41.79,0.0,48.933,31.956,False,,0.0,65.787,0.0,0.0,0.0,0.0,0.0,1.0,0.0,0.0,7.0,0.0,79.818,80.834,100.0,100.0,43.955,23.333,31.927,17.0,0.0,84.318,82.416,72.872,68.684,44.054,100.0,33.727,3.36,4.711,86.008,84.938,0.64,NORMAL
210,2026-06-03 04:30:00+00:00,4,2,0.866025,0.5,0.974928,-0.222521,False,False,NIGHT,2.0,3.0,6.0,13.0,41.0,261.0,0.0,0.0,0.0,3.36,1.512,80.59,8.06,80.589,80.634,19.41,1.94,6.27,17.99,100.0,100.0,7.1,4.41,15.49,2.07,42.635,0.0,74.533,32.254,False,,0.0,68.401,0.0,0.0,0.0,0.0,0.0,2.0,0.0,0.0,11.0,0.0,78.972,80.508,100.0,100.0,43.672,48.933,31.589,15.0,0.0,83.301,82.446,72.502,68.351,43.448,74.567,33.32,0.0,4.937,83.943,83.91,0.17,NORMAL
211,2026-06-03 04:45:00+00:00,4,2,0.866025,0.5,0.974928,-0.222521,False,False,NIGHT,2.0,4.0,7.0,15.0,37.0,262.0,0.0,0.0,0.0,3.36,2.023,80.88,8.1,80.883,81.035,19.12,1.9,5.95,17.3,100.0,100.0,7.2,4.42,15.38,2.09,43.019,0.0,74.533,32.414,False,,0.0,68.581,0.0,0.0,0.0,0.0,0.0,3.0,0.0,0.0,12.0,0.0,81.77,81.137,100.0,100.0,42.602,100.0,32.708,18.0,0.0,82.746,82.08,76.415,71.874,43.517,48.933,33.098,6.72,4.231,86.325,84.294,0.33,NORMAL
212,2026-06-03 05:00:00+00:00,5,2,0.965926,0.258819,0.974928,-0.222521,False,False,NIGHT,1.0,3.0,6.0,16.0,35.0,261.0,0.0,0.0,0.0,1.68,2.121,80.82,8.06,80.821,80.556,19.18,1.94,4.37,13.81,100.0,100.0,7.51,4.42,15.07,2.15,44.203,0.0,48.933,32.222,False,,0.0,66.274,0.0,0.0,0.0,0.0,0.0,0.0,0.0,0.0,9.0,0.0,82.688,81.211,74.256,69.895,43.35,74.55,33.075,17.0,0.0,82.095,81.48,71.653,67.55,42.968,48.933,32.838,0.0,4.666,84.579,83.302,0.0,NORMAL
213,2026-06-03 05:15:00+00:00,5,2,0.965926,0.258819,0.974928,-0.222521,False,False,NIGHT,0.0,1.0,5.0,14.0,32.0,260.0,0.0,0.0,0.0,0.0,0.243,80.83,7.98,80.834,79.818,19.17,2.02,6.27,17.99,100.0,100.0,7.45,4.41,15.13,2.14,43.955,0.0,23.333,31.927,False,,0.0,63.803,0.0,0.0,0.0,0.0,0.0,0.0,0.0,0.0,8.0,0.0,84.318,82.416,72.872,68.684,44.054,100.0,33.727,21.0,0.0,81.978,81.527,71.694,67.589,44.258,74.533,32.791,8.4,5.495,85.44,83.942,0.32,NORMAL
214,2026-06-03 05:30:00+00:00,5,2,0.965926,0.258819,0.974928,-0.222521,False,False,NIGHT,1.0,1.0,4.0,14.0,32.0,259.0,0.0,0.0,0.0,1.68,3.321,80.51,7.9,80.508,78.972,19.49,2.1,6.27,17.99,100.0,100.0,7.39,4.4,15.21,2.12,43.672,0.0,48.933,31.589,False,,0.0,65.841,0.0,0.0,0.0,0.0,0.0,-2.0,0.0,0.0,6.0,0.0,83.301,82.446,72.502,68.351,43.448,74.567,33.32,22.0,0.0,82.314,81.647,81.262,76.214,44.677,74.533,32.926,5.04,3.6,85.412,84.305,0.32,NORMAL
215,2026-06-03 05:45:00+00:00,5,2,0.965926,0.258819,0.974928,-0.222521,False,False,NIGHT,4.0,5.0,6.0,17.0,35.0,261.0,0.0,0.0,0.0,6.72,3.085,81.14,8.18,81.137,81.77,18.86,1.82,5.69,16.72,100.0,100.0,7.08,4.42,15.5,2.07,42.602,0.16,100.0,32.708,False,,0.0,71.038,0.0,0.0,0.0,0.0,0.0,-1.0,0.16,0.04,6.0,0.0,82.746,82.08,76.415,71.874,43.517,48.933,33.098,26.0,0.0,82.058,82.206,72.291,68.152,42.904,74.533,32.823,5.04,3.69,86.065,84.577,0.32,MODERATE
216,2026-06-03 06:00:00+00:00,6,2,1.0,0.0,0.974928,-0.222521,False,False,MORNING,2.0,6.0,7.0,19.0,33.0,257.0,0.0,0.0,0.0,3.36,2.699,81.21,8.27,81.211,82.688,18.79,1.73,11.51,26.41,74.256,69.895,7.26,4.45,15.3,2.11,43.35,0.0,74.55,33.075,False,,0.0,62.313,0.0,0.0,0.0,0.0,0.0,1.0,0.0,0.0,7.0,0.0,82.095,81.48,71.653,67.55,42.968,48.933,32.838,28.0,0.0,82.495,82.393,73.55,69.298,42.253,100.0,32.998,3.36,4.292,85.995,84.351,0.16,NORMAL
217,2026-06-03 06:15:00+00:00,6,2,1.0,0.0,0.974928,-0.222521,False,False,MORNING,4.0,6.0,11.0,21.0,34.0,260.0,0.0,0.0,0.0,6.72,1.247,82.42,8.43,82.416,84.318,17.58,1.57,11.9,27.27,72.872,68.684,7.41,4.48,15.11,2.14,44.054,0.16,100.0,33.727,False,,0.0,64.947,0.0,0.0,0.0,0.0,0.0,6.0,0.16,0.04,9.0,0.0,81.978,81.527,71.694,67.589,44.258,74.533,32.791,27.0,0.0,82.669,82.412,72.473,68.323,43.41,74.533,33.067,8.707,3.551,88.245,85.415,0.8,NORMAL
218,2026-06-03 06:30:00+00:00,6,2,1.0,0.0,0.974928,-0.222521,False,False,MORNING,2.0,6.0,12.0,22.0,32.0,262.0,0.0,0.0,0.0,3.36,3.645,82.45,8.33,82.446,83.301,17.55,1.67,11.97,27.41,72.502,68.351,7.23,4.5,15.27,2.11,43.448,0.0,74.567,33.32,False,,0.0,62.322,0.0,0.0,0.0,0.0,0.0,8.0,0.0,0.0,9.0,0.0,82.314,81.647,81.262,76.214,44.677,74.533,32.926,27.0,0.0,84.437,83.518,73.445,69.24,43.616,100.0,33.775,8.276,4.999,88.781,86.181,0.97,NORMAL
219,2026-06-03 06:45:00+00:00,6,2,1.0,0.0,0.974928,-0.222521,False,False,MORNING,1.0,3.0,9.0,22.0,32.0,261.0,0.0,0.0,0.0,1.68,3.368,82.08,8.27,82.08,82.746,17.92,1.73,11.31,25.95,76.415,71.874,7.24,4.51,15.25,2.11,43.517,0.0,48.933,33.098,False,,0.0,60.722,0.0,0.0,0.0,0.0,0.0,3.0,-0.16,0.0,12.0,0.0,82.058,82.206,72.291,68.152,42.904,74.533,32.823,22.0,0.0,82.484,82.817,90.486,84.498,44.133,23.333,32.994,7.984,4.687,89.661,86.917,1.29,NORMAL
220,2026-06-03 07:00:00+00:00,7,2,0.965926,-0.258819,0.974928,-0.222521,False,False,MORNING,1.0,2.0,8.0,21.0,33.0,259.0,0.0,0.0,0.0,1.68,4.34,81.48,8.21,81.48,82.095,18.52,1.79,11.97,27.41,71.653,67.55,7.09,4.51,15.4,2.09,42.968,0.0,48.933,32.838,False,,0.0,59.32,0.0,0.0,0.0,0.0,0.0,1.0,0.0,0.0,10.0,0.0,82.495,82.393,73.55,69.298,42.253,100.0,32.998,26.0,0.0,84.076,83.82,73.71,69.49,47.509,100.0,33.63,5.273,6.565,89.55,86.605,1.13,NORMAL
221,2026-06-03 07:15:00+00:00,7,2,0.965926,-0.258819,0.974928,-0.222521,False,False,MORNING,2.0,3.0,6.0,22.0,34.0,259.0,0.0,0.0,0.0,3.36,3.219,81.53,8.2,81.527,81.978,18.47,1.8,11.97,27.41,71.694,67.589,7.44,4.51,15.05,2.15,44.258,0.0,74.533,32.791,False,,0.0,61.737,0.0,0.0,0.0,0.0,0.0,-5.0,-0.16,0.0,12.0,0.0,82.669,82.412,72.473,68.323,43.41,74.533,33.067,21.0,0.0,84.394,83.847,73.734,69.513,44.32,100.0,33.758,5.04,5.937,88.115,86.525,1.13,NORMAL
222,2026-06-03 07:30:00+00:00,7,2,0.965926,-0.258819,0.974928,-0.222521,False,False,MORNING,2.0,4.0,6.0,22.0,35.0,261.0,0.0,0.0,0.0,3.36,2.744,81.65,8.23,81.647,82.314,18.35,1.77,10.58,24.35,81.262,76.214,7.55,4.52,14.94,2.17,44.677,0.0,74.533,32.926,False,,0.0,64.051,0.0,0.0,0.0,0.0,0.0,-6.0,0.0,0.0,13.0,0.0,84.437,83.518,73.445,69.24,43.616,100.0,33.775,23.0,0.69,86.33,84.731,88.394,82.74,43.749,100.0,38.674,6.72,5.323,88.878,86.798,1.29,NORMAL
223,2026-06-03 07:45:00+00:00,7,2,0.965926,-0.258819,0.974928,-0.222521,False,False,MORNING,2.0,4.0,7.0,22.0,37.0,261.0,0.0,0.0,0.0,3.36,1.227,82.21,8.21,82.206,82.058,17.79,1.79,11.97,27.41,72.291,68.152,7.07,4.51,15.42,2.09,42.904,0.0,74.533,32.823,False,,0.0,61.919,0.0,0.0,0.0,0.0,0.0,-2.0,0.0,0.0,14.0,0.0,82.484,82.817,90.486,84.498,44.133,23.333,32.994,20.0,0.0,86.945,85.285,87.651,82.087,45.631,100.0,34.778,6.72,4.884,88.983,87.246,1.45,NORMAL
224,2026-06-03 08:00:00+00:00,8,2,0.866025,-0.5,0.974928,-0.222521,False,False,MORNING,3.0,5.0,9.0,24.0,40.0,260.0,0.0,0.0,0.0,5.04,4.118,82.39,8.25,82.393,82.495,17.61,1.75,11.79,27.02,73.55,69.298,6.89,4.52,15.59,2.05,42.253,0.0,100.0,32.998,False,,0.0,64.57,0.0,0.0,0.0,0.0,0.0,1.0,0.0,0.0,18.0,0.0,84.076,83.82,73.71,69.49,47.509,100.0,33.63,19.0,0.0,86.448,85.232,89.323,83.577,48.575,82.575,34.579,7.587,5.222,89.485,87.787,1.77,NORMAL
225,2026-06-03 08:15:00+00:00,8,2,0.866025,-0.5,0.974928,-0.222521,False,False,MORNING,2.0,5.0,9.0,26.0,40.0,259.0,0.0,0.0,0.0,3.36,3.214,82.41,8.27,82.412,82.669,17.59,1.73,11.97,27.41,72.473,68.323,7.2,4.52,15.28,2.11,43.41,0.0,74.533,33.067,False,,0.0,62.175,0.0,0.0,0.0,0.0,0.0,3.0,0.0,0.0,15.0,0.0,84.394,83.847,73.734,69.513,44.32,100.0,33.758,19.0,0.0,86.008,84.938,74.694,70.417,45.679,80.983,34.403,5.853,6.348,89.191,87.693,1.77,NORMAL
226,2026-06-03 08:30:00+00:00,8,2,0.866025,-0.5,0.974928,-0.222521,False,False,MORNING,5.0,7.0,12.0,30.0,44.0,263.0,0.0,0.0,0.0,8.4,3.269,83.52,8.44,83.518,84.437,16.48,1.56,11.97,27.41,73.445,69.24,7.23,4.55,15.22,2.12,43.616,0.32,100.0,33.775,False,,0.0,65.309,0.0,0.0,0.0,0.0,0.0,6.0,0.32,0.08,14.0,0.69,86.33,84.731,88.394,82.74,43.749,100.0,38.674,24.0,0.0,83.943,83.91,75.962,71.529,44.879,24.992,33.577,3.36,5.639,87.696,87.273,1.61,NORMAL
227,2026-06-03 08:45:00+00:00,8,2,0.866025,-0.5,0.974928,-0.222521,False,False,MORNING,0.0,5.0,10.0,26.0,43.0,261.0,0.0,0.0,0.0,0.0,3.587,82.82,8.25,82.817,82.484,17.18,1.75,9.63,22.28,90.486,84.498,7.37,4.55,15.08,2.14,44.133,0.0,23.333,32.994,False,,0.0,61.787,0.0,0.0,0.0,0.0,0.0,3.0,0.0,0.0,8.0,0.0,86.945,85.285,87.651,82.087,45.631,100.0,34.778,28.0,0.0,86.325,84.294,91.921,85.846,44.703,100.0,34.53,7.599,5.968,89.305,87.519,1.93,NORMAL
228,2026-06-03 09:00:00+00:00,9,2,0.707107,-0.707107,0.974928,-0.222521,False,False,MORNING,5.0,5.0,12.0,29.0,48.0,261.0,0.0,0.0,0.0,8.4,3.752,83.82,8.41,83.82,84.076,16.18,1.59,11.97,27.41,73.71,69.49,8.27,4.56,14.17,2.31,47.509,0.32,100.0,33.63,False,,0.0,65.715,0.0,0.0,0.0,0.0,0.0,3.0,0.32,0.08,8.0,0.0,86.448,85.232,89.323,83.577,48.575,82.575,34.579,29.0,0.0,84.579,83.302,79.597,74.784,46.136,23.333,33.832,7.48,6.509,90.375,87.655,2.25,NORMAL
229,2026-06-03 09:15:00+00:00,9,2,0.707107,-0.707107,0.974928,-0.222521,False,False,MORNING,3.0,8.0,13.0,28.0,49.0,258.0,0.0,0.0,0.0,5.04,4.802,83.85,8.44,83.847,84.394,16.15,1.56,11.97,27.41,73.734,69.513,7.39,4.58,15.03,2.15,44.32,0.32,100.0,33.758,False,,0.0,65.504,0.0,0.0,0.0,0.0,0.0,4.0,0.32,0.08,6.0,0.0,86.008,84.938,74.694,70.417,45.679,80.983,34.403,31.0,0.0,85.44,83.942,73.818,69.591,46.736,100.0,34.176,5.081,6.704,90.043,87.283,2.09,NORMAL
230,2026-06-03 09:30:00+00:00,9,2,0.707107,-0.707107,0.974928,-0.222521,False,False,MORNING,6.0,9.0,14.0,32.0,54.0,259.0,0.69,0.0,0.0,8.92,4.61,84.73,8.63,84.731,86.33,15.27,1.37,10.13,23.36,88.394,82.74,7.18,4.64,15.19,2.13,43.749,0.8,100.0,38.674,False,,1.2,69.822,0.69,0.69,0.69,0.043,0.69,2.0,0.48,0.372,9.0,0.0,83.943,83.91,75.962,71.529,44.879,24.992,33.577,29.0,0.0,85.412,84.305,74.137,69.892,46.103,100.0,34.165,3.36,6.367,88.616,86.674,1.94,NORMAL
231,2026-06-03 09:45:00+00:00,9,2,0.707107,-0.707107,0.974928,-0.222521,False,False,MORNING,4.0,10.0,18.0,35.0,57.0,259.0,0.0,0.06,0.0621,7.88,5.417,85.29,8.69,85.285,86.945,14.71,1.31,10.24,23.61,87.651,82.087,7.65,4.67,14.68,2.22,45.631,0.96,100.0,34.778,False,,0.0,69.627,-0.69,0.0,0.0,0.043,0.69,8.0,0.96,0.24,12.0,0.0,86.325,84.294,91.921,85.846,44.703,100.0,34.53,30.0,0.0,86.065,84.577,74.376,70.118,45.186,100.0,34.426,3.36,6.274,86.993,86.108,1.78,NORMAL
232,2026-06-03 10:00:00+00:00,10,2,0.5,-0.866025,0.974928,-0.222521,False,False,MORNING,2.0,6.0,15.0,36.0,57.0,259.0,0.0,0.0,0.0,3.36,3.773,85.23,8.64,85.232,86.448,14.77,1.36,10.04,23.18,89.323,83.577,8.43,4.68,13.88,2.36,48.575,0.8,82.575,34.579,False,,0.0,68.592,0.0,-0.69,0.0,0.043,0.69,3.0,0.48,0.2,11.0,0.0,84.579,83.302,79.597,74.784,46.136,23.333,33.832,31.0,0.0,85.995,84.351,74.178,69.93,44.416,76.167,34.398,3.36,7.417,85.995,85.193,1.62,NORMAL
233,2026-06-03 10:15:00+00:00,10,2,0.5,-0.866025,0.974928,-0.222521,False,False,MORNING,2.0,4.0,14.0,36.0,58.0,256.0,0.0,0.0,0.0,3.36,4.711,84.94,8.6,84.938,86.008,15.06,1.4,11.97,27.41,74.694,70.417,7.64,4.69,14.67,2.22,45.679,0.64,80.983,34.403,False,,0.0,64.701,0.0,0.0,0.0,0.043,0.69,1.0,0.32,0.16,13.0,0.0,85.44,83.942,73.818,69.591,46.736,100.0,34.176,34.0,1.82,88.245,85.415,75.832,71.49,43.795,100.0,46.201,5.04,4.703,86.365,85.24,1.62,NORMAL
234,2026-06-03 10:30:00+00:00,10,2,0.5,-0.866025,0.974928,-0.222521,False,False,MORNING,0.0,2.0,8.0,34.0,56.0,255.0,0.0,0.0,0.0,0.0,4.937,83.91,8.39,83.91,83.943,16.09,1.61,11.63,26.66,75.962,71.529,7.44,4.68,14.88,2.18,44.879,0.17,24.992,33.577,False,,0.0,59.236,0.0,0.0,-0.69,0.043,0.69,-6.0,-0.63,0.042,15.0,0.0,85.412,84.305,74.137,69.892,46.103,100.0,34.165,30.0,0.89,88.781,86.181,76.139,71.78,44.938,100.0,40.858,8.372,4.672,87.535,86.048,1.94,NORMAL
235,2026-06-03 10:45:00+00:00,10,2,0.5,-0.866025,0.974928,-0.222521,False,False,MORNING,4.0,4.0,8.0,36.0,58.0,252.0,0.0,0.0,0.0,6.72,4.231,84.29,8.63,84.294,86.325,15.71,1.37,9.65,22.32,91.921,85.846,7.38,4.69,14.93,2.17,44.703,0.33,100.0,34.53,False,,0.0,70.165,0.0,0.0,0.0,0.043,0.69,-10.0,-0.63,0.082,16.0,0.0,86.065,84.577,74.376,70.118,45.186,100.0,34.426,28.0,1.14,89.661,86.917,78.081,73.565,47.029,100.0,42.696,1.708,6.441,85.071,85.111,1.62,MODERATE
236,2026-06-03 11:00:00+00:00,11,2,0.258819,-0.965926,0.974928,-0.222521,False,False,MORNING,0.0,4.0,6.0,33.0,57.0,245.0,0.0,0.0,0.0,0.0,4.666,83.3,8.46,83.302,84.579,16.7,1.54,11.02,25.32,79.597,74.784,7.77,4.68,14.54,2.24,46.136,0.0,23.333,33.832,False,,0.0,60.02,0.0,0.0,0.0,0.043,0.69,-9.0,-0.8,0.0,18.0,0.0,85.995,84.351,74.178,69.93,44.416,76.167,34.398,28.0,0.0,89.55,86.605,88.164,82.603,48.661,85.8,35.82,6.72,4.683,86.461,85.482,1.78,NORMAL
237,2026-06-03 11:15:00+00:00,11,2,0.258819,-0.965926,0.974928,-0.222521,False,False,MORNING,5.0,5.0,9.0,36.0,62.0,247.0,0.0,0.0,0.0,8.4,5.495,83.94,8.54,83.942,85.44,16.06,1.46,11.97,27.41,73.818,69.591,7.93,4.69,14.38,2.27,46.736,0.32,100.0,34.176,False,,0.0,65.971,0.0,0.0,0.0,0.043,0.69,-5.0,-0.32,0.08,18.0,1.82,88.245,85.415,75.832,71.49,43.795,100.0,46.201,31.0,0.0,88.115,86.525,88.681,83.062,48.279,100.0,35.246,6.72,4.965,87.115,85.855,1.94,NORMAL
238,2026-06-03 11:30:00+00:00,11,2,0.258819,-0.965926,0.974928,-0.222521,False,False,MORNING,3.0,8.0,12.0,34.0,64.0,247.0,0.0,0.0,0.0,5.04,3.6,84.3,8.54,84.305,85.412,15.7,1.46,11.97,27.41,74.137,69.892,7.76,4.69,14.55,2.24,46.103,0.32,100.0,34.165,False,,0.0,66.062,0.0,0.0,0.0,0.043,0.69,4.0,0.15,0.08,14.0,0.89,88.781,86.181,76.139,71.78,44.938,100.0,40.858,30.0,0.0,88.878,86.798,76.329,71.959,46.645,100.0,35.551,3.36,5.266,86.936,85.397,1.78,NORMAL
239,2026-06-03 11:45:00+00:00,11,2,0.258819,-0.965926,0.974928,-0.222521,False,False,MORNING,3.0,6.0,11.0,37.0,63.0,247.0,0.0,0.0,0.0,5.04,3.69,84.58,8.61,84.577,86.065,15.42,1.39,11.97,27.41,74.376,70.118,7.5,4.7,14.8,2.2,45.186,0.32,100.0,34.426,False,,0.0,66.226,0.0,0.0,0.0,0.043,0.69,3.0,-0.01,0.08,14.0,1.14,89.661,86.917,78.081,73.565,47.029,100.0,42.696,28.0,0.0,88.983,87.246,76.723,72.33,48.393,100.0,35.593,8.305,4.229,88.945,86.215,2.42,NORMAL
240,2026-06-03 12:00:00+00:00,12,2,0.0,-1.0,0.974928,-0.222521,False,False,MORNING,2.0,5.0,13.0,34.0,63.0,245.0,0.0,0.0,0.0,3.36,4.292,84.35,8.6,84.351,85.995,15.65,1.4,11.97,27.41,74.178,69.93,7.29,4.7,15.01,2.16,44.416,0.16,76.167,34.398,False,,0.0,63.902,0.0,0.0,0.0,0.043,0.69,7.0,0.16,0.04,13.0,0.0,89.55,86.605,88.164,82.603,48.661,85.8,35.82,26.0,0.48,89.485,87.787,90.289,85.871,48.381,100.0,38.698,7.969,4.63,89.583,86.985,2.9,NORMAL
241,2026-06-03 12:15:00+00:00,12,2,0.0,-1.0,0.974928,-0.222521,False,False,MORNING,7.0,9.0,15.0,38.0,66.0,248.0,1.82,0.0,0.0,8.707,3.551,85.42,8.82,85.415,88.245,14.58,1.18,11.97,27.41,75.832,71.49,7.03,4.8,15.18,2.13,43.795,0.8,100.0,46.201,False,,3.3,68.225,1.82,1.82,1.82,0.157,1.82,6.0,0.48,0.655,16.0,0.0,88.115,86.525,88.681,83.062,48.279,100.0,35.246,23.0,0.0,89.191,87.693,89.969,85.567,48.158,100.0,35.676,7.673,6.143,90.298,87.296,3.06,NORMAL
242,2026-06-03 12:30:00+00:00,12,2,0.0,-1.0,0.974928,-0.222521,False,False,MORNING,4.0,11.0,16.0,36.0,68.0,247.0,0.89,0.16,0.1635,8.276,4.999,86.18,8.88,86.181,88.781,13.82,1.12,11.97,27.41,76.139,71.78,7.29,4.85,14.87,2.18,44.938,0.97,100.0,40.858,False,,1.7,68.08,-0.93,0.89,0.89,0.213,1.82,4.0,0.65,0.465,16.0,0.0,88.878,86.798,76.329,71.959,46.645,100.0,35.551,23.0,0.0,87.696,87.273,99.829,94.608,48.99,90.65,35.078,7.546,4.874,90.567,87.937,3.55,NORMAL
243,2026-06-03 12:45:00+00:00,12,2,0.0,-1.0,0.974928,-0.222521,False,False,MORNING,5.0,9.0,18.0,37.0,72.0,249.0,1.14,0.08,0.0704,7.984,4.687,86.92,8.97,86.917,89.661,13.08,1.03,11.79,27.01,78.081,73.565,7.79,4.91,14.3,2.29,47.029,1.29,100.0,42.696,False,,2.3,69.214,0.2499999999999999,-0.6800000000000002,1.14,0.284,1.82,7.0,0.97,0.607,14.0,0.0,88.983,87.246,76.723,72.33,48.393,100.0,35.593,26.0,0.48,89.305,87.519,95.914,91.037,49.097,100.0,38.584,7.305,5.82,91.312,88.234,3.39,NORMAL
244,2026-06-03 13:00:00+00:00,13,2,-0.258819,-0.965926,0.974928,-0.222521,False,False,MORNING,2.0,7.0,18.0,37.0,73.0,246.0,0.0,0.1,0.1025,5.273,6.565,86.61,8.96,86.605,89.55,13.39,1.04,10.34,23.83,88.164,82.603,8.23,4.91,13.86,2.36,48.661,1.13,85.8,35.82,False,,0.0,69.557,-1.14,-0.89,0.0,0.284,1.82,5.0,0.97,0.282,15.0,0.48,89.485,87.787,90.289,85.871,48.381,100.0,38.698,22.0,1.02,90.375,87.655,99.219,94.08,48.227,100.0,42.296,7.183,8.242,90.871,88.013,3.39,NORMAL
245,2026-06-03 13:15:00+00:00,13,2,-0.258819,-0.965926,0.974928,-0.222521,False,False,MORNING,3.0,5.0,14.0,38.0,74.0,247.0,0.0,0.0,0.0,5.04,5.937,86.52,8.81,86.525,88.115,13.48,1.19,10.27,23.67,88.681,83.062,8.14,4.9,13.96,2.35,48.279,1.13,100.0,35.246,False,,0.0,70.613,0.0,-1.14,-1.82,0.284,1.82,-1.0,0.33,0.282,15.0,0.0,89.191,87.693,89.969,85.567,48.158,100.0,35.676,21.0,0.0,90.043,87.283,96.36,91.43,48.392,95.475,36.017,7.272,6.573,91.777,88.097,3.71,MODERATE
246,2026-06-03 13:30:00+00:00,13,2,-0.258819,-0.965926,0.974928,-0.222521,False,False,MORNING,4.0,7.0,14.0,42.0,76.0,246.0,0.0,0.0,0.0,6.72,5.323,86.8,8.89,86.798,88.878,13.2,1.11,11.97,27.41,76.329,71.959,7.7,4.9,14.41,2.27,46.645,1.29,100.0,35.551,False,,0.0,67.864,0.0,0.0,-0.89,0.241,1.82,-2.0,0.32,0.322,14.0,0.0,87.696,87.273,99.829,94.608,48.99,90.65,35.078,23.0,0.0,88.616,86.674,93.769,89.031,49.223,93.883,35.446,7.225,7.326,90.308,88.219,4.35,NORMAL
247,2026-06-03 13:45:00+00:00,13,2,-0.258819,-0.965926,0.974928,-0.222521,False,False,MORNING,4.0,8.0,13.0,42.0,78.0,248.0,0.0,0.0,0.0,6.72,4.884,87.25,8.9,87.246,88.983,12.75,1.1,11.97,27.41,76.723,72.33,8.17,4.9,13.93,2.35,48.393,1.45,100.0,35.593,False,,0.0,68.232,0.0,0.0,-1.14,0.241,1.82,-5.0,0.16,0.362,14.0,0.48,89.305,87.519,95.914,91.037,49.097,100.0,38.584,23.0,0.0,86.993,86.108,88.343,84.02,47.86,92.292,34.797,7.205,7.462,91.09,88.077,4.51,NORMAL
248,2026-06-03 14:00:00+00:00,14,2,-0.5,-0.866025,0.974928,-0.222521,False,False,EVENING,5.0,9.0,16.0,47.0,80.0,252.0,0.48,0.0,0.0,7.587,5.222,87.79,8.95,87.787,89.485,12.21,1.05,10.26,23.29,90.289,85.871,8.15,4.92,13.94,2.35,48.381,1.77,100.0,38.698,False,,1.0,72.011,0.48,0.48,0.48,0.271,1.82,-2.0,0.64,0.562,11.0,1.02,90.375,87.655,99.219,94.08,48.227,100.0,42.296,28.0,0.0,85.995,85.193,99.399,94.136,47.707,90.7,34.398,7.245,6.844,91.371,88.149,4.35,MODERATE
249,2026-06-03 14:15:00+00:00,14,2,-0.5,-0.866025,0.974928,-0.222521,False,False,EVENING,3.0,8.0,16.0,45.0,81.0,253.0,0.0,0.04,0.0436,5.853,6.348,87.69,8.92,87.693,89.191,12.31,1.08,10.26,23.29,89.969,85.567,8.09,4.92,14.0,2.34,48.158,1.77,100.0,35.676,False,,0.0,71.529,-0.48,0.0,0.0,0.271,1.82,2.0,0.64,0.442,8.0,0.0,90.043,87.283,96.36,91.43,48.392,95.475,36.017,32.0,0.0,86.365,85.24,87.852,83.541,47.105,100.0,34.546,7.213,7.5,91.671,88.047,4.35,MODERATE
250,2026-06-03 14:30:00+00:00,14,2,-0.5,-0.866025,0.974928,-0.222521,False,False,EVENING,2.0,5.0,14.0,44.0,78.0,253.0,0.0,0.0,0.0,3.36,5.639,87.27,8.77,87.273,87.696,12.73,1.23,9.2,20.97,99.829,94.608,8.33,4.9,13.77,2.38,48.99,1.61,90.65,35.078,False,,0.0,72.639,0.0,-0.48,0.0,0.271,1.82,0.0,0.32,0.402,9.0,0.0,88.616,86.674,93.769,89.031,49.223,93.883,35.446,33.0,0.02,87.535,86.048,91.948,87.336,45.62,100.0,35.113,6.899,7.178,92.234,87.921,4.51,MODERATE
251,2026-06-03 14:45:00+00:00,14,2,-0.5,-0.866025,0.974928,-0.222521,False,False,EVENING,5.0,7.0,15.0,46.0,83.0,255.0,0.48,0.0,0.0,7.599,5.968,87.52,8.93,87.519,89.305,12.48,1.07,9.63,21.9,95.914,91.037,8.34,4.92,13.74,2.39,49.097,1.93,100.0,38.584,False,,1.0,73.275,0.48,0.48,0.48,0.301,1.82,2.0,0.48,0.602,12.0,0.0,86.993,86.108,88.343,84.02,47.86,92.292,34.797,34.0,0.0,85.071,85.111,88.873,84.478,45.723,65.125,34.029,7.283,5.773,92.175,88.304,4.99,MODERATE
252,2026-06-03 15:00:00+00:00,15,2,-0.707107,-0.707107,0.974928,-0.222521,False,False,EVENING,5.0,10.0,15.0,49.0,83.0,257.0,1.02,0.04,0.0419,7.48,6.509,87.66,9.04,87.655,90.375,12.34,0.96,9.35,21.29,99.219,94.08,8.06,4.96,13.98,2.34,48.227,2.25,100.0,42.296,False,,2.2,74.548,0.54,1.02,0.54,0.364,1.82,-1.0,0.48,0.818,11.0,0.0,85.995,85.193,99.399,94.136,47.707,90.7,34.398,35.0,0.0,86.461,85.482,87.701,83.409,45.543,100.0,34.584,12.167,5.619,96.494,89.51,5.95,MODERATE
253,2026-06-03 15:15:00+00:00,15,2,-0.707107,-0.707107,0.974928,-0.222521,False,False,EVENING,2.0,7.0,14.0,44.0,82.0,254.0,0.0,0.09,0.0922,5.081,6.704,87.28,9.0,87.283,90.043,12.72,1.0,9.53,21.7,96.36,91.43,8.1,4.96,13.93,2.35,48.392,2.09,95.475,36.017,False,,0.0,72.694,-1.02,-0.48,0.0,0.364,1.82,-2.0,0.32,0.522,13.0,0.0,86.365,85.24,87.852,83.541,47.105,100.0,34.546,34.0,0.0,87.115,85.855,92.358,87.707,47.631,100.0,34.846,11.285,7.302,99.225,90.232,6.11,MODERATE
254,2026-06-03 15:30:00+00:00,15,2,-0.707107,-0.707107,0.974928,-0.222521,False,False,EVENING,2.0,4.0,14.0,42.0,78.0,250.0,0.0,0.0,0.0,3.36,6.367,86.67,8.86,86.674,88.616,13.33,1.14,9.73,22.13,93.769,89.031,8.35,4.94,13.71,2.39,49.223,1.94,93.883,35.446,False,,0.0,71.607,0.0,-1.02,0.0,0.364,1.82,0.0,0.33,0.485,14.0,0.02,87.535,86.048,91.948,87.336,45.62,100.0,35.113,35.0,0.0,86.936,85.397,93.862,89.073,47.151,92.35,34.774,10.752,6.961,100.0,91.01,6.75,MODERATE
255,2026-06-03 15:45:00+00:00,15,2,-0.707107,-0.707107,0.974928,-0.222521,False,False,EVENING,2.0,4.0,11.0,39.0,76.0,246.0,0.0,0.0,0.0,3.36,6.274,86.11,8.7,86.108,86.993,13.89,1.3,10.26,23.29,88.343,84.02,8.01,4.91,14.08,2.33,47.86,1.78,92.292,34.797,False,,0.0,69.64,0.0,0.0,-0.48,0.364,1.82,-4.0,-0.15,0.445,11.0,0.0,85.071,85.111,88.873,84.478,45.723,65.125,34.029,40.0,2.06,88.945,86.215,93.779,89.055,46.636,100.0,47.917,10.24,6.141,100.0,91.839,7.56,NORMAL
256,2026-06-03 16:00:00+00:00,16,2,-0.866025,-0.5,0.974928,-0.222521,False,False,EVENING,2.0,4.0,8.0,39.0,76.0,245.0,0.0,0.0,0.0,3.36,7.417,85.19,8.6,85.193,85.995,14.81,1.4,9.02,20.57,99.399,94.136,8.0,4.88,14.12,2.32,47.707,1.62,90.7,34.398,False,,0.0,71.622,0.0,0.0,-1.02,0.364,1.82,-7.0,-0.63,0.405,17.0,0.0,86.461,85.482,87.701,83.409,45.543,100.0,34.584,37.0,3.31,89.583,86.985,90.773,86.331,47.852,100.0,55.713,9.717,8.424,100.0,92.023,8.36,MODERATE
257,2026-06-03 16:15:00+00:00,16,2,-0.866025,-0.5,0.974928,-0.222521,False,False,EVENING,3.0,5.0,9.0,39.0,77.0,246.0,0.0,0.0,0.0,5.04,4.703,85.24,8.64,85.24,86.365,14.76,1.36,10.21,23.19,87.852,83.541,7.87,4.85,14.28,2.29,47.105,1.62,100.0,34.546,False,,0.0,69.832,0.0,0.0,0.0,0.251,1.14,-5.0,-0.47,0.405,19.0,0.0,87.115,85.855,92.358,87.707,47.631,100.0,34.846,33.0,2.75,90.298,87.296,94.111,89.406,49.379,100.0,52.594,9.602,10.152,100.0,91.733,9.0,NORMAL
258,2026-06-03 16:30:00+00:00,16,2,-0.866025,-0.5,0.974928,-0.222521,False,False,EVENING,5.0,8.0,12.0,40.0,82.0,248.0,0.02,0.0,0.0,8.372,4.672,86.05,8.75,86.048,87.535,13.95,1.25,9.85,22.39,91.948,87.336,7.47,4.84,14.68,2.22,45.62,1.94,100.0,35.113,False,,0.0,71.07,0.02,0.02,0.02,0.196,1.14,-2.0,0.0,0.49,19.0,0.0,86.936,85.397,93.862,89.073,47.151,92.35,34.774,32.0,4.25,90.567,87.937,92.723,88.17,48.591,100.0,61.751,9.784,6.931,100.0,92.218,10.12,MODERATE
259,2026-06-03 16:45:00+00:00,16,2,-0.866025,-0.5,0.974928,-0.222521,False,False,EVENING,1.0,6.0,11.0,37.0,79.0,248.0,0.0,0.0,0.0015,1.708,6.441,85.11,8.51,85.111,85.071,14.89,1.49,10.08,22.9,88.873,84.478,7.53,4.81,14.65,2.22,45.723,1.62,65.125,34.029,False,,0.0,66.517,-0.02,0.0,0.0,0.125,1.02,0.0,-0.16,0.405,23.0,2.06,88.945,86.215,93.779,89.055,46.636,100.0,47.917,30.0,1.91,91.312,88.234,94.688,89.955,48.525,100.0,47.96,9.479,8.556,100.0,92.372,10.44,NORMAL
260,2026-06-03 17:00:00+00:00,17,2,-0.965926,-0.258819,0.974928,-0.222521,False,False,EVENING,4.0,5.0,13.0,36.0,83.0,249.0,0.0,0.0,0.0,6.72,4.683,85.48,8.65,85.482,86.461,14.52,1.35,10.26,23.29,87.701,83.409,7.5,4.8,14.7,2.21,45.543,1.78,100.0,34.584,False,,0.0,69.73,0.0,-0.02,0.0,0.125,1.02,5.0,0.16,0.445,18.0,3.31,89.583,86.985,90.773,86.331,47.852,100.0,55.713,34.0,0.63,90.871,88.013,95.532,90.705,47.357,100.0,40.132,9.382,10.745,100.0,91.974,10.92,NORMAL
261,2026-06-03 17:15:00+00:00,17,2,-0.965926,-0.258819,0.974928,-0.222521,False,False,EVENING,4.0,8.0,14.0,37.0,82.0,251.0,0.0,0.0,0.0,6.72,4.965,85.86,8.71,85.855,87.115,14.14,1.29,9.79,22.25,92.358,87.707,8.06,4.8,14.14,2.31,47.631,1.94,100.0,34.846,False,,0.0,71.206,0.0,0.0,0.0,0.125,1.02,5.0,0.32,0.485,15.0,2.75,90.298,87.296,94.111,89.406,49.379,100.0,52.594,40.0,1.3,91.777,88.097,92.121,87.579,49.07,100.0,44.524,9.632,8.775,100.0,92.057,12.2,MODERATE
262,2026-06-03 17:30:00+00:00,17,2,-0.965926,-0.258819,0.974928,-0.222521,False,False,EVENING,2.0,6.0,11.0,37.0,81.0,250.0,0.0,0.0,0.0,3.36,5.266,85.4,8.69,85.397,86.936,14.6,1.31,9.58,21.79,93.862,89.073,7.94,4.79,14.27,2.29,47.151,1.78,92.35,34.774,False,,0.0,70.682,0.0,0.0,-0.02,0.125,1.02,-1.0,-0.16,0.445,16.0,4.25,90.567,87.937,92.723,88.17,48.591,100.0,61.751,39.0,4.0,90.308,88.219,100.0,100.0,49.461,100.0,60.132,9.58,7.993,100.0,92.359,13.8,MODERATE
263,2026-06-03 17:45:00+00:00,17,2,-0.965926,-0.258819,0.974928,-0.222521,False,False,EVENING,7.0,9.0,17.0,39.0,85.0,256.0,2.06,0.0,0.0,8.305,4.229,86.21,8.89,86.215,88.945,13.79,1.11,9.78,22.24,93.779,89.055,7.7,4.89,14.41,2.27,46.636,2.42,100.0,47.917,False,,4.0,73.212,2.06,2.06,2.06,0.254,2.06,6.0,0.8,1.12,17.0,1.91,91.312,88.234,94.688,89.955,48.525,100.0,47.96,39.0,3.71,91.09,88.077,92.077,87.571,48.231,100.0,58.712,9.39,7.939,100.0,92.626,14.28,MODERATE
264,2026-06-03 18:00:00+00:00,18,2,-1.0,-0.0,0.974928,-0.222521,False,False,EVENING,6.0,13.0,19.0,40.0,89.0,260.0,3.31,0.19,0.0559,7.969,4.63,86.99,8.96,86.985,89.583,13.01,1.04,10.26,23.29,90.773,86.331,7.9,5.02,14.08,2.33,47.852,2.9,100.0,55.713,False,,6.6,73.731,1.25,3.31,3.31,0.431,3.31,6.0,1.12,1.552,19.0,0.63,90.871,88.013,95.532,90.705,47.357,100.0,40.132,43.0,1.4,91.371,88.149,100.0,97.769,47.996,100.0,44.951,9.222,10.261,100.0,92.188,14.44,MODERATE
265,2026-06-03 18:15:00+00:00,18,2,-1.0,-0.0,0.974928,-0.222521,False,False,EVENING,4.0,10.0,19.0,42.0,86.0,262.0,2.75,0.3,0.1086,7.673,6.143,87.3,9.03,87.296,90.298,12.7,0.97,9.9,22.51,94.111,89.406,8.23,5.1,13.67,2.4,49.379,3.06,100.0,52.594,False,,5.7,74.491,-0.56,0.69,2.75,0.602,3.31,5.0,1.12,1.453,18.0,1.3,91.777,88.097,92.121,87.579,49.07,100.0,44.524,49.0,0.11,91.671,88.047,92.721,88.113,47.527,100.0,37.309,9.498,9.264,100.0,92.132,15.08,MODERATE
266,2026-06-03 18:30:00+00:00,18,2,-1.0,-0.0,0.974928,-0.222521,False,False,EVENING,6.0,10.0,23.0,46.0,88.0,266.0,4.25,0.25,0.0581,7.546,4.874,87.94,9.06,87.937,90.567,12.06,0.94,10.2,23.16,92.723,88.17,7.89,5.23,13.88,2.36,48.591,3.55,100.0,61.751,False,,9.0,75.26,1.5,0.94,4.25,0.868,4.25,12.0,1.77,1.95,16.0,4.0,90.308,88.219,100.0,100.0,49.461,100.0,60.132,53.0,0.0,92.234,87.921,95.751,90.893,47.696,100.0,36.894,9.533,8.441,100.0,92.258,15.57,MODERATE
267,2026-06-03 18:45:00+00:00,18,2,-1.0,-0.0,0.974928,-0.222521,False,False,EVENING,2.0,8.0,18.0,46.0,85.0,267.0,1.91,0.38,0.2009,7.305,5.82,88.23,9.13,88.234,91.312,11.77,0.87,9.9,22.51,94.688,89.955,7.84,5.26,13.9,2.36,48.525,3.39,100.0,47.96,False,,4.2,74.421,-2.34,-0.8400000000000001,-0.15000000000000013,0.958,4.25,1.0,0.97,1.325,13.0,3.71,91.09,88.077,92.077,87.571,48.231,100.0,58.712,59.0,1.66,92.175,88.304,95.001,90.242,48.328,100.0,46.86,9.454,8.784,100.0,92.305,15.57,MODERATE
268,2026-06-03 19:00:00+00:00,19,2,-0.965926,0.258819,0.974928,-0.222521,False,False,EVENING,3.0,5.0,15.0,47.0,86.0,265.0,0.63,0.17,0.1715,7.183,8.242,88.01,9.09,88.013,90.871,11.99,0.91,9.73,22.12,95.532,90.705,7.56,5.23,14.21,2.3,47.357,3.39,100.0,40.132,False,,1.4,73.551,-1.2799999999999998,-3.62,-2.68,0.933,4.25,-4.0,0.49,1.005,15.0,1.4,91.371,88.149,100.0,97.769,47.996,100.0,44.951,58.0,4.93,96.494,89.51,100.0,97.502,48.181,100.0,68.152,5.532,8.97,98.99,91.546,15.41,MODERATE
269,2026-06-03 19:15:00+00:00,19,2,-0.965926,0.258819,0.974928,-0.222521,False,False,EVENING,5.0,8.0,16.0,49.0,88.0,268.0,1.3,0.06,0.0436,7.272,6.573,88.1,9.18,88.097,91.777,11.9,0.82,10.13,23.01,92.121,87.579,8.01,5.24,13.75,2.38,49.07,3.71,100.0,44.524,False,,2.9,73.549,0.67,-0.6099999999999999,-1.45,1.014,4.25,-3.0,0.65,1.252,22.0,0.11,91.671,88.047,92.721,88.113,47.527,100.0,37.309,55.0,3.6,99.225,90.232,100.0,97.626,49.467,100.0,61.307,5.829,9.231,96.605,90.934,15.09,MODERATE
270,2026-06-03 19:30:00+00:00,19,2,-0.965926,0.258819,0.974928,-0.222521,False,False,EVENING,7.0,12.0,17.0,51.0,91.0,272.0,4.0,0.12,0.0293,7.225,7.326,88.22,9.03,88.219,90.308,11.78,0.97,8.78,20.03,100.0,100.0,8.02,5.33,13.65,2.4,49.461,4.35,100.0,60.132,False,,8.8,77.481,2.7,3.37,-0.25,1.264,4.25,-6.0,0.8,2.088,23.0,0.0,92.234,87.921,95.751,90.893,47.696,100.0,36.894,62.0,5.53,100.0,91.01,100.0,100.0,50.952,100.0,73.187,6.096,8.46,94.406,90.563,15.57,MODERATE
271,2026-06-03 19:45:00+00:00,19,2,-0.965926,0.258819,0.974928,-0.222521,False,False,EVENING,4.0,11.0,19.0,54.0,91.0,274.0,3.71,0.36,0.097,7.205,7.462,88.08,9.11,88.077,91.09,11.92,0.89,10.26,23.29,92.077,87.571,7.62,5.4,13.98,2.34,48.231,4.51,100.0,58.712,False,,8.2,74.868,-0.29000000000000004,2.41,1.8,1.496,4.25,1.0,1.12,2.055,26.0,1.66,92.175,88.304,95.001,90.242,48.328,100.0,46.86,68.0,8.7,100.0,91.839,100.0,100.0,52.539,100.0,92.207,6.27,8.329,92.734,90.216,15.25,MODERATE
272,2026-06-03 20:00:00+00:00,20,2,-0.866025,0.5,0.974928,-0.222521,False,False,EVENING,2.0,6.0,18.0,52.0,88.0,272.0,1.4,0.33,0.2386,7.245,6.844,88.15,9.14,88.149,91.371,11.85,0.86,9.05,20.64,100.0,97.769,7.58,5.37,14.04,2.33,47.996,4.35,100.0,44.951,False,,3.1,75.615,-2.31,-2.6,0.7699999999999999,1.584,4.25,3.0,0.96,1.438,28.0,4.93,96.494,89.51,100.0,97.502,48.181,100.0,68.152,66.0,12.12,100.0,92.023,100.0,100.0,55.198,100.0,100.0,6.426,7.234,92.111,90.076,14.77,MODERATE
273,2026-06-03 20:15:00+00:00,20,2,-0.866025,0.5,0.974928,-0.222521,False,False,EVENING,3.0,5.0,16.0,51.0,88.0,270.0,0.11,0.13,0.126,7.213,7.5,88.05,9.17,88.047,91.671,11.95,0.83,10.0,22.72,92.721,88.113,7.52,5.31,14.17,2.31,47.527,4.35,100.0,37.309,False,,0.2,72.752,-1.2899999999999998,-3.6,-1.19,1.591,4.25,0.0,0.64,1.115,27.0,3.6,99.225,90.232,100.0,97.626,49.467,100.0,61.307,62.0,14.59,100.0,91.733,100.0,100.0,57.302,100.0,100.0,6.488,8.433,92.874,89.514,14.61,MODERATE
274,2026-06-03 20:30:00+00:00,20,2,-0.866025,0.5,0.974928,-0.222521,False,False,EVENING,4.0,7.0,13.0,53.0,90.0,270.0,0.0,0.01,0.0096,6.899,7.178,87.92,9.22,87.921,92.234,12.08,0.78,9.67,21.98,95.751,90.893,7.61,5.26,14.12,2.32,47.696,4.51,100.0,36.894,False,,0.0,73.479,-0.11,-1.4,-4.0,1.589,4.25,-4.0,0.16,1.128,30.0,5.53,100.0,91.01,100.0,100.0,50.952,100.0,73.187,62.0,19.97,100.0,92.218,100.0,100.0,58.351,100.0,100.0,6.683,7.158,92.527,89.43,14.13,MODERATE
275,2026-06-03 20:45:00+00:00,20,2,-0.866025,0.5,0.974928,-0.222521,False,False,EVENING,6.0,10.0,15.0,52.0,91.0,268.0,1.66,0.0,0.0,7.283,5.773,88.3,9.22,88.304,92.175,11.7,0.78,9.87,22.43,95.001,90.242,7.76,5.29,13.95,2.35,48.328,4.99,100.0,46.86,False,,3.6,74.503,1.66,1.5499999999999998,-2.05,1.693,4.25,-4.0,0.48,1.662,33.0,8.7,100.0,91.839,100.0,100.0,52.539,100.0,92.207,58.0,20.5,100.0,92.372,100.0,100.0,58.941,100.0,100.0,6.72,6.745,92.432,89.433,13.81,MODERATE
276,2026-06-03 21:00:00+00:00,21,2,-0.707107,0.707107,0.974928,-0.222521,False,False,EVENING,9.0,15.0,22.0,55.0,95.0,275.0,4.93,0.2,0.0411,12.167,5.619,89.51,9.65,89.51,96.494,10.49,0.35,10.26,23.29,100.0,97.502,7.54,5.47,13.99,2.34,48.181,5.95,100.0,68.152,True,MASS_CASUALTY_INTAKE,8.2,79.183,3.2699999999999996,4.93,3.53,2.001,4.93,4.0,1.6,2.72,30.0,12.12,100.0,92.023,100.0,100.0,55.198,100.0,100.0,56.0,22.08,100.0,91.974,100.0,100.0,58.843,100.0,100.0,6.721,5.903,91.982,89.683,13.97,MODERATE
277,2026-06-03 21:15:00+00:00,21,2,-0.707107,0.707107,0.974928,-0.222521,False,False,EVENING,4.0,13.0,23.0,55.0,97.0,274.0,3.6,0.6,0.1661,11.285,7.302,90.23,9.92,90.232,99.225,9.77,0.08,10.26,23.29,100.0,97.626,7.75,5.61,13.64,2.4,49.467,6.11,100.0,61.307,True,MASS_CASUALTY_INTAKE,6.4,79.167,-1.3299999999999996,1.9400000000000002,3.49,2.226,4.93,7.0,1.76,2.428,28.0,14.59,100.0,91.733,100.0,100.0,57.302,100.0,100.0,52.0,28.53,100.0,92.057,100.0,100.0,61.891,100.0,100.0,6.636,8.216,91.466,89.339,13.65,MODERATE
278,2026-06-03 21:30:00+00:00,21,2,-0.707107,0.707107,0.974928,-0.222521,False,False,EVENING,7.0,11.0,26.0,56.0,102.0,279.0,5.53,0.44,0.0791,10.752,6.961,91.01,10.0,91.01,100.0,8.99,0.0,8.58,19.6,100.0,100.0,7.96,5.8,13.24,2.48,50.952,6.75,100.0,73.187,True,MASS_CASUALTY_INTAKE,10.4,81.147,1.9300000000000002,0.6000000000000005,5.53,2.572,5.53,13.0,2.24,3.07,32.0,19.97,100.0,92.218,100.0,100.0,58.351,100.0,100.0,42.0,37.01,100.0,92.359,100.0,100.0,67.283,100.0,100.0,6.772,6.894,90.238,89.432,13.18,MODERATE
279,2026-06-03 21:45:00+00:00,21,2,-0.707107,0.707107,0.974928,-0.222521,False,False,EVENING,8.0,15.0,28.0,62.0,108.0,283.0,8.7,0.67,0.0772,10.24,6.141,91.84,10.0,91.839,100.0,8.16,0.0,10.26,23.29,100.0,100.0,8.12,6.06,12.81,2.55,52.539,7.56,100.0,92.207,True,MASS_CASUALTY_INTAKE,17.1,83.501,3.169999999999999,5.1,7.039999999999999,2.987,8.7,13.0,2.57,4.065,35.0,20.5,100.0,92.372,100.0,100.0,58.941,100.0,100.0,35.0,38.58,100.0,92.626,100.0,100.0,69.858,100.0,100.0,6.758,8.044,90.928,89.041,13.02,MODERATE
280,2026-06-03 22:00:00+00:00,22,2,-0.5,0.866025,0.974928,-0.222521,False,False,NIGHT,8.0,16.0,27.0,67.0,114.0,288.0,12.12,1.06,0.0872,9.717,8.424,92.02,10.0,92.023,100.0,7.98,0.0,6.27,17.99,100.0,100.0,8.5,6.41,12.1,2.68,55.198,8.36,100.0,100.0,True,MASS_CASUALTY_INTAKE,25.1,85.97,3.42,6.589999999999999,7.1899999999999995,3.538,12.12,5.0,2.41,5.12,36.0,22.08,100.0,91.974,100.0,100.0,58.843,100.0,100.0,30.0,38.23,100.0,92.188,100.0,100.0,72.205,100.0,100.0,6.891,7.585,91.326,88.828,12.54,HIGH
281,2026-06-03 22:15:00+00:00,22,2,-0.5,0.866025,0.974928,-0.222521,False,False,NIGHT,7.0,15.0,30.0,69.0,118.0,294.0,14.59,1.47,0.1009,9.602,10.152,91.73,10.0,91.733,100.0,8.27,0.0,6.11,17.65,100.0,100.0,8.69,6.78,11.53,2.78,57.302,9.0,100.0,100.0,True,MASS_CASUALTY_INTAKE,30.6,87.676,2.4700000000000006,5.890000000000001,10.99,4.278,14.59,7.0,2.89,5.898,34.0,28.53,100.0,92.057,100.0,100.0,61.891,100.0,100.0,26.0,40.75,100.0,92.132,100.0,100.0,72.001,100.0,100.0,6.963,7.186,91.314,88.773,12.54,HIGH
282,2026-06-03 22:30:00+00:00,22,2,-0.5,0.866025,0.974928,-0.222521,False,False,NIGHT,10.0,17.0,33.0,72.0,123.0,302.0,19.97,1.77,0.0887,9.784,6.931,92.22,10.0,92.218,100.0,7.78,0.0,4.93,15.04,100.0,100.0,8.48,7.28,11.25,2.84,58.351,10.12,100.0,100.0,True,MASS_CASUALTY_INTAKE,41.1,91.32,5.379999999999999,7.85,14.439999999999998,5.26,19.97,7.0,3.37,7.522,30.0,37.01,100.0,92.359,100.0,100.0,67.283,100.0,100.0,21.0,42.26,100.0,92.258,100.0,100.0,73.465,100.0,100.0,6.983,6.784,90.956,88.859,12.22,HIGH
283,2026-06-03 22:45:00+00:00,22,2,-0.5,0.866025,0.974928,-0.222521,False,False,NIGHT,5.0,15.0,30.0,73.0,127.0,301.0,20.5,2.43,0.1184,9.479,8.556,92.37,10.0,92.372,100.0,7.63,0.0,6.27,17.99,100.0,100.0,8.21,7.71,11.09,2.86,58.941,10.44,100.0,100.0,True,MASS_CASUALTY_INTAKE,43.6,91.747,0.5300000000000011,5.91,11.8,6.422,20.5,2.0,2.88,7.735,23.0,38.58,100.0,92.626,100.0,100.0,69.858,100.0,100.0,15.0,40.8,100.0,92.305,100.0,100.0,73.949,100.0,100.0,6.958,7.389,91.272,88.719,12.06,HIGH
284,2026-06-03 23:00:00+00:00,23,2,-0.258819,0.965926,0.974928,-0.222521,False,False,NIGHT,6.0,11.0,28.0,77.0,129.0,304.0,22.08,2.49,0.1128,9.382,10.745,91.97,10.0,91.974,100.0,8.03,0.0,6.27,17.99,100.0,100.0,7.78,8.11,11.11,2.86,58.843,10.92,100.0,100.0,True,MASS_CASUALTY_INTAKE,47.4,92.661,1.5799999999999983,2.1099999999999994,9.959999999999999,7.762,22.08,1.0,2.56,8.25,20.0,38.23,100.0,92.188,100.0,100.0,72.205,100.0,100.0,13.0,39.5,98.99,91.546,100.0,100.0,76.148,100.0,100.0,7.004,6.923,90.743,88.792,11.74,HIGH
285,2026-06-03 23:15:00+00:00,23,2,-0.258819,0.965926,0.974928,-0.222521,False,False,NIGHT,11.0,17.0,32.0,85.0,136.0,312.0,28.53,2.68,0.094,9.632,8.775,92.06,10.0,92.057,100.0,7.94,0.0,6.27,17.99,100.0,100.0,8.04,8.67,10.29,3.01,61.891,12.2,100.0,100.0,True,MASS_CASUALTY_INTAKE,59.7,94.823,6.450000000000003,8.030000000000001,13.940000000000001,9.464,28.53,2.0,3.2,10.183,18.0,40.75,100.0,92.132,100.0,100.0,72.001,100.0,100.0,15.0,37.03,96.605,90.934,100.0,100.0,78.67,100.0,100.0,2.169,6.042,88.564,88.042,11.26,HIGH
286,2026-06-03 23:30:00+00:00,23,2,-0.258819,0.965926,0.974928,-0.222521,False,False,NIGHT,13.0,24.0,35.0,94.0,147.0,324.0,37.01,3.47,0.0937,9.58,7.993,92.36,10.0,92.359,100.0,7.64,0.0,6.27,17.99,100.0,100.0,8.83,9.34,8.83,3.27,67.283,13.8,100.0,100.0,True,MASS_CASUALTY_INTAKE,77.8,95.374,8.479999999999997,14.93,17.04,11.528,37.01,2.0,3.68,12.702,12.0,42.26,100.0,92.258,100.0,100.0,73.465,100.0,100.0,15.0,39.41,94.406,90.563,100.0,100.0,79.286,100.0,100.0,7.3,8.473,89.029,87.702,11.58,CRITICAL
287,2026-06-03 23:45:00+00:00,23,2,-0.258819,0.965926,0.974928,-0.222521,False,False,NIGHT,6.0,19.0,36.0,94.0,146.0,329.0,38.58,4.5,0.1166,9.39,7.939,92.63,10.0,92.626,100.0,7.37,0.0,6.27,17.99,100.0,100.0,8.99,9.87,8.14,3.4,69.858,14.28,100.0,100.0,True,MASS_CASUALTY_INTAKE,82.8,95.665,1.5700000000000003,10.049999999999997,18.08,13.707,38.58,6.0,3.84,13.215,12.0,40.8,100.0,92.305,100.0,100.0,73.949,100.0,100.0,9.0,36.67,92.734,90.216,100.0,100.0,79.135,100.0,100.0,2.78,5.316,88.528,87.119,11.26,CRITICAL
288,2026-06-04 00:00:00+00:00,0,3,0.0,1.0,0.433884,-0.900969,False,False,NIGHT,4.0,10.0,34.0,89.0,144.0,329.0,38.23,4.69,0.1226,9.222,10.261,92.19,10.0,92.188,100.0,7.81,0.0,6.27,17.99,100.0,100.0,9.2,10.29,7.5,3.51,72.205,14.44,100.0,100.0,True,MASS_CASUALTY_INTAKE,83.5,95.78,-0.3500000000000014,1.2199999999999989,16.15,16.009,38.58,6.0,3.52,13.167,10.0,39.5,98.99,91.546,100.0,100.0,76.148,100.0,100.0,10.0,32.85,92.111,90.076,100.0,100.0,77.343,100.0,100.0,0.0,6.372,86.118,85.767,10.78,CRITICAL
289,2026-06-04 00:15:00+00:00,0,3,0.0,1.0,0.433884,-0.900969,False,False,NIGHT,7.0,11.0,30.0,92.0,147.0,333.0,40.75,4.65,0.114,9.498,9.264,92.13,10.0,92.132,100.0,7.87,0.0,5.94,17.28,100.0,100.0,8.8,10.64,7.56,3.5,72.001,15.08,100.0,100.0,True,MASS_CASUALTY_INTAKE,86.4,95.749,2.520000000000003,2.1700000000000017,12.219999999999999,18.549,40.75,-2.0,2.88,13.958,8.0,37.03,96.605,90.934,100.0,100.0,78.67,100.0,100.0,10.0,30.99,92.874,89.514,100.0,100.0,76.028,100.0,100.0,8.182,6.04,87.694,86.144,11.1,CRITICAL
290,2026-06-04 00:30:00+00:00,0,3,0.0,1.0,0.433884,-0.900969,False,False,NIGHT,6.0,13.0,23.0,91.0,147.0,335.0,42.26,4.95,0.1172,9.533,8.441,92.26,10.0,92.258,100.0,7.74,0.0,6.27,17.99,100.0,100.0,8.93,10.91,7.16,3.57,73.465,15.57,100.0,100.0,True,MASS_CASUALTY_INTAKE,89.3,95.909,1.509999999999998,4.030000000000001,5.25,21.19,42.26,-12.0,1.77,14.458,9.0,39.41,94.406,90.563,100.0,100.0,79.286,100.0,100.0,11.0,27.01,92.527,89.43,100.0,100.0,74.939,100.0,100.0,1.898,4.55,86.407,85.61,10.79,CRITICAL
291,2026-06-04 00:45:00+00:00,0,3,0.0,1.0,0.433884,-0.900969,False,False,NIGHT,3.0,9.0,20.0,86.0,148.0,337.0,40.8,5.13,0.1258,9.454,8.784,92.3,10.0,92.305,100.0,7.7,0.0,6.27,17.99,100.0,100.0,8.84,11.13,7.03,3.59,73.949,15.57,100.0,100.0,True,MASS_CASUALTY_INTAKE,86.9,95.963,-1.4600000000000009,0.04999999999999716,2.219999999999999,23.636,42.26,-16.0,1.29,14.092,3.0,36.67,92.734,90.216,100.0,100.0,79.135,100.0,100.0,12.0,24.01,92.432,89.433,100.0,100.0,75.8,100.0,100.0,3.36,4.832,85.213,85.362,10.63,CRITICAL
292,2026-06-04 01:00:00+00:00,1,3,0.258819,0.965926,0.433884,-0.900969,False,False,NIGHT,2.0,5.0,18.0,80.0,147.0,339.0,39.5,3.67,0.0929,5.532,8.97,91.55,9.9,91.546,98.99,8.45,0.1,6.27,17.99,100.0,100.0,9.26,11.3,6.44,3.7,76.148,15.41,100.0,100.0,False,,114.0,95.791,-1.2999999999999972,-2.759999999999998,1.2700000000000031,25.797,42.26,-16.0,0.97,13.728,3.0,32.85,92.111,90.076,100.0,100.0,77.343,100.0,100.0,13.0,24.01,91.982,89.683,100.0,100.0,74.43,100.0,100.0,5.04,6.167,85.593,85.042,10.63,CRITICAL
293,2026-06-04 01:15:00+00:00,1,3,0.258819,0.965926,0.433884,-0.900969,False,False,NIGHT,1.0,3.0,12.0,74.0,143.0,339.0,37.03,3.56,0.096,5.829,9.231,90.93,9.66,90.934,96.605,9.07,0.34,6.27,17.99,100.0,100.0,9.8,11.44,5.76,3.82,78.67,15.09,100.0,100.0,False,,101.4,95.407,-2.469999999999999,-3.769999999999996,-3.719999999999999,27.886,42.26,-18.0,0.01,13.03,7.0,30.99,92.874,89.514,100.0,100.0,76.028,100.0,100.0,10.0,21.06,91.466,89.339,100.0,100.0,72.891,100.0,100.0,1.68,4.075,84.563,84.546,10.31,CRITICAL
294,2026-06-04 01:30:00+00:00,1,3,0.258819,0.965926,0.433884,-0.900969,False,False,NIGHT,6.0,7.0,12.0,70.0,142.0,344.0,39.41,3.33,0.0846,6.096,8.46,90.56,9.44,90.563,94.406,9.44,0.56,5.44,16.18,100.0,100.0,9.86,11.55,5.59,3.85,79.286,15.57,100.0,100.0,False,,103.2,94.941,2.3799999999999955,-0.09000000000000341,-2.8500000000000014,30.004,42.26,-11.0,0.0,13.745,6.0,27.01,92.527,89.43,100.0,100.0,74.939,100.0,100.0,9.0,17.03,90.238,89.432,100.0,100.0,72.947,100.0,100.0,1.68,5.043,82.613,83.901,9.99,HIGH
295,2026-06-04 01:45:00+00:00,1,3,0.258819,0.965926,0.433884,-0.900969,False,False,NIGHT,1.0,7.0,10.0,66.0,139.0,345.0,36.67,3.55,0.0967,6.27,8.329,90.22,9.27,90.216,92.734,9.78,0.73,6.27,17.99,100.0,100.0,9.79,11.58,5.63,3.85,79.135,15.25,100.0,100.0,False,,93.4,94.516,-2.739999999999995,-0.35999999999999943,-4.1299999999999955,31.752,42.26,-10.0,-0.32,12.98,6.0,24.01,92.432,89.433,100.0,100.0,75.8,100.0,100.0,14.0,15.0,90.928,89.041,100.0,100.0,71.102,100.0,100.0,8.4,3.321,84.929,84.939,10.31,HIGH
296,2026-06-04 02:00:00+00:00,2,3,0.5,0.866025,0.433884,-0.900969,False,False,NIGHT,0.0,1.0,8.0,60.0,137.0,345.0,32.85,3.3,0.1005,6.426,7.234,90.08,9.21,90.076,92.111,9.92,0.79,6.27,17.99,100.0,100.0,9.42,11.46,6.12,3.76,77.343,14.77,100.0,100.0,False,,81.6,94.2,-3.8200000000000003,-6.559999999999995,-6.649999999999999,33.048,42.26,-10.0,-0.64,11.905,7.0,24.01,91.982,89.683,100.0,100.0,74.43,100.0,100.0,13.0,10.9,91.326,88.828,100.0,100.0,69.049,100.0,100.0,3.36,5.082,85.114,84.49,10.15,HIGH
297,2026-06-04 02:15:00+00:00,2,3,0.5,0.866025,0.433884,-0.900969,False,False,NIGHT,2.0,2.0,9.0,51.0,136.0,345.0,30.99,2.96,0.0954,6.488,8.433,89.51,9.29,89.514,92.874,10.49,0.71,6.27,17.99,100.0,100.0,9.22,11.31,6.47,3.69,76.028,14.61,100.0,100.0,False,,76.2,94.11,-1.860000000000003,-5.680000000000003,-6.040000000000003,34.072,42.26,-3.0,-0.48,11.4,3.0,21.06,91.466,89.339,100.0,100.0,72.891,100.0,100.0,13.0,9.76,91.314,88.773,100.0,100.0,64.567,100.0,95.076,3.36,3.407,85.166,84.473,9.99,HIGH
298,2026-06-04 02:30:00+00:00,2,3,0.5,0.866025,0.433884,-0.900969,False,False,NIGHT,0.0,2.0,3.0,38.0,132.0,344.0,27.01,2.79,0.1033,6.683,7.158,89.43,9.25,89.43,92.527,10.57,0.75,5.8,16.96,100.0,100.0,9.2,11.03,6.77,3.64,74.939,14.13,100.0,100.0,False,,64.5,93.925,-3.979999999999997,-5.84,-12.399999999999995,34.512,42.26,-9.0,-1.44,10.285,5.0,17.03,90.238,89.432,100.0,100.0,72.947,100.0,100.0,15.0,6.6,90.956,88.859,100.0,100.0,60.963,100.0,75.993,1.68,3.892,83.717,84.065,9.67,HIGH
299,2026-06-04 02:45:00+00:00,2,3,0.5,0.866025,0.433884,-0.900969,False,False,NIGHT,1.0,1.0,3.0,33.0,127.0,344.0,24.01,2.43,0.1012,6.72,6.745,89.43,9.24,89.433,92.432,10.57,0.76,6.27,17.99,100.0,100.0,9.76,10.71,6.53,3.68,75.8,13.81,100.0,100.0,False,,57.0,93.35,-3.0,-6.979999999999997,-12.66,34.732,42.26,-7.0,-1.44,9.455,6.0,15.0,90.928,89.041,100.0,100.0,71.102,100.0,100.0,15.0,4.46,91.272,88.719,100.0,100.0,57.618,100.0,63.27,6.72,4.784,85.442,84.376,9.83,HIGH
300,2026-06-04 03:00:00+00:00,3,3,0.707107,0.707107,0.433884,-0.900969,False,False,NIGHT,4.0,5.0,7.0,33.0,122.0,348.0,24.01,2.16,0.09,6.721,5.903,89.68,9.2,89.683,91.982,10.32,0.8,3.45,11.8,100.0,100.0,9.65,10.44,6.9,3.62,74.43,13.97,100.0,100.0,False,,57.0,93.192,0.0,-3.0,-8.84,34.852,42.26,-1.0,-0.8,9.495,6.0,10.9,91.326,88.828,100.0,100.0,69.049,100.0,100.0,15.0,1.29,90.743,88.792,100.0,100.0,56.806,100.0,44.045,8.4,2.732,87.299,85.607,10.15,HIGH
301,2026-06-04 03:15:00+00:00,3,3,0.707107,0.707107,0.433884,-0.900969,False,False,NIGHT,1.0,5.0,6.0,27.0,119.0,347.0,21.06,2.16,0.1026,6.636,8.216,89.34,9.15,89.339,91.466,10.66,0.85,5.73,16.81,100.0,100.0,9.56,10.12,7.32,3.54,72.891,13.65,100.0,100.0,False,,50.6,90.986,-2.950000000000003,-2.950000000000003,-9.93,34.386,42.26,-3.0,-0.96,8.678,7.0,9.76,91.314,88.773,100.0,100.0,64.567,100.0,95.076,17.0,0.0,88.564,88.042,100.0,100.0,57.8,100.0,35.426,8.221,5.219,88.318,86.256,10.79,HIGH
302,2026-06-04 03:30:00+00:00,3,3,0.707107,0.707107,0.433884,-0.900969,False,False,NIGHT,0.0,1.0,6.0,21.0,112.0,346.0,17.03,1.9,0.1113,6.772,6.894,89.43,9.02,89.432,90.238,10.57,0.98,6.27,17.99,100.0,100.0,10.0,9.7,7.3,3.55,72.947,13.18,100.0,100.0,False,,40.1,88.187,-4.029999999999998,-6.98,-9.98,33.137,42.26,3.0,-0.95,7.552,4.0,6.6,90.956,88.859,100.0,100.0,60.963,100.0,75.993,18.0,0.65,89.029,87.702,100.0,100.0,55.314,100.0,39.541,7.964,5.185,89.711,86.811,10.8,HIGH
303,2026-06-04 03:45:00+00:00,3,3,0.707107,0.707107,0.433884,-0.900969,False,False,NIGHT,2.0,2.0,7.0,20.0,106.0,347.0,15.0,1.53,0.1021,6.758,8.044,89.04,9.09,89.041,90.928,10.96,0.91,6.02,17.44,100.0,100.0,9.9,9.3,7.8,3.46,71.102,13.02,100.0,100.0,False,,35.4,86.774,-2.030000000000001,-6.059999999999999,-9.010000000000002,31.663,42.26,4.0,-0.79,7.005,8.0,4.46,91.272,88.719,100.0,100.0,57.618,100.0,63.27,14.0,0.0,88.528,87.119,100.0,100.0,53.712,100.0,35.411,2.295,5.458,88.054,86.187,10.48,HIGH
304,2026-06-04 04:00:00+00:00,4,3,0.866025,0.5,0.433884,-0.900969,False,False,NIGHT,0.0,2.0,3.0,18.0,98.0,345.0,10.9,1.35,0.1239,6.891,7.585,88.83,9.13,88.828,91.326,11.17,0.87,5.68,16.69,100.0,100.0,9.81,8.84,8.36,3.36,69.049,12.54,100.0,100.0,False,,25.3,83.998,-4.1,-6.130000000000001,-13.110000000000001,29.955,42.26,-4.0,-1.43,5.86,7.0,1.29,90.743,88.792,100.0,100.0,56.806,100.0,44.045,18.0,0.0,86.118,85.767,75.422,71.104,52.745,100.0,34.447,3.36,4.836,86.843,85.939,10.32,MODERATE
305,2026-06-04 04:15:00+00:00,4,3,0.866025,0.5,0.433884,-0.900969,False,False,NIGHT,3.0,3.0,5.0,20.0,94.0,347.0,9.76,0.98,0.1006,6.963,7.186,88.77,9.13,88.773,91.314,11.23,0.87,5.65,16.63,100.0,100.0,9.01,8.43,9.57,3.14,64.567,12.54,100.0,95.076,False,,22.4,82.85,-1.1400000000000006,-5.24,-11.299999999999999,28.018,42.26,-1.0,-1.11,5.575,6.0,0.0,88.564,88.042,100.0,100.0,57.8,100.0,35.426,20.0,0.13,87.694,86.144,75.806,71.466,51.929,100.0,35.856,5.04,3.848,87.092,86.212,10.32,MODERATE
306,2026-06-04 04:30:00+00:00,4,3,0.866025,0.5,0.433884,-0.900969,False,False,NIGHT,1.0,4.0,6.0,15.0,85.0,346.0,6.6,0.88,0.133,6.983,6.784,88.86,9.1,88.859,90.956,11.14,0.9,6.27,17.99,100.0,100.0,8.48,7.98,10.54,2.96,60.963,12.22,100.0,75.993,False,,15.1,80.451,-3.16,-4.300000000000001,-10.430000000000001,25.789,40.8,0.0,-0.96,4.705,11.0,0.65,89.029,87.702,100.0,100.0,55.314,100.0,39.541,17.0,0.0,86.407,85.61,82.103,77.127,49.71,100.0,34.563,8.001,5.023,87.691,86.896,10.96,MODERATE
307,2026-06-04 04:45:00+00:00,4,3,0.866025,0.5,0.433884,-0.900969,False,False,NIGHT,2.0,3.0,6.0,16.0,82.0,346.0,4.46,0.59,0.1332,6.958,7.389,88.72,9.13,88.719,91.272,11.28,0.87,3.97,12.93,100.0,100.0,8.01,7.55,11.44,2.8,57.618,12.06,100.0,63.27,False,,10.2,78.813,-2.1399999999999997,-5.3,-10.54,23.518,39.5,-1.0,-0.96,4.13,7.0,0.0,88.528,87.119,100.0,100.0,53.712,100.0,35.411,17.0,0.0,85.213,85.362,78.549,73.916,47.536,100.0,34.085,5.439,5.15,88.174,86.92,10.64,MODERATE
308,2026-06-04 05:00:00+00:00,5,3,0.965926,0.258819,0.433884,-0.900969,False,False,NIGHT,1.0,3.0,7.0,17.0,77.0,346.0,1.29,0.4,0.3109,7.004,6.923,88.79,9.07,88.792,90.743,11.21,0.93,5.55,16.41,100.0,100.0,8.25,7.08,11.66,2.76,56.806,11.74,100.0,44.045,False,,2.9,76.621,-3.17,-5.31,-9.61,21.13,39.41,4.0,-0.8,3.258,8.0,0.0,86.118,85.767,75.422,71.104,52.745,100.0,34.447,19.0,0.0,85.593,85.042,74.785,70.503,46.269,100.0,34.237,6.72,5.389,88.484,87.222,10.8,MODERATE
309,2026-06-04 05:15:00+00:00,5,3,0.965926,0.258819,0.433884,-0.900969,False,False,NIGHT,0.0,1.0,4.0,15.0,66.0,346.0,0.0,0.12,0.1162,2.169,6.042,88.04,8.86,88.042,88.564,11.96,1.14,6.27,17.99,100.0,100.0,8.97,6.64,11.39,2.81,57.8,11.26,100.0,35.426,False,,0.0,75.284,-1.29,-4.46,-9.76,18.816,39.41,-1.0,-1.28,2.815,11.0,0.13,87.694,86.144,75.806,71.466,51.929,100.0,35.856,21.0,0.0,84.563,84.546,78.202,73.574,46.455,100.0,33.825,6.72,5.013,89.242,87.573,10.96,MODERATE
310,2026-06-04 05:30:00+00:00,5,3,0.965926,0.258819,0.433884,-0.900969,False,False,NIGHT,5.0,5.0,8.0,20.0,58.0,350.0,0.65,0.0,0.0,7.3,8.473,87.7,8.9,87.702,89.029,12.3,1.1,5.6,16.51,100.0,100.0,8.62,6.32,12.07,2.69,55.314,11.58,100.0,39.541,False,,1.4,75.495,0.65,-0.64,-5.949999999999999,16.393,36.67,2.0,-0.64,3.058,7.0,0.0,86.407,85.61,82.103,77.127,49.71,100.0,34.563,27.0,0.0,82.613,83.901,77.491,72.91,46.269,100.0,33.045,1.68,5.773,87.098,86.764,10.64,MODERATE
311,2026-06-04 05:45:00+00:00,5,3,0.965926,0.258819,0.433884,-0.900969,False,False,NIGHT,1.0,6.0,7.0,20.0,53.0,347.0,0.0,0.06,0.0589,2.78,5.316,87.12,8.85,87.119,88.528,12.88,1.15,5.78,16.91,100.0,100.0,8.48,6.03,12.5,2.61,53.712,11.26,100.0,35.411,False,,0.0,74.706,-0.65,0.0,-4.46,14.101,32.85,1.0,-0.8,2.815,7.0,0.0,85.213,85.362,78.549,73.916,47.536,100.0,34.085,29.0,0.0,84.929,84.939,74.694,70.417,48.04,100.0,33.972,1.68,5.338,85.724,85.987,10.32,MODERATE
312,2026-06-04 06:00:00+00:00,6,3,1.0,0.0,0.433884,-0.900969,False,False,MORNING,0.0,1.0,6.0,16.0,49.0,345.0,0.0,0.0,0.0,0.0,6.372,85.77,8.61,85.767,86.118,14.23,1.39,11.97,27.41,75.422,71.104,8.47,5.77,12.76,2.56,52.745,10.78,100.0,34.447,False,,0.0,67.423,0.0,-0.65,-1.29,12.048,30.99,-1.0,-0.96,2.695,10.0,0.0,85.593,85.042,74.785,70.503,46.269,100.0,34.237,25.0,0.0,85.114,84.49,74.3,70.045,47.017,100.0,34.046,8.107,5.094,87.703,86.542,10.64,NORMAL
313,2026-06-04 06:15:00+00:00,6,3,1.0,0.0,0.433884,-0.900969,False,False,MORNING,5.0,5.0,11.0,20.0,47.0,346.0,0.13,0.0,0.0,8.182,6.04,86.14,8.77,86.144,87.694,13.86,1.23,11.97,27.41,75.806,71.466,8.44,5.58,12.98,2.52,51.929,11.1,100.0,35.856,False,,0.3,67.92,0.13,0.13,0.13,10.119,27.01,7.0,-0.16,2.808,9.0,0.0,84.563,84.546,78.202,73.574,46.455,100.0,33.825,25.0,0.0,85.166,84.473,74.285,70.031,48.427,100.0,34.066,7.013,5.74,88.036,86.827,10.8,NORMAL
314,2026-06-04 06:30:00+00:00,6,3,1.0,0.0,0.433884,-0.900969,False,False,MORNING,1.0,6.0,7.0,21.0,42.0,345.0,0.0,0.01,0.0117,1.898,4.55,85.61,8.64,85.61,86.407,14.39,1.36,10.98,25.23,82.103,77.127,8.0,5.42,13.58,2.42,49.71,10.79,100.0,34.563,False,,0.0,68.697,-0.13,0.0,-0.65,8.431,24.01,-1.0,-0.79,2.698,10.0,0.0,82.613,83.901,77.491,72.91,46.269,100.0,33.045,26.0,0.0,83.717,84.065,73.926,69.693,48.167,100.0,33.487,0.0,5.223,85.898,85.735,10.33,NORMAL
315,2026-06-04 06:45:00+00:00,6,3,1.0,0.0,0.433884,-0.900969,False,False,MORNING,2.0,3.0,8.0,21.0,41.0,346.0,0.0,0.0,0.0,3.36,4.832,85.36,8.52,85.362,85.213,14.64,1.48,11.44,26.25,78.549,73.916,7.56,5.27,14.17,2.31,47.536,10.63,100.0,34.085,False,,0.0,67.396,0.0,-0.13,0.0,6.931,24.01,1.0,-0.63,2.658,10.0,0.0,84.929,84.939,74.694,70.417,48.04,100.0,33.972,32.0,0.0,85.442,84.376,77.281,72.737,48.488,100.0,34.177,5.04,6.034,85.841,85.493,10.33,NORMAL
316,2026-06-04 07:00:00+00:00,7,3,0.965926,-0.258819,0.433884,-0.900969,False,False,MORNING,3.0,5.0,11.0,24.0,42.0,348.0,0.0,0.0,0.0,5.04,6.167,85.04,8.56,85.042,85.593,14.96,1.44,11.97,27.41,74.785,70.503,7.33,5.16,14.51,2.25,46.269,10.63,100.0,34.237,False,,0.0,66.427,0.0,0.0,0.0,5.43,21.06,5.0,-0.15,2.658,9.0,0.0,85.114,84.49,74.3,70.045,47.017,100.0,34.046,29.0,0.0,87.299,85.607,75.282,70.972,48.217,100.0,34.92,8.288,4.675,87.261,86.254,10.65,NORMAL
317,2026-06-04 07:15:00+00:00,7,3,0.965926,-0.258819,0.433884,-0.900969,False,False,MORNING,1.0,4.0,7.0,22.0,42.0,347.0,0.0,0.0,0.0,1.68,4.075,84.55,8.46,84.546,84.563,15.45,1.54,11.38,26.12,78.202,73.574,7.49,5.06,14.46,2.26,46.455,10.31,100.0,33.825,False,,0.0,66.907,0.0,0.0,-0.13,4.114,17.03,-4.0,-0.79,2.578,12.0,0.0,85.166,84.473,74.285,70.031,48.427,100.0,34.066,28.0,2.11,88.318,86.256,76.686,72.296,48.151,100.0,47.967,3.472,5.812,86.434,85.751,10.49,NORMAL
318,2026-06-04 07:30:00+00:00,7,3,0.965926,-0.258819,0.433884,-0.900969,False,False,MORNING,1.0,2.0,7.0,22.0,37.0,346.0,0.0,0.0,0.0,1.68,5.043,83.9,8.26,83.901,82.613,16.1,1.74,11.4,26.15,77.491,72.91,7.54,4.95,14.51,2.25,46.269,9.99,100.0,33.045,False,,0.0,66.193,0.0,0.0,0.0,3.049,15.0,0.0,-0.8,2.498,17.0,0.0,83.717,84.065,73.926,69.693,48.167,100.0,33.487,25.0,0.37,89.711,86.811,76.486,72.107,47.147,100.0,38.081,8.182,5.423,88.793,86.205,10.97,NORMAL
319,2026-06-04 07:45:00+00:00,7,3,0.965926,-0.258819,0.433884,-0.900969,False,False,MORNING,5.0,6.0,10.0,25.0,41.0,349.0,0.0,0.0,0.0,8.4,3.321,84.94,8.49,84.939,84.929,15.06,1.51,11.97,27.41,74.694,70.417,8.07,4.9,14.03,2.33,48.04,10.31,100.0,33.972,False,,0.0,66.409,0.0,0.0,0.0,2.112,10.9,2.0,-0.32,2.578,19.0,0.0,85.442,84.376,77.281,72.737,48.488,100.0,34.177,23.0,0.0,88.054,86.187,93.793,87.603,49.327,100.0,35.222,6.938,5.158,89.375,86.592,10.97,NORMAL
320,2026-06-04 08:00:00+00:00,8,3,0.866025,-0.5,0.433884,-0.900969,False,False,MORNING,2.0,7.0,9.0,26.0,43.0,348.0,0.0,0.0,0.0,3.36,5.082,84.49,8.51,84.49,85.114,15.51,1.49,11.97,27.41,74.3,70.045,7.84,4.85,14.31,2.29,47.017,10.15,100.0,34.046,False,,0.0,66.164,0.0,0.0,0.0,1.431,9.76,-2.0,-0.48,2.538,16.0,0.0,87.299,85.607,75.282,70.972,48.217,100.0,34.92,23.0,0.0,86.843,85.939,77.651,73.126,48.38,100.0,34.737,5.04,7.114,89.694,86.041,10.97,NORMAL
321,2026-06-04 08:15:00+00:00,8,3,0.866025,-0.5,0.433884,-0.900969,False,False,MORNING,2.0,4.0,10.0,28.0,43.0,348.0,0.0,0.0,0.0,3.36,3.407,84.47,8.52,84.473,85.166,15.53,1.48,11.97,27.41,74.285,70.031,8.25,4.82,13.92,2.35,48.427,9.99,100.0,34.066,False,,0.0,66.294,0.0,0.0,0.0,0.821,6.6,3.0,-0.32,2.498,13.0,2.11,88.318,86.256,76.686,72.296,48.151,100.0,47.967,26.0,0.0,87.092,86.212,80.611,75.807,46.873,100.0,34.837,6.72,5.067,90.247,86.4,11.13,NORMAL
322,2026-06-04 08:30:00+00:00,8,3,0.866025,-0.5,0.433884,-0.900969,False,False,MORNING,1.0,3.0,10.0,24.0,44.0,344.0,0.0,0.0,0.0,1.68,3.892,84.06,8.37,84.065,83.717,15.94,1.63,11.97,27.41,73.926,69.693,8.23,4.78,13.99,2.34,48.167,9.67,100.0,33.487,False,,0.0,65.807,0.0,0.0,0.0,0.408,4.46,3.0,-0.32,2.418,9.0,0.37,89.711,86.811,76.486,72.107,47.147,100.0,38.081,27.0,2.24,87.691,86.896,77.301,72.875,48.051,100.0,48.502,3.36,4.623,89.512,86.157,10.97,NORMAL
323,2026-06-04 08:45:00+00:00,8,3,0.866025,-0.5,0.433884,-0.900969,False,False,MORNING,4.0,5.0,9.0,27.0,47.0,348.0,0.0,0.0,0.0,6.72,4.784,84.38,8.54,84.376,85.442,15.62,1.46,11.49,26.36,77.281,72.737,8.33,4.76,13.91,2.36,48.488,9.83,100.0,34.177,False,,0.0,67.017,0.0,0.0,0.0,0.129,1.29,-1.0,-0.48,2.458,13.0,0.0,88.054,86.187,93.793,87.603,49.327,100.0,35.222,20.0,0.0,88.174,86.92,80.172,75.436,46.733,100.0,35.27,6.72,4.153,89.659,86.784,11.13,NORMAL
324,2026-06-04 09:00:00+00:00,9,3,0.707107,-0.707107,0.433884,-0.900969,False,False,MORNING,5.0,9.0,12.0,32.0,48.0,348.0,0.0,0.0,0.0,8.4,2.732,85.61,8.73,85.607,87.299,14.39,1.27,11.97,27.41,75.282,70.972,8.25,4.77,13.98,2.34,48.217,10.15,100.0,34.92,False,,0.0,67.183,0.0,0.0,0.0,0.049,0.65,3.0,0.0,2.538,13.0,0.0,86.843,85.939,77.651,73.126,48.38,100.0,34.737,22.0,0.0,88.484,87.222,78.303,73.759,46.093,100.0,35.394,3.36,6.72,87.761,86.134,10.97,NORMAL
325,2026-06-04 09:15:00+00:00,9,3,0.707107,-0.707107,0.433884,-0.900969,False,False,MORNING,7.0,12.0,17.0,34.0,54.0,352.0,2.11,0.0,0.0,8.221,5.219,86.26,8.83,86.256,88.318,13.74,1.17,11.97,27.41,76.686,72.296,8.14,4.86,14.0,2.34,48.151,10.79,100.0,47.967,False,,4.1,69.202,2.11,2.11,2.11,0.181,2.11,7.0,0.8,3.225,15.0,0.0,87.092,86.212,80.611,75.807,46.873,100.0,34.837,23.0,0.0,89.242,87.573,100.0,94.353,43.987,100.0,35.697,5.04,5.226,87.894,86.074,10.97,NORMAL
326,2026-06-04 09:30:00+00:00,9,3,0.707107,-0.707107,0.433884,-0.900969,False,False,MORNING,3.0,10.0,19.0,36.0,57.0,349.0,0.37,0.19,0.1896,7.964,5.185,86.81,8.97,86.811,89.711,13.19,1.03,11.97,27.41,76.486,72.107,7.84,4.89,14.27,2.29,47.147,10.8,100.0,38.081,False,,0.7,68.352,-1.7399999999999998,0.37,0.37,0.163,2.11,9.0,1.13,2.792,16.0,2.24,87.691,86.896,77.301,72.875,48.051,100.0,48.502,21.0,0.0,87.098,86.764,76.3,71.931,43.708,100.0,34.839,5.04,4.239,88.138,86.25,10.98,NORMAL
327,2026-06-04 09:45:00+00:00,9,3,0.707107,-0.707107,0.433884,-0.900969,False,False,MORNING,1.0,4.0,16.0,35.0,56.0,346.0,0.0,0.03,0.033,2.295,5.458,86.19,8.81,86.187,88.054,13.81,1.19,9.67,22.36,93.793,87.603,8.44,4.88,13.68,2.4,49.327,10.48,100.0,35.222,False,,0.0,71.779,-0.37,-2.11,0.0,0.163,2.11,7.0,0.65,2.62,10.0,0.0,88.174,86.92,80.172,75.436,46.733,100.0,35.27,26.0,0.0,85.724,85.987,81.16,76.292,42.769,100.0,34.29,7.969,6.228,88.93,86.606,11.46,MODERATE
328,2026-06-04 10:00:00+00:00,10,3,0.5,-0.866025,0.433884,-0.900969,False,False,MORNING,2.0,3.0,13.0,34.0,58.0,346.0,0.0,0.0,0.0,3.36,4.836,85.94,8.68,85.939,86.843,14.06,1.32,11.65,26.71,77.651,73.126,8.2,4.86,13.94,2.35,48.38,10.32,100.0,34.737,False,,0.0,67.723,0.0,-0.37,0.0,0.163,2.11,1.0,0.17,2.58,10.0,0.0,88.484,87.222,78.303,73.759,46.093,100.0,35.394,28.0,0.17,87.703,86.542,78.776,74.166,44.515,100.0,36.128,7.151,6.384,90.09,86.682,11.46,NORMAL
329,2026-06-04 10:15:00+00:00,10,3,0.5,-0.866025,0.433884,-0.900969,False,False,MORNING,3.0,5.0,9.0,36.0,58.0,347.0,0.0,0.0,0.0,5.04,3.848,86.21,8.71,86.212,87.092,13.79,1.29,11.26,25.85,80.611,75.807,7.81,4.85,14.34,2.28,46.873,10.32,100.0,34.837,False,,0.0,68.374,0.0,0.0,-2.11,0.155,2.11,-8.0,-0.47,2.58,11.0,0.0,89.242,87.573,100.0,94.353,43.987,100.0,35.697,26.0,0.0,88.036,86.827,76.355,71.983,44.98,100.0,35.214,3.36,4.962,88.868,86.403,11.3,NORMAL
330,2026-06-04 10:30:00+00:00,10,3,0.5,-0.866025,0.433884,-0.900969,False,False,MORNING,7.0,10.0,13.0,42.0,64.0,354.0,2.24,0.0,0.0,8.001,5.023,86.9,8.77,86.896,87.691,13.1,1.23,11.97,27.41,77.301,72.875,8.05,4.92,14.03,2.34,48.051,10.96,100.0,48.502,False,,4.5,69.435,2.24,2.24,1.87,0.295,2.24,-6.0,0.16,3.3,11.0,0.0,87.098,86.764,76.3,71.931,43.708,100.0,34.839,26.0,0.0,85.898,85.735,75.395,71.078,43.493,100.0,34.359,7.9,5.072,89.926,87.005,11.78,NORMAL
331,2026-06-04 10:45:00+00:00,10,3,0.5,-0.866025,0.433884,-0.900969,False,False,MORNING,1.0,8.0,13.0,38.0,63.0,351.0,0.0,0.2,0.2014,5.439,5.15,86.92,8.82,86.92,88.174,13.08,1.18,11.41,26.19,80.172,75.436,7.71,4.91,14.38,2.27,46.733,10.64,100.0,35.27,False,,0.0,68.636,-2.24,0.0,0.0,0.295,2.24,-3.0,0.16,2.66,10.0,0.0,85.724,85.987,81.16,76.292,42.769,100.0,34.29,28.0,0.0,85.841,85.493,75.863,71.494,46.483,100.0,34.336,7.22,5.07,90.647,87.47,11.78,NORMAL
332,2026-06-04 11:00:00+00:00,11,3,0.258819,-0.965926,0.433884,-0.900969,False,False,MORNING,4.0,5.0,15.0,40.0,66.0,355.0,0.0,0.0,0.0,6.72,5.389,87.22,8.85,87.222,88.484,12.78,1.15,11.73,26.88,78.303,73.759,7.55,4.9,14.55,2.24,46.093,10.8,100.0,35.394,False,,0.0,68.281,0.0,-2.24,0.0,0.295,2.24,2.0,0.48,2.7,12.0,0.17,87.703,86.542,78.776,74.166,44.515,100.0,36.128,29.0,0.07,87.261,86.254,78.525,73.927,48.053,100.0,35.305,6.72,5.839,90.645,87.691,11.94,NORMAL
333,2026-06-04 11:15:00+00:00,11,3,0.258819,-0.965926,0.433884,-0.900969,False,False,MORNING,4.0,8.0,16.0,42.0,70.0,354.0,0.0,0.0,0.0,6.72,5.013,87.57,8.92,87.573,89.242,12.43,1.08,9.1,21.09,100.0,94.353,6.98,4.9,15.12,2.14,43.987,10.96,100.0,35.697,False,,0.0,73.396,0.0,0.0,0.0,0.295,2.24,7.0,0.64,2.74,12.0,0.0,88.036,86.827,76.355,71.983,44.98,100.0,35.214,26.0,0.0,86.434,85.751,75.409,71.091,48.235,100.0,34.574,5.04,5.07,89.965,87.751,11.94,MODERATE
334,2026-06-04 11:30:00+00:00,11,3,0.258819,-0.965926,0.433884,-0.900969,False,False,MORNING,1.0,5.0,10.0,42.0,66.0,352.0,0.0,0.0,0.0,1.68,5.773,86.76,8.71,86.764,87.098,13.24,1.29,11.97,27.41,76.3,71.931,6.92,4.88,15.2,2.12,43.708,10.64,100.0,34.839,False,,0.0,67.229,0.0,0.0,-2.24,0.295,2.24,-3.0,-0.32,2.66,10.0,0.0,85.898,85.735,75.395,71.078,43.493,100.0,34.359,27.0,1.13,88.793,86.205,91.07,85.203,49.064,100.0,42.295,7.384,5.946,90.633,88.044,12.26,NORMAL
335,2026-06-04 11:45:00+00:00,11,3,0.258819,-0.965926,0.433884,-0.900969,False,False,MORNING,1.0,2.0,10.0,39.0,66.0,350.0,0.0,0.0,0.0,1.68,5.338,85.99,8.57,85.987,85.724,14.01,1.43,11.15,25.62,81.16,76.292,6.7,4.85,15.45,2.08,42.769,10.32,100.0,34.29,False,,0.0,67.805,0.0,0.0,0.0,0.295,2.24,-3.0,-0.32,2.58,16.0,0.0,85.841,85.493,75.863,71.494,46.483,100.0,34.336,24.0,0.0,89.375,86.592,78.772,74.161,48.802,100.0,35.75,7.264,4.781,91.526,88.575,12.58,NORMAL
336,2026-06-04 12:00:00+00:00,12,3,0.0,-1.0,0.433884,-0.900969,False,False,MORNING,5.0,6.0,11.0,39.0,71.0,353.0,0.17,0.0,0.0,8.107,5.094,86.54,8.77,86.542,87.703,13.46,1.23,11.57,26.54,78.776,74.166,7.17,4.85,14.98,2.16,44.515,10.64,100.0,36.128,False,,0.3,68.048,0.17,0.17,0.17,0.306,2.24,-4.0,-0.16,2.702,16.0,0.07,87.261,86.254,78.525,73.927,48.053,100.0,35.305,27.0,0.0,89.694,86.041,88.275,83.955,49.036,100.0,35.878,7.053,6.446,93.09,88.571,12.58,NORMAL
337,2026-06-04 12:15:00+00:00,12,3,0.0,-1.0,0.433884,-0.900969,False,False,MORNING,4.0,9.0,11.0,36.0,70.0,350.0,0.0,0.02,0.0157,7.013,5.74,86.83,8.8,86.827,88.036,13.17,1.2,11.97,27.41,76.355,71.983,7.3,4.85,14.86,2.19,44.98,10.8,100.0,35.214,False,,0.0,67.558,-0.17,0.0,0.0,0.306,2.24,-5.0,-0.16,2.7,14.0,0.0,86.434,85.751,75.409,71.091,48.235,100.0,34.574,27.0,0.0,90.247,86.4,100.0,97.025,47.59,100.0,36.099,3.499,5.866,91.882,88.1,12.42,NORMAL
338,2026-06-04 12:30:00+00:00,12,3,0.0,-1.0,0.433884,-0.900969,False,False,MORNING,0.0,4.0,10.0,33.0,69.0,346.0,0.0,0.0,0.0,0.0,5.223,85.74,8.59,85.735,85.898,14.26,1.41,11.97,27.41,75.395,71.078,6.92,4.82,15.26,2.11,43.493,10.33,100.0,34.359,False,,0.0,66.532,0.0,-0.17,0.0,0.306,2.24,0.0,-0.31,2.582,16.0,1.13,88.793,86.205,91.07,85.203,49.064,100.0,42.295,25.0,0.0,89.512,86.157,88.875,84.512,49.325,100.0,35.805,7.223,6.817,92.375,88.152,12.75,NORMAL
339,2026-06-04 12:45:00+00:00,12,3,0.0,-1.0,0.433884,-0.900969,False,False,MORNING,3.0,3.0,12.0,35.0,70.0,344.0,0.0,0.0,0.0,5.04,6.034,85.49,8.58,85.493,85.841,14.51,1.42,11.86,27.18,75.863,71.494,7.75,4.8,14.45,2.26,46.483,10.33,100.0,34.336,False,,0.0,66.843,0.0,0.0,0.0,0.306,2.24,2.0,0.01,2.582,12.0,0.0,89.375,86.592,78.772,74.161,48.802,100.0,35.75,29.0,0.0,89.659,86.784,89.037,84.68,50.04,100.0,35.864,1.177,3.822,90.035,87.725,12.27,NORMAL
340,2026-06-04 13:00:00+00:00,13,3,-0.258819,-0.965926,0.433884,-0.900969,False,False,MORNING,5.0,8.0,12.0,38.0,72.0,347.0,0.07,0.0,0.0,8.288,4.675,86.25,8.73,86.254,87.261,13.75,1.27,11.57,26.53,78.525,73.927,8.17,4.8,14.03,2.34,48.053,10.65,100.0,35.305,False,,0.1,68.092,0.07,0.07,-0.1,0.31,2.24,1.0,0.01,2.68,13.0,0.0,89.694,86.041,88.275,83.955,49.036,100.0,35.878,28.0,0.0,87.761,86.134,88.37,84.045,47.438,100.0,35.104,5.04,6.114,89.158,87.544,12.27,NORMAL
341,2026-06-04 13:15:00+00:00,13,3,-0.258819,-0.965926,0.433884,-0.900969,False,False,MORNING,2.0,7.0,10.0,37.0,73.0,346.0,0.0,0.01,0.006,3.472,5.812,85.75,8.64,85.751,86.434,14.25,1.36,11.97,27.41,75.409,71.091,8.23,4.79,13.98,2.34,48.235,10.49,100.0,34.574,False,,0.0,67.073,-0.07,0.0,0.0,0.178,2.24,-1.0,-0.31,2.622,12.0,0.0,90.247,86.4,100.0,97.025,47.59,100.0,36.099,30.0,0.0,87.894,86.074,90.656,86.15,47.541,100.0,35.158,3.36,5.749,88.158,87.047,12.11,NORMAL
342,2026-06-04 13:30:00+00:00,13,3,-0.258819,-0.965926,0.433884,-0.900969,False,False,MORNING,6.0,8.0,16.0,36.0,78.0,348.0,1.13,0.0,0.0,8.182,5.423,86.21,8.88,86.205,88.793,13.79,1.12,10.02,23.13,91.07,85.203,8.39,4.85,13.75,2.38,49.064,10.97,100.0,42.295,False,,2.2,72.015,1.13,1.0599999999999998,1.13,0.226,2.24,6.0,0.64,3.025,11.0,0.0,89.512,86.157,88.875,84.512,49.325,100.0,35.805,30.0,0.0,88.138,86.25,88.489,84.159,47.933,100.0,35.255,6.72,6.838,88.559,86.977,12.27,MODERATE
343,2026-06-04 13:45:00+00:00,13,3,-0.258819,-0.965926,0.433884,-0.900969,False,False,MORNING,3.0,9.0,16.0,38.0,76.0,347.0,0.0,0.1,0.1017,6.938,5.158,86.59,8.94,86.592,89.375,13.41,1.06,11.57,26.54,78.772,74.161,8.31,4.87,13.82,2.37,48.802,10.97,100.0,35.75,False,,0.0,68.669,-1.13,0.0,0.0,0.226,2.24,4.0,0.64,2.742,12.0,0.0,89.659,86.784,89.037,84.68,50.04,100.0,35.864,32.0,1.26,88.93,86.606,89.434,85.058,46.053,100.0,43.11,5.04,4.753,87.673,87.138,12.27,NORMAL
344,2026-06-04 14:00:00+00:00,14,3,-0.5,-0.866025,0.433884,-0.900969,False,False,EVENING,3.0,6.0,14.0,37.0,77.0,345.0,0.0,0.0,0.0,5.04,7.114,86.04,8.97,86.041,89.694,13.96,1.03,10.26,23.29,88.275,83.955,8.36,4.88,13.76,2.38,49.036,10.97,100.0,35.878,False,,0.0,70.949,0.0,-1.13,-0.07,0.226,2.24,2.0,0.32,2.742,14.0,0.0,87.761,86.134,88.37,84.045,47.438,100.0,35.104,31.0,0.0,90.09,86.682,88.932,84.58,46.244,100.0,36.036,3.36,5.711,87.303,86.587,12.11,MODERATE
345,2026-06-04 14:15:00+00:00,14,3,-0.5,-0.866025,0.433884,-0.900969,False,False,EVENING,4.0,7.0,16.0,37.0,79.0,346.0,0.0,0.0,0.0,6.72,5.067,86.4,9.02,86.4,90.247,13.6,0.98,8.87,20.24,100.0,97.025,7.95,4.9,14.15,2.31,47.59,11.13,100.0,36.099,False,,0.0,73.984,0.0,0.0,0.0,0.226,2.24,6.0,0.64,2.782,15.0,0.0,87.894,86.074,90.656,86.15,47.541,100.0,35.158,31.0,0.0,88.868,86.403,88.646,84.308,45.551,100.0,35.547,6.72,4.1,87.66,87.206,12.27,MODERATE
346,2026-06-04 14:30:00+00:00,14,3,-0.5,-0.866025,0.433884,-0.900969,False,False,EVENING,2.0,6.0,12.0,38.0,80.0,346.0,0.0,0.0,0.0,3.36,4.623,86.16,8.95,86.157,89.512,13.84,1.05,10.2,23.17,88.875,84.512,8.42,4.9,13.68,2.4,49.325,10.97,100.0,35.805,False,,0.0,71.103,0.0,0.0,-1.13,0.086,1.13,-4.0,0.0,2.742,14.0,0.0,88.138,86.25,88.489,84.159,47.933,100.0,35.255,31.0,1.3,89.926,87.005,100.0,96.725,47.531,100.0,43.755,3.36,5.82,86.089,86.748,12.11,MODERATE
347,2026-06-04 14:45:00+00:00,14,3,-0.5,-0.866025,0.433884,-0.900969,False,False,EVENING,4.0,6.0,13.0,41.0,80.0,345.0,0.0,0.0,0.0,6.72,4.153,86.78,8.97,86.784,89.659,13.22,1.03,10.26,23.29,89.037,84.68,8.6,4.91,13.49,2.43,50.04,11.13,100.0,35.864,False,,0.0,71.374,0.0,0.0,0.0,0.086,1.13,-3.0,0.16,2.782,17.0,1.26,88.93,86.606,89.434,85.058,46.053,100.0,43.11,30.0,0.0,90.647,87.47,90.5,86.049,47.459,100.0,36.259,7.82,5.015,86.872,87.371,12.59,MODERATE
348,2026-06-04 15:00:00+00:00,15,3,-0.707107,-0.707107,0.433884,-0.900969,False,False,EVENING,2.0,6.0,12.0,38.0,77.0,342.0,0.0,0.0,0.0,3.36,6.72,86.13,8.78,86.134,87.761,13.87,1.22,10.26,23.29,88.37,84.045,7.92,4.89,14.19,2.31,47.438,10.97,100.0,35.104,False,,0.0,70.461,0.0,0.0,0.0,0.086,1.13,-2.0,0.0,2.742,14.0,0.0,90.09,86.682,88.932,84.58,46.244,100.0,36.036,27.0,0.0,90.645,87.691,89.967,85.564,47.657,100.0,36.258,7.576,7.776,87.582,87.25,12.75,MODERATE
349,2026-06-04 15:15:00+00:00,15,3,-0.707107,-0.707107,0.433884,-0.900969,False,False,EVENING,3.0,5.0,11.0,37.0,73.0,343.0,0.0,0.0,0.0,5.04,5.226,86.07,8.79,86.074,87.894,13.93,1.21,9.99,22.71,90.656,86.15,7.96,4.88,14.16,2.31,47.541,10.97,100.0,35.158,False,,0.0,71.01,0.0,0.0,0.0,0.086,1.13,-5.0,-0.16,2.742,15.0,0.0,88.868,86.403,88.646,84.308,45.551,100.0,35.547,26.0,0.0,89.965,87.751,100.0,100.0,49.151,100.0,35.986,7.609,6.292,89.029,87.434,13.39,MODERATE
350,2026-06-04 15:30:00+00:00,15,3,-0.707107,-0.707107,0.433884,-0.900969,False,False,EVENING,3.0,6.0,12.0,40.0,73.0,344.0,0.0,0.0,0.0,5.04,4.239,86.25,8.81,86.25,88.138,13.75,1.19,10.26,23.29,88.489,84.159,8.07,4.87,14.06,2.33,47.933,10.98,100.0,35.255,False,,0.0,70.634,0.0,0.0,0.0,0.086,1.13,0.0,0.01,2.745,16.0,1.3,89.926,87.005,100.0,96.725,47.531,100.0,43.755,25.0,0.6,90.633,88.044,100.0,95.494,47.805,100.0,39.883,7.517,6.561,90.53,87.523,13.4,MODERATE
351,2026-06-04 15:45:00+00:00,15,3,-0.707107,-0.707107,0.433884,-0.900969,False,False,EVENING,6.0,9.0,14.0,43.0,78.0,348.0,1.26,0.0,0.0,7.969,6.228,86.61,8.89,86.606,88.93,13.39,1.11,10.26,23.29,89.434,85.058,7.51,4.92,14.57,2.24,46.053,11.46,100.0,43.11,False,,2.5,71.73,1.26,1.26,1.26,0.164,1.26,1.0,0.33,3.18,15.0,0.0,90.647,87.47,90.5,86.049,47.459,100.0,36.259,24.0,1.28,91.526,88.575,100.0,100.0,49.125,100.0,44.296,7.458,6.547,91.823,87.622,13.4,MODERATE
352,2026-06-04 16:00:00+00:00,16,3,-0.866025,-0.5,0.433884,-0.900969,False,False,EVENING,3.0,9.0,15.0,41.0,79.0,349.0,0.0,0.11,0.1131,7.151,6.384,86.68,9.01,86.682,90.09,13.32,0.99,10.26,23.29,88.932,84.58,7.56,4.93,14.51,2.25,46.244,11.46,100.0,36.036,False,,0.0,71.071,-1.26,0.0,0.0,0.154,1.26,3.0,0.49,2.865,17.0,0.0,90.645,87.691,89.967,85.564,47.657,100.0,36.258,22.0,0.08,93.09,88.571,98.778,93.694,47.748,100.0,37.732,2.34,6.911,89.498,86.712,13.08,MODERATE
353,2026-06-04 16:15:00+00:00,16,3,-0.866025,-0.5,0.433884,-0.900969,False,False,EVENING,2.0,5.0,14.0,41.0,78.0,348.0,0.0,0.0,0.0,3.36,4.962,86.4,8.89,86.403,88.868,13.6,1.11,10.26,23.29,88.646,84.308,7.38,4.92,14.7,2.21,45.551,11.3,100.0,35.547,False,,0.0,70.636,0.0,-1.26,0.0,0.154,1.26,3.0,0.33,2.825,16.0,0.0,89.965,87.751,100.0,100.0,49.151,100.0,35.986,21.0,0.0,91.882,88.1,90.386,85.964,49.183,100.0,36.753,7.776,6.809,89.944,86.909,13.4,MODERATE
354,2026-06-04 16:30:00+00:00,16,3,-0.866025,-0.5,0.433884,-0.900969,False,False,EVENING,6.0,8.0,17.0,41.0,77.0,349.0,1.3,0.0,0.0,7.9,5.072,87.0,8.99,87.005,89.926,13.0,1.01,9.03,20.58,100.0,96.725,7.86,4.97,14.17,2.31,47.531,11.78,100.0,43.755,False,,2.6,74.843,1.3,1.3,1.3,0.235,1.3,5.0,0.8,3.27,15.0,0.6,90.633,88.044,100.0,95.494,47.805,100.0,39.883,23.0,0.7,92.375,88.152,90.763,86.322,49.21,100.0,41.155,7.695,5.474,89.862,87.472,13.88,MODERATE
355,2026-06-04 16:45:00+00:00,16,3,-0.866025,-0.5,0.433884,-0.900969,False,False,EVENING,3.0,9.0,14.0,41.0,79.0,351.0,0.0,0.12,0.1168,7.22,5.07,87.47,9.06,87.47,90.647,12.53,0.94,10.17,23.1,90.5,86.049,7.84,4.97,14.19,2.31,47.459,11.78,100.0,36.259,False,,0.0,71.83,-1.3,0.0,-1.26,0.235,1.3,0.0,0.32,2.945,15.0,1.28,91.526,88.575,100.0,100.0,49.125,100.0,44.296,20.0,0.0,90.035,87.725,90.002,85.598,49.85,100.0,36.014,4.689,6.204,89.693,87.111,13.56,MODERATE
356,2026-06-04 17:00:00+00:00,17,3,-0.965926,-0.258819,0.433884,-0.900969,False,False,EVENING,4.0,7.0,15.0,42.0,79.0,351.0,0.0,0.0,0.0,6.72,5.839,87.69,9.06,87.691,90.645,12.31,0.94,10.26,23.29,89.967,85.564,7.89,4.98,14.13,2.32,47.657,11.94,100.0,36.258,False,,0.0,71.774,0.0,-1.3,0.0,0.231,1.3,0.0,0.48,2.985,10.0,0.08,93.09,88.571,98.778,93.694,47.748,100.0,37.732,26.0,0.0,89.158,87.544,89.816,85.421,48.685,100.0,35.663,3.36,6.672,88.84,86.368,13.4,MODERATE
357,2026-06-04 17:15:00+00:00,17,3,-0.965926,-0.258819,0.433884,-0.900969,False,False,EVENING,3.0,7.0,16.0,41.0,78.0,350.0,0.0,0.0,0.0,5.04,5.07,87.75,9.0,87.751,89.965,12.25,1.0,8.66,19.76,100.0,100.0,8.3,4.97,13.73,2.39,49.151,11.94,100.0,35.986,False,,0.0,74.722,0.0,0.0,0.0,0.231,1.3,2.0,0.64,2.985,10.0,0.0,91.882,88.1,90.386,85.964,49.183,100.0,36.753,27.0,0.0,88.158,87.047,92.461,87.841,49.14,100.0,35.263,5.04,4.171,89.497,86.519,13.4,MODERATE
358,2026-06-04 17:30:00+00:00,17,3,-0.965926,-0.258819,0.433884,-0.900969,False,False,EVENING,5.0,8.0,15.0,44.0,82.0,353.0,0.6,0.0,0.0,7.384,5.946,88.04,9.06,88.044,90.633,11.96,0.94,9.23,21.02,100.0,95.494,7.91,5.0,14.09,2.32,47.805,12.26,100.0,39.883,False,,1.3,74.642,0.6,0.6,-0.7000000000000001,0.197,1.3,-2.0,0.48,3.215,10.0,0.7,92.375,88.152,90.763,86.322,49.21,100.0,41.155,32.0,0.0,88.559,86.977,94.333,89.559,49.385,100.0,35.423,1.68,4.808,86.991,85.988,13.08,MODERATE
359,2026-06-04 17:45:00+00:00,17,3,-0.965926,-0.258819,0.433884,-0.900969,False,False,EVENING,5.0,10.0,17.0,45.0,86.0,351.0,1.28,0.05,0.0425,7.264,4.781,88.58,9.15,88.575,91.526,11.42,0.85,8.79,20.06,100.0,100.0,8.21,5.05,13.74,2.39,49.125,12.58,100.0,44.296,False,,2.8,76.032,0.68,1.28,1.28,0.278,1.3,3.0,0.8,3.465,9.0,0.0,90.035,87.725,90.002,85.598,49.85,100.0,36.014,31.0,0.0,87.673,87.138,89.399,85.025,48.268,100.0,35.069,0.0,5.292,84.252,84.939,12.6,MODERATE
360,2026-06-04 18:00:00+00:00,18,3,-1.0,-0.0,0.433884,-0.900969,False,False,EVENING,3.0,8.0,16.0,46.0,84.0,348.0,0.08,0.12,0.1153,7.053,6.446,88.57,9.31,88.571,93.09,11.43,0.69,9.44,21.49,98.778,93.694,7.83,5.07,14.11,2.32,47.748,12.58,100.0,37.732,False,,0.2,74.549,-1.2,-0.52,0.08,0.283,1.3,1.0,0.64,3.165,12.0,0.0,89.158,87.544,89.816,85.421,48.685,100.0,35.663,31.0,0.0,87.303,86.587,96.699,91.717,47.689,100.0,34.921,3.36,4.152,83.909,84.775,12.44,MODERATE
361,2026-06-04 18:15:00+00:00,18,3,-1.0,-0.0,0.433884,-0.900969,False,False,EVENING,2.0,5.0,15.0,45.0,82.0,346.0,0.0,0.01,0.0074,3.499,5.866,88.1,9.19,88.1,91.882,11.9,0.81,10.26,23.29,90.386,85.964,8.22,5.06,13.72,2.39,49.183,12.42,100.0,36.753,False,,0.0,72.347,-0.08,-1.28,0.0,0.283,1.3,-1.0,0.48,3.105,11.0,0.0,88.158,87.047,92.461,87.841,49.14,100.0,35.263,30.0,0.0,87.66,87.206,89.47,85.092,46.944,100.0,35.064,1.68,3.48,82.028,84.513,12.12,MODERATE
362,2026-06-04 18:30:00+00:00,18,3,-1.0,-0.0,0.433884,-0.900969,False,False,EVENING,5.0,7.0,15.0,47.0,87.0,345.0,0.7,0.0,0.0,7.223,6.817,88.15,9.24,88.152,92.375,11.85,0.76,10.26,23.29,90.763,86.322,8.19,5.09,13.71,2.39,49.21,12.75,100.0,41.155,False,,1.5,72.996,0.7,0.62,0.09999999999999998,0.326,1.3,0.0,0.49,3.362,13.0,0.0,88.559,86.977,94.333,89.559,49.385,100.0,35.423,31.0,0.0,86.089,86.748,89.0,84.645,47.024,100.0,34.435,1.68,3.313,81.243,84.184,11.81,MODERATE
363,2026-06-04 18:45:00+00:00,18,3,-1.0,-0.0,0.433884,-0.900969,False,False,EVENING,0.0,5.0,10.0,41.0,84.0,343.0,0.0,0.06,0.0631,1.177,3.822,87.72,9.0,87.725,90.035,12.28,1.0,10.26,23.29,90.002,85.598,8.4,5.06,13.54,2.42,49.85,12.27,100.0,36.014,False,,0.0,71.865,-0.7,0.0,-1.28,0.326,1.3,-7.0,-0.31,3.068,11.0,0.0,87.673,87.138,89.399,85.025,48.268,100.0,35.069,35.0,1.35,86.872,87.371,99.225,94.081,47.118,100.0,42.822,3.36,4.463,81.719,83.86,11.65,MODERATE
364,2026-06-04 19:00:00+00:00,19,3,-0.965926,0.258819,0.433884,-0.900969,False,False,EVENING,3.0,3.0,10.0,41.0,82.0,343.0,0.0,0.0,0.0,5.04,6.114,87.54,8.92,87.544,89.158,12.46,1.08,10.26,23.29,89.816,85.421,8.11,5.03,13.86,2.37,48.685,12.27,100.0,35.663,False,,0.0,71.501,0.0,-0.7,-0.08,0.326,1.3,-6.0,-0.31,3.068,14.0,0.0,87.303,86.587,96.699,91.717,47.689,100.0,34.921,30.0,0.84,87.582,87.25,89.901,85.502,48.098,100.0,40.048,1.68,4.438,81.452,83.197,11.33,MODERATE
365,2026-06-04 19:15:00+00:00,19,3,-0.965926,0.258819,0.433884,-0.900969,False,False,EVENING,2.0,5.0,10.0,41.0,82.0,340.0,0.0,0.0,0.0,3.36,5.749,87.05,8.82,87.047,88.158,12.95,1.18,9.91,22.52,92.461,87.841,8.27,5.0,13.73,2.39,49.14,12.11,100.0,35.263,False,,0.0,71.841,0.0,0.0,0.0,0.326,1.3,-5.0,-0.31,3.028,16.0,0.0,87.66,87.206,89.47,85.092,46.944,100.0,35.064,28.0,3.31,89.029,87.434,91.231,86.766,49.067,100.0,55.451,0.0,4.467,80.911,82.135,10.85,MODERATE
366,2026-06-04 19:30:00+00:00,19,3,-0.965926,0.258819,0.433884,-0.900969,False,False,EVENING,4.0,6.0,9.0,39.0,80.0,337.0,0.0,0.0,0.0,6.72,6.838,86.98,8.86,86.977,88.559,13.02,1.14,9.71,22.07,94.333,89.559,8.36,4.97,13.67,2.4,49.385,12.27,100.0,35.423,False,,0.0,72.358,0.0,0.0,-0.7,0.326,1.3,-6.0,-0.48,3.068,19.0,0.0,86.089,86.748,89.0,84.645,47.024,100.0,34.435,24.0,1.83,90.53,87.523,93.375,88.723,50.45,100.0,47.207,1.68,4.868,79.894,81.439,10.53,MODERATE
367,2026-06-04 19:45:00+00:00,19,3,-0.965926,0.258819,0.433884,-0.900969,False,False,EVENING,3.0,7.0,12.0,39.0,80.0,336.0,0.0,0.0,0.0,5.04,4.753,87.14,8.77,87.138,87.673,12.86,1.23,10.26,23.29,89.399,85.025,8.09,4.94,13.97,2.35,48.268,12.27,100.0,35.069,False,,0.0,70.98,0.0,0.0,0.0,0.248,1.3,2.0,0.0,3.068,20.0,1.35,86.872,87.371,99.225,94.081,47.118,100.0,42.822,22.0,0.39,91.823,87.622,97.379,92.382,51.751,100.0,39.087,3.36,2.965,80.012,81.526,10.37,MODERATE
368,2026-06-04 20:00:00+00:00,20,3,-0.866025,0.5,0.433884,-0.900969,False,False,EVENING,2.0,5.0,11.0,37.0,79.0,336.0,0.0,0.0,0.0,3.36,5.711,86.59,8.73,86.587,87.303,13.41,1.27,9.43,21.46,96.699,91.717,7.96,4.91,14.12,2.32,47.689,12.11,100.0,34.921,False,,0.0,72.412,0.0,0.0,0.0,0.248,1.3,1.0,-0.16,3.028,17.0,0.84,87.582,87.25,89.901,85.502,48.098,100.0,40.048,19.0,0.0,89.498,86.712,100.0,100.0,52.119,100.0,35.799,1.68,2.059,79.576,81.475,10.05,MODERATE
369,2026-06-04 20:15:00+00:00,20,3,-0.866025,0.5,0.433884,-0.900969,False,False,EVENING,4.0,6.0,13.0,38.0,79.0,337.0,0.0,0.0,0.0,6.72,4.1,87.21,8.77,87.206,87.66,12.79,1.23,10.26,23.29,89.47,85.092,7.78,4.89,14.33,2.28,46.944,12.27,100.0,35.064,False,,0.0,70.89,0.0,0.0,0.0,0.248,1.3,3.0,0.16,3.068,14.0,3.31,89.029,87.434,91.231,86.766,49.067,100.0,55.451,20.0,0.37,89.944,86.909,100.0,100.0,50.363,100.0,38.207,6.72,2.614,80.865,82.373,10.21,MODERATE
370,2026-06-04 20:30:00+00:00,20,3,-0.866025,0.5,0.433884,-0.900969,False,False,EVENING,2.0,6.0,11.0,35.0,79.0,335.0,0.0,0.0,0.0,3.36,5.82,86.75,8.61,86.748,86.089,13.25,1.39,10.26,23.29,89.0,84.645,7.83,4.86,14.3,2.29,47.024,12.11,100.0,34.435,False,,0.0,70.372,0.0,0.0,0.0,0.166,1.28,2.0,-0.16,3.028,12.0,1.83,90.53,87.523,93.375,88.723,50.45,100.0,47.207,16.0,1.79,89.862,87.472,100.0,100.0,49.766,100.0,46.691,0.0,2.357,78.607,82.009,9.73,MODERATE
371,2026-06-04 20:45:00+00:00,20,3,-0.866025,0.5,0.433884,-0.900969,False,False,EVENING,6.0,8.0,14.0,36.0,81.0,335.0,1.35,0.0,0.0,7.82,5.015,87.37,8.69,87.371,86.872,12.63,1.31,9.33,21.25,99.225,94.081,7.83,4.89,14.28,2.29,47.118,12.59,100.0,42.822,False,,2.7,73.897,1.35,1.35,1.35,0.251,1.35,2.0,0.32,3.485,15.0,0.39,91.823,87.622,97.379,92.382,51.751,100.0,39.087,11.0,0.0,89.693,87.111,100.0,100.0,49.36,100.0,35.877,1.68,2.583,77.64,81.88,9.41,MODERATE
372,2026-06-04 21:00:00+00:00,21,3,-0.707107,0.707107,0.433884,-0.900969,False,False,EVENING,4.0,10.0,16.0,37.0,83.0,330.0,0.84,0.12,0.1211,7.576,7.776,87.25,8.76,87.25,87.582,12.75,1.24,10.26,23.29,89.901,85.502,8.08,4.91,14.01,2.34,48.098,12.75,100.0,40.048,False,,1.8,71.626,-0.5100000000000001,0.84,0.84,0.303,1.35,5.0,0.64,3.398,13.0,0.0,89.498,86.712,100.0,100.0,52.119,100.0,35.799,12.0,0.0,88.84,86.368,100.0,100.0,47.453,100.0,35.536,1.68,4.222,77.626,81.246,9.09,MODERATE
373,2026-06-04 21:15:00+00:00,21,3,-0.707107,0.707107,0.433884,-0.900969,False,False,EVENING,7.0,11.0,19.0,42.0,87.0,333.0,3.31,0.08,0.0227,7.609,6.292,87.43,8.9,87.434,89.029,12.57,1.1,10.26,23.29,91.231,86.766,8.22,5.03,13.75,2.38,49.067,13.39,100.0,55.451,False,,6.9,73.935,2.47,1.96,3.31,0.51,3.31,6.0,1.12,4.175,14.0,0.37,89.944,86.909,100.0,100.0,50.363,100.0,38.207,11.0,0.0,89.497,86.519,100.0,100.0,47.268,100.0,35.799,1.68,1.998,77.108,81.218,8.77,MODERATE
374,2026-06-04 21:30:00+00:00,21,3,-0.707107,0.707107,0.433884,-0.900969,False,False,EVENING,3.0,10.0,20.0,40.0,87.0,329.0,1.83,0.3,0.1624,7.517,6.561,87.52,9.05,87.523,90.53,12.48,0.95,9.96,22.63,93.375,88.723,8.54,5.08,13.38,2.45,50.45,13.4,100.0,47.207,False,,3.9,73.925,-1.48,0.9900000000000001,1.83,0.587,3.31,9.0,1.29,3.808,12.0,1.79,89.862,87.472,100.0,100.0,49.766,100.0,46.691,8.0,0.0,86.991,85.988,100.0,100.0,46.434,100.0,34.796,1.68,2.532,76.886,81.028,8.46,MODERATE
375,2026-06-04 21:45:00+00:00,21,3,-0.707107,0.707107,0.433884,-0.900969,False,False,EVENING,3.0,6.0,17.0,43.0,84.0,324.0,0.39,0.16,0.1649,7.458,6.547,87.62,9.18,87.622,91.823,12.38,0.82,9.49,21.6,97.379,92.382,8.88,5.09,13.03,2.52,51.751,13.4,100.0,39.087,False,,0.8,74.32,-1.44,-2.92,-0.9600000000000001,0.531,3.31,3.0,0.81,3.448,7.0,0.0,89.693,87.111,100.0,100.0,49.36,100.0,35.877,8.0,0.0,84.252,84.939,100.0,100.0,44.741,100.0,33.701,0.0,2.868,75.453,80.454,7.98,MODERATE
376,2026-06-04 22:00:00+00:00,22,3,-0.5,0.866025,0.433884,-0.900969,False,False,NIGHT,1.0,4.0,14.0,41.0,82.0,317.0,0.0,0.04,0.0354,2.34,6.911,86.71,8.95,86.712,89.498,13.29,1.05,6.27,17.99,100.0,100.0,9.02,5.06,12.93,2.53,52.119,13.08,100.0,35.799,False,,0.0,74.667,-0.39,-1.83,-0.84,0.526,3.31,-2.0,0.33,3.27,6.0,0.0,88.84,86.368,100.0,100.0,47.453,100.0,35.536,10.0,0.0,83.909,84.775,100.0,100.0,46.04,100.0,33.564,1.68,3.288,75.529,80.045,7.66,MODERATE
377,2026-06-04 22:15:00+00:00,22,3,-0.5,0.866025,0.433884,-0.900969,False,False,NIGHT,5.0,6.0,12.0,44.0,85.0,315.0,0.37,0.0,0.0,7.776,6.809,86.91,8.99,86.909,89.944,13.09,1.01,6.27,17.99,100.0,100.0,8.55,5.05,13.4,2.45,50.363,13.4,100.0,38.207,False,,0.8,74.878,0.37,-0.020000000000000018,-2.94,0.549,3.31,-7.0,0.01,3.442,6.0,0.0,89.497,86.519,100.0,100.0,47.268,100.0,35.799,9.0,0.0,82.028,84.513,100.0,100.0,45.884,100.0,32.811,1.68,2.28,75.773,79.87,7.34,MODERATE
378,2026-06-04 22:30:00+00:00,22,3,-0.5,0.866025,0.433884,-0.900969,False,False,NIGHT,6.0,11.0,15.0,46.0,85.0,311.0,1.79,0.03,0.0187,7.695,5.474,87.47,8.99,87.472,89.862,12.53,1.01,6.27,17.99,100.0,100.0,8.35,5.09,13.56,2.42,49.766,13.88,100.0,46.691,False,,3.7,75.841,1.42,1.79,-0.040000000000000036,0.617,3.31,-5.0,0.48,3.918,4.0,0.0,86.991,85.988,100.0,100.0,46.434,100.0,34.796,12.0,0.0,81.243,84.184,100.0,100.0,45.433,100.0,32.497,0.0,1.891,75.651,79.409,6.86,MODERATE
379,2026-06-04 22:45:00+00:00,22,3,-0.5,0.866025,0.433884,-0.900969,False,False,NIGHT,1.0,7.0,13.0,44.0,83.0,307.0,0.0,0.16,0.1612,4.689,6.204,87.11,8.97,87.111,89.693,12.89,1.03,6.27,17.99,100.0,100.0,8.27,5.06,13.67,2.4,49.36,13.56,100.0,35.877,False,,0.0,74.545,-1.79,-0.37,-0.39,0.617,3.31,-4.0,0.16,3.39,4.0,0.0,84.252,84.939,100.0,100.0,44.741,100.0,33.701,11.0,0.0,81.719,83.86,100.0,100.0,45.647,100.0,32.688,6.72,3.396,77.569,80.049,7.02,MODERATE
380,2026-06-04 23:00:00+00:00,23,3,-0.258819,0.965926,0.433884,-0.900969,False,False,NIGHT,2.0,3.0,14.0,44.0,81.0,303.0,0.0,0.0,0.0,3.36,6.672,86.37,8.88,86.368,88.84,13.63,1.12,6.27,17.99,100.0,100.0,7.79,5.02,14.19,2.31,47.453,13.4,100.0,35.536,False,,0.0,74.04,0.0,-1.79,0.0,0.617,3.31,0.0,0.32,3.35,6.0,0.0,83.909,84.775,100.0,100.0,46.04,100.0,33.564,10.0,0.0,81.452,83.197,100.0,100.0,45.129,100.0,32.581,5.04,1.563,78.67,80.808,7.02,MODERATE
381,2026-06-04 23:15:00+00:00,23,3,-0.258819,0.965926,0.433884,-0.900969,False,False,NIGHT,3.0,5.0,12.0,43.0,81.0,295.0,0.0,0.0,0.0,5.04,4.171,86.52,8.95,86.519,89.497,13.48,1.05,6.27,17.99,100.0,100.0,7.76,5.0,14.24,2.3,47.268,13.4,100.0,35.799,False,,0.0,74.188,0.0,0.0,-0.37,0.617,3.31,0.0,0.0,3.35,5.0,0.0,82.028,84.513,100.0,100.0,45.884,100.0,32.811,10.0,0.0,80.911,82.135,100.0,100.0,45.016,100.0,32.365,0.0,2.372,77.786,80.303,6.54,MODERATE
382,2026-06-04 23:30:00+00:00,23,3,-0.258819,0.965926,0.433884,-0.900969,False,False,NIGHT,1.0,4.0,7.0,42.0,77.0,283.0,0.0,0.0,0.0,1.68,4.808,85.99,8.7,85.988,86.991,14.01,1.3,6.27,17.99,100.0,100.0,7.58,4.96,14.46,2.26,46.434,13.08,100.0,34.796,False,,0.0,73.495,0.0,0.0,-1.79,0.617,3.31,-8.0,-0.8,3.27,4.0,0.0,81.243,84.184,100.0,100.0,45.433,100.0,32.497,11.0,0.0,79.894,81.439,100.0,100.0,43.66,100.0,31.958,1.68,2.25,78.5,80.089,6.22,MODERATE
383,2026-06-04 23:45:00+00:00,23,3,-0.258819,0.965926,0.433884,-0.900969,False,False,NIGHT,0.0,1.0,6.0,36.0,72.0,277.0,0.0,0.0,0.0,0.0,5.292,84.94,8.43,84.939,84.252,15.06,1.57,6.27,17.99,100.0,100.0,7.19,4.9,14.92,2.17,44.741,12.6,100.0,33.701,False,,0.0,72.564,0.0,0.0,0.0,0.617,3.31,-7.0,-0.96,3.15,4.0,0.0,81.719,83.86,100.0,100.0,45.647,100.0,32.688,11.0,0.0,80.012,81.526,100.0,100.0,44.012,100.0,32.005,1.68,2.843,78.853,79.763,5.9,MODERATE
384,2026-06-05 00:00:00+00:00,0,4,0.0,1.0,-0.433884,-0.900969,False,False,NIGHT,2.0,2.0,6.0,34.0,71.0,275.0,0.0,0.0,0.0,3.36,4.152,84.78,8.39,84.775,83.909,15.22,1.61,5.87,17.11,100.0,100.0,7.59,4.84,14.57,2.24,46.04,12.44,100.0,33.564,False,,0.0,72.576,0.0,0.0,0.0,0.617,3.31,-8.0,-0.96,3.11,4.0,0.0,81.452,83.197,100.0,100.0,45.129,100.0,32.581,9.0,0.0,79.576,81.475,100.0,100.0,43.532,100.0,31.83,3.36,1.357,80.103,80.139,5.74,MODERATE
385,2026-06-05 00:15:00+00:00,0,4,0.0,1.0,-0.433884,-0.900969,False,False,NIGHT,1.0,3.0,4.0,28.0,70.0,269.0,0.0,0.0,0.0,1.68,3.48,84.51,8.2,84.513,82.028,15.49,1.8,6.27,17.99,100.0,100.0,7.62,4.77,14.61,2.23,45.884,12.12,100.0,32.811,False,,0.0,72.128,0.0,0.0,0.0,0.617,3.31,-8.0,-1.28,3.03,4.0,0.0,80.911,82.135,100.0,100.0,45.016,100.0,32.365,9.0,0.0,80.865,82.373,100.0,100.0,42.33,100.0,32.346,5.04,2.124,82.245,80.654,5.74,MODERATE
386,2026-06-05 00:30:00+00:00,0,4,0.0,1.0,-0.433884,-0.900969,False,False,NIGHT,1.0,2.0,4.0,26.0,66.0,264.0,0.0,0.0,0.0,1.68,3.313,84.18,8.12,84.184,81.243,15.82,1.88,6.27,17.99,100.0,100.0,7.55,4.71,14.73,2.21,45.433,11.81,100.0,32.497,False,,0.0,71.858,0.0,0.0,0.0,0.617,3.31,-3.0,-1.27,2.952,8.0,0.0,79.894,81.439,100.0,100.0,43.66,100.0,31.958,6.0,0.0,78.607,82.009,100.0,100.0,41.659,100.0,31.443,1.68,0.499,81.299,81.044,5.43,MODERATE
387,2026-06-05 00:45:00+00:00,0,4,0.0,1.0,-0.433884,-0.900969,False,False,NIGHT,2.0,3.0,6.0,25.0,68.0,263.0,0.0,0.0,0.0,3.36,4.463,83.86,8.17,83.86,81.719,16.14,1.83,6.23,17.9,100.0,100.0,7.66,4.67,14.68,2.22,45.647,11.65,100.0,32.688,False,,0.0,71.901,0.0,0.0,0.0,0.533,3.31,0.0,-0.95,2.912,7.0,0.0,80.012,81.526,100.0,100.0,44.012,100.0,32.005,6.0,0.0,77.64,81.88,100.0,100.0,43.841,100.0,31.056,3.36,3.576,81.554,80.964,5.27,MODERATE
388,2026-06-05 01:00:00+00:00,1,4,0.258819,0.965926,-0.433884,-0.900969,False,False,NIGHT,1.0,3.0,5.0,25.0,66.0,262.0,0.0,0.0,0.0,1.68,4.438,83.2,8.15,83.197,81.452,16.8,1.85,6.27,17.99,100.0,100.0,7.55,4.63,14.82,2.19,45.129,11.33,100.0,32.581,False,,0.0,71.655,0.0,0.0,0.0,0.481,3.31,-1.0,-1.11,2.832,6.0,0.0,79.576,81.475,100.0,100.0,43.532,100.0,31.83,9.0,0.0,77.626,81.246,100.0,100.0,44.861,100.0,31.05,3.36,1.407,81.09,81.499,5.11,MODERATE
389,2026-06-05 01:15:00+00:00,1,4,0.258819,0.965926,-0.433884,-0.900969,False,False,NIGHT,0.0,1.0,4.0,20.0,64.0,261.0,0.0,0.0,0.0,0.0,4.467,82.13,8.09,82.135,80.911,17.87,1.91,6.27,17.99,100.0,100.0,7.56,4.59,14.85,2.19,45.016,10.85,100.0,32.365,False,,0.0,71.303,0.0,0.0,0.0,0.274,1.83,0.0,-1.27,2.712,6.0,0.0,80.865,82.373,100.0,100.0,42.33,100.0,32.346,11.0,0.0,77.108,81.218,100.0,100.0,44.971,100.0,30.843,1.68,1.477,80.571,81.601,4.79,MODERATE
390,2026-06-05 01:30:00+00:00,1,4,0.258819,0.965926,-0.433884,-0.900969,False,False,NIGHT,1.0,1.0,4.0,15.0,61.0,256.0,0.0,0.0,0.0,1.68,4.868,81.44,7.99,81.439,79.894,18.56,2.01,6.11,17.65,100.0,100.0,7.23,4.55,15.21,2.12,43.66,10.53,100.0,31.958,False,,0.0,70.825,0.0,0.0,0.0,0.159,1.79,0.0,-1.28,2.632,3.0,0.0,78.607,82.009,100.0,100.0,41.659,100.0,31.443,10.0,0.0,76.886,81.028,100.0,100.0,45.119,100.0,30.754,0.0,2.766,79.99,80.968,4.31,MODERATE
391,2026-06-05 01:45:00+00:00,1,4,0.258819,0.965926,-0.433884,-0.900969,False,False,NIGHT,2.0,3.0,4.0,16.0,60.0,257.0,0.0,0.0,0.0,3.36,2.965,81.53,8.0,81.526,80.012,18.47,2.0,6.27,17.99,100.0,100.0,7.36,4.52,15.12,2.14,44.012,10.37,100.0,32.005,False,,0.0,70.899,0.0,0.0,0.0,0.135,1.79,-2.0,-1.28,2.592,4.0,0.0,77.64,81.88,100.0,100.0,43.841,100.0,31.056,10.0,0.0,75.453,80.454,100.0,100.0,44.013,100.0,30.181,5.04,1.425,80.956,81.775,4.31,MODERATE
392,2026-06-05 02:00:00+00:00,2,4,0.5,0.866025,-0.433884,-0.900969,False,False,NIGHT,1.0,3.0,4.0,15.0,59.0,258.0,0.0,0.0,0.0,1.68,2.059,81.48,7.96,81.475,79.576,18.52,2.04,5.26,15.78,100.0,100.0,7.26,4.49,15.25,2.12,43.532,10.05,100.0,31.83,False,,0.0,70.758,0.0,0.0,0.0,0.135,1.79,-1.0,-1.28,2.512,3.0,0.0,77.626,81.246,100.0,100.0,44.861,100.0,31.05,11.0,0.0,75.529,80.045,100.0,100.0,41.497,100.0,30.212,5.04,3.019,82.006,82.175,4.31,MODERATE
393,2026-06-05 02:15:00+00:00,2,4,0.5,0.866025,-0.433884,-0.900969,False,False,NIGHT,4.0,5.0,8.0,16.0,59.0,260.0,0.0,0.0,0.0,6.72,2.614,82.37,8.09,82.373,80.865,17.63,1.91,6.27,17.99,100.0,100.0,6.94,4.49,15.57,2.06,42.33,10.21,100.0,32.346,False,,0.0,71.105,0.0,0.0,0.0,0.112,1.79,4.0,-0.64,2.552,3.0,0.0,77.108,81.218,100.0,100.0,44.971,100.0,30.843,12.0,0.0,75.773,79.87,100.0,100.0,42.048,100.0,30.309,5.04,3.161,82.504,82.595,4.31,MODERATE
394,2026-06-05 02:30:00+00:00,2,4,0.5,0.866025,-0.433884,-0.900969,False,False,NIGHT,0.0,4.0,7.0,15.0,57.0,260.0,0.0,0.0,0.0,0.0,2.357,82.01,7.86,82.009,78.607,17.99,2.14,6.27,17.99,100.0,100.0,6.8,4.45,15.75,2.02,41.659,9.73,100.0,31.443,False,,0.0,70.513,0.0,0.0,0.0,0.0,0.0,3.0,-0.8,2.432,3.0,0.0,76.886,81.028,100.0,100.0,45.119,100.0,30.754,14.0,0.0,75.651,79.409,100.0,100.0,40.267,91.917,30.261,3.36,3.924,82.73,82.431,4.15,MODERATE
395,2026-06-05 02:45:00+00:00,2,4,0.5,0.866025,-0.433884,-0.900969,False,False,NIGHT,1.0,1.0,6.0,16.0,52.0,260.0,0.0,0.0,0.0,1.68,2.583,81.88,7.76,81.88,77.64,18.12,2.24,6.27,17.99,100.0,100.0,7.42,4.42,15.16,2.13,43.841,9.41,100.0,31.056,False,,0.0,70.487,0.0,0.0,0.0,0.0,0.0,2.0,-0.96,2.352,2.0,0.0,75.453,80.454,100.0,100.0,44.013,100.0,30.181,15.0,0.0,77.569,80.049,100.0,100.0,41.857,100.0,31.028,5.04,4.339,83.356,82.544,4.15,MODERATE
396,2026-06-05 03:00:00+00:00,3,4,0.707107,0.707107,-0.433884,-0.900969,False,False,NIGHT,1.0,2.0,6.0,15.0,49.0,257.0,0.0,0.0,0.0,1.68,4.222,81.25,7.76,81.246,77.626,18.75,2.24,4.98,15.15,100.0,100.0,7.73,4.39,14.89,2.18,44.861,9.09,100.0,31.05,False,,0.0,70.437,0.0,0.0,0.0,0.0,0.0,2.0,-0.96,2.272,6.0,0.0,75.529,80.045,100.0,100.0,41.497,100.0,30.212,13.0,0.0,78.67,80.808,100.0,100.0,41.91,100.0,31.468,3.36,2.362,83.375,82.792,3.99,MODERATE
397,2026-06-05 03:15:00+00:00,3,4,0.707107,0.707107,-0.433884,-0.900969,False,False,NIGHT,1.0,2.0,3.0,15.0,43.0,257.0,0.0,0.0,0.0,1.68,1.998,81.22,7.71,81.218,77.108,18.78,2.29,6.27,17.99,100.0,100.0,7.78,4.36,14.86,2.19,44.971,8.77,100.0,30.843,False,,0.0,70.337,0.0,0.0,0.0,0.0,0.0,-5.0,-1.44,2.192,8.0,0.0,75.773,79.87,100.0,100.0,42.048,100.0,30.309,12.0,0.0,77.786,80.303,100.0,100.0,43.996,88.742,31.114,6.72,4.297,84.449,83.29,4.15,MODERATE
398,2026-06-05 03:30:00+00:00,3,4,0.707107,0.707107,-0.433884,-0.900969,False,False,NIGHT,1.0,2.0,4.0,15.0,41.0,258.0,0.0,0.0,0.0,1.68,2.532,81.03,7.69,81.028,76.886,18.97,2.31,5.96,17.32,100.0,100.0,7.85,4.33,14.82,2.19,45.119,8.46,100.0,30.754,False,,0.0,70.264,0.0,0.0,0.0,0.0,0.0,-3.0,-1.27,2.115,7.0,0.0,75.651,79.409,100.0,100.0,40.267,91.917,30.261,13.0,0.0,78.5,80.089,100.0,100.0,44.739,100.0,31.4,6.72,4.866,84.578,83.741,4.32,MODERATE
399,2026-06-05 03:45:00+00:00,3,4,0.707107,0.707107,-0.433884,-0.900969,False,False,NIGHT,0.0,1.0,3.0,13.0,38.0,256.0,0.0,0.0,0.0,0.0,2.868,80.45,7.55,80.454,75.453,19.55,2.45,6.27,17.99,100.0,100.0,7.59,4.3,15.12,2.14,44.013,7.98,100.0,30.181,False,,0.0,69.752,0.0,0.0,0.0,0.0,0.0,-3.0,-1.43,1.995,8.0,0.0,77.569,80.049,100.0,100.0,41.857,100.0,31.028,12.0,0.0,78.853,79.763,100.0,100.0,42.69,100.0,31.541,1.68,3.891,83.44,83.302,4.0,NORMAL
400,2026-06-05 04:00:00+00:00,4,4,0.866025,0.5,-0.433884,-0.900969,False,False,NIGHT,1.0,1.0,3.0,13.0,38.0,257.0,0.0,0.0,0.0,1.68,3.288,80.04,7.55,80.045,75.529,19.96,2.45,5.44,16.16,100.0,100.0,6.94,4.27,15.8,2.02,41.497,7.66,100.0,30.212,False,,0.0,69.45,0.0,0.0,0.0,0.0,0.0,-3.0,-1.43,1.915,5.0,0.0,78.67,80.808,100.0,100.0,41.91,100.0,31.468,14.0,0.0,80.103,80.139,70.474,66.438,43.586,100.0,32.041,3.36,2.718,83.388,83.467,3.84,NORMAL
401,2026-06-05 04:15:00+00:00,4,4,0.866025,0.5,-0.433884,-0.900969,False,False,NIGHT,1.0,2.0,3.0,14.0,34.0,255.0,0.0,0.0,0.0,1.68,2.28,79.87,7.58,79.87,75.773,20.13,2.42,4.35,13.76,100.0,100.0,7.11,4.25,15.65,2.04,42.048,7.34,100.0,30.309,False,,0.0,69.51,0.0,0.0,0.0,0.0,0.0,0.0,-1.43,1.835,4.0,0.0,77.786,80.303,100.0,100.0,43.996,88.742,31.114,15.0,0.0,82.245,80.654,70.926,66.865,43.228,100.0,32.898,5.04,4.64,84.417,83.465,3.84,NORMAL
402,2026-06-05 04:30:00+00:00,4,4,0.866025,0.5,-0.433884,-0.900969,False,False,NIGHT,0.0,1.0,2.0,13.0,28.0,254.0,0.0,0.0,0.0,0.0,1.891,79.41,7.57,79.409,75.651,20.59,2.43,6.27,17.99,100.0,100.0,6.64,4.23,16.13,1.96,40.267,6.86,91.917,30.261,False,,0.0,68.497,0.0,0.0,0.0,0.0,0.0,-2.0,-1.6,1.715,7.0,0.0,78.5,80.089,100.0,100.0,44.739,100.0,31.4,15.0,0.0,81.299,81.044,78.709,73.899,41.222,100.0,32.52,3.36,5.059,83.898,83.092,3.68,NORMAL
403,2026-06-05 04:45:00+00:00,4,4,0.866025,0.5,-0.433884,-0.900969,False,False,NIGHT,4.0,4.0,6.0,15.0,31.0,256.0,0.0,0.0,0.0,6.72,3.396,80.05,7.76,80.049,77.569,19.95,2.24,6.27,17.99,100.0,100.0,7.06,4.24,15.7,2.03,41.857,7.02,100.0,31.028,False,,0.0,69.892,0.0,0.0,0.0,0.0,0.0,3.0,-0.96,1.755,7.0,0.0,78.853,79.763,100.0,100.0,42.69,100.0,31.541,16.0,0.0,81.554,80.964,73.153,68.89,42.826,100.0,32.622,9.208,4.194,86.046,84.13,4.32,NORMAL
404,2026-06-05 05:00:00+00:00,5,4,0.965926,0.258819,-0.433884,-0.900969,False,False,NIGHT,3.0,7.0,8.0,17.0,32.0,258.0,0.0,0.0,0.0,5.04,1.563,80.81,7.87,80.808,78.67,19.19,2.13,6.0,17.4,100.0,100.0,7.06,4.26,15.68,2.04,41.91,7.02,100.0,31.468,False,,0.0,70.284,0.0,0.0,0.0,0.0,0.0,5.0,-0.64,1.755,8.0,0.0,80.103,80.139,70.474,66.438,43.586,100.0,32.041,17.0,0.0,81.09,81.499,75.2,70.757,42.206,100.0,32.436,7.592,3.982,87.406,84.897,4.32,MODERATE
405,2026-06-05 05:15:00+00:00,5,4,0.965926,0.258819,-0.433884,-0.900969,False,False,NIGHT,0.0,3.0,7.0,13.0,29.0,258.0,0.0,0.0,0.0,0.0,2.372,80.3,7.78,80.303,77.786,19.7,2.22,4.36,13.78,100.0,100.0,7.62,4.26,15.12,2.14,43.996,6.54,88.742,31.114,False,,0.0,69.17,0.0,0.0,0.0,0.0,0.0,4.0,-0.8,1.635,8.0,0.0,82.245,80.654,70.926,66.865,43.228,100.0,32.898,17.0,0.0,80.571,81.601,71.76,67.651,40.637,96.808,32.228,3.36,3.175,86.912,84.993,4.16,NORMAL
406,2026-06-05 05:30:00+00:00,5,4,0.965926,0.258819,-0.433884,-0.900969,False,False,NIGHT,1.0,1.0,8.0,14.0,29.0,254.0,0.0,0.0,0.0,1.68,2.25,80.09,7.85,80.089,78.5,19.91,2.15,6.27,17.99,100.0,100.0,7.81,4.27,14.92,2.17,44.739,6.22,100.0,31.4,False,,0.0,70.346,0.0,0.0,0.0,0.0,0.0,6.0,-0.64,1.555,6.0,0.0,81.299,81.044,78.709,73.899,41.222,100.0,32.52,20.0,0.0,79.99,80.968,71.203,67.126,40.594,66.417,31.996,1.68,4.98,85.803,84.279,3.84,MODERATE
407,2026-06-05 05:45:00+00:00,5,4,0.965926,0.258819,-0.433884,-0.900969,False,False,NIGHT,1.0,2.0,5.0,14.0,30.0,254.0,0.0,0.0,0.0,1.68,2.843,79.76,7.89,79.763,78.853,20.24,2.11,6.27,17.99,100.0,100.0,7.24,4.28,15.47,2.07,42.69,5.9,100.0,31.541,False,,0.0,70.161,0.0,0.0,0.0,0.0,0.0,-1.0,-1.12,1.475,5.0,0.0,81.554,80.964,73.153,68.89,42.826,100.0,32.622,24.0,0.0,80.956,81.775,72.788,68.588,41.107,100.0,32.382,8.737,4.511,88.009,85.115,4.48,MODERATE
408,2026-06-05 06:00:00+00:00,6,4,1.0,0.0,-0.433884,-0.900969,False,False,MORNING,2.0,3.0,4.0,15.0,30.0,256.0,0.0,0.0,0.0,3.36,1.357,80.14,8.01,80.139,80.103,19.86,1.99,11.97,27.41,70.474,66.438,7.46,4.31,15.23,2.12,43.586,5.74,100.0,32.041,False,,0.0,63.003,0.0,0.0,0.0,0.0,0.0,-4.0,-1.28,1.435,6.0,0.0,81.09,81.499,75.2,70.757,42.206,100.0,32.436,22.0,0.0,82.006,82.175,79.779,74.904,42.081,100.0,32.802,6.383,4.514,88.768,85.506,4.32,NORMAL
409,2026-06-05 06:15:00+00:00,6,4,1.0,0.0,-0.433884,-0.900969,False,False,MORNING,3.0,5.0,7.0,17.0,32.0,254.0,0.0,0.0,0.0,5.04,2.124,80.65,8.22,80.654,82.245,19.35,1.78,11.97,27.41,70.926,66.865,7.32,4.35,15.33,2.1,43.228,5.74,100.0,32.898,False,,0.0,63.618,0.0,0.0,0.0,0.0,0.0,0.0,-0.8,1.435,7.0,0.0,80.571,81.601,71.76,67.651,40.637,96.808,32.228,21.0,0.0,82.504,82.595,72.633,68.474,43.074,100.0,33.002,5.04,5.221,88.684,85.469,4.32,NORMAL
410,2026-06-05 06:30:00+00:00,6,4,1.0,0.0,-0.433884,-0.900969,False,False,MORNING,1.0,4.0,7.0,17.0,32.0,254.0,0.0,0.0,0.0,1.68,0.499,81.04,8.13,81.044,81.299,18.96,1.87,10.84,24.92,78.709,73.899,6.75,4.38,15.87,2.0,41.222,5.43,100.0,32.52,False,,0.0,65.112,0.0,0.0,0.0,0.0,0.0,-1.0,-0.79,1.358,9.0,0.0,79.99,80.968,71.203,67.126,40.594,66.417,31.996,21.0,0.0,82.73,82.431,72.489,68.339,44.835,100.0,33.092,3.36,4.924,87.637,85.183,4.17,NORMAL
411,2026-06-05 06:45:00+00:00,6,4,1.0,0.0,-0.433884,-0.900969,False,False,MORNING,2.0,3.0,8.0,19.0,32.0,254.0,0.0,0.0,0.0,3.36,3.576,80.96,8.16,80.964,81.554,19.04,1.84,11.65,26.71,73.153,68.89,7.17,4.4,15.44,2.08,42.826,5.27,100.0,32.622,False,,0.0,64.022,0.0,0.0,0.0,0.0,0.0,3.0,-0.63,1.318,11.0,0.0,80.956,81.775,72.788,68.588,41.107,100.0,32.382,21.0,0.0,83.356,82.544,72.588,68.432,46.43,100.0,33.343,6.72,4.732,88.116,85.632,4.33,NORMAL
412,2026-06-05 07:00:00+00:00,7,4,0.965926,-0.258819,-0.433884,-0.900969,False,False,MORNING,2.0,4.0,8.0,20.0,33.0,253.0,0.0,0.0,0.0,3.36,1.407,81.5,8.11,81.499,81.09,18.5,1.89,11.41,26.18,75.2,70.757,6.99,4.41,15.6,2.05,42.206,5.11,100.0,32.436,False,,0.0,64.461,0.0,0.0,0.0,0.0,0.0,4.0,-0.63,1.278,11.0,0.0,82.006,82.175,79.779,74.904,42.081,100.0,32.802,25.0,0.0,83.375,82.792,72.806,68.637,46.357,100.0,33.35,1.68,5.388,86.623,84.854,4.01,NORMAL
413,2026-06-05 07:15:00+00:00,7,4,0.965926,-0.258819,-0.433884,-0.900969,False,False,MORNING,1.0,3.0,6.0,20.0,34.0,253.0,0.0,0.0,0.0,1.68,1.477,81.6,8.06,81.601,80.571,18.4,1.94,11.97,27.41,71.76,67.651,6.56,4.41,16.03,1.97,40.637,4.79,96.808,32.228,False,,0.0,63.166,0.0,0.0,0.0,0.0,0.0,-1.0,-0.95,1.198,10.0,0.0,82.504,82.595,72.633,68.474,43.074,100.0,33.002,26.0,0.0,84.449,83.29,75.507,71.097,46.394,100.0,33.779,3.36,4.214,86.011,84.702,3.85,NORMAL
414,2026-06-05 07:30:00+00:00,7,4,0.965926,-0.258819,-0.433884,-0.900969,False,False,MORNING,0.0,1.0,5.0,20.0,33.0,252.0,0.0,0.0,0.0,0.0,2.766,80.97,8.0,80.968,79.99,19.03,2.0,11.97,27.41,71.203,67.126,6.55,4.41,16.04,1.97,40.594,4.31,66.417,31.996,False,,0.0,60.041,0.0,0.0,0.0,0.0,0.0,-2.0,-1.12,1.078,11.0,0.0,82.73,82.431,72.489,68.339,44.835,100.0,33.092,24.0,0.0,84.578,83.741,73.641,69.424,44.666,100.0,33.831,5.04,4.998,86.102,84.703,3.85,NORMAL
415,2026-06-05 07:45:00+00:00,7,4,0.965926,-0.258819,-0.433884,-0.900969,False,False,MORNING,3.0,3.0,6.0,19.0,34.0,250.0,0.0,0.0,0.0,5.04,1.425,81.78,8.1,81.775,80.956,18.22,1.9,11.83,27.1,72.788,68.588,6.68,4.42,15.9,2.0,41.107,4.31,100.0,32.382,False,,0.0,63.846,0.0,0.0,0.0,0.0,0.0,-2.0,-0.96,1.078,13.0,0.0,83.356,82.544,72.588,68.432,46.43,100.0,33.343,21.0,0.0,83.44,83.302,73.255,69.06,44.595,88.892,33.376,3.36,4.549,84.714,84.545,3.69,NORMAL
416,2026-06-05 08:00:00+00:00,8,4,0.866025,-0.5,-0.433884,-0.900969,False,False,MORNING,3.0,6.0,7.0,19.0,36.0,251.0,0.0,0.0,0.0,5.04,3.019,82.18,8.2,82.175,82.006,17.82,1.8,10.84,24.93,79.779,74.904,6.92,4.44,15.64,2.05,42.081,4.31,100.0,32.802,False,,0.0,65.829,0.0,0.0,0.0,0.0,0.0,-1.0,-0.8,1.078,11.0,0.0,83.375,82.792,72.806,68.637,46.357,100.0,33.35,27.0,0.0,83.388,83.467,79.505,74.708,42.135,100.0,33.355,1.68,4.786,83.409,83.899,3.37,NORMAL
417,2026-06-05 08:15:00+00:00,8,4,0.866025,-0.5,-0.433884,-0.900969,False,False,MORNING,3.0,6.0,9.0,22.0,35.0,252.0,0.0,0.0,0.0,5.04,3.161,82.59,8.25,82.595,82.504,17.41,1.75,11.97,27.41,72.633,68.474,7.17,4.46,15.37,2.09,43.074,4.31,100.0,33.002,False,,0.0,64.481,0.0,0.0,0.0,0.0,0.0,3.0,-0.48,1.078,11.0,0.0,84.449,83.29,75.507,71.097,46.394,100.0,33.779,27.0,0.0,84.417,83.465,76.022,71.568,43.086,100.0,33.767,8.918,2.553,86.02,85.229,4.33,NORMAL
418,2026-06-05 08:30:00+00:00,8,4,0.866025,-0.5,-0.433884,-0.900969,False,False,MORNING,2.0,5.0,11.0,23.0,37.0,253.0,0.0,0.0,0.0,3.36,3.924,82.43,8.27,82.431,82.73,17.57,1.73,11.97,27.41,72.489,68.339,7.63,4.48,14.89,2.18,44.835,4.15,100.0,33.092,False,,0.0,64.615,0.0,0.0,0.0,0.0,0.0,6.0,-0.16,1.038,10.0,0.0,84.578,83.741,73.641,69.424,44.666,100.0,33.831,27.0,0.0,83.898,83.092,73.07,68.886,43.359,100.0,33.559,7.882,4.067,87.051,86.08,4.01,NORMAL
419,2026-06-05 08:45:00+00:00,8,4,0.866025,-0.5,-0.433884,-0.900969,False,False,MORNING,3.0,5.0,11.0,25.0,39.0,252.0,0.0,0.0,0.0,5.04,4.339,82.54,8.34,82.544,83.356,17.46,1.66,11.97,27.41,72.588,68.432,8.04,4.5,14.46,2.26,46.43,4.15,100.0,33.343,False,,0.0,64.932,0.0,0.0,0.0,0.0,0.0,5.0,-0.16,1.038,8.0,0.0,83.44,83.302,73.255,69.06,44.595,88.892,33.376,27.0,1.52,86.046,84.13,74.585,70.314,43.244,100.0,43.533,1.68,5.02,85.57,85.393,3.69,NORMAL
420,2026-06-05 09:00:00+00:00,9,4,0.707107,-0.707107,-0.433884,-0.900969,False,False,MORNING,2.0,5.0,10.0,25.0,40.0,249.0,0.0,0.0,0.0,3.36,2.362,82.79,8.34,82.792,83.375,17.21,1.66,11.97,27.41,72.806,68.637,8.0,4.52,14.48,2.25,46.357,3.99,100.0,33.35,False,,0.0,65.035,0.0,0.0,0.0,0.0,0.0,3.0,-0.32,0.998,14.0,0.0,83.388,83.467,79.505,74.708,42.135,100.0,33.355,24.0,0.0,87.406,84.897,85.118,79.803,44.831,100.0,34.962,5.04,5.29,85.347,85.353,3.69,NORMAL
421,2026-06-05 09:15:00+00:00,9,4,0.707107,-0.707107,-0.433884,-0.900969,False,False,MORNING,4.0,6.0,11.0,26.0,43.0,246.0,0.0,0.0,0.0,6.72,4.297,83.29,8.44,83.29,84.449,16.71,1.56,11.61,26.63,75.507,71.097,7.99,4.54,14.47,2.25,46.394,4.15,100.0,33.779,False,,0.0,65.982,0.0,0.0,0.0,0.0,0.0,2.0,-0.16,1.038,15.0,0.0,84.417,83.465,76.022,71.568,43.086,100.0,33.767,22.0,0.0,86.912,84.993,82.298,77.278,45.572,100.0,34.765,1.68,5.433,84.345,84.515,3.37,NORMAL
422,2026-06-05 09:30:00+00:00,9,4,0.707107,-0.707107,-0.433884,-0.900969,False,False,MORNING,4.0,8.0,13.0,29.0,46.0,247.0,0.0,0.0,0.0,6.72,4.866,83.74,8.46,83.741,84.578,16.26,1.54,11.97,27.41,73.641,69.424,7.5,4.56,14.94,2.17,44.666,4.32,100.0,33.831,False,,0.0,65.526,0.0,0.0,0.0,0.0,0.0,2.0,0.17,1.08,14.0,0.0,83.898,83.092,73.07,68.886,43.359,100.0,33.559,22.0,0.0,85.803,84.279,74.114,69.87,44.496,87.35,34.321,5.04,5.09,84.951,84.441,3.38,NORMAL
423,2026-06-05 09:45:00+00:00,9,4,0.707107,-0.707107,-0.433884,-0.900969,False,False,MORNING,1.0,5.0,11.0,28.0,47.0,247.0,0.0,0.0,0.0,1.68,3.891,83.3,8.34,83.302,83.44,16.7,1.66,11.97,27.41,73.255,69.06,7.47,4.57,14.96,2.17,44.595,4.0,88.892,33.376,False,,0.0,64.106,0.0,0.0,0.0,0.0,0.0,0.0,-0.15,1.0,13.0,1.52,86.046,84.13,74.585,70.314,43.244,100.0,43.533,24.0,1.8,88.009,85.115,75.632,71.299,45.395,100.0,46.0,1.68,5.146,83.729,83.697,3.06,NORMAL
424,2026-06-05 10:00:00+00:00,10,4,0.5,-0.866025,-0.433884,-0.900969,False,False,MORNING,2.0,3.0,11.0,28.0,48.0,247.0,0.0,0.0,0.0,3.36,2.718,83.47,8.34,83.467,83.388,16.53,1.66,11.05,25.39,79.505,74.708,6.8,4.57,15.62,2.05,42.135,3.84,100.0,33.355,False,,0.0,66.338,0.0,0.0,0.0,0.0,0.0,1.0,-0.15,0.96,13.0,0.0,87.406,84.897,85.118,79.803,44.831,100.0,34.962,19.0,0.0,88.768,85.506,79.635,74.901,45.786,100.0,35.507,5.04,4.533,83.668,83.83,3.06,NORMAL
425,2026-06-05 10:15:00+00:00,10,4,0.5,-0.866025,-0.433884,-0.900969,False,False,MORNING,3.0,5.0,10.0,30.0,50.0,247.0,0.0,0.0,0.0,5.04,4.64,83.46,8.44,83.465,84.417,16.54,1.56,11.56,26.51,76.022,71.568,7.05,4.59,15.37,2.09,43.086,3.84,100.0,33.767,False,,0.0,65.834,0.0,0.0,0.0,0.0,0.0,-1.0,-0.31,0.96,12.0,0.0,86.912,84.993,82.298,77.278,45.572,100.0,34.765,18.0,0.0,88.684,85.469,75.475,71.142,47.43,100.0,35.474,3.36,4.323,82.734,83.683,2.9,NORMAL
426,2026-06-05 10:30:00+00:00,10,4,0.5,-0.866025,-0.433884,-0.900969,False,False,MORNING,2.0,5.0,8.0,32.0,52.0,242.0,0.0,0.0,0.0,3.36,5.059,83.09,8.39,83.092,83.898,16.91,1.61,11.97,27.41,73.07,68.886,7.11,4.59,15.29,2.11,43.359,3.68,100.0,33.559,False,,0.0,64.997,0.0,0.0,0.0,0.0,0.0,-5.0,-0.64,0.92,13.0,0.0,85.803,84.279,74.114,69.87,44.496,87.35,34.321,24.0,0.0,87.637,85.183,76.693,72.234,47.683,100.0,35.055,3.36,4.806,82.927,83.302,2.74,NORMAL
427,2026-06-05 10:45:00+00:00,10,4,0.5,-0.866025,-0.433884,-0.900969,False,False,MORNING,7.0,9.0,14.0,36.0,55.0,248.0,1.52,0.0,0.0,9.208,4.194,84.13,8.6,84.13,86.046,15.87,1.4,11.97,27.41,74.585,70.314,7.0,4.67,15.32,2.1,43.244,4.32,100.0,43.533,False,,2.6,66.97,1.52,1.52,1.52,0.095,1.52,3.0,0.32,1.46,14.0,1.8,88.009,85.115,75.632,71.299,45.395,100.0,46.0,23.0,0.0,88.116,85.632,81.232,76.344,44.783,100.0,35.246,6.72,4.339,83.805,83.809,2.9,NORMAL
428,2026-06-05 11:00:00+00:00,11,4,0.258819,-0.965926,-0.433884,-0.900969,False,False,MORNING,3.0,10.0,15.0,36.0,55.0,247.0,0.0,0.14,0.1367,7.592,3.982,84.9,8.74,84.897,87.406,15.1,1.26,10.5,24.18,85.118,79.803,7.4,4.7,14.9,2.18,44.831,4.32,100.0,34.962,False,,0.0,68.984,-1.52,0.0,0.0,0.095,1.52,4.0,0.48,1.08,11.0,0.0,88.768,85.506,79.635,74.901,45.786,100.0,35.507,20.0,0.0,86.623,84.854,74.62,70.348,45.204,89.0,34.649,1.68,4.346,82.892,83.234,2.58,NORMAL
429,2026-06-05 11:15:00+00:00,11,4,0.258819,-0.965926,-0.433884,-0.900969,False,False,MORNING,2.0,5.0,14.0,35.0,57.0,245.0,0.0,0.0,0.0,3.36,3.175,84.99,8.69,84.993,86.912,15.01,1.31,10.87,25.0,82.298,77.278,7.59,4.72,14.7,2.21,45.572,4.16,100.0,34.765,False,,0.0,68.331,0.0,-1.52,0.0,0.095,1.52,4.0,0.32,1.04,10.0,0.0,88.684,85.469,75.475,71.142,47.43,100.0,35.474,22.0,0.0,86.011,84.702,80.207,75.387,46.059,100.0,34.405,0.0,5.163,82.137,82.019,2.1,NORMAL
430,2026-06-05 11:30:00+00:00,11,4,0.258819,-0.965926,-0.433884,-0.900969,False,False,MORNING,1.0,3.0,13.0,34.0,57.0,245.0,0.0,0.0,0.0,1.68,4.98,84.28,8.58,84.279,85.803,15.72,1.42,11.97,27.41,74.114,69.87,7.3,4.72,14.99,2.16,44.496,3.84,87.35,34.321,False,,0.0,64.846,0.0,0.0,0.0,0.095,1.52,5.0,0.16,0.96,9.0,0.0,87.637,85.183,76.693,72.234,47.683,100.0,35.055,21.0,0.0,86.102,84.703,76.685,72.21,46.927,100.0,34.441,9.634,4.228,84.974,83.087,2.74,NORMAL
431,2026-06-05 11:45:00+00:00,11,4,0.258819,-0.965926,-0.433884,-0.900969,False,False,MORNING,7.0,8.0,13.0,38.0,63.0,251.0,1.8,0.0,0.0,8.737,4.511,85.11,8.8,85.115,88.009,14.89,1.2,11.96,27.39,75.632,71.299,7.45,4.81,14.74,2.21,45.395,4.48,100.0,46.0,False,,3.3,68.196,1.8,1.8,0.28,0.208,1.8,-1.0,0.16,1.57,10.0,0.0,88.116,85.632,81.232,76.344,44.783,100.0,35.246,21.0,0.0,84.714,84.545,74.348,70.091,46.797,100.0,33.886,9.192,4.054,87.138,84.155,3.22,NORMAL
432,2026-06-05 12:00:00+00:00,12,4,0.0,-1.0,-0.433884,-0.900969,False,False,MORNING,2.0,9.0,12.0,38.0,63.0,248.0,0.0,0.16,0.1619,6.383,4.514,85.51,8.88,85.506,88.768,14.49,1.12,11.3,25.95,79.635,74.901,7.54,4.82,14.64,2.23,45.786,4.32,100.0,35.507,False,,0.0,68.23,-1.8,0.0,0.0,0.208,1.8,-3.0,0.0,1.08,8.0,0.0,86.623,84.854,74.62,70.348,45.204,89.0,34.649,20.0,0.0,83.409,83.899,91.253,86.627,48.161,82.633,33.364,4.695,2.939,87.568,84.55,2.9,NORMAL
433,2026-06-05 12:15:00+00:00,12,4,0.0,-1.0,-0.433884,-0.900969,False,False,MORNING,3.0,5.0,13.0,37.0,63.0,247.0,0.0,0.0,0.0,5.04,5.221,85.47,8.87,85.469,88.684,14.53,1.13,11.92,27.3,75.475,71.142,7.97,4.83,14.19,2.31,47.43,4.32,100.0,35.474,False,,0.0,67.403,0.0,-1.8,0.0,0.208,1.8,-1.0,0.16,1.08,8.0,0.0,86.011,84.702,80.207,75.387,46.059,100.0,34.405,22.0,3.69,86.02,85.229,100.0,98.344,45.343,100.0,56.559,1.68,3.402,86.528,84.224,2.58,NORMAL
434,2026-06-05 12:30:00+00:00,12,4,0.0,-1.0,-0.433884,-0.900969,False,False,MORNING,2.0,5.0,14.0,35.0,64.0,249.0,0.0,0.0,0.0,3.36,4.924,85.18,8.76,85.183,87.637,14.82,1.24,11.69,26.8,76.693,72.234,8.04,4.83,14.13,2.32,47.683,4.17,100.0,35.055,False,,0.0,67.43,0.0,0.0,0.0,0.208,1.8,1.0,0.33,1.042,15.0,0.0,86.102,84.703,76.685,72.21,46.927,100.0,34.441,15.0,0.0,87.051,86.08,100.0,100.0,45.836,89.05,34.82,3.36,3.262,85.688,84.332,2.43,NORMAL
435,2026-06-05 12:45:00+00:00,12,4,0.0,-1.0,-0.433884,-0.900969,False,False,MORNING,4.0,6.0,11.0,38.0,66.0,250.0,0.0,0.0,0.0,6.72,4.732,85.63,8.81,85.632,88.116,14.37,1.19,11.1,25.49,81.232,76.344,7.26,4.83,14.91,2.18,44.783,4.33,100.0,35.246,False,,0.0,68.402,0.0,0.0,-1.8,0.208,1.8,-2.0,-0.15,1.082,13.0,0.0,84.714,84.545,74.348,70.091,46.797,100.0,33.886,16.0,0.0,85.57,85.393,87.609,83.323,44.078,85.858,34.228,5.04,4.555,85.229,84.499,2.43,NORMAL
436,2026-06-05 13:00:00+00:00,13,4,-0.258819,-0.965926,-0.433884,-0.900969,False,False,MORNING,1.0,5.0,10.0,37.0,65.0,246.0,0.0,0.0,0.0,1.68,5.388,84.85,8.66,84.854,86.623,15.15,1.34,11.97,27.41,74.62,70.348,7.39,4.82,14.79,2.2,45.204,4.01,89.0,34.649,False,,0.0,65.467,0.0,0.0,0.0,0.208,1.8,-2.0,-0.31,1.002,12.0,0.0,83.409,83.899,91.253,86.627,48.161,82.633,33.364,19.0,0.0,85.347,85.353,91.857,87.23,45.116,100.0,34.139,8.4,4.276,86.471,85.406,2.75,NORMAL
437,2026-06-05 13:15:00+00:00,13,4,-0.258819,-0.965926,-0.433884,-0.900969,False,False,MORNING,2.0,3.0,9.0,36.0,66.0,246.0,0.0,0.0,0.0,3.36,4.214,84.7,8.6,84.702,86.011,15.3,1.4,11.12,25.54,80.207,75.387,7.63,4.8,14.56,2.24,46.059,3.85,100.0,34.405,False,,0.0,67.653,0.0,0.0,0.0,0.208,1.8,-4.0,-0.47,0.962,14.0,3.69,86.02,85.229,100.0,98.344,45.343,100.0,56.559,17.0,0.0,84.345,84.515,100.0,100.0,45.985,82.675,33.738,1.68,4.497,85.211,84.828,2.43,NORMAL
438,2026-06-05 13:30:00+00:00,13,4,-0.258819,-0.965926,-0.433884,-0.900969,False,False,MORNING,3.0,5.0,10.0,37.0,69.0,243.0,0.0,0.0,0.0,5.04,4.998,84.7,8.61,84.703,86.102,15.3,1.39,11.63,26.66,76.685,72.21,7.88,4.79,14.33,2.28,46.927,3.85,100.0,34.441,False,,0.0,66.946,0.0,0.0,0.0,0.208,1.8,-4.0,-0.32,0.962,6.0,0.0,87.051,86.08,100.0,100.0,45.836,89.05,34.82,16.0,0.0,84.951,84.441,86.633,82.394,44.773,100.0,33.98,3.36,5.413,84.4,84.396,2.27,NORMAL
439,2026-06-05 13:45:00+00:00,13,4,-0.258819,-0.965926,-0.433884,-0.900969,False,False,MORNING,2.0,5.0,8.0,32.0,68.0,242.0,0.0,0.0,0.0,3.36,4.549,84.54,8.47,84.545,84.714,15.46,1.53,11.97,27.41,74.348,70.091,7.87,4.76,14.36,2.27,46.797,3.69,100.0,33.886,False,,0.0,66.087,0.0,0.0,0.0,0.208,1.8,-3.0,-0.64,0.922,8.0,0.0,85.57,85.393,87.609,83.323,44.078,85.858,34.228,20.0,0.0,83.729,83.697,85.87,81.668,45.355,79.492,33.492,5.04,4.653,84.46,84.487,2.27,NORMAL
440,2026-06-05 14:00:00+00:00,14,4,-0.5,-0.866025,-0.433884,-0.900969,False,False,EVENING,1.0,3.0,8.0,30.0,66.0,240.0,0.0,0.0,0.0,1.68,4.786,83.9,8.34,83.899,83.409,16.1,1.66,9.68,22.01,91.253,86.627,8.28,4.73,14.0,2.34,48.161,3.37,82.633,33.364,False,,0.0,68.257,0.0,0.0,0.0,0.208,1.8,-2.0,-0.64,0.842,8.0,0.0,85.347,85.353,91.857,87.23,45.116,100.0,34.139,25.0,0.0,83.668,83.83,86.006,81.798,43.961,100.0,33.467,8.4,5.045,86.115,85.16,2.59,NORMAL
441,2026-06-05 14:15:00+00:00,14,4,-0.5,-0.866025,-0.433884,-0.900969,False,False,EVENING,9.0,10.0,15.0,37.0,72.0,245.0,3.69,0.0,0.0,8.918,2.553,85.23,8.6,85.229,86.02,14.77,1.4,8.8,20.08,100.0,98.344,7.38,4.86,14.76,2.2,45.343,4.33,100.0,56.559,False,,6.6,75.198,3.69,3.69,3.69,0.438,3.69,6.0,0.48,2.005,8.0,0.0,84.345,84.515,100.0,100.0,45.985,82.675,33.738,23.0,0.0,82.734,83.683,85.855,81.654,45.152,100.0,33.094,3.36,5.227,85.616,84.743,2.43,MODERATE
442,2026-06-05 14:30:00+00:00,14,4,-0.5,-0.866025,-0.433884,-0.900969,False,False,EVENING,1.0,10.0,13.0,37.0,71.0,244.0,0.0,0.33,0.3323,7.882,4.067,86.08,8.71,86.08,87.051,13.92,1.29,7.01,16.15,100.0,100.0,7.53,4.85,14.62,2.23,45.836,4.01,89.05,34.82,False,,0.0,72.488,-3.69,0.0,0.0,0.438,3.69,3.0,0.16,1.002,9.0,0.0,84.951,84.441,86.633,82.394,44.773,100.0,33.98,22.0,0.0,82.927,83.302,85.464,81.282,44.605,100.0,33.171,5.04,4.395,85.606,84.905,2.43,MODERATE
443,2026-06-05 14:45:00+00:00,14,4,-0.5,-0.866025,-0.433884,-0.900969,False,False,EVENING,1.0,2.0,12.0,31.0,69.0,241.0,0.0,0.0,0.0,1.68,5.02,85.39,8.56,85.393,85.57,14.61,1.44,10.26,23.29,87.609,83.323,7.08,4.82,15.1,2.14,44.078,3.69,85.858,34.228,False,,0.0,68.107,0.0,-3.69,0.0,0.343,3.69,4.0,0.0,0.922,8.0,0.0,83.729,83.697,85.87,81.668,45.355,79.492,33.492,22.0,0.0,83.805,83.809,87.006,82.718,44.834,100.0,33.522,5.04,4.187,86.247,85.054,2.43,NORMAL
444,2026-06-05 15:00:00+00:00,15,4,-0.707107,-0.707107,-0.433884,-0.900969,False,False,EVENING,3.0,4.0,14.0,32.0,70.0,242.0,0.0,0.0,0.0,5.04,5.29,85.35,8.53,85.353,85.347,14.65,1.47,9.78,22.24,91.857,87.23,7.39,4.79,14.82,2.19,45.116,3.69,100.0,34.139,False,,0.0,70.398,0.0,0.0,0.0,0.343,3.69,6.0,0.32,0.922,11.0,0.0,83.668,83.83,86.006,81.798,43.961,100.0,33.467,21.0,0.0,82.892,83.234,85.395,81.216,45.978,74.733,33.157,6.72,5.83,86.263,85.275,2.59,MODERATE
445,2026-06-05 15:15:00+00:00,15,4,-0.707107,-0.707107,-0.433884,-0.900969,False,False,EVENING,1.0,4.0,6.0,30.0,67.0,240.0,0.0,0.0,0.0,1.68,5.433,84.51,8.43,84.515,84.345,15.49,1.57,8.15,18.65,100.0,100.0,7.65,4.76,14.58,2.23,45.985,3.37,82.675,33.738,False,,0.0,71.042,0.0,0.0,-3.69,0.343,3.69,-9.0,-0.96,0.842,9.0,0.0,82.734,83.683,85.855,81.654,45.152,100.0,33.094,25.0,0.0,82.137,82.019,84.148,80.03,44.109,44.342,32.855,6.72,5.053,86.215,85.697,2.75,MODERATE
446,2026-06-05 15:30:00+00:00,15,4,-0.707107,-0.707107,-0.433884,-0.900969,False,False,EVENING,3.0,4.0,8.0,31.0,66.0,240.0,0.0,0.0,0.0,5.04,5.09,84.44,8.5,84.441,84.951,15.56,1.5,10.26,23.29,86.633,82.394,7.34,4.74,14.91,2.18,44.773,3.38,100.0,33.98,False,,0.0,68.88,0.0,0.0,0.0,0.343,3.69,-5.0,-0.63,0.845,7.0,0.0,82.927,83.302,85.464,81.282,44.605,100.0,33.171,26.0,1.27,84.974,83.087,85.828,81.628,46.422,100.0,41.583,3.36,4.591,86.327,85.378,2.6,NORMAL
447,2026-06-05 15:45:00+00:00,15,4,-0.707107,-0.707107,-0.433884,-0.900969,False,False,EVENING,1.0,4.0,8.0,28.0,66.0,235.0,0.0,0.0,0.0,1.68,5.146,83.7,8.37,83.697,83.729,16.3,1.63,10.26,23.29,85.87,81.668,7.53,4.72,14.75,2.2,45.355,3.06,79.492,33.492,False,,0.0,66.5,0.0,0.0,0.0,0.231,3.69,-4.0,-0.63,0.765,12.0,0.0,83.805,83.809,87.006,82.718,44.834,100.0,33.522,21.0,1.79,87.138,84.155,100.0,98.435,46.916,100.0,45.621,0.0,6.069,84.502,84.043,2.12,NORMAL
448,2026-06-05 16:00:00+00:00,16,4,-0.866025,-0.5,-0.433884,-0.900969,False,False,EVENING,3.0,4.0,8.0,30.0,67.0,235.0,0.0,0.0,0.0,5.04,4.533,83.83,8.37,83.83,83.668,16.17,1.63,10.26,23.29,86.006,81.798,7.18,4.69,15.13,2.14,43.961,3.06,100.0,33.467,False,,0.0,68.269,0.0,0.0,0.0,0.231,3.69,-6.0,-0.63,0.765,14.0,0.0,82.892,83.234,85.395,81.216,45.978,74.733,33.157,18.0,0.0,87.568,84.55,92.627,87.911,47.666,77.967,35.027,5.04,4.449,84.809,84.16,2.12,NORMAL
449,2026-06-05 16:15:00+00:00,16,4,-0.866025,-0.5,-0.433884,-0.900969,False,False,EVENING,2.0,5.0,9.0,30.0,66.0,235.0,0.0,0.0,0.0,3.36,4.323,83.68,8.27,83.683,82.734,16.32,1.73,10.26,23.29,85.855,81.654,7.53,4.67,14.81,2.19,45.152,2.9,100.0,33.094,False,,0.0,68.122,0.0,0.0,0.0,0.231,3.69,3.0,-0.47,0.725,14.0,0.0,82.137,82.019,84.148,80.03,44.109,44.342,32.855,22.0,0.0,86.528,84.224,86.597,82.354,46.992,74.775,34.611,1.68,3.929,83.57,83.722,1.8,NORMAL
450,2026-06-05 16:30:00+00:00,16,4,-0.866025,-0.5,-0.433884,-0.900969,False,False,EVENING,2.0,4.0,8.0,29.0,66.0,231.0,0.0,0.0,0.0,3.36,4.806,83.3,8.29,83.302,82.927,16.7,1.71,10.26,23.29,85.464,81.282,7.4,4.64,14.96,2.17,44.605,2.74,100.0,33.171,False,,0.0,67.936,0.0,0.0,0.0,0.231,3.69,0.0,-0.64,0.685,15.0,1.27,84.974,83.087,85.828,81.628,46.422,100.0,41.583,23.0,0.0,85.688,84.332,86.521,82.288,46.995,98.783,34.275,8.98,3.396,85.696,84.905,2.28,NORMAL
451,2026-06-05 16:45:00+00:00,16,4,-0.866025,-0.5,-0.433884,-0.900969,False,False,EVENING,4.0,6.0,11.0,31.0,63.0,232.0,0.0,0.0,0.0,6.72,4.339,83.81,8.38,83.809,83.805,16.19,1.62,10.14,23.03,87.006,82.718,7.47,4.64,14.89,2.18,44.834,2.9,100.0,33.522,False,,0.0,68.601,0.0,0.0,0.0,0.231,3.69,3.0,-0.16,0.725,10.0,1.79,87.138,84.155,100.0,98.435,46.916,100.0,45.621,24.0,0.0,85.229,84.499,86.693,82.451,47.003,100.0,34.092,1.1,5.922,83.77,83.892,1.8,NORMAL
452,2026-06-05 17:00:00+00:00,17,4,-0.965926,-0.258819,-0.433884,-0.900969,False,False,EVENING,1.0,5.0,9.0,31.0,61.0,229.0,0.0,0.0,0.0,1.68,4.346,83.23,8.29,83.234,82.892,16.77,1.71,10.26,23.29,85.395,81.216,7.79,4.62,14.59,2.23,45.978,2.58,74.733,33.157,False,,0.0,65.747,0.0,0.0,0.0,0.231,3.69,1.0,-0.48,0.645,7.0,0.0,87.568,84.55,92.627,87.911,47.666,77.967,35.027,24.0,0.0,86.471,85.406,94.907,90.031,46.253,100.0,34.588,0.0,1.768,82.164,83.611,1.32,NORMAL
453,2026-06-05 17:15:00+00:00,17,4,-0.965926,-0.258819,-0.433884,-0.900969,False,False,EVENING,0.0,1.0,7.0,22.0,59.0,226.0,0.0,0.0,0.0,0.0,5.163,82.02,8.21,82.019,82.137,17.98,1.79,10.26,23.29,84.148,80.03,7.31,4.6,15.09,2.14,44.109,2.1,44.342,32.855,False,,0.0,62.134,0.0,0.0,0.0,0.231,3.69,-2.0,-0.8,0.525,11.0,0.0,86.528,84.224,86.597,82.354,46.992,74.775,34.611,23.0,0.0,85.211,84.828,94.785,89.899,45.356,73.208,34.084,3.36,4.665,83.358,83.165,1.16,NORMAL
454,2026-06-05 17:30:00+00:00,17,4,-0.965926,-0.258819,-0.433884,-0.900969,False,False,EVENING,7.0,7.0,12.0,28.0,65.0,228.0,1.27,0.0,0.0,9.634,4.228,83.09,8.5,83.087,84.974,16.91,1.5,10.26,23.29,85.828,81.628,7.87,4.66,14.47,2.26,46.422,2.74,100.0,41.583,False,,2.1,69.359,1.27,1.27,1.27,0.31,3.69,4.0,0.0,1.002,11.0,0.0,85.688,84.332,86.521,82.288,46.995,98.783,34.275,26.0,0.0,84.4,84.396,86.587,82.35,48.045,97.217,33.76,3.36,2.982,83.165,83.279,1.0,NORMAL
455,2026-06-05 17:45:00+00:00,17,4,-0.965926,-0.258819,-0.433884,-0.900969,False,False,EVENING,6.0,13.0,14.0,33.0,64.0,229.0,1.79,0.11,0.0635,9.192,4.054,84.15,8.71,84.155,87.138,15.85,1.29,8.59,19.62,100.0,98.435,7.92,4.75,14.33,2.28,46.916,3.22,100.0,45.621,False,,3.1,74.122,0.52,1.79,1.79,0.422,3.69,3.0,0.32,1.252,11.0,0.0,85.229,84.499,86.693,82.451,47.003,100.0,34.092,26.0,0.0,84.46,84.487,100.0,100.0,47.549,100.0,33.784,1.68,4.5,82.197,82.671,0.68,MODERATE
456,2026-06-05 18:00:00+00:00,18,4,-1.0,-0.0,-0.433884,-0.900969,False,False,EVENING,1.0,7.0,14.0,31.0,63.0,227.0,0.0,0.16,0.1615,4.695,2.939,84.55,8.76,84.55,87.568,15.45,1.24,9.61,21.86,92.627,87.911,8.11,4.76,14.13,2.32,47.666,2.9,77.967,35.027,False,,0.0,69.086,-1.79,-1.27,0.0,0.422,3.69,5.0,0.32,0.725,11.0,0.0,86.471,85.406,94.907,90.031,46.253,100.0,34.588,23.0,0.0,86.115,85.16,87.37,83.095,47.209,100.0,34.446,1.68,2.538,81.134,82.563,0.26,NORMAL
457,2026-06-05 18:15:00+00:00,18,4,-1.0,-0.0,-0.433884,-0.900969,False,False,EVENING,1.0,2.0,15.0,31.0,61.0,226.0,0.0,0.0,0.0,1.68,3.402,84.22,8.65,84.224,86.528,15.78,1.35,10.24,23.24,86.597,82.354,7.92,4.76,14.31,2.28,46.992,2.58,74.775,34.611,False,,0.0,67.068,0.0,-1.79,0.0,0.191,1.79,8.0,0.48,0.645,11.0,0.0,85.211,84.828,94.785,89.899,45.356,73.208,34.084,21.0,0.0,85.616,84.743,89.262,84.824,47.296,98.842,34.246,0.0,2.184,80.043,82.126,0.0,NORMAL
458,2026-06-05 18:30:00+00:00,18,4,-1.0,-0.0,-0.433884,-0.900969,False,False,EVENING,2.0,3.0,10.0,30.0,61.0,223.0,0.0,0.0,0.0,3.36,3.262,84.33,8.57,84.332,85.688,15.67,1.43,10.26,23.29,86.521,82.288,7.94,4.75,14.31,2.28,46.995,2.43,98.783,34.275,False,,0.0,69.068,0.0,0.0,-1.27,0.191,1.79,-2.0,-0.31,0.608,12.0,0.0,84.4,84.396,86.587,82.35,48.045,97.217,33.76,20.0,0.0,85.606,84.905,100.0,100.0,46.462,100.0,34.242,6.72,4.166,82.018,82.567,0.06,NORMAL
459,2026-06-05 18:45:00+00:00,18,4,-1.0,-0.0,-0.433884,-0.900969,False,False,EVENING,3.0,5.0,7.0,32.0,60.0,226.0,0.0,0.0,0.0,5.04,4.555,84.5,8.52,84.499,85.229,15.5,1.48,10.26,23.29,86.693,82.451,7.95,4.74,14.31,2.28,47.003,2.43,100.0,34.092,False,,0.0,69.163,0.0,0.0,-1.79,0.191,1.79,-7.0,-0.79,0.608,13.0,0.0,84.46,84.487,100.0,100.0,47.549,100.0,33.784,23.0,0.0,86.247,85.054,94.861,89.977,45.213,100.0,34.499,5.04,3.397,82.521,82.927,0.0,NORMAL
460,2026-06-05 19:00:00+00:00,19,4,-0.965926,0.258819,-0.433884,-0.900969,False,False,EVENING,5.0,8.0,11.0,34.0,64.0,228.0,0.0,0.0,0.0,8.4,4.276,85.41,8.65,85.406,86.471,14.59,1.35,9.47,21.56,94.907,90.031,7.74,4.74,14.51,2.25,46.253,2.75,100.0,34.588,False,,0.0,71.439,0.0,0.0,0.0,0.191,1.79,-3.0,-0.15,0.688,13.0,0.0,86.115,85.16,87.37,83.095,47.209,100.0,34.446,20.0,0.0,86.263,85.275,100.0,100.0,45.774,100.0,34.505,1.68,3.822,81.168,82.527,0.0,MODERATE
461,2026-06-05 19:15:00+00:00,19,4,-0.965926,0.258819,-0.433884,-0.900969,False,False,EVENING,1.0,6.0,11.0,33.0,63.0,227.0,0.0,0.0,0.0,1.68,4.497,84.83,8.52,84.828,85.211,15.17,1.48,9.42,21.45,94.785,89.899,7.51,4.73,14.75,2.2,45.356,2.43,73.208,34.084,False,,0.0,68.537,0.0,0.0,0.0,0.191,1.79,-4.0,-0.15,0.608,12.0,0.0,85.616,84.743,89.262,84.824,47.296,98.842,34.246,16.0,0.0,86.215,85.697,87.921,83.619,46.01,100.0,34.486,1.68,5.481,80.922,81.601,0.0,NORMAL
462,2026-06-05 19:30:00+00:00,19,4,-0.965926,0.258819,-0.433884,-0.900969,False,False,EVENING,2.0,3.0,11.0,33.0,62.0,225.0,0.0,0.0,0.0,3.36,5.413,84.4,8.44,84.396,84.4,15.6,1.56,10.26,23.29,86.587,82.35,8.26,4.71,14.03,2.34,48.045,2.27,97.217,33.76,False,,0.0,68.793,0.0,0.0,0.0,0.191,1.79,1.0,-0.16,0.568,14.0,0.0,85.606,84.905,100.0,100.0,46.462,100.0,34.242,14.0,0.0,86.327,85.378,87.594,83.308,46.278,100.0,34.531,3.36,3.201,81.033,81.63,0.0,NORMAL
463,2026-06-05 19:45:00+00:00,19,4,-0.965926,0.258819,-0.433884,-0.900969,False,False,EVENING,3.0,5.0,11.0,32.0,63.0,225.0,0.0,0.0,0.0,5.04,4.653,84.49,8.45,84.487,84.46,15.51,1.55,8.4,19.19,100.0,100.0,8.14,4.7,14.16,2.31,47.549,2.27,100.0,33.784,False,,0.0,72.759,0.0,0.0,0.0,0.191,1.79,4.0,-0.16,0.568,13.0,0.0,86.247,85.054,94.861,89.977,45.213,100.0,34.499,14.0,0.0,84.502,84.043,86.225,82.006,47.337,44.492,33.801,1.68,3.238,80.233,81.321,0.0,MODERATE
464,2026-06-05 20:00:00+00:00,20,4,-0.866025,0.5,-0.433884,-0.900969,False,False,EVENING,5.0,8.0,11.0,36.0,67.0,228.0,0.0,0.0,0.0,8.4,5.045,85.16,8.61,85.16,86.115,14.84,1.39,10.26,23.29,87.37,83.095,8.04,4.71,14.25,2.29,47.209,2.59,100.0,34.446,False,,0.0,69.663,0.0,0.0,0.0,0.191,1.79,0.0,-0.16,0.648,10.0,0.0,86.263,85.275,100.0,100.0,45.774,100.0,34.505,15.0,0.0,84.809,84.16,100.0,100.0,45.96,100.0,33.924,0.0,2.803,78.673,80.776,0.0,NORMAL
465,2026-06-05 20:15:00+00:00,20,4,-0.866025,0.5,-0.433884,-0.900969,False,False,EVENING,2.0,7.0,12.0,38.0,60.0,226.0,0.0,0.0,0.0,3.36,5.227,84.74,8.56,84.743,85.616,15.26,1.44,9.99,22.71,89.262,84.824,8.06,4.71,14.23,2.3,47.296,2.43,98.842,34.246,False,,0.0,69.809,0.0,0.0,0.0,0.191,1.79,1.0,0.0,0.608,9.0,0.0,86.215,85.697,87.921,83.619,46.01,100.0,34.486,13.0,0.0,83.57,83.722,100.0,100.0,47.666,66.908,33.428,5.04,1.886,80.172,81.414,0.0,NORMAL
466,2026-06-05 20:30:00+00:00,20,4,-0.866025,0.5,-0.433884,-0.900969,False,False,EVENING,3.0,5.0,13.0,34.0,62.0,227.0,0.0,0.0,0.0,5.04,4.395,84.91,8.56,84.905,85.606,15.09,1.44,7.12,16.38,100.0,100.0,7.84,4.71,14.46,2.26,46.462,2.43,100.0,34.242,False,,0.0,72.982,0.0,0.0,0.0,0.191,1.79,2.0,0.16,0.608,6.0,0.0,86.327,85.378,87.594,83.308,46.278,100.0,34.531,12.0,0.65,85.696,84.905,100.0,100.0,46.376,100.0,38.206,1.68,2.707,80.516,81.123,0.0,MODERATE
467,2026-06-05 20:45:00+00:00,20,4,-0.866025,0.5,-0.433884,-0.900969,False,False,EVENING,3.0,6.0,13.0,31.0,64.0,224.0,0.0,0.0,0.0,5.04,4.187,85.05,8.62,85.054,86.247,14.95,1.38,9.44,21.48,94.861,89.977,7.49,4.72,14.79,2.2,45.213,2.43,100.0,34.499,False,,0.0,71.211,0.0,0.0,0.0,0.191,1.79,2.0,0.16,0.608,10.0,0.0,84.502,84.043,86.225,82.006,47.337,44.492,33.801,10.0,0.0,83.77,83.892,100.0,100.0,46.861,41.325,33.508,1.68,2.433,79.909,80.996,0.0,MODERATE
468,2026-06-05 21:00:00+00:00,21,4,-0.707107,0.707107,-0.433884,-0.900969,False,False,EVENING,4.0,7.0,12.0,34.0,65.0,224.0,0.0,0.0,0.0,6.72,5.83,85.28,8.63,85.275,86.263,14.72,1.37,7.08,16.29,100.0,100.0,7.64,4.72,14.64,2.22,45.774,2.59,100.0,34.505,False,,0.0,73.133,0.0,0.0,0.0,0.191,1.79,1.0,0.0,0.648,10.0,0.0,84.809,84.16,100.0,100.0,45.96,100.0,33.924,13.0,0.0,82.164,83.611,100.0,100.0,49.649,36.533,32.865,6.72,3.247,81.744,81.681,0.06,MODERATE
469,2026-06-05 21:15:00+00:00,21,4,-0.707107,0.707107,-0.433884,-0.900969,False,False,EVENING,4.0,8.0,14.0,37.0,68.0,221.0,0.0,0.0,0.0,6.72,5.053,85.7,8.62,85.697,86.215,14.3,1.38,10.26,23.29,87.921,83.619,7.7,4.73,14.58,2.24,46.01,2.75,100.0,34.486,False,,0.0,69.822,0.0,0.0,0.0,0.191,1.79,2.0,0.32,0.688,7.0,0.0,83.57,83.722,100.0,100.0,47.666,66.908,33.428,14.0,0.0,83.358,83.165,100.0,100.0,50.069,86.142,33.343,0.0,2.151,80.927,81.225,0.0,NORMAL
470,2026-06-05 21:30:00+00:00,21,4,-0.707107,0.707107,-0.433884,-0.900969,False,False,EVENING,2.0,6.0,13.0,37.0,67.0,220.0,0.0,0.0,0.0,3.36,4.591,85.38,8.63,85.378,86.327,14.62,1.37,10.26,23.29,87.594,83.308,7.77,4.73,14.5,2.25,46.278,2.6,100.0,34.531,False,,0.0,69.722,0.0,0.0,0.0,0.112,1.79,0.0,0.17,0.65,8.0,0.65,85.696,84.905,100.0,100.0,46.376,100.0,38.206,13.0,0.0,83.165,83.279,100.0,100.0,47.177,84.55,33.266,1.68,2.492,79.382,81.176,0.0,NORMAL
471,2026-06-05 21:45:00+00:00,21,4,-0.707107,0.707107,-0.433884,-0.900969,False,False,EVENING,0.0,2.0,10.0,34.0,66.0,217.0,0.0,0.0,0.0,0.0,6.069,84.04,8.45,84.043,84.502,15.96,1.55,10.26,23.29,86.225,82.006,8.07,4.71,14.22,2.3,47.337,2.12,44.492,33.801,False,,0.0,63.842,0.0,0.0,0.0,0.0,0.0,-3.0,-0.31,0.53,4.0,0.0,83.77,83.892,100.0,100.0,46.861,41.325,33.508,13.0,0.0,82.197,82.671,100.0,100.0,48.076,55.758,32.879,6.72,2.156,80.904,82.165,0.06,NORMAL
472,2026-06-05 22:00:00+00:00,22,4,-0.5,0.866025,-0.433884,-0.900969,False,False,NIGHT,3.0,3.0,9.0,32.0,66.0,219.0,0.0,0.0,0.0,5.04,4.449,84.16,8.48,84.16,84.809,15.84,1.52,6.27,17.99,100.0,100.0,7.71,4.7,14.59,2.23,45.96,2.12,100.0,33.924,False,,0.0,72.613,0.0,0.0,0.0,0.0,0.0,-3.0,-0.47,0.53,5.0,0.0,82.164,83.611,100.0,100.0,49.649,36.533,32.865,13.0,0.0,81.134,82.563,100.0,100.0,45.759,34.858,32.453,1.68,3.065,81.217,81.787,0.0,MODERATE
473,2026-06-05 22:15:00+00:00,22,4,-0.5,0.866025,-0.433884,-0.900969,False,False,NIGHT,1.0,4.0,6.0,32.0,65.0,215.0,0.0,0.0,0.0,1.68,3.929,83.72,8.36,83.722,83.57,16.28,1.64,6.27,17.99,100.0,100.0,8.19,4.68,14.13,2.32,47.666,1.8,66.908,33.428,False,,0.0,69.445,0.0,0.0,0.0,0.0,0.0,-8.0,-0.95,0.45,6.0,0.0,83.358,83.165,100.0,100.0,50.069,86.142,33.343,12.0,0.0,80.043,82.126,100.0,100.0,44.043,8.0,32.017,0.0,4.289,79.686,80.868,0.0,NORMAL
474,2026-06-05 22:30:00+00:00,22,4,-0.5,0.866025,-0.433884,-0.900969,False,False,NIGHT,6.0,7.0,10.0,36.0,69.0,215.0,0.65,0.0,0.0,8.98,3.396,84.91,8.57,84.905,85.696,15.09,1.43,6.0,17.41,100.0,100.0,7.81,4.71,14.48,2.25,46.376,2.28,100.0,38.206,False,,1.2,73.408,0.65,0.65,0.65,0.041,0.65,-3.0,-0.32,0.732,4.0,0.0,83.165,83.279,100.0,100.0,47.177,84.55,33.266,15.0,0.0,82.018,82.567,100.0,100.0,43.251,100.0,32.807,5.04,1.293,80.405,81.733,0.0,MODERATE
475,2026-06-05 22:45:00+00:00,22,4,-0.5,0.866025,-0.433884,-0.900969,False,False,NIGHT,0.0,6.0,10.0,33.0,65.0,214.0,0.0,0.06,0.0589,1.1,5.922,83.89,8.38,83.892,83.77,16.11,1.62,5.57,16.44,100.0,100.0,7.96,4.69,14.35,2.28,46.861,1.8,41.325,33.508,False,,0.0,67.147,-0.65,0.0,0.0,0.041,0.65,0.0,-0.32,0.45,6.0,0.0,82.197,82.671,100.0,100.0,48.076,55.758,32.879,12.0,0.0,82.521,82.927,100.0,100.0,44.36,83.467,33.008,3.36,2.359,80.794,81.945,0.0,NORMAL
476,2026-06-05 23:00:00+00:00,23,4,-0.258819,0.965926,-0.433884,-0.900969,False,False,NIGHT,0.0,0.0,7.0,28.0,64.0,212.0,0.0,0.0,0.0,0.0,1.768,83.61,8.22,83.611,82.164,16.39,1.78,6.27,17.99,100.0,100.0,8.75,4.66,13.59,2.41,49.649,1.32,36.533,32.865,False,,0.0,66.584,0.0,-0.65,0.0,0.041,0.65,-2.0,-0.8,0.33,8.0,0.0,81.134,82.563,100.0,100.0,45.759,34.858,32.453,10.0,0.0,81.168,82.527,100.0,100.0,43.442,32.267,32.467,6.72,2.383,82.492,82.859,0.06,NORMAL
477,2026-06-05 23:15:00+00:00,23,4,-0.258819,0.965926,-0.433884,-0.900969,False,False,NIGHT,2.0,2.0,8.0,28.0,66.0,211.0,0.0,0.0,0.0,3.36,4.665,83.17,8.34,83.165,83.358,16.83,1.66,6.27,17.99,100.0,100.0,8.88,4.64,13.48,2.43,50.069,1.16,86.142,33.343,False,,0.0,71.227,0.0,0.0,0.0,0.041,0.65,2.0,-0.64,0.29,8.0,0.0,80.043,82.126,100.0,100.0,44.043,8.0,32.017,13.0,0.0,80.922,81.601,100.0,100.0,44.604,32.267,32.369,0.0,2.756,80.918,82.327,0.0,MODERATE
478,2026-06-05 23:30:00+00:00,23,4,-0.258819,0.965926,-0.433884,-0.900969,False,False,NIGHT,2.0,4.0,4.0,27.0,61.0,212.0,0.0,0.0,0.0,3.36,2.982,83.28,8.32,83.279,83.165,16.72,1.68,5.97,17.34,100.0,100.0,8.11,4.63,14.26,2.29,47.177,1.0,84.55,33.266,False,,0.0,70.81,0.0,0.0,-0.65,0.041,0.65,-6.0,-1.28,0.25,9.0,0.0,82.018,82.567,100.0,100.0,43.251,100.0,32.807,12.0,0.0,81.033,81.63,100.0,100.0,41.577,57.867,32.413,0.0,1.715,79.967,81.994,0.0,MODERATE
479,2026-06-05 23:45:00+00:00,23,4,-0.258819,0.965926,-0.433884,-0.900969,False,False,NIGHT,1.0,3.0,5.0,25.0,56.0,213.0,0.0,0.0,0.0,1.68,4.5,82.67,8.22,82.671,82.197,17.33,1.78,6.27,17.99,100.0,100.0,8.37,4.61,14.02,2.34,48.076,0.68,55.758,32.879,False,,0.0,67.972,0.0,0.0,0.0,0.041,0.65,-5.0,-1.12,0.17,7.0,0.0,82.521,82.927,100.0,100.0,44.36,83.467,33.008,11.0,0.0,80.233,81.321,100.0,100.0,40.702,32.267,32.093,3.36,2.869,81.084,82.005,0.0,NORMAL
480,2026-06-06 00:00:00+00:00,0,5,0.0,1.0,-0.974928,-0.222521,True,False,NIGHT,1.0,2.0,6.0,22.0,56.0,212.0,0.0,0.0,0.0,1.68,2.538,82.56,8.11,82.563,81.134,17.44,1.89,6.27,17.99,100.0,100.0,7.78,4.58,14.64,2.22,45.759,0.26,34.858,32.453,False,,0.0,65.646,0.0,0.0,0.0,0.041,0.65,-1.0,-1.06,0.065,5.0,0.0,81.168,82.527,100.0,100.0,43.442,32.267,32.467,14.0,0.0,78.673,80.776,100.0,100.0,39.566,8.0,31.469,0.0,3.717,80.221,81.162,0.0,NORMAL
481,2026-06-06 00:15:00+00:00,0,5,0.0,1.0,-0.974928,-0.222521,True,False,NIGHT,0.0,1.0,4.0,18.0,55.0,211.0,0.0,0.0,0.0,0.0,2.184,82.13,8.0,82.126,80.043,17.87,2.0,5.94,17.27,100.0,100.0,7.35,4.54,15.11,2.14,44.043,0.0,8.0,32.017,False,,0.0,62.76,0.0,0.0,0.0,0.041,0.65,-4.0,-1.16,0.0,4.0,0.0,80.922,81.601,100.0,100.0,44.604,32.267,32.369,15.0,0.0,80.172,81.414,100.0,100.0,39.993,83.467,32.069,3.36,2.461,80.524,81.356,0.0,NORMAL
482,2026-06-06 00:30:00+00:00,0,5,0.0,1.0,-0.974928,-0.222521,True,False,NIGHT,4.0,4.0,6.0,20.0,57.0,214.0,0.0,0.0,0.0,6.72,4.166,82.57,8.2,82.567,82.018,17.43,1.8,6.27,17.99,100.0,100.0,7.14,4.54,15.32,2.1,43.251,0.06,100.0,32.807,False,,0.0,71.461,0.0,0.0,0.0,0.041,0.65,2.0,-0.94,0.015,6.0,0.0,81.033,81.63,100.0,100.0,41.577,57.867,32.413,12.0,0.0,80.516,81.123,100.0,100.0,40.004,32.267,32.206,0.0,3.229,80.024,80.599,0.0,MODERATE
483,2026-06-06 00:45:00+00:00,0,5,0.0,1.0,-0.974928,-0.222521,True,False,NIGHT,3.0,7.0,8.0,23.0,57.0,215.0,0.0,0.0,0.0,5.04,3.397,82.93,8.25,82.927,82.521,17.07,1.75,6.08,17.57,100.0,100.0,7.44,4.54,15.02,2.16,44.36,0.0,83.467,33.008,False,,0.0,70.253,0.0,0.0,0.0,0.041,0.65,3.0,-0.68,0.0,5.0,0.0,80.233,81.321,100.0,100.0,40.702,32.267,32.093,14.0,0.0,79.909,80.996,100.0,100.0,39.292,32.267,31.964,5.04,0.0,81.165,81.745,0.0,MODERATE
484,2026-06-06 01:00:00+00:00,1,5,0.258819,0.965926,-0.974928,-0.222521,True,False,NIGHT,1.0,4.0,8.0,21.0,53.0,215.0,0.0,0.0,0.0,1.68,3.822,82.53,8.12,82.527,81.168,17.47,1.88,6.27,17.99,100.0,100.0,7.21,4.52,15.27,2.11,43.442,0.0,32.267,32.467,False,,0.0,65.203,0.0,0.0,0.0,0.041,0.65,2.0,-0.26,0.0,5.0,0.0,78.673,80.776,100.0,100.0,39.566,8.0,31.469,15.0,0.0,81.744,81.681,100.0,100.0,40.568,100.0,32.698,5.04,3.413,82.605,82.008,0.0,NORMAL
485,2026-06-06 01:15:00+00:00,1,5,0.258819,0.965926,-0.974928,-0.222521,True,False,NIGHT,1.0,2.0,9.0,21.0,53.0,216.0,0.0,0.0,0.0,1.68,5.481,81.6,8.09,81.601,80.922,18.4,1.91,6.27,17.99,100.0,100.0,7.53,4.51,14.96,2.17,44.604,0.0,32.267,32.369,False,,0.0,65.055,0.0,0.0,0.0,0.041,0.65,5.0,0.0,0.0,9.0,0.0,80.172,81.414,100.0,100.0,39.993,83.467,32.069,15.0,0.0,80.927,81.225,100.0,100.0,42.311,8.0,32.371,3.36,3.683,82.625,81.925,0.0,NORMAL
486,2026-06-06 01:30:00+00:00,1,5,0.258819,0.965926,-0.974928,-0.222521,True,False,NIGHT,2.0,3.0,7.0,17.0,53.0,217.0,0.0,0.0,0.0,3.36,3.201,81.63,8.1,81.63,81.033,18.37,1.9,6.27,17.99,100.0,100.0,6.73,4.5,15.77,2.02,41.577,0.0,57.867,32.413,False,,0.0,67.115,0.0,0.0,0.0,0.041,0.65,1.0,-0.06,0.0,6.0,0.0,80.516,81.123,100.0,100.0,40.004,32.267,32.206,15.0,0.0,79.382,81.176,100.0,100.0,42.115,32.267,31.753,6.72,3.59,84.099,82.56,0.06,NORMAL
487,2026-06-06 01:45:00+00:00,1,5,0.258819,0.965926,-0.974928,-0.222521,True,False,NIGHT,1.0,3.0,5.0,18.0,51.0,216.0,0.0,0.0,0.0,1.68,3.238,81.32,8.02,81.321,80.233,18.68,1.98,4.76,14.66,100.0,100.0,6.51,4.48,16.01,1.98,40.702,0.0,32.267,32.093,False,,0.0,64.504,0.0,0.0,0.0,0.041,0.65,-3.0,0.0,0.0,6.0,0.0,79.909,80.996,100.0,100.0,39.292,32.267,31.964,14.0,0.0,80.904,82.165,100.0,100.0,43.606,100.0,32.362,0.0,3.543,82.493,81.835,0.0,NORMAL
488,2026-06-06 02:00:00+00:00,2,5,0.5,0.866025,-0.974928,-0.222521,True,False,NIGHT,0.0,1.0,4.0,18.0,46.0,215.0,0.0,0.0,0.0,0.0,2.803,80.78,7.87,80.776,78.673,19.22,2.13,6.27,17.99,100.0,100.0,6.23,4.45,16.32,1.92,39.566,0.0,8.0,31.469,False,,0.0,61.786,0.0,0.0,0.0,0.041,0.65,-4.0,0.0,0.0,9.0,0.0,81.744,81.681,100.0,100.0,40.568,100.0,32.698,12.0,0.0,81.217,81.787,100.0,100.0,44.645,32.267,32.487,5.04,3.986,83.135,82.034,0.0,NORMAL
489,2026-06-06 02:15:00+00:00,2,5,0.5,0.866025,-0.974928,-0.222521,True,False,NIGHT,3.0,3.0,6.0,19.0,47.0,214.0,0.0,0.0,0.0,5.04,1.886,81.41,8.02,81.414,80.172,18.59,1.98,4.37,13.82,100.0,100.0,6.36,4.44,16.2,1.94,39.993,0.0,83.467,32.069,False,,0.0,69.057,0.0,0.0,0.0,0.041,0.65,-3.0,0.0,0.0,6.0,0.0,80.927,81.225,100.0,100.0,42.311,8.0,32.371,11.0,0.0,79.686,80.868,100.0,100.0,44.305,8.0,31.875,9.611,2.851,86.886,83.349,0.38,NORMAL
490,2026-06-06 02:30:00+00:00,2,5,0.5,0.866025,-0.974928,-0.222521,True,False,NIGHT,1.0,4.0,5.0,18.0,45.0,215.0,0.0,0.0,0.0,1.68,2.707,81.12,8.05,81.123,80.516,18.88,1.95,6.27,17.99,100.0,100.0,6.36,4.44,16.2,1.94,40.004,0.0,32.267,32.206,False,,0.0,64.455,0.0,0.0,0.0,0.0,0.0,-2.0,0.0,0.0,6.0,0.0,79.382,81.176,100.0,100.0,42.115,32.267,31.753,13.0,0.0,80.405,81.733,100.0,100.0,43.488,83.467,32.162,2.149,4.71,85.908,82.807,0.0,NORMAL
491,2026-06-06 02:45:00+00:00,2,5,0.5,0.866025,-0.974928,-0.222521,True,False,NIGHT,1.0,2.0,5.0,18.0,43.0,215.0,0.0,0.0,0.0,1.68,2.433,81.0,7.99,80.996,79.909,19.0,2.01,6.02,17.45,100.0,100.0,6.18,4.43,16.39,1.91,39.292,0.0,32.267,31.964,False,,0.0,64.241,0.0,0.0,0.0,0.0,0.0,0.0,0.0,0.0,8.0,0.0,80.904,82.165,100.0,100.0,43.606,100.0,32.362,10.0,0.0,80.794,81.945,100.0,100.0,43.317,57.867,32.318,1.68,4.671,85.424,82.108,0.0,NORMAL
492,2026-06-06 03:00:00+00:00,3,5,0.707107,0.707107,-0.974928,-0.222521,True,False,NIGHT,4.0,5.0,9.0,21.0,43.0,218.0,0.0,0.0,0.0,6.72,3.247,81.68,8.17,81.681,81.744,18.32,1.83,6.27,17.99,100.0,100.0,6.51,4.44,16.05,1.97,40.568,0.06,100.0,32.698,False,,0.0,70.97,0.0,0.0,0.0,0.0,0.0,5.0,0.06,0.015,6.0,0.0,81.217,81.787,100.0,100.0,44.645,32.267,32.487,11.0,0.0,82.492,82.859,100.0,100.0,44.261,100.0,32.997,6.72,2.686,86.253,83.033,0.06,MODERATE
493,2026-06-06 03:15:00+00:00,3,5,0.707107,0.707107,-0.974928,-0.222521,True,False,NIGHT,0.0,4.0,6.0,21.0,39.0,217.0,0.0,0.0,0.0,0.0,2.151,81.22,8.09,81.225,80.927,18.78,1.91,5.36,16.0,100.0,100.0,6.98,4.44,15.58,2.06,42.311,0.0,8.0,32.371,False,,0.0,62.583,0.0,0.0,0.0,0.0,0.0,0.0,0.0,0.0,9.0,0.0,79.686,80.868,100.0,100.0,44.305,8.0,31.875,10.0,0.0,80.918,82.327,100.0,100.0,44.537,8.0,32.367,5.04,5.073,86.044,83.046,0.0,NORMAL
494,2026-06-06 03:30:00+00:00,3,5,0.707107,0.707107,-0.974928,-0.222521,True,False,NIGHT,1.0,1.0,6.0,18.0,38.0,217.0,0.0,0.0,0.0,1.68,2.492,81.18,7.94,81.176,79.382,18.82,2.06,5.89,17.17,100.0,100.0,6.94,4.43,15.63,2.05,42.115,0.0,32.267,31.753,False,,0.0,64.43,0.0,0.0,0.0,0.0,0.0,1.0,0.0,0.0,9.0,0.0,80.405,81.733,100.0,100.0,43.488,83.467,32.162,12.0,0.0,79.967,81.994,100.0,100.0,44.18,8.0,31.987,1.68,2.649,84.663,82.942,0.0,NORMAL
495,2026-06-06 03:45:00+00:00,3,5,0.707107,0.707107,-0.974928,-0.222521,True,False,NIGHT,4.0,5.0,9.0,19.0,42.0,221.0,0.0,0.0,0.0,6.72,2.156,82.16,8.09,82.165,80.904,17.84,1.91,6.27,17.99,100.0,100.0,7.34,4.43,15.23,2.12,43.606,0.06,100.0,32.362,False,,0.0,71.182,0.0,0.0,0.0,0.0,0.0,4.0,0.06,0.015,6.0,0.0,80.794,81.945,100.0,100.0,43.317,57.867,32.318,16.0,0.0,81.084,82.005,100.0,100.0,42.86,57.867,32.434,6.72,2.678,85.71,83.847,0.06,MODERATE
496,2026-06-06 04:00:00+00:00,4,5,0.866025,0.5,-0.974928,-0.222521,True,False,NIGHT,1.0,5.0,6.0,19.0,40.0,221.0,0.0,0.0,0.0,1.68,3.065,81.79,8.12,81.787,81.217,18.21,1.88,6.27,17.99,100.0,100.0,7.61,4.44,14.95,2.17,44.645,0.0,32.267,32.487,False,,0.0,65.159,0.0,0.0,0.0,0.0,0.0,-3.0,-0.06,0.0,6.0,0.0,82.492,82.859,100.0,100.0,44.261,100.0,32.997,14.0,0.0,80.221,81.162,71.373,67.286,43.078,8.0,32.088,8.898,3.32,87.31,85.082,0.43,NORMAL
497,2026-06-06 04:15:00+00:00,4,5,0.866025,0.5,-0.974928,-0.222521,True,False,NIGHT,0.0,1.0,6.0,18.0,39.0,220.0,0.0,0.0,0.0,0.0,4.289,80.87,7.97,80.868,79.686,19.13,2.03,5.43,16.14,100.0,100.0,7.53,4.43,15.04,2.15,44.305,0.0,8.0,31.875,False,,0.0,62.436,0.0,0.0,0.0,0.0,0.0,0.0,0.0,0.0,2.0,0.0,80.918,82.327,100.0,100.0,44.537,8.0,32.367,17.0,0.0,80.524,81.356,74.479,70.101,41.721,57.867,32.21,1.182,5.124,86.462,84.181,0.0,NORMAL
498,2026-06-06 04:30:00+00:00,4,5,0.866025,0.5,-0.974928,-0.222521,True,False,NIGHT,3.0,3.0,8.0,19.0,36.0,223.0,0.0,0.0,0.0,5.04,1.293,81.73,8.04,81.733,80.405,18.27,1.96,6.27,17.99,100.0,100.0,7.31,4.43,15.26,2.11,43.488,0.0,83.467,32.162,False,,0.0,69.488,0.0,0.0,0.0,0.0,0.0,2.0,0.0,0.0,4.0,0.0,79.967,81.994,100.0,100.0,44.18,8.0,31.987,21.0,0.0,80.024,80.599,70.878,66.82,40.959,8.0,32.01,8.762,4.904,88.333,84.959,0.54,NORMAL
499,2026-06-06 04:45:00+00:00,4,5,0.866025,0.5,-0.974928,-0.222521,True,False,NIGHT,2.0,5.0,6.0,20.0,38.0,221.0,0.0,0.0,0.0,3.36,2.359,81.94,8.08,81.945,80.794,18.06,1.92,6.27,17.99,100.0,100.0,7.26,4.43,15.3,2.11,43.317,0.0,57.867,32.318,False,,0.0,67.293,0.0,0.0,0.0,0.0,0.0,-3.0,-0.06,0.0,4.0,0.0,81.084,82.005,100.0,100.0,42.86,57.867,32.434,22.0,0.0,81.165,81.745,71.886,67.77,41.691,83.467,32.466,8.443,4.89,89.122,85.768,0.75,NORMAL
500,2026-06-06 05:00:00+00:00,5,5,0.965926,0.258819,-0.974928,-0.222521,True,False,NIGHT,4.0,6.0,9.0,24.0,42.0,222.0,0.0,0.0,0.0,6.72,2.383,82.86,8.25,82.859,82.492,17.14,1.75,5.94,17.26,100.0,100.0,7.5,4.45,15.05,2.15,44.261,0.06,100.0,32.997,False,,0.0,71.711,0.0,0.0,0.0,0.0,0.0,3.0,0.06,0.015,5.0,0.0,80.221,81.162,71.373,67.286,43.078,8.0,32.088,20.0,0.0,82.605,82.008,80.319,75.382,41.822,83.467,33.042,7.995,5.556,89.51,86.339,0.65,MODERATE
501,2026-06-06 05:15:00+00:00,5,5,0.965926,0.258819,-0.974928,-0.222521,True,False,NIGHT,0.0,4.0,9.0,21.0,40.0,222.0,0.0,0.0,0.0,0.0,2.756,82.33,8.09,82.327,80.918,17.67,1.91,5.64,16.61,100.0,100.0,7.57,4.45,14.98,2.16,44.537,0.0,8.0,32.367,False,,0.0,63.024,0.0,0.0,0.0,0.0,0.0,3.0,0.0,0.0,8.0,0.0,80.524,81.356,74.479,70.101,41.721,57.867,32.21,21.0,0.0,82.625,81.925,72.044,67.919,43.193,57.867,33.05,7.913,5.437,90.516,86.857,1.03,NORMAL
502,2026-06-06 05:30:00+00:00,5,5,0.965926,0.258819,-0.974928,-0.222521,True,False,NIGHT,0.0,0.0,6.0,20.0,38.0,221.0,0.0,0.0,0.0,0.0,1.715,81.99,8.0,81.994,79.967,18.01,2.0,6.27,17.99,100.0,100.0,7.49,4.44,15.07,2.15,44.18,0.0,8.0,31.987,False,,0.0,62.728,0.0,0.0,0.0,0.0,0.0,-2.0,0.0,0.0,8.0,0.0,80.024,80.599,70.878,66.82,40.959,8.0,32.01,22.0,0.0,84.099,82.56,72.603,68.445,42.468,100.0,33.64,7.705,4.558,90.607,87.635,1.24,NORMAL
503,2026-06-06 05:45:00+00:00,5,5,0.965926,0.258819,-0.974928,-0.222521,True,False,NIGHT,2.0,2.0,6.0,21.0,39.0,222.0,0.0,0.0,0.0,3.36,2.869,82.0,8.11,82.005,81.084,18.0,1.89,5.36,15.99,100.0,100.0,7.13,4.44,15.43,2.08,42.86,0.0,57.867,32.434,False,,0.0,67.323,0.0,0.0,0.0,0.0,0.0,0.0,0.0,0.0,12.0,0.0,81.165,81.745,71.886,67.77,41.691,83.467,32.466,19.0,0.0,82.493,81.835,77.19,72.563,43.307,8.0,32.997,6.222,5.596,90.977,87.755,0.98,NORMAL
504,2026-06-06 06:00:00+00:00,6,5,1.0,0.0,-0.974928,-0.222521,True,False,MORNING,0.0,2.0,2.0,17.0,38.0,220.0,0.0,0.0,0.0,0.0,3.717,81.16,8.02,81.162,80.221,18.84,1.98,11.97,27.41,71.373,67.286,7.19,4.44,15.37,2.09,43.078,0.0,8.0,32.088,False,,0.0,55.136,0.0,0.0,0.0,0.0,0.0,-7.0,-0.06,0.0,9.0,0.0,82.605,82.008,80.319,75.382,41.822,83.467,33.042,23.0,0.0,83.135,82.034,72.14,68.01,44.528,83.467,33.254,7.366,5.542,90.803,88.228,1.2,NORMAL
505,2026-06-06 06:15:00+00:00,6,5,1.0,0.0,-0.974928,-0.222521,True,False,MORNING,2.0,2.0,4.0,19.0,40.0,219.0,0.0,0.0,0.0,3.36,2.461,81.36,8.05,81.356,80.524,18.64,1.95,11.5,26.38,74.479,70.101,6.83,4.44,15.74,2.03,41.721,0.0,57.867,32.21,False,,0.0,60.316,0.0,0.0,0.0,0.0,0.0,-5.0,0.0,0.0,9.0,0.0,82.625,81.925,72.044,67.919,43.193,57.867,33.05,26.0,0.28,86.886,83.349,79.396,74.611,44.489,100.0,36.428,6.074,6.847,90.688,88.046,1.09,NORMAL
506,2026-06-06 06:30:00+00:00,6,5,1.0,0.0,-0.974928,-0.222521,True,False,MORNING,0.0,2.0,4.0,18.0,36.0,218.0,0.0,0.0,0.0,0.0,3.229,80.6,8.0,80.599,80.024,19.4,2.0,11.97,27.41,70.878,66.82,6.63,4.43,15.94,1.99,40.959,0.0,8.0,32.01,False,,0.0,54.667,0.0,0.0,0.0,0.0,0.0,-2.0,0.0,0.0,13.0,0.0,84.099,82.56,72.603,68.445,42.468,100.0,33.64,20.0,0.0,85.908,82.807,72.82,68.65,45.234,32.267,34.363,5.04,7.673,90.604,87.396,0.99,NORMAL
507,2026-06-06 06:45:00+00:00,6,5,1.0,0.0,-0.974928,-0.222521,True,False,MORNING,3.0,3.0,5.0,17.0,36.0,219.0,0.0,0.0,0.0,5.04,0.0,81.75,8.12,81.745,81.165,18.25,1.88,11.97,27.41,71.886,67.77,6.82,4.44,15.74,2.03,41.691,0.0,83.467,32.466,False,,0.0,62.24,0.0,0.0,0.0,0.0,0.0,-1.0,0.0,0.0,10.0,0.0,82.493,81.835,77.19,72.563,43.307,8.0,32.997,26.0,0.0,85.424,82.108,77.811,73.132,45.308,32.267,34.17,7.504,6.614,92.572,87.422,1.21,NORMAL
508,2026-06-06 07:00:00+00:00,7,5,0.965926,-0.258819,-0.974928,-0.222521,True,False,MORNING,3.0,6.0,8.0,19.0,38.0,220.0,0.0,0.0,0.0,5.04,3.413,82.01,8.26,82.008,82.605,17.99,1.74,10.75,24.72,80.319,75.382,6.83,4.46,15.71,2.03,41.822,0.0,83.467,33.042,False,,0.0,64.523,0.0,0.0,0.0,0.0,0.0,6.0,0.0,0.0,11.0,0.0,83.135,82.034,72.14,68.01,44.528,83.467,33.254,30.0,0.0,86.253,83.033,74.69,70.35,46.75,100.0,34.501,7.462,5.947,92.698,87.788,1.26,NORMAL
509,2026-06-06 07:15:00+00:00,7,5,0.965926,-0.258819,-0.974928,-0.222521,True,False,MORNING,2.0,5.0,8.0,21.0,39.0,221.0,0.0,0.0,0.0,3.36,3.683,81.93,8.26,81.925,82.625,18.07,1.74,11.97,27.41,72.044,67.919,7.19,4.48,15.34,2.1,43.193,0.0,57.867,33.05,False,,0.0,60.439,0.0,0.0,0.0,0.0,0.0,4.0,0.0,0.0,12.0,0.28,86.886,83.349,79.396,74.611,44.489,100.0,36.428,29.0,0.0,86.044,83.046,77.828,73.182,46.211,83.467,34.418,7.324,7.149,93.099,87.792,1.64,NORMAL
510,2026-06-06 07:30:00+00:00,7,5,0.965926,-0.258819,-0.974928,-0.222521,True,False,MORNING,4.0,6.0,12.0,22.0,41.0,225.0,0.0,0.0,0.0,6.72,3.59,82.56,8.41,82.56,84.099,17.44,1.59,11.97,27.41,72.603,68.445,6.96,4.51,15.53,2.06,42.468,0.06,100.0,33.64,False,,0.0,64.731,0.0,0.0,0.0,0.0,0.0,8.0,0.06,0.015,9.0,0.0,85.908,82.807,72.82,68.65,45.234,32.267,34.363,32.0,0.0,84.663,82.942,84.747,79.388,45.161,32.267,33.865,7.316,6.269,92.851,88.078,2.18,NORMAL
511,2026-06-06 07:45:00+00:00,7,5,0.965926,-0.258819,-0.974928,-0.222521,True,False,MORNING,0.0,4.0,9.0,20.0,40.0,222.0,0.0,0.0,0.0,0.0,3.543,81.83,8.25,81.835,82.493,18.17,1.75,11.16,25.63,77.19,72.563,7.18,4.51,15.31,2.1,43.307,0.0,8.0,32.997,False,,0.0,57.09,0.0,0.0,0.0,0.0,0.0,4.0,0.0,0.0,9.0,0.0,85.424,82.108,77.811,73.132,45.308,32.267,34.17,36.0,0.0,85.71,83.847,73.735,69.513,45.277,100.0,34.284,7.214,6.99,93.298,88.09,2.23,NORMAL
512,2026-06-06 08:00:00+00:00,8,5,0.866025,-0.5,-0.974928,-0.222521,True,False,MORNING,3.0,3.0,9.0,19.0,43.0,222.0,0.0,0.0,0.0,5.04,3.986,82.03,8.31,82.034,83.135,17.97,1.69,11.97,27.41,72.14,68.01,7.5,4.52,14.98,2.16,44.528,0.0,83.467,33.254,False,,0.0,63.012,0.0,0.0,0.0,0.0,0.0,1.0,0.0,0.0,12.0,0.0,86.253,83.033,74.69,70.35,46.75,100.0,34.501,34.0,0.7,87.31,85.082,75.099,70.799,43.833,100.0,39.145,6.86,7.394,92.991,87.987,1.65,NORMAL
513,2026-06-06 08:15:00+00:00,8,5,0.866025,-0.5,-0.974928,-0.222521,True,False,MORNING,6.0,9.0,13.0,25.0,46.0,225.0,0.28,0.0,0.0,9.611,2.851,83.35,8.69,83.349,86.886,16.65,1.31,11.07,25.43,79.396,74.611,7.43,4.58,14.99,2.16,44.489,0.38,100.0,36.428,False,,0.5,67.378,0.28,0.28,0.28,0.018,0.28,5.0,0.38,0.165,14.0,0.0,86.044,83.046,77.828,73.182,46.211,83.467,34.418,33.0,0.0,86.462,84.181,81.295,76.345,44.699,8.0,34.585,5.04,5.983,92.13,87.837,1.55,NORMAL
514,2026-06-06 08:30:00+00:00,8,5,0.866025,-0.5,-0.974928,-0.222521,True,False,MORNING,1.0,7.0,10.0,26.0,46.0,224.0,0.0,0.03,0.0251,2.149,4.71,82.81,8.59,82.807,85.908,17.19,1.41,11.97,27.41,72.82,68.65,7.6,4.61,14.79,2.2,45.234,0.0,32.267,34.363,False,,0.0,59.351,-0.28,0.0,0.0,0.018,0.28,-2.0,-0.06,0.0,11.0,0.0,84.663,82.942,84.747,79.388,45.161,32.267,33.865,36.0,1.78,88.333,84.959,76.309,71.906,43.933,100.0,46.04,3.36,6.038,90.732,87.307,1.28,NORMAL
515,2026-06-06 08:45:00+00:00,8,5,0.866025,-0.5,-0.974928,-0.222521,True,False,MORNING,1.0,2.0,11.0,25.0,46.0,222.0,0.0,0.0,0.0,1.68,4.671,82.11,8.54,82.108,85.424,17.89,1.46,11.11,25.52,77.811,73.132,7.6,4.63,14.77,2.2,45.308,0.0,32.267,34.17,False,,0.0,60.243,0.0,-0.28,0.0,0.018,0.28,2.0,0.0,0.0,17.0,0.0,85.71,83.847,73.735,69.513,45.277,100.0,34.284,32.0,1.76,89.122,85.768,80.474,75.695,44.035,100.0,46.201,6.72,6.919,90.95,87.236,1.34,NORMAL
516,2026-06-06 09:00:00+00:00,9,5,0.707107,-0.707107,-0.974928,-0.222521,True,False,MORNING,4.0,5.0,12.0,29.0,46.0,224.0,0.0,0.0,0.0,6.72,2.686,83.03,8.63,83.033,86.253,16.97,1.37,11.7,26.82,74.69,70.35,7.97,4.65,14.38,2.27,46.75,0.06,100.0,34.501,False,,0.0,66.13,0.0,0.0,0.0,0.018,0.28,3.0,0.06,0.015,18.0,0.7,87.31,85.082,75.099,70.799,43.833,100.0,39.145,32.0,0.0,89.51,86.339,75.926,71.578,43.265,89.967,35.804,5.04,4.745,89.703,87.434,1.24,NORMAL
517,2026-06-06 09:15:00+00:00,9,5,0.707107,-0.707107,-0.974928,-0.222521,True,False,MORNING,3.0,7.0,9.0,30.0,49.0,223.0,0.0,0.0,0.0,5.04,5.073,83.05,8.6,83.046,86.044,16.95,1.4,11.23,25.79,77.828,73.182,7.81,4.67,14.52,2.25,46.211,0.0,83.467,34.418,False,,0.0,65.271,0.0,0.0,-0.28,0.018,0.28,-4.0,-0.38,0.0,15.0,0.0,86.462,84.181,81.295,76.345,44.699,8.0,34.585,33.0,1.29,90.516,86.857,76.892,72.489,45.76,100.0,43.944,6.72,5.457,89.921,87.728,1.29,NORMAL
518,2026-06-06 09:30:00+00:00,9,5,0.707107,-0.707107,-0.974928,-0.222521,True,False,MORNING,1.0,4.0,9.0,31.0,49.0,220.0,0.0,0.0,0.0,1.68,2.649,82.94,8.47,82.942,84.663,17.06,1.53,10.3,23.74,84.747,79.388,7.53,4.67,14.81,2.19,45.161,0.0,32.267,33.865,False,,0.0,61.845,0.0,0.0,0.0,0.018,0.28,-1.0,0.0,0.0,21.0,1.78,88.333,84.959,76.309,71.906,43.933,100.0,46.04,33.0,1.7,90.607,87.635,77.74,73.288,47.168,100.0,46.463,6.72,7.234,89.869,87.605,1.35,NORMAL
519,2026-06-06 09:45:00+00:00,9,5,0.707107,-0.707107,-0.974928,-0.222521,True,False,MORNING,4.0,5.0,12.0,32.0,49.0,223.0,0.0,0.0,0.0,6.72,2.678,83.85,8.57,83.847,85.71,16.15,1.43,11.97,27.41,73.735,69.513,7.55,4.68,14.78,2.2,45.277,0.06,100.0,34.284,False,,0.0,65.853,0.0,0.0,0.0,0.018,0.28,1.0,0.06,0.015,19.0,1.76,89.122,85.768,80.474,75.695,44.035,100.0,46.201,35.0,0.0,90.977,87.755,85.197,79.991,48.016,67.667,36.391,6.72,5.028,89.918,88.023,1.41,NORMAL
520,2026-06-06 10:00:00+00:00,10,5,0.5,-0.866025,-0.974928,-0.222521,True,False,MORNING,6.0,10.0,14.0,35.0,54.0,227.0,0.7,0.0,0.0,8.898,3.32,85.08,8.73,85.082,87.31,14.92,1.27,11.97,27.41,75.099,70.799,7.11,4.73,15.17,2.13,43.833,0.43,100.0,39.145,False,,1.3,67.081,0.7,0.7,0.7,0.061,0.7,2.0,0.37,0.282,16.0,0.0,89.51,86.339,75.926,71.578,43.265,89.967,35.804,37.0,0.62,90.803,88.228,90.288,84.585,49.517,100.0,40.016,5.04,6.009,89.647,87.808,1.3,NORMAL
521,2026-06-06 10:15:00+00:00,10,5,0.5,-0.866025,-0.974928,-0.222521,True,False,MORNING,0.0,6.0,11.0,33.0,54.0,224.0,0.0,0.06,0.0633,1.182,5.124,84.18,8.65,84.181,86.462,15.82,1.35,10.9,25.06,81.295,76.345,7.34,4.73,14.93,2.17,44.699,0.0,8.0,34.585,False,,0.0,59.472,-0.7,0.0,0.0,0.061,0.7,2.0,0.0,0.0,18.0,1.29,90.516,86.857,76.892,72.489,45.76,100.0,43.944,32.0,0.0,90.688,88.046,83.308,78.304,47.999,94.4,36.275,7.368,7.105,89.807,87.858,1.68,NORMAL
522,2026-06-06 10:30:00+00:00,10,5,0.5,-0.866025,-0.974928,-0.222521,True,False,MORNING,7.0,7.0,17.0,36.0,58.0,229.0,1.78,0.0,0.0,8.762,4.904,84.96,8.83,84.959,88.333,15.04,1.17,11.83,27.11,76.309,71.906,7.04,4.82,15.14,2.14,43.933,0.54,100.0,46.04,False,,3.3,68.237,1.78,1.08,1.78,0.172,1.78,8.0,0.54,0.58,15.0,1.7,90.607,87.635,77.74,73.288,47.168,100.0,46.463,32.0,0.0,90.604,87.396,78.717,74.139,47.201,93.367,36.242,7.347,6.271,89.451,88.162,1.9,NORMAL
523,2026-06-06 10:45:00+00:00,10,5,0.5,-0.866025,-0.974928,-0.222521,True,False,MORNING,5.0,12.0,18.0,41.0,61.0,227.0,1.76,0.16,0.0913,8.443,4.89,85.77,8.91,85.768,89.122,14.23,1.09,11.32,25.99,80.474,75.695,6.99,4.9,15.11,2.14,44.035,0.75,100.0,46.201,False,,3.3,69.523,-0.020000000000000018,1.76,1.76,0.282,1.78,6.0,0.69,0.628,13.0,0.0,90.977,87.755,85.197,79.991,48.016,67.667,36.391,31.0,0.53,92.572,87.422,85.959,80.671,49.39,100.0,40.229,7.24,6.577,89.884,88.285,2.43,NORMAL
524,2026-06-06 11:00:00+00:00,11,5,0.258819,-0.965926,-0.974928,-0.222521,True,False,MORNING,3.0,8.0,15.0,41.0,60.0,227.0,0.0,0.16,0.1583,7.995,5.556,86.34,8.95,86.339,89.51,13.66,1.05,11.97,27.41,75.926,71.578,6.78,4.91,15.32,2.1,43.265,0.65,89.967,35.804,False,,0.0,66.588,-1.76,-1.78,-0.7,0.282,1.78,1.0,0.22,0.162,16.0,0.62,90.803,88.228,90.288,84.585,49.517,100.0,40.016,30.0,0.09,92.698,87.788,77.236,72.814,47.449,100.0,37.63,7.188,6.479,90.112,88.439,2.65,NORMAL
525,2026-06-06 11:15:00+00:00,11,5,0.258819,-0.965926,-0.974928,-0.222521,True,False,MORNING,6.0,9.0,21.0,41.0,66.0,231.0,1.29,0.0,0.0,7.913,5.437,86.86,9.05,86.857,90.516,13.14,0.95,11.97,27.41,76.892,72.489,7.39,4.97,14.64,2.22,45.76,1.03,100.0,43.944,False,,2.6,69.081,1.29,-0.47,1.29,0.363,1.78,10.0,1.03,0.58,15.0,0.0,90.688,88.046,83.308,78.304,47.999,94.4,36.275,29.0,1.73,93.099,87.792,77.889,73.429,45.761,100.0,47.633,7.127,6.044,90.268,88.694,2.87,NORMAL
526,2026-06-06 11:30:00+00:00,11,5,0.258819,-0.965926,-0.974928,-0.222521,True,False,MORNING,5.0,11.0,19.0,45.0,71.0,235.0,1.7,0.12,0.0681,7.705,4.558,87.64,9.06,87.635,90.607,12.36,0.94,11.97,27.41,77.74,73.288,7.7,5.03,14.26,2.29,47.168,1.24,100.0,46.463,False,,3.5,69.858,0.4099999999999999,1.7,-0.08000000000000007,0.469,1.78,2.0,0.7,0.735,18.0,0.0,90.604,87.396,78.717,74.139,47.201,93.367,36.242,27.0,4.38,92.851,88.078,79.188,74.653,47.347,100.0,63.405,7.03,7.188,89.648,88.717,2.76,NORMAL
527,2026-06-06 11:45:00+00:00,11,5,0.258819,-0.965926,-0.974928,-0.222521,True,False,MORNING,2.0,7.0,16.0,46.0,71.0,230.0,0.0,0.15,0.1533,6.222,5.596,87.75,9.1,87.755,90.977,12.25,0.9,10.84,24.93,85.197,79.991,7.94,5.03,14.04,2.33,48.016,0.98,67.667,36.391,False,,0.0,67.736,-1.7,-1.29,-1.76,0.469,1.78,-2.0,0.23,0.245,22.0,0.53,92.572,87.422,85.959,80.671,49.39,100.0,40.229,24.0,4.08,93.298,88.09,79.081,74.553,46.839,100.0,61.818,7.032,6.786,89.777,88.765,2.66,NORMAL
528,2026-06-06 12:00:00+00:00,12,5,0.0,-1.0,-0.974928,-0.222521,True,False,MORNING,5.0,7.0,18.0,47.0,76.0,233.0,0.62,0.0,0.0,7.366,5.542,88.23,9.08,88.228,90.803,11.77,0.92,10.32,23.78,90.288,84.585,8.33,5.04,13.63,2.41,49.517,1.2,100.0,40.016,False,,1.3,72.409,0.62,-1.08,0.62,0.508,1.78,3.0,0.55,0.455,21.0,0.09,92.698,87.788,77.236,72.814,47.449,100.0,37.63,24.0,0.0,92.991,87.987,100.0,98.393,47.609,23.167,37.196,7.012,7.306,89.692,88.7,2.4,MODERATE
529,2026-06-06 12:15:00+00:00,12,5,0.0,-1.0,-0.974928,-0.222521,True,False,MORNING,3.0,8.0,15.0,47.0,77.0,233.0,0.0,0.06,0.0554,6.074,6.847,88.05,9.07,88.046,90.688,11.95,0.93,11.12,25.55,83.308,78.304,7.93,5.03,14.04,2.33,47.999,1.09,94.4,36.275,False,,0.0,69.717,-0.62,0.0,-1.29,0.491,1.78,-6.0,0.06,0.272,17.0,1.73,93.099,87.792,77.889,73.429,45.761,100.0,47.633,27.0,0.0,92.13,87.837,90.117,85.708,46.684,98.933,36.852,7.038,5.283,89.69,89.139,3.41,NORMAL
530,2026-06-06 12:30:00+00:00,12,5,0.0,-1.0,-0.974928,-0.222521,True,False,MORNING,3.0,6.0,13.0,49.0,80.0,234.0,0.0,0.0,0.0,5.04,7.673,87.4,9.06,87.396,90.604,12.6,0.94,11.69,26.79,78.717,74.139,7.72,5.02,14.26,2.29,47.201,0.99,93.367,36.242,False,,0.0,68.342,0.0,-0.62,-1.7,0.491,1.78,-6.0,-0.25,0.248,14.0,4.38,92.851,88.078,79.188,74.653,47.347,100.0,63.405,30.0,0.0,90.732,87.307,89.574,85.191,46.102,70.7,36.293,6.875,6.576,89.921,89.191,3.79,NORMAL
531,2026-06-06 12:45:00+00:00,12,5,0.0,-1.0,-0.974928,-0.222521,True,False,MORNING,5.0,8.0,16.0,50.0,82.0,235.0,0.53,0.0,0.0,7.504,6.614,87.42,9.26,87.422,92.572,12.58,0.74,10.73,24.7,85.959,80.671,8.28,5.05,13.66,2.4,49.39,1.21,100.0,40.229,False,,1.1,71.527,0.53,0.53,0.53,0.524,1.78,0.0,0.23,0.435,9.0,4.08,93.298,88.09,79.081,74.553,46.839,100.0,61.818,33.0,0.0,90.95,87.236,89.5,85.121,47.828,100.0,36.38,6.852,6.35,90.377,89.271,4.33,MODERATE
532,2026-06-06 13:00:00+00:00,13,5,-0.258819,-0.965926,-0.974928,-0.222521,True,False,MORNING,4.0,9.0,15.0,48.0,83.0,238.0,0.09,0.05,0.048,7.462,5.947,87.79,9.27,87.788,92.698,12.21,0.73,11.97,27.41,77.236,72.814,7.74,5.07,14.19,2.31,47.449,1.26,100.0,37.63,False,,0.2,69.187,-0.44000000000000006,0.09,-0.53,0.529,1.78,-3.0,0.06,0.338,9.0,0.0,92.991,87.987,100.0,98.393,47.609,23.167,37.196,36.0,0.0,89.703,87.434,100.0,98.154,47.994,95.833,35.881,6.815,7.083,91.229,89.119,4.06,NORMAL
533,2026-06-06 13:15:00+00:00,13,5,-0.258819,-0.965926,-0.974928,-0.222521,True,False,MORNING,6.0,10.0,18.0,54.0,87.0,242.0,1.73,0.01,0.0048,7.324,7.149,87.79,9.31,87.792,93.099,12.21,0.69,11.97,27.41,77.889,73.429,7.22,5.14,14.64,2.22,45.761,1.64,100.0,47.633,False,,3.8,70.318,1.64,1.2,1.73,0.638,1.78,3.0,0.55,0.842,12.0,0.0,92.13,87.837,90.117,85.708,46.684,98.933,36.852,38.0,0.0,89.921,87.728,90.005,85.601,48.349,100.0,35.968,6.857,8.08,91.789,88.757,4.12,MODERATE
534,2026-06-06 13:30:00+00:00,13,5,-0.258819,-0.965926,-0.974928,-0.222521,True,False,MORNING,7.0,13.0,22.0,54.0,90.0,246.0,4.38,0.16,0.0356,7.316,6.269,88.08,9.29,88.078,92.851,11.92,0.71,11.97,27.41,79.188,74.653,7.49,5.29,14.22,2.3,47.347,2.18,100.0,63.405,False,,9.5,72.473,2.65,4.29,4.38,0.911,4.38,9.0,1.19,1.64,13.0,0.0,90.732,87.307,89.574,85.191,46.102,70.7,36.293,39.0,0.0,89.869,87.605,91.645,87.107,47.963,100.0,35.948,6.981,7.698,92.094,88.547,4.02,MODERATE
535,2026-06-06 13:45:00+00:00,13,5,-0.258819,-0.965926,-0.974928,-0.222521,True,False,MORNING,4.0,11.0,21.0,53.0,94.0,248.0,4.08,0.39,0.0965,7.214,6.99,88.09,9.33,88.09,93.298,11.91,0.67,11.97,27.41,79.081,74.553,7.24,5.41,14.35,2.28,46.839,2.23,100.0,61.818,False,,9.0,72.302,-0.2999999999999998,2.35,3.55,1.166,4.38,5.0,1.02,1.578,15.0,0.0,90.95,87.236,89.5,85.121,47.828,100.0,36.38,38.0,0.0,89.918,88.023,90.308,85.889,47.923,100.0,35.967,7.054,7.096,92.064,88.54,3.75,MODERATE
536,2026-06-06 14:00:00+00:00,14,5,-0.5,-0.866025,-0.974928,-0.222521,True,False,EVENING,0.0,4.0,17.0,50.0,91.0,247.0,0.0,0.37,0.3675,6.86,7.394,87.99,9.3,87.987,92.991,12.01,0.7,8.91,20.32,100.0,98.393,7.51,5.35,14.15,2.31,47.609,1.65,23.167,37.196,False,,0.0,68.132,-4.08,-4.38,-0.09,1.122,4.38,2.0,0.39,0.412,15.0,0.0,89.703,87.434,100.0,98.154,47.994,95.833,35.881,37.0,0.0,89.647,87.808,90.087,85.679,47.416,96.5,35.859,7.057,6.979,92.662,88.499,3.81,NORMAL
537,2026-06-06 14:15:00+00:00,14,5,-0.5,-0.866025,-0.974928,-0.222521,True,False,EVENING,3.0,3.0,14.0,47.0,88.0,241.0,0.0,0.0,0.0,5.04,5.983,87.84,9.21,87.837,92.13,12.16,0.79,10.26,23.29,90.117,85.708,7.31,5.29,14.4,2.27,46.684,1.55,98.933,36.852,False,,0.0,71.955,0.0,-4.08,-1.73,1.122,4.38,-4.0,-0.09,0.388,15.0,0.0,89.921,87.728,90.005,85.601,48.349,100.0,35.968,36.0,1.61,89.807,87.858,94.341,89.619,47.287,100.0,45.608,7.062,7.185,92.938,88.441,4.19,MODERATE
538,2026-06-06 14:30:00+00:00,14,5,-0.5,-0.866025,-0.974928,-0.222521,True,False,EVENING,2.0,5.0,9.0,44.0,89.0,242.0,0.0,0.0,0.0,3.36,6.038,87.31,9.07,87.307,90.732,12.69,0.93,10.26,23.29,89.574,85.191,7.22,5.23,14.55,2.24,46.102,1.28,70.7,36.293,False,,0.0,68.838,0.0,0.0,-4.38,1.011,4.38,-13.0,-0.9,0.32,17.0,0.0,89.869,87.605,91.645,87.107,47.963,100.0,35.948,40.0,2.24,89.451,88.162,97.742,92.764,47.228,100.0,49.226,7.079,5.941,92.665,88.753,4.56,NORMAL
539,2026-06-06 14:45:00+00:00,14,5,-0.5,-0.866025,-0.974928,-0.222521,True,False,EVENING,4.0,6.0,9.0,46.0,92.0,245.0,0.0,0.0,0.0,6.72,6.919,87.24,9.09,87.236,90.95,12.76,0.91,10.26,23.29,89.5,85.121,7.73,5.19,14.09,2.32,47.828,1.34,100.0,36.38,False,,0.0,71.641,0.0,0.0,-4.08,0.901,4.38,-12.0,-0.89,0.335,18.0,0.0,89.918,88.023,90.308,85.889,47.923,100.0,35.967,41.0,4.93,89.884,88.285,100.0,97.194,48.333,100.0,65.541,6.968,7.774,92.653,88.552,4.62,MODERATE
540,2026-06-06 15:00:00+00:00,15,5,-0.707107,-0.707107,-0.974928,-0.222521,True,False,EVENING,3.0,7.0,12.0,44.0,91.0,245.0,0.0,0.0,0.0,5.04,4.745,87.43,8.97,87.434,89.703,12.57,1.03,8.88,20.25,100.0,98.154,7.82,5.14,14.04,2.33,47.994,1.24,95.833,35.881,False,,0.0,73.899,0.0,0.0,0.0,0.901,4.38,-5.0,-0.41,0.31,21.0,0.0,89.647,87.808,90.087,85.679,47.416,96.5,35.859,41.0,5.65,90.112,88.439,93.345,88.777,49.439,100.0,69.961,7.042,5.395,92.894,88.94,5.16,MODERATE
541,2026-06-06 15:15:00+00:00,15,5,-0.707107,-0.707107,-0.974928,-0.222521,True,False,EVENING,4.0,7.0,13.0,45.0,92.0,248.0,0.0,0.0,0.0,6.72,5.457,87.73,8.99,87.728,89.921,12.27,1.01,10.26,23.29,90.005,85.601,7.96,5.1,13.95,2.35,48.349,1.29,100.0,35.968,False,,0.0,71.708,0.0,0.0,0.0,0.821,4.38,-1.0,-0.26,0.322,23.0,1.61,89.807,87.858,94.341,89.619,47.287,100.0,45.608,38.0,6.41,90.268,88.694,100.0,98.629,51.135,100.0,74.57,6.895,6.51,91.885,89.137,5.21,MODERATE
542,2026-06-06 15:30:00+00:00,15,5,-0.707107,-0.707107,-0.974928,-0.222521,True,False,EVENING,4.0,8.0,15.0,46.0,95.0,249.0,0.0,0.0,0.0,6.72,7.234,87.61,8.99,87.605,89.869,12.39,1.01,10.06,22.86,91.645,87.107,7.88,5.07,14.05,2.33,47.963,1.35,100.0,35.948,False,,0.0,72.014,0.0,0.0,0.0,0.714,4.38,6.0,0.07,0.338,22.0,2.24,89.451,88.162,97.742,92.764,47.228,100.0,49.226,37.0,5.23,89.648,88.717,95.367,90.642,49.249,100.0,67.215,6.839,7.446,91.668,89.007,5.75,MODERATE
543,2026-06-06 15:45:00+00:00,15,5,-0.707107,-0.707107,-0.974928,-0.222521,True,False,EVENING,4.0,8.0,15.0,45.0,95.0,252.0,0.0,0.0,0.0,6.72,5.028,88.02,8.99,88.023,89.918,11.98,1.01,10.26,23.29,90.308,85.889,7.9,5.04,14.06,2.33,47.923,1.41,100.0,35.967,False,,0.0,71.805,0.0,0.0,0.0,0.714,4.38,6.0,0.07,0.352,20.0,4.93,89.884,88.285,100.0,97.194,48.333,100.0,65.541,37.0,4.04,89.777,88.765,92.935,88.387,49.118,100.0,60.151,6.891,6.962,91.456,89.011,6.29,MODERATE
544,2026-06-06 16:00:00+00:00,16,5,-0.866025,-0.5,-0.974928,-0.222521,True,False,EVENING,3.0,7.0,15.0,44.0,92.0,252.0,0.0,0.0,0.0,5.04,6.009,87.81,8.96,87.808,89.647,12.19,1.04,10.26,23.29,90.087,85.679,7.78,5.02,14.2,2.3,47.416,1.3,96.5,35.859,False,,0.0,71.292,0.0,0.0,0.0,0.676,4.38,3.0,0.06,0.325,16.0,5.65,90.112,88.439,93.345,88.777,49.439,100.0,69.961,36.0,1.87,89.692,88.7,91.864,87.369,49.142,81.833,47.074,6.893,6.882,91.586,89.001,6.34,MODERATE
545,2026-06-06 16:15:00+00:00,16,5,-0.866025,-0.5,-0.974928,-0.222521,True,False,EVENING,6.0,9.0,17.0,44.0,98.0,256.0,1.61,0.0,0.0,7.368,7.105,87.86,8.98,87.858,89.807,12.14,1.02,9.88,22.46,94.341,89.619,7.71,5.06,14.23,2.3,47.287,1.68,100.0,45.608,False,,3.5,73.652,1.61,1.61,1.61,0.776,4.38,4.0,0.39,0.822,13.0,6.41,90.268,88.694,100.0,98.629,51.135,100.0,74.57,38.0,7.68,89.69,89.139,94.997,90.349,50.048,100.0,81.939,6.895,8.704,90.452,88.662,6.72,MODERATE
546,2026-06-06 16:30:00+00:00,16,5,-0.866025,-0.5,-0.974928,-0.222521,True,False,EVENING,5.0,11.0,18.0,42.0,96.0,259.0,2.24,0.15,0.0648,7.347,6.271,88.16,8.95,88.162,89.451,11.84,1.05,9.6,21.85,97.742,92.764,7.64,5.11,14.25,2.3,47.228,1.9,100.0,49.226,False,,4.9,74.831,0.6300000000000001,2.24,2.24,0.916,4.38,3.0,0.55,1.035,18.0,5.23,89.648,88.717,95.367,90.642,49.249,100.0,67.215,34.0,9.58,89.921,89.191,95.931,91.237,48.619,100.0,93.477,7.039,6.68,91.217,88.675,6.78,MODERATE
547,2026-06-06 16:45:00+00:00,16,5,-0.866025,-0.5,-0.974928,-0.222521,True,False,EVENING,7.0,12.0,21.0,45.0,98.0,262.0,4.93,0.2,0.0409,7.24,6.577,88.28,8.99,88.285,89.884,11.72,1.01,9.29,21.16,100.0,97.194,7.79,5.26,13.95,2.35,48.333,2.43,100.0,65.541,False,,10.9,77.568,2.6899999999999995,3.3199999999999994,4.93,1.191,4.93,6.0,1.02,1.84,21.0,4.04,89.777,88.765,92.935,88.387,49.118,100.0,60.151,34.0,12.51,90.377,89.271,100.0,100.0,49.922,100.0,100.0,7.021,7.758,91.445,88.468,7.31,MODERATE
548,2026-06-06 17:00:00+00:00,17,5,-0.965926,-0.258819,-0.974928,-0.222521,True,False,EVENING,5.0,12.0,23.0,50.0,100.0,266.0,5.65,0.44,0.0785,7.188,6.479,88.44,9.01,88.439,90.112,11.56,0.99,10.26,23.29,93.345,88.777,7.95,5.4,13.65,2.4,49.439,2.65,100.0,69.961,False,,12.6,76.399,0.7200000000000006,3.41,5.65,1.539,5.65,8.0,1.35,2.075,25.0,1.87,89.692,88.7,91.864,87.369,49.142,81.833,47.074,31.0,10.45,91.229,89.119,97.192,92.408,50.826,98.5,99.187,7.094,7.383,90.928,88.448,7.05,MODERATE
549,2026-06-06 17:15:00+00:00,17,5,-0.965926,-0.258819,-0.974928,-0.222521,True,False,EVENING,5.0,10.0,22.0,52.0,99.0,271.0,6.41,0.51,0.0794,7.127,6.044,88.69,9.03,88.694,90.268,11.31,0.97,9.26,21.1,100.0,98.629,8.26,5.54,13.19,2.49,51.135,2.87,100.0,74.57,False,,14.4,79.106,0.7599999999999998,1.4800000000000004,4.8,1.831,6.41,5.0,1.19,2.32,25.0,7.68,89.69,89.139,94.997,90.349,50.048,100.0,81.939,36.0,10.37,91.789,88.757,100.0,98.503,50.484,100.0,98.922,7.11,5.963,90.803,88.747,7.27,MODERATE
550,2026-06-06 17:30:00+00:00,17,5,-0.965926,-0.258819,-0.974928,-0.222521,True,False,EVENING,3.0,8.0,20.0,53.0,97.0,267.0,5.23,0.58,0.1104,7.03,7.188,88.72,8.96,88.717,89.648,11.28,1.04,10.05,22.83,95.367,90.642,7.69,5.61,13.7,2.39,49.249,2.76,100.0,67.215,False,,11.9,76.548,-1.1799999999999997,-0.41999999999999993,2.99,1.884,6.41,2.0,0.86,1.998,19.0,9.58,89.921,89.191,95.931,91.237,48.619,100.0,93.477,36.0,9.21,92.094,88.547,95.099,90.445,50.625,100.0,92.111,7.002,7.677,91.358,88.523,7.48,MODERATE
551,2026-06-06 17:45:00+00:00,17,5,-0.965926,-0.258819,-0.974928,-0.222521,True,False,EVENING,3.0,6.0,16.0,52.0,98.0,264.0,4.04,0.47,0.1164,7.032,6.786,88.77,8.98,88.765,89.777,11.23,1.02,10.26,23.29,92.935,88.387,7.64,5.62,13.74,2.39,49.118,2.66,100.0,60.151,False,,9.2,75.249,-1.1900000000000004,-2.37,-0.8899999999999997,1.882,6.41,-5.0,0.23,1.675,16.0,12.51,90.377,89.271,100.0,100.0,49.922,100.0,100.0,40.0,7.01,92.064,88.54,99.779,94.719,52.818,95.4,78.906,7.075,6.78,91.462,88.586,6.9,MODERATE
552,2026-06-06 18:00:00+00:00,18,5,-1.0,-0.0,-0.974928,-0.222521,True,False,EVENING,2.0,5.0,13.0,51.0,95.0,265.0,1.87,0.36,0.1948,7.012,7.306,88.7,8.97,88.7,89.692,11.3,1.03,10.26,23.29,91.864,87.369,7.72,5.55,13.73,2.39,49.142,2.4,81.833,47.074,False,,4.2,71.945,-2.17,-3.3600000000000003,-3.7800000000000002,1.999,6.41,-10.0,-0.25,1.068,11.0,10.45,91.229,89.119,97.192,92.408,50.826,98.5,99.187,45.0,6.81,92.662,88.499,93.942,89.345,52.206,100.0,77.942,,,,,,MODERATE
553,2026-06-06 18:15:00+00:00,18,5,-1.0,-0.0,-0.974928,-0.222521,True,False,EVENING,10.0,12.0,18.0,57.0,102.0,274.0,7.68,0.17,0.0219,7.038,5.283,89.14,8.97,89.139,89.69,10.86,1.03,10.26,23.29,94.997,90.349,7.81,5.7,13.49,2.43,50.048,3.41,100.0,81.939,False,,17.4,78.21,5.81,3.6399999999999997,1.2699999999999996,2.479,7.68,-4.0,0.54,2.772,13.0,10.37,91.789,88.757,100.0,98.503,50.484,100.0,98.922,45.0,8.61,92.938,88.441,100.0,100.0,52.647,100.0,88.831,,,,,,MODERATE
554,2026-06-06 18:30:00+00:00,18,5,-1.0,-0.0,-0.974928,-0.222521,True,False,EVENING,6.0,16.0,21.0,59.0,105.0,278.0,9.58,0.69,0.0721,6.875,6.576,89.19,8.99,89.191,89.921,10.81,1.01,10.26,23.29,95.931,91.237,7.23,5.9,13.87,2.36,48.619,3.79,100.0,93.477,False,,22.2,79.573,1.9000000000000004,7.71,4.35,3.078,9.58,1.0,1.03,3.343,15.0,9.21,92.094,88.547,95.099,90.445,50.625,100.0,92.111,45.0,10.4,92.665,88.753,95.856,91.165,54.204,100.0,99.44,,,,,,MODERATE
555,2026-06-06 18:45:00+00:00,18,5,-1.0,-0.0,-0.974928,-0.222521,True,False,EVENING,7.0,13.0,25.0,62.0,107.0,282.0,12.51,0.86,0.069,6.852,6.35,89.27,9.04,89.271,90.377,10.73,0.96,9.26,21.1,100.0,100.0,7.32,6.16,13.52,2.43,49.922,4.33,100.0,100.0,False,,29.1,83.214,2.9299999999999997,4.83,8.469999999999999,3.859,12.51,9.0,1.67,4.21,18.0,7.01,92.064,88.54,99.779,94.719,52.818,95.4,78.906,43.0,10.25,92.653,88.552,98.356,93.459,55.069,100.0,98.549,,,,,,MODERATE
556,2026-06-06 19:00:00+00:00,19,5,-0.965926,0.258819,-0.974928,-0.222521,True,False,EVENING,2.0,9.0,25.0,61.0,105.0,279.0,10.45,1.13,0.1077,6.815,7.083,89.12,9.12,89.119,91.229,10.88,0.88,10.16,23.07,97.192,92.408,7.41,6.31,13.28,2.47,50.826,4.06,98.5,99.187,False,,24.5,80.731,-2.0600000000000005,0.8699999999999992,8.579999999999998,4.512,12.51,12.0,1.66,3.627,20.0,6.81,92.662,88.499,93.942,89.345,52.206,100.0,77.942,46.0,13.06,92.894,88.94,99.892,94.925,56.072,100.0,100.0,,,,,,MODERATE
557,2026-06-06 19:15:00+00:00,19,5,-0.965926,0.258819,-0.974928,-0.222521,True,False,EVENING,4.0,6.0,19.0,59.0,103.0,282.0,10.37,0.94,0.0907,6.857,8.08,88.76,9.18,88.757,91.789,11.24,0.82,9.47,21.55,100.0,98.503,7.2,6.43,13.37,2.45,50.484,4.12,100.0,98.922,False,,24.1,81.885,-0.08000000000000007,-2.1400000000000006,2.6899999999999995,5.161,12.51,1.0,0.71,3.622,23.0,8.61,92.938,88.441,100.0,100.0,52.647,100.0,88.831,41.0,12.95,91.885,89.137,100.0,95.284,56.068,100.0,100.0,,,,,,MODERATE
558,2026-06-06 19:30:00+00:00,19,5,-0.965926,0.258819,-0.974928,-0.222521,True,False,EVENING,3.0,7.0,16.0,57.0,99.0,283.0,9.21,0.93,0.1013,6.981,7.698,88.55,9.21,88.547,92.094,11.45,0.79,10.26,23.29,95.099,90.445,7.18,6.49,13.33,2.46,50.625,4.02,100.0,92.111,False,,21.1,79.615,-1.1599999999999984,-1.2399999999999984,-0.3699999999999992,5.736,12.51,-5.0,0.23,3.308,21.0,10.4,92.665,88.753,95.856,91.165,54.204,100.0,99.44,42.0,15.88,91.668,89.007,100.0,100.0,56.185,100.0,100.0,,,,,,MODERATE
559,2026-06-06 19:45:00+00:00,19,5,-0.965926,0.258819,-0.974928,-0.222521,True,False,EVENING,2.0,5.0,11.0,52.0,97.0,282.0,7.01,0.83,0.1182,7.054,7.096,88.54,9.21,88.54,92.064,11.46,0.79,9.67,22.0,99.779,94.719,7.8,6.46,12.74,2.57,52.818,3.75,95.4,78.906,False,,15.9,79.057,-2.200000000000001,-3.3599999999999994,-5.5,6.174,12.51,-14.0,-0.58,2.69,22.0,10.25,92.653,88.552,98.356,93.459,55.069,100.0,98.549,40.0,18.78,91.456,89.011,100.0,100.0,56.922,100.0,100.0,,,,,,MODERATE
560,2026-06-06 20:00:00+00:00,20,5,-0.866025,0.5,-0.974928,-0.222521,True,False,EVENING,4.0,6.0,13.0,51.0,101.0,281.0,6.81,0.63,0.0927,7.057,6.979,88.5,9.27,88.499,92.662,11.5,0.73,10.26,23.29,93.942,89.345,7.67,6.43,12.9,2.54,52.206,3.81,100.0,77.942,False,,15.4,78.054,-0.20000000000000018,-2.4000000000000012,-3.6399999999999997,6.6,12.51,-12.0,-0.25,2.655,25.0,13.06,92.894,88.94,99.892,94.925,56.072,100.0,100.0,33.0,18.68,91.586,89.001,100.0,100.0,58.057,100.0,100.0,,,,,,MODERATE
561,2026-06-06 20:15:00+00:00,20,5,-0.866025,0.5,-0.974928,-0.222521,True,False,EVENING,6.0,10.0,15.0,52.0,104.0,285.0,8.61,0.61,0.0712,7.062,7.185,88.44,9.29,88.441,92.938,11.56,0.71,6.87,15.84,100.0,100.0,7.74,6.48,12.79,2.56,52.647,4.19,100.0,88.831,False,,19.5,81.293,1.7999999999999998,1.5999999999999996,-1.7599999999999998,7.038,12.51,-4.0,0.07,3.2,22.0,12.95,91.885,89.137,100.0,95.284,56.068,100.0,100.0,29.0,20.57,90.452,88.662,100.0,100.0,58.487,100.0,100.0,,,,,,MODERATE
562,2026-06-06 20:30:00+00:00,20,5,-0.866025,0.5,-0.974928,-0.222521,True,False,EVENING,6.0,12.0,18.0,55.0,108.0,288.0,10.4,0.77,0.0745,7.079,5.941,88.75,9.27,88.753,92.665,11.25,0.73,10.26,23.29,95.856,91.165,8.06,6.57,12.36,2.63,54.204,4.56,100.0,99.44,False,,23.4,81.036,1.790000000000001,3.5900000000000007,1.1899999999999995,7.548,12.51,2.0,0.54,3.74,24.0,15.88,91.668,89.007,100.0,100.0,56.185,100.0,100.0,23.0,20.38,91.217,88.675,100.0,100.0,59.33,100.0,100.0,,,,,,MODERATE
563,2026-06-06 20:45:00+00:00,20,5,-0.866025,0.5,-0.974928,-0.222521,True,False,EVENING,4.0,10.0,20.0,56.0,108.0,289.0,10.25,0.94,0.0913,6.968,7.774,88.55,9.27,88.552,92.653,11.45,0.73,9.97,22.66,98.356,93.459,8.22,6.65,12.13,2.68,55.069,4.62,100.0,98.549,False,,23.5,81.546,-0.15000000000000036,1.6400000000000006,3.24,7.88,12.51,9.0,0.87,3.718,21.0,18.78,91.456,89.011,100.0,100.0,56.922,100.0,100.0,19.0,23.2,91.445,88.468,100.0,100.0,60.282,100.0,100.0,,,,,,MODERATE
564,2026-06-06 21:00:00+00:00,21,5,-0.707107,0.707107,-0.974928,-0.222521,True,False,EVENING,7.0,11.0,23.0,61.0,112.0,292.0,13.06,0.92,0.0706,7.042,5.395,88.94,9.29,88.94,92.894,11.06,0.71,9.99,22.7,99.892,94.925,8.33,6.81,11.86,2.73,56.072,5.16,100.0,100.0,False,,29.6,83.929,2.8100000000000005,2.66,6.250000000000001,8.343,13.06,10.0,1.35,4.555,21.0,18.68,91.586,89.001,100.0,100.0,58.057,100.0,100.0,12.0,20.98,90.928,88.448,100.0,100.0,60.971,100.0,100.0,,,,,,MODERATE
565,2026-06-06 21:15:00+00:00,21,5,-0.707107,0.707107,-0.974928,-0.222521,True,False,EVENING,4.0,11.0,21.0,55.0,112.0,292.0,12.95,1.18,0.0907,6.895,6.51,89.14,9.19,89.137,91.885,10.86,0.81,9.97,22.65,100.0,95.284,8.21,6.92,11.86,2.72,56.068,5.21,100.0,100.0,False,,30.0,83.755,-0.11000000000000121,2.6999999999999993,4.34,8.752,13.06,6.0,1.02,4.54,19.0,20.57,90.452,88.662,100.0,100.0,58.487,100.0,100.0,10.0,21.75,90.803,88.747,100.0,100.0,60.331,100.0,100.0,,,,,,MODERATE
566,2026-06-06 21:30:00+00:00,21,5,-0.707107,0.707107,-0.974928,-0.222521,True,False,EVENING,7.0,11.0,22.0,56.0,115.0,297.0,15.88,1.17,0.0734,6.839,7.446,89.01,9.17,89.007,91.668,10.99,0.83,9.48,21.58,100.0,100.0,8.05,7.12,11.83,2.73,56.185,5.75,100.0,100.0,False,,37.1,86.135,2.9300000000000015,2.8200000000000003,5.48,9.418,15.88,4.0,1.19,5.408,18.0,20.38,91.217,88.675,100.0,100.0,59.33,100.0,100.0,5.0,22.58,91.358,88.523,100.0,100.0,60.253,100.0,100.0,,,,,,HIGH
567,2026-06-06 21:45:00+00:00,21,5,-0.707107,0.707107,-0.974928,-0.222521,True,False,EVENING,7.0,14.0,25.0,56.0,118.0,304.0,18.78,1.43,0.0761,6.891,6.962,89.01,9.15,89.011,91.456,10.99,0.85,9.72,22.09,100.0,100.0,7.99,7.38,11.63,2.77,56.922,6.29,100.0,100.0,False,,43.5,88.016,2.9000000000000004,5.830000000000002,8.530000000000001,10.339,18.78,5.0,1.67,6.268,19.0,23.2,91.445,88.468,100.0,100.0,60.282,100.0,100.0,0.0,18.37,91.462,88.586,100.0,100.0,60.435,75.667,100.0,,,,,,HIGH
568,2026-06-06 22:00:00+00:00,22,5,-0.5,0.866025,-0.974928,-0.222521,True,False,NIGHT,4.0,11.0,22.0,58.0,119.0,305.0,18.68,1.69,0.0905,6.893,6.882,89.0,9.16,89.001,91.586,11.0,0.84,4.36,13.78,100.0,100.0,8.09,7.58,11.32,2.82,58.057,6.34,100.0,100.0,False,,43.2,88.078,-0.10000000000000142,2.799999999999999,5.619999999999999,11.389,18.78,-1.0,1.18,6.255,12.0,20.98,90.928,88.448,100.0,100.0,60.971,100.0,100.0,,,,,,,,,,,,,,,HIGH
569,2026-06-06 22:15:00+00:00,22,5,-0.5,0.866025,-0.974928,-0.222521,True,False,NIGHT,6.0,10.0,24.0,60.0,119.0,310.0,20.57,1.68,0.0817,6.895,8.704,88.66,9.05,88.662,90.452,11.34,0.95,5.35,15.97,100.0,100.0,7.99,7.8,11.21,2.84,58.487,6.72,100.0,100.0,False,,47.6,89.025,1.8900000000000006,1.7899999999999991,7.620000000000001,12.195,20.57,3.0,1.51,6.822,10.0,21.75,90.803,88.747,100.0,100.0,60.331,100.0,100.0,,,,,,,,,,,,,,,HIGH
570,2026-06-06 22:30:00+00:00,22,5,-0.5,0.866025,-0.974928,-0.222521,True,False,NIGHT,4.0,10.0,21.0,61.0,118.0,308.0,20.38,1.85,0.0908,7.039,6.68,88.68,9.12,88.675,91.217,11.32,0.88,6.27,17.99,100.0,100.0,8.04,7.98,10.98,2.88,59.33,6.78,100.0,100.0,False,,46.2,89.135,-0.19000000000000128,1.6999999999999993,4.499999999999998,12.87,20.57,-1.0,1.03,6.79,5.0,22.58,91.358,88.523,100.0,100.0,60.253,100.0,100.0,,,,,,,,,,,,,,,HIGH
571,2026-06-06 22:45:00+00:00,22,5,-0.5,0.866025,-0.974928,-0.222521,True,False,NIGHT,7.0,11.0,21.0,66.0,118.0,315.0,23.2,1.83,0.0791,7.021,7.758,88.47,9.14,88.468,91.445,11.53,0.86,6.27,17.99,100.0,100.0,8.05,8.22,10.72,2.93,60.282,7.31,100.0,100.0,False,,52.7,91.025,2.8200000000000003,2.629999999999999,4.419999999999998,13.538,23.2,-4.0,1.02,7.627,0.0,18.37,91.462,88.586,100.0,100.0,60.435,75.667,100.0,,,,,,,,,,,,,,,HIGH
572,2026-06-06 23:00:00+00:00,23,5,-0.258819,0.965926,-0.974928,-0.222521,True,False,NIGHT,2.0,9.0,19.0,64.0,115.0,317.0,20.98,2.09,0.0995,7.094,7.383,88.45,9.09,88.448,90.928,11.55,0.91,6.27,17.99,100.0,100.0,8.13,8.33,10.54,2.96,60.971,7.05,100.0,100.0,False,,47.2,89.559,-2.219999999999999,0.6000000000000014,2.3000000000000007,14.196,23.2,-3.0,0.71,7.008,,,,,,,,,,,,,,,,,,,,,,,,HIGH
573,2026-06-06 23:15:00+00:00,23,5,-0.258819,0.965926,-0.974928,-0.222521,True,False,NIGHT,5.0,7.0,18.0,63.0,115.0,320.0,21.75,1.89,0.0868,7.11,5.963,88.75,9.08,88.747,90.803,11.25,0.92,6.27,17.99,100.0,100.0,7.84,8.45,10.71,2.93,60.331,7.27,100.0,100.0,False,,48.8,90.035,0.7699999999999996,-1.4499999999999993,1.1799999999999997,14.908,23.2,-6.0,0.55,7.255,,,,,,,,,,,,,,,,,,,,,,,,HIGH
574,2026-06-06 23:30:00+00:00,23,5,-0.258819,0.965926,-0.974928,-0.222521,True,False,NIGHT,5.0,10.0,19.0,62.0,117.0,323.0,22.58,1.96,0.0867,7.002,7.677,88.52,9.14,88.523,91.358,11.48,0.86,6.27,17.99,100.0,100.0,7.69,8.58,10.73,2.93,60.253,7.48,100.0,100.0,False,,51.5,90.621,0.8299999999999983,1.5999999999999979,2.1999999999999993,15.743,23.2,-2.0,0.7,7.515,,,,,,,,,,,,,,,,,,,,,,,,HIGH
575,2026-06-06 23:45:00+00:00,23,5,-0.258819,0.965926,-0.974928,-0.222521,True,False,NIGHT,0.0,5.0,12.0,58.0,114.0,322.0,18.37,2.03,0.1106,7.075,6.78,88.59,9.15,88.586,91.462,11.41,0.85,5.33,15.93,100.0,100.0,7.79,8.53,10.68,2.94,60.435,6.9,75.667,100.0,False,,41.4,85.787,-4.209999999999997,-3.379999999999999,-4.829999999999998,16.453,23.2,-9.0,-0.41,6.318,,,,,,,,,,,,,,,,,,,,,,,,HIGH
