step,timestamp,hour_of_day,day_of_week,hour_sin,hour_cos,dow_sin,dow_cos,is_weekend,is_holiday,shift_block,arrivals_15m,arrivals_30m,arrivals_1h,arrivals_3h,arrivals_6h,arrivals_24h,current_queue,critical_queue,priority_mix_critical,admissions_rate_1h,discharge_rate_1h,occupied_beds,occupied_icu,bed_occupancy,icu_occupancy,available_beds,available_icu,available_doctors,available_nurses,doctor_utilisation,nurse_utilisation,ventilators_in_use,monitors_in_use,available_equipment,reserved_equipment,equipment_utilisation,ot_backlog,ot_utilisation,emergency_resource_pressure,surge_active,surge_kind,waiting_minutes_mean,pressure_index,queue_change_15m,queue_change_30m,queue_change_1h,rolling_queue_mean,rolling_queue_max,arrival_rate_trend,ot_backlog_change_1h,queue_backlog_pressure,target_arrivals_1h,target_queue_1h,target_icu_occupancy_1h,target_bed_occupancy_1h,target_doctor_utilisation_1h,target_nurse_utilisation_1h,target_equipment_utilisation_1h,target_ot_utilisation_1h,target_emergency_resource_pressure_1h,target_arrivals_2h,target_queue_2h,target_icu_occupancy_2h,target_bed_occupancy_2h,target_doctor_utilisation_2h,target_nurse_utilisation_2h,target_equipment_utilisation_2h,target_ot_utilisation_2h,target_emergency_resource_pressure_2h,target_admissions_6h,target_discharges_6h,target_icu_occupancy_6h,target_bed_occupancy_6h,target_ot_backlog_6h,pressure_label
0,2026-06-01 00:00:00+00:00,0,0,0.0,1.0,0.0,1.0,False,False,NIGHT,1.0,1.0,1.0,1.0,1.0,1.0,2.26,0.72,0.3186,11.323,1.187,80.15,5.38,80.151,67.287,19.85,2.62,5.73,16.81,100.0,100.0,6.07,4.67,16.26,1.93,39.785,5.68,100.0,40.475,False,,3.2,69.118,0.0,0.0,0.0,2.26,2.26,0.0,0.0,1.985,5.0,0.0,71.04,80.731,100.0,100.0,33.4,100.0,28.416,9.0,0.0,70.284,79.791,100.0,100.0,32.799,81.808,28.114,6.72,3.808,83.47,81.395,0.26,NORMAL
1,2026-06-01 00:15:00+00:00,0,0,0.0,1.0,0.0,1.0,False,False,NIGHT,1.0,2.0,2.0,2.0,2.0,2.0,0.0,0.2,0.2034,5.477,2.507,80.68,5.59,80.684,69.909,19.32,2.41,6.26,17.98,100.0,100.0,6.31,4.35,16.33,1.92,39.506,5.36,100.0,27.964,False,,0.0,68.288,-2.26,0.0,0.0,1.13,2.26,0.0,0.0,1.34,4.0,0.0,71.933,80.642,100.0,100.0,34.661,91.383,28.773,11.0,0.0,69.309,79.649,100.0,100.0,33.841,78.617,27.724,0.0,3.773,82.198,80.554,0.0,NORMAL
2,2026-06-01 00:30:00+00:00,0,0,0.0,1.0,0.0,1.0,False,False,NIGHT,1.0,2.0,3.0,3.0,3.0,3.0,0.0,0.0,0.0,1.68,2.453,80.43,5.65,80.433,70.629,19.57,2.35,6.27,17.99,100.0,100.0,6.1,4.1,16.8,1.84,37.795,5.04,99.358,28.252,False,,0.0,68.165,0.0,-2.26,0.0,0.753,2.26,0.0,0.0,1.26,4.0,0.0,72.499,80.719,100.0,100.0,32.81,100.0,29.0,12.0,0.0,70.125,80.126,100.0,100.0,33.414,100.0,28.05,1.68,1.768,80.572,80.662,0.0,NORMAL
3,2026-06-01 00:45:00+00:00,0,0,0.0,1.0,0.0,1.0,False,False,NIGHT,1.0,2.0,4.0,4.0,4.0,4.0,0.0,0.0,0.0,1.68,1.798,80.39,5.66,80.394,70.748,19.61,2.34,5.93,17.24,100.0,100.0,5.94,3.91,17.15,1.77,36.485,4.72,96.167,28.299,False,,0.0,67.775,0.0,0.0,0.0,0.565,2.26,0.0,0.0,1.18,4.0,0.0,70.208,80.126,100.0,100.0,32.756,59.4,28.083,10.0,0.0,70.313,79.831,100.0,100.0,31.95,73.833,28.125,5.04,2.091,83.25,81.185,0.0,NORMAL
4,2026-06-01 01:00:00+00:00,1,0,0.258819,0.965926,0.0,1.0,False,False,NIGHT,2.0,3.0,5.0,6.0,6.0,6.0,0.0,0.0,0.0,3.36,1.917,80.73,5.68,80.731,71.04,19.27,2.32,6.27,17.99,100.0,100.0,5.27,3.75,17.98,1.62,33.4,4.56,100.0,28.416,False,,0.0,67.975,0.0,0.0,-2.26,0.452,2.26,4.0,-1.12,1.14,5.0,0.0,70.284,79.791,100.0,100.0,32.799,81.808,28.114,9.0,0.0,69.183,79.759,100.0,100.0,31.233,43.442,27.673,6.72,2.279,85.102,82.147,0.16,NORMAL
5,2026-06-01 01:15:00+00:00,1,0,0.258819,0.965926,0.0,1.0,False,False,NIGHT,1.0,3.0,5.0,7.0,7.0,7.0,0.0,0.0,0.0,1.68,1.75,80.64,5.75,80.642,71.933,19.36,2.25,6.27,17.99,100.0,100.0,5.73,3.63,17.64,1.68,34.661,4.24,91.383,28.773,False,,0.0,67.472,0.0,0.0,0.0,0.377,2.26,3.0,-1.12,1.06,4.0,0.0,69.309,79.649,100.0,100.0,33.841,78.617,27.724,12.0,0.0,70.978,80.421,100.0,100.0,30.604,100.0,28.391,5.04,3.211,85.318,82.587,0.16,NORMAL
6,2026-06-01 01:30:00+00:00,1,0,0.258819,0.965926,0.0,1.0,False,False,NIGHT,2.0,3.0,6.0,9.0,9.0,9.0,0.0,0.0,0.0,3.36,2.872,80.72,5.8,80.719,72.499,19.28,2.2,5.44,16.17,100.0,100.0,5.31,3.54,18.14,1.59,32.81,4.09,100.0,29.0,False,,0.0,68.211,0.0,0.0,0.0,0.323,2.26,3.0,-0.95,1.022,6.0,0.0,70.125,80.126,100.0,100.0,33.414,100.0,28.05,15.0,0.0,70.732,79.973,100.0,100.0,30.321,38.658,28.293,8.4,4.014,88.245,83.449,0.48,NORMAL
7,2026-06-01 01:45:00+00:00,1,0,0.258819,0.965926,0.0,1.0,False,False,NIGHT,0.0,2.0,5.0,9.0,9.0,9.0,0.0,0.0,0.0,0.0,3.107,80.13,5.62,80.126,70.208,19.87,2.38,6.27,17.99,100.0,100.0,5.39,3.45,18.16,1.59,32.756,3.61,59.4,28.083,False,,0.0,63.963,0.0,0.0,0.0,0.282,2.26,1.0,-1.11,0.902,4.0,0.0,70.313,79.831,100.0,100.0,31.95,73.833,28.125,17.0,0.0,70.148,79.6,100.0,100.0,30.495,61.067,28.059,3.36,2.848,87.424,83.643,0.32,NORMAL
8,2026-06-01 02:00:00+00:00,2,0,0.5,0.866025,0.0,1.0,False,False,NIGHT,1.0,1.0,4.0,10.0,10.0,10.0,0.0,0.0,0.0,1.68,2.996,79.79,5.62,79.791,70.284,20.21,2.38,5.94,17.27,100.0,100.0,5.47,3.38,18.14,1.59,32.799,3.29,81.808,28.114,False,,0.0,65.925,0.0,0.0,0.0,0.251,2.26,-1.0,-1.27,0.822,4.0,0.0,69.183,79.759,100.0,100.0,31.233,43.442,27.673,17.0,0.0,72.523,79.787,100.0,100.0,29.948,100.0,29.009,3.36,2.52,86.581,83.92,0.17,NORMAL
9,2026-06-01 02:15:00+00:00,2,0,0.5,0.866025,0.0,1.0,False,False,NIGHT,1.0,2.0,4.0,11.0,11.0,11.0,0.0,0.0,0.0,1.68,2.559,79.65,5.54,79.649,69.309,20.35,2.46,6.27,17.99,100.0,100.0,5.82,3.31,17.86,1.64,33.841,2.97,78.617,27.724,False,,0.0,65.506,0.0,0.0,0.0,0.226,2.26,-1.0,-1.27,0.742,7.0,0.0,70.978,80.421,100.0,100.0,30.604,100.0,28.391,18.0,0.0,74.279,79.894,100.0,100.0,30.375,85.083,29.711,3.36,5.039,86.785,83.484,0.01,NORMAL
10,2026-06-01 02:30:00+00:00,2,0,0.5,0.866025,0.0,1.0,False,False,NIGHT,2.0,3.0,4.0,13.0,13.0,13.0,0.0,0.0,0.0,3.36,1.19,80.13,5.61,80.126,70.125,19.87,2.39,6.27,17.99,100.0,100.0,5.75,3.27,17.98,1.62,33.414,2.81,100.0,28.05,False,,0.0,67.66,0.0,0.0,0.0,0.205,2.26,-2.0,-1.28,0.702,6.0,0.0,70.732,79.973,100.0,100.0,30.321,38.658,28.293,16.0,0.0,73.454,79.362,100.0,100.0,29.481,29.092,29.381,6.72,3.829,87.447,84.154,0.17,NORMAL
11,2026-06-01 02:45:00+00:00,2,0,0.5,0.866025,0.0,1.0,False,False,NIGHT,1.0,3.0,5.0,14.0,14.0,14.0,0.0,0.0,0.0,1.68,2.798,79.83,5.63,79.831,70.313,20.17,2.37,6.27,17.99,100.0,100.0,5.39,3.23,18.37,1.55,31.95,2.49,73.833,28.125,False,,0.0,65.146,0.0,0.0,0.0,0.188,2.26,0.0,-1.12,0.622,6.0,0.0,70.148,79.6,100.0,100.0,30.495,61.067,28.059,17.0,0.0,73.051,79.304,100.0,100.0,28.439,24.3,29.221,0.0,5.141,84.495,83.105,0.0,NORMAL
12,2026-06-01 03:00:00+00:00,3,0,0.707107,0.707107,0.0,1.0,False,False,NIGHT,0.0,1.0,4.0,13.0,14.0,14.0,0.0,0.0,0.0,0.0,0.651,79.76,5.53,79.759,69.183,20.24,2.47,6.03,17.47,100.0,100.0,5.24,3.2,18.57,1.52,31.233,2.01,43.442,27.673,False,,0.0,62.104,0.0,0.0,0.0,0.174,2.26,0.0,-1.28,0.502,5.0,0.0,72.523,79.787,100.0,100.0,29.948,100.0,29.009,20.0,0.0,75.348,79.835,100.0,100.0,28.955,100.0,30.139,3.36,3.415,84.318,83.105,0.0,NORMAL
13,2026-06-01 03:15:00+00:00,3,0,0.707107,0.707107,0.0,1.0,False,False,NIGHT,3.0,3.0,6.0,15.0,17.0,17.0,0.0,0.0,0.0,5.04,1.816,80.42,5.68,80.421,70.978,19.58,2.32,6.13,17.68,100.0,100.0,5.08,3.18,18.74,1.49,30.604,2.01,100.0,28.391,False,,0.0,67.643,0.0,0.0,0.0,0.161,2.26,2.0,-0.96,0.502,5.0,0.0,74.279,79.894,100.0,100.0,30.375,85.083,29.711,21.0,0.0,80.41,81.288,100.0,100.0,30.311,100.0,32.164,8.4,3.627,88.285,83.981,0.32,NORMAL
14,2026-06-01 03:30:00+00:00,3,0,0.707107,0.707107,0.0,1.0,False,False,NIGHT,0.0,3.0,4.0,14.0,17.0,17.0,0.0,0.0,0.0,0.0,1.872,79.97,5.66,79.973,70.732,20.03,2.34,6.27,17.99,100.0,100.0,5.02,3.17,18.81,1.47,30.321,1.53,38.658,28.293,False,,0.0,61.949,0.0,0.0,0.0,0.151,2.26,0.0,-1.28,0.382,9.0,0.0,73.454,79.362,100.0,100.0,29.481,29.092,29.381,18.0,0.0,80.904,81.526,100.0,100.0,29.784,78.725,32.362,8.4,6.339,90.94,84.284,0.64,NORMAL
15,2026-06-01 03:45:00+00:00,3,0,0.707107,0.707107,0.0,1.0,False,False,NIGHT,1.0,1.0,4.0,14.0,18.0,18.0,0.0,0.0,0.0,1.68,3.36,79.6,5.61,79.6,70.148,20.4,2.39,6.27,17.99,100.0,100.0,5.08,3.15,18.77,1.48,30.495,1.21,61.067,28.059,False,,0.0,63.782,0.0,0.0,0.0,0.141,2.26,-1.0,-1.28,0.302,11.0,0.0,73.051,79.304,100.0,100.0,28.439,24.3,29.221,21.0,0.0,80.635,80.894,100.0,100.0,32.205,49.933,32.254,3.36,4.034,88.828,84.285,0.48,NORMAL
16,2026-06-01 04:00:00+00:00,4,0,0.866025,0.5,0.0,1.0,False,False,NIGHT,3.0,4.0,7.0,15.0,21.0,21.0,0.0,0.0,0.0,5.04,3.533,79.79,5.8,79.787,72.523,20.21,2.2,6.27,17.99,100.0,100.0,4.93,3.16,18.91,1.46,29.948,1.21,100.0,29.009,False,,0.0,67.753,0.0,0.0,0.0,0.0,0.0,3.0,-0.8,0.302,12.0,0.0,75.348,79.835,100.0,100.0,28.955,100.0,30.139,22.0,0.0,83.47,81.395,71.578,67.48,34.891,100.0,33.388,6.72,3.86,89.211,84.969,0.64,NORMAL
17,2026-06-01 04:15:00+00:00,4,0,0.866025,0.5,0.0,1.0,False,False,NIGHT,2.0,5.0,6.0,16.0,23.0,23.0,0.0,0.0,0.0,3.36,2.369,79.89,5.94,79.894,74.279,20.11,2.06,6.27,17.99,100.0,100.0,5.02,3.18,18.8,1.48,30.375,1.05,85.083,29.711,False,,0.0,66.824,0.0,0.0,0.0,0.0,0.0,0.0,-0.96,0.262,13.0,0.0,80.41,81.288,100.0,100.0,30.311,100.0,32.164,20.0,0.0,82.198,80.554,75.906,71.359,36.136,23.333,32.879,0.0,4.543,86.018,84.089,0.16,NORMAL
18,2026-06-01 04:30:00+00:00,4,0,0.866025,0.5,0.0,1.0,False,False,NIGHT,0.0,2.0,6.0,14.0,23.0,23.0,0.0,0.0,0.0,0.0,2.391,79.36,5.88,79.362,73.454,20.64,2.12,6.27,17.99,100.0,100.0,4.77,3.19,19.04,1.43,29.481,0.58,29.092,29.381,False,,0.0,61.422,0.0,0.0,0.0,0.0,0.0,2.0,-0.95,0.145,7.0,0.0,80.904,81.526,100.0,100.0,29.784,78.725,32.362,22.0,0.0,80.572,80.662,70.933,66.872,34.663,48.933,32.229,8.4,4.4,88.741,84.871,0.49,NORMAL
19,2026-06-01 04:45:00+00:00,4,0,0.866025,0.5,0.0,1.0,False,False,NIGHT,0.0,0.0,5.0,14.0,23.0,23.0,0.0,0.0,0.0,0.0,0.363,79.3,5.84,79.304,73.051,20.7,2.16,6.27,17.99,100.0,100.0,4.48,3.2,19.32,1.38,28.439,0.1,24.3,29.221,False,,0.0,60.804,0.0,0.0,0.0,0.0,0.0,1.0,-1.11,0.025,6.0,0.0,80.635,80.894,100.0,100.0,32.205,49.933,32.254,25.0,0.0,83.25,81.185,80.775,75.758,36.768,100.0,33.3,5.04,5.172,88.788,84.834,0.49,NORMAL
20,2026-06-01 05:00:00+00:00,5,0,0.965926,0.258819,0.0,1.0,False,False,NIGHT,3.0,3.0,5.0,16.0,26.0,26.0,0.0,0.0,0.0,5.04,2.181,79.83,6.03,79.835,75.348,20.17,1.97,6.1,17.63,100.0,100.0,4.6,3.22,19.18,1.41,28.955,0.1,100.0,30.139,False,,0.0,68.239,0.0,0.0,0.0,0.0,0.0,-2.0,-1.11,0.025,8.0,0.0,83.47,81.395,71.578,67.48,34.891,100.0,33.388,22.0,0.0,85.102,82.147,79.879,74.993,37.108,100.0,34.041,8.444,4.407,90.776,85.684,1.13,NORMAL
21,2026-06-01 05:15:00+00:00,5,0,0.965926,0.258819,0.0,1.0,False,False,NIGHT,6.0,9.0,9.0,21.0,32.0,32.0,0.0,0.0,0.0,10.08,2.647,81.29,6.43,81.288,80.41,18.71,1.57,5.74,16.83,100.0,100.0,4.9,3.28,18.82,1.47,30.311,0.58,100.0,32.164,False,,0.0,69.693,0.0,0.0,0.0,0.0,0.0,3.0,-0.47,0.145,8.0,0.0,82.198,80.554,75.906,71.359,36.136,23.333,32.879,20.0,0.0,85.318,82.587,80.469,75.54,35.462,100.0,34.127,8.103,6.131,92.762,86.019,1.45,NORMAL
22,2026-06-01 05:30:00+00:00,5,0,0.965926,0.258819,0.0,1.0,False,False,NIGHT,2.0,8.0,11.0,21.0,34.0,34.0,0.0,0.0,0.0,3.36,2.249,81.53,6.47,81.526,80.904,18.47,1.53,6.27,17.99,100.0,100.0,4.7,3.34,18.96,1.45,29.784,0.42,78.725,32.362,False,,0.0,67.882,0.0,0.0,0.0,0.0,0.0,5.0,-0.16,0.105,11.0,0.0,80.572,80.662,70.933,66.872,34.663,48.933,32.229,22.0,0.0,88.245,83.449,73.385,69.183,36.716,100.0,35.298,7.953,4.975,94.343,86.637,1.77,NORMAL
23,2026-06-01 05:45:00+00:00,5,0,0.965926,0.258819,0.0,1.0,False,False,NIGHT,1.0,3.0,12.0,21.0,35.0,35.0,0.0,0.0,0.0,1.68,4.295,80.89,6.45,80.894,80.635,19.11,1.55,6.27,17.99,100.0,100.0,5.31,3.38,18.3,1.57,32.205,0.1,49.933,32.254,False,,0.0,65.316,0.0,0.0,0.0,0.0,0.0,7.0,0.0,0.025,15.0,0.0,83.25,81.185,80.775,75.758,36.768,100.0,33.3,22.0,0.0,87.424,83.643,73.555,69.343,35.797,77.775,34.97,7.703,5.34,94.827,87.189,1.77,NORMAL
24,2026-06-01 06:00:00+00:00,6,0,1.0,0.0,0.0,1.0,False,False,MORNING,4.0,5.0,13.0,25.0,38.0,39.0,0.0,0.0,0.0,6.72,3.808,81.4,6.68,81.395,83.47,18.6,1.32,11.97,27.41,71.578,67.48,5.98,3.44,17.58,1.7,34.891,0.26,100.0,33.388,False,,0.0,63.428,0.0,0.0,0.0,0.0,0.0,8.0,0.16,0.065,14.0,0.0,85.102,82.147,79.879,74.993,37.108,100.0,34.041,22.0,0.0,86.581,83.92,75.312,70.943,34.9,76.183,34.632,4.757,6.315,93.699,86.89,1.61,NORMAL
25,2026-06-01 06:15:00+00:00,6,0,1.0,0.0,0.0,1.0,False,False,MORNING,0.0,4.0,7.0,22.0,37.0,39.0,0.0,0.0,0.0,0.0,3.773,80.55,6.58,80.554,82.198,19.45,1.42,11.17,25.66,75.906,71.359,6.28,3.47,17.24,1.76,36.136,0.0,23.333,32.879,False,,0.0,57.185,0.0,0.0,0.0,0.0,0.0,-2.0,-0.58,0.0,12.0,0.0,85.318,82.587,80.469,75.54,35.462,100.0,34.127,24.0,0.0,86.785,83.484,73.473,69.264,35.339,74.592,34.714,5.04,7.113,92.591,86.46,1.61,NORMAL
26,2026-06-01 06:30:00+00:00,6,0,1.0,0.0,0.0,1.0,False,False,MORNING,1.0,1.0,6.0,23.0,37.0,40.0,0.0,0.0,0.0,1.68,1.768,80.66,6.45,80.662,80.572,19.34,1.55,11.97,27.41,70.933,66.872,5.87,3.49,17.64,1.68,34.663,0.0,48.933,32.229,False,,0.0,57.92,0.0,0.0,0.0,0.0,0.0,-5.0,-0.42,0.0,11.0,0.0,88.245,83.449,73.385,69.183,36.716,100.0,35.298,22.0,0.0,87.447,84.154,77.05,72.521,36.324,100.0,34.979,3.36,6.086,91.073,85.9,1.45,NORMAL
27,2026-06-01 06:45:00+00:00,6,0,1.0,0.0,0.0,1.0,False,False,MORNING,3.0,4.0,8.0,25.0,39.0,43.0,0.0,0.0,0.0,5.04,2.091,81.18,6.66,81.185,83.25,18.82,1.34,10.58,24.36,80.775,75.758,6.4,3.52,17.07,1.79,36.768,0.0,100.0,33.3,False,,0.0,65.604,0.0,0.0,0.0,0.0,0.0,-4.0,-0.1,0.0,10.0,0.0,87.424,83.643,73.555,69.343,35.797,77.775,34.97,23.0,0.0,84.495,83.105,73.082,68.897,35.212,23.333,33.798,6.72,5.731,91.494,86.114,1.61,NORMAL
28,2026-06-01 07:00:00+00:00,7,0,0.965926,-0.258819,0.0,1.0,False,False,MORNING,4.0,7.0,8.0,26.0,41.0,47.0,0.0,0.0,0.0,6.72,2.279,82.15,6.81,82.147,85.102,17.85,1.19,10.83,24.9,79.879,74.993,6.45,3.57,16.98,1.8,37.108,0.16,100.0,34.041,False,,0.0,66.017,0.0,0.0,0.0,0.0,0.0,-5.0,-0.1,0.04,8.0,0.0,86.581,83.92,75.312,70.943,34.9,76.183,34.632,26.0,0.0,84.318,83.105,73.111,68.924,36.392,74.533,33.727,7.935,6.05,92.258,86.524,1.93,NORMAL
29,2026-06-01 07:15:00+00:00,7,0,0.965926,-0.258819,0.0,1.0,False,False,MORNING,3.0,7.0,11.0,27.0,43.0,50.0,0.0,0.0,0.0,5.04,3.211,82.59,6.83,82.587,85.318,17.41,1.17,10.8,24.85,80.469,75.54,5.97,3.6,17.43,1.72,35.462,0.16,100.0,34.127,False,,0.0,66.145,0.0,0.0,0.0,0.0,0.0,4.0,0.16,0.04,8.0,0.0,86.785,83.484,73.473,69.264,35.339,74.592,34.714,31.0,0.0,88.285,83.981,74.8,70.481,37.584,100.0,35.314,3.825,4.133,90.538,86.584,1.77,NORMAL
30,2026-06-01 07:30:00+00:00,7,0,0.965926,-0.258819,0.0,1.0,False,False,MORNING,5.0,8.0,15.0,32.0,46.0,55.0,0.0,0.0,0.0,8.4,4.014,83.45,7.06,83.449,88.245,16.55,0.94,11.97,27.41,73.385,69.183,6.25,3.66,17.09,1.78,36.716,0.48,100.0,35.298,False,,0.0,65.42,0.0,0.0,0.0,0.0,0.0,9.0,0.48,0.12,11.0,0.0,87.447,84.154,77.05,72.521,36.324,100.0,34.979,31.0,0.0,90.94,84.284,86.09,80.648,40.102,100.0,36.376,5.04,6.322,90.352,86.279,1.78,NORMAL
31,2026-06-01 07:45:00+00:00,7,0,0.965926,-0.258819,0.0,1.0,False,False,MORNING,2.0,7.0,14.0,34.0,48.0,57.0,0.0,0.0,0.0,3.36,2.848,83.64,6.99,83.643,87.424,16.36,1.01,11.97,27.41,73.555,69.343,5.97,3.7,17.33,1.74,35.797,0.32,77.775,34.97,False,,0.0,63.256,0.0,0.0,0.0,0.0,0.0,6.0,0.32,0.08,12.0,0.0,84.495,83.105,73.082,68.897,35.212,23.333,33.798,31.0,0.0,88.828,84.285,74.119,69.875,40.048,79.358,35.531,1.68,6.847,88.077,85.169,1.46,NORMAL
32,2026-06-01 08:00:00+00:00,8,0,0.866025,-0.5,0.0,1.0,False,False,MORNING,2.0,4.0,12.0,33.0,49.0,59.0,0.0,0.0,0.0,3.36,2.52,83.92,6.93,83.92,86.581,16.08,1.07,11.73,26.88,75.312,70.943,5.7,3.72,17.58,1.7,34.9,0.17,76.183,34.632,False,,0.0,63.327,0.0,0.0,0.0,0.0,0.0,4.0,0.01,0.042,14.0,0.0,84.318,83.105,73.111,68.924,36.392,74.533,33.727,32.0,0.0,89.211,84.969,74.721,70.443,40.375,100.0,35.684,3.36,4.754,86.738,84.927,1.3,NORMAL
33,2026-06-01 08:15:00+00:00,8,0,0.866025,-0.5,0.0,1.0,False,False,MORNING,2.0,4.0,11.0,29.0,50.0,61.0,0.0,0.0,0.0,3.36,5.039,83.48,6.94,83.484,86.785,16.52,1.06,11.96,27.39,73.473,69.264,5.8,3.74,17.46,1.72,35.339,0.01,74.592,34.714,False,,0.0,62.746,0.0,0.0,0.0,0.0,0.0,0.0,-0.15,0.002,16.0,0.0,88.285,83.981,74.8,70.481,37.584,100.0,35.314,30.0,0.0,86.018,84.089,74.035,69.792,40.818,24.975,34.407,8.437,6.211,88.701,85.327,1.78,NORMAL
34,2026-06-01 08:30:00+00:00,8,0,0.866025,-0.5,0.0,1.0,False,False,MORNING,4.0,6.0,10.0,31.0,52.0,65.0,0.0,0.0,0.0,6.72,3.829,84.15,7.0,84.154,87.447,15.85,1.0,11.5,26.37,77.05,72.521,6.05,3.76,17.19,1.77,36.324,0.17,100.0,34.979,False,,0.0,66.221,0.0,0.0,0.0,0.0,0.0,-5.0,-0.31,0.042,11.0,0.0,90.94,84.284,86.09,80.648,40.102,100.0,36.376,33.0,0.0,88.741,84.871,74.635,70.361,39.457,100.0,35.496,6.683,5.038,90.033,85.632,1.78,NORMAL
35,2026-06-01 08:45:00+00:00,8,0,0.866025,-0.5,0.0,1.0,False,False,MORNING,0.0,4.0,8.0,30.0,51.0,65.0,0.0,0.0,0.0,0.0,5.141,83.1,6.76,83.105,84.495,16.9,1.24,11.97,27.41,73.082,68.897,5.75,3.75,17.49,1.71,35.212,0.0,23.333,33.798,False,,0.0,57.489,0.0,0.0,0.0,0.0,0.0,-6.0,-0.32,0.0,11.0,0.0,88.828,84.285,74.119,69.875,40.048,79.358,35.531,30.0,0.0,88.788,84.834,90.806,84.881,38.589,100.0,35.515,5.04,6.026,90.595,85.34,1.78,NORMAL
36,2026-06-01 09:00:00+00:00,9,0,0.707107,-0.707107,0.0,1.0,False,False,MORNING,2.0,2.0,8.0,28.0,53.0,67.0,0.0,0.0,0.0,3.36,3.415,83.11,6.75,83.105,84.318,16.89,1.25,11.97,27.4,73.111,68.924,6.08,3.74,17.17,1.77,36.392,0.0,74.533,33.727,False,,0.0,62.174,0.0,0.0,0.0,0.0,0.0,-4.0,-0.17,0.0,12.0,0.0,89.211,84.969,74.721,70.443,40.375,100.0,35.684,31.0,1.97,90.776,85.684,88.221,82.653,38.397,100.0,48.154,5.04,3.762,89.978,85.709,1.78,NORMAL
37,2026-06-01 09:15:00+00:00,9,0,0.707107,-0.707107,0.0,1.0,False,False,MORNING,5.0,7.0,11.0,33.0,55.0,72.0,0.0,0.0,0.0,8.4,3.627,83.98,7.06,83.981,88.285,16.02,0.94,11.82,27.08,74.8,70.481,6.38,3.77,16.85,1.83,37.584,0.32,100.0,35.314,False,,0.0,65.949,0.0,0.0,0.0,0.0,0.0,0.0,0.31,0.08,15.0,0.0,86.018,84.089,74.035,69.792,40.818,24.975,34.407,29.0,2.15,92.762,86.019,76.495,72.115,38.792,100.0,50.009,3.36,4.803,89.32,85.401,1.62,NORMAL
38,2026-06-01 09:30:00+00:00,9,0,0.707107,-0.707107,0.0,1.0,False,False,MORNING,5.0,10.0,12.0,37.0,60.0,77.0,0.0,0.0,0.0,8.4,6.339,84.28,7.28,84.284,90.94,15.72,0.72,10.31,23.75,86.09,80.648,7.01,3.82,16.17,1.95,40.102,0.64,100.0,36.376,False,,0.0,69.348,0.0,0.0,0.0,0.0,0.0,2.0,0.47,0.16,20.0,0.0,88.741,84.871,74.635,70.361,39.457,100.0,35.496,26.0,2.42,94.343,86.637,77.144,72.727,38.886,100.0,52.238,5.04,6.177,88.974,85.144,1.62,NORMAL
39,2026-06-01 09:45:00+00:00,9,0,0.707107,-0.707107,0.0,1.0,False,False,MORNING,2.0,7.0,14.0,36.0,61.0,79.0,0.0,0.0,0.0,3.36,4.034,84.28,7.11,84.285,88.828,15.72,0.89,11.97,27.41,74.119,69.875,6.98,3.84,16.19,1.95,40.048,0.48,79.358,35.531,False,,0.0,64.334,0.0,0.0,0.0,0.0,0.0,6.0,0.48,0.12,20.0,0.0,88.788,84.834,90.806,84.881,38.589,100.0,35.515,24.0,0.83,94.827,87.189,83.32,78.296,39.405,100.0,42.921,6.72,3.899,89.607,85.799,1.78,NORMAL
40,2026-06-01 10:00:00+00:00,10,0,0.5,-0.866025,0.0,1.0,False,False,MORNING,4.0,6.0,16.0,36.0,62.0,83.0,0.0,0.0,0.0,6.72,3.86,84.97,7.14,84.969,89.211,15.03,0.86,11.97,27.41,74.721,70.443,7.05,3.85,16.1,1.96,40.375,0.64,100.0,35.684,False,,0.0,66.589,0.0,0.0,0.0,0.0,0.0,8.0,0.64,0.16,20.0,1.97,90.776,85.684,88.221,82.653,38.397,100.0,48.154,22.0,0.0,93.699,86.89,76.41,72.035,41.033,90.633,37.48,5.04,4.423,89.988,85.923,1.78,NORMAL
41,2026-06-01 10:15:00+00:00,10,0,0.5,-0.866025,0.0,1.0,False,False,MORNING,0.0,4.0,11.0,33.0,60.0,83.0,0.0,0.0,0.0,0.0,4.543,84.09,6.88,84.089,86.018,15.91,1.12,11.96,27.38,74.035,69.792,7.18,3.84,15.98,1.98,40.818,0.16,24.975,34.407,False,,0.0,58.884,0.0,0.0,0.0,0.0,0.0,0.0,-0.16,0.04,15.0,2.15,92.762,86.019,76.495,72.115,38.792,100.0,50.009,22.0,0.0,92.591,86.46,76.032,71.679,43.531,100.0,37.036,8.025,5.927,91.039,86.364,2.1,NORMAL
42,2026-06-01 10:30:00+00:00,10,0,0.5,-0.866025,0.0,1.0,False,False,MORNING,5.0,5.0,11.0,33.0,65.0,88.0,0.0,0.0,0.0,8.4,4.4,84.87,7.1,84.871,88.741,15.13,0.9,11.97,27.41,74.635,70.361,6.8,3.85,16.35,1.92,39.457,0.49,100.0,35.496,False,,0.0,66.37,0.0,0.0,0.0,0.0,0.0,-1.0,-0.15,0.122,13.0,2.42,94.343,86.637,77.144,72.727,38.886,100.0,52.238,25.0,0.0,91.073,85.9,75.54,71.214,42.601,89.05,36.429,7.095,6.595,91.976,86.413,2.27,NORMAL
43,2026-06-01 10:45:00+00:00,10,0,0.5,-0.866025,0.0,1.0,False,False,MORNING,3.0,8.0,12.0,34.0,68.0,91.0,0.0,0.0,0.0,5.04,5.172,84.83,7.1,84.834,88.788,15.17,0.9,9.83,22.71,90.806,84.881,6.56,3.86,16.58,1.88,38.589,0.49,100.0,35.515,False,,0.0,69.977,0.0,0.0,0.0,0.0,0.0,-2.0,0.01,0.122,10.0,0.83,94.827,87.189,83.32,78.296,39.405,100.0,42.921,26.0,0.0,91.494,86.114,75.854,71.506,41.563,100.0,36.598,3.36,6.161,92.096,85.703,2.11,NORMAL
44,2026-06-01 11:00:00+00:00,11,0,0.258819,-0.965926,0.0,1.0,False,False,MORNING,7.0,10.0,15.0,39.0,72.0,98.0,1.97,0.0,0.0,8.444,4.407,85.68,7.26,85.684,90.776,14.32,0.74,10.33,23.81,88.221,82.653,6.41,3.96,16.63,1.87,38.397,1.13,100.0,48.154,False,,3.7,71.227,1.97,1.97,1.97,0.123,1.97,-1.0,0.49,0.775,11.0,0.0,93.699,86.89,76.41,72.035,41.033,90.633,37.48,25.0,0.28,92.258,86.524,81.106,76.269,42.111,100.0,38.565,8.078,5.732,92.372,86.268,2.43,MODERATE
45,2026-06-01 11:15:00+00:00,11,0,0.258819,-0.965926,0.0,1.0,False,False,MORNING,5.0,12.0,20.0,42.0,71.0,103.0,2.15,0.18,0.0826,8.103,6.131,86.02,7.42,86.019,92.762,13.98,0.58,11.97,27.41,76.495,72.115,6.41,4.06,16.53,1.89,38.792,1.45,100.0,50.009,False,,4.2,69.177,0.17999999999999994,2.15,2.15,0.258,2.15,9.0,1.29,0.9,14.0,0.0,92.591,86.46,76.032,71.679,43.531,100.0,37.036,23.0,0.0,90.538,86.584,83.972,78.845,41.218,92.275,36.215,3.682,5.922,91.191,85.802,2.27,NORMAL
46,2026-06-01 11:30:00+00:00,11,0,0.258819,-0.965926,0.0,1.0,False,False,MORNING,5.0,10.0,20.0,43.0,74.0,108.0,2.42,0.19,0.0801,7.953,4.975,86.64,7.55,86.637,94.343,13.36,0.45,11.97,27.41,77.144,72.727,6.33,4.17,16.5,1.89,38.886,1.77,100.0,52.238,False,,4.9,69.962,0.27,0.44999999999999996,2.42,0.409,2.42,9.0,1.28,1.047,13.0,0.0,91.073,85.9,75.54,71.214,42.601,89.05,36.429,23.0,0.0,90.352,86.279,84.824,79.597,39.103,100.0,36.141,6.72,5.062,91.516,86.191,2.43,NORMAL
47,2026-06-01 11:45:00+00:00,11,0,0.258819,-0.965926,0.0,1.0,False,False,MORNING,3.0,8.0,20.0,46.0,76.0,111.0,0.83,0.22,0.2175,7.703,5.34,87.19,7.59,87.189,94.827,12.81,0.41,11.06,25.42,83.32,78.296,6.44,4.2,16.36,1.92,39.405,1.77,100.0,42.921,False,,1.7,70.619,-1.5899999999999999,-1.3199999999999998,0.83,0.461,2.42,8.0,1.28,0.65,14.0,0.0,91.494,86.114,75.854,71.506,41.563,100.0,36.598,23.0,0.0,88.077,85.169,74.897,70.608,38.283,63.492,35.231,1.68,5.167,89.975,85.442,2.11,MODERATE
48,2026-06-01 12:00:00+00:00,12,0,0.0,-1.0,0.0,1.0,False,False,MORNING,2.0,5.0,15.0,46.0,74.0,113.0,0.0,0.07,0.0749,4.757,6.315,86.89,7.5,86.89,93.699,13.11,0.5,11.97,27.41,76.41,72.035,6.9,4.18,15.92,1.99,41.033,1.61,90.633,37.48,False,,0.0,67.519,-0.83,-2.42,-1.97,0.461,2.42,0.0,0.48,0.402,11.0,0.28,92.258,86.524,81.106,76.269,42.111,100.0,38.565,26.0,0.0,86.738,84.927,87.687,83.38,39.817,87.5,34.695,6.72,4.84,91.428,85.796,2.27,NORMAL
49,2026-06-01 12:15:00+00:00,12,0,0.0,-1.0,0.0,1.0,False,False,MORNING,3.0,5.0,13.0,44.0,77.0,116.0,0.0,0.0,0.0,5.04,7.113,86.46,7.41,86.46,92.591,13.54,0.59,11.97,27.41,76.032,71.679,7.59,4.16,15.25,2.12,43.531,1.61,100.0,37.036,False,,0.0,68.183,0.0,-0.83,-2.15,0.461,2.42,-7.0,0.16,0.402,8.0,0.0,90.538,86.584,83.972,78.845,41.218,92.275,36.215,27.0,0.98,88.701,85.327,87.993,83.687,39.224,100.0,41.348,6.72,5.526,92.76,85.988,2.43,NORMAL
50,2026-06-01 12:30:00+00:00,12,0,0.0,-1.0,0.0,1.0,False,False,MORNING,2.0,5.0,10.0,41.0,78.0,118.0,0.0,0.0,0.0,3.36,6.086,85.9,7.29,85.9,91.073,14.1,0.71,11.97,27.41,75.54,71.214,7.37,4.13,15.5,2.07,42.601,1.45,89.05,36.429,False,,0.0,66.572,0.0,0.0,-2.42,0.461,2.42,-10.0,-0.32,0.362,12.0,0.0,90.352,86.279,84.824,79.597,39.103,100.0,36.141,26.0,0.0,90.033,85.632,87.854,83.555,39.453,100.0,36.013,7.964,4.781,94.314,86.659,3.07,NORMAL
51,2026-06-01 12:45:00+00:00,12,0,0.0,-1.0,0.0,1.0,False,False,MORNING,4.0,6.0,11.0,43.0,79.0,122.0,0.0,0.0,0.0,6.72,5.731,86.11,7.32,86.114,91.494,13.89,0.68,11.95,27.37,75.854,71.506,7.11,4.11,15.78,2.02,41.563,1.61,100.0,36.598,False,,0.0,67.668,0.0,0.0,-0.83,0.461,2.42,-9.0,-0.16,0.402,12.0,0.0,88.077,85.169,74.897,70.608,38.283,63.492,35.231,27.0,0.0,90.595,85.34,100.0,99.696,38.956,100.0,36.238,7.695,5.518,95.641,87.097,3.07,NORMAL
52,2026-06-01 13:00:00+00:00,13,0,-0.258819,-0.965926,0.0,1.0,False,False,MORNING,5.0,9.0,14.0,44.0,80.0,127.0,0.28,0.0,0.0,7.935,6.05,86.52,7.38,86.524,92.258,13.48,0.62,11.25,25.82,81.106,76.269,7.26,4.11,15.63,2.05,42.111,1.93,100.0,38.565,False,,0.6,69.341,0.28,0.28,0.28,0.478,2.42,-1.0,0.32,0.552,14.0,0.0,86.738,84.927,87.687,83.38,39.817,87.5,34.695,26.0,0.0,89.978,85.709,87.934,83.631,38.533,100.0,35.991,7.515,5.311,95.757,87.639,3.23,NORMAL
53,2026-06-01 13:15:00+00:00,13,0,-0.258819,-0.965926,0.0,1.0,False,False,MORNING,2.0,7.0,13.0,46.0,79.0,129.0,0.0,0.02,0.0249,3.825,4.133,86.58,7.24,86.584,90.538,13.42,0.76,10.85,24.96,83.972,78.845,7.04,4.08,15.87,2.0,41.218,1.77,92.275,36.215,False,,0.0,68.708,-0.28,0.0,0.0,0.478,2.42,0.0,0.16,0.442,15.0,0.98,88.701,85.327,87.993,83.687,39.224,100.0,41.348,28.0,0.0,89.32,85.401,87.618,83.331,37.616,90.742,35.728,7.314,6.632,96.761,87.729,3.71,NORMAL
54,2026-06-01 13:30:00+00:00,13,0,-0.258819,-0.965926,0.0,1.0,False,False,MORNING,3.0,5.0,14.0,44.0,77.0,132.0,0.0,0.0,0.0,5.04,6.322,86.28,7.23,86.279,90.352,13.72,0.77,10.71,24.63,84.824,79.597,6.5,4.06,16.44,1.9,39.103,1.78,100.0,36.141,False,,0.0,69.302,0.0,-0.28,0.0,0.478,2.42,4.0,0.33,0.445,11.0,0.0,90.033,85.632,87.854,83.555,39.453,100.0,36.013,28.0,0.0,88.974,85.144,90.238,85.735,37.324,100.0,35.59,7.267,5.451,97.685,88.109,3.88,NORMAL
55,2026-06-01 13:45:00+00:00,13,0,-0.258819,-0.965926,0.0,1.0,False,False,MORNING,1.0,4.0,11.0,42.0,76.0,133.0,0.0,0.0,0.0,1.68,6.847,85.17,7.05,85.169,88.077,14.83,0.95,11.97,27.41,74.897,70.608,6.31,4.03,16.66,1.86,38.283,1.46,63.492,35.231,False,,0.0,62.973,0.0,0.0,0.0,0.478,2.42,0.0,-0.15,0.365,11.0,0.0,90.595,85.34,100.0,99.696,38.956,100.0,36.238,29.0,0.0,89.607,85.799,88.026,83.719,38.696,100.0,35.843,7.114,5.783,96.579,88.531,4.2,NORMAL
56,2026-06-01 14:00:00+00:00,14,0,-0.5,-0.866025,0.0,1.0,False,False,EVENING,2.0,3.0,8.0,37.0,76.0,135.0,0.0,0.0,0.0,3.36,4.754,84.93,6.94,84.927,86.738,15.07,1.06,10.2,23.15,87.687,83.38,6.77,3.98,16.25,1.94,39.817,1.3,87.5,34.695,False,,0.0,68.018,0.0,0.0,-0.28,0.478,2.42,-6.0,-0.63,0.325,12.0,0.0,89.978,85.709,87.934,83.631,38.533,100.0,35.991,26.0,0.0,89.988,85.923,88.153,83.84,39.282,100.0,35.995,6.973,5.966,95.664,88.856,4.2,NORMAL
57,2026-06-01 14:15:00+00:00,14,0,-0.5,-0.866025,0.0,1.0,False,False,EVENING,6.0,8.0,12.0,38.0,80.0,141.0,0.98,0.0,0.0,8.437,6.211,85.33,7.1,85.327,88.701,14.67,0.9,10.26,23.29,87.993,83.687,6.59,4.0,16.41,1.91,39.224,1.78,100.0,41.348,False,,1.8,70.271,0.98,0.98,0.98,0.539,2.42,-1.0,0.01,0.69,12.0,0.0,89.32,85.401,87.618,83.331,37.616,90.742,35.728,27.0,0.22,91.039,86.364,88.708,84.367,40.174,100.0,37.753,6.865,7.707,97.018,88.537,4.68,MODERATE
58,2026-06-01 14:30:00+00:00,14,0,-0.5,-0.866025,0.0,1.0,False,False,EVENING,3.0,9.0,12.0,36.0,79.0,144.0,0.0,0.09,0.088,6.683,5.038,85.63,7.2,85.632,90.033,14.37,0.8,10.26,23.29,87.854,83.555,6.66,3.99,16.35,1.92,39.453,1.78,100.0,36.013,False,,0.0,69.965,-0.98,0.0,0.0,0.539,2.42,-2.0,0.0,0.445,15.0,0.0,88.974,85.144,90.238,85.735,37.324,100.0,35.59,26.0,0.0,91.976,86.413,88.656,84.318,40.938,100.0,36.79,6.813,6.4,96.743,88.662,4.36,NORMAL
59,2026-06-01 14:45:00+00:00,14,0,-0.5,-0.866025,0.0,1.0,False,False,EVENING,3.0,6.0,14.0,36.0,82.0,147.0,0.0,0.0,0.0,5.04,6.026,85.34,7.25,85.34,90.595,14.66,0.75,8.52,19.45,100.0,99.696,6.53,3.99,16.48,1.89,38.956,1.78,100.0,36.238,False,,0.0,73.363,0.0,-0.98,0.0,0.539,2.42,3.0,0.32,0.445,16.0,0.0,89.607,85.799,88.026,83.719,38.696,100.0,35.843,29.0,0.0,92.096,85.703,100.0,95.189,43.674,95.592,36.838,5.04,6.403,95.164,88.448,4.36,MODERATE
60,2026-06-01 15:00:00+00:00,15,0,-0.707107,-0.707107,0.0,1.0,False,False,EVENING,3.0,6.0,15.0,37.0,83.0,150.0,0.0,0.0,0.0,5.04,3.762,85.71,7.2,85.709,89.978,14.29,0.8,10.26,23.29,87.934,83.631,6.42,3.99,16.6,1.87,38.533,1.78,100.0,35.991,False,,0.0,69.907,0.0,0.0,0.0,0.416,2.42,7.0,0.48,0.445,14.0,0.0,89.988,85.923,88.153,83.84,39.282,100.0,35.995,30.0,0.19,92.372,86.268,88.595,84.26,43.619,100.0,38.098,6.72,6.819,94.865,88.447,4.52,NORMAL
61,2026-06-01 15:15:00+00:00,15,0,-0.707107,-0.707107,0.0,1.0,False,False,EVENING,2.0,5.0,11.0,36.0,80.0,152.0,0.0,0.0,0.0,3.36,4.803,85.4,7.15,85.401,89.32,14.6,0.85,10.26,23.29,87.618,83.331,6.18,3.97,16.84,1.83,37.616,1.62,90.742,35.728,False,,0.0,68.718,0.0,0.0,-0.98,0.282,2.42,-1.0,-0.16,0.405,16.0,0.22,91.039,86.364,88.708,84.367,40.174,100.0,37.753,29.0,0.0,91.191,85.802,100.0,95.071,43.044,97.208,36.477,5.04,7.167,93.632,88.014,4.52,NORMAL
62,2026-06-01 15:30:00+00:00,15,0,-0.707107,-0.707107,0.0,1.0,False,False,EVENING,3.0,5.0,11.0,37.0,78.0,155.0,0.0,0.0,0.0,5.04,6.177,85.14,7.12,85.144,88.974,14.86,0.88,9.93,22.57,90.238,85.735,6.11,3.96,16.92,1.81,37.324,1.62,100.0,35.59,False,,0.0,70.002,0.0,0.0,0.0,0.131,0.98,-1.0,-0.16,0.405,13.0,0.0,91.976,86.413,88.656,84.318,40.938,100.0,36.79,33.0,0.0,91.516,86.191,88.428,84.101,42.317,100.0,36.607,5.04,6.283,93.427,87.719,4.52,MODERATE
63,2026-06-01 15:45:00+00:00,15,0,-0.707107,-0.707107,0.0,1.0,False,False,EVENING,4.0,7.0,12.0,37.0,80.0,159.0,0.0,0.0,0.0,6.72,3.899,85.8,7.17,85.799,89.607,14.2,0.83,10.26,23.29,88.026,83.719,6.49,3.96,16.55,1.88,38.696,1.78,100.0,35.843,False,,0.0,69.889,0.0,0.0,0.0,0.079,0.98,-2.0,0.0,0.445,13.0,0.0,92.096,85.703,100.0,95.189,43.674,95.592,36.838,33.0,0.0,89.975,85.442,100.0,100.0,40.513,70.025,35.99,3.36,4.63,92.512,87.475,4.36,NORMAL
64,2026-06-01 16:00:00+00:00,16,0,-0.866025,-0.5,0.0,1.0,False,False,EVENING,3.0,7.0,12.0,35.0,79.0,162.0,0.0,0.0,0.0,5.04,4.423,85.92,7.2,85.923,89.988,14.08,0.8,10.26,23.29,88.153,83.84,6.65,3.96,16.39,1.91,39.282,1.78,100.0,35.995,False,,0.0,70.075,0.0,0.0,0.0,0.079,0.98,-3.0,0.0,0.445,12.0,0.19,92.372,86.268,88.595,84.26,43.619,100.0,38.098,37.0,0.0,91.428,85.796,88.023,83.716,41.735,100.0,36.571,0.0,5.471,89.44,86.353,3.88,MODERATE
65,2026-06-01 16:15:00+00:00,16,0,-0.866025,-0.5,0.0,1.0,False,False,EVENING,5.0,8.0,15.0,38.0,84.0,167.0,0.22,0.0,0.0,8.025,5.927,86.36,7.28,86.364,91.039,13.64,0.72,10.26,23.29,88.708,84.367,6.87,3.98,16.15,1.95,40.174,2.1,100.0,37.753,False,,0.4,70.733,0.22,0.22,0.22,0.092,0.98,4.0,0.48,0.58,11.0,0.0,91.191,85.802,100.0,95.071,43.044,97.208,36.477,36.0,0.0,92.76,85.988,100.0,98.486,40.941,100.0,37.104,5.04,5.514,89.951,86.194,3.88,MODERATE
66,2026-06-01 16:30:00+00:00,16,0,-0.866025,-0.5,0.0,1.0,False,False,EVENING,4.0,9.0,16.0,39.0,83.0,171.0,0.0,0.02,0.0201,7.095,6.595,86.41,7.36,86.413,91.976,13.59,0.64,10.26,23.29,88.656,84.318,7.06,3.99,15.95,1.99,40.938,2.27,100.0,36.79,False,,0.0,70.847,-0.22,0.0,0.0,0.092,0.98,5.0,0.65,0.568,13.0,0.0,91.516,86.191,88.428,84.101,42.317,100.0,36.607,38.0,2.26,94.314,86.659,100.0,100.0,42.398,100.0,51.282,3.36,4.208,88.874,86.068,3.72,MODERATE
67,2026-06-01 16:45:00+00:00,16,0,-0.866025,-0.5,0.0,1.0,False,False,EVENING,2.0,6.0,14.0,40.0,82.0,173.0,0.0,0.0,0.0,3.36,6.161,85.7,7.37,85.703,92.096,14.3,0.63,8.97,20.46,100.0,95.189,7.79,4.0,15.21,2.12,43.674,2.11,95.592,36.838,False,,0.0,73.23,0.0,-0.22,0.0,0.092,0.98,2.0,0.33,0.528,16.0,0.0,89.975,85.442,100.0,100.0,40.513,70.025,35.99,32.0,0.68,95.641,87.097,89.672,85.284,42.024,100.0,42.33,0.0,5.085,86.112,85.018,3.25,MODERATE
68,2026-06-01 17:00:00+00:00,17,0,-0.965926,-0.258819,0.0,1.0,False,False,EVENING,5.0,7.0,16.0,43.0,80.0,178.0,0.19,0.0,0.0,8.078,5.732,86.27,7.39,86.268,92.372,13.73,0.61,10.26,23.29,88.595,84.26,7.76,4.02,15.22,2.12,43.619,2.43,100.0,38.098,False,,0.4,71.243,0.19,0.19,0.19,0.087,0.98,4.0,0.65,0.655,18.0,0.0,91.428,85.796,88.023,83.716,41.735,100.0,36.571,32.0,0.21,95.757,87.639,90.009,85.605,42.263,100.0,39.536,8.412,4.757,88.047,85.777,3.73,MODERATE
69,2026-06-01 17:15:00+00:00,17,0,-0.965926,-0.258819,0.0,1.0,False,False,EVENING,2.0,7.0,13.0,39.0,77.0,180.0,0.0,0.02,0.0172,3.682,5.922,85.8,7.3,85.802,91.191,14.2,0.7,9.0,20.51,100.0,95.071,7.6,4.02,15.38,2.09,43.044,2.27,97.208,36.477,False,,0.0,73.146,-0.19,0.0,-0.22,0.087,0.98,-2.0,0.17,0.568,18.0,0.0,92.76,85.988,100.0,98.486,40.941,100.0,37.104,32.0,1.85,96.761,87.729,90.862,86.416,40.575,100.0,49.817,5.028,4.736,89.016,85.772,3.57,MODERATE
70,2026-06-01 17:30:00+00:00,17,0,-0.965926,-0.258819,0.0,1.0,False,False,EVENING,4.0,6.0,13.0,40.0,76.0,184.0,0.0,0.0,0.0,6.72,5.062,86.19,7.32,86.191,91.516,13.81,0.68,10.26,23.29,88.428,84.101,7.4,4.02,15.57,2.06,42.317,2.43,100.0,36.607,False,,0.0,70.777,0.0,-0.19,0.0,0.087,0.98,-3.0,0.16,0.608,20.0,2.26,94.314,86.659,100.0,100.0,42.398,100.0,51.282,29.0,1.53,97.685,88.109,100.0,94.944,42.218,100.0,48.234,6.72,4.983,90.168,86.114,3.73,MODERATE
71,2026-06-01 17:45:00+00:00,17,0,-0.965926,-0.258819,0.0,1.0,False,False,EVENING,1.0,5.0,12.0,38.0,74.0,185.0,0.0,0.0,0.0,1.68,5.167,85.44,7.2,85.442,89.975,14.56,0.8,8.13,18.61,100.0,100.0,6.93,4.01,16.06,1.97,40.513,2.11,70.025,35.99,False,,0.0,70.741,0.0,0.0,0.0,0.087,0.98,-2.0,0.0,0.528,17.0,0.68,95.641,87.097,89.672,85.284,42.024,100.0,42.33,28.0,2.29,96.579,88.531,91.887,87.391,43.132,100.0,52.385,6.72,5.932,90.412,86.291,3.89,MODERATE
72,2026-06-01 18:00:00+00:00,18,0,-1.0,-0.0,0.0,1.0,False,False,EVENING,4.0,5.0,11.0,39.0,76.0,189.0,0.0,0.0,0.0,6.72,4.84,85.8,7.31,85.796,91.428,14.2,0.69,10.26,23.29,88.023,83.716,7.26,4.01,15.73,2.03,41.735,2.27,100.0,36.571,False,,0.0,70.526,0.0,0.0,-0.19,0.087,0.98,-5.0,-0.16,0.568,19.0,0.21,95.757,87.639,90.009,85.605,42.263,100.0,39.536,25.0,1.14,95.664,88.856,91.689,87.203,42.859,100.0,45.115,1.68,5.789,87.992,85.458,3.57,MODERATE
73,2026-06-01 18:15:00+00:00,18,0,-1.0,-0.0,0.0,1.0,False,False,EVENING,4.0,8.0,13.0,41.0,77.0,193.0,0.0,0.0,0.0,6.72,5.526,85.99,7.42,85.988,92.76,14.01,0.58,8.69,19.84,100.0,98.486,7.03,4.03,15.95,1.99,40.941,2.43,100.0,37.104,False,,0.0,73.972,0.0,0.0,0.0,0.026,0.22,0.0,0.16,0.608,18.0,1.85,96.761,87.729,90.862,86.416,40.575,100.0,49.817,22.0,3.06,97.018,88.537,92.246,87.732,44.049,100.0,57.138,3.36,5.054,88.369,85.004,3.41,MODERATE
74,2026-06-01 18:30:00+00:00,18,0,-1.0,-0.0,0.0,1.0,False,False,EVENING,7.0,11.0,16.0,45.0,82.0,200.0,2.26,0.0,0.0,7.964,4.781,86.66,7.55,86.659,94.314,13.34,0.45,7.61,17.46,100.0,100.0,7.32,4.13,15.55,2.06,42.398,3.07,100.0,51.282,False,,4.5,76.19,2.26,2.26,2.26,0.167,2.26,3.0,0.64,1.332,18.0,1.53,97.685,88.109,100.0,94.944,42.218,100.0,48.234,19.0,0.0,96.743,88.662,90.964,86.513,43.729,92.517,38.697,1.68,6.203,87.362,83.954,3.09,MODERATE
75,2026-06-01 18:45:00+00:00,18,0,-1.0,-0.0,0.0,1.0,False,False,EVENING,3.0,10.0,18.0,44.0,81.0,203.0,0.68,0.2,0.2033,7.695,5.518,87.1,7.65,87.097,95.641,12.9,0.35,10.26,23.29,89.672,85.284,7.17,4.17,15.65,2.04,42.024,3.07,100.0,42.33,False,,1.4,72.502,-1.5799999999999996,0.68,0.68,0.209,2.26,6.0,0.96,0.938,15.0,2.29,96.579,88.531,91.887,87.391,43.132,100.0,52.385,20.0,0.0,95.164,88.448,90.744,86.303,42.614,100.0,38.065,1.68,3.578,85.73,83.61,2.77,MODERATE
76,2026-06-01 19:00:00+00:00,19,0,-0.965926,0.258819,0.0,1.0,False,False,EVENING,4.0,7.0,18.0,45.0,80.0,207.0,0.21,0.06,0.0611,7.515,5.311,87.64,7.66,87.639,95.757,12.36,0.34,10.26,23.29,90.009,85.605,7.22,4.19,15.59,2.05,42.263,3.23,100.0,39.536,False,,0.4,72.444,-0.4700000000000001,-2.05,0.21,0.222,2.26,7.0,0.96,0.86,13.0,1.14,95.664,88.856,91.689,87.203,42.859,100.0,45.115,17.0,0.0,94.865,88.447,90.743,86.302,41.978,100.0,37.946,1.68,4.967,83.262,82.986,2.45,MODERATE
77,2026-06-01 19:15:00+00:00,19,0,-0.965926,0.258819,0.0,1.0,False,False,EVENING,6.0,10.0,20.0,46.0,84.0,213.0,1.85,0.02,0.01,7.314,6.632,87.73,7.74,87.729,96.761,12.27,0.26,10.26,23.29,90.862,86.416,6.69,4.27,16.04,1.97,40.575,3.71,100.0,49.817,False,,4.0,73.762,1.6400000000000001,1.17,1.85,0.338,2.26,7.0,1.28,1.39,14.0,3.06,97.018,88.537,92.246,87.732,44.049,100.0,57.138,19.0,0.0,93.632,88.014,90.298,85.88,40.67,100.0,37.453,3.36,3.487,83.409,82.942,2.29,MODERATE
78,2026-06-01 19:30:00+00:00,19,0,-0.965926,0.258819,0.0,1.0,False,False,EVENING,4.0,10.0,17.0,46.0,85.0,217.0,1.53,0.17,0.1092,7.267,5.451,88.11,7.81,88.109,97.685,11.89,0.19,9.33,21.26,100.0,94.944,7.07,4.33,15.6,2.05,42.218,3.88,100.0,48.234,False,,3.4,76.093,-0.32000000000000006,1.32,-0.7299999999999998,0.434,2.26,1.0,0.81,1.352,11.0,0.0,96.743,88.662,90.964,86.513,43.729,92.517,38.697,18.0,0.0,93.427,87.719,89.996,85.593,40.581,100.0,37.371,5.04,4.883,84.712,82.877,2.29,MODERATE
79,2026-06-01 19:45:00+00:00,19,0,-0.965926,0.258819,0.0,1.0,False,False,EVENING,5.0,9.0,19.0,49.0,89.0,222.0,2.29,0.14,0.0599,7.114,5.783,88.53,7.73,88.531,96.579,11.47,0.27,10.26,23.29,91.887,87.391,7.25,4.4,15.35,2.1,43.132,4.2,100.0,52.385,False,,5.1,74.653,0.76,0.43999999999999995,1.6099999999999999,0.577,2.29,1.0,1.13,1.622,13.0,0.0,95.164,88.448,90.744,86.303,42.614,100.0,38.065,19.0,0.0,92.512,87.475,97.864,92.816,39.658,100.0,37.005,0.0,1.396,83.488,82.626,1.82,MODERATE
80,2026-06-01 20:00:00+00:00,20,0,-0.866025,0.5,0.0,1.0,False,False,EVENING,3.0,8.0,18.0,47.0,90.0,225.0,1.14,0.21,0.1807,6.973,5.966,88.86,7.65,88.856,95.664,11.14,0.35,10.26,23.29,91.689,87.203,7.17,4.4,15.43,2.08,42.859,4.2,100.0,45.115,False,,2.6,73.735,-1.1500000000000001,-0.3900000000000001,0.9299999999999999,0.648,2.29,0.0,0.97,1.335,12.0,0.0,94.865,88.447,90.743,86.302,41.978,100.0,37.946,21.0,0.0,89.44,86.353,100.0,100.0,39.761,62.167,35.776,1.68,1.538,83.217,82.683,1.5,MODERATE
81,2026-06-01 20:15:00+00:00,20,0,-0.866025,0.5,0.0,1.0,False,False,EVENING,6.0,9.0,18.0,51.0,90.0,231.0,3.06,0.1,0.0336,6.865,7.707,88.54,7.76,88.537,97.018,11.46,0.24,10.26,23.29,92.246,87.732,7.41,4.48,15.11,2.14,44.049,4.68,100.0,57.138,False,,7.1,75.402,1.9200000000000002,0.77,1.21,0.826,3.06,-2.0,0.97,1.935,8.0,0.0,93.632,88.014,90.298,85.88,40.67,100.0,37.453,22.0,0.0,89.951,86.194,100.0,100.0,39.686,100.0,35.98,0.0,3.437,81.869,81.932,1.02,MODERATE
82,2026-06-01 20:30:00+00:00,20,0,-0.866025,0.5,0.0,1.0,False,False,EVENING,1.0,7.0,15.0,48.0,88.0,232.0,0.0,0.27,0.275,6.813,6.4,88.66,7.74,88.662,96.743,11.34,0.26,10.26,23.29,90.964,86.513,7.37,4.44,15.19,2.13,43.729,4.36,92.517,38.697,False,,0.0,72.414,-3.06,-1.14,-1.53,0.826,3.06,-2.0,0.48,1.09,8.0,0.0,93.427,87.719,89.996,85.593,40.581,100.0,37.371,21.0,0.0,88.874,86.068,100.0,100.0,39.881,100.0,35.55,1.68,2.533,80.695,81.813,0.7,MODERATE
83,2026-06-01 20:45:00+00:00,20,0,-0.866025,0.5,0.0,1.0,False,False,EVENING,3.0,4.0,13.0,50.0,88.0,235.0,0.0,0.0,0.0,5.04,6.403,88.45,7.61,88.448,95.164,11.55,0.39,10.26,23.29,90.744,86.303,7.12,4.39,15.49,2.07,42.614,4.36,100.0,38.065,False,,0.0,72.572,0.0,-3.06,-2.29,0.826,3.06,-6.0,0.16,1.09,7.0,0.0,92.512,87.475,97.864,92.816,39.658,100.0,37.005,20.0,0.0,86.112,85.018,100.0,100.0,39.898,55.792,34.445,1.68,3.448,81.588,81.299,0.38,MODERATE
84,2026-06-01 21:00:00+00:00,21,0,-0.707107,0.707107,0.0,1.0,False,False,EVENING,4.0,7.0,14.0,50.0,89.0,239.0,0.0,0.0,0.0,6.72,6.819,88.45,7.59,88.447,94.865,11.55,0.41,10.26,23.29,90.743,86.302,6.99,4.35,15.67,2.04,41.978,4.52,100.0,37.946,False,,0.0,72.455,0.0,0.0,-1.14,0.814,3.06,-4.0,0.32,1.13,5.0,0.0,89.44,86.353,100.0,100.0,39.761,62.167,35.776,21.0,0.99,88.047,85.777,100.0,100.0,41.372,100.0,41.175,0.0,2.629,80.146,80.757,0.0,MODERATE
85,2026-06-01 21:15:00+00:00,21,0,-0.707107,0.707107,0.0,1.0,False,False,EVENING,3.0,7.0,11.0,49.0,90.0,242.0,0.0,0.0,0.0,5.04,7.167,88.01,7.49,88.014,93.632,11.99,0.51,10.26,23.29,90.298,85.88,6.68,4.3,16.02,1.98,40.67,4.52,100.0,37.453,False,,0.0,71.891,0.0,0.0,-3.06,0.814,3.06,-7.0,-0.16,1.13,11.0,0.0,89.951,86.194,100.0,100.0,39.686,100.0,35.98,16.0,0.0,89.016,85.772,100.0,100.0,41.075,100.0,35.606,1.68,3.077,79.025,80.498,0.0,MODERATE
86,2026-06-01 21:30:00+00:00,21,0,-0.707107,0.707107,0.0,1.0,False,False,EVENING,3.0,6.0,13.0,45.0,90.0,245.0,0.0,0.0,0.0,5.04,6.283,87.72,7.47,87.719,93.427,12.28,0.53,10.26,23.29,89.996,85.593,6.69,4.26,16.04,1.97,40.581,4.52,100.0,37.371,False,,0.0,71.707,0.0,0.0,0.0,0.814,3.06,-2.0,0.16,1.13,10.0,0.0,88.874,86.068,100.0,100.0,39.881,100.0,35.55,16.0,0.0,90.168,86.114,100.0,100.0,41.349,100.0,36.067,3.36,3.182,80.384,80.434,0.0,MODERATE
87,2026-06-01 21:45:00+00:00,21,0,-0.707107,0.707107,0.0,1.0,False,False,EVENING,2.0,5.0,12.0,44.0,88.0,247.0,0.0,0.0,0.0,3.36,4.63,87.47,7.4,87.475,92.512,12.53,0.6,9.41,21.42,97.864,92.816,6.48,4.22,16.29,1.93,39.658,4.36,100.0,37.005,False,,0.0,73.198,0.0,0.0,0.0,0.814,3.06,-1.0,0.0,1.09,12.0,0.0,86.112,85.018,100.0,100.0,39.898,55.792,34.445,15.0,0.0,90.412,86.291,100.0,100.0,39.665,100.0,36.165,3.36,2.772,81.029,80.529,0.0,MODERATE
88,2026-06-01 22:00:00+00:00,22,0,-0.5,0.866025,0.0,1.0,False,False,NIGHT,0.0,2.0,8.0,40.0,85.0,247.0,0.0,0.0,0.0,0.0,5.471,86.35,7.16,86.353,89.44,13.65,0.84,5.78,16.92,100.0,100.0,6.57,4.17,16.26,1.93,39.761,3.88,62.167,35.776,False,,0.0,70.059,0.0,0.0,0.0,0.814,3.06,-6.0,-0.64,0.97,16.0,0.99,88.047,85.777,100.0,100.0,41.372,100.0,41.175,11.0,0.0,87.992,85.458,100.0,100.0,39.181,84.633,35.197,5.04,3.211,82.833,80.842,0.0,MODERATE
89,2026-06-01 22:15:00+00:00,22,0,-0.5,0.866025,0.0,1.0,False,False,NIGHT,3.0,3.0,8.0,37.0,83.0,250.0,0.0,0.0,0.0,5.04,5.514,86.19,7.2,86.194,89.951,13.81,0.8,6.27,17.99,100.0,100.0,6.59,4.12,16.28,1.93,39.686,3.88,100.0,35.98,False,,0.0,73.525,0.0,0.0,0.0,0.814,3.06,-3.0,-0.64,0.97,11.0,0.0,89.016,85.772,100.0,100.0,41.075,100.0,35.606,11.0,0.0,88.369,85.004,100.0,100.0,39.641,100.0,35.348,1.68,2.791,81.721,80.653,0.0,MODERATE
90,2026-06-01 22:30:00+00:00,22,0,-0.5,0.866025,0.0,1.0,False,False,NIGHT,2.0,5.0,7.0,35.0,81.0,252.0,0.0,0.0,0.0,3.36,4.208,86.07,7.11,86.068,88.874,13.93,0.89,5.92,17.23,100.0,100.0,6.69,4.08,16.23,1.94,39.881,3.72,100.0,35.55,False,,0.0,73.299,0.0,0.0,0.0,0.672,3.06,-6.0,-0.8,0.93,11.0,0.0,90.168,86.114,100.0,100.0,41.349,100.0,36.067,9.0,0.0,87.362,83.954,100.0,100.0,40.413,79.85,34.945,0.0,3.035,81.721,79.895,0.0,MODERATE
91,2026-06-01 22:45:00+00:00,22,0,-0.5,0.866025,0.0,1.0,False,False,NIGHT,0.0,2.0,5.0,30.0,79.0,252.0,0.0,0.0,0.0,0.0,5.085,85.02,6.89,85.018,86.112,14.98,1.11,6.27,17.99,100.0,100.0,6.75,4.02,16.23,1.94,39.898,3.25,55.792,34.445,False,,0.0,68.538,0.0,0.0,0.0,0.63,3.06,-7.0,-1.11,0.812,8.0,0.0,90.412,86.291,100.0,100.0,39.665,100.0,36.165,9.0,0.0,85.73,83.61,100.0,100.0,38.811,76.658,34.292,5.04,0.691,84.278,80.777,0.0,NORMAL
92,2026-06-01 23:00:00+00:00,23,0,-0.258819,0.965926,0.0,1.0,False,False,NIGHT,6.0,6.0,11.0,33.0,80.0,258.0,0.99,0.0,0.0,8.412,4.757,85.78,7.04,85.777,88.047,14.22,0.96,6.27,17.99,100.0,100.0,7.14,4.03,15.83,2.01,41.372,3.73,100.0,41.175,False,,1.9,73.837,0.99,0.99,0.99,0.679,3.06,3.0,-0.15,1.18,5.0,0.0,87.992,85.458,100.0,100.0,39.181,84.633,35.197,9.0,0.0,83.262,82.986,100.0,100.0,37.879,73.467,33.305,8.4,1.973,87.395,82.135,0.32,MODERATE
93,2026-06-01 23:15:00+00:00,23,0,-0.258819,0.965926,0.0,1.0,False,False,NIGHT,2.0,8.0,10.0,29.0,80.0,260.0,0.0,0.09,0.0894,5.028,4.736,85.77,7.12,85.772,89.016,14.23,0.88,6.09,17.59,100.0,100.0,7.08,4.01,15.91,2.0,41.075,3.57,100.0,35.606,False,,0.0,73.37,-0.99,0.0,0.0,0.563,3.06,2.0,-0.31,0.892,5.0,0.0,88.369,85.004,100.0,100.0,39.641,100.0,35.348,8.0,0.0,83.409,82.942,100.0,100.0,38.465,97.475,33.363,1.68,4.501,87.116,81.452,0.0,MODERATE
94,2026-06-01 23:30:00+00:00,23,0,-0.258819,0.965926,0.0,1.0,False,False,NIGHT,4.0,6.0,12.0,32.0,80.0,264.0,0.0,0.0,0.0,6.72,4.983,86.11,7.21,86.114,90.168,13.89,0.79,4.77,14.69,100.0,100.0,7.17,4.0,15.84,2.01,41.349,3.73,100.0,36.067,False,,0.0,73.7,0.0,-0.99,0.0,0.467,3.06,5.0,0.01,0.932,5.0,0.0,87.362,83.954,100.0,100.0,40.413,79.85,34.945,7.0,0.0,84.712,82.877,100.0,100.0,38.101,100.0,33.885,3.36,2.93,86.076,81.642,0.0,MODERATE
95,2026-06-01 23:45:00+00:00,23,0,-0.258819,0.965926,0.0,1.0,False,False,NIGHT,4.0,8.0,16.0,33.0,83.0,268.0,0.0,0.0,0.0,6.72,5.932,86.29,7.23,86.291,90.412,13.71,0.77,6.03,17.46,100.0,100.0,6.71,3.99,16.29,1.93,39.665,3.89,100.0,36.165,False,,0.0,73.636,0.0,0.0,0.0,0.324,3.06,11.0,0.64,0.972,7.0,0.0,85.73,83.61,100.0,100.0,38.811,76.658,34.292,6.0,0.0,83.488,82.626,100.0,100.0,38.288,41.492,33.395,1.68,2.454,85.093,81.528,0.0,MODERATE
96,2026-06-02 00:00:00+00:00,0,1,0.0,1.0,0.781831,0.62349,False,False,NIGHT,1.0,5.0,11.0,30.0,80.0,268.0,0.0,0.0,0.0,1.68,5.789,85.46,7.04,85.458,87.992,14.54,0.96,6.27,17.99,100.0,100.0,6.61,3.97,16.42,1.9,39.181,3.57,84.633,35.197,False,,0.0,71.542,0.0,0.0,-0.99,0.253,3.06,0.0,-0.16,0.892,6.0,0.0,83.262,82.986,100.0,100.0,37.879,73.467,33.305,8.0,0.0,83.217,82.683,100.0,100.0,38.383,63.9,33.287,5.04,3.707,86.173,81.774,0.0,MODERATE
97,2026-06-02 00:15:00+00:00,0,1,0.0,1.0,0.781831,0.62349,False,False,NIGHT,2.0,3.0,11.0,29.0,78.0,269.0,0.0,0.0,0.0,3.36,5.054,85.0,7.07,85.004,88.369,15.0,0.93,6.19,17.82,100.0,100.0,6.75,3.95,16.3,1.93,39.641,3.41,100.0,35.348,False,,0.0,72.942,0.0,0.0,0.0,0.062,0.99,1.0,-0.16,0.852,6.0,0.0,83.409,82.942,100.0,100.0,38.465,97.475,33.363,10.0,0.0,81.869,81.932,100.0,100.0,38.512,33.508,32.748,1.68,3.568,84.661,81.423,0.0,MODERATE
98,2026-06-02 00:30:00+00:00,0,1,0.0,1.0,0.781831,0.62349,False,False,NIGHT,1.0,3.0,8.0,27.0,72.0,269.0,0.0,0.0,0.0,1.68,6.203,83.95,6.99,83.954,87.362,16.05,1.01,5.39,16.05,100.0,100.0,6.98,3.93,16.09,1.96,40.413,3.09,79.85,34.945,False,,0.0,70.766,0.0,0.0,0.0,0.062,0.99,-4.0,-0.64,0.772,4.0,0.0,84.712,82.877,100.0,100.0,38.101,100.0,33.885,11.0,0.0,80.695,81.813,100.0,100.0,37.404,55.917,32.278,8.4,1.537,86.453,82.996,0.32,MODERATE
99,2026-06-02 00:45:00+00:00,0,1,0.0,1.0,0.781831,0.62349,False,False,NIGHT,1.0,2.0,5.0,26.0,70.0,269.0,0.0,0.0,0.0,1.68,3.578,83.61,6.86,83.61,85.73,16.39,1.14,6.27,17.99,100.0,100.0,6.58,3.9,16.52,1.89,38.811,2.77,76.658,34.292,False,,0.0,69.932,0.0,0.0,0.0,0.062,0.99,-11.0,-1.12,0.692,2.0,0.0,83.488,82.626,100.0,100.0,38.288,41.492,33.395,10.0,0.0,81.588,81.299,100.0,100.0,35.905,52.725,32.635,1.68,2.973,84.936,82.794,0.0,NORMAL
100,2026-06-02 01:00:00+00:00,1,1,0.258819,0.965926,0.781831,0.62349,False,False,NIGHT,1.0,2.0,5.0,27.0,67.0,268.0,0.0,0.0,0.0,1.68,4.967,82.99,6.66,82.986,83.262,17.01,1.34,6.27,17.99,100.0,100.0,6.37,3.85,16.77,1.84,37.879,2.45,73.467,33.305,False,,0.0,68.93,0.0,0.0,0.0,0.062,0.99,-6.0,-1.12,0.612,3.0,0.0,83.217,82.683,100.0,100.0,38.383,63.9,33.287,12.0,0.0,80.146,80.757,100.0,100.0,36.649,23.333,32.058,1.68,4.948,84.918,81.978,0.0,NORMAL
101,2026-06-02 01:15:00+00:00,1,1,0.258819,0.965926,0.781831,0.62349,False,False,NIGHT,2.0,3.0,5.0,26.0,63.0,269.0,0.0,0.0,0.0,3.36,3.487,82.94,6.67,82.942,83.409,17.06,1.33,6.27,17.99,100.0,100.0,6.57,3.82,16.61,1.87,38.465,2.29,97.475,33.363,False,,0.0,71.164,0.0,0.0,0.0,0.062,0.99,-6.0,-1.12,0.572,2.0,0.0,81.869,81.932,100.0,100.0,38.512,33.508,32.748,17.0,0.0,79.025,80.498,100.0,100.0,36.692,48.933,31.61,3.36,3.807,84.925,81.866,0.0,MODERATE
102,2026-06-02 01:30:00+00:00,1,1,0.258819,0.965926,0.781831,0.62349,False,False,NIGHT,3.0,5.0,7.0,27.0,62.0,270.0,0.0,0.0,0.0,5.04,4.883,82.88,6.78,82.877,84.712,17.12,1.22,6.13,17.68,100.0,100.0,6.49,3.8,16.71,1.85,38.101,2.29,100.0,33.885,False,,0.0,71.604,0.0,0.0,0.0,0.062,0.99,-1.0,-0.8,0.572,3.0,0.0,80.695,81.813,100.0,100.0,37.404,55.917,32.278,17.0,0.0,80.384,80.434,100.0,100.0,36.752,74.533,32.154,3.36,3.437,84.764,81.86,0.0,MODERATE
103,2026-06-02 01:45:00+00:00,1,1,0.258819,0.965926,0.781831,0.62349,False,False,NIGHT,0.0,3.0,6.0,27.0,57.0,270.0,0.0,0.0,0.0,0.0,1.396,82.63,6.68,82.626,83.488,17.37,1.32,6.19,17.82,100.0,100.0,6.56,3.77,16.66,1.86,38.288,1.82,41.492,33.395,False,,0.0,66.056,0.0,0.0,0.0,0.062,0.99,1.0,-0.95,0.455,4.0,0.0,81.588,81.299,100.0,100.0,35.905,52.725,32.635,17.0,0.0,81.029,80.529,100.0,100.0,36.258,74.533,32.412,1.68,3.009,82.054,81.744,0.0,NORMAL
104,2026-06-02 02:00:00+00:00,2,1,0.5,0.866025,0.781831,0.62349,False,False,NIGHT,1.0,1.0,6.0,22.0,55.0,270.0,0.0,0.0,0.0,1.68,1.538,82.68,6.66,82.683,83.217,17.32,1.34,6.05,17.51,100.0,100.0,6.61,3.75,16.64,1.87,38.383,1.5,63.9,33.287,False,,0.0,68.039,0.0,0.0,0.0,0.062,0.99,1.0,-0.95,0.375,5.0,0.0,80.146,80.757,100.0,100.0,36.649,23.333,32.058,16.0,0.0,82.833,80.842,100.0,100.0,38.317,100.0,33.133,3.36,3.171,83.59,81.669,0.0,NORMAL
105,2026-06-02 02:15:00+00:00,2,1,0.5,0.866025,0.781831,0.62349,False,False,NIGHT,0.0,1.0,4.0,20.0,49.0,269.0,0.0,0.0,0.0,0.0,3.437,81.93,6.55,81.932,81.869,18.07,1.45,6.27,17.99,100.0,100.0,6.68,3.72,16.6,1.87,38.512,1.02,33.508,32.748,False,,0.0,64.881,0.0,0.0,0.0,0.062,0.99,-1.0,-1.27,0.255,8.0,0.0,79.025,80.498,100.0,100.0,36.692,48.933,31.61,16.0,0.0,81.721,80.653,100.0,100.0,37.074,48.933,32.688,5.04,1.647,83.873,82.494,0.0,NORMAL
106,2026-06-02 02:30:00+00:00,2,1,0.5,0.866025,0.781831,0.62349,False,False,NIGHT,1.0,1.0,2.0,17.0,49.0,268.0,0.0,0.0,0.0,1.68,2.533,81.81,6.46,81.813,80.695,18.19,1.54,6.27,17.99,100.0,100.0,6.41,3.69,16.9,1.82,37.404,0.7,55.917,32.278,False,,0.0,66.537,0.0,0.0,0.0,0.062,0.99,-5.0,-1.59,0.175,8.0,0.0,80.384,80.434,100.0,100.0,36.752,74.533,32.154,16.0,0.0,81.721,79.895,100.0,100.0,36.074,23.333,32.688,5.04,1.778,85.793,83.156,0.0,NORMAL
107,2026-06-02 02:45:00+00:00,2,1,0.5,0.866025,0.781831,0.62349,False,False,NIGHT,1.0,2.0,3.0,14.0,47.0,268.0,0.0,0.0,0.0,1.68,3.448,81.3,6.53,81.299,81.588,18.7,1.47,5.75,16.85,100.0,100.0,6.03,3.67,17.31,1.75,35.905,0.38,52.725,32.635,False,,0.0,66.18,0.0,0.0,0.0,0.062,0.99,-3.0,-1.44,0.095,6.0,0.0,81.029,80.529,100.0,100.0,36.258,74.533,32.412,21.0,0.0,84.278,80.777,100.0,100.0,38.062,100.0,33.711,5.04,4.652,86.466,83.199,0.0,NORMAL
108,2026-06-02 03:00:00+00:00,3,1,0.707107,0.707107,0.781831,0.62349,False,False,NIGHT,0.0,1.0,2.0,13.0,43.0,268.0,0.0,0.0,0.0,0.0,2.629,80.76,6.41,80.757,80.146,19.24,1.59,5.28,15.82,100.0,100.0,6.26,3.64,17.1,1.78,36.649,0.0,23.333,32.058,False,,0.0,63.194,0.0,0.0,0.0,0.0,0.0,-4.0,-1.5,0.0,7.0,0.0,82.833,80.842,100.0,100.0,38.317,100.0,33.133,19.0,0.0,87.395,82.135,100.0,100.0,38.013,100.0,34.958,1.68,3.51,86.006,82.779,0.0,NORMAL
109,2026-06-02 03:15:00+00:00,3,1,0.707107,0.707107,0.781831,0.62349,False,False,NIGHT,1.0,1.0,3.0,12.0,41.0,266.0,0.0,0.0,0.0,1.68,3.077,80.5,6.32,80.498,79.025,19.5,1.68,6.27,17.99,100.0,100.0,6.3,3.61,17.09,1.78,36.692,0.0,48.933,31.61,False,,0.0,65.221,0.0,0.0,0.0,0.0,0.0,-1.0,-1.02,0.0,9.0,0.0,81.721,80.653,100.0,100.0,37.074,48.933,32.688,15.0,0.0,87.116,81.452,100.0,100.0,37.351,48.958,34.846,3.36,3.491,86.759,82.685,0.0,NORMAL
110,2026-06-02 03:30:00+00:00,3,1,0.707107,0.707107,0.781831,0.62349,False,False,NIGHT,2.0,3.0,4.0,13.0,40.0,268.0,0.0,0.0,0.0,3.36,3.182,80.43,6.43,80.434,80.384,19.57,1.57,6.05,17.51,100.0,100.0,6.33,3.59,17.08,1.79,36.752,0.0,74.533,32.154,False,,0.0,67.788,0.0,0.0,0.0,0.0,0.0,2.0,-0.7,0.0,9.0,0.0,81.721,79.895,100.0,100.0,36.074,23.333,32.688,16.0,0.0,86.076,81.642,100.0,100.0,37.939,74.533,34.43,8.4,3.182,88.884,83.82,0.32,NORMAL
111,2026-06-02 03:45:00+00:00,3,1,0.707107,0.707107,0.781831,0.62349,False,False,NIGHT,2.0,4.0,5.0,14.0,40.0,269.0,0.0,0.0,0.0,3.36,2.772,80.53,6.48,80.529,81.029,19.47,1.52,4.39,13.86,100.0,100.0,6.2,3.59,17.21,1.76,36.258,0.0,74.533,32.412,False,,0.0,67.893,0.0,0.0,0.0,0.0,0.0,2.0,-0.38,0.0,11.0,0.0,84.278,80.777,100.0,100.0,38.062,100.0,33.711,16.0,0.0,85.093,81.528,100.0,100.0,37.323,48.933,34.037,8.4,3.393,90.048,84.979,0.64,NORMAL
112,2026-06-02 04:00:00+00:00,4,1,0.866025,0.5,0.781831,0.62349,False,False,NIGHT,3.0,5.0,8.0,16.0,43.0,269.0,0.0,0.0,0.0,5.04,3.211,80.84,6.63,80.842,82.833,19.16,1.37,6.27,17.99,100.0,100.0,6.75,3.6,16.65,1.86,38.317,0.0,100.0,33.133,False,,0.0,70.8,0.0,0.0,0.0,0.0,0.0,6.0,0.0,0.0,9.0,0.0,87.395,82.135,100.0,100.0,38.013,100.0,34.958,16.0,0.0,86.173,81.774,71.912,67.794,38.699,100.0,34.469,8.374,4.622,91.773,85.778,1.12,MODERATE
113,2026-06-02 04:15:00+00:00,4,1,0.866025,0.5,0.781831,0.62349,False,False,NIGHT,1.0,4.0,8.0,15.0,41.0,268.0,0.0,0.0,0.0,1.68,2.791,80.65,6.54,80.653,81.721,19.35,1.46,6.27,17.99,100.0,100.0,6.41,3.6,16.99,1.8,37.074,0.0,48.933,32.688,False,,0.0,65.828,0.0,0.0,0.0,0.0,0.0,5.0,0.0,0.0,7.0,0.0,87.116,81.452,100.0,100.0,37.351,48.958,34.846,15.0,0.0,84.661,81.423,82.355,77.183,39.247,48.933,33.864,8.055,4.092,92.404,86.719,1.28,NORMAL
114,2026-06-02 04:30:00+00:00,4,1,0.866025,0.5,0.781831,0.62349,False,False,NIGHT,0.0,1.0,6.0,12.0,39.0,268.0,0.0,0.0,0.0,0.0,3.035,79.89,6.54,79.895,81.721,20.11,1.46,5.94,17.27,100.0,100.0,6.14,3.6,17.26,1.75,36.074,0.0,23.333,32.688,False,,0.0,63.268,0.0,0.0,0.0,0.0,0.0,2.0,0.0,0.0,7.0,0.0,86.076,81.642,100.0,100.0,37.939,74.533,34.43,17.0,0.0,86.453,82.996,72.986,68.807,41.428,100.0,34.581,3.731,6.335,90.693,86.205,1.12,NORMAL
115,2026-06-02 04:45:00+00:00,4,1,0.866025,0.5,0.781831,0.62349,False,False,NIGHT,3.0,3.0,7.0,15.0,42.0,271.0,0.0,0.0,0.0,5.04,0.691,80.78,6.74,80.777,84.278,19.22,1.26,6.27,17.99,100.0,100.0,6.66,3.62,16.72,1.85,38.062,0.0,100.0,33.711,False,,0.0,71.052,0.0,0.0,0.0,0.0,0.0,2.0,0.0,0.0,10.0,0.0,85.093,81.528,100.0,100.0,37.323,48.933,34.037,15.0,0.0,84.936,82.794,72.808,68.639,42.669,48.95,33.974,6.72,6.482,90.555,86.275,1.28,MODERATE
116,2026-06-02 05:00:00+00:00,5,1,0.965926,0.258819,0.781831,0.62349,False,False,NIGHT,5.0,8.0,9.0,19.0,41.0,273.0,0.0,0.0,0.0,8.4,1.973,82.13,6.99,82.135,87.395,17.87,1.01,6.27,17.99,100.0,100.0,6.6,3.66,16.74,1.85,38.013,0.32,100.0,34.958,False,,0.0,71.97,0.0,0.0,0.0,0.0,0.0,1.0,0.32,0.08,10.0,0.0,86.173,81.774,71.912,67.794,38.699,100.0,34.469,17.0,0.0,84.918,81.978,72.198,68.06,43.465,48.933,33.967,1.68,4.946,88.2,85.647,0.97,MODERATE
117,2026-06-02 05:15:00+00:00,5,1,0.965926,0.258819,0.781831,0.62349,False,False,NIGHT,1.0,6.0,9.0,20.0,40.0,268.0,0.0,0.0,0.0,1.68,4.501,81.45,6.97,81.452,87.116,18.55,1.03,5.76,16.87,100.0,100.0,6.39,3.7,16.92,1.82,37.351,0.0,48.958,34.846,False,,0.0,67.11,0.0,0.0,0.0,0.0,0.0,1.0,0.0,0.0,8.0,0.0,84.661,81.423,82.355,77.183,39.247,48.933,33.864,17.0,0.0,84.925,81.866,71.992,67.87,43.246,74.533,33.97,8.152,5.952,90.05,86.049,1.29,NORMAL
118,2026-06-02 05:30:00+00:00,5,1,0.965926,0.258819,0.781831,0.62349,False,False,NIGHT,2.0,3.0,11.0,21.0,38.0,268.0,0.0,0.0,0.0,3.36,2.93,81.64,6.89,81.642,86.076,18.36,1.11,3.91,12.8,100.0,100.0,6.53,3.72,16.76,1.84,37.939,0.0,74.533,34.43,False,,0.0,69.299,0.0,0.0,0.0,0.0,0.0,5.0,0.0,0.0,9.0,0.0,86.453,82.996,72.986,68.807,41.428,100.0,34.581,17.0,0.0,84.764,81.86,75.156,70.73,41.313,74.533,33.905,3.608,5.38,88.484,85.731,1.13,NORMAL
119,2026-06-02 05:45:00+00:00,5,1,0.965926,0.258819,0.781831,0.62349,False,False,NIGHT,1.0,3.0,9.0,21.0,35.0,268.0,0.0,0.0,0.0,1.68,2.454,81.53,6.81,81.528,85.093,18.47,1.19,6.27,17.99,100.0,100.0,6.36,3.72,16.92,1.81,37.323,0.0,48.933,34.037,False,,0.0,66.718,0.0,0.0,0.0,0.0,0.0,2.0,0.0,0.0,6.0,0.0,84.936,82.794,72.808,68.639,42.669,48.95,33.974,20.0,0.0,82.054,81.744,71.885,67.769,38.849,48.933,32.822,6.72,5.767,90.384,85.817,1.29,NORMAL
120,2026-06-02 06:00:00+00:00,6,1,1.0,0.0,0.781831,0.62349,False,False,MORNING,3.0,4.0,7.0,24.0,37.0,267.0,0.0,0.0,0.0,5.04,3.707,81.77,6.89,81.774,86.173,18.23,1.11,11.97,27.41,71.912,67.794,6.71,3.74,16.55,1.88,38.699,0.0,100.0,34.469,False,,0.0,64.473,0.0,0.0,0.0,0.0,0.0,-2.0,-0.32,0.0,6.0,0.0,84.918,81.978,72.198,68.06,43.465,48.933,33.967,24.0,0.0,83.59,81.669,84.281,78.916,38.758,74.533,33.436,5.04,5.888,90.877,85.566,1.29,NORMAL
121,2026-06-02 06:15:00+00:00,6,1,1.0,0.0,0.781831,0.62349,False,False,MORNING,1.0,4.0,7.0,24.0,36.0,268.0,0.0,0.0,0.0,1.68,3.568,81.42,6.77,81.423,84.661,18.58,1.23,10.41,23.98,82.355,77.183,6.86,3.73,16.4,1.91,39.247,0.0,48.933,33.864,False,,0.0,61.926,0.0,0.0,0.0,0.0,0.0,-2.0,0.0,0.0,7.0,0.0,84.925,81.866,71.992,67.87,43.246,74.533,33.97,28.0,0.0,83.873,82.494,75.31,70.892,37.316,100.0,33.549,5.04,4.416,91.214,85.695,1.29,NORMAL
122,2026-06-02 06:30:00+00:00,6,1,1.0,0.0,0.781831,0.62349,False,False,MORNING,5.0,6.0,10.0,27.0,40.0,272.0,0.0,0.0,0.0,8.4,1.537,83.0,6.92,82.996,86.453,17.0,1.08,11.97,27.41,72.986,68.807,7.44,3.75,15.81,2.01,41.428,0.32,100.0,34.581,False,,0.0,65.293,0.0,0.0,0.0,0.0,0.0,-1.0,0.32,0.08,8.0,0.0,84.764,81.86,75.156,70.73,41.313,74.533,33.905,29.0,0.0,85.793,83.156,79.028,74.267,36.614,100.0,34.317,3.36,4.705,90.283,85.433,1.13,NORMAL
123,2026-06-02 06:45:00+00:00,6,1,1.0,0.0,0.781831,0.62349,False,False,MORNING,1.0,6.0,10.0,26.0,40.0,270.0,0.0,0.0,0.0,1.68,2.973,82.79,6.79,82.794,84.936,17.21,1.21,11.97,27.41,72.808,68.639,7.78,3.75,15.48,2.07,42.669,0.0,48.95,33.974,False,,0.0,60.421,0.0,0.0,0.0,0.0,0.0,1.0,0.0,0.0,9.0,0.0,82.054,81.744,71.885,67.769,38.849,48.933,32.822,28.0,0.0,86.466,83.199,76.455,71.95,36.647,100.0,34.587,6.72,4.683,90.903,85.893,1.29,NORMAL
124,2026-06-02 07:00:00+00:00,7,1,0.965926,-0.258819,0.781831,0.62349,False,False,MORNING,1.0,2.0,8.0,24.0,40.0,267.0,0.0,0.0,0.0,1.68,4.948,81.98,6.79,81.978,84.918,18.02,1.21,11.95,27.37,72.198,68.06,7.99,3.74,15.26,2.11,43.465,0.0,48.933,33.967,False,,0.0,60.166,0.0,0.0,0.0,0.0,0.0,1.0,0.0,0.0,11.0,0.0,83.59,81.669,84.281,78.916,38.758,74.533,33.436,29.0,0.0,86.006,82.779,72.795,68.627,35.53,48.933,34.402,6.72,5.214,91.104,86.253,1.45,NORMAL
125,2026-06-02 07:15:00+00:00,7,1,0.965926,-0.258819,0.781831,0.62349,False,False,MORNING,2.0,3.0,9.0,25.0,40.0,266.0,0.0,0.0,0.0,3.36,3.807,81.87,6.79,81.866,84.925,18.13,1.21,11.97,27.41,71.992,67.87,7.93,3.74,15.32,2.1,43.246,0.0,74.533,33.97,False,,0.0,62.379,0.0,0.0,0.0,0.0,0.0,2.0,0.0,0.0,10.0,0.0,83.873,82.494,75.31,70.892,37.316,100.0,33.549,29.0,0.0,86.759,82.685,72.713,68.549,35.473,74.533,34.704,7.888,4.417,91.905,87.057,1.77,NORMAL
126,2026-06-02 07:30:00+00:00,7,1,0.965926,-0.258819,0.781831,0.62349,False,False,MORNING,2.0,4.0,6.0,27.0,39.0,263.0,0.0,0.0,0.0,3.36,3.437,81.86,6.78,81.86,84.764,18.14,1.22,11.47,26.3,75.156,70.73,7.41,3.74,15.85,2.01,41.313,0.0,74.533,33.905,False,,0.0,62.894,0.0,0.0,0.0,0.0,0.0,-4.0,-0.32,0.0,9.0,0.0,85.793,83.156,79.028,74.267,36.614,100.0,34.317,32.0,0.0,88.884,83.82,73.71,69.49,37.202,100.0,35.554,5.552,6.215,92.513,86.842,1.77,NORMAL
127,2026-06-02 07:45:00+00:00,7,1,0.965926,-0.258819,0.781831,0.62349,False,False,MORNING,1.0,3.0,6.0,25.0,40.0,262.0,0.0,0.0,0.0,1.68,3.009,81.74,6.56,81.744,82.054,18.26,1.44,11.97,27.41,71.885,67.769,6.78,3.71,16.51,1.89,38.849,0.0,48.933,32.822,False,,0.0,59.053,0.0,0.0,0.0,0.0,0.0,-4.0,0.0,0.0,11.0,0.0,86.466,83.199,76.455,71.95,36.647,100.0,34.587,29.0,0.0,90.048,84.979,74.729,70.45,38.25,100.0,36.019,6.72,5.539,93.013,87.098,1.94,NORMAL
128,2026-06-02 08:00:00+00:00,8,1,0.866025,-0.5,0.781831,0.62349,False,False,MORNING,2.0,3.0,7.0,22.0,41.0,262.0,0.0,0.0,0.0,3.36,3.171,81.67,6.69,81.669,83.59,18.33,1.31,10.2,23.52,84.281,78.916,6.76,3.71,16.54,1.88,38.758,0.0,74.533,33.436,False,,0.0,64.465,0.0,0.0,0.0,0.0,0.0,-1.0,0.0,0.0,13.0,0.0,86.006,82.779,72.795,68.627,35.53,48.933,34.402,28.0,1.02,91.773,85.778,77.404,72.913,38.509,100.0,42.803,3.36,6.776,90.541,86.441,1.78,NORMAL
129,2026-06-02 08:15:00+00:00,8,1,0.866025,-0.5,0.781831,0.62349,False,False,MORNING,3.0,5.0,8.0,24.0,44.0,263.0,0.0,0.0,0.0,5.04,1.647,82.49,6.71,82.494,83.873,17.51,1.29,11.53,26.45,75.31,70.892,6.37,3.7,16.92,1.81,37.316,0.0,100.0,33.549,False,,0.0,64.826,0.0,0.0,0.0,0.0,0.0,-1.0,0.0,0.0,18.0,0.0,86.759,82.685,72.713,68.549,35.473,74.533,34.704,25.0,0.22,92.404,86.719,82.937,77.923,39.748,100.0,38.288,7.826,5.694,92.232,86.839,2.26,NORMAL
130,2026-06-02 08:30:00+00:00,8,1,0.866025,-0.5,0.781831,0.62349,False,False,MORNING,3.0,6.0,9.0,25.0,46.0,262.0,0.0,0.0,0.0,5.04,1.778,83.16,6.86,83.156,85.793,16.84,1.14,11.08,25.45,79.028,74.267,6.17,3.72,17.11,1.78,36.614,0.0,100.0,34.317,False,,0.0,66.144,0.0,0.0,0.0,0.0,0.0,3.0,0.0,0.0,20.0,0.0,88.884,83.82,73.71,69.49,37.202,100.0,35.554,24.0,0.0,90.693,86.205,85.949,80.603,39.616,85.775,36.277,5.614,5.227,91.992,86.955,2.1,NORMAL
131,2026-06-02 08:45:00+00:00,8,1,0.866025,-0.5,0.781831,0.62349,False,False,MORNING,3.0,6.0,11.0,27.0,48.0,265.0,0.0,0.0,0.0,5.04,4.652,83.2,6.92,83.199,86.466,16.8,1.08,11.45,26.28,76.455,71.95,6.16,3.74,17.11,1.78,36.647,0.0,100.0,34.587,False,,0.0,65.704,0.0,0.0,0.0,0.0,0.0,5.0,0.0,0.0,17.0,0.0,90.048,84.979,74.729,70.45,38.25,100.0,36.019,24.0,0.0,90.555,86.275,75.87,71.525,39.278,100.0,36.222,1.68,5.068,89.123,86.338,1.78,NORMAL
132,2026-06-02 09:00:00+00:00,9,1,0.707107,-0.707107,0.781831,0.62349,False,False,MORNING,1.0,4.0,10.0,25.0,49.0,264.0,0.0,0.0,0.0,1.68,3.51,82.78,6.88,82.779,86.006,17.22,1.12,11.97,27.41,72.795,68.627,5.85,3.74,17.41,1.73,35.53,0.0,48.933,34.402,False,,0.0,59.985,0.0,0.0,0.0,0.0,0.0,3.0,0.0,0.0,16.0,1.02,91.773,85.778,77.404,72.913,38.509,100.0,42.803,24.0,0.0,88.2,85.647,77.938,73.374,39.014,58.592,35.28,3.36,6.347,89.702,85.544,1.62,NORMAL
133,2026-06-02 09:15:00+00:00,9,1,0.707107,-0.707107,0.781831,0.62349,False,False,MORNING,2.0,3.0,9.0,26.0,50.0,261.0,0.0,0.0,0.0,3.36,3.491,82.69,6.94,82.685,86.759,17.31,1.06,11.97,27.41,72.713,68.549,5.82,3.76,17.42,1.72,35.473,0.0,74.533,34.704,False,,0.0,62.394,0.0,0.0,0.0,0.0,0.0,1.0,0.0,0.0,11.0,0.22,92.404,86.719,82.937,77.923,39.748,100.0,38.288,27.0,0.15,90.05,86.049,83.928,78.786,38.905,100.0,36.907,3.36,4.605,87.97,85.372,1.46,NORMAL
134,2026-06-02 09:30:00+00:00,9,1,0.707107,-0.707107,0.781831,0.62349,False,False,MORNING,5.0,7.0,11.0,26.0,53.0,261.0,0.0,0.0,0.0,8.4,3.182,83.82,7.11,83.82,88.884,16.18,0.89,11.97,27.41,73.71,69.49,6.25,3.79,16.96,1.81,37.202,0.32,100.0,35.554,False,,0.0,65.749,0.0,0.0,0.0,0.0,0.0,2.0,0.32,0.08,12.0,0.0,90.693,86.205,85.949,80.603,39.616,85.775,36.277,27.0,0.0,88.484,85.731,84.611,79.384,37.41,85.808,35.394,5.04,5.966,88.231,85.119,1.46,NORMAL
135,2026-06-02 09:45:00+00:00,9,1,0.707107,-0.707107,0.781831,0.62349,False,False,MORNING,5.0,10.0,13.0,30.0,56.0,264.0,0.0,0.0,0.0,8.4,3.393,84.98,7.2,84.979,90.048,15.02,0.8,11.97,27.41,74.729,70.45,6.5,3.82,16.67,1.86,38.25,0.64,100.0,36.019,False,,0.0,66.569,0.0,0.0,0.0,0.0,0.0,2.0,0.64,0.16,12.0,0.0,90.555,86.275,75.87,71.525,39.278,100.0,36.222,28.0,0.0,90.384,85.817,75.467,71.146,38.811,100.0,36.153,5.04,4.389,89.252,85.2,1.46,NORMAL
136,2026-06-02 10:00:00+00:00,10,1,0.5,-0.866025,0.781831,0.62349,False,False,MORNING,6.0,11.0,18.0,35.0,59.0,266.0,1.02,0.0,0.0,8.374,4.622,85.78,7.34,85.778,91.773,14.22,0.66,11.73,26.88,77.404,72.913,6.49,3.9,16.6,1.87,38.509,1.12,100.0,42.803,False,,1.9,68.382,1.02,1.02,1.02,0.064,1.02,8.0,1.12,0.535,12.0,0.0,88.2,85.647,77.938,73.374,39.014,58.592,35.28,28.0,0.0,90.877,85.566,80.846,75.994,38.816,100.0,36.351,8.302,4.046,89.983,86.206,1.78,NORMAL
137,2026-06-02 10:15:00+00:00,10,1,0.5,-0.866025,0.781831,0.62349,False,False,MORNING,4.0,10.0,20.0,37.0,62.0,270.0,0.22,0.09,0.0914,8.055,4.092,86.72,7.39,86.719,92.404,13.28,0.61,11.02,25.32,82.937,77.923,6.79,3.94,16.27,1.93,39.748,1.28,100.0,38.288,False,,0.4,69.58,-0.8,0.22,0.22,0.077,1.02,11.0,1.28,0.375,14.0,0.15,90.05,86.049,83.928,78.786,38.905,100.0,36.907,27.0,0.0,91.214,85.695,75.359,71.044,38.787,100.0,36.486,7.921,5.296,92.315,86.676,2.26,NORMAL
138,2026-06-02 10:30:00+00:00,10,1,0.5,-0.866025,0.781831,0.62349,False,False,MORNING,2.0,6.0,17.0,37.0,64.0,267.0,0.0,0.02,0.0199,3.731,6.335,86.2,7.26,86.205,90.693,13.8,0.74,10.56,24.31,85.949,80.603,6.74,3.95,16.3,1.93,39.616,1.12,85.775,36.277,False,,0.0,68.375,-0.22,-1.02,0.0,0.077,1.02,6.0,0.8,0.28,12.0,0.0,88.484,85.731,84.611,79.384,37.41,85.808,35.394,30.0,0.0,90.283,85.433,75.129,70.827,38.686,85.842,36.113,7.716,5.916,92.979,87.072,2.74,NORMAL
139,2026-06-02 10:45:00+00:00,10,1,0.5,-0.866025,0.781831,0.62349,False,False,MORNING,4.0,6.0,16.0,40.0,65.0,268.0,0.0,0.0,0.0,6.72,6.482,86.28,7.24,86.275,90.555,13.72,0.76,11.97,27.41,75.87,71.525,6.65,3.96,16.39,1.91,39.278,1.28,100.0,36.222,False,,0.0,67.314,0.0,-0.22,0.0,0.077,1.02,3.0,0.64,0.32,12.0,0.0,90.384,85.817,75.467,71.146,38.811,100.0,36.153,30.0,0.0,90.903,85.893,75.533,71.208,38.218,100.0,36.361,7.56,5.501,93.772,87.524,2.75,NORMAL
140,2026-06-02 11:00:00+00:00,11,1,0.258819,-0.965926,0.781831,0.62349,False,False,MORNING,1.0,5.0,11.0,39.0,61.0,262.0,0.0,0.0,0.0,1.68,4.946,85.65,7.06,85.647,88.2,14.35,0.94,11.57,26.53,77.938,73.374,6.59,3.94,16.47,1.9,39.014,0.97,58.592,35.28,False,,0.0,63.424,0.0,0.0,-1.02,0.077,1.02,-7.0,-0.15,0.242,12.0,0.0,90.877,85.566,80.846,75.994,38.816,100.0,36.351,27.0,0.0,91.104,86.253,75.85,71.507,37.336,100.0,36.442,5.46,6.935,93.684,87.162,2.59,NORMAL
141,2026-06-02 11:15:00+00:00,11,1,0.258819,-0.965926,0.781831,0.62349,False,False,MORNING,5.0,6.0,12.0,41.0,65.0,262.0,0.15,0.0,0.0,8.152,5.952,86.05,7.2,86.049,90.05,13.95,0.8,10.8,24.84,83.928,78.786,6.55,3.95,16.5,1.89,38.905,1.29,100.0,36.907,False,,0.3,69.064,0.15,0.15,-0.07,0.087,1.02,-8.0,0.01,0.36,13.0,0.0,91.214,85.695,75.359,71.044,38.787,100.0,36.486,25.0,0.3,91.905,87.057,76.678,72.287,37.31,100.0,38.589,5.04,6.077,92.125,87.028,2.59,NORMAL
142,2026-06-02 11:30:00+00:00,11,1,0.258819,-0.965926,0.781831,0.62349,False,False,MORNING,2.0,7.0,12.0,40.0,65.0,259.0,0.0,0.01,0.0133,3.608,5.38,85.73,7.08,85.731,88.484,14.27,0.92,10.67,24.54,84.611,79.384,6.16,3.94,16.9,1.82,37.41,1.13,85.808,35.394,False,,0.0,67.327,-0.15,0.0,0.0,0.087,1.02,-5.0,0.01,0.282,15.0,0.0,90.283,85.433,75.129,70.827,38.686,85.842,36.113,22.0,0.0,92.513,86.842,76.368,71.996,38.532,100.0,37.005,1.68,5.326,90.386,86.255,2.27,NORMAL
143,2026-06-02 11:45:00+00:00,11,1,0.258819,-0.965926,0.781831,0.62349,False,False,MORNING,4.0,6.0,12.0,41.0,68.0,260.0,0.0,0.0,0.0,6.72,5.767,85.82,7.23,85.817,90.384,14.18,0.77,11.97,27.41,75.467,71.146,6.53,3.95,16.52,1.89,38.811,1.29,100.0,36.153,False,,0.0,67.043,0.0,-0.15,0.0,0.087,1.02,-4.0,0.01,0.322,16.0,0.0,90.903,85.893,75.533,71.208,38.218,100.0,36.361,22.0,0.0,93.013,87.098,76.593,72.207,39.587,100.0,37.205,3.36,5.015,89.339,85.925,2.11,NORMAL
144,2026-06-02 12:00:00+00:00,12,1,0.0,-1.0,0.781831,0.62349,False,False,MORNING,3.0,7.0,14.0,43.0,68.0,261.0,0.0,0.0,0.0,5.04,5.888,85.57,7.27,85.566,90.877,14.43,0.73,11.14,25.59,80.846,75.994,6.52,3.96,16.52,1.89,38.816,1.29,100.0,36.351,False,,0.0,68.314,0.0,0.0,0.0,0.087,1.02,3.0,0.32,0.322,16.0,0.0,91.104,86.253,75.85,71.507,37.336,100.0,36.442,21.0,0.0,90.541,86.441,88.685,84.346,39.708,92.292,36.216,5.04,5.337,89.713,85.821,2.11,NORMAL
145,2026-06-02 12:15:00+00:00,12,1,0.0,-1.0,0.781831,0.62349,False,False,MORNING,3.0,6.0,12.0,44.0,70.0,261.0,0.0,0.0,0.0,5.04,4.416,85.69,7.3,85.695,91.214,14.31,0.7,11.97,27.41,75.359,71.044,6.5,3.97,16.53,1.89,38.787,1.29,100.0,36.486,False,,0.0,67.155,0.0,0.0,-0.15,0.087,1.02,0.0,0.0,0.322,14.0,0.3,91.905,87.057,76.678,72.287,37.31,100.0,38.589,24.0,1.34,92.232,86.839,95.225,90.394,37.981,100.0,44.942,5.04,6.227,89.833,85.515,2.11,NORMAL
146,2026-06-02 12:30:00+00:00,12,1,0.0,-1.0,0.781831,0.62349,False,False,MORNING,2.0,5.0,12.0,41.0,67.0,261.0,0.0,0.0,0.0,3.36,4.705,85.43,7.22,85.433,90.283,14.57,0.78,11.97,27.41,75.129,70.827,6.48,3.97,16.55,1.88,38.686,1.13,85.842,36.113,False,,0.0,65.574,0.0,0.0,0.0,0.087,1.02,0.0,0.0,0.282,15.0,0.0,92.513,86.842,76.368,71.996,38.532,100.0,37.005,24.0,0.0,91.992,86.955,89.212,84.847,40.99,95.508,36.797,1.68,6.063,87.847,84.578,1.79,NORMAL
147,2026-06-02 12:45:00+00:00,12,1,0.0,-1.0,0.781831,0.62349,False,False,MORNING,4.0,6.0,12.0,40.0,70.0,261.0,0.0,0.0,0.0,6.72,4.683,85.89,7.27,85.893,90.903,14.11,0.73,11.97,27.41,75.533,71.208,6.34,3.98,16.68,1.86,38.218,1.29,100.0,36.361,False,,0.0,67.126,0.0,0.0,0.0,0.087,1.02,0.0,0.0,0.322,14.0,0.0,93.013,87.098,76.593,72.207,39.587,100.0,37.205,28.0,0.0,89.123,86.338,94.701,89.875,40.307,66.717,35.649,1.68,4.752,86.215,83.94,1.47,NORMAL
148,2026-06-02 13:00:00+00:00,13,1,-0.258819,-0.965926,0.781831,0.62349,False,False,MORNING,4.0,8.0,13.0,38.0,73.0,260.0,0.0,0.0,0.0,6.72,5.214,86.25,7.29,86.253,91.104,13.75,0.71,11.97,27.41,75.85,71.507,6.1,3.98,16.92,1.81,37.336,1.45,100.0,36.442,False,,0.0,67.24,0.0,0.0,0.0,0.087,1.02,-1.0,0.16,0.362,11.0,0.0,90.541,86.441,88.685,84.346,39.708,92.292,36.216,30.0,0.0,89.702,85.544,100.0,100.0,40.271,90.725,35.881,5.04,4.592,86.944,83.994,1.47,NORMAL
149,2026-06-02 13:15:00+00:00,13,1,-0.258819,-0.965926,0.781831,0.62349,False,False,MORNING,5.0,9.0,15.0,39.0,76.0,263.0,0.3,0.0,0.0,7.888,4.417,87.06,7.35,87.057,91.905,12.94,0.65,11.97,27.41,76.678,72.287,6.07,4.01,16.93,1.81,37.31,1.77,100.0,38.589,False,,0.6,67.959,0.3,0.3,0.3,0.106,1.02,3.0,0.48,0.518,11.0,1.34,92.232,86.839,95.225,90.394,37.981,100.0,44.942,30.0,0.0,87.97,85.372,93.197,88.461,41.103,89.133,35.188,3.36,3.463,86.218,84.027,1.31,NORMAL
150,2026-06-02 13:30:00+00:00,13,1,-0.258819,-0.965926,0.781831,0.62349,False,False,MORNING,3.0,8.0,16.0,40.0,77.0,263.0,0.0,0.03,0.0274,5.552,6.215,86.84,7.4,86.842,92.513,13.16,0.6,11.97,27.41,76.368,71.996,6.39,4.02,16.6,1.87,38.532,1.77,100.0,37.005,False,,0.0,67.879,-0.3,0.0,0.0,0.106,1.02,4.0,0.64,0.442,7.0,0.0,91.992,86.955,89.212,84.847,40.99,95.508,36.797,31.0,0.0,88.231,85.119,90.594,86.062,41.823,100.0,35.292,1.68,2.897,84.04,83.897,0.99,NORMAL
151,2026-06-02 13:45:00+00:00,13,1,-0.258819,-0.965926,0.781831,0.62349,False,False,MORNING,4.0,7.0,16.0,40.0,80.0,266.0,0.0,0.0,0.0,6.72,5.539,87.1,7.44,87.098,93.013,12.9,0.56,11.97,27.41,76.593,72.207,6.66,4.03,16.31,1.92,39.587,1.94,100.0,37.205,False,,0.0,68.183,0.0,-0.3,0.0,0.106,1.02,4.0,0.65,0.485,8.0,0.0,89.123,86.338,94.701,89.875,40.307,66.717,35.649,29.0,0.0,89.252,85.2,87.412,83.135,41.524,100.0,35.701,8.4,3.856,85.818,84.891,1.32,NORMAL
152,2026-06-02 14:00:00+00:00,14,1,-0.5,-0.866025,0.781831,0.62349,False,False,EVENING,2.0,6.0,14.0,41.0,80.0,266.0,0.0,0.0,0.0,3.36,6.776,86.44,7.24,86.441,90.541,13.56,0.76,10.26,23.29,88.685,84.346,6.7,4.02,16.28,1.93,39.708,1.78,92.292,36.216,False,,0.0,69.769,0.0,0.0,0.0,0.042,0.3,1.0,0.33,0.445,10.0,0.0,89.702,85.544,100.0,100.0,40.271,90.725,35.881,28.0,0.06,89.983,86.206,88.47,84.141,41.767,100.0,36.342,0.0,3.938,83.731,84.073,0.84,NORMAL
153,2026-06-02 14:15:00+00:00,14,1,-0.5,-0.866025,0.781831,0.62349,False,False,EVENING,6.0,8.0,15.0,42.0,83.0,266.0,1.34,0.0,0.0,7.826,5.694,86.84,7.38,86.839,92.232,13.16,0.62,9.67,21.99,95.225,90.394,6.18,4.08,16.75,1.85,37.981,2.26,100.0,44.942,False,,2.7,73.101,1.34,1.34,1.04,0.112,1.34,0.0,0.49,0.9,13.0,0.0,87.97,85.372,93.197,88.461,41.103,89.133,35.188,26.0,1.34,92.315,86.676,89.545,85.164,39.93,100.0,44.985,3.36,4.043,82.11,84.032,0.68,MODERATE
154,2026-06-02 14:30:00+00:00,14,1,-0.5,-0.866025,0.781831,0.62349,False,False,EVENING,2.0,8.0,14.0,42.0,82.0,265.0,0.0,0.12,0.1207,5.614,5.227,86.95,7.36,86.955,91.992,13.05,0.64,10.26,23.29,89.212,84.847,6.99,4.07,15.93,1.99,40.99,2.1,95.508,36.797,False,,0.0,70.7,-1.34,0.0,0.0,0.112,1.34,-2.0,0.33,0.525,17.0,0.0,88.231,85.119,90.594,86.062,41.823,100.0,35.292,23.0,2.75,92.979,87.072,100.0,99.46,37.709,100.0,53.694,3.36,2.806,82.594,84.132,0.52,MODERATE
155,2026-06-02 14:45:00+00:00,14,1,-0.5,-0.866025,0.781831,0.62349,False,False,EVENING,1.0,3.0,11.0,39.0,80.0,263.0,0.0,0.0,0.0,1.68,5.068,86.34,7.13,86.338,89.123,13.66,0.87,9.6,21.83,94.701,89.875,6.84,4.04,16.12,1.96,40.307,1.78,66.717,35.649,False,,0.0,68.6,0.0,-1.34,0.0,0.112,1.34,-5.0,-0.16,0.445,20.0,0.0,89.252,85.2,87.412,83.135,41.524,100.0,35.701,18.0,1.25,93.772,87.524,97.486,92.491,39.046,100.0,45.01,0.0,5.458,81.658,82.842,0.04,NORMAL
156,2026-06-02 15:00:00+00:00,15,1,-0.707107,-0.707107,0.781831,0.62349,False,False,EVENING,2.0,3.0,11.0,38.0,81.0,262.0,0.0,0.0,0.0,3.36,6.347,85.54,7.18,85.544,89.702,14.46,0.82,8.28,18.93,100.0,100.0,6.85,4.02,16.13,1.96,40.271,1.62,90.725,35.881,False,,0.0,72.55,0.0,0.0,0.0,0.112,1.34,-3.0,-0.16,0.405,20.0,0.06,89.983,86.206,88.47,84.141,41.767,100.0,36.342,16.0,0.0,93.684,87.162,92.235,87.637,39.99,100.0,37.473,5.04,4.092,83.759,82.911,0.04,MODERATE
157,2026-06-02 15:15:00+00:00,15,1,-0.707107,-0.707107,0.781831,0.62349,False,False,EVENING,2.0,4.0,7.0,37.0,81.0,262.0,0.0,0.0,0.0,3.36,4.605,85.37,7.04,85.372,87.97,14.63,0.96,9.64,21.93,93.197,88.461,7.11,3.99,15.9,2.0,41.103,1.46,89.133,35.188,False,,0.0,69.896,0.0,0.0,-1.34,0.102,1.34,-8.0,-0.8,0.365,17.0,1.34,92.315,86.676,89.545,85.164,39.93,100.0,44.985,17.0,0.0,92.125,87.028,93.031,88.364,39.345,100.0,36.85,3.36,5.156,84.815,82.377,0.0,NORMAL
158,2026-06-02 15:30:00+00:00,15,1,-0.707107,-0.707107,0.781831,0.62349,False,False,EVENING,3.0,5.0,8.0,38.0,79.0,262.0,0.0,0.0,0.0,5.04,5.966,85.12,7.06,85.119,88.231,14.88,0.94,9.89,22.48,90.594,86.062,7.32,3.97,15.71,2.03,41.823,1.46,100.0,35.292,False,,0.0,70.335,0.0,0.0,0.0,0.102,1.34,-6.0,-0.64,0.365,14.0,2.75,92.979,87.072,100.0,99.46,37.709,100.0,53.694,16.0,0.0,90.386,86.255,88.494,84.164,39.28,71.608,36.154,5.04,3.068,85.23,82.837,0.0,MODERATE
159,2026-06-02 15:45:00+00:00,15,1,-0.707107,-0.707107,0.781831,0.62349,False,False,EVENING,3.0,6.0,10.0,37.0,77.0,261.0,0.0,0.0,0.0,5.04,4.389,85.2,7.14,85.2,89.252,14.8,0.86,10.26,23.29,87.412,83.135,7.25,3.96,15.79,2.02,41.524,1.46,100.0,35.701,False,,0.0,69.797,0.0,0.0,0.0,0.102,1.34,-1.0,-0.32,0.365,9.0,1.25,93.772,87.524,97.486,92.491,39.046,100.0,45.01,16.0,0.0,89.339,85.925,88.156,83.842,38.379,95.617,35.736,8.4,2.975,87.101,84.044,0.32,NORMAL
160,2026-06-02 16:00:00+00:00,16,1,-0.866025,-0.5,0.781831,0.62349,False,False,EVENING,5.0,8.0,13.0,38.0,76.0,263.0,0.06,0.0,0.0,8.302,4.046,86.21,7.2,86.206,89.983,13.79,0.8,10.26,23.29,88.47,84.141,7.31,3.96,15.72,2.03,41.767,1.78,100.0,36.342,False,,0.1,70.473,0.06,0.06,0.06,0.106,1.34,2.0,0.16,0.46,8.0,0.0,93.684,87.162,92.235,87.637,39.99,100.0,37.473,19.0,0.0,89.713,85.821,96.096,91.136,37.881,100.0,35.885,3.36,5.058,85.558,83.743,0.16,MODERATE
161,2026-06-02 16:15:00+00:00,16,1,-0.866025,-0.5,0.781831,0.62349,False,False,EVENING,6.0,11.0,17.0,39.0,78.0,264.0,1.34,0.01,0.0039,7.921,5.296,86.68,7.39,86.676,92.315,13.32,0.61,10.26,23.29,89.545,85.164,6.75,4.03,16.22,1.94,39.93,2.26,100.0,44.985,False,,2.7,71.948,1.28,1.34,1.34,0.19,1.34,10.0,0.8,0.9,9.0,0.0,92.125,87.028,93.031,88.364,39.345,100.0,36.85,16.0,0.0,89.833,85.515,97.293,92.221,37.013,100.0,35.933,6.72,4.118,87.04,84.275,0.32,MODERATE
162,2026-06-02 16:30:00+00:00,16,1,-0.866025,-0.5,0.781831,0.62349,False,False,EVENING,6.0,12.0,20.0,42.0,82.0,266.0,2.75,0.12,0.044,7.716,5.916,87.07,7.44,87.072,92.979,12.93,0.56,8.85,20.18,100.0,99.46,6.04,4.14,16.82,1.83,37.709,2.74,100.0,53.694,False,,5.7,75.841,1.41,2.69,2.75,0.362,2.75,12.0,1.28,1.372,9.0,0.0,90.386,86.255,88.494,84.164,39.28,71.608,36.154,15.0,0.0,87.847,84.578,94.101,89.264,37.871,66.842,35.139,1.68,3.245,85.013,84.045,0.0,MODERATE
163,2026-06-02 16:45:00+00:00,16,1,-0.866025,-0.5,0.781831,0.62349,False,False,EVENING,3.0,9.0,20.0,41.0,81.0,267.0,1.25,0.25,0.198,7.56,5.501,87.52,7.5,87.524,93.772,12.48,0.5,9.51,21.65,97.486,92.491,6.36,4.18,16.46,1.9,39.046,2.75,100.0,45.01,False,,2.6,74.121,-1.5,-0.09000000000000008,1.25,0.44,2.75,10.0,1.29,1.0,9.0,0.0,89.339,85.925,88.156,83.842,38.379,95.617,35.736,16.0,0.0,86.215,83.94,94.225,89.355,37.296,63.65,34.486,3.36,4.893,84.185,83.728,0.0,MODERATE
164,2026-06-02 17:00:00+00:00,17,1,-0.965926,-0.258819,0.781831,0.62349,False,False,EVENING,2.0,5.0,17.0,41.0,82.0,264.0,0.0,0.11,0.1125,5.46,6.935,87.16,7.49,87.162,93.684,12.84,0.51,9.95,22.6,92.235,87.637,6.63,4.17,16.2,1.94,39.99,2.59,100.0,37.473,False,,0.0,72.096,-1.25,-2.75,-0.06,0.44,2.75,4.0,0.81,0.648,8.0,0.0,89.713,85.821,96.096,91.136,37.881,100.0,35.885,15.0,0.0,86.944,83.994,100.0,95.629,37.785,100.0,34.778,3.36,3.876,84.965,83.537,0.0,MODERATE
165,2026-06-02 17:15:00+00:00,17,1,-0.965926,-0.258819,0.781831,0.62349,False,False,EVENING,3.0,5.0,14.0,38.0,80.0,265.0,0.0,0.0,0.0,5.04,6.077,87.03,7.37,87.028,92.125,12.97,0.63,9.85,22.38,93.031,88.364,6.48,4.15,16.38,1.91,39.345,2.59,100.0,36.85,False,,0.0,71.88,0.0,-1.25,-1.34,0.421,2.75,-3.0,0.33,0.648,8.0,0.0,89.833,85.515,97.293,92.221,37.013,100.0,35.933,15.0,0.0,86.218,84.027,86.208,81.989,38.379,87.667,34.487,5.04,3.222,85.096,83.981,0.0,MODERATE
166,2026-06-02 17:30:00+00:00,17,1,-0.965926,-0.258819,0.781831,0.62349,False,False,EVENING,1.0,4.0,9.0,37.0,79.0,262.0,0.0,0.0,0.0,1.68,5.326,86.26,7.23,86.255,90.386,13.74,0.77,10.26,23.29,88.494,84.164,6.49,4.11,16.39,1.91,39.28,2.27,71.608,36.154,False,,0.0,67.752,0.0,0.0,-2.75,0.421,2.75,-11.0,-0.47,0.568,7.0,0.0,87.847,84.578,94.101,89.264,37.871,66.842,35.139,15.0,0.0,84.04,83.897,86.074,81.863,39.634,58.875,33.616,5.04,4.527,85.238,84.098,0.0,NORMAL
167,2026-06-02 17:45:00+00:00,17,1,-0.965926,-0.258819,0.781831,0.62349,False,False,EVENING,2.0,3.0,8.0,38.0,77.0,263.0,0.0,0.0,0.0,3.36,5.015,85.93,7.15,85.925,89.339,14.07,0.85,10.26,23.29,88.156,83.842,6.29,4.08,16.64,1.87,38.379,2.11,95.617,35.736,False,,0.0,69.471,0.0,0.0,-1.25,0.421,2.75,-12.0,-0.64,0.528,7.0,0.0,86.215,83.94,94.225,89.355,37.296,63.65,34.486,17.0,0.0,85.818,84.891,87.094,82.832,40.889,100.0,34.327,1.68,5.194,83.369,83.369,0.0,NORMAL
168,2026-06-02 18:00:00+00:00,18,1,-1.0,-0.0,0.781831,0.62349,False,False,EVENING,3.0,5.0,9.0,39.0,77.0,262.0,0.0,0.0,0.0,5.04,5.337,85.82,7.18,85.821,89.713,14.18,0.82,9.4,21.4,96.096,91.136,6.18,4.05,16.77,1.84,37.881,2.11,100.0,35.885,False,,0.0,71.7,0.0,0.0,0.0,0.421,2.75,-8.0,-0.48,0.528,11.0,0.0,86.944,83.994,100.0,95.629,37.785,100.0,34.778,17.0,0.0,83.731,84.073,91.896,87.223,41.639,31.692,33.492,1.68,4.07,82.773,82.819,0.0,MODERATE
169,2026-06-02 18:15:00+00:00,18,1,-1.0,-0.0,0.781831,0.62349,False,False,EVENING,3.0,6.0,9.0,40.0,77.0,261.0,0.0,0.0,0.0,5.04,6.227,85.51,7.19,85.515,89.833,14.49,0.81,9.25,21.07,97.293,92.221,5.96,4.03,17.01,1.8,37.013,2.11,100.0,35.933,False,,0.0,71.853,0.0,0.0,0.0,0.337,2.75,-5.0,-0.48,0.528,8.0,0.0,86.218,84.027,86.208,81.989,38.379,87.667,34.487,19.0,0.0,82.11,84.032,86.213,81.995,40.248,81.3,32.844,3.36,3.48,83.231,82.753,0.0,MODERATE
170,2026-06-02 18:30:00+00:00,18,1,-1.0,-0.0,0.781831,0.62349,False,False,EVENING,1.0,4.0,9.0,38.0,76.0,255.0,0.0,0.0,0.0,1.68,6.063,84.58,7.03,84.578,87.847,15.42,0.97,9.46,21.53,94.101,89.264,6.23,4.0,16.77,1.84,37.871,1.79,66.842,35.139,False,,0.0,67.605,0.0,0.0,0.0,0.337,2.75,0.0,-0.48,0.448,8.0,0.0,84.04,83.897,86.074,81.863,39.634,58.875,33.616,21.0,0.0,82.594,84.132,86.315,82.092,38.617,79.708,33.037,1.68,3.767,83.439,82.214,0.0,NORMAL
171,2026-06-02 18:45:00+00:00,18,1,-1.0,-0.0,0.781831,0.62349,False,False,EVENING,1.0,2.0,8.0,36.0,73.0,253.0,0.0,0.0,0.0,1.68,4.752,83.94,6.9,83.94,86.215,16.06,1.1,9.38,21.35,94.225,89.355,6.11,3.96,16.93,1.81,37.296,1.47,63.65,34.486,False,,0.0,66.825,0.0,0.0,0.0,0.337,2.75,0.0,-0.64,0.368,9.0,0.0,85.818,84.891,87.094,82.832,40.889,100.0,34.327,20.0,0.0,81.658,82.842,87.162,82.832,38.973,23.717,32.663,5.04,2.887,85.701,82.572,0.0,NORMAL
172,2026-06-02 19:00:00+00:00,19,1,-0.965926,0.258819,0.781831,0.62349,False,False,EVENING,3.0,4.0,8.0,34.0,72.0,252.0,0.0,0.0,0.0,5.04,4.592,83.99,6.96,83.994,86.944,16.01,1.04,8.75,19.96,100.0,95.629,6.27,3.93,16.8,1.84,37.785,1.47,100.0,34.778,False,,0.0,71.744,0.0,0.0,0.0,0.337,2.75,-1.0,-0.64,0.368,4.0,0.0,83.731,84.073,91.896,87.223,41.639,31.692,33.492,22.0,0.0,83.759,82.911,85.063,80.901,39.286,100.0,33.504,3.36,3.019,85.397,82.681,0.0,MODERATE
173,2026-06-02 19:15:00+00:00,19,1,-0.965926,0.258819,0.781831,0.62349,False,False,EVENING,2.0,5.0,7.0,30.0,69.0,248.0,0.0,0.0,0.0,3.36,3.463,84.03,6.9,84.027,86.218,15.97,1.1,10.26,23.29,86.208,81.989,6.46,3.9,16.64,1.87,38.379,1.31,87.667,34.487,False,,0.0,67.257,0.0,0.0,0.0,0.337,2.75,-2.0,-0.8,0.328,7.0,0.0,82.11,84.032,86.213,81.995,40.248,81.3,32.844,21.0,0.0,84.815,82.377,84.516,80.38,39.272,74.533,33.926,1.68,2.266,86.29,82.463,0.0,NORMAL
174,2026-06-02 19:30:00+00:00,19,1,-0.965926,0.258819,0.781831,0.62349,False,False,EVENING,1.0,3.0,7.0,25.0,67.0,245.0,0.0,0.0,0.0,1.68,2.897,83.9,6.72,83.897,84.04,16.1,1.28,10.26,23.29,86.074,81.863,6.84,3.86,16.3,1.93,39.634,0.99,58.875,33.616,False,,0.0,64.284,0.0,0.0,0.0,0.337,2.75,-2.0,-0.8,0.248,7.0,0.0,82.594,84.132,86.315,82.092,38.617,79.708,33.037,22.0,0.0,85.23,82.837,84.987,80.829,37.693,100.0,34.092,6.72,2.66,86.668,83.448,0.16,NORMAL
175,2026-06-02 19:45:00+00:00,19,1,-0.965926,0.258819,0.781831,0.62349,False,False,EVENING,5.0,6.0,11.0,27.0,68.0,245.0,0.0,0.0,0.0,8.4,3.856,84.89,6.87,84.891,85.818,15.11,1.13,10.26,23.29,87.094,82.832,7.2,3.85,15.96,1.99,40.889,1.32,100.0,34.327,False,,0.0,68.911,0.0,0.0,0.0,0.337,2.75,3.0,-0.15,0.33,8.0,0.0,81.658,82.842,87.162,82.832,38.973,23.717,32.663,22.0,0.0,87.101,84.044,100.0,100.0,38.989,100.0,34.84,3.36,5.233,86.119,83.023,0.0,NORMAL
176,2026-06-02 20:00:00+00:00,20,1,-0.866025,0.5,0.781831,0.62349,False,False,EVENING,0.0,5.0,8.0,25.0,66.0,242.0,0.0,0.0,0.0,0.0,3.938,84.07,6.7,84.073,83.731,15.93,1.3,9.63,21.91,91.896,87.223,7.43,3.81,15.76,2.02,41.639,0.84,31.692,33.492,False,,0.0,63.336,0.0,0.0,0.0,0.334,2.75,0.0,-0.63,0.21,13.0,0.0,83.759,82.911,85.063,80.901,39.286,100.0,33.504,18.0,0.0,85.558,83.743,100.0,100.0,39.778,76.158,34.223,5.04,4.096,86.573,83.223,0.0,NORMAL
177,2026-06-02 20:15:00+00:00,20,1,-0.866025,0.5,0.781831,0.62349,False,False,EVENING,2.0,2.0,8.0,24.0,62.0,238.0,0.0,0.0,0.0,3.36,4.043,84.03,6.57,84.032,82.11,15.97,1.43,10.26,23.29,86.213,81.995,7.09,3.77,16.13,1.96,40.248,0.68,81.3,32.844,False,,0.0,66.033,0.0,0.0,0.0,0.25,2.75,1.0,-0.63,0.17,12.0,0.0,84.815,82.377,84.516,80.38,39.272,74.533,33.926,17.0,0.0,87.04,84.275,100.0,100.0,38.095,100.0,34.816,1.68,3.799,84.99,82.82,0.0,NORMAL
178,2026-06-02 20:30:00+00:00,20,1,-0.866025,0.5,0.781831,0.62349,False,False,EVENING,2.0,4.0,9.0,25.0,62.0,239.0,0.0,0.0,0.0,3.36,2.806,84.13,6.61,84.132,82.594,15.87,1.39,10.26,23.29,86.315,82.092,6.68,3.75,16.57,1.88,38.617,0.52,79.708,33.037,False,,0.0,65.886,0.0,0.0,0.0,0.078,1.25,2.0,-0.47,0.13,14.0,0.0,85.23,82.837,84.987,80.829,37.693,100.0,34.092,15.0,0.0,85.013,84.045,100.0,100.0,38.365,48.975,34.005,3.36,2.645,85.975,82.92,0.0,NORMAL
179,2026-06-02 20:45:00+00:00,20,1,-0.866025,0.5,0.781831,0.62349,False,False,EVENING,0.0,2.0,4.0,23.0,61.0,236.0,0.0,0.0,0.0,0.0,5.458,82.84,6.53,82.842,81.658,17.16,1.47,10.0,22.73,87.162,82.832,6.81,3.71,16.48,1.89,38.973,0.04,23.717,32.663,False,,0.0,60.598,0.0,0.0,0.0,0.0,0.0,-7.0,-1.28,0.01,12.0,0.0,87.101,84.044,100.0,100.0,38.989,100.0,34.84,15.0,0.0,84.185,83.728,100.0,100.0,36.459,74.533,33.674,1.68,4.391,84.897,82.329,0.0,NORMAL
180,2026-06-02 21:00:00+00:00,21,1,-0.707107,0.707107,0.781831,0.62349,False,False,EVENING,3.0,3.0,7.0,23.0,62.0,235.0,0.0,0.0,0.0,5.04,4.092,82.91,6.7,82.911,83.759,17.09,1.3,10.26,23.29,85.063,80.901,6.9,3.71,16.39,1.91,39.286,0.04,100.0,33.504,False,,0.0,67.444,0.0,0.0,0.0,0.0,0.0,-1.0,-0.8,0.01,9.0,0.0,85.558,83.743,100.0,100.0,39.778,76.158,34.223,16.0,0.0,84.965,83.537,100.0,100.0,36.843,74.533,33.986,1.68,3.481,84.467,81.913,0.0,NORMAL
181,2026-06-02 21:15:00+00:00,21,1,-0.707107,0.707107,0.781831,0.62349,False,False,EVENING,2.0,5.0,7.0,22.0,62.0,234.0,0.0,0.0,0.0,3.36,5.156,82.38,6.79,82.377,84.815,17.62,1.21,10.26,23.29,84.516,80.38,6.89,3.71,16.4,1.91,39.272,0.0,74.533,33.926,False,,0.0,65.116,0.0,0.0,0.0,0.0,0.0,-1.0,-0.68,0.0,9.0,0.0,87.04,84.275,100.0,100.0,38.095,100.0,34.816,16.0,0.0,85.096,83.981,100.0,100.0,37.231,100.0,34.039,0.0,3.768,83.836,81.021,0.0,NORMAL
182,2026-06-02 21:30:00+00:00,21,1,-0.707107,0.707107,0.781831,0.62349,False,False,EVENING,3.0,5.0,8.0,24.0,62.0,234.0,0.0,0.0,0.0,5.04,3.068,82.84,6.82,82.837,85.23,17.16,1.18,10.26,23.29,84.987,80.829,6.46,3.72,16.82,1.83,37.693,0.0,100.0,34.092,False,,0.0,67.56,0.0,0.0,0.0,0.0,0.0,-1.0,-0.52,0.0,8.0,0.0,85.013,84.045,100.0,100.0,38.365,48.975,34.005,14.0,0.0,85.238,84.098,100.0,100.0,34.769,100.0,34.095,0.0,4.017,82.687,80.109,0.0,NORMAL
183,2026-06-02 21:45:00+00:00,21,1,-0.707107,0.707107,0.781831,0.62349,False,False,EVENING,5.0,8.0,13.0,28.0,64.0,237.0,0.0,0.0,0.0,8.4,2.975,84.04,6.97,84.044,87.101,15.96,1.03,8.25,18.87,100.0,100.0,6.78,3.74,16.47,1.89,38.989,0.32,100.0,34.84,False,,0.0,72.419,0.0,0.0,0.0,0.0,0.0,9.0,0.28,0.08,10.0,0.0,84.185,83.728,100.0,100.0,36.459,74.533,33.674,15.0,0.0,83.369,83.369,100.0,100.0,35.635,48.933,33.348,1.68,1.672,82.472,80.128,0.0,MODERATE
184,2026-06-02 22:00:00+00:00,22,1,-0.5,0.866025,0.781831,0.62349,False,False,NIGHT,2.0,7.0,12.0,27.0,61.0,239.0,0.0,0.0,0.0,3.36,5.058,83.74,6.84,83.743,85.558,16.26,1.16,6.08,17.57,100.0,100.0,6.99,3.75,16.26,1.93,39.778,0.16,76.158,34.223,False,,0.0,69.969,0.0,0.0,0.0,0.0,0.0,5.0,0.12,0.04,9.0,0.0,84.965,83.537,100.0,100.0,36.843,74.533,33.986,16.0,0.0,82.773,82.819,100.0,100.0,37.558,48.933,33.109,3.36,1.499,81.754,80.651,0.0,NORMAL
185,2026-06-02 22:15:00+00:00,22,1,-0.5,0.866025,0.781831,0.62349,False,False,NIGHT,4.0,6.0,14.0,29.0,59.0,240.0,0.0,0.0,0.0,6.72,4.118,84.27,6.96,84.275,87.04,15.73,1.04,4.98,15.16,100.0,100.0,6.52,3.76,16.71,1.85,38.095,0.32,100.0,34.816,False,,0.0,72.377,0.0,0.0,0.0,0.0,0.0,7.0,0.32,0.08,8.0,0.0,85.096,83.981,100.0,100.0,37.231,100.0,34.039,18.0,0.0,83.231,82.753,100.0,100.0,37.389,74.533,33.292,1.68,2.993,81.05,80.379,0.0,MODERATE
186,2026-06-02 22:30:00+00:00,22,1,-0.5,0.866025,0.781831,0.62349,False,False,NIGHT,1.0,5.0,12.0,29.0,54.0,239.0,0.0,0.0,0.0,1.68,3.245,84.05,6.8,84.045,85.013,15.95,1.2,5.02,15.25,100.0,100.0,6.6,3.76,16.64,1.86,38.365,0.0,48.975,34.005,False,,0.0,67.353,0.0,0.0,0.0,0.0,0.0,4.0,0.0,0.0,7.0,0.0,85.238,84.098,100.0,100.0,34.769,100.0,34.095,17.0,0.0,83.439,82.214,100.0,100.0,38.2,48.933,33.376,0.0,2.718,80.386,79.753,0.0,NORMAL
187,2026-06-02 22:45:00+00:00,22,1,-0.5,0.866025,0.781831,0.62349,False,False,NIGHT,2.0,3.0,9.0,26.0,53.0,241.0,0.0,0.0,0.0,3.36,4.893,83.73,6.73,83.728,84.185,16.27,1.27,5.32,15.89,100.0,100.0,6.1,3.75,17.16,1.77,36.459,0.0,74.533,33.674,False,,0.0,69.246,0.0,0.0,0.0,0.0,0.0,-4.0,-0.32,0.0,5.0,0.0,83.369,83.369,100.0,100.0,35.635,48.933,33.348,18.0,0.0,85.701,82.572,100.0,100.0,38.746,100.0,34.28,1.68,2.274,79.566,79.67,0.0,NORMAL
188,2026-06-02 23:00:00+00:00,23,1,-0.258819,0.965926,0.781831,0.62349,False,False,NIGHT,2.0,4.0,9.0,28.0,53.0,237.0,0.0,0.0,0.0,3.36,3.876,83.54,6.8,83.537,84.965,16.46,1.2,5.8,16.96,100.0,100.0,6.2,3.75,17.05,1.79,36.843,0.0,74.533,33.986,False,,0.0,69.395,0.0,0.0,0.0,0.0,0.0,-3.0,-0.16,0.0,7.0,0.0,82.773,82.819,100.0,100.0,37.558,48.933,33.109,16.0,0.0,85.397,82.681,100.0,100.0,37.574,74.533,34.159,3.36,1.695,79.403,80.099,0.0,NORMAL
189,2026-06-02 23:15:00+00:00,23,1,-0.258819,0.965926,0.781831,0.62349,False,False,NIGHT,3.0,5.0,8.0,29.0,53.0,238.0,0.0,0.0,0.0,5.04,3.222,83.98,6.81,83.981,85.096,16.02,1.19,6.17,17.78,100.0,100.0,6.31,3.75,16.95,1.81,37.231,0.0,100.0,34.039,False,,0.0,71.846,0.0,0.0,0.0,0.0,0.0,-6.0,-0.32,0.0,8.0,0.0,83.231,82.753,100.0,100.0,37.389,74.533,33.292,15.0,0.0,86.29,82.463,100.0,100.0,37.243,48.933,34.516,1.68,2.569,79.528,79.867,0.0,MODERATE
190,2026-06-02 23:30:00+00:00,23,1,-0.258819,0.965926,0.781831,0.62349,False,False,NIGHT,3.0,6.0,10.0,30.0,55.0,237.0,0.0,0.0,0.0,5.04,4.527,84.1,6.82,84.098,85.238,15.9,1.18,5.63,16.58,100.0,100.0,5.64,3.75,17.61,1.69,34.769,0.0,100.0,34.095,False,,0.0,71.678,0.0,0.0,0.0,0.0,0.0,-2.0,0.0,0.0,7.0,0.0,83.439,82.214,100.0,100.0,38.2,48.933,33.376,14.0,0.0,86.668,83.448,100.0,100.0,37.567,100.0,34.667,3.36,2.113,80.176,80.127,0.0,MODERATE
191,2026-06-02 23:45:00+00:00,23,1,-0.258819,0.965926,0.781831,0.62349,False,False,NIGHT,1.0,4.0,9.0,31.0,54.0,234.0,0.0,0.0,0.0,1.68,5.194,83.37,6.67,83.369,83.369,16.63,1.33,6.27,17.99,100.0,100.0,5.89,3.73,17.38,1.73,35.635,0.0,48.933,33.348,False,,0.0,66.626,0.0,0.0,0.0,0.0,0.0,0.0,0.0,0.0,10.0,0.0,85.701,82.572,100.0,100.0,38.746,100.0,34.28,10.0,0.0,86.119,83.023,100.0,100.0,35.581,74.55,34.448,3.36,0.748,80.711,80.737,0.0,NORMAL
192,2026-06-03 00:00:00+00:00,0,2,0.0,1.0,0.974928,-0.222521,False,False,NIGHT,1.0,2.0,8.0,29.0,52.0,234.0,0.0,0.0,0.0,1.68,4.07,82.82,6.62,82.819,82.773,17.18,1.38,4.64,14.41,100.0,100.0,6.43,3.71,16.86,1.83,37.558,0.0,48.933,33.109,False,,0.0,66.559,0.0,0.0,0.0,0.0,0.0,-1.0,0.0,0.0,9.0,0.0,85.397,82.681,100.0,100.0,37.574,74.533,34.159,9.0,0.0,86.573,83.223,100.0,100.0,34.572,100.0,34.629,3.36,1.841,80.944,81.098,0.0,NORMAL
193,2026-06-03 00:15:00+00:00,0,2,0.0,1.0,0.974928,-0.222521,False,False,NIGHT,2.0,3.0,7.0,29.0,51.0,234.0,0.0,0.0,0.0,3.36,3.48,82.75,6.66,82.753,83.231,17.25,1.34,4.63,14.39,100.0,100.0,6.39,3.7,16.91,1.82,37.389,0.0,74.533,33.292,False,,0.0,68.925,0.0,0.0,0.0,0.0,0.0,-1.0,0.0,0.0,10.0,0.0,86.29,82.463,100.0,100.0,37.243,48.933,34.516,8.0,0.0,84.99,82.82,100.0,100.0,35.406,48.933,33.996,5.04,2.729,80.814,81.686,0.0,NORMAL
194,2026-06-03 00:30:00+00:00,0,2,0.0,1.0,0.974928,-0.222521,False,False,NIGHT,1.0,3.0,5.0,27.0,51.0,234.0,0.0,0.0,0.0,1.68,3.767,82.21,6.68,82.214,83.439,17.79,1.32,5.08,15.39,100.0,100.0,6.62,3.7,16.69,1.86,38.2,0.0,48.933,33.376,False,,0.0,66.617,0.0,0.0,0.0,0.0,0.0,-5.0,0.0,0.0,10.0,0.0,86.668,83.448,100.0,100.0,37.567,100.0,34.667,8.0,0.0,85.975,82.92,100.0,100.0,35.715,74.533,34.39,0.0,2.9,78.911,81.113,0.0,NORMAL
195,2026-06-03 00:45:00+00:00,0,2,0.0,1.0,0.974928,-0.222521,False,False,NIGHT,3.0,4.0,7.0,25.0,53.0,236.0,0.0,0.0,0.0,5.04,2.887,82.57,6.86,82.572,85.701,17.43,1.14,5.97,17.33,100.0,100.0,6.75,3.71,16.54,1.88,38.746,0.0,100.0,34.28,False,,0.0,71.793,0.0,0.0,0.0,0.0,0.0,-2.0,0.0,0.0,8.0,0.0,86.119,83.023,100.0,100.0,35.581,74.55,34.448,6.0,0.0,84.897,82.329,100.0,100.0,37.042,48.933,33.959,3.36,3.268,79.731,81.071,0.0,MODERATE
196,2026-06-03 01:00:00+00:00,1,2,0.258819,0.965926,0.974928,-0.222521,False,False,NIGHT,2.0,5.0,8.0,25.0,52.0,237.0,0.0,0.0,0.0,3.36,3.019,82.68,6.83,82.681,85.397,17.32,1.17,6.04,17.49,100.0,100.0,6.42,3.72,16.86,1.83,37.574,0.0,74.533,34.159,False,,0.0,69.359,0.0,0.0,0.0,0.0,0.0,0.0,0.0,0.0,7.0,0.0,86.573,83.223,100.0,100.0,34.572,100.0,34.629,6.0,0.0,84.467,81.913,100.0,100.0,37.667,48.933,33.787,9.957,3.407,84.956,82.29,0.64,NORMAL
197,2026-06-03 01:15:00+00:00,1,2,0.258819,0.965926,0.974928,-0.222521,False,False,NIGHT,1.0,3.0,7.0,22.0,51.0,236.0,0.0,0.0,0.0,1.68,2.266,82.46,6.9,82.463,86.29,17.54,1.1,6.27,17.99,100.0,100.0,6.32,3.74,16.94,1.81,37.243,0.0,48.933,34.516,False,,0.0,67.156,0.0,0.0,0.0,0.0,0.0,0.0,0.0,0.0,5.0,0.0,84.99,82.82,100.0,100.0,35.406,48.933,33.996,7.0,0.0,83.836,81.021,100.0,100.0,36.527,23.333,33.534,6.843,1.958,86.418,83.394,0.64,NORMAL
198,2026-06-03 01:30:00+00:00,1,2,0.258819,0.965926,0.974928,-0.222521,False,False,NIGHT,4.0,5.0,10.0,25.0,54.0,237.0,0.0,0.0,0.0,6.72,2.66,83.45,6.93,83.448,86.668,16.55,1.07,5.55,16.41,100.0,100.0,6.39,3.75,16.86,1.83,37.567,0.16,100.0,34.667,False,,0.0,72.073,0.0,0.0,0.0,0.0,0.0,5.0,0.16,0.04,4.0,0.0,85.975,82.92,100.0,100.0,35.715,74.533,34.39,8.0,0.0,82.687,80.109,100.0,100.0,34.911,23.333,33.075,6.72,3.495,87.604,84.106,0.8,MODERATE
199,2026-06-03 01:45:00+00:00,1,2,0.258819,0.965926,0.974928,-0.222521,False,False,NIGHT,2.0,6.0,9.0,25.0,51.0,239.0,0.0,0.0,0.0,3.36,5.233,83.02,6.89,83.023,86.119,16.98,1.11,6.27,17.99,100.0,100.0,5.85,3.76,17.39,1.73,35.581,0.0,74.55,34.448,False,,0.0,69.401,0.0,0.0,0.0,0.0,0.0,2.0,0.0,0.0,2.0,0.0,84.897,82.329,100.0,100.0,37.042,48.933,33.959,10.0,0.0,82.472,80.128,100.0,100.0,37.061,48.933,32.989,3.36,5.423,87.451,83.602,0.64,NORMAL
200,2026-06-03 02:00:00+00:00,2,2,0.5,0.866025,0.974928,-0.222521,False,False,NIGHT,3.0,5.0,10.0,26.0,54.0,241.0,0.0,0.0,0.0,5.04,4.096,83.22,6.93,83.223,86.573,16.78,1.07,6.01,17.42,100.0,100.0,5.57,3.77,17.67,1.68,34.572,0.0,100.0,34.629,False,,0.0,71.735,0.0,0.0,0.0,0.0,0.0,2.0,0.0,0.0,2.0,0.0,84.467,81.913,100.0,100.0,37.667,48.933,33.787,11.0,0.0,81.754,80.651,100.0,100.0,37.654,74.533,32.702,1.68,3.521,86.067,83.253,0.32,MODERATE
201,2026-06-03 02:15:00+00:00,2,2,0.5,0.866025,0.974928,-0.222521,False,False,NIGHT,1.0,4.0,10.0,24.0,53.0,242.0,0.0,0.0,0.0,1.68,3.799,82.82,6.8,82.82,84.99,17.18,1.2,6.27,17.99,100.0,100.0,5.8,3.76,17.44,1.72,35.406,0.0,48.933,33.996,False,,0.0,66.809,0.0,0.0,0.0,0.0,0.0,3.0,0.0,0.0,3.0,0.0,83.836,81.021,100.0,100.0,36.527,23.333,33.534,11.0,0.0,81.05,80.379,100.0,100.0,37.406,48.933,32.42,1.68,3.62,85.234,82.834,0.01,NORMAL
202,2026-06-03 02:30:00+00:00,2,2,0.5,0.866025,0.974928,-0.222521,False,False,NIGHT,2.0,3.0,8.0,23.0,53.0,243.0,0.0,0.0,0.0,3.36,2.645,82.92,6.88,82.92,85.975,17.08,1.12,6.27,17.99,100.0,100.0,5.88,3.77,17.36,1.74,35.715,0.0,74.533,34.39,False,,0.0,69.36,0.0,0.0,0.0,0.0,0.0,-2.0,-0.16,0.0,4.0,0.0,82.687,80.109,100.0,100.0,34.911,23.333,33.075,13.0,0.0,80.386,79.753,100.0,100.0,36.559,23.333,32.155,5.04,4.394,87.203,82.838,0.01,NORMAL
203,2026-06-03 02:45:00+00:00,2,2,0.5,0.866025,0.974928,-0.222521,False,False,NIGHT,1.0,3.0,7.0,23.0,54.0,243.0,0.0,0.0,0.0,1.68,4.391,82.33,6.79,82.329,84.897,17.67,1.21,5.59,16.51,100.0,100.0,6.24,3.76,17.0,1.8,37.042,0.0,48.933,33.959,False,,0.0,66.83,0.0,0.0,0.0,0.0,0.0,-2.0,0.0,0.0,4.0,0.0,82.472,80.128,100.0,100.0,37.061,48.933,32.989,13.0,0.0,79.566,79.67,100.0,100.0,35.861,48.933,31.826,0.0,3.495,85.234,82.122,0.0,NORMAL
204,2026-06-03 03:00:00+00:00,3,2,0.707107,0.707107,0.974928,-0.222521,False,False,NIGHT,1.0,2.0,5.0,23.0,52.0,244.0,0.0,0.0,0.0,1.68,3.481,81.91,6.76,81.913,84.467,18.09,1.24,5.63,16.58,100.0,100.0,6.42,3.75,16.83,1.83,37.667,0.0,48.933,33.787,False,,0.0,66.708,0.0,0.0,0.0,0.0,0.0,-5.0,0.0,0.0,4.0,0.0,81.754,80.651,100.0,100.0,37.654,74.533,32.702,14.0,0.0,79.403,80.099,100.0,100.0,34.653,74.533,31.761,3.36,1.499,84.704,82.63,0.0,NORMAL
205,2026-06-03 03:15:00+00:00,3,2,0.707107,0.707107,0.974928,-0.222521,False,False,NIGHT,0.0,1.0,4.0,21.0,50.0,243.0,0.0,0.0,0.0,0.0,3.768,81.02,6.71,81.021,83.836,18.98,1.29,4.98,15.16,100.0,100.0,6.12,3.74,17.14,1.78,36.527,0.0,23.333,33.534,False,,0.0,63.979,0.0,0.0,0.0,0.0,0.0,-6.0,0.0,0.0,4.0,0.0,81.05,80.379,100.0,100.0,37.406,48.933,32.42,19.0,0.0,79.528,79.867,100.0,100.0,33.406,48.933,31.811,5.04,4.361,85.076,82.77,0.0,NORMAL
206,2026-06-03 03:30:00+00:00,3,2,0.707107,0.707107,0.974928,-0.222521,False,False,NIGHT,0.0,0.0,2.0,20.0,47.0,241.0,0.0,0.0,0.0,0.0,4.017,80.11,6.61,80.109,82.687,19.89,1.39,6.27,17.99,100.0,100.0,5.71,3.72,17.57,1.7,34.911,0.0,23.333,33.075,False,,0.0,63.403,0.0,0.0,0.0,0.0,0.0,-6.0,0.0,0.0,4.0,0.0,80.386,79.753,100.0,100.0,36.559,23.333,32.155,21.0,0.0,80.176,80.127,100.0,100.0,34.167,74.533,32.07,3.36,3.43,85.146,82.747,0.0,NORMAL
207,2026-06-03 03:45:00+00:00,3,2,0.707107,0.707107,0.974928,-0.222521,False,False,NIGHT,1.0,1.0,2.0,18.0,43.0,240.0,0.0,0.0,0.0,1.68,1.672,80.13,6.6,80.128,82.472,19.87,1.4,5.82,17.0,100.0,100.0,6.31,3.7,16.99,1.8,37.061,0.0,48.933,32.989,False,,0.0,65.862,0.0,0.0,0.0,0.0,0.0,-5.0,0.0,0.0,6.0,0.0,79.566,79.67,100.0,100.0,35.861,48.933,31.826,23.0,0.0,80.711,80.737,100.0,100.0,34.598,74.533,32.284,8.4,3.461,87.234,83.815,0.32,NORMAL
208,2026-06-03 04:00:00+00:00,4,2,0.866025,0.5,0.974928,-0.222521,False,False,NIGHT,2.0,3.0,3.0,18.0,43.0,239.0,0.0,0.0,0.0,3.36,1.499,80.65,6.54,80.651,81.754,19.35,1.46,6.27,17.99,100.0,100.0,6.49,3.68,16.83,1.83,37.654,0.0,74.533,32.702,False,,0.0,68.191,0.0,0.0,0.0,0.0,0.0,-2.0,0.0,0.0,7.0,0.0,79.403,80.099,100.0,100.0,34.653,74.533,31.761,23.0,0.0,80.944,81.098,71.317,67.233,34.135,74.533,32.378,0.0,3.757,84.691,83.079,0.0,NORMAL
209,2026-06-03 04:15:00+00:00,4,2,0.866025,0.5,0.974928,-0.222521,False,False,NIGHT,1.0,3.0,4.0,18.0,40.0,239.0,0.0,0.0,0.0,1.68,2.993,80.38,6.48,80.379,81.05,19.62,1.52,6.27,17.99,100.0,100.0,6.44,3.66,16.9,1.82,37.406,0.0,48.933,32.42,False,,0.0,65.664,0.0,0.0,0.0,0.0,0.0,0.0,0.0,0.0,7.0,0.0,79.528,79.867,100.0,100.0,33.406,48.933,31.811,22.0,0.0,80.814,81.686,71.834,67.721,34.943,100.0,32.326,8.4,3.902,86.596,84.051,0.32,NORMAL
210,2026-06-03 04:30:00+00:00,4,2,0.866025,0.5,0.974928,-0.222521,False,False,NIGHT,0.0,1.0,4.0,14.0,39.0,239.0,0.0,0.0,0.0,0.0,2.718,79.75,6.43,79.753,80.386,20.25,1.57,6.27,17.99,100.0,100.0,6.24,3.63,17.13,1.78,36.559,0.0,23.333,32.155,False,,0.0,63.013,0.0,0.0,0.0,0.0,0.0,2.0,0.0,0.0,9.0,0.0,80.176,80.127,100.0,100.0,34.167,74.533,32.07,20.0,0.0,78.911,81.113,71.33,67.246,34.093,23.333,31.565,5.04,4.935,86.922,84.051,0.32,NORMAL
211,2026-06-03 04:45:00+00:00,4,2,0.866025,0.5,0.974928,-0.222521,False,False,NIGHT,1.0,1.0,4.0,13.0,38.0,237.0,0.0,0.0,0.0,1.68,2.274,79.67,6.37,79.67,79.566,20.33,1.63,6.27,17.99,100.0,100.0,6.08,3.61,17.32,1.74,35.861,0.0,48.933,31.826,False,,0.0,65.072,0.0,0.0,0.0,0.0,0.0,2.0,0.0,0.0,7.0,0.0,80.711,80.737,100.0,100.0,34.598,74.533,32.284,23.0,0.0,79.731,81.071,71.413,67.32,34.131,74.533,31.892,8.758,4.727,89.196,84.877,0.8,NORMAL
212,2026-06-03 05:00:00+00:00,5,2,0.965926,0.258819,0.974928,-0.222521,False,False,NIGHT,2.0,3.0,4.0,12.0,38.0,234.0,0.0,0.0,0.0,3.36,1.695,80.1,6.35,80.099,79.403,19.9,1.65,4.5,14.11,100.0,100.0,5.77,3.58,17.64,1.68,34.653,0.0,74.533,31.761,False,,0.0,67.329,0.0,0.0,0.0,0.0,0.0,1.0,0.0,0.0,7.0,0.0,80.944,81.098,71.317,67.233,34.135,74.533,32.378,21.0,1.07,84.956,82.29,76.493,71.969,33.761,100.0,40.423,8.042,5.501,90.015,85.447,0.96,NORMAL
213,2026-06-03 05:15:00+00:00,5,2,0.965926,0.258819,0.974928,-0.222521,False,False,NIGHT,1.0,3.0,4.0,12.0,36.0,234.0,0.0,0.0,0.0,1.68,2.569,79.87,6.36,79.867,79.528,20.13,1.64,6.27,17.99,100.0,100.0,5.45,3.57,17.98,1.62,33.406,0.0,48.933,31.811,False,,0.0,64.887,0.0,0.0,0.0,0.0,0.0,0.0,0.0,0.0,12.0,0.0,80.814,81.686,71.834,67.721,34.943,100.0,32.326,16.0,0.0,86.418,83.394,74.569,70.253,35.137,100.0,34.567,1.68,6.425,89.083,84.335,0.64,NORMAL
214,2026-06-03 05:30:00+00:00,5,2,0.965926,0.258819,0.974928,-0.222521,False,False,NIGHT,2.0,3.0,6.0,12.0,35.0,234.0,0.0,0.0,0.0,3.36,2.113,80.13,6.41,80.127,80.176,19.87,1.59,6.27,17.99,100.0,100.0,5.67,3.56,17.77,1.66,34.167,0.0,74.533,32.07,False,,0.0,67.446,0.0,0.0,0.0,0.0,0.0,2.0,0.0,0.0,12.0,0.0,78.911,81.113,71.33,67.246,34.093,23.333,31.565,16.0,0.0,87.604,84.106,73.962,69.727,36.061,100.0,35.042,1.68,4.894,87.704,83.642,0.32,NORMAL
215,2026-06-03 05:45:00+00:00,5,2,0.965926,0.258819,0.974928,-0.222521,False,False,NIGHT,2.0,4.0,7.0,13.0,36.0,235.0,0.0,0.0,0.0,3.36,0.748,80.74,6.46,80.737,80.711,19.26,1.54,6.27,17.99,100.0,100.0,5.78,3.56,17.66,1.68,34.598,0.0,74.533,32.284,False,,0.0,67.726,0.0,0.0,0.0,0.0,0.0,3.0,0.0,0.0,16.0,0.0,79.731,81.071,71.413,67.32,34.131,74.533,31.892,14.0,0.0,87.451,83.602,76.664,72.153,36.647,80.967,34.98,3.36,4.195,87.052,83.485,0.17,NORMAL
216,2026-06-03 06:00:00+00:00,6,2,1.0,0.0,0.974928,-0.222521,False,False,MORNING,2.0,4.0,7.0,14.0,37.0,234.0,0.0,0.0,0.0,3.36,1.841,81.1,6.48,81.098,80.944,18.9,1.52,11.97,27.41,71.317,67.233,5.66,3.56,17.78,1.66,34.135,0.0,74.533,32.378,False,,0.0,60.436,0.0,0.0,0.0,0.0,0.0,3.0,0.0,0.0,16.0,1.07,84.956,82.29,76.493,71.969,33.761,100.0,40.423,17.0,0.0,86.067,83.253,73.745,69.502,36.311,52.175,34.427,6.72,3.988,89.855,83.944,0.33,NORMAL
217,2026-06-03 06:15:00+00:00,6,2,1.0,0.0,0.974928,-0.222521,False,False,MORNING,3.0,5.0,9.0,17.0,38.0,236.0,0.0,0.0,0.0,5.04,2.729,81.69,6.47,81.686,80.814,18.31,1.53,11.97,27.41,71.834,67.721,5.88,3.56,17.57,1.7,34.943,0.0,100.0,32.326,False,,0.0,63.025,0.0,0.0,0.0,0.0,0.0,5.0,0.0,0.0,10.0,0.0,86.418,83.394,74.569,70.253,35.137,100.0,34.567,16.0,0.0,85.234,82.834,84.993,79.603,37.706,48.983,34.094,0.0,4.466,87.528,83.014,0.0,NORMAL
218,2026-06-03 06:30:00+00:00,6,2,1.0,0.0,0.974928,-0.222521,False,False,MORNING,0.0,3.0,7.0,17.0,37.0,231.0,0.0,0.0,0.0,0.0,2.9,81.11,6.31,81.113,78.911,18.89,1.69,11.97,27.41,71.33,67.246,5.66,3.54,17.8,1.66,34.093,0.0,23.333,31.565,False,,0.0,55.425,0.0,0.0,0.0,0.0,0.0,1.0,0.0,0.0,8.0,0.0,87.604,84.106,73.962,69.727,36.061,100.0,35.042,20.0,0.0,87.203,82.838,75.566,71.134,38.896,100.0,34.881,8.4,5.33,88.483,83.705,0.32,NORMAL
219,2026-06-03 06:45:00+00:00,6,2,1.0,0.0,0.974928,-0.222521,False,False,MORNING,2.0,2.0,7.0,18.0,36.0,232.0,0.0,0.0,0.0,3.36,3.268,81.07,6.38,81.071,79.731,18.93,1.62,11.95,27.37,71.413,67.32,5.68,3.53,17.78,1.66,34.131,0.0,74.533,31.892,False,,0.0,60.21,0.0,0.0,0.0,0.0,0.0,0.0,0.0,0.0,7.0,0.0,87.451,83.602,76.664,72.153,36.647,80.967,34.98,20.0,0.0,85.234,82.122,81.735,76.657,39.083,23.333,34.094,1.68,4.648,87.835,83.015,0.0,NORMAL
220,2026-06-03 07:00:00+00:00,7,2,0.965926,-0.258819,0.974928,-0.222521,False,False,MORNING,7.0,9.0,12.0,23.0,41.0,238.0,1.07,0.0,0.0,9.957,3.407,82.29,6.8,82.29,84.956,17.71,1.2,11.39,26.14,76.493,71.969,5.5,3.61,17.88,1.64,33.761,0.64,100.0,40.423,False,,1.7,65.634,1.07,1.07,1.07,0.067,1.07,5.0,0.64,0.428,5.0,0.0,86.067,83.253,73.745,69.502,36.311,52.175,34.427,26.0,0.0,84.704,82.63,72.664,68.503,37.104,74.533,33.882,8.4,2.951,90.435,84.169,0.32,NORMAL
221,2026-06-03 07:15:00+00:00,7,2,0.965926,-0.258819,0.974928,-0.222521,False,False,MORNING,3.0,10.0,12.0,25.0,43.0,239.0,0.0,0.1,0.0966,6.843,1.958,83.39,6.91,83.394,86.418,16.61,1.09,11.77,26.98,74.569,70.253,5.84,3.65,17.51,1.71,35.137,0.64,100.0,34.567,False,,0.0,65.171,-1.07,0.0,0.0,0.067,1.07,3.0,0.64,0.16,6.0,0.0,85.234,82.834,84.993,79.603,37.706,48.983,34.094,28.0,0.0,85.076,82.77,73.887,69.615,36.273,100.0,34.03,3.36,4.059,90.053,84.025,0.16,NORMAL
222,2026-06-03 07:30:00+00:00,7,2,0.965926,-0.258819,0.974928,-0.222521,False,False,MORNING,4.0,7.0,16.0,29.0,43.0,241.0,0.0,0.0,0.0,6.72,3.495,84.11,7.01,84.106,87.604,15.89,0.99,11.97,27.41,73.962,69.727,6.04,3.69,17.26,1.75,36.061,0.8,100.0,35.042,False,,0.0,65.512,0.0,-1.07,0.0,0.067,1.07,9.0,0.8,0.2,8.0,0.0,87.203,82.838,75.566,71.134,38.896,100.0,34.881,26.0,0.0,85.146,82.747,72.767,68.6,37.272,74.533,34.058,8.726,3.364,92.63,85.159,0.8,NORMAL
223,2026-06-03 07:45:00+00:00,7,2,0.965926,-0.258819,0.974928,-0.222521,False,False,MORNING,2.0,6.0,16.0,30.0,43.0,242.0,0.0,0.0,0.0,3.36,5.423,83.6,7.0,83.602,87.451,16.4,1.0,11.48,26.33,76.664,72.153,6.17,3.72,17.11,1.78,36.647,0.64,80.967,34.98,False,,0.0,64.326,0.0,0.0,0.0,0.067,1.07,9.0,0.64,0.16,7.0,0.0,85.234,82.122,81.735,76.657,39.083,23.333,34.094,25.0,0.0,87.234,83.815,73.706,69.486,37.34,100.0,34.894,8.074,3.897,93.764,86.113,0.81,NORMAL
224,2026-06-03 08:00:00+00:00,8,2,0.866025,-0.5,0.974928,-0.222521,False,False,MORNING,1.0,3.0,10.0,29.0,41.0,241.0,0.0,0.0,0.0,1.68,3.521,83.25,6.89,83.253,86.067,16.75,1.11,11.88,27.22,73.745,69.502,6.07,3.74,17.2,1.76,36.311,0.32,52.175,34.427,False,,0.0,60.682,0.0,0.0,-1.07,0.067,1.07,-2.0,-0.32,0.08,12.0,0.0,84.704,82.63,72.664,68.503,37.104,74.533,33.882,22.0,0.0,84.691,83.079,90.773,84.766,37.738,23.333,33.876,6.72,5.742,93.883,86.348,0.97,NORMAL
225,2026-06-03 08:15:00+00:00,8,2,0.866025,-0.5,0.974928,-0.222521,False,False,MORNING,1.0,2.0,8.0,29.0,41.0,239.0,0.0,0.0,0.0,1.68,3.62,82.83,6.82,82.834,85.234,17.17,1.18,10.26,23.65,84.993,79.603,6.44,3.74,16.82,1.83,37.706,0.01,48.983,34.094,False,,0.0,62.824,0.0,0.0,0.0,0.067,1.07,-4.0,-0.63,0.002,10.0,0.0,85.076,82.77,73.887,69.615,36.273,100.0,34.03,26.0,0.0,86.596,84.051,73.914,69.682,41.01,100.0,34.638,6.72,6.239,94.391,86.428,1.13,NORMAL
226,2026-06-03 08:30:00+00:00,8,2,0.866025,-0.5,0.974928,-0.222521,False,False,MORNING,3.0,4.0,7.0,30.0,42.0,239.0,0.0,0.0,0.0,5.04,4.394,82.84,6.98,82.838,87.203,17.16,1.02,11.54,26.47,75.566,71.134,6.74,3.76,16.5,1.89,38.896,0.01,100.0,34.881,False,,0.0,65.77,0.0,0.0,0.0,0.067,1.07,-9.0,-0.79,0.002,12.0,0.0,85.146,82.747,72.767,68.6,37.272,74.533,34.058,21.0,0.0,86.922,84.051,73.914,69.682,37.731,100.0,34.769,5.04,5.835,92.369,86.391,1.13,NORMAL
227,2026-06-03 08:45:00+00:00,8,2,0.866025,-0.5,0.974928,-0.222521,False,False,MORNING,0.0,3.0,5.0,28.0,41.0,236.0,0.0,0.0,0.0,0.0,3.495,82.12,6.82,82.122,85.234,17.88,1.18,10.58,24.35,81.735,76.657,6.8,3.76,16.45,1.9,39.083,0.0,23.333,34.094,False,,0.0,59.738,0.0,0.0,0.0,0.067,1.07,-11.0,-0.64,0.0,13.0,0.0,87.234,83.815,73.706,69.486,37.34,100.0,34.894,23.0,0.79,89.196,84.877,88.591,82.924,37.089,100.0,40.398,6.72,5.246,93.131,86.698,1.29,NORMAL
228,2026-06-03 09:00:00+00:00,9,2,0.707107,-0.707107,0.974928,-0.222521,False,False,MORNING,2.0,2.0,6.0,28.0,42.0,237.0,0.0,0.0,0.0,3.36,1.499,82.63,6.78,82.63,84.704,17.37,1.22,11.97,27.41,72.664,68.503,6.27,3.75,16.98,1.8,37.104,0.0,74.533,33.882,False,,0.0,62.107,0.0,0.0,0.0,0.067,1.07,-4.0,-0.32,0.0,14.0,0.0,84.691,83.079,90.773,84.766,37.738,23.333,33.876,18.0,0.0,90.015,85.447,87.817,82.242,38.906,100.0,36.006,3.36,4.303,92.514,86.512,1.13,NORMAL
229,2026-06-03 09:15:00+00:00,9,2,0.707107,-0.707107,0.974928,-0.222521,False,False,MORNING,3.0,5.0,8.0,28.0,45.0,238.0,0.0,0.0,0.0,5.04,4.361,82.77,6.81,82.77,85.076,17.23,1.19,11.79,27.02,73.887,69.615,6.04,3.75,17.21,1.76,36.273,0.0,100.0,34.03,False,,0.0,64.709,0.0,0.0,0.0,0.067,1.07,0.0,-0.01,0.0,18.0,0.0,86.596,84.051,73.914,69.682,41.01,100.0,34.638,19.0,0.0,89.083,84.335,81.898,76.892,38.397,55.375,35.633,7.774,5.235,93.465,87.07,1.45,NORMAL
230,2026-06-03 09:30:00+00:00,9,2,0.707107,-0.707107,0.974928,-0.222521,False,False,MORNING,2.0,5.0,7.0,30.0,47.0,235.0,0.0,0.0,0.0,3.36,3.43,82.75,6.81,82.747,85.146,17.25,1.19,11.97,27.41,72.767,68.6,6.31,3.75,16.94,1.81,37.272,0.0,74.533,34.058,False,,0.0,62.26,0.0,0.0,0.0,0.067,1.07,0.0,-0.01,0.0,14.0,0.0,86.922,84.051,73.914,69.682,37.731,100.0,34.769,20.0,0.0,87.704,83.642,75.923,71.485,38.106,52.183,35.081,5.666,5.673,93.775,87.044,1.45,NORMAL
231,2026-06-03 09:45:00+00:00,9,2,0.707107,-0.707107,0.974928,-0.222521,False,False,MORNING,5.0,7.0,12.0,33.0,51.0,235.0,0.0,0.0,0.0,8.4,3.461,83.81,6.98,83.815,87.234,16.19,1.02,11.97,27.41,73.706,69.486,6.32,3.77,16.92,1.81,37.34,0.32,100.0,34.894,False,,0.0,65.43,0.0,0.0,0.0,0.067,1.07,7.0,0.32,0.08,12.0,0.79,89.196,84.877,88.591,82.924,37.089,100.0,40.398,26.0,0.0,87.052,83.485,75.577,71.167,37.462,76.192,34.821,3.36,6.794,92.25,86.307,1.29,NORMAL
232,2026-06-03 10:00:00+00:00,10,2,0.5,-0.866025,0.974928,-0.222521,False,False,MORNING,0.0,5.0,10.0,26.0,49.0,229.0,0.0,0.0,0.0,0.0,3.757,83.08,6.78,83.079,84.691,16.92,1.22,9.63,22.28,90.773,84.766,6.43,3.76,16.81,1.83,37.738,0.0,23.333,33.876,False,,0.0,61.777,0.0,0.0,0.0,0.067,1.07,4.0,0.0,0.0,8.0,0.0,90.015,85.447,87.817,82.242,38.906,100.0,36.006,27.0,0.0,89.855,83.944,91.54,85.49,37.399,100.0,35.942,7.853,4.763,92.84,87.033,1.61,NORMAL
233,2026-06-03 10:15:00+00:00,10,2,0.5,-0.866025,0.974928,-0.222521,False,False,MORNING,5.0,5.0,12.0,28.0,53.0,230.0,0.0,0.0,0.0,8.4,3.902,84.05,6.93,84.051,86.596,15.95,1.07,11.97,27.41,73.914,69.682,7.3,3.77,15.93,1.99,41.01,0.32,100.0,34.638,False,,0.0,65.733,0.0,0.0,0.0,0.067,1.07,4.0,0.32,0.08,8.0,0.0,89.083,84.335,81.898,76.892,38.397,55.375,35.633,27.0,0.0,87.528,83.014,79.321,74.525,38.915,23.333,35.011,2.227,5.361,90.554,86.432,1.29,NORMAL
234,2026-06-03 10:30:00+00:00,10,2,0.5,-0.866025,0.974928,-0.222521,False,False,MORNING,3.0,8.0,13.0,27.0,56.0,231.0,0.0,0.0,0.0,5.04,4.935,84.05,6.95,84.051,86.922,15.95,1.05,11.97,27.41,73.914,69.682,6.41,3.78,16.81,1.83,37.731,0.32,100.0,34.769,False,,0.0,65.503,0.0,0.0,0.0,0.067,1.07,6.0,0.32,0.08,7.0,0.0,87.704,83.642,75.923,71.485,38.106,52.183,35.081,31.0,0.0,88.483,83.705,73.609,69.395,39.575,100.0,35.393,5.04,4.903,90.863,86.441,1.29,NORMAL
235,2026-06-03 10:45:00+00:00,10,2,0.5,-0.866025,0.974928,-0.222521,False,False,MORNING,6.0,9.0,14.0,31.0,61.0,233.0,0.79,0.0,0.0,8.758,4.727,84.88,7.14,84.877,89.196,15.12,0.86,10.13,23.36,88.591,82.924,6.18,3.84,16.99,1.8,37.089,0.8,100.0,40.398,False,,1.4,69.938,0.79,0.79,0.79,0.116,1.07,2.0,0.48,0.398,11.0,0.0,87.052,83.485,75.577,71.167,37.462,76.192,34.821,29.0,0.0,87.835,83.015,73.003,68.823,38.586,48.95,35.134,1.68,6.008,89.165,85.495,0.97,NORMAL
236,2026-06-03 11:00:00+00:00,11,2,0.258819,-0.965926,0.974928,-0.222521,False,False,MORNING,4.0,10.0,18.0,34.0,63.0,236.0,0.0,0.07,0.0708,8.042,5.501,85.45,7.2,85.447,90.015,14.55,0.8,10.24,23.61,87.817,82.242,6.64,3.86,16.5,1.89,38.906,0.96,100.0,36.006,False,,0.0,69.71,-0.79,0.0,0.0,0.049,0.79,8.0,0.96,0.24,10.0,0.0,89.855,83.944,91.54,85.49,37.399,100.0,35.942,32.0,0.0,90.435,84.169,74.018,69.779,37.865,100.0,36.174,3.36,5.343,88.115,85.083,0.82,NORMAL
237,2026-06-03 11:15:00+00:00,11,2,0.258819,-0.965926,0.974928,-0.222521,False,False,MORNING,1.0,5.0,14.0,34.0,63.0,232.0,0.0,0.0,0.0,1.68,6.425,84.34,7.13,84.335,89.083,15.66,0.87,10.84,24.93,81.898,76.892,6.49,3.87,16.63,1.87,38.397,0.64,55.375,35.633,False,,0.0,63.865,0.0,-0.79,0.0,0.049,0.79,2.0,0.32,0.16,11.0,0.0,87.528,83.014,79.321,74.525,38.915,23.333,35.011,29.0,0.0,90.053,84.025,73.891,69.66,37.235,76.167,36.021,3.36,5.363,86.699,84.696,0.66,NORMAL
238,2026-06-03 11:30:00+00:00,11,2,0.258819,-0.965926,0.974928,-0.222521,False,False,MORNING,1.0,2.0,12.0,32.0,62.0,231.0,0.0,0.0,0.0,1.68,4.894,83.64,7.02,83.642,87.704,16.36,0.98,11.6,26.59,75.923,71.485,6.42,3.87,16.71,1.85,38.106,0.32,52.183,35.081,False,,0.0,61.757,0.0,0.0,0.0,0.049,0.79,-1.0,0.0,0.08,13.0,0.0,88.483,83.705,73.609,69.395,39.575,100.0,35.393,32.0,1.81,92.63,85.159,75.603,71.274,36.709,100.0,47.888,3.36,6.609,85.965,83.942,0.5,NORMAL
239,2026-06-03 11:45:00+00:00,11,2,0.258819,-0.965926,0.974928,-0.222521,False,False,MORNING,2.0,3.0,8.0,34.0,62.0,229.0,0.0,0.0,0.0,3.36,4.195,83.49,6.96,83.485,87.052,16.51,1.04,11.63,26.66,75.577,71.167,6.25,3.86,16.89,1.82,37.462,0.17,76.192,34.821,False,,0.0,63.615,0.0,0.0,-0.79,0.049,0.79,-6.0,-0.63,0.042,15.0,0.0,87.835,83.015,73.003,68.823,38.586,48.95,35.134,28.0,0.0,93.764,86.113,75.727,71.391,38.732,100.0,37.506,5.04,3.986,86.856,84.135,0.5,NORMAL
240,2026-06-03 12:00:00+00:00,12,2,0.0,-1.0,0.974928,-0.222521,False,False,MORNING,4.0,6.0,8.0,36.0,64.0,230.0,0.0,0.0,0.0,6.72,3.988,83.94,7.19,83.944,89.855,16.06,0.81,9.65,22.32,91.54,85.49,6.22,3.88,16.9,1.82,37.399,0.33,100.0,35.942,False,,0.0,70.048,0.0,0.0,0.0,0.049,0.79,-10.0,-0.63,0.082,17.0,0.0,90.435,84.169,74.018,69.779,37.865,100.0,36.174,27.0,0.0,93.883,86.348,88.589,84.254,38.054,100.0,37.553,8.4,4.039,88.69,85.078,0.82,MODERATE
241,2026-06-03 12:15:00+00:00,12,2,0.0,-1.0,0.974928,-0.222521,False,False,MORNING,0.0,4.0,7.0,33.0,61.0,227.0,0.0,0.0,0.0,0.0,4.466,83.01,7.0,83.014,87.528,16.99,1.0,11.02,25.32,79.321,74.525,6.63,3.87,16.49,1.89,38.915,0.0,23.333,35.011,False,,0.0,59.833,0.0,0.0,0.0,0.049,0.79,-7.0,-0.64,0.0,16.0,0.0,90.053,84.025,73.891,69.66,37.235,76.167,36.021,28.0,0.0,94.391,86.428,100.0,99.676,40.103,100.0,37.756,1.68,5.885,85.892,84.251,0.5,NORMAL
242,2026-06-03 12:30:00+00:00,12,2,0.0,-1.0,0.974928,-0.222521,False,False,MORNING,5.0,5.0,11.0,36.0,66.0,230.0,0.0,0.0,0.0,8.4,5.33,83.7,7.08,83.705,88.483,16.3,0.92,11.97,27.41,73.609,69.395,6.81,3.88,16.31,1.92,39.575,0.32,100.0,35.393,False,,0.0,65.834,0.0,0.0,0.0,0.049,0.79,-1.0,0.0,0.08,18.0,1.81,92.63,85.159,75.603,71.274,36.709,100.0,47.888,25.0,0.0,92.369,86.391,100.0,100.0,40.062,100.0,36.948,6.72,4.19,87.879,84.724,0.66,NORMAL
243,2026-06-03 12:45:00+00:00,12,2,0.0,-1.0,0.974928,-0.222521,False,False,MORNING,1.0,6.0,10.0,32.0,65.0,227.0,0.0,0.0,0.0,1.68,4.648,83.01,7.03,83.015,87.835,16.99,0.97,11.97,27.41,73.003,68.823,6.54,3.88,16.58,1.88,38.586,0.0,48.95,35.134,False,,0.0,60.728,0.0,0.0,0.0,0.049,0.79,2.0,-0.17,0.0,14.0,0.0,93.764,86.113,75.727,71.391,38.732,100.0,37.506,25.0,0.0,93.131,86.698,88.948,84.596,38.693,100.0,37.253,6.72,4.531,88.905,85.189,0.82,NORMAL
244,2026-06-03 13:00:00+00:00,13,2,-0.258819,-0.965926,0.974928,-0.222521,False,False,MORNING,5.0,6.0,11.0,37.0,63.0,228.0,0.0,0.0,0.0,8.4,2.951,84.17,7.23,84.169,90.435,15.83,0.77,11.97,27.41,74.018,69.779,6.33,3.9,16.78,1.84,37.865,0.32,100.0,36.174,False,,0.0,66.268,0.0,0.0,0.0,0.049,0.79,3.0,-0.01,0.08,15.0,0.0,93.883,86.348,88.589,84.254,38.054,100.0,37.553,22.0,0.0,92.514,86.512,91.256,86.715,37.714,85.825,37.005,3.36,4.885,88.855,84.812,0.66,NORMAL
245,2026-06-03 13:15:00+00:00,13,2,-0.258819,-0.965926,0.974928,-0.222521,False,False,MORNING,2.0,7.0,13.0,34.0,62.0,225.0,0.0,0.0,0.0,3.36,4.059,84.02,7.2,84.025,90.053,15.98,0.8,11.97,27.41,73.891,69.66,6.14,3.91,16.95,1.81,37.235,0.16,76.167,36.021,False,,0.0,63.928,0.0,0.0,0.0,0.049,0.79,6.0,0.16,0.04,13.0,0.0,94.391,86.428,100.0,99.676,40.103,100.0,37.756,22.0,0.37,93.465,87.07,89.503,85.123,37.805,100.0,39.622,8.451,3.895,91.589,85.733,1.3,NORMAL
246,2026-06-03 13:30:00+00:00,13,2,-0.258819,-0.965926,0.974928,-0.222521,False,False,MORNING,7.0,9.0,15.0,38.0,65.0,229.0,1.81,0.0,0.0,8.726,3.364,85.16,7.41,85.159,92.63,14.84,0.59,11.97,27.41,75.603,71.274,5.9,4.01,17.09,1.78,36.709,0.8,100.0,47.888,False,,3.3,68.348,1.81,1.81,1.81,0.162,1.81,4.0,0.48,0.653,14.0,0.0,92.369,86.391,100.0,100.0,40.062,100.0,36.948,19.0,0.0,93.775,87.044,100.0,99.444,37.908,100.0,37.51,8.074,5.082,93.541,86.325,1.62,NORMAL
247,2026-06-03 13:45:00+00:00,13,2,-0.258819,-0.965926,0.974928,-0.222521,False,False,MORNING,3.0,10.0,17.0,35.0,66.0,228.0,0.0,0.16,0.1625,8.074,3.897,86.11,7.5,86.113,93.764,13.89,0.5,11.97,27.41,75.727,71.391,6.43,4.03,16.54,1.88,38.732,0.81,100.0,37.506,False,,0.0,67.838,-1.81,0.0,0.0,0.162,1.81,7.0,0.81,0.202,14.0,0.0,93.131,86.698,88.948,84.596,38.693,100.0,37.253,18.0,0.0,92.25,86.307,88.548,84.215,39.285,87.45,36.9,7.829,5.765,94.437,86.769,1.94,NORMAL
248,2026-06-03 14:00:00+00:00,14,2,-0.5,-0.866025,0.974928,-0.222521,False,False,EVENING,4.0,7.0,16.0,35.0,69.0,230.0,0.0,0.0,0.0,6.72,5.742,86.35,7.51,86.348,93.883,13.65,0.49,10.26,23.29,88.589,84.254,6.22,4.05,16.73,1.85,38.054,0.97,100.0,37.553,False,,0.0,70.939,0.0,-1.81,0.0,0.162,1.81,5.0,0.65,0.242,12.0,0.0,92.514,86.512,91.256,86.715,37.714,85.825,37.005,19.0,0.33,92.84,87.033,94.645,89.852,40.088,100.0,39.09,7.653,4.572,94.748,87.514,2.43,MODERATE
249,2026-06-03 14:15:00+00:00,14,2,-0.5,-0.866025,0.974928,-0.222521,False,False,EVENING,4.0,8.0,18.0,38.0,72.0,228.0,0.0,0.0,0.0,6.72,6.239,86.43,7.55,86.428,94.391,13.57,0.45,8.63,19.71,100.0,99.676,6.76,4.07,16.17,1.95,40.103,1.13,100.0,37.756,False,,0.0,74.463,0.0,0.0,0.0,0.162,1.81,5.0,0.97,0.282,15.0,0.37,93.465,87.07,89.503,85.123,37.805,100.0,39.622,19.0,0.0,90.554,86.432,92.081,87.471,39.485,61.867,36.222,7.373,5.578,95.638,87.892,2.27,MODERATE
250,2026-06-03 14:30:00+00:00,14,2,-0.5,-0.866025,0.974928,-0.222521,False,False,EVENING,3.0,7.0,14.0,40.0,72.0,229.0,0.0,0.0,0.0,5.04,5.835,86.39,7.39,86.391,92.369,13.61,0.61,8.56,19.55,100.0,100.0,6.75,4.07,16.18,1.95,40.062,1.13,100.0,36.948,False,,0.0,74.085,0.0,0.0,-1.81,0.162,1.81,-1.0,0.33,0.282,11.0,0.0,93.775,87.044,100.0,99.444,37.908,100.0,37.51,19.0,0.0,90.863,86.441,92.372,87.739,38.143,100.0,36.345,5.979,7.425,95.834,87.515,2.11,MODERATE
251,2026-06-03 14:45:00+00:00,14,2,-0.5,-0.866025,0.974928,-0.222521,False,False,EVENING,4.0,7.0,15.0,42.0,76.0,232.0,0.0,0.0,0.0,6.72,5.246,86.7,7.45,86.698,93.131,13.3,0.55,10.26,23.29,88.948,84.596,6.37,4.08,16.55,1.88,38.693,1.29,100.0,37.253,False,,0.0,71.007,0.0,0.0,0.0,0.113,1.81,-2.0,0.48,0.322,11.0,0.0,92.25,86.307,88.548,84.215,39.285,87.45,36.9,20.0,0.0,89.165,85.495,94.387,89.558,38.515,58.683,35.666,6.72,6.287,96.479,87.571,2.27,MODERATE
252,2026-06-03 15:00:00+00:00,15,2,-0.707107,-0.707107,0.974928,-0.222521,False,False,EVENING,2.0,6.0,13.0,40.0,76.0,232.0,0.0,0.0,0.0,3.36,4.303,86.51,7.4,86.512,92.514,13.49,0.6,9.98,22.67,91.256,86.715,6.11,4.07,16.82,1.83,37.714,1.13,85.825,37.005,False,,0.0,70.01,0.0,0.0,0.0,0.113,1.81,-3.0,0.16,0.282,10.0,0.33,92.84,87.033,94.645,89.852,40.088,100.0,39.09,23.0,0.0,88.115,85.083,92.048,87.397,39.585,82.692,35.246,12.485,7.091,100.0,88.463,4.35,MODERATE
253,2026-06-03 15:15:00+00:00,15,2,-0.707107,-0.707107,0.974928,-0.222521,False,False,EVENING,5.0,7.0,14.0,45.0,78.0,235.0,0.37,0.0,0.0,7.774,5.235,87.07,7.48,87.07,93.465,12.93,0.52,10.26,23.29,89.503,85.123,6.11,4.1,16.79,1.84,37.805,1.45,100.0,39.622,False,,0.8,71.443,0.37,0.37,0.37,0.136,1.81,-4.0,0.32,0.455,7.0,0.0,90.554,86.432,92.081,87.471,39.485,61.867,36.222,23.0,0.0,86.699,84.696,86.894,82.642,38.462,81.1,34.68,11.843,7.53,100.0,89.222,5.15,MODERATE
254,2026-06-03 15:30:00+00:00,15,2,-0.707107,-0.707107,0.974928,-0.222521,False,False,EVENING,3.0,8.0,14.0,43.0,79.0,235.0,0.0,0.03,0.0335,5.666,5.673,87.04,7.5,87.044,93.775,12.96,0.5,8.72,19.89,100.0,99.444,6.13,4.1,16.76,1.84,37.908,1.45,100.0,37.51,False,,0.0,74.25,-0.37,0.0,0.0,0.136,1.81,0.0,0.32,0.362,8.0,0.0,90.863,86.441,92.372,87.739,38.143,100.0,36.345,28.0,0.0,85.965,83.942,97.94,92.754,38.542,79.508,34.386,11.365,7.851,100.0,89.742,5.63,MODERATE
255,2026-06-03 15:45:00+00:00,15,2,-0.707107,-0.707107,0.974928,-0.222521,False,False,EVENING,2.0,5.0,12.0,44.0,76.0,234.0,0.0,0.0,0.0,3.36,6.794,86.31,7.38,86.307,92.25,13.69,0.62,10.26,23.29,88.548,84.215,6.51,4.09,16.39,1.91,39.285,1.29,87.45,36.9,False,,0.0,69.575,0.0,-0.37,0.0,0.136,1.81,-3.0,0.0,0.322,7.0,0.0,89.165,85.495,94.387,89.558,38.515,58.683,35.666,31.0,0.0,86.856,84.135,86.712,82.457,38.162,100.0,34.742,11.038,7.977,100.0,90.137,7.07,NORMAL
256,2026-06-03 16:00:00+00:00,16,2,-0.866025,-0.5,0.974928,-0.222521,False,False,EVENING,5.0,7.0,15.0,44.0,81.0,234.0,0.33,0.0,0.0,7.853,4.763,87.03,7.43,87.033,92.84,12.97,0.57,9.7,22.05,94.645,89.852,6.72,4.1,16.18,1.95,40.088,1.61,100.0,39.09,False,,0.7,72.674,0.33,0.33,0.33,0.157,1.81,2.0,0.48,0.485,9.0,0.0,88.115,85.083,92.048,87.397,39.585,82.692,35.246,33.0,0.0,88.69,85.078,90.903,86.344,36.883,100.0,35.476,10.79,7.24,100.0,90.733,8.19,MODERATE
257,2026-06-03 16:15:00+00:00,16,2,-0.866025,-0.5,0.974928,-0.222521,False,False,EVENING,1.0,6.0,11.0,43.0,77.0,229.0,0.0,0.03,0.0293,2.227,5.361,86.43,7.24,86.432,90.554,13.57,0.76,9.88,22.46,92.081,87.471,6.58,4.08,16.34,1.92,39.485,1.29,61.867,36.222,False,,0.0,67.794,-0.33,0.0,-0.37,0.157,1.81,-3.0,-0.16,0.322,12.0,0.0,86.699,84.696,86.894,82.642,38.462,81.1,34.68,34.0,0.0,85.892,84.251,87.974,83.624,37.176,53.933,34.357,10.414,9.273,100.0,90.719,8.99,NORMAL
258,2026-06-03 16:30:00+00:00,16,2,-0.866025,-0.5,0.974928,-0.222521,False,False,EVENING,3.0,4.0,11.0,39.0,77.0,226.0,0.0,0.0,0.0,5.04,4.903,86.44,7.27,86.441,90.863,13.56,0.73,9.85,22.39,92.372,87.739,6.24,4.06,16.7,1.85,38.143,1.29,100.0,36.345,False,,0.0,71.236,0.0,-0.33,0.0,0.157,1.81,-3.0,-0.16,0.322,11.0,0.0,85.965,83.942,97.94,92.754,38.542,79.508,34.386,35.0,0.0,87.879,84.724,86.924,82.67,37.169,100.0,35.152,10.423,8.021,100.0,91.083,9.47,MODERATE
259,2026-06-03 16:45:00+00:00,16,2,-0.866025,-0.5,0.974928,-0.222521,False,False,EVENING,1.0,4.0,10.0,37.0,72.0,224.0,0.0,0.0,0.0,1.68,6.008,85.5,7.13,85.495,89.165,14.5,0.87,9.53,21.7,94.387,89.558,6.36,4.04,16.6,1.87,38.515,0.97,58.683,35.666,False,,0.0,67.463,0.0,0.0,0.0,0.157,1.81,-2.0,-0.32,0.242,13.0,0.0,86.856,84.135,86.712,82.457,38.162,100.0,34.742,33.0,0.0,88.905,85.189,91.642,87.027,39.414,100.0,35.562,10.194,9.106,100.0,91.069,10.44,NORMAL
260,2026-06-03 17:00:00+00:00,17,2,-0.965926,-0.258819,0.974928,-0.222521,False,False,EVENING,2.0,3.0,7.0,35.0,70.0,224.0,0.0,0.0,0.0,3.36,5.343,85.08,7.05,85.083,88.115,14.92,0.95,9.73,22.13,92.048,87.397,6.68,4.0,16.31,1.92,39.585,0.82,82.692,35.246,False,,0.0,68.88,0.0,0.0,-0.33,0.157,1.81,-8.0,-0.79,0.205,14.0,0.0,88.69,85.078,90.903,86.344,36.883,100.0,35.476,33.0,0.0,88.855,84.812,93.22,88.464,39.074,81.158,35.542,10.202,7.678,100.0,91.471,11.08,NORMAL
261,2026-06-03 17:15:00+00:00,17,2,-0.965926,-0.258819,0.974928,-0.222521,False,False,EVENING,2.0,4.0,8.0,33.0,71.0,223.0,0.0,0.0,0.0,3.36,5.363,84.7,6.94,84.696,86.699,15.3,1.06,10.26,23.29,86.894,82.642,6.42,3.97,16.62,1.87,38.462,0.66,81.1,34.68,False,,0.0,67.078,0.0,0.0,0.0,0.157,1.81,-3.0,-0.63,0.165,11.0,0.0,85.892,84.251,87.974,83.624,37.176,53.933,34.357,47.0,1.97,91.589,85.733,93.218,88.523,38.677,100.0,48.453,9.949,8.715,100.0,91.585,11.72,NORMAL
262,2026-06-03 17:30:00+00:00,17,2,-0.965926,-0.258819,0.974928,-0.222521,False,False,EVENING,2.0,4.0,7.0,32.0,72.0,224.0,0.0,0.0,0.0,3.36,6.609,83.94,6.88,83.942,85.965,16.06,1.12,9.02,20.57,97.94,92.754,6.48,3.93,16.59,1.87,38.542,0.5,79.508,34.386,False,,0.0,69.168,0.0,0.0,0.0,0.044,0.37,-4.0,-0.79,0.125,17.0,0.0,87.879,84.724,86.924,82.67,37.169,100.0,35.152,48.0,2.16,93.541,86.325,100.0,95.394,39.883,100.0,50.397,9.878,8.554,100.0,91.701,11.72,NORMAL
263,2026-06-03 17:45:00+00:00,17,2,-0.965926,-0.258819,0.974928,-0.222521,False,False,EVENING,3.0,5.0,9.0,31.0,73.0,225.0,0.0,0.0,0.0,5.04,3.986,84.13,6.95,84.135,86.856,15.87,1.05,10.21,23.19,86.712,82.457,6.4,3.91,16.7,1.85,38.162,0.5,100.0,34.742,False,,0.0,68.616,0.0,0.0,0.0,0.044,0.37,-1.0,-0.47,0.125,18.0,0.0,88.905,85.189,91.642,87.027,39.414,100.0,35.562,49.0,2.5,94.437,86.769,93.434,88.763,41.557,100.0,52.794,9.804,7.739,100.0,91.965,12.36,NORMAL
264,2026-06-03 18:00:00+00:00,18,2,-1.0,-0.0,0.974928,-0.222521,False,False,EVENING,5.0,8.0,12.0,34.0,74.0,227.0,0.0,0.0,0.0,8.4,4.039,85.08,7.1,85.078,88.69,14.92,0.9,9.85,22.39,90.903,86.344,6.05,3.91,17.04,1.79,36.883,0.82,100.0,35.476,False,,0.0,70.044,0.0,0.0,0.0,0.044,0.37,5.0,0.0,0.205,19.0,0.0,88.855,84.812,93.22,88.464,39.074,81.158,35.542,56.0,3.95,94.748,87.514,92.145,87.62,40.89,100.0,61.586,9.639,8.69,100.0,92.017,12.68,MODERATE
265,2026-06-03 18:15:00+00:00,18,2,-1.0,-0.0,0.974928,-0.222521,False,False,EVENING,1.0,6.0,11.0,30.0,75.0,225.0,0.0,0.0,0.0,1.68,5.885,84.25,6.87,84.251,85.892,15.75,1.13,10.08,22.9,87.974,83.624,6.16,3.88,16.96,1.81,37.176,0.5,53.933,34.357,False,,0.0,64.505,0.0,0.0,0.0,0.044,0.37,3.0,-0.16,0.125,23.0,1.97,91.589,85.733,93.218,88.523,38.677,100.0,48.453,60.0,1.56,95.638,87.892,94.159,89.452,40.912,97.2,47.609,9.606,9.972,100.0,91.687,12.84,NORMAL
266,2026-06-03 18:30:00+00:00,18,2,-1.0,-0.0,0.974928,-0.222521,False,False,EVENING,4.0,5.0,13.0,31.0,74.0,228.0,0.0,0.0,0.0,6.72,4.19,84.72,7.03,84.724,87.879,15.28,0.97,10.26,23.29,86.924,82.67,6.16,3.88,16.96,1.81,37.169,0.66,100.0,35.152,False,,0.0,68.912,0.0,0.0,0.0,0.044,0.37,6.0,0.16,0.165,18.0,2.16,93.541,86.325,100.0,95.394,39.883,100.0,50.397,66.0,0.0,95.834,87.515,100.0,100.0,42.48,95.608,38.334,9.814,8.972,100.0,91.797,12.52,NORMAL
267,2026-06-03 18:45:00+00:00,18,2,-1.0,-0.0,0.974928,-0.222521,False,False,EVENING,4.0,8.0,14.0,33.0,77.0,231.0,0.0,0.0,0.0,6.72,4.531,85.19,7.11,85.189,88.905,14.81,0.89,9.79,22.25,91.642,87.027,6.76,3.88,16.36,1.92,39.414,0.82,100.0,35.562,False,,0.0,70.51,0.0,0.0,0.0,0.044,0.37,5.0,0.32,0.205,15.0,2.5,94.437,86.769,93.434,88.763,41.557,100.0,52.794,70.0,0.0,96.479,87.571,90.966,86.481,43.66,100.0,38.592,9.744,8.428,100.0,91.864,13.48,MODERATE
268,2026-06-03 19:00:00+00:00,19,2,-0.965926,0.258819,0.974928,-0.222521,False,False,EVENING,2.0,6.0,11.0,30.0,74.0,230.0,0.0,0.0,0.0,3.36,4.885,84.81,7.11,84.812,88.855,15.19,0.89,9.58,21.79,93.22,88.464,6.66,3.89,16.45,1.9,39.074,0.66,81.158,35.542,False,,0.0,69.053,0.0,0.0,0.0,0.044,0.37,-1.0,-0.16,0.165,14.0,3.95,94.748,87.514,92.145,87.62,40.89,100.0,61.586,75.0,10.11,100.0,88.463,100.0,98.758,43.669,100.0,100.0,5.695,8.3,97.489,91.414,13.32,NORMAL
269,2026-06-03 19:15:00+00:00,19,2,-0.965926,0.258819,0.974928,-0.222521,False,False,EVENING,7.0,9.0,17.0,36.0,79.0,235.0,1.97,0.0,0.0,8.451,3.895,85.73,7.33,85.733,91.589,14.27,0.67,9.78,22.24,93.218,88.523,6.45,3.99,16.56,1.88,38.677,1.3,100.0,48.453,False,,3.7,72.73,1.97,1.97,1.97,0.144,1.97,6.0,0.8,0.818,24.0,1.56,95.638,87.892,94.159,89.452,40.912,97.2,47.609,66.0,12.52,100.0,89.222,100.0,100.0,46.971,100.0,100.0,5.895,7.397,96.489,91.118,12.84,MODERATE
270,2026-06-03 19:30:00+00:00,19,2,-0.965926,0.258819,0.974928,-0.222521,False,False,EVENING,5.0,12.0,18.0,38.0,77.0,239.0,2.16,0.18,0.0819,8.074,5.082,86.32,7.48,86.325,93.541,13.68,0.52,9.13,20.8,100.0,95.394,6.68,4.09,16.23,1.94,39.883,1.62,100.0,50.397,False,,4.3,75.119,0.19000000000000017,2.16,2.16,0.279,2.16,5.0,0.96,0.945,30.0,0.0,95.834,87.515,100.0,100.0,42.48,95.608,38.334,65.0,13.16,100.0,89.742,100.0,100.0,48.562,100.0,100.0,6.018,9.188,96.336,90.338,12.36,MODERATE
271,2026-06-03 19:45:00+00:00,19,2,-0.965926,0.258819,0.974928,-0.222521,False,False,EVENING,5.0,10.0,19.0,42.0,79.0,239.0,2.5,0.19,0.0778,7.829,5.765,86.77,7.55,86.769,94.437,13.23,0.45,9.9,22.51,93.434,88.763,7.03,4.19,15.78,2.02,41.557,1.94,100.0,52.794,False,,5.1,74.18,0.33999999999999986,0.53,2.5,0.435,2.5,5.0,1.12,1.11,34.0,0.0,96.479,87.571,90.966,86.481,43.66,100.0,38.592,62.0,19.96,100.0,90.137,100.0,100.0,51.357,100.0,100.0,6.308,6.699,96.232,90.249,12.21,MODERATE
272,2026-06-03 20:00:00+00:00,20,2,-0.866025,0.5,0.974928,-0.222521,False,False,EVENING,6.0,11.0,23.0,46.0,81.0,245.0,3.95,0.23,0.0571,7.653,4.572,87.51,7.58,87.514,94.748,12.49,0.42,10.2,23.16,92.145,87.62,6.71,4.33,15.96,1.99,40.89,2.43,100.0,61.586,False,,8.2,74.983,1.4500000000000002,1.79,3.95,0.661,3.95,12.0,1.77,1.595,42.0,10.11,100.0,88.463,100.0,98.758,43.669,100.0,100.0,57.0,24.87,100.0,90.733,100.0,100.0,53.788,100.0,100.0,6.343,7.167,95.662,90.088,12.05,MODERATE
273,2026-06-03 20:15:00+00:00,20,2,-0.866025,0.5,0.974928,-0.222521,False,False,EVENING,2.0,8.0,18.0,46.0,79.0,245.0,1.56,0.36,0.2279,7.373,5.578,87.89,7.65,87.892,95.638,12.11,0.35,9.9,22.51,94.159,89.452,6.68,4.36,15.95,1.99,40.912,2.27,97.2,47.609,False,,3.4,73.926,-2.39,-0.94,-0.4099999999999999,0.759,3.95,1.0,0.97,0.958,36.0,12.52,100.0,89.222,100.0,100.0,46.971,100.0,100.0,52.0,27.95,100.0,90.719,100.0,100.0,57.001,100.0,100.0,6.41,8.978,94.69,89.524,11.73,MODERATE
274,2026-06-03 20:30:00+00:00,20,2,-0.866025,0.5,0.974928,-0.222521,False,False,EVENING,2.0,4.0,15.0,46.0,78.0,245.0,0.0,0.14,0.1403,5.979,7.425,87.51,7.67,87.515,95.834,12.49,0.33,8.03,18.39,100.0,100.0,7.14,4.33,15.53,2.06,42.48,2.11,95.608,38.334,False,,0.0,74.848,-1.56,-3.95,-2.16,0.759,3.95,-3.0,0.49,0.528,36.0,13.16,100.0,89.742,100.0,100.0,48.562,100.0,100.0,48.0,29.04,100.0,91.083,100.0,100.0,57.851,100.0,100.0,6.631,6.811,95.035,89.452,11.41,MODERATE
275,2026-06-03 20:45:00+00:00,20,2,-0.866025,0.5,0.974928,-0.222521,False,False,EVENING,4.0,6.0,14.0,47.0,78.0,249.0,0.0,0.0,0.0,6.72,6.287,87.57,7.72,87.571,96.479,12.43,0.28,10.13,23.01,90.966,86.481,7.47,4.32,15.21,2.12,43.66,2.27,100.0,38.592,False,,0.0,72.784,0.0,-1.56,-2.5,0.759,3.95,-5.0,0.33,0.568,36.0,19.96,100.0,90.137,100.0,100.0,51.357,100.0,100.0,43.0,33.23,100.0,91.069,100.0,100.0,60.056,100.0,100.0,6.653,6.929,95.557,89.341,11.09,MODERATE
276,2026-06-03 21:00:00+00:00,21,2,-0.707107,0.707107,0.974928,-0.222521,False,False,EVENING,16.0,20.0,24.0,58.0,92.0,262.0,10.11,0.0,0.0,12.485,7.091,88.46,8.0,88.463,100.0,11.54,0.0,10.26,23.29,100.0,98.758,7.09,4.7,15.21,2.12,43.669,4.35,100.0,100.0,True,MASS_CASUALTY_INTAKE,16.3,82.713,10.11,10.11,6.159999999999999,1.391,10.11,1.0,1.92,3.615,33.0,24.87,100.0,90.733,100.0,100.0,53.788,100.0,100.0,43.0,35.42,100.0,91.471,100.0,100.0,64.38,100.0,100.0,6.687,7.113,95.551,89.235,10.61,MODERATE
277,2026-06-03 21:15:00+00:00,21,2,-0.707107,0.707107,0.974928,-0.222521,False,False,EVENING,8.0,24.0,30.0,65.0,95.0,268.0,12.52,1.23,0.0981,11.843,7.53,89.22,8.0,89.222,100.0,10.78,0.0,10.26,23.29,100.0,100.0,7.57,5.11,14.32,2.28,46.971,5.15,100.0,100.0,True,MASS_CASUALTY_INTAKE,21.3,84.869,2.41,12.52,10.959999999999999,2.173,12.52,12.0,2.88,4.418,30.0,27.95,100.0,90.719,100.0,100.0,57.001,100.0,100.0,38.0,37.72,100.0,91.585,100.0,100.0,65.98,100.0,100.0,6.727,7.212,96.657,89.025,10.45,MODERATE
278,2026-06-03 21:30:00+00:00,21,2,-0.707107,0.707107,0.974928,-0.222521,False,False,EVENING,6.0,14.0,34.0,67.0,98.0,271.0,13.16,1.52,0.1156,11.365,7.851,89.74,8.0,89.742,100.0,10.26,0.0,9.67,21.98,100.0,100.0,7.64,5.47,13.89,2.36,48.562,5.63,100.0,100.0,True,MASS_CASUALTY_INTAKE,23.3,85.536,0.6400000000000006,3.0500000000000007,13.16,2.996,13.16,19.0,3.52,4.698,29.0,29.04,100.0,91.083,100.0,100.0,57.851,100.0,100.0,31.0,36.07,100.0,91.701,100.0,100.0,68.572,100.0,100.0,6.789,7.787,95.529,88.866,10.13,HIGH
279,2026-06-03 21:45:00+00:00,21,2,-0.707107,0.707107,0.974928,-0.222521,False,False,EVENING,12.0,18.0,42.0,75.0,108.0,278.0,19.96,1.6,0.0801,11.038,7.977,90.14,8.0,90.137,100.0,9.86,0.0,9.98,22.68,100.0,100.0,7.86,6.01,13.13,2.5,51.357,7.07,100.0,100.0,True,MASS_CASUALTY_INTAKE,36.4,90.227,6.800000000000001,7.440000000000001,19.96,4.243,19.96,28.0,4.8,6.758,26.0,33.23,100.0,91.069,100.0,100.0,60.056,100.0,100.0,28.0,38.44,100.0,91.965,100.0,100.0,70.557,100.0,100.0,6.863,7.599,95.068,88.719,10.29,HIGH
280,2026-06-03 22:00:00+00:00,22,2,-0.5,0.866025,0.974928,-0.222521,False,False,NIGHT,10.0,22.0,36.0,83.0,113.0,286.0,24.87,2.42,0.0975,10.79,7.24,90.73,8.0,90.733,100.0,9.27,0.0,5.16,15.55,100.0,100.0,7.89,6.63,12.48,2.61,53.788,8.19,100.0,100.0,True,MASS_CASUALTY_INTAKE,46.4,93.719,4.91,11.71,14.760000000000002,5.798,24.87,12.0,3.84,8.265,24.0,35.42,100.0,91.471,100.0,100.0,64.38,100.0,100.0,23.0,38.89,100.0,92.017,100.0,100.0,70.704,100.0,100.0,6.924,6.264,95.395,88.858,9.97,HIGH
281,2026-06-03 22:15:00+00:00,22,2,-0.5,0.866025,0.974928,-0.222521,False,False,NIGHT,8.0,18.0,36.0,84.0,120.0,290.0,27.95,3.02,0.1081,10.414,9.273,90.72,8.0,90.719,100.0,9.28,0.0,6.27,17.99,100.0,100.0,8.14,7.25,11.61,2.77,57.001,8.99,100.0,100.0,True,MASS_CASUALTY_INTAKE,54.1,94.088,3.0799999999999983,7.989999999999998,15.43,7.544,27.95,6.0,3.84,9.235,22.0,37.72,100.0,91.585,100.0,100.0,65.98,100.0,100.0,20.0,38.36,100.0,91.687,100.0,100.0,70.208,100.0,100.0,6.868,6.539,95.835,88.905,9.65,HIGH
282,2026-06-03 22:30:00+00:00,22,2,-0.5,0.866025,0.974928,-0.222521,False,False,NIGHT,6.0,14.0,36.0,85.0,123.0,295.0,29.04,3.4,0.117,10.423,8.021,91.08,8.0,91.083,100.0,8.92,0.0,6.2,17.85,100.0,100.0,7.83,7.79,11.38,2.81,57.851,9.47,100.0,100.0,True,MASS_CASUALTY_INTAKE,56.1,94.245,1.0899999999999999,4.169999999999998,15.879999999999999,9.359,29.04,2.0,3.84,9.628,19.0,36.07,100.0,91.701,100.0,100.0,68.572,100.0,100.0,17.0,34.73,100.0,91.797,100.0,100.0,72.428,100.0,100.0,6.845,5.232,95.191,89.359,9.49,HIGH
283,2026-06-03 22:45:00+00:00,22,2,-0.5,0.866025,0.974928,-0.222521,False,False,NIGHT,9.0,15.0,33.0,89.0,131.0,302.0,33.23,3.53,0.1062,10.194,9.106,91.07,8.0,91.069,100.0,8.93,0.0,6.27,17.99,100.0,100.0,7.83,8.38,10.78,2.92,60.056,10.44,100.0,100.0,True,MASS_CASUALTY_INTAKE,65.7,94.44,4.189999999999998,5.279999999999998,13.269999999999996,11.436,33.23,-9.0,3.37,10.917,17.0,38.44,100.0,91.965,100.0,100.0,70.557,100.0,100.0,17.0,39.14,100.0,91.864,100.0,100.0,73.622,100.0,100.0,3.375,7.07,93.325,88.585,9.18,HIGH
284,2026-06-03 23:00:00+00:00,23,2,-0.258819,0.965926,0.974928,-0.222521,False,False,NIGHT,7.0,16.0,30.0,90.0,136.0,307.0,35.42,4.04,0.114,10.202,7.678,91.47,8.0,91.471,100.0,8.53,0.0,5.3,15.87,100.0,100.0,8.44,8.94,9.62,3.13,64.38,11.08,100.0,100.0,True,MASS_CASUALTY_INTAKE,69.9,94.918,2.190000000000005,6.380000000000003,10.55,13.65,35.42,-6.0,2.89,11.625,19.0,38.89,100.0,92.017,100.0,100.0,70.704,100.0,100.0,9.0,37.75,97.489,91.414,100.0,100.0,71.374,100.0,100.0,1.68,6.261,91.088,87.619,8.86,HIGH
285,2026-06-03 23:15:00+00:00,23,2,-0.258819,0.965926,0.974928,-0.222521,False,False,NIGHT,7.0,14.0,29.0,95.0,141.0,311.0,37.72,4.3,0.1141,9.949,8.715,91.59,8.0,91.585,100.0,8.41,0.0,5.12,15.47,100.0,100.0,8.34,9.47,9.19,3.21,65.98,11.72,100.0,100.0,True,MASS_CASUALTY_INTAKE,76.4,95.087,2.299999999999997,4.490000000000002,9.77,15.884,37.72,-7.0,2.73,12.36,16.0,38.36,100.0,91.687,100.0,100.0,70.208,100.0,100.0,7.0,34.24,96.489,91.118,100.0,100.0,70.346,100.0,100.0,6.72,4.864,91.435,88.055,9.02,CRITICAL
286,2026-06-03 23:30:00+00:00,23,2,-0.258819,0.965926,0.974928,-0.222521,False,False,NIGHT,3.0,10.0,26.0,96.0,142.0,311.0,36.07,4.58,0.1271,9.878,8.554,91.7,8.0,91.701,100.0,8.3,0.0,6.27,17.99,100.0,100.0,8.67,9.85,8.49,3.33,68.572,11.72,100.0,100.0,True,MASS_CASUALTY_INTAKE,73.5,95.346,-1.6499999999999986,0.6499999999999986,7.030000000000001,18.004,37.72,-10.0,2.25,11.948,12.0,34.73,100.0,91.797,100.0,100.0,72.428,100.0,100.0,9.0,30.66,96.336,90.338,100.0,100.0,69.233,100.0,100.0,1.68,7.283,88.917,86.856,8.7,CRITICAL
287,2026-06-03 23:45:00+00:00,23,2,-0.258819,0.965926,0.974928,-0.222521,False,False,NIGHT,7.0,10.0,24.0,99.0,146.0,317.0,38.44,4.38,0.114,9.804,7.739,91.96,8.0,91.965,100.0,8.04,0.0,5.0,15.21,100.0,100.0,8.82,10.23,7.95,3.43,70.557,12.36,100.0,100.0,True,MASS_CASUALTY_INTAKE,79.0,95.582,2.3699999999999974,0.7199999999999989,5.210000000000001,20.25,38.44,-9.0,1.92,12.7,11.0,39.14,100.0,91.864,100.0,100.0,73.622,100.0,100.0,10.0,28.9,96.232,90.249,100.0,100.0,68.108,100.0,100.0,0.0,5.471,84.853,85.813,8.22,CRITICAL
288,2026-06-04 00:00:00+00:00,0,3,0.0,1.0,0.433884,-0.900969,False,False,NIGHT,5.0,12.0,22.0,88.0,146.0,321.0,38.89,4.67,0.1201,9.639,8.69,92.02,8.0,92.017,100.0,7.98,0.0,6.27,17.99,100.0,100.0,8.53,10.56,7.91,3.44,70.704,12.68,100.0,100.0,True,MASS_CASUALTY_INTAKE,81.3,95.607,0.45000000000000284,2.8200000000000003,3.469999999999999,22.434,38.89,-8.0,1.6,12.892,4.0,37.75,97.489,91.414,100.0,100.0,71.374,100.0,100.0,12.0,27.13,95.662,90.088,100.0,100.0,67.301,100.0,100.0,3.36,5.971,85.396,85.117,8.06,CRITICAL
289,2026-06-04 00:15:00+00:00,0,3,0.0,1.0,0.433884,-0.900969,False,False,NIGHT,4.0,9.0,19.0,84.0,149.0,323.0,38.36,4.73,0.1232,9.606,9.972,91.69,8.0,91.687,100.0,8.31,0.0,6.27,17.99,100.0,100.0,8.16,10.8,8.04,3.41,70.208,12.84,100.0,100.0,True,MASS_CASUALTY_INTAKE,80.4,95.49,-0.5300000000000011,-0.0799999999999983,0.6400000000000006,24.734,38.89,-10.0,1.12,12.8,4.0,34.24,96.489,91.118,100.0,100.0,70.346,100.0,100.0,11.0,24.31,94.69,89.524,100.0,100.0,65.789,100.0,100.0,0.0,5.337,83.77,83.913,7.58,CRITICAL
290,2026-06-04 00:30:00+00:00,0,3,0.0,1.0,0.433884,-0.900969,False,False,NIGHT,1.0,5.0,17.0,79.0,146.0,323.0,34.73,4.66,0.1342,9.814,8.972,91.8,8.0,91.797,100.0,8.2,0.0,6.27,17.99,100.0,100.0,8.69,10.86,7.44,3.52,72.428,12.52,100.0,100.0,True,MASS_CASUALTY_INTAKE,71.3,95.714,-3.6300000000000026,-4.160000000000004,-1.3400000000000034,26.904,38.89,-9.0,0.8,11.812,5.0,30.66,96.336,90.338,100.0,100.0,69.233,100.0,100.0,11.0,21.36,95.035,89.452,100.0,100.0,63.451,100.0,100.0,6.72,4.307,86.745,84.278,7.74,CRITICAL
291,2026-06-04 00:45:00+00:00,0,3,0.0,1.0,0.433884,-0.900969,False,False,NIGHT,9.0,10.0,19.0,76.0,151.0,329.0,39.14,4.22,0.1078,9.744,8.428,91.86,8.0,91.864,100.0,8.14,0.0,5.89,17.16,100.0,100.0,8.82,11.06,7.12,3.58,73.622,13.48,100.0,100.0,True,MASS_CASUALTY_INTAKE,80.9,95.836,4.410000000000004,0.7800000000000011,0.7000000000000028,29.351,39.14,-5.0,1.12,13.155,6.0,28.9,96.232,90.249,100.0,100.0,68.108,100.0,100.0,12.0,18.4,95.557,89.341,100.0,100.0,62.066,100.0,100.0,0.0,4.209,83.982,83.447,7.26,CRITICAL
292,2026-06-04 01:00:00+00:00,1,3,0.258819,0.965926,0.433884,-0.900969,False,False,NIGHT,2.0,11.0,16.0,68.0,151.0,329.0,37.75,3.52,0.0933,5.695,8.3,91.41,7.8,91.414,97.489,8.59,0.2,5.78,16.92,100.0,100.0,8.2,11.07,7.73,3.47,71.374,13.32,100.0,100.0,False,,105.8,95.033,-1.3900000000000006,3.020000000000003,-1.1400000000000006,31.078,39.14,-6.0,0.64,12.768,5.0,27.13,95.662,90.088,100.0,100.0,67.301,100.0,100.0,12.0,14.42,95.551,89.235,100.0,100.0,58.941,100.0,100.0,3.36,4.289,84.243,83.194,7.1,CRITICAL
293,2026-06-04 01:15:00+00:00,1,3,0.258819,0.965926,0.433884,-0.900969,False,False,NIGHT,0.0,2.0,12.0,60.0,144.0,328.0,34.24,3.4,0.0992,5.895,7.397,91.12,7.72,91.118,96.489,8.88,0.28,6.27,17.99,100.0,100.0,8.06,10.94,8.01,3.42,70.346,12.84,100.0,100.0,False,,92.7,94.675,-3.509999999999998,-4.899999999999999,-4.119999999999997,32.436,39.14,-7.0,0.0,11.77,3.0,24.31,94.69,89.524,100.0,100.0,65.789,100.0,100.0,13.0,12.42,96.657,89.025,100.0,100.0,58.555,100.0,100.0,1.68,3.758,82.553,82.809,6.78,HIGH
294,2026-06-04 01:30:00+00:00,1,3,0.258819,0.965926,0.433884,-0.900969,False,False,NIGHT,0.0,0.0,11.0,54.0,139.0,324.0,30.66,3.08,0.1005,6.018,9.188,90.34,7.71,90.338,96.336,9.66,0.29,6.27,17.99,100.0,100.0,7.99,10.7,8.31,3.36,69.233,12.36,100.0,100.0,False,,81.3,94.373,-3.580000000000002,-7.09,-4.069999999999997,33.529,39.14,-6.0,-0.16,10.755,4.0,21.36,95.035,89.452,100.0,100.0,63.451,100.0,100.0,15.0,9.38,95.529,88.866,100.0,100.0,58.637,100.0,94.479,0.0,2.615,80.645,82.308,6.3,HIGH
295,2026-06-04 01:45:00+00:00,1,3,0.258819,0.965926,0.433884,-0.900969,False,False,NIGHT,2.0,2.0,4.0,47.0,136.0,324.0,28.9,2.76,0.0955,6.308,6.699,90.25,7.7,90.249,96.232,9.75,0.3,6.23,17.9,100.0,100.0,7.94,10.45,8.61,3.31,68.108,12.21,100.0,100.0,False,,73.1,94.231,-1.7600000000000016,-5.340000000000003,-10.240000000000002,34.088,39.14,-15.0,-1.27,10.278,4.0,18.4,95.557,89.341,100.0,100.0,62.066,100.0,100.0,15.0,9.29,95.068,88.719,100.0,100.0,56.943,100.0,93.784,9.487,2.841,84.903,83.629,6.95,HIGH
296,2026-06-04 02:00:00+00:00,2,3,0.5,0.866025,0.433884,-0.900969,False,False,NIGHT,2.0,4.0,4.0,42.0,132.0,323.0,27.13,2.6,0.0959,6.343,7.167,90.09,7.65,90.088,95.662,9.91,0.35,5.69,16.72,100.0,100.0,8.0,10.18,8.83,3.27,67.301,12.05,100.0,100.0,False,,68.3,94.009,-1.7699999999999996,-3.530000000000001,-10.620000000000001,34.229,39.14,-12.0,-1.27,9.795,7.0,14.42,95.551,89.235,100.0,100.0,58.941,100.0,100.0,11.0,6.17,95.395,88.858,100.0,100.0,55.296,100.0,75.187,7.313,3.191,86.596,84.524,6.95,HIGH
297,2026-06-04 02:15:00+00:00,2,3,0.5,0.866025,0.433884,-0.900969,False,False,NIGHT,1.0,3.0,5.0,36.0,131.0,323.0,24.31,2.44,0.1004,6.41,8.978,89.52,7.58,89.524,94.69,10.48,0.42,6.27,17.99,100.0,100.0,7.91,9.85,9.24,3.2,65.789,11.73,100.0,100.0,False,,60.5,93.113,-2.8200000000000003,-4.59,-9.930000000000003,34.002,39.14,-7.0,-1.11,9.01,8.0,12.42,96.657,89.025,100.0,100.0,58.555,100.0,100.0,12.0,3.08,95.835,88.905,100.0,100.0,53.592,100.0,56.834,8.588,4.319,88.773,85.417,7.59,HIGH
298,2026-06-04 02:30:00+00:00,2,3,0.5,0.866025,0.433884,-0.900969,False,False,NIGHT,1.0,2.0,6.0,34.0,130.0,322.0,21.36,2.19,0.1024,6.631,6.811,89.45,7.6,89.452,95.035,10.55,0.4,3.3,11.46,100.0,100.0,7.65,9.48,9.87,3.08,63.451,11.41,100.0,100.0,False,,51.4,91.067,-2.9499999999999993,-5.77,-9.3,33.522,39.14,-5.0,-0.95,8.192,7.0,9.38,95.529,88.866,100.0,100.0,58.637,100.0,94.479,11.0,1.01,95.191,89.359,100.0,100.0,49.192,100.0,44.131,4.852,4.721,89.45,85.396,7.27,HIGH
299,2026-06-04 02:45:00+00:00,2,3,0.5,0.866025,0.433884,-0.900969,False,False,NIGHT,1.0,2.0,5.0,28.0,127.0,322.0,18.4,1.92,0.1045,6.653,6.929,89.34,7.64,89.341,95.557,10.66,0.36,6.27,17.99,100.0,100.0,7.67,9.09,10.24,3.02,62.066,11.09,100.0,100.0,False,,44.1,89.128,-2.960000000000001,-5.91,-10.5,32.595,39.14,1.0,-1.12,7.372,8.0,9.29,95.068,88.719,100.0,100.0,56.943,100.0,93.784,13.0,0.0,93.325,88.585,100.0,100.0,47.738,100.0,37.33,5.04,4.002,89.841,85.624,7.27,HIGH
300,2026-06-04 03:00:00+00:00,3,3,0.707107,0.707107,0.433884,-0.900969,False,False,NIGHT,0.0,1.0,3.0,23.0,111.0,321.0,14.42,1.66,0.1148,6.687,7.113,89.24,7.64,89.235,95.551,10.76,0.36,6.27,17.99,100.0,100.0,7.28,8.63,11.09,2.86,58.941,10.61,100.0,100.0,False,,34.4,86.275,-3.9799999999999986,-6.9399999999999995,-12.709999999999999,31.283,39.14,-1.0,-1.44,6.258,5.0,6.17,95.395,88.858,100.0,100.0,55.296,100.0,75.187,12.0,0.0,91.088,87.619,100.0,100.0,48.597,100.0,36.435,13.863,4.802,96.779,87.335,8.55,HIGH
301,2026-06-04 03:15:00+00:00,3,3,0.707107,0.707107,0.433884,-0.900969,False,False,NIGHT,2.0,2.0,4.0,21.0,105.0,323.0,12.42,1.3,0.1045,6.727,7.212,89.03,7.73,89.025,96.657,10.97,0.27,6.27,17.99,100.0,100.0,7.61,8.2,11.19,2.85,58.555,10.45,100.0,100.0,False,,29.5,85.136,-2.0,-5.979999999999999,-11.889999999999999,29.701,39.14,-1.0,-1.28,5.717,5.0,3.08,95.835,88.905,100.0,100.0,53.592,100.0,56.834,13.0,0.0,91.435,88.055,100.0,100.0,47.331,100.0,36.574,12.628,6.523,100.0,88.373,9.99,HIGH
302,2026-06-04 03:30:00+00:00,3,3,0.707107,0.707107,0.433884,-0.900969,False,False,NIGHT,1.0,3.0,4.0,21.0,100.0,324.0,9.38,1.12,0.1192,6.789,7.787,88.87,7.64,88.866,95.529,11.13,0.36,6.27,17.99,100.0,100.0,8.09,7.74,11.17,2.85,58.637,10.13,100.0,94.479,False,,22.0,82.937,-3.039999999999999,-5.039999999999999,-11.979999999999999,28.033,39.14,-2.0,-1.28,4.878,8.0,1.01,95.191,89.359,100.0,100.0,49.192,100.0,44.131,10.0,0.0,88.917,86.856,100.0,100.0,46.137,100.0,35.567,11.9,8.011,100.0,89.076,10.47,MODERATE
303,2026-06-04 03:45:00+00:00,3,3,0.707107,0.707107,0.433884,-0.900969,False,False,NIGHT,4.0,5.0,7.0,16.0,92.0,327.0,9.29,0.84,0.0908,6.863,7.599,88.72,7.61,88.719,95.068,11.28,0.39,6.27,17.99,100.0,100.0,8.01,7.36,11.63,2.77,56.943,10.29,100.0,93.784,False,,21.6,82.602,-0.09000000000000163,-3.130000000000001,-9.11,26.211,39.14,2.0,-0.8,4.895,7.0,0.0,93.325,88.585,100.0,100.0,47.738,100.0,37.33,9.0,0.0,84.853,85.813,100.0,100.0,46.867,100.0,33.941,11.457,7.684,100.0,89.62,11.91,MODERATE
304,2026-06-04 04:00:00+00:00,4,3,0.866025,0.5,0.433884,-0.900969,False,False,NIGHT,1.0,5.0,8.0,15.0,83.0,326.0,6.17,0.84,0.1355,6.924,6.264,88.86,7.63,88.858,95.395,11.14,0.37,6.27,17.99,100.0,100.0,7.98,6.95,12.07,2.69,55.296,9.97,100.0,75.187,False,,14.2,80.553,-3.119999999999999,-3.210000000000001,-8.25,24.166,39.14,5.0,-0.64,4.035,6.0,0.0,91.088,87.619,100.0,100.0,48.597,100.0,36.435,16.0,0.0,85.396,85.117,76.472,72.032,45.86,100.0,34.158,11.115,7.846,100.0,90.109,13.03,MODERATE
305,2026-06-04 04:15:00+00:00,4,3,0.866025,0.5,0.433884,-0.900969,False,False,NIGHT,1.0,2.0,7.0,16.0,76.0,326.0,3.08,0.56,0.1801,6.868,6.539,88.9,7.67,88.905,95.835,11.1,0.33,6.11,17.63,100.0,100.0,7.95,6.52,12.53,2.6,53.592,9.65,100.0,56.834,False,,7.2,78.521,-3.09,-6.209999999999999,-9.34,21.961,39.14,3.0,-0.8,3.182,7.0,0.0,91.435,88.055,100.0,100.0,47.331,100.0,36.574,17.0,0.0,83.77,83.913,77.627,73.032,44.9,99.133,33.508,10.807,8.187,100.0,90.433,12.87,MODERATE
306,2026-06-04 04:30:00+00:00,4,3,0.866025,0.5,0.433884,-0.900969,False,False,NIGHT,2.0,3.0,8.0,18.0,72.0,328.0,1.01,0.28,0.275,6.845,5.232,89.36,7.62,89.359,95.191,10.64,0.38,6.27,17.99,100.0,100.0,7.19,6.09,13.72,2.39,49.192,9.49,100.0,44.131,False,,2.4,76.771,-2.0700000000000003,-5.16,-8.370000000000001,19.854,39.14,4.0,-0.64,2.625,3.0,0.0,88.917,86.856,100.0,100.0,46.137,100.0,35.567,24.0,0.0,86.745,84.278,76.085,71.654,42.291,100.0,34.698,10.603,9.593,100.0,90.475,13.51,MODERATE
307,2026-06-04 04:45:00+00:00,4,3,0.866025,0.5,0.433884,-0.900969,False,False,NIGHT,1.0,3.0,5.0,17.0,64.0,328.0,0.0,0.09,0.0908,3.375,7.07,88.58,7.47,88.585,93.325,11.42,0.53,5.8,16.96,100.0,100.0,7.2,5.69,14.11,2.32,47.738,9.18,100.0,37.33,False,,0.0,75.45,-1.01,-3.08,-9.29,17.408,37.75,-2.0,-1.11,2.295,6.0,0.0,84.853,85.813,100.0,100.0,46.867,100.0,33.941,21.0,0.0,83.982,83.447,73.382,69.18,39.89,95.95,33.593,10.577,8.218,100.0,90.817,14.8,MODERATE
308,2026-06-04 05:00:00+00:00,5,3,0.965926,0.258819,0.433884,-0.900969,False,False,NIGHT,1.0,2.0,5.0,16.0,58.0,327.0,0.0,0.0,0.0,1.68,6.261,87.62,7.29,87.619,91.088,12.38,0.71,6.27,17.99,100.0,100.0,7.77,5.35,13.88,2.36,48.597,8.86,100.0,36.435,False,,0.0,74.868,0.0,-1.01,-6.17,15.048,34.24,-3.0,-1.11,2.215,6.0,0.0,85.396,85.117,76.472,72.032,45.86,100.0,34.158,24.0,0.0,84.243,83.194,90.559,84.581,37.825,100.0,33.697,10.361,7.391,100.0,91.263,16.08,MODERATE
309,2026-06-04 05:15:00+00:00,5,3,0.965926,0.258819,0.433884,-0.900969,False,False,NIGHT,4.0,5.0,8.0,19.0,55.0,330.0,0.0,0.0,0.0,6.72,4.864,88.06,7.31,88.055,91.435,11.94,0.69,3.45,11.8,100.0,100.0,7.69,5.09,14.22,2.3,47.331,9.02,100.0,36.574,False,,0.0,74.919,0.0,0.0,-3.08,12.908,30.66,1.0,-0.63,2.255,6.0,0.0,83.77,83.913,77.627,73.032,44.9,99.133,33.508,33.0,0.0,82.553,82.809,77.484,72.864,38.414,100.0,33.021,10.08,8.352,100.0,91.434,17.04,MODERATE
310,2026-06-04 05:30:00+00:00,5,3,0.965926,0.258819,0.433884,-0.900969,False,False,NIGHT,1.0,5.0,7.0,19.0,53.0,329.0,0.0,0.0,0.0,1.68,7.283,86.86,7.11,86.856,88.917,13.14,0.89,5.73,16.81,100.0,100.0,7.6,4.85,14.54,2.24,46.137,8.7,100.0,35.567,False,,0.0,74.044,0.0,0.0,-1.01,10.992,28.9,-1.0,-0.79,2.175,7.0,0.0,86.745,84.278,76.085,71.654,42.291,100.0,34.698,44.0,0.0,80.645,82.308,72.381,68.237,40.8,86.375,32.258,9.972,9.048,100.0,91.414,18.16,MODERATE
311,2026-06-04 05:45:00+00:00,5,3,0.965926,0.258819,0.433884,-0.900969,False,False,NIGHT,0.0,1.0,6.0,18.0,46.0,327.0,0.0,0.0,0.0,0.0,5.471,85.81,6.79,85.813,84.853,14.19,1.21,6.27,17.99,100.0,100.0,8.02,4.63,14.35,2.28,46.867,8.22,100.0,33.941,False,,0.0,73.067,0.0,0.0,0.0,9.186,27.13,1.0,-0.96,2.055,3.0,0.0,83.982,83.447,73.382,69.18,39.89,95.95,33.593,50.0,1.35,84.903,83.629,77.232,72.688,41.367,100.0,42.079,9.985,9.243,100.0,91.398,18.96,MODERATE
312,2026-06-04 06:00:00+00:00,6,3,1.0,0.0,0.433884,-0.900969,False,False,MORNING,2.0,2.0,7.0,20.0,43.0,327.0,0.0,0.0,0.0,3.36,5.971,85.12,6.83,85.117,85.396,14.88,1.17,11.72,26.86,76.472,72.032,7.93,4.45,14.62,2.23,45.86,8.06,100.0,34.158,False,,0.0,66.753,0.0,0.0,0.0,7.49,24.31,2.0,-0.8,2.015,10.0,0.0,84.243,83.194,90.559,84.581,37.825,100.0,33.697,55.0,0.0,86.596,84.524,74.33,70.074,40.732,100.0,34.638,9.996,7.403,100.0,91.784,19.44,NORMAL
313,2026-06-04 06:15:00+00:00,6,3,1.0,0.0,0.433884,-0.900969,False,False,MORNING,0.0,2.0,3.0,18.0,39.0,324.0,0.0,0.0,0.0,0.0,5.337,83.91,6.7,83.913,83.77,16.09,1.3,11.38,26.11,77.627,73.032,7.82,4.3,14.88,2.18,44.9,7.58,99.133,33.508,False,,0.0,66.257,0.0,0.0,0.0,5.971,21.36,-5.0,-1.44,1.895,11.0,0.0,82.553,82.809,77.484,72.864,38.414,100.0,33.021,62.0,1.89,88.773,85.417,83.89,78.759,40.148,100.0,46.838,9.752,9.011,100.0,91.882,19.76,NORMAL
314,2026-06-04 06:30:00+00:00,6,3,1.0,0.0,0.433884,-0.900969,False,False,MORNING,4.0,4.0,6.0,21.0,42.0,328.0,0.0,0.0,0.0,6.72,4.307,84.28,6.94,84.278,86.745,15.72,1.06,11.66,26.73,76.085,71.654,7.21,4.2,15.58,2.06,42.291,7.74,100.0,34.698,False,,0.0,66.425,0.0,0.0,0.0,4.636,18.4,-1.0,-0.96,1.935,17.0,0.0,80.645,82.308,72.381,68.237,40.8,86.375,32.258,57.0,0.0,89.45,85.396,75.096,70.796,39.448,100.0,35.78,9.691,8.321,100.0,91.935,20.72,NORMAL
315,2026-06-04 06:45:00+00:00,6,3,1.0,0.0,0.433884,-0.900969,False,False,MORNING,0.0,4.0,6.0,17.0,33.0,326.0,0.0,0.0,0.0,0.0,4.209,83.45,6.72,83.447,83.982,16.55,1.28,11.97,27.41,73.382,69.18,6.67,4.1,16.23,1.94,39.89,7.26,95.95,33.593,False,,0.0,64.488,0.0,0.0,0.0,3.486,14.42,0.0,-0.96,1.815,18.0,1.35,84.903,83.629,77.232,72.688,41.367,100.0,42.079,63.0,0.0,89.841,85.624,83.973,78.807,41.092,100.0,35.936,9.657,9.045,100.0,91.901,22.48,NORMAL
316,2026-06-04 07:00:00+00:00,7,3,0.965926,-0.258819,0.433884,-0.900969,False,False,MORNING,2.0,2.0,6.0,18.0,33.0,321.0,0.0,0.0,0.0,3.36,4.289,83.19,6.74,83.194,84.243,16.81,1.26,9.67,22.35,90.559,84.581,6.19,4.02,16.79,1.84,37.825,7.1,100.0,33.697,False,,0.0,68.572,0.0,0.0,0.0,2.584,12.42,-1.0,-0.96,1.775,14.0,0.0,86.596,84.524,74.33,70.074,40.732,100.0,34.638,71.0,4.46,96.779,87.335,86.973,84.245,42.816,100.0,65.475,9.679,8.457,100.0,91.979,23.6,NORMAL
317,2026-06-04 07:15:00+00:00,7,3,0.965926,-0.258819,0.433884,-0.900969,False,False,MORNING,1.0,3.0,7.0,18.0,34.0,319.0,0.0,0.0,0.0,1.68,3.758,82.81,6.6,82.809,82.553,17.19,1.4,11.25,25.83,77.484,72.864,6.43,3.95,16.63,1.87,38.414,6.78,100.0,33.021,False,,0.0,65.228,0.0,0.0,0.0,1.808,9.38,4.0,-0.8,1.695,22.0,1.89,88.773,85.417,83.89,78.759,40.148,100.0,46.838,71.0,10.5,100.0,88.373,87.871,85.183,45.12,100.0,100.0,9.63,7.819,100.0,92.175,24.08,NORMAL
318,2026-06-04 07:30:00+00:00,7,3,0.965926,-0.258819,0.433884,-0.900969,False,False,MORNING,0.0,1.0,3.0,16.0,34.0,315.0,0.0,0.0,0.0,0.0,2.615,82.31,6.45,82.308,80.645,17.69,1.55,11.97,27.41,72.381,68.237,7.15,3.87,15.98,1.98,40.8,6.3,86.375,32.258,False,,0.0,62.557,0.0,0.0,0.0,1.222,9.29,-3.0,-1.44,1.575,27.0,0.0,89.45,85.396,75.096,70.796,39.448,100.0,35.78,68.0,10.89,100.0,89.076,88.643,85.911,46.583,100.0,100.0,9.506,8.916,100.0,92.162,24.72,NORMAL
319,2026-06-04 07:45:00+00:00,7,3,0.965926,-0.258819,0.433884,-0.900969,False,False,MORNING,7.0,7.0,10.0,22.0,39.0,320.0,1.35,0.0,0.0,9.487,2.841,83.63,6.79,83.629,84.903,16.37,1.21,11.48,26.34,77.232,72.688,7.28,3.89,15.83,2.01,41.367,6.95,100.0,42.079,False,,2.3,66.956,1.35,1.35,1.35,0.726,6.17,4.0,-0.31,2.075,32.0,0.0,89.841,85.624,83.973,78.807,41.092,100.0,35.936,72.0,17.49,100.0,89.62,91.731,88.822,47.624,100.0,100.0,9.514,7.401,100.0,92.438,24.41,NORMAL
320,2026-06-04 08:00:00+00:00,8,3,0.866025,-0.5,0.433884,-0.900969,False,False,MORNING,3.0,10.0,11.0,24.0,40.0,322.0,0.0,0.12,0.1218,7.313,3.191,84.52,6.93,84.524,86.596,15.48,1.07,11.97,27.41,74.33,70.074,7.12,3.87,16.0,1.98,40.732,6.95,100.0,34.638,False,,0.0,65.909,-1.35,0.0,0.0,0.34,3.08,5.0,-0.15,1.738,41.0,4.46,96.779,87.335,86.973,84.245,42.816,100.0,65.475,68.0,22.24,100.0,90.109,94.043,91.002,50.391,100.0,100.0,5.483,8.899,100.0,91.568,24.57,NORMAL
321,2026-06-04 08:15:00+00:00,8,3,0.866025,-0.5,0.433884,-0.900969,False,False,MORNING,7.0,10.0,17.0,27.0,46.0,328.0,1.89,0.0,0.0,8.588,4.319,85.42,7.1,85.417,88.773,14.58,0.9,10.82,24.89,83.89,78.759,6.89,3.95,16.16,1.95,40.148,7.59,100.0,46.838,False,,3.5,69.887,1.89,0.5399999999999998,1.89,0.266,1.89,10.0,0.81,2.37,40.0,10.5,100.0,88.373,87.871,85.183,45.12,100.0,100.0,64.0,19.15,100.0,90.433,100.0,97.587,51.644,100.0,100.0,5.804,7.386,99.217,91.236,24.09,NORMAL
322,2026-06-04 08:30:00+00:00,8,3,0.866025,-0.5,0.433884,-0.900969,False,False,MORNING,1.0,8.0,18.0,27.0,46.0,326.0,0.0,0.17,0.1699,4.852,4.721,85.4,7.16,85.396,89.45,14.6,0.84,11.97,27.41,75.096,70.796,6.71,3.95,16.35,1.92,39.448,7.27,100.0,35.78,False,,0.0,66.734,-1.89,0.0,0.0,0.202,1.89,15.0,0.97,1.818,30.0,10.89,100.0,89.076,88.643,85.911,46.583,100.0,100.0,67.0,21.14,100.0,90.475,94.384,91.306,54.595,100.0,100.0,5.938,9.084,97.814,90.561,24.57,NORMAL
323,2026-06-04 08:45:00+00:00,8,3,0.866025,-0.5,0.433884,-0.900969,False,False,MORNING,3.0,4.0,14.0,30.0,48.0,329.0,0.0,0.0,0.0,5.04,4.002,85.62,7.19,85.624,89.841,14.38,0.81,10.73,24.69,83.973,78.807,7.15,3.95,15.91,2.0,41.092,7.27,100.0,35.936,False,,0.0,69.037,0.0,-1.89,-1.35,0.202,1.89,4.0,0.32,1.818,31.0,17.49,100.0,89.62,91.731,88.822,47.624,100.0,100.0,69.0,27.16,100.0,90.817,96.61,93.422,58.229,100.0,100.0,6.206,8.649,97.841,89.948,24.57,NORMAL
324,2026-06-04 09:00:00+00:00,9,3,0.707107,-0.707107,0.433884,-0.900969,False,False,MORNING,11.0,14.0,22.0,39.0,59.0,338.0,4.46,0.0,0.0,13.863,4.802,87.33,7.74,87.335,96.779,12.67,0.26,11.61,26.63,86.973,84.245,7.39,4.17,15.44,2.08,42.816,8.55,100.0,65.475,True,MASS_CASUALTY_INTAKE,6.5,74.824,4.46,4.46,4.46,0.481,4.46,11.0,1.6,3.253,30.0,22.24,100.0,90.109,94.043,91.002,50.391,100.0,100.0,72.0,33.27,100.0,91.263,99.421,96.072,59.988,100.0,100.0,6.432,6.833,97.26,89.894,24.41,MODERATE
325,2026-06-04 09:15:00+00:00,9,3,0.707107,-0.707107,0.433884,-0.900969,False,False,MORNING,12.0,23.0,27.0,51.0,69.0,347.0,10.5,0.54,0.0516,12.628,6.523,88.37,8.0,88.373,100.0,11.63,0.0,11.97,27.41,87.871,85.183,7.58,4.6,14.82,2.19,45.12,9.99,100.0,100.0,True,MASS_CASUALTY_INTAKE,16.8,79.989,6.04,10.5,8.61,1.138,10.5,10.0,2.4,5.123,31.0,19.15,100.0,90.433,100.0,97.587,51.644,100.0,100.0,71.0,37.51,100.0,91.434,100.0,100.0,65.594,100.0,100.0,6.46,8.468,97.159,89.4,24.73,MODERATE
326,2026-06-04 09:30:00+00:00,9,3,0.707107,-0.707107,0.433884,-0.900969,False,False,MORNING,6.0,18.0,32.0,53.0,74.0,351.0,10.89,1.28,0.1172,11.9,8.011,89.08,8.0,89.076,100.0,10.92,0.0,11.97,27.41,88.643,85.911,7.6,4.98,14.42,2.26,46.583,10.47,100.0,100.0,True,MASS_CASUALTY_INTAKE,18.4,80.705,0.39000000000000057,6.430000000000001,10.89,1.818,10.89,14.0,3.2,5.34,38.0,21.14,100.0,90.475,94.384,91.306,54.595,100.0,100.0,68.0,42.81,100.0,91.414,100.0,99.757,67.588,100.0,100.0,6.644,8.052,97.087,89.054,24.41,MODERATE
327,2026-06-04 09:45:00+00:00,9,3,0.707107,-0.707107,0.433884,-0.900969,False,False,MORNING,12.0,18.0,41.0,65.0,82.0,358.0,17.49,1.32,0.0757,11.457,7.684,89.62,8.0,89.62,100.0,10.38,0.0,11.97,27.41,91.731,88.822,7.34,5.52,14.14,2.31,47.624,11.91,100.0,100.0,True,MASS_CASUALTY_INTAKE,30.7,85.863,6.599999999999998,6.989999999999998,17.49,2.911,17.49,27.0,4.64,7.35,41.0,27.16,100.0,90.817,96.61,93.422,58.229,100.0,100.0,65.0,46.1,100.0,91.398,100.0,100.0,70.357,100.0,100.0,6.773,5.799,97.018,89.303,24.09,HIGH
328,2026-06-04 10:00:00+00:00,10,3,0.5,-0.866025,0.433884,-0.900969,False,False,MORNING,10.0,22.0,40.0,73.0,91.0,368.0,22.24,2.12,0.0955,11.115,7.846,90.11,8.0,90.109,100.0,9.89,0.0,11.97,27.41,94.043,91.002,7.47,6.14,13.39,2.45,50.391,13.03,100.0,100.0,True,MASS_CASUALTY_INTAKE,40.3,89.798,4.75,11.349999999999998,17.779999999999998,4.301,22.24,18.0,4.48,8.817,38.0,33.27,100.0,91.263,99.421,96.072,59.988,100.0,100.0,58.0,47.38,100.0,91.784,100.0,100.0,71.34,100.0,100.0,6.682,7.392,96.606,89.158,23.93,HIGH
329,2026-06-04 10:15:00+00:00,10,3,0.5,-0.866025,0.433884,-0.900969,False,False,MORNING,2.0,12.0,30.0,74.0,92.0,365.0,19.15,2.7,0.1412,10.807,8.187,90.43,8.0,90.433,100.0,9.57,0.0,10.93,25.13,100.0,97.587,7.41,6.53,13.06,2.51,51.644,12.87,100.0,100.0,True,MASS_CASUALTY_INTAKE,35.7,89.51,-3.09,1.6600000000000001,8.649999999999999,5.498,22.24,3.0,2.88,8.005,33.0,37.51,100.0,91.434,100.0,100.0,65.594,100.0,100.0,56.0,47.78,100.0,91.882,100.0,100.0,73.349,100.0,100.0,6.741,7.253,95.475,89.121,23.93,HIGH
330,2026-06-04 10:30:00+00:00,10,3,0.5,-0.866025,0.433884,-0.900969,False,False,MORNING,7.0,9.0,31.0,81.0,97.0,369.0,21.14,2.33,0.11,10.603,9.593,90.47,8.0,90.475,100.0,9.53,0.0,11.91,27.28,94.384,91.306,7.83,6.91,12.26,2.65,54.595,13.51,100.0,100.0,True,MASS_CASUALTY_INTAKE,40.2,89.63,1.990000000000002,-1.0999999999999979,10.25,6.819,22.24,-1.0,3.04,8.662,29.0,42.81,100.0,91.414,100.0,99.757,67.588,100.0,100.0,51.0,52.21,100.0,91.935,100.0,100.0,74.606,100.0,100.0,6.77,6.73,95.663,89.116,24.09,HIGH
331,2026-06-04 10:45:00+00:00,10,3,0.5,-0.866025,0.433884,-0.900969,False,False,MORNING,11.0,18.0,30.0,85.0,107.0,374.0,27.16,2.57,0.0946,10.577,8.218,90.82,8.0,90.817,100.0,9.18,0.0,11.97,27.41,96.61,93.422,8.28,7.44,11.28,2.83,58.229,14.8,100.0,100.0,True,MASS_CASUALTY_INTAKE,51.7,93.024,6.02,8.010000000000002,9.670000000000002,8.517,27.16,-11.0,2.89,10.49,28.0,46.1,100.0,91.398,100.0,100.0,70.357,100.0,100.0,48.0,60.0,100.0,91.901,100.0,100.0,74.863,100.0,100.0,6.769,8.152,94.763,88.842,24.1,HIGH
332,2026-06-04 11:00:00+00:00,11,3,0.258819,-0.965926,0.433884,-0.900969,False,False,MORNING,11.0,22.0,31.0,93.0,117.0,381.0,33.27,3.3,0.0992,10.361,7.391,91.26,8.0,91.263,100.0,8.74,0.0,11.97,27.41,99.421,96.072,8.1,8.1,10.8,2.92,59.988,16.08,100.0,100.0,True,MASS_CASUALTY_INTAKE,64.7,93.936,6.110000000000003,12.130000000000003,11.030000000000005,10.596,33.27,-9.0,3.05,12.338,34.0,47.38,100.0,91.784,100.0,100.0,71.34,100.0,100.0,37.0,60.0,100.0,91.979,100.0,100.0,74.882,100.0,100.0,6.882,7.563,95.196,88.637,24.26,HIGH
333,2026-06-04 11:15:00+00:00,11,3,0.258819,-0.965926,0.433884,-0.900969,False,False,MORNING,9.0,20.0,38.0,95.0,122.0,389.0,37.51,4.04,0.1078,10.08,8.352,91.43,8.0,91.434,100.0,8.57,0.0,11.3,25.95,100.0,100.0,8.92,8.79,9.29,3.19,65.594,17.04,100.0,100.0,True,MASS_CASUALTY_INTAKE,74.9,95.019,4.239999999999995,10.349999999999998,18.36,12.941,37.51,8.0,4.17,13.638,38.0,47.78,100.0,91.882,100.0,100.0,73.349,100.0,100.0,29.0,60.0,100.0,92.175,100.0,100.0,77.387,100.0,100.0,6.952,5.904,95.889,88.844,24.26,CRITICAL
334,2026-06-04 11:30:00+00:00,11,3,0.258819,-0.965926,0.433884,-0.900969,False,False,MORNING,10.0,19.0,41.0,104.0,131.0,398.0,42.81,4.56,0.1065,9.972,9.048,91.41,8.0,91.414,100.0,8.59,0.0,11.97,27.41,100.0,99.757,8.82,9.43,8.75,3.28,67.588,18.16,100.0,100.0,True,MASS_CASUALTY_INTAKE,86.5,95.165,5.300000000000004,9.54,21.67,15.616,42.81,10.0,4.65,15.242,39.0,52.21,100.0,91.935,100.0,100.0,74.606,100.0,100.0,28.0,60.0,100.0,92.162,100.0,100.0,77.744,100.0,100.0,6.867,7.243,96.322,88.715,24.58,CRITICAL
335,2026-06-04 11:45:00+00:00,11,3,0.258819,-0.965926,0.433884,-0.900969,False,False,MORNING,8.0,18.0,38.0,109.0,139.0,404.0,46.1,5.2,0.1128,9.985,9.243,91.4,8.0,91.398,100.0,8.6,0.0,11.97,27.41,100.0,100.0,9.05,9.94,8.0,3.42,70.357,18.96,100.0,100.0,True,MASS_CASUALTY_INTAKE,93.0,95.44,3.289999999999999,8.590000000000003,18.94,18.413,46.1,8.0,4.16,16.265,37.0,60.0,100.0,91.901,100.0,100.0,74.863,100.0,100.0,22.0,56.51,100.0,92.438,100.0,100.0,80.369,100.0,100.0,6.908,4.145,96.477,89.394,24.1,CRITICAL
336,2026-06-04 12:00:00+00:00,12,3,0.0,-1.0,0.433884,-0.900969,False,False,MORNING,6.0,14.0,33.0,104.0,143.0,406.0,47.38,5.6,0.1182,9.996,7.403,91.78,8.0,91.784,100.0,8.22,0.0,11.86,27.17,100.0,100.0,8.91,10.35,7.74,3.47,71.34,19.44,100.0,100.0,True,MASS_CASUALTY_INTAKE,95.5,95.613,1.2800000000000011,4.57,14.11,21.374,47.38,2.0,3.36,16.705,24.0,60.0,100.0,91.979,100.0,100.0,74.882,100.0,100.0,22.0,57.25,100.0,91.568,100.0,100.0,76.812,100.0,100.0,6.655,7.07,95.767,89.347,24.1,CRITICAL
337,2026-06-04 12:15:00+00:00,12,3,0.0,-1.0,0.433884,-0.900969,False,False,MORNING,5.0,11.0,29.0,97.0,148.0,411.0,47.78,5.76,0.1205,9.752,9.011,91.88,8.0,91.882,100.0,8.12,0.0,10.81,24.86,100.0,100.0,9.12,10.68,7.2,3.56,73.349,19.76,100.0,100.0,True,MASS_CASUALTY_INTAKE,98.7,95.815,0.3999999999999986,1.6799999999999997,10.270000000000003,24.242,47.78,-9.0,2.72,16.885,18.0,60.0,100.0,92.175,100.0,100.0,77.387,100.0,100.0,20.0,53.79,99.217,91.236,100.0,100.0,77.062,100.0,100.0,6.682,6.782,95.745,89.324,23.94,CRITICAL
338,2026-06-04 12:30:00+00:00,12,3,0.0,-1.0,0.433884,-0.900969,False,False,MORNING,9.0,14.0,28.0,100.0,153.0,415.0,52.21,5.81,0.1112,9.691,8.321,91.94,8.0,91.935,100.0,8.06,0.0,11.97,27.41,100.0,100.0,9.2,10.95,6.86,3.63,74.606,20.72,100.0,100.0,True,MASS_CASUALTY_INTAKE,108.5,95.94,4.43,4.829999999999998,9.399999999999999,27.506,52.21,-13.0,2.56,18.232,12.0,60.0,100.0,92.162,100.0,100.0,77.744,100.0,100.0,23.0,56.26,97.814,90.561,100.0,100.0,74.723,100.0,100.0,6.691,7.415,95.233,89.184,23.94,CRITICAL
339,2026-06-04 12:45:00+00:00,12,3,0.0,-1.0,0.433884,-0.900969,False,False,MORNING,14.0,23.0,34.0,102.0,167.0,428.0,60.0,6.34,0.1057,9.657,9.045,91.9,8.0,91.901,100.0,8.1,0.0,11.97,27.41,100.0,100.0,9.06,11.16,6.79,3.64,74.863,22.48,100.0,100.0,True,MASS_CASUALTY_INTAKE,125.1,95.956,7.789999999999999,12.219999999999999,13.899999999999999,31.256,60.0,-4.0,3.52,20.62,11.0,56.51,100.0,92.438,100.0,100.0,80.369,100.0,100.0,21.0,55.57,97.841,89.948,100.0,100.0,74.619,100.0,100.0,6.75,6.837,95.029,89.178,24.26,CRITICAL
340,2026-06-04 13:00:00+00:00,13,3,-0.258819,-0.965926,0.433884,-0.900969,False,False,MORNING,10.0,24.0,38.0,102.0,175.0,433.0,60.0,7.29,0.1215,9.679,8.457,91.98,8.0,91.979,100.0,8.02,0.0,11.31,25.95,100.0,100.0,8.89,11.33,6.78,3.64,74.882,23.6,100.0,100.0,True,MASS_CASUALTY_INTAKE,124.9,95.975,0.0,7.789999999999999,12.619999999999997,34.727,60.0,5.0,4.16,20.9,13.0,57.25,100.0,91.568,100.0,100.0,76.812,100.0,100.0,21.0,53.74,97.26,89.894,100.0,100.0,73.777,100.0,100.0,6.755,7.589,94.694,88.996,24.58,CRITICAL
341,2026-06-04 13:15:00+00:00,13,3,-0.258819,-0.965926,0.433884,-0.900969,False,False,MORNING,6.0,16.0,39.0,106.0,180.0,437.0,60.0,7.29,0.1215,9.63,7.819,92.17,8.0,92.175,100.0,7.83,0.0,11.91,27.29,100.0,100.0,9.43,11.46,6.11,3.76,77.387,24.08,100.0,100.0,True,MASS_CASUALTY_INTAKE,125.5,96.243,0.0,0.0,12.219999999999999,37.821,60.0,10.0,4.32,21.02,11.0,53.79,99.217,91.236,100.0,100.0,77.062,100.0,100.0,23.0,54.89,97.159,89.4,100.0,100.0,73.527,100.0,100.0,6.826,7.11,94.959,88.904,24.58,CRITICAL
342,2026-06-04 13:30:00+00:00,13,3,-0.258819,-0.965926,0.433884,-0.900969,False,False,MORNING,7.0,13.0,37.0,106.0,187.0,437.0,60.0,7.29,0.1215,9.506,8.916,92.16,8.0,92.162,100.0,7.84,0.0,10.87,24.99,100.0,100.0,9.42,11.57,6.01,3.78,77.744,24.72,100.0,100.0,True,MASS_CASUALTY_INTAKE,127.1,96.273,0.0,0.0,7.789999999999999,40.89,60.0,9.0,4.0,21.18,16.0,56.26,97.814,90.561,100.0,100.0,74.723,100.0,100.0,21.0,51.94,97.087,89.054,100.0,100.0,73.768,100.0,100.0,6.857,6.25,94.391,89.101,25.38,CRITICAL
343,2026-06-04 13:45:00+00:00,13,3,-0.258819,-0.965926,0.433884,-0.900969,False,False,MORNING,1.0,8.0,24.0,96.0,181.0,435.0,56.51,7.29,0.129,9.514,7.401,92.44,8.0,92.438,100.0,7.56,0.0,10.36,23.88,100.0,100.0,10.04,11.65,5.3,3.91,80.369,24.41,100.0,100.0,True,MASS_CASUALTY_INTAKE,119.6,96.57,-3.490000000000002,-3.490000000000002,-3.490000000000002,43.329,60.0,-10.0,1.93,20.23,11.0,55.57,97.841,89.948,100.0,100.0,74.619,100.0,100.0,25.0,48.91,97.018,89.303,100.0,100.0,74.708,100.0,100.0,6.792,8.767,94.082,88.632,25.55,CRITICAL
344,2026-06-04 14:00:00+00:00,14,3,-0.5,-0.866025,0.433884,-0.900969,False,False,EVENING,4.0,5.0,18.0,89.0,182.0,435.0,57.25,5.09,0.0888,5.483,8.899,91.57,8.0,91.568,100.0,8.43,0.0,9.98,22.68,100.0,100.0,9.02,11.72,6.26,3.73,76.812,24.57,100.0,100.0,False,,166.6,96.058,0.740000000000002,-2.75,-2.75,45.517,60.0,-20.0,0.97,20.455,9.0,53.74,97.26,89.894,100.0,100.0,73.777,100.0,100.0,24.0,46.93,96.606,89.158,100.0,100.0,73.021,100.0,100.0,6.969,7.084,94.968,88.533,26.19,CRITICAL
345,2026-06-04 14:15:00+00:00,14,3,-0.5,-0.866025,0.433884,-0.900969,False,False,EVENING,0.0,4.0,12.0,80.0,175.0,431.0,53.79,5.15,0.0958,5.804,7.386,91.24,7.94,91.236,99.217,8.76,0.06,10.26,23.29,100.0,100.0,9.03,11.78,6.19,3.75,77.062,24.09,100.0,100.0,False,,147.9,95.851,-3.460000000000001,-2.719999999999999,-6.210000000000001,47.682,60.0,-27.0,0.01,19.47,9.0,54.89,97.159,89.4,100.0,100.0,73.527,100.0,100.0,25.0,45.92,95.475,89.121,100.0,100.0,72.499,100.0,100.0,6.994,7.19,96.136,88.39,26.19,CRITICAL
346,2026-06-04 14:30:00+00:00,14,3,-0.5,-0.866025,0.433884,-0.900969,False,False,EVENING,6.0,6.0,11.0,76.0,180.0,434.0,56.26,4.84,0.0861,5.938,9.084,90.56,7.83,90.561,97.814,9.44,0.17,10.26,23.29,100.0,100.0,8.35,11.82,6.82,3.63,74.723,24.57,100.0,100.0,False,,151.2,95.211,2.469999999999999,-0.990000000000002,-3.740000000000002,49.877,60.0,-26.0,-0.15,20.208,7.0,51.94,97.087,89.054,100.0,100.0,73.768,100.0,100.0,24.0,45.89,95.663,89.116,100.0,100.0,71.477,100.0,100.0,7.031,7.043,97.21,88.301,26.19,CRITICAL
347,2026-06-04 14:45:00+00:00,14,3,-0.5,-0.866025,0.433884,-0.900969,False,False,EVENING,3.0,9.0,13.0,71.0,180.0,433.0,55.57,5.06,0.0911,6.206,8.649,89.95,7.83,89.948,97.841,10.05,0.17,10.26,23.29,100.0,100.0,8.29,11.86,6.85,3.63,74.619,24.57,100.0,100.0,False,,142.9,95.072,-0.6899999999999977,1.7800000000000011,-0.9399999999999977,51.652,60.0,-11.0,0.16,20.035,10.0,48.91,97.018,89.303,100.0,100.0,74.708,100.0,100.0,23.0,44.86,94.763,88.842,100.0,100.0,69.493,100.0,100.0,7.049,7.246,96.347,88.321,26.03,CRITICAL
348,2026-06-04 15:00:00+00:00,15,3,-0.707107,-0.707107,0.433884,-0.900969,False,False,EVENING,2.0,5.0,11.0,67.0,171.0,433.0,53.74,5.0,0.0931,6.432,6.833,89.89,7.78,89.894,97.26,10.11,0.22,10.26,23.29,100.0,100.0,8.03,11.89,7.08,3.59,73.777,24.41,100.0,100.0,False,,133.3,94.869,-1.8299999999999983,-2.519999999999996,-3.509999999999998,52.932,60.0,-7.0,-0.16,19.538,12.0,46.93,96.606,89.158,100.0,100.0,73.021,100.0,100.0,25.0,44.76,95.196,88.637,100.0,100.0,67.042,100.0,100.0,7.054,7.731,95.96,88.183,26.19,HIGH
349,2026-06-04 15:15:00+00:00,15,3,-0.707107,-0.707107,0.433884,-0.900969,False,False,EVENING,5.0,7.0,16.0,67.0,164.0,433.0,54.89,4.84,0.0881,6.46,8.468,89.4,7.77,89.4,97.159,10.6,0.23,9.6,21.84,100.0,100.0,7.94,11.91,7.15,3.57,73.527,24.73,100.0,100.0,False,,135.6,94.717,1.1499999999999986,-0.6799999999999997,1.1000000000000014,54.018,60.0,4.0,0.64,19.905,14.0,45.92,95.475,89.121,100.0,100.0,72.499,100.0,100.0,26.0,43.62,95.889,88.844,100.0,100.0,69.499,100.0,100.0,7.11,7.727,96.209,88.009,26.83,HIGH
350,2026-06-04 15:30:00+00:00,15,3,-0.707107,-0.707107,0.433884,-0.900969,False,False,EVENING,1.0,6.0,11.0,59.0,159.0,431.0,51.94,4.94,0.0951,6.644,8.052,89.05,7.77,89.054,97.087,10.95,0.23,10.26,23.29,100.0,100.0,7.99,11.93,7.08,3.59,73.768,24.41,100.0,100.0,False,,124.8,94.648,-2.950000000000003,-1.8000000000000043,-4.32,54.589,60.0,0.0,-0.16,19.088,14.0,45.89,95.663,89.116,100.0,100.0,71.477,100.0,100.0,26.0,44.53,96.322,88.715,100.0,100.0,70.229,100.0,100.0,7.171,6.511,96.852,88.122,26.35,HIGH
351,2026-06-04 15:45:00+00:00,15,3,-0.707107,-0.707107,0.433884,-0.900969,False,False,EVENING,1.0,2.0,9.0,46.0,148.0,430.0,48.91,4.67,0.0956,6.773,5.799,89.3,7.76,89.303,97.018,10.7,0.24,10.26,23.29,100.0,100.0,8.23,11.94,6.83,3.63,74.708,24.09,100.0,100.0,False,,115.2,94.774,-3.030000000000001,-5.980000000000004,-6.660000000000004,54.764,60.0,-4.0,-0.48,18.25,15.0,44.86,94.763,88.842,100.0,100.0,69.493,100.0,100.0,29.0,40.42,96.477,89.394,100.0,100.0,71.403,100.0,100.0,7.12,7.251,97.18,88.063,26.19,HIGH
352,2026-06-04 16:00:00+00:00,16,3,-0.866025,-0.5,0.433884,-0.900969,False,False,EVENING,2.0,3.0,9.0,38.0,140.0,427.0,46.93,4.4,0.0938,6.682,7.392,89.16,7.73,89.158,96.606,10.84,0.27,10.26,23.29,100.0,100.0,7.76,11.95,7.28,3.55,73.021,23.93,100.0,100.0,False,,112.1,94.508,-1.9799999999999969,-5.009999999999998,-6.810000000000002,54.736,60.0,-2.0,-0.48,17.715,12.0,44.76,95.196,88.637,100.0,100.0,67.042,100.0,100.0,33.0,39.46,95.767,89.347,100.0,100.0,70.534,100.0,100.0,7.138,5.142,98.281,88.474,26.19,HIGH
353,2026-06-04 16:15:00+00:00,16,3,-0.866025,-0.5,0.433884,-0.900969,False,False,EVENING,3.0,5.0,7.0,35.0,141.0,429.0,45.92,4.22,0.092,6.741,7.253,89.12,7.64,89.121,95.475,10.88,0.36,10.26,23.29,100.0,100.0,7.61,11.96,7.43,3.52,72.499,23.93,100.0,100.0,False,,108.7,94.227,-1.009999999999998,-2.989999999999995,-8.969999999999999,54.62,60.0,-9.0,-0.8,17.462,11.0,43.62,95.889,88.844,100.0,100.0,69.499,100.0,100.0,37.0,37.48,95.745,89.324,100.0,100.0,71.049,100.0,100.0,6.971,7.799,98.25,88.269,26.03,HIGH
354,2026-06-04 16:30:00+00:00,16,3,-0.866025,-0.5,0.433884,-0.900969,False,False,EVENING,4.0,7.0,10.0,32.0,138.0,430.0,45.89,4.13,0.0901,6.77,6.73,89.12,7.65,89.116,95.663,10.88,0.35,9.23,21.02,100.0,100.0,7.33,11.97,7.7,3.47,71.477,24.09,100.0,100.0,False,,108.2,94.171,-0.030000000000001137,-1.0399999999999991,-6.049999999999997,54.225,60.0,-1.0,-0.32,17.495,10.0,44.53,96.322,88.715,100.0,100.0,70.229,100.0,100.0,38.0,36.5,95.233,89.184,100.0,100.0,69.758,100.0,100.0,7.047,5.605,98.816,88.585,25.71,HIGH
355,2026-06-04 16:45:00+00:00,16,3,-0.866025,-0.5,0.433884,-0.900969,False,False,EVENING,3.0,7.0,12.0,34.0,130.0,432.0,44.86,4.13,0.0921,6.769,8.152,88.84,7.58,88.842,94.763,11.16,0.42,10.26,23.29,100.0,100.0,6.79,11.98,8.24,3.38,69.493,24.1,100.0,100.0,False,,105.8,93.752,-1.0300000000000011,-1.0600000000000023,-4.049999999999997,53.279,60.0,3.0,0.01,17.24,8.0,40.42,96.477,89.394,100.0,100.0,71.403,100.0,100.0,38.0,37.48,95.029,89.178,100.0,100.0,68.846,100.0,100.0,6.923,6.927,97.529,88.687,25.39,HIGH
356,2026-06-04 17:00:00+00:00,17,3,-0.965926,-0.258819,0.433884,-0.900969,False,False,EVENING,4.0,7.0,14.0,34.0,123.0,434.0,44.76,4.04,0.0902,6.882,7.563,88.64,7.62,88.637,95.196,11.36,0.38,10.26,23.29,100.0,100.0,6.12,11.98,8.9,3.26,67.042,24.26,100.0,100.0,False,,103.8,93.573,-0.10000000000000142,-1.1300000000000026,-2.1700000000000017,52.326,60.0,5.0,0.33,17.255,13.0,39.46,95.767,89.347,100.0,100.0,70.534,100.0,100.0,35.0,38.46,94.694,88.996,100.0,100.0,68.233,100.0,100.0,6.903,8.396,97.065,88.351,25.08,HIGH
357,2026-06-04 17:15:00+00:00,17,3,-0.965926,-0.258819,0.433884,-0.900969,False,False,EVENING,3.0,7.0,14.0,37.0,117.0,435.0,43.62,4.03,0.0923,6.952,5.904,88.84,7.67,88.844,95.889,11.16,0.33,10.26,23.29,100.0,100.0,6.78,11.98,8.24,3.38,69.499,24.26,100.0,100.0,False,,100.1,93.978,-1.1400000000000006,-1.240000000000002,-2.3000000000000043,51.302,60.0,7.0,0.33,16.97,15.0,37.48,95.745,89.324,100.0,100.0,71.049,100.0,100.0,34.0,37.4,94.959,88.904,100.0,100.0,68.003,100.0,100.0,7.033,5.181,97.453,88.783,25.24,HIGH
358,2026-06-04 17:30:00+00:00,17,3,-0.965926,-0.258819,0.433884,-0.900969,False,False,EVENING,5.0,8.0,15.0,36.0,112.0,438.0,44.53,3.93,0.0882,6.867,7.243,88.72,7.71,88.715,96.322,11.28,0.29,10.26,23.29,100.0,100.0,6.97,11.99,8.04,3.41,70.229,24.58,100.0,100.0,False,,103.5,94.102,0.9100000000000037,-0.22999999999999687,-1.3599999999999994,50.336,57.25,5.0,0.49,17.278,16.0,36.5,95.233,89.184,100.0,100.0,69.758,100.0,100.0,38.0,41.32,94.391,89.101,100.0,100.0,68.666,100.0,100.0,6.868,7.102,97.526,88.718,24.92,HIGH
359,2026-06-04 17:45:00+00:00,17,3,-0.965926,-0.258819,0.433884,-0.900969,False,False,EVENING,0.0,5.0,12.0,33.0,104.0,435.0,40.42,4.01,0.0992,6.908,4.145,89.39,7.72,89.394,96.477,10.61,0.28,10.26,23.29,100.0,100.0,7.38,11.89,7.72,3.47,71.403,24.1,100.0,100.0,False,,93.4,94.388,-4.109999999999999,-3.1999999999999957,-4.439999999999998,49.33,57.25,0.0,0.0,16.13,21.0,37.48,95.029,89.178,100.0,100.0,68.846,100.0,100.0,30.0,41.28,94.082,88.632,100.0,100.0,70.12,100.0,100.0,6.891,7.629,98.098,88.488,24.92,HIGH
360,2026-06-04 18:00:00+00:00,18,3,-1.0,-0.0,0.433884,-0.900969,False,False,EVENING,3.0,3.0,11.0,34.0,101.0,433.0,39.46,3.64,0.0922,6.655,7.07,89.35,7.66,89.347,95.767,10.65,0.34,10.26,23.29,100.0,100.0,7.27,11.78,7.96,3.43,70.534,24.1,100.0,100.0,False,,94.6,94.158,-0.9600000000000009,-5.07,-5.299999999999997,48.218,56.26,-3.0,-0.16,15.89,20.0,38.46,94.694,88.996,100.0,100.0,68.233,100.0,100.0,28.0,44.13,94.968,88.533,100.0,100.0,71.376,100.0,100.0,6.968,8.507,97.018,88.19,24.6,HIGH
361,2026-06-04 18:15:00+00:00,18,3,-1.0,-0.0,0.433884,-0.900969,False,False,EVENING,2.0,5.0,10.0,31.0,98.0,434.0,37.48,3.55,0.0947,6.682,6.782,89.32,7.66,89.324,95.745,10.68,0.34,9.91,22.52,100.0,100.0,7.57,11.62,7.82,3.45,71.049,23.94,100.0,100.0,False,,89.5,94.195,-1.980000000000004,-2.940000000000005,-6.140000000000001,47.199,56.26,-4.0,-0.32,15.355,22.0,37.4,94.959,88.904,100.0,100.0,68.003,100.0,100.0,24.0,42.96,96.136,88.39,100.0,100.0,73.08,100.0,100.0,7.093,6.832,96.498,88.297,24.44,HIGH
362,2026-06-04 18:30:00+00:00,18,3,-1.0,-0.0,0.433884,-0.900969,False,False,EVENING,3.0,5.0,8.0,33.0,92.0,433.0,36.5,3.37,0.0924,6.691,7.415,89.18,7.62,89.184,95.233,10.82,0.38,9.03,20.58,100.0,100.0,7.39,11.44,8.17,3.39,69.758,23.94,100.0,100.0,False,,87.1,93.945,-0.9799999999999969,-2.960000000000001,-8.030000000000001,45.964,55.57,-7.0,-0.64,15.11,22.0,41.32,94.391,89.101,100.0,100.0,68.666,100.0,100.0,23.0,41.78,97.21,88.301,100.0,100.0,74.641,100.0,100.0,7.061,5.937,96.271,88.596,24.12,HIGH
363,2026-06-04 18:45:00+00:00,18,3,-1.0,-0.0,0.433884,-0.900969,False,False,EVENING,5.0,8.0,13.0,37.0,83.0,434.0,37.48,3.29,0.0876,6.75,6.837,89.18,7.6,89.178,95.029,10.82,0.4,10.26,23.29,100.0,100.0,7.25,11.34,8.41,3.35,68.846,24.26,100.0,100.0,False,,88.6,93.821,0.9799999999999969,0.0,-2.940000000000005,44.833,54.89,1.0,0.16,15.435,17.0,41.28,94.082,88.632,100.0,100.0,70.12,100.0,100.0,21.0,39.58,96.347,88.321,100.0,100.0,73.174,100.0,100.0,6.953,6.692,95.413,88.729,24.28,HIGH
364,2026-06-04 19:00:00+00:00,19,3,-0.965926,0.258819,0.433884,-0.900969,False,False,EVENING,5.0,10.0,15.0,40.0,78.0,437.0,38.46,3.37,0.0877,6.755,7.589,89.0,7.58,88.996,94.694,11.0,0.42,9.2,20.96,100.0,100.0,7.13,11.29,8.58,3.32,68.233,24.58,100.0,100.0,False,,90.9,93.659,0.980000000000004,1.9600000000000009,-1.0,43.878,54.89,4.0,0.48,15.76,15.0,44.13,94.968,88.533,100.0,100.0,71.376,100.0,100.0,20.0,39.38,95.96,88.183,100.0,100.0,71.7,100.0,100.0,6.915,5.998,94.078,89.066,23.8,HIGH
365,2026-06-04 19:15:00+00:00,19,3,-0.965926,0.258819,0.433884,-0.900969,False,False,EVENING,3.0,8.0,16.0,40.0,75.0,433.0,37.4,3.46,0.0926,6.826,7.11,88.9,7.6,88.904,94.959,11.1,0.4,8.09,18.53,100.0,100.0,7.15,11.21,8.64,3.3,68.003,24.58,100.0,100.0,False,,87.4,93.671,-1.0600000000000023,-0.0799999999999983,-0.0799999999999983,42.785,51.94,6.0,0.64,15.495,12.0,42.96,96.136,88.39,100.0,100.0,73.08,100.0,100.0,17.0,42.15,96.209,88.009,100.0,100.0,71.315,100.0,100.0,6.809,6.625,93.163,89.185,23.48,HIGH
366,2026-06-04 19:30:00+00:00,19,3,-0.965926,0.258819,0.433884,-0.900969,False,False,EVENING,8.0,11.0,21.0,44.0,76.0,436.0,41.32,3.37,0.0815,6.857,6.25,89.1,7.55,89.101,94.391,10.9,0.45,9.33,21.25,100.0,100.0,7.25,11.29,8.46,3.34,68.666,25.38,100.0,100.0,False,,96.2,93.66,3.9200000000000017,2.8599999999999994,4.82,42.121,48.91,13.0,1.44,16.675,16.0,41.78,97.21,88.301,100.0,100.0,74.641,100.0,100.0,14.0,37.88,96.852,88.122,100.0,100.0,71.05,100.0,100.0,5.991,8.406,93.028,88.592,23.16,HIGH
367,2026-06-04 19:45:00+00:00,19,3,-0.965926,0.258819,0.433884,-0.900969,False,False,EVENING,4.0,12.0,20.0,45.0,79.0,435.0,41.28,3.72,0.0901,6.792,8.767,88.63,7.53,88.632,94.082,11.37,0.47,10.26,23.29,100.0,100.0,7.59,11.35,8.07,3.41,70.12,25.55,100.0,100.0,False,,97.0,93.626,-0.03999999999999915,3.8800000000000026,3.8000000000000043,41.644,46.93,7.0,1.29,16.708,13.0,39.58,96.347,88.321,100.0,100.0,73.174,100.0,100.0,15.0,35.65,97.18,88.063,100.0,100.0,69.031,100.0,100.0,1.68,6.205,89.996,87.703,22.84,HIGH
368,2026-06-04 20:00:00+00:00,20,3,-0.866025,0.5,0.433884,-0.900969,False,False,EVENING,7.0,11.0,22.0,48.0,82.0,436.0,44.13,3.71,0.0842,6.969,7.084,88.53,7.6,88.533,94.968,11.47,0.4,10.26,23.29,100.0,100.0,7.8,11.48,7.73,3.47,71.376,26.19,100.0,100.0,False,,101.1,93.895,2.8500000000000014,2.8100000000000023,5.670000000000002,41.469,45.92,7.0,1.61,17.58,13.0,39.38,95.96,88.183,100.0,100.0,71.7,100.0,100.0,16.0,34.4,98.281,88.474,100.0,100.0,68.588,100.0,100.0,1.68,6.246,87.829,86.735,22.53,HIGH
369,2026-06-04 20:15:00+00:00,20,3,-0.866025,0.5,0.433884,-0.900969,False,False,EVENING,3.0,10.0,22.0,48.0,85.0,437.0,42.96,3.97,0.0924,6.994,7.19,88.39,7.69,88.39,96.136,11.61,0.31,9.96,22.63,100.0,100.0,8.16,11.57,7.27,3.55,73.08,26.19,100.0,100.0,False,,98.0,94.25,-1.1700000000000017,1.6799999999999997,5.560000000000002,41.284,45.89,6.0,1.61,17.288,12.0,42.15,96.209,88.009,100.0,100.0,71.315,100.0,100.0,14.0,32.25,98.25,88.269,100.0,100.0,67.615,100.0,100.0,0.0,6.137,84.505,85.467,22.05,HIGH
370,2026-06-04 20:30:00+00:00,20,3,-0.866025,0.5,0.433884,-0.900969,False,False,EVENING,3.0,6.0,17.0,46.0,82.0,438.0,41.78,3.87,0.0926,7.031,7.043,88.3,7.78,88.301,97.21,11.7,0.22,9.49,21.6,100.0,100.0,8.53,11.62,6.85,3.63,74.641,26.19,100.0,100.0,False,,94.8,94.586,-1.1799999999999997,-2.3500000000000014,0.46000000000000085,41.027,44.86,-4.0,0.81,16.992,7.0,37.88,96.852,88.122,100.0,100.0,71.05,100.0,100.0,14.0,29.05,98.816,88.585,100.0,100.0,67.877,100.0,100.0,1.68,6.159,83.607,84.419,21.73,HIGH
371,2026-06-04 20:45:00+00:00,20,3,-0.866025,0.5,0.433884,-0.900969,False,False,EVENING,2.0,5.0,15.0,48.0,81.0,436.0,39.58,3.76,0.095,7.049,7.246,88.32,7.71,88.321,96.347,11.68,0.29,9.38,21.35,100.0,100.0,8.19,11.57,7.24,3.56,73.174,26.03,100.0,100.0,False,,89.6,94.286,-2.200000000000003,-3.3800000000000026,-1.7000000000000028,40.698,44.76,-5.0,0.48,16.402,8.0,35.65,97.18,88.063,100.0,100.0,69.031,100.0,100.0,14.0,25.93,97.529,88.687,100.0,100.0,63.367,100.0,100.0,0.0,5.834,81.659,83.116,21.25,HIGH
372,2026-06-04 21:00:00+00:00,21,3,-0.707107,0.707107,0.433884,-0.900969,False,False,EVENING,4.0,6.0,12.0,49.0,83.0,424.0,39.38,3.56,0.0905,7.054,7.731,88.18,7.68,88.183,95.96,11.82,0.32,10.26,23.29,100.0,100.0,7.84,11.52,7.64,3.48,71.7,26.19,100.0,100.0,False,,89.1,94.045,-0.19999999999999574,-2.3999999999999986,-4.75,40.361,44.53,-10.0,0.0,16.393,7.0,34.4,98.281,88.474,100.0,100.0,68.588,100.0,100.0,17.0,22.82,97.065,88.351,100.0,100.0,64.339,100.0,100.0,0.0,2.499,80.316,82.599,20.77,HIGH
373,2026-06-04 21:15:00+00:00,21,3,-0.707107,0.707107,0.433884,-0.900969,False,False,EVENING,7.0,11.0,16.0,54.0,85.0,423.0,42.15,3.54,0.0841,7.11,7.727,88.01,7.7,88.009,96.209,11.99,0.3,10.26,23.29,100.0,100.0,7.68,11.58,7.74,3.47,71.315,26.83,100.0,100.0,False,,94.6,94.022,2.769999999999996,2.5700000000000003,-0.8100000000000023,40.269,44.53,-6.0,0.64,17.245,5.0,32.25,98.25,88.269,100.0,100.0,67.615,100.0,100.0,16.0,22.64,97.453,88.783,100.0,100.0,63.236,100.0,100.0,3.36,1.876,79.798,83.011,20.61,HIGH
374,2026-06-04 21:30:00+00:00,21,3,-0.707107,0.707107,0.433884,-0.900969,False,False,EVENING,0.0,7.0,13.0,51.0,84.0,417.0,37.88,3.79,0.1001,7.171,6.511,88.12,7.75,88.122,96.852,11.88,0.25,10.26,23.29,100.0,100.0,7.71,11.48,7.82,3.45,71.05,26.35,100.0,100.0,False,,84.3,94.152,-4.269999999999996,-1.5,-3.8999999999999986,39.854,44.13,-4.0,0.16,16.058,7.0,29.05,98.816,88.585,100.0,100.0,67.877,100.0,100.0,13.0,19.55,97.526,88.718,100.0,100.0,61.79,100.0,100.0,6.72,3.26,81.861,83.711,20.77,HIGH
375,2026-06-04 21:45:00+00:00,21,3,-0.707107,0.707107,0.433884,-0.900969,False,False,EVENING,2.0,2.0,13.0,48.0,85.0,407.0,35.65,3.41,0.0957,7.12,7.251,88.06,7.77,88.063,97.18,11.94,0.23,10.26,23.29,100.0,100.0,7.32,11.32,8.36,3.35,69.031,26.19,100.0,100.0,False,,79.9,94.023,-2.230000000000004,-6.5,-3.9299999999999997,39.556,44.13,-2.0,0.16,15.46,7.0,25.93,97.529,88.687,100.0,100.0,63.367,100.0,100.0,13.0,18.45,98.098,88.488,100.0,100.0,60.837,100.0,100.0,0.0,4.035,80.351,82.823,20.29,HIGH
376,2026-06-04 22:00:00+00:00,22,3,-0.5,0.866025,0.433884,-0.900969,False,False,NIGHT,3.0,5.0,12.0,46.0,86.0,400.0,34.4,3.21,0.0933,7.138,5.142,88.47,7.86,88.474,98.281,11.53,0.14,6.27,17.99,100.0,100.0,7.36,11.16,8.48,3.33,68.588,26.19,100.0,100.0,False,,76.9,94.293,-1.25,-3.480000000000004,-4.980000000000004,39.239,44.13,0.0,0.0,15.148,9.0,22.82,97.065,88.351,100.0,100.0,64.339,100.0,100.0,11.0,15.3,97.018,88.19,100.0,100.0,58.392,100.0,100.0,1.68,3.693,81.244,82.249,19.97,HIGH
377,2026-06-04 22:15:00+00:00,22,3,-0.5,0.866025,0.433884,-0.900969,False,False,NIGHT,2.0,5.0,7.0,45.0,85.0,394.0,32.25,3.1,0.096,6.971,7.799,88.27,7.86,88.269,98.25,11.73,0.14,6.27,17.99,100.0,100.0,7.3,10.95,8.74,3.29,67.615,26.03,100.0,100.0,False,,73.8,94.155,-2.1499999999999986,-3.3999999999999986,-9.899999999999999,38.912,44.13,-9.0,-0.8,14.57,9.0,22.64,97.453,88.783,100.0,100.0,63.236,100.0,100.0,11.0,13.08,96.498,88.297,100.0,100.0,57.492,100.0,100.0,1.68,4.08,81.347,81.64,19.65,HIGH
378,2026-06-04 22:30:00+00:00,22,3,-0.5,0.866025,0.433884,-0.900969,False,False,NIGHT,1.0,3.0,8.0,38.0,82.0,389.0,29.05,2.9,0.0999,7.047,5.605,88.58,7.91,88.585,98.816,11.42,0.09,4.99,15.17,100.0,100.0,7.65,10.68,8.67,3.3,67.877,25.71,100.0,100.0,False,,65.8,94.361,-3.1999999999999993,-5.349999999999998,-8.830000000000002,38.447,44.13,-5.0,-0.64,13.69,7.0,19.55,97.526,88.718,100.0,100.0,61.79,100.0,100.0,9.0,9.87,96.271,88.596,100.0,100.0,55.578,100.0,97.752,3.36,2.3,82.627,81.803,19.49,HIGH
379,2026-06-04 22:45:00+00:00,22,3,-0.5,0.866025,0.433884,-0.900969,False,False,NIGHT,1.0,2.0,7.0,35.0,80.0,381.0,25.93,2.61,0.1008,6.923,6.927,88.69,7.8,88.687,97.529,11.31,0.2,6.27,17.99,100.0,100.0,6.77,10.33,9.89,3.08,63.367,25.39,100.0,100.0,False,,59.8,93.72,-3.120000000000001,-6.32,-9.719999999999999,37.725,44.13,-6.0,-0.8,12.83,7.0,18.45,98.098,88.488,100.0,100.0,60.837,100.0,100.0,9.0,9.74,95.413,88.729,100.0,100.0,52.994,100.0,96.576,3.36,2.834,82.791,81.921,19.33,HIGH
380,2026-06-04 23:00:00+00:00,23,3,-0.258819,0.965926,0.433884,-0.900969,False,False,NIGHT,1.0,2.0,5.0,29.0,77.0,375.0,22.82,2.33,0.1023,6.903,8.396,88.35,7.77,88.351,97.065,11.65,0.23,6.27,17.99,100.0,100.0,7.43,9.94,9.63,3.13,64.339,25.08,100.0,100.0,False,,52.8,92.246,-3.1099999999999994,-6.23,-11.579999999999998,36.748,44.13,-7.0,-1.11,11.975,8.0,15.3,97.018,88.19,100.0,100.0,58.392,100.0,100.0,5.0,5.62,94.078,89.066,100.0,100.0,50.77,100.0,71.345,1.68,3.828,83.534,81.325,19.02,HIGH
381,2026-06-04 23:15:00+00:00,23,3,-0.258819,0.965926,0.433884,-0.900969,False,False,NIGHT,4.0,5.0,7.0,30.0,78.0,372.0,22.64,2.05,0.0907,7.033,5.181,88.78,7.8,88.783,97.453,11.22,0.2,6.27,17.99,100.0,100.0,7.45,9.63,9.93,3.07,63.236,25.24,100.0,100.0,False,,51.4,92.204,-0.17999999999999972,-3.289999999999999,-9.61,35.825,44.13,0.0,-0.79,11.97,7.0,13.08,96.498,88.297,100.0,100.0,57.492,100.0,100.0,5.0,2.57,93.163,89.185,100.0,100.0,51.269,100.0,52.661,0.0,2.839,81.272,80.796,18.54,HIGH
382,2026-06-04 23:30:00+00:00,23,3,-0.258819,0.965926,0.433884,-0.900969,False,False,NIGHT,1.0,5.0,7.0,28.0,74.0,370.0,19.55,2.04,0.1042,6.868,7.102,88.72,7.8,88.718,97.526,11.28,0.2,5.7,16.73,100.0,100.0,7.42,9.26,10.32,3.0,61.79,24.92,100.0,100.0,False,,45.4,90.096,-3.09,-3.2699999999999996,-9.5,34.464,44.13,-1.0,-0.79,11.118,6.0,9.87,96.271,88.596,100.0,100.0,55.578,100.0,97.752,6.0,0.0,93.028,88.592,100.0,100.0,50.55,100.0,37.211,0.0,3.246,79.34,80.139,18.06,HIGH
383,2026-06-04 23:45:00+00:00,23,3,-0.258819,0.965926,0.433884,-0.900969,False,False,NIGHT,3.0,4.0,9.0,29.0,77.0,366.0,18.45,1.76,0.0954,6.891,7.629,88.49,7.85,88.488,98.098,11.51,0.15,6.27,17.99,100.0,100.0,7.49,8.94,10.57,2.96,60.837,24.92,100.0,100.0,False,,42.7,89.37,-1.1000000000000014,-4.190000000000001,-7.48,33.038,44.13,2.0,-0.47,10.843,6.0,9.74,95.413,88.729,100.0,100.0,52.994,100.0,96.576,9.0,0.0,89.996,87.703,100.0,100.0,49.064,100.0,35.998,1.68,2.995,79.682,79.783,17.74,HIGH
384,2026-06-05 00:00:00+00:00,0,4,0.0,1.0,-0.433884,-0.900969,False,False,NIGHT,1.0,4.0,9.0,26.0,75.0,362.0,15.3,1.66,0.1085,6.968,8.507,88.19,7.76,88.19,97.018,11.81,0.24,6.11,17.65,100.0,100.0,7.21,8.56,11.23,2.84,58.392,24.6,100.0,100.0,False,,35.0,86.853,-3.1499999999999986,-4.25,-7.52,31.236,42.96,4.0,-0.48,9.975,3.0,5.62,94.078,89.066,100.0,100.0,50.77,100.0,71.345,8.0,0.0,87.829,86.735,100.0,100.0,47.798,100.0,35.132,0.0,0.616,78.594,79.716,17.26,HIGH
385,2026-06-05 00:15:00+00:00,0,4,0.0,1.0,-0.433884,-0.900969,False,False,NIGHT,2.0,3.0,7.0,21.0,75.0,360.0,13.08,1.38,0.1053,7.093,6.832,88.3,7.72,88.297,96.498,11.7,0.28,6.27,17.99,100.0,100.0,7.36,8.16,11.48,2.79,57.492,24.44,100.0,100.0,False,,29.4,85.27,-2.2200000000000006,-5.369999999999999,-9.56,29.368,42.15,0.0,-0.8,9.38,4.0,2.57,93.163,89.185,100.0,100.0,51.269,100.0,52.661,8.0,0.0,84.505,85.467,100.0,100.0,45.446,100.0,33.802,0.0,1.845,78.393,79.271,16.78,HIGH
386,2026-06-05 00:30:00+00:00,0,4,0.0,1.0,-0.433884,-0.900969,False,False,NIGHT,1.0,3.0,7.0,22.0,73.0,360.0,9.87,1.18,0.1192,7.061,5.937,88.6,7.7,88.596,96.271,11.4,0.3,5.26,15.78,100.0,100.0,7.27,7.73,11.99,2.7,55.578,24.12,100.0,97.752,False,,22.3,83.064,-3.210000000000001,-5.4300000000000015,-9.680000000000001,27.374,42.15,0.0,-0.8,8.498,3.0,0.0,93.028,88.592,100.0,100.0,50.55,100.0,37.211,9.0,0.0,83.607,84.419,100.0,100.0,41.857,100.0,33.443,3.36,1.999,80.17,79.469,16.62,MODERATE
387,2026-06-05 00:45:00+00:00,0,4,0.0,1.0,-0.433884,-0.900969,False,False,NIGHT,4.0,5.0,8.0,24.0,72.0,355.0,9.74,0.89,0.0913,6.953,6.692,88.73,7.63,88.729,95.413,11.27,0.37,6.27,17.99,100.0,100.0,6.93,7.38,12.69,2.58,52.994,24.28,100.0,96.576,False,,22.3,82.606,-0.129999999999999,-3.34,-8.709999999999999,25.509,42.15,-1.0,-0.64,8.505,3.0,0.0,89.996,87.703,100.0,100.0,49.064,100.0,35.998,10.0,0.0,81.659,83.116,100.0,100.0,40.297,100.0,32.664,0.0,1.153,79.31,79.25,16.14,MODERATE
388,2026-06-05 01:00:00+00:00,1,4,0.258819,0.965926,-0.433884,-0.900969,False,False,NIGHT,0.0,4.0,7.0,21.0,67.0,353.0,5.62,0.88,0.1559,6.915,5.998,89.07,7.53,89.066,94.078,10.93,0.47,6.27,17.99,100.0,100.0,6.78,6.93,13.29,2.47,50.77,23.8,100.0,71.345,False,,13.0,79.576,-4.12,-4.249999999999999,-9.68,23.399,42.15,-2.0,-0.8,7.355,2.0,0.0,87.829,86.735,100.0,100.0,47.798,100.0,35.132,12.0,0.0,80.316,82.599,100.0,100.0,38.195,100.0,32.126,3.36,0.334,79.725,79.973,15.98,MODERATE
389,2026-06-05 01:15:00+00:00,1,4,0.258819,0.965926,-0.433884,-0.900969,False,False,NIGHT,1.0,1.0,6.0,20.0,65.0,354.0,2.57,0.51,0.1971,6.809,6.625,89.18,7.45,89.185,93.163,10.82,0.55,6.27,17.99,100.0,100.0,7.38,6.46,13.16,2.49,51.269,23.48,100.0,52.661,False,,6.0,77.512,-3.0500000000000003,-7.17,-10.51,20.925,37.88,-1.0,-0.96,6.512,1.0,0.0,84.505,85.467,100.0,100.0,45.446,100.0,33.802,13.0,0.0,79.798,83.011,100.0,100.0,38.186,100.0,31.919,1.68,2.398,79.207,79.835,15.66,MODERATE
390,2026-06-05 01:30:00+00:00,1,4,0.258819,0.965926,-0.433884,-0.900969,False,False,NIGHT,1.0,2.0,6.0,20.0,58.0,355.0,0.0,0.23,0.2309,5.991,8.406,88.59,7.44,88.592,93.028,11.41,0.56,4.98,15.15,100.0,100.0,7.66,5.98,13.35,2.46,50.55,23.16,100.0,37.211,False,,0.0,75.645,-2.57,-5.62,-9.87,18.558,35.65,-1.0,-0.96,5.79,3.0,0.0,83.607,84.419,100.0,100.0,41.857,100.0,33.443,11.0,0.0,81.861,83.711,100.0,100.0,37.739,100.0,32.744,3.36,1.56,79.12,80.292,15.5,MODERATE
391,2026-06-05 01:45:00+00:00,1,4,0.258819,0.965926,-0.433884,-0.900969,False,False,NIGHT,1.0,2.0,3.0,20.0,55.0,354.0,0.0,0.0,0.0,1.68,6.205,87.7,7.2,87.703,89.996,12.3,0.8,6.27,17.99,100.0,100.0,7.67,5.58,13.75,2.38,49.064,22.84,100.0,35.998,False,,0.0,74.71,0.0,-2.57,-9.74,16.329,34.4,-5.0,-1.44,5.71,6.0,0.0,81.659,83.116,100.0,100.0,40.297,100.0,32.664,7.0,0.0,80.351,82.823,100.0,100.0,39.394,100.0,32.14,3.36,3.113,79.895,80.292,15.34,MODERATE
392,2026-06-05 02:00:00+00:00,2,4,0.5,0.866025,-0.433884,-0.900969,False,False,NIGHT,1.0,2.0,4.0,20.0,49.0,353.0,0.0,0.0,0.0,1.68,6.246,86.73,7.03,86.735,87.829,13.27,0.97,5.96,17.32,100.0,100.0,7.67,5.24,14.09,2.32,47.798,22.53,100.0,35.132,False,,0.0,73.949,0.0,0.0,-5.62,14.179,32.25,-3.0,-1.27,5.632,6.0,0.0,80.316,82.599,100.0,100.0,38.195,100.0,32.126,8.0,0.0,81.244,82.249,100.0,100.0,39.792,100.0,32.497,3.36,1.072,80.803,80.791,15.19,MODERATE
393,2026-06-05 02:15:00+00:00,2,4,0.5,0.866025,-0.433884,-0.900969,False,False,NIGHT,0.0,1.0,3.0,16.0,46.0,352.0,0.0,0.0,0.0,0.0,6.137,85.47,6.76,85.467,84.505,14.53,1.24,6.27,17.99,100.0,100.0,7.34,4.93,14.73,2.21,45.446,22.05,100.0,33.802,False,,0.0,72.794,0.0,0.0,-2.57,12.164,29.05,-3.0,-1.43,5.512,7.0,0.0,79.798,83.011,100.0,100.0,38.186,100.0,31.919,7.0,0.0,81.347,81.64,100.0,100.0,37.442,100.0,32.539,5.04,2.618,81.649,81.329,15.19,MODERATE
394,2026-06-05 02:30:00+00:00,2,4,0.5,0.866025,-0.433884,-0.900969,False,False,NIGHT,1.0,1.0,3.0,16.0,44.0,352.0,0.0,0.0,0.0,1.68,6.159,84.42,6.69,84.419,83.607,15.58,1.31,5.44,16.16,100.0,100.0,6.62,4.68,15.7,2.03,41.857,21.73,100.0,33.443,False,,0.0,72.061,0.0,0.0,0.0,10.348,25.93,-3.0,-1.43,5.432,6.0,0.0,81.861,83.711,100.0,100.0,37.739,100.0,32.744,6.0,0.0,82.627,81.803,100.0,100.0,38.076,100.0,33.051,5.04,2.847,83.219,81.752,15.19,MODERATE
395,2026-06-05 02:45:00+00:00,2,4,0.5,0.866025,-0.433884,-0.900969,False,False,NIGHT,0.0,1.0,2.0,13.0,42.0,351.0,0.0,0.0,0.0,0.0,5.834,83.12,6.53,83.116,81.659,16.88,1.47,5.95,17.28,100.0,100.0,6.42,4.46,16.12,1.96,40.297,21.25,100.0,32.664,False,,0.0,71.244,0.0,0.0,0.0,8.728,22.82,-1.0,-1.59,5.312,4.0,0.0,80.351,82.823,100.0,100.0,39.394,100.0,32.14,6.0,0.0,82.791,81.921,100.0,100.0,35.264,100.0,33.116,5.04,2.752,84.171,82.248,15.19,MODERATE
396,2026-06-05 03:00:00+00:00,3,4,0.707107,0.707107,-0.433884,-0.900969,False,False,NIGHT,0.0,0.0,1.0,12.0,38.0,351.0,0.0,0.0,0.0,0.0,2.499,82.6,6.43,82.599,80.316,17.4,1.57,5.84,17.04,100.0,100.0,6.03,4.28,16.69,1.86,38.195,20.77,100.0,32.126,False,,0.0,70.673,0.0,0.0,0.0,7.301,22.64,-3.0,-1.76,5.192,6.0,0.0,81.244,82.249,100.0,100.0,39.792,100.0,32.497,4.0,0.0,83.534,81.325,100.0,100.0,36.11,100.0,33.414,3.36,2.114,84.303,82.549,15.03,MODERATE
397,2026-06-05 03:15:00+00:00,3,4,0.707107,0.707107,-0.433884,-0.900969,False,False,NIGHT,2.0,2.0,3.0,12.0,33.0,351.0,0.0,0.0,0.0,3.36,1.876,83.01,6.38,83.011,79.798,16.99,1.62,5.34,15.95,100.0,100.0,6.19,4.12,16.69,1.86,38.186,20.61,100.0,31.919,False,,0.0,70.659,0.0,0.0,0.0,5.886,19.55,0.0,-1.44,5.152,6.0,0.0,81.347,81.64,100.0,100.0,37.442,100.0,32.539,5.0,0.0,81.272,80.796,100.0,100.0,36.346,100.0,32.509,5.04,4.113,85.754,82.664,15.03,MODERATE
398,2026-06-05 03:30:00+00:00,3,4,0.707107,0.707107,-0.433884,-0.900969,False,False,NIGHT,4.0,6.0,6.0,15.0,37.0,354.0,0.0,0.0,0.0,6.72,3.26,83.71,6.55,83.711,81.861,16.29,1.45,6.0,17.4,100.0,100.0,6.17,4.02,16.81,1.83,37.739,20.77,100.0,32.744,False,,0.0,71.185,0.0,0.0,0.0,4.664,18.45,3.0,-0.96,5.192,5.0,0.0,82.627,81.803,100.0,100.0,38.076,100.0,33.051,6.0,0.0,79.34,80.139,100.0,100.0,38.025,100.0,31.736,3.36,4.6,85.243,82.395,14.87,MODERATE
399,2026-06-05 03:45:00+00:00,3,4,0.707107,0.707107,-0.433884,-0.900969,False,False,NIGHT,0.0,4.0,6.0,11.0,35.0,350.0,0.0,0.0,0.0,0.0,4.035,82.82,6.43,82.823,80.351,17.18,1.57,4.36,13.78,100.0,100.0,6.71,3.92,16.36,1.91,39.394,20.29,100.0,32.14,False,,0.0,70.837,0.0,0.0,0.0,3.511,15.3,4.0,-0.96,5.072,3.0,0.0,82.791,81.921,100.0,100.0,35.264,100.0,33.116,8.0,0.0,79.682,79.783,100.0,100.0,36.601,100.0,31.873,9.393,3.795,88.141,83.563,15.51,MODERATE
400,2026-06-05 04:00:00+00:00,4,4,0.866025,0.5,-0.433884,-0.900969,False,False,NIGHT,1.0,1.0,7.0,12.0,33.0,350.0,0.0,0.0,0.0,1.68,3.693,82.25,6.5,82.249,81.244,17.75,1.5,6.27,17.99,100.0,100.0,6.89,3.85,16.26,1.93,39.792,19.97,100.0,32.497,False,,0.0,70.925,0.0,0.0,0.0,2.555,13.08,6.0,-0.8,4.992,2.0,0.0,83.534,81.325,100.0,100.0,36.11,100.0,33.414,9.0,0.0,78.594,79.716,70.102,66.088,34.529,100.0,31.438,7.407,3.656,89.822,84.366,15.51,MODERATE
401,2026-06-05 04:15:00+00:00,4,4,0.866025,0.5,-0.433884,-0.900969,False,False,NIGHT,1.0,2.0,6.0,12.0,32.0,350.0,0.0,0.0,0.0,1.68,4.08,81.64,6.51,81.64,81.347,18.36,1.49,6.27,17.99,100.0,100.0,6.31,3.8,16.89,1.82,37.442,19.65,100.0,32.539,False,,0.0,70.6,0.0,0.0,0.0,1.738,9.87,3.0,-0.96,4.912,1.0,0.0,81.272,80.796,100.0,100.0,36.346,100.0,32.509,11.0,0.0,78.393,79.271,69.71,65.719,34.113,100.0,31.357,3.36,2.87,89.288,84.531,15.35,MODERATE
402,2026-06-05 04:30:00+00:00,4,4,0.866025,0.5,-0.433884,-0.900969,False,False,NIGHT,2.0,3.0,4.0,13.0,33.0,350.0,0.0,0.0,0.0,3.36,2.3,81.8,6.61,81.803,82.627,18.2,1.39,6.27,17.99,100.0,100.0,6.51,3.77,16.72,1.85,38.076,19.49,100.0,33.051,False,,0.0,70.949,0.0,0.0,0.0,1.121,9.74,-2.0,-1.28,4.872,1.0,0.0,79.34,80.139,100.0,100.0,38.025,100.0,31.736,14.0,0.0,80.17,79.469,80.531,75.467,34.702,100.0,32.068,1.68,4.715,87.971,83.877,15.03,MODERATE
403,2026-06-05 04:45:00+00:00,4,4,0.866025,0.5,-0.433884,-0.900969,False,False,NIGHT,2.0,4.0,6.0,14.0,34.0,351.0,0.0,0.0,0.0,3.36,2.834,81.92,6.62,81.921,82.791,18.08,1.38,6.27,17.99,100.0,100.0,5.78,3.74,17.48,1.71,35.264,19.33,100.0,33.116,False,,0.0,70.755,0.0,0.0,0.0,0.512,5.62,0.0,-0.96,4.832,3.0,0.0,79.682,79.783,100.0,100.0,36.601,100.0,31.873,15.0,0.0,79.31,79.25,69.691,65.701,34.949,100.0,31.724,8.809,4.133,90.136,84.873,15.51,MODERATE
404,2026-06-05 05:00:00+00:00,5,4,0.965926,0.258819,-0.433884,-0.900969,False,False,NIGHT,1.0,3.0,6.0,14.0,34.0,351.0,0.0,0.0,0.0,1.68,3.828,81.33,6.68,81.325,83.534,18.67,1.32,5.66,16.66,100.0,100.0,6.02,3.73,17.25,1.75,36.11,19.02,100.0,33.414,False,,0.0,70.848,0.0,0.0,0.0,0.161,2.57,-1.0,-0.95,4.755,2.0,0.0,78.594,79.716,70.102,66.088,34.529,100.0,31.438,18.0,0.0,79.725,79.973,73.437,69.112,35.633,100.0,31.89,4.631,5.181,90.097,84.739,15.36,MODERATE
405,2026-06-05 05:15:00+00:00,5,4,0.965926,0.258819,-0.433884,-0.900969,False,False,NIGHT,0.0,1.0,5.0,14.0,30.0,347.0,0.0,0.0,0.0,0.0,2.839,80.8,6.5,80.796,81.272,19.2,1.5,6.27,17.99,100.0,100.0,6.12,3.7,17.19,1.77,36.346,18.54,100.0,32.509,False,,0.0,70.301,0.0,0.0,0.0,0.0,0.0,-1.0,-1.11,4.635,4.0,0.0,78.393,79.271,69.71,65.719,34.113,100.0,31.357,18.0,0.0,79.207,79.835,70.299,66.27,34.056,100.0,31.683,6.72,4.782,91.202,85.135,15.52,MODERATE
406,2026-06-05 05:30:00+00:00,5,4,0.965926,0.258819,-0.433884,-0.900969,False,False,NIGHT,0.0,0.0,3.0,13.0,29.0,346.0,0.0,0.0,0.0,0.0,3.246,80.14,6.35,80.139,79.34,19.86,1.65,6.27,17.99,100.0,100.0,6.61,3.66,16.73,1.85,38.025,18.06,100.0,31.736,False,,0.0,69.921,0.0,0.0,0.0,0.0,0.0,-1.0,-1.43,4.515,5.0,0.0,80.17,79.469,80.531,75.467,34.702,100.0,32.068,20.0,0.0,79.12,80.292,75.223,70.734,36.404,100.0,31.648,3.36,4.732,90.011,84.887,15.36,NORMAL
407,2026-06-05 05:45:00+00:00,5,4,0.965926,0.258819,-0.433884,-0.900969,False,False,NIGHT,1.0,1.0,2.0,14.0,27.0,347.0,0.0,0.0,0.0,1.68,2.995,79.78,6.37,79.783,79.682,20.22,1.63,6.27,17.99,100.0,100.0,6.26,3.63,17.12,1.78,36.601,17.74,100.0,31.873,False,,0.0,69.783,0.0,0.0,0.0,0.0,0.0,-4.0,-1.59,4.435,5.0,0.0,79.31,79.25,69.691,65.701,34.949,100.0,31.724,20.0,0.0,79.895,80.292,70.608,66.565,37.862,100.0,31.958,5.04,5.339,90.07,84.808,15.36,NORMAL
408,2026-06-05 06:00:00+00:00,6,4,1.0,0.0,-0.433884,-0.900969,False,False,MORNING,0.0,1.0,1.0,14.0,26.0,345.0,0.0,0.0,0.0,0.0,0.616,79.72,6.29,79.716,78.594,20.28,1.71,11.97,27.41,70.102,66.088,5.73,3.59,17.68,1.68,34.529,17.26,100.0,31.438,False,,0.0,61.707,0.0,0.0,0.0,0.0,0.0,-5.0,-1.76,4.315,7.0,0.0,79.725,79.973,73.437,69.112,35.633,100.0,31.89,25.0,0.0,80.803,80.791,71.047,66.979,37.741,100.0,32.321,3.36,4.916,89.284,84.482,15.2,NORMAL
409,2026-06-05 06:15:00+00:00,6,4,1.0,0.0,-0.433884,-0.900969,False,False,MORNING,0.0,0.0,1.0,12.0,24.0,345.0,0.0,0.0,0.0,0.0,1.845,79.27,6.27,79.271,78.393,20.73,1.73,11.97,27.41,69.71,65.719,5.65,3.56,17.79,1.66,34.113,16.78,100.0,31.357,False,,0.0,61.44,0.0,0.0,0.0,0.0,0.0,-4.0,-1.76,4.195,7.0,0.0,79.207,79.835,70.299,66.27,34.056,100.0,31.683,26.0,0.0,81.649,81.329,81.248,76.188,37.89,100.0,32.66,3.36,4.001,88.531,84.382,15.04,NORMAL
410,2026-06-05 06:30:00+00:00,6,4,1.0,0.0,-0.433884,-0.900969,False,False,MORNING,2.0,2.0,3.0,10.0,25.0,343.0,0.0,0.0,0.0,3.36,1.999,79.47,6.41,79.469,80.17,20.53,1.59,10.39,23.93,80.531,75.467,5.81,3.56,17.63,1.69,34.702,16.62,100.0,32.068,False,,0.0,64.36,0.0,0.0,0.0,0.0,0.0,0.0,-1.44,4.155,9.0,0.0,79.12,80.292,75.223,70.734,36.404,100.0,31.648,25.0,0.0,83.219,81.752,76.144,71.618,39.081,100.0,33.288,5.04,4.815,88.652,84.428,15.04,NORMAL
411,2026-06-05 06:45:00+00:00,6,4,1.0,0.0,-0.433884,-0.900969,False,False,MORNING,0.0,2.0,2.0,10.0,21.0,343.0,0.0,0.0,0.0,0.0,1.153,79.25,6.34,79.25,79.31,20.75,1.66,11.97,27.41,69.691,65.701,5.89,3.54,17.56,1.7,34.949,16.14,100.0,31.724,False,,0.0,61.689,0.0,0.0,0.0,0.0,0.0,0.0,-1.6,4.035,10.0,0.0,79.895,80.292,70.608,66.565,37.862,100.0,31.958,23.0,0.0,84.171,82.248,72.328,68.186,38.66,100.0,33.668,3.36,4.391,86.925,84.309,14.88,NORMAL
412,2026-06-05 07:00:00+00:00,7,4,0.965926,-0.258819,-0.433884,-0.900969,False,False,MORNING,2.0,2.0,4.0,11.0,23.0,343.0,0.0,0.0,0.0,3.36,0.334,79.97,6.38,79.973,79.725,20.03,1.62,11.46,26.3,73.437,69.112,6.08,3.54,17.38,1.73,35.633,15.98,100.0,31.89,False,,0.0,62.852,0.0,0.0,0.0,0.0,0.0,3.0,-1.28,3.995,11.0,0.0,80.803,80.791,71.047,66.979,37.741,100.0,32.321,26.0,0.0,84.303,82.549,78.63,73.885,35.926,100.0,33.721,0.0,4.795,84.487,83.305,14.4,NORMAL
413,2026-06-05 07:15:00+00:00,7,4,0.965926,-0.258819,-0.433884,-0.900969,False,False,MORNING,1.0,3.0,5.0,11.0,23.0,343.0,0.0,0.0,0.0,1.68,2.398,79.83,6.34,79.835,79.207,20.17,1.66,11.95,27.38,70.299,66.27,5.67,3.53,17.8,1.66,34.056,15.66,100.0,31.683,False,,0.0,61.858,0.0,0.0,0.0,0.0,0.0,4.0,-1.12,3.915,11.0,0.0,81.649,81.329,81.248,76.188,37.89,100.0,32.66,26.0,0.0,85.754,82.664,75.293,70.882,36.662,100.0,34.301,9.067,4.81,87.331,84.142,14.88,NORMAL
414,2026-06-05 07:30:00+00:00,7,4,0.965926,-0.258819,-0.433884,-0.900969,False,False,MORNING,2.0,3.0,5.0,11.0,24.0,345.0,0.0,0.0,0.0,3.36,1.56,80.29,6.33,80.292,79.12,19.71,1.67,11.24,25.8,75.223,70.734,6.31,3.52,17.17,1.77,36.404,15.5,100.0,31.648,False,,0.0,63.279,0.0,0.0,0.0,0.0,0.0,2.0,-1.12,3.875,11.0,0.0,83.219,81.752,76.144,71.618,39.081,100.0,33.288,27.0,0.0,85.243,82.395,72.457,68.309,36.767,100.0,34.097,7.733,6.637,89.803,84.218,15.04,NORMAL
415,2026-06-05 07:45:00+00:00,7,4,0.965926,-0.258819,-0.433884,-0.900969,False,False,MORNING,2.0,4.0,7.0,11.0,25.0,340.0,0.0,0.0,0.0,3.36,3.113,80.29,6.39,80.292,79.895,19.71,1.61,11.97,27.41,70.608,66.565,6.71,3.52,16.78,1.84,37.862,15.34,100.0,31.958,False,,0.0,62.512,0.0,0.0,0.0,0.0,0.0,5.0,-0.8,3.835,10.0,0.0,84.171,82.248,72.328,68.186,38.66,100.0,33.668,27.0,1.41,88.141,83.563,74.042,69.802,36.514,100.0,43.709,1.68,4.194,88.287,83.71,14.72,NORMAL
416,2026-06-05 08:00:00+00:00,8,4,0.866025,-0.5,-0.433884,-0.900969,False,False,MORNING,2.0,4.0,7.0,12.0,26.0,339.0,0.0,0.0,0.0,3.36,1.072,80.79,6.46,80.791,80.803,19.21,1.54,11.97,27.41,71.047,66.979,6.67,3.52,16.81,1.83,37.741,15.19,100.0,32.321,False,,0.0,62.894,0.0,0.0,0.0,0.0,0.0,3.0,-0.79,3.798,14.0,0.0,84.303,82.549,78.63,73.885,35.926,100.0,33.721,23.0,0.0,89.822,84.366,84.585,79.304,37.999,100.0,35.929,5.04,4.378,88.288,83.876,14.73,NORMAL
417,2026-06-05 08:15:00+00:00,8,4,0.866025,-0.5,-0.433884,-0.900969,False,False,MORNING,3.0,5.0,9.0,15.0,29.0,335.0,0.0,0.0,0.0,5.04,2.618,81.33,6.53,81.329,81.649,18.67,1.47,10.54,24.26,81.248,76.188,6.69,3.54,16.77,1.84,37.89,15.19,100.0,32.66,False,,0.0,65.525,0.0,0.0,0.0,0.0,0.0,4.0,-0.47,3.798,15.0,0.0,85.754,82.664,75.293,70.882,36.662,100.0,34.301,22.0,0.0,89.288,84.531,81.851,76.858,38.663,100.0,35.715,1.68,5.658,86.373,83.035,14.41,NORMAL
418,2026-06-05 08:30:00+00:00,8,4,0.866025,-0.5,-0.433884,-0.900969,False,False,MORNING,3.0,6.0,10.0,18.0,31.0,337.0,0.0,0.0,0.0,5.04,2.847,81.75,6.66,81.752,83.219,18.25,1.34,11.3,25.94,76.144,71.618,6.99,3.56,16.45,1.9,39.081,15.19,100.0,33.288,False,,0.0,64.878,0.0,0.0,0.0,0.0,0.0,5.0,-0.31,3.798,14.0,0.0,85.243,82.395,72.457,68.309,36.767,100.0,34.097,22.0,0.0,87.971,83.877,73.761,69.538,37.527,100.0,35.188,5.04,2.838,86.453,83.579,14.41,NORMAL
419,2026-06-05 08:45:00+00:00,8,4,0.866025,-0.5,-0.433884,-0.900969,False,False,MORNING,3.0,6.0,11.0,20.0,34.0,337.0,0.0,0.0,0.0,5.04,2.752,82.25,6.73,82.248,84.171,17.75,1.27,11.97,27.41,72.328,68.186,6.85,3.59,16.56,1.88,38.66,15.19,100.0,33.668,False,,0.0,64.27,0.0,0.0,0.0,0.0,0.0,4.0,-0.15,3.798,13.0,1.41,88.141,83.563,74.042,69.802,36.514,100.0,43.709,24.0,0.76,90.136,84.873,80.951,76.075,36.958,100.0,40.595,1.68,3.324,84.658,83.312,14.09,NORMAL
420,2026-06-05 09:00:00+00:00,9,4,0.707107,-0.707107,-0.433884,-0.900969,False,False,MORNING,2.0,5.0,11.0,22.0,36.0,328.0,0.0,0.0,0.0,3.36,2.114,82.55,6.74,82.549,84.303,17.45,1.26,11.05,25.39,78.63,73.885,6.09,3.61,17.3,1.75,35.926,15.03,100.0,33.721,False,,0.0,65.557,0.0,0.0,0.0,0.0,0.0,4.0,-0.16,3.758,12.0,0.0,89.822,84.366,84.585,79.304,37.999,100.0,35.929,20.0,0.0,90.097,84.739,81.715,76.744,36.569,100.0,36.039,6.72,4.312,85.65,83.834,14.25,NORMAL
421,2026-06-05 09:15:00+00:00,9,4,0.707107,-0.707107,-0.433884,-0.900969,False,False,MORNING,3.0,5.0,11.0,25.0,37.0,319.0,0.0,0.0,0.0,5.04,4.113,82.66,6.86,82.664,85.754,17.34,1.14,11.56,26.51,75.293,70.882,6.25,3.65,17.1,1.78,36.662,15.03,100.0,34.301,False,,0.0,65.177,0.0,0.0,0.0,0.0,0.0,2.0,-0.16,3.758,11.0,0.0,89.288,84.531,81.851,76.858,38.663,100.0,35.715,18.0,0.0,91.202,85.135,75.18,70.864,38.545,100.0,36.481,3.36,4.325,84.484,83.686,14.09,NORMAL
422,2026-06-05 09:30:00+00:00,9,4,0.707107,-0.707107,-0.433884,-0.900969,False,False,MORNING,2.0,5.0,10.0,25.0,35.0,315.0,0.0,0.0,0.0,3.36,4.6,82.39,6.82,82.395,85.243,17.61,1.18,11.97,27.41,72.457,68.309,6.26,3.67,17.07,1.79,36.767,14.87,100.0,34.097,False,,0.0,64.376,0.0,0.0,0.0,0.0,0.0,0.0,-0.32,3.718,13.0,0.0,87.971,83.877,73.761,69.538,37.527,100.0,35.188,20.0,0.0,90.011,84.887,76.426,71.983,39.078,100.0,36.005,3.36,4.808,84.724,83.305,13.93,NORMAL
423,2026-06-05 09:45:00+00:00,9,4,0.707107,-0.707107,-0.433884,-0.900969,False,False,MORNING,7.0,9.0,14.0,32.0,42.0,310.0,1.41,0.0,0.0,9.393,3.795,83.56,7.05,83.563,88.141,16.44,0.95,11.97,27.41,74.042,69.802,6.1,3.76,17.14,1.77,36.514,15.51,100.0,43.709,False,,2.4,66.462,1.41,1.41,1.41,0.088,1.41,3.0,0.32,4.23,14.0,0.76,90.136,84.873,80.951,76.075,36.958,100.0,40.595,22.0,0.0,90.07,84.808,74.653,70.376,39.323,100.0,36.028,5.04,3.885,85.119,83.562,13.93,NORMAL
424,2026-06-05 10:00:00+00:00,10,4,0.5,-0.866025,-0.433884,-0.900969,False,False,MORNING,3.0,10.0,15.0,33.0,44.0,303.0,0.0,0.13,0.1268,7.407,3.656,84.37,7.19,84.366,89.822,15.63,0.81,10.5,24.18,84.585,79.304,6.46,3.8,16.74,1.85,37.999,15.51,100.0,35.929,False,,0.0,68.612,-1.41,0.0,0.0,0.088,1.41,4.0,0.48,3.878,11.0,0.0,90.097,84.739,81.715,76.744,36.569,100.0,36.039,20.0,0.0,89.284,84.482,74.292,70.039,39.445,100.0,35.714,3.36,4.204,84.986,83.362,13.77,NORMAL
425,2026-06-05 10:15:00+00:00,10,4,0.5,-0.866025,-0.433884,-0.900969,False,False,MORNING,2.0,5.0,14.0,34.0,45.0,303.0,0.0,0.0,0.0,3.36,2.87,84.53,7.14,84.531,89.288,15.47,0.86,10.87,25.0,81.851,76.858,6.61,3.82,16.56,1.88,38.663,15.35,100.0,35.715,False,,0.0,67.979,0.0,-1.41,0.0,0.088,1.41,3.0,0.32,3.838,11.0,0.0,91.202,85.135,75.18,70.864,38.545,100.0,36.481,21.0,0.0,88.531,84.382,79.904,75.102,40.054,100.0,35.412,0.0,5.236,83.993,82.132,13.29,NORMAL
426,2026-06-05 10:30:00+00:00,10,4,0.5,-0.866025,-0.433884,-0.900969,False,False,MORNING,1.0,3.0,13.0,33.0,44.0,297.0,0.0,0.0,0.0,1.68,4.715,83.88,7.04,83.877,87.971,16.12,0.96,11.97,27.41,73.761,69.538,6.3,3.83,16.87,1.82,37.527,15.03,100.0,35.188,False,,0.0,65.62,0.0,0.0,0.0,0.088,1.41,3.0,0.16,3.758,9.0,0.0,90.011,84.887,76.426,71.983,39.078,100.0,36.005,20.0,0.0,88.652,84.428,76.436,71.976,40.721,100.0,35.461,8.4,3.085,85.806,83.316,13.61,NORMAL
427,2026-06-05 10:45:00+00:00,10,4,0.5,-0.866025,-0.433884,-0.900969,False,False,MORNING,6.0,7.0,12.0,37.0,48.0,292.0,0.76,0.0,0.0,8.809,4.133,84.87,7.21,84.873,90.136,15.13,0.79,11.08,25.46,80.951,76.075,6.09,3.89,17.02,1.8,36.958,15.51,100.0,40.595,False,,1.4,68.355,0.76,0.76,-0.6499999999999999,0.136,1.41,-2.0,0.0,4.068,10.0,0.0,90.07,84.808,74.653,70.376,39.323,100.0,36.028,20.0,0.0,86.925,84.309,74.14,69.895,40.426,100.0,34.77,6.72,4.75,88.03,83.63,13.77,NORMAL
428,2026-06-05 11:00:00+00:00,11,4,0.258819,-0.965926,-0.433884,-0.900969,False,False,MORNING,2.0,8.0,11.0,37.0,49.0,283.0,0.0,0.07,0.0681,4.631,5.181,84.74,7.21,84.739,90.097,15.26,0.79,10.92,25.09,81.715,76.744,5.97,3.9,17.13,1.78,36.569,15.36,100.0,36.039,False,,0.0,67.968,-0.76,0.0,0.0,0.136,1.41,-4.0,-0.15,3.84,9.0,0.0,89.284,84.482,74.292,70.039,39.445,100.0,35.714,19.0,0.0,84.487,83.305,77.632,73.015,40.297,100.0,33.795,1.68,4.407,85.976,83.113,13.46,NORMAL
429,2026-06-05 11:15:00+00:00,11,4,0.258819,-0.965926,-0.433884,-0.900969,False,False,MORNING,4.0,6.0,13.0,38.0,53.0,278.0,0.0,0.0,0.0,6.72,4.782,85.13,7.3,85.135,91.202,14.87,0.7,11.92,27.3,75.18,70.864,6.48,3.92,16.59,1.87,38.545,15.52,100.0,36.481,False,,0.0,66.964,0.0,-0.76,0.0,0.136,1.41,-1.0,0.17,3.88,7.0,0.0,88.531,84.382,79.904,75.102,40.054,100.0,35.412,23.0,0.6,87.331,84.142,74.232,69.982,39.955,100.0,38.551,3.36,3.795,85.685,83.027,13.3,NORMAL
430,2026-06-05 11:30:00+00:00,11,4,0.258819,-0.965926,-0.433884,-0.900969,False,False,MORNING,2.0,6.0,14.0,37.0,55.0,270.0,0.0,0.0,0.0,3.36,4.732,84.89,7.2,84.887,90.011,15.11,0.8,11.69,26.8,76.426,71.983,6.62,3.93,16.45,1.9,39.078,15.36,100.0,36.005,False,,0.0,67.003,0.0,0.0,0.0,0.136,1.41,1.0,0.33,3.84,11.0,0.0,88.652,84.428,76.436,71.976,40.721,100.0,35.461,19.0,0.0,89.803,84.218,75.295,70.938,40.478,100.0,35.921,6.72,2.577,87.003,83.958,13.46,NORMAL
431,2026-06-05 11:45:00+00:00,11,4,0.258819,-0.965926,-0.433884,-0.900969,False,False,MORNING,3.0,5.0,11.0,37.0,57.0,265.0,0.0,0.0,0.0,5.04,5.339,84.81,7.21,84.808,90.07,15.19,0.79,11.96,27.39,74.653,70.376,6.68,3.94,16.38,1.91,39.323,15.36,100.0,36.028,False,,0.0,66.614,0.0,0.0,-0.76,0.136,1.41,-1.0,-0.15,3.84,12.0,0.0,86.925,84.309,74.14,69.895,40.426,100.0,34.77,17.0,0.0,88.287,83.71,73.614,69.399,40.166,100.0,35.315,5.04,4.341,86.624,84.163,13.46,NORMAL
432,2026-06-05 12:00:00+00:00,12,4,0.0,-1.0,-0.433884,-0.900969,False,False,MORNING,2.0,5.0,11.0,37.0,59.0,261.0,0.0,0.0,0.0,3.36,4.916,84.48,7.14,84.482,89.284,15.52,0.86,11.97,27.41,74.292,70.039,6.71,3.94,16.35,1.92,39.445,15.2,100.0,35.714,False,,0.0,66.313,0.0,0.0,0.0,0.136,1.41,0.0,-0.16,3.8,11.0,0.0,84.487,83.305,77.632,73.015,40.297,100.0,33.795,19.0,0.0,88.288,83.876,100.0,100.0,40.791,100.0,35.315,8.4,4.083,88.338,85.105,13.78,NORMAL
433,2026-06-05 12:15:00+00:00,12,4,0.0,-1.0,-0.433884,-0.900969,False,False,MORNING,2.0,4.0,9.0,36.0,61.0,258.0,0.0,0.0,0.0,3.36,4.001,84.38,7.08,84.382,88.531,15.62,0.92,11.12,25.54,79.904,75.102,6.89,3.93,16.19,1.95,40.054,15.04,100.0,35.412,False,,0.0,67.476,0.0,0.0,0.0,0.136,1.41,-4.0,-0.48,3.76,14.0,0.6,87.331,84.142,74.232,69.982,39.955,100.0,38.551,18.0,0.0,86.373,83.035,85.19,81.021,39.866,100.0,34.549,1.68,4.324,86.897,84.559,13.46,NORMAL
434,2026-06-05 12:30:00+00:00,12,4,0.0,-1.0,-0.433884,-0.900969,False,False,MORNING,3.0,5.0,10.0,37.0,62.0,252.0,0.0,0.0,0.0,5.04,4.815,84.43,7.09,84.428,88.652,15.57,0.91,11.63,26.66,76.436,71.976,7.07,3.92,16.01,1.98,40.721,15.04,100.0,35.461,False,,0.0,66.779,0.0,0.0,0.0,0.136,1.41,-4.0,-0.32,3.76,9.0,0.0,89.803,84.218,75.295,70.938,40.478,100.0,35.921,17.0,0.0,86.453,83.579,85.748,81.553,39.083,100.0,34.581,3.36,5.259,85.997,84.157,13.3,NORMAL
435,2026-06-05 12:45:00+00:00,12,4,0.0,-1.0,-0.433884,-0.900969,False,False,MORNING,2.0,5.0,9.0,32.0,64.0,240.0,0.0,0.0,0.0,3.36,4.391,84.31,6.95,84.309,86.925,15.69,1.05,11.97,27.41,74.14,69.895,7.01,3.9,16.09,1.96,40.426,14.88,100.0,34.77,False,,0.0,65.856,0.0,0.0,0.0,0.136,1.41,-2.0,-0.48,3.72,8.0,0.0,88.287,83.71,73.614,69.399,40.166,100.0,35.315,19.0,0.0,84.658,83.312,85.474,81.292,38.951,100.0,33.863,3.36,5.64,85.534,83.624,13.14,NORMAL
436,2026-06-05 13:00:00+00:00,13,4,-0.258819,-0.965926,-0.433884,-0.900969,False,False,MORNING,0.0,2.0,7.0,29.0,62.0,230.0,0.0,0.0,0.0,0.0,4.795,83.31,6.76,83.305,84.487,16.69,1.24,11.3,25.93,77.632,73.015,7.01,3.87,16.12,1.96,40.297,14.4,100.0,33.795,False,,0.0,65.929,0.0,0.0,0.0,0.136,1.41,-4.0,-0.8,3.6,8.0,0.0,88.288,83.876,100.0,100.0,40.791,100.0,35.315,22.0,0.0,85.65,83.834,86.01,81.802,37.431,100.0,34.26,6.72,4.508,88.487,83.941,13.3,NORMAL
437,2026-06-05 13:15:00+00:00,13,4,-0.258819,-0.965926,-0.433884,-0.900969,False,False,MORNING,6.0,6.0,11.0,33.0,67.0,230.0,0.6,0.0,0.0,9.067,4.81,84.14,6.99,84.142,87.331,15.86,1.01,11.97,27.41,74.232,69.982,6.9,3.88,16.21,1.94,39.955,14.88,100.0,38.551,False,,1.1,66.263,0.6,0.6,0.6,0.173,1.41,2.0,-0.16,3.87,9.0,0.0,86.373,83.035,85.19,81.021,39.866,100.0,34.549,19.0,0.0,84.484,83.686,85.859,81.657,38.519,100.0,33.793,5.04,4.355,88.4,84.119,13.3,NORMAL
438,2026-06-05 13:30:00+00:00,13,4,-0.258819,-0.965926,-0.433884,-0.900969,False,False,MORNING,4.0,10.0,12.0,36.0,69.0,227.0,0.0,0.05,0.0543,7.733,6.637,84.22,7.18,84.218,89.803,15.78,0.82,11.77,26.98,75.295,70.938,7.03,3.9,16.07,1.97,40.478,15.04,100.0,35.921,False,,0.0,66.68,-0.6,0.0,0.0,0.173,1.41,2.0,0.0,3.76,10.0,0.0,86.453,83.579,85.748,81.553,39.083,100.0,34.581,19.0,0.0,84.724,83.305,85.468,81.285,37.886,100.0,33.89,6.72,4.038,89.228,84.723,13.46,NORMAL
439,2026-06-05 13:45:00+00:00,13,4,-0.258819,-0.965926,-0.433884,-0.900969,False,False,MORNING,1.0,5.0,11.0,31.0,68.0,227.0,0.0,0.0,0.0,1.68,4.194,83.71,7.06,83.71,88.287,16.29,0.94,11.97,27.41,73.614,69.399,6.95,3.89,16.16,1.95,40.166,14.72,100.0,35.315,False,,0.0,65.85,0.0,-0.6,0.0,0.085,0.76,2.0,-0.16,3.68,9.0,0.0,84.658,83.312,85.474,81.292,38.951,100.0,33.863,21.0,0.0,85.119,83.562,100.0,95.438,38.806,100.0,34.048,5.04,4.083,89.839,84.914,13.47,NORMAL
440,2026-06-05 14:00:00+00:00,14,4,-0.5,-0.866025,-0.433884,-0.900969,False,False,EVENING,3.0,4.0,14.0,32.0,69.0,226.0,0.0,0.0,0.0,5.04,4.378,83.88,7.06,83.876,88.288,16.12,0.94,7.86,18.02,100.0,100.0,7.12,3.89,15.99,1.98,40.791,14.73,100.0,35.315,False,,0.0,72.782,0.0,0.0,0.0,0.085,0.76,7.0,0.33,3.682,11.0,0.0,85.65,83.834,86.01,81.802,37.431,100.0,34.26,21.0,0.0,84.986,83.362,85.526,81.341,39.776,100.0,33.994,6.72,5.749,89.7,85.167,13.63,MODERATE
441,2026-06-05 14:15:00+00:00,14,4,-0.5,-0.866025,-0.433884,-0.900969,False,False,EVENING,1.0,4.0,9.0,29.0,67.0,227.0,0.0,0.0,0.0,1.68,5.658,83.03,6.91,83.035,86.373,16.97,1.09,10.26,23.29,85.19,81.021,6.89,3.87,16.24,1.94,39.866,14.41,100.0,34.549,False,,0.0,68.076,0.0,0.0,-0.6,0.085,0.76,-2.0,-0.47,3.602,9.0,0.0,84.484,83.686,85.859,81.657,38.519,100.0,33.793,24.0,0.0,83.993,82.132,84.264,80.141,37.761,100.0,33.597,6.72,4.991,89.508,85.615,13.79,NORMAL
442,2026-06-05 14:30:00+00:00,14,4,-0.5,-0.866025,-0.433884,-0.900969,False,False,EVENING,3.0,4.0,8.0,30.0,67.0,224.0,0.0,0.0,0.0,5.04,2.838,83.58,6.92,83.579,86.453,16.42,1.08,10.26,23.29,85.748,81.553,6.69,3.86,16.45,1.9,39.083,14.41,100.0,34.581,False,,0.0,68.272,0.0,0.0,0.0,0.085,0.76,-4.0,-0.63,3.602,7.0,0.0,84.724,83.305,85.468,81.285,37.886,100.0,33.89,25.0,0.0,85.806,83.316,85.479,81.296,37.5,100.0,34.322,5.04,3.981,89.36,85.892,13.79,NORMAL
443,2026-06-05 14:45:00+00:00,14,4,-0.5,-0.866025,-0.433884,-0.900969,False,False,EVENING,1.0,4.0,8.0,28.0,65.0,222.0,0.0,0.0,0.0,1.68,3.324,83.31,6.77,83.312,84.658,16.69,1.23,10.26,23.29,85.474,81.292,6.68,3.83,16.48,1.89,38.951,14.09,100.0,33.863,False,,0.0,67.778,0.0,0.0,0.0,0.038,0.6,-3.0,-0.63,3.522,10.0,0.0,85.119,83.562,100.0,95.438,38.806,100.0,34.048,22.0,0.0,88.03,83.63,85.801,81.603,39.269,100.0,35.212,5.04,5.607,88.922,85.785,13.79,NORMAL
444,2026-06-05 15:00:00+00:00,15,4,-0.707107,-0.707107,-0.433884,-0.900969,False,False,EVENING,4.0,5.0,9.0,30.0,67.0,224.0,0.0,0.0,0.0,6.72,4.312,83.83,6.85,83.834,85.65,16.17,1.15,10.26,23.29,86.01,81.802,6.29,3.82,16.89,1.82,37.431,14.25,100.0,34.26,False,,0.0,68.08,0.0,0.0,0.0,0.038,0.6,-5.0,-0.48,3.562,11.0,0.0,84.986,83.362,85.526,81.341,39.776,100.0,33.994,20.0,0.0,85.976,83.113,87.683,83.319,39.587,100.0,34.39,3.36,5.238,88.413,85.356,13.63,NORMAL
445,2026-06-05 15:15:00+00:00,15,4,-0.707107,-0.707107,-0.433884,-0.900969,False,False,EVENING,2.0,6.0,10.0,30.0,66.0,221.0,0.0,0.0,0.0,3.36,4.325,83.69,6.76,83.686,84.484,16.31,1.24,10.26,23.29,85.859,81.657,6.6,3.8,16.6,1.87,38.519,14.09,100.0,33.793,False,,0.0,67.876,0.0,0.0,0.0,0.038,0.6,1.0,-0.32,3.522,10.0,0.0,83.993,82.132,84.264,80.141,37.761,100.0,33.597,23.0,0.0,85.685,83.027,85.183,81.014,37.725,100.0,34.274,8.256,5.166,90.833,85.935,14.43,NORMAL
446,2026-06-05 15:30:00+00:00,15,4,-0.707107,-0.707107,-0.433884,-0.900969,False,False,EVENING,2.0,4.0,9.0,29.0,66.0,222.0,0.0,0.0,0.0,3.36,4.808,83.31,6.78,83.305,84.724,16.69,1.22,10.26,23.29,85.468,81.285,6.44,3.79,16.77,1.84,37.886,13.93,100.0,33.89,False,,0.0,67.692,0.0,0.0,0.0,0.038,0.6,1.0,-0.48,3.482,12.0,0.0,85.806,83.316,85.479,81.296,37.5,100.0,34.322,24.0,0.0,87.003,83.958,86.137,81.922,38.042,100.0,34.801,6.864,6.512,91.052,86.006,14.11,NORMAL
447,2026-06-05 15:45:00+00:00,15,4,-0.707107,-0.707107,-0.433884,-0.900969,False,False,EVENING,3.0,5.0,11.0,30.0,62.0,224.0,0.0,0.0,0.0,5.04,3.885,83.56,6.81,83.562,85.119,16.44,1.19,8.72,19.9,100.0,95.438,6.7,3.78,16.52,1.89,38.806,13.93,100.0,34.048,False,,0.0,71.353,0.0,0.0,0.0,0.038,0.6,3.0,-0.16,3.482,11.0,0.0,88.03,83.63,85.801,81.603,39.269,100.0,35.212,24.0,0.0,86.624,84.163,86.348,82.122,38.319,100.0,34.65,0.0,2.979,88.175,85.491,13.63,MODERATE
448,2026-06-05 16:00:00+00:00,16,4,-0.866025,-0.5,-0.433884,-0.900969,False,False,EVENING,2.0,5.0,9.0,32.0,61.0,224.0,0.0,0.0,0.0,3.36,4.204,83.36,6.8,83.362,84.986,16.64,1.2,10.26,23.29,85.526,81.341,6.97,3.77,16.26,1.93,39.776,13.77,100.0,33.994,False,,0.0,67.941,0.0,0.0,0.0,0.038,0.6,0.0,-0.48,3.442,10.0,0.0,85.976,83.113,87.683,83.319,39.587,100.0,34.39,24.0,0.0,88.338,85.105,94.572,89.714,37.8,100.0,35.335,5.04,3.247,87.62,85.984,13.63,NORMAL
449,2026-06-05 16:15:00+00:00,16,4,-0.866025,-0.5,-0.433884,-0.900969,False,False,EVENING,0.0,2.0,7.0,26.0,59.0,221.0,0.0,0.0,0.0,0.0,5.236,82.13,6.72,82.132,83.993,17.87,1.28,10.26,23.29,84.264,80.141,6.44,3.75,16.8,1.84,37.761,13.29,100.0,33.597,False,,0.0,66.995,0.0,0.0,0.0,0.038,0.6,-3.0,-0.8,3.322,14.0,0.0,85.685,83.027,85.183,81.014,37.725,100.0,34.274,23.0,0.0,86.897,84.559,94.485,89.614,37.102,100.0,34.759,3.36,5.433,88.157,85.422,13.47,NORMAL
450,2026-06-05 16:30:00+00:00,16,4,-0.866025,-0.5,-0.433884,-0.900969,False,False,EVENING,5.0,5.0,10.0,27.0,63.0,222.0,0.0,0.0,0.0,8.4,3.085,83.32,6.86,83.316,85.806,16.68,1.14,10.26,23.29,85.479,81.296,6.37,3.76,16.87,1.82,37.5,13.61,100.0,34.322,False,,0.0,67.879,0.0,0.0,0.0,0.038,0.6,1.0,-0.32,3.402,13.0,0.0,87.003,83.958,86.137,81.922,38.042,100.0,34.801,26.0,0.0,85.997,84.157,86.341,82.116,39.96,100.0,34.399,1.68,5.259,85.741,84.721,13.15,NORMAL
451,2026-06-05 16:45:00+00:00,16,4,-0.866025,-0.5,-0.433884,-0.900969,False,False,EVENING,4.0,9.0,11.0,30.0,61.0,223.0,0.0,0.0,0.0,6.72,4.75,83.63,7.04,83.63,88.03,16.37,0.96,10.26,23.29,85.801,81.603,6.82,3.78,16.4,1.91,39.269,13.77,100.0,35.212,False,,0.0,68.627,0.0,0.0,0.0,0.038,0.6,0.0,-0.16,3.442,11.0,0.0,86.624,84.163,86.348,82.122,38.319,100.0,34.65,27.0,0.0,85.534,83.624,89.963,85.433,40.241,100.0,34.214,1.68,5.266,85.464,83.846,12.84,NORMAL
452,2026-06-05 17:00:00+00:00,17,4,-0.965926,-0.258819,-0.433884,-0.900969,False,False,EVENING,1.0,5.0,10.0,28.0,60.0,220.0,0.0,0.0,0.0,1.68,4.407,83.11,6.88,83.113,85.976,16.89,1.12,9.98,22.67,87.683,83.319,6.91,3.78,16.31,1.92,39.587,13.46,100.0,34.39,False,,0.0,68.563,0.0,0.0,0.0,0.038,0.6,1.0,-0.31,3.365,10.0,0.0,88.338,85.105,94.572,89.714,37.8,100.0,35.335,28.0,0.0,88.487,83.941,86.119,81.905,40.69,100.0,35.395,0.0,3.947,84.177,82.963,12.36,NORMAL
453,2026-06-05 17:15:00+00:00,17,4,-0.965926,-0.258819,-0.433884,-0.900969,False,False,EVENING,2.0,3.0,12.0,29.0,58.0,219.0,0.0,0.0,0.0,3.36,3.795,83.03,6.85,83.027,85.685,16.97,1.15,10.26,23.29,85.183,81.014,6.41,3.78,16.81,1.83,37.725,13.3,100.0,34.274,False,,0.0,67.742,0.0,0.0,0.0,0.0,0.0,5.0,0.01,3.325,9.0,0.0,86.897,84.559,94.485,89.614,37.102,100.0,34.759,26.0,0.0,88.4,84.119,86.302,82.079,40.112,100.0,35.36,5.04,4.646,85.25,82.975,12.36,NORMAL
454,2026-06-05 17:30:00+00:00,17,4,-0.965926,-0.258819,-0.433884,-0.900969,False,False,EVENING,4.0,6.0,11.0,30.0,60.0,218.0,0.0,0.0,0.0,6.72,2.577,83.96,6.96,83.958,87.003,16.04,1.04,10.26,23.29,86.137,81.922,6.48,3.79,16.73,1.85,38.042,13.46,100.0,34.801,False,,0.0,68.462,0.0,0.0,0.0,0.0,0.0,1.0,-0.15,3.365,11.0,0.0,85.997,84.157,86.341,82.116,39.96,100.0,34.399,31.0,0.0,89.228,84.723,100.0,100.0,39.374,100.0,35.691,5.04,3.631,85.605,83.299,12.36,NORMAL
455,2026-06-05 17:45:00+00:00,17,4,-0.965926,-0.258819,-0.433884,-0.900969,False,False,EVENING,3.0,7.0,10.0,32.0,60.0,221.0,0.0,0.0,0.0,5.04,4.341,84.16,6.93,84.163,86.624,15.84,1.07,10.26,23.29,86.348,82.122,6.55,3.79,16.65,1.86,38.319,13.46,100.0,34.65,False,,0.0,68.506,0.0,0.0,0.0,0.0,0.0,-1.0,-0.31,3.365,13.0,0.0,85.534,83.624,89.963,85.433,40.241,100.0,34.214,28.0,0.0,89.839,84.914,94.704,89.828,38.189,100.0,35.936,1.68,4.035,83.685,82.864,12.04,NORMAL
456,2026-06-05 18:00:00+00:00,18,4,-1.0,-0.0,-0.433884,-0.900969,False,False,EVENING,5.0,8.0,14.0,33.0,63.0,223.0,0.0,0.0,0.0,8.4,4.083,85.11,7.07,85.105,88.338,14.89,0.93,9.47,21.56,94.572,89.714,6.39,3.81,16.79,1.84,37.8,13.78,100.0,35.335,False,,0.0,70.907,0.0,0.0,0.0,0.0,0.0,4.0,0.32,3.445,14.0,0.0,88.487,83.941,86.119,81.905,40.69,100.0,35.395,25.0,0.0,89.7,85.167,100.0,100.0,38.79,100.0,35.88,1.68,5.674,83.187,81.905,11.62,MODERATE
457,2026-06-05 18:15:00+00:00,18,4,-1.0,-0.0,-0.433884,-0.900969,False,False,EVENING,1.0,6.0,13.0,32.0,62.0,222.0,0.0,0.0,0.0,1.68,4.324,84.56,6.95,84.559,86.897,15.44,1.05,9.42,21.45,94.485,89.614,6.2,3.81,16.98,1.8,37.102,13.46,100.0,34.759,False,,0.0,70.413,0.0,0.0,0.0,0.0,0.0,1.0,0.16,3.365,14.0,0.0,88.4,84.119,86.302,82.079,40.112,100.0,35.36,24.0,0.0,89.508,85.615,87.837,83.539,39.049,100.0,35.803,3.36,3.375,83.166,81.903,11.35,MODERATE
458,2026-06-05 18:30:00+00:00,18,4,-1.0,-0.0,-0.433884,-0.900969,False,False,EVENING,2.0,3.0,11.0,32.0,61.0,221.0,0.0,0.0,0.0,3.36,5.259,84.16,6.88,84.157,85.997,15.84,1.12,10.26,23.29,86.341,82.116,6.98,3.81,16.21,1.94,39.96,13.3,100.0,34.399,False,,0.0,68.525,0.0,0.0,0.0,0.0,0.0,0.0,-0.16,3.325,15.0,0.0,89.228,84.723,100.0,100.0,39.374,100.0,35.691,22.0,0.0,89.36,85.892,88.121,83.809,38.17,100.0,35.744,1.68,3.394,82.034,81.565,10.93,NORMAL
459,2026-06-05 18:45:00+00:00,18,4,-1.0,-0.0,-0.433884,-0.900969,False,False,EVENING,2.0,4.0,10.0,31.0,61.0,218.0,0.0,0.0,0.0,3.36,5.64,83.62,6.84,83.624,85.534,16.38,1.16,9.78,22.25,89.963,85.433,7.07,3.8,16.14,1.96,40.241,13.14,100.0,34.214,False,,0.0,69.173,0.0,0.0,0.0,0.0,0.0,0.0,-0.32,3.285,14.0,0.0,89.839,84.914,94.704,89.828,38.189,100.0,35.936,20.0,0.0,88.922,85.785,90.55,86.043,37.225,100.0,35.569,0.0,2.943,79.972,80.995,10.35,NORMAL
460,2026-06-05 19:00:00+00:00,19,4,-0.965926,0.258819,-0.433884,-0.900969,False,False,EVENING,4.0,6.0,9.0,33.0,65.0,217.0,0.0,0.0,0.0,6.72,4.508,83.94,7.08,83.941,88.487,16.06,0.92,10.26,23.29,86.119,81.905,7.17,3.82,16.01,1.98,40.69,13.3,100.0,35.395,False,,0.0,68.989,0.0,0.0,0.0,0.0,0.0,-5.0,-0.48,3.325,14.0,0.0,89.7,85.167,100.0,100.0,38.79,100.0,35.88,18.0,0.0,88.413,85.356,87.572,83.287,36.01,100.0,35.365,5.04,2.012,81.753,81.609,10.24,NORMAL
461,2026-06-05 19:15:00+00:00,19,4,-0.965926,0.258819,-0.433884,-0.900969,False,False,EVENING,3.0,7.0,11.0,36.0,62.0,217.0,0.0,0.0,0.0,5.04,4.355,84.12,7.07,84.119,88.4,15.88,0.93,10.26,23.29,86.302,82.079,7.0,3.83,16.17,1.95,40.112,13.3,100.0,35.36,False,,0.0,69.002,0.0,0.0,0.0,0.0,0.0,-2.0,-0.16,3.325,12.0,0.0,89.508,85.615,87.837,83.539,39.049,100.0,35.803,16.0,3.09,90.833,85.935,92.715,88.083,37.24,100.0,54.847,1.68,2.818,82.105,81.296,9.82,NORMAL
462,2026-06-05 19:30:00+00:00,19,4,-0.965926,0.258819,-0.433884,-0.900969,False,False,EVENING,4.0,7.0,13.0,35.0,62.0,213.0,0.0,0.0,0.0,6.72,4.038,84.72,7.14,84.723,89.228,15.28,0.86,7.12,16.38,100.0,100.0,6.78,3.85,16.37,1.91,39.374,13.46,100.0,35.691,False,,0.0,73.028,0.0,0.0,0.0,0.0,0.0,2.0,0.16,3.365,16.0,0.0,89.36,85.892,88.121,83.809,38.17,100.0,35.744,11.0,0.0,91.052,86.006,94.743,89.902,38.482,100.0,36.421,1.68,2.532,81.282,81.149,9.4,MODERATE
463,2026-06-05 19:45:00+00:00,19,4,-0.965926,0.258819,-0.433884,-0.900969,False,False,EVENING,3.0,7.0,14.0,34.0,64.0,212.0,0.0,0.0,0.0,5.04,4.083,84.91,7.19,84.914,89.839,15.09,0.81,9.44,21.48,94.704,89.828,6.44,3.87,16.69,1.86,38.189,13.47,100.0,35.936,False,,0.0,71.23,0.0,0.0,0.0,0.0,0.0,4.0,0.33,3.368,14.0,0.0,88.922,85.785,90.55,86.043,37.225,100.0,35.569,13.0,0.0,88.175,85.491,87.71,83.418,41.796,100.0,35.27,6.72,3.334,83.522,81.816,9.45,MODERATE
464,2026-06-05 20:00:00+00:00,20,4,-0.866025,0.5,-0.433884,-0.900969,False,False,EVENING,4.0,7.0,14.0,37.0,65.0,209.0,0.0,0.0,0.0,6.72,5.749,85.17,7.18,85.167,89.7,14.83,0.82,7.08,16.29,100.0,100.0,6.59,3.89,16.53,1.89,38.79,13.63,100.0,35.88,False,,0.0,73.168,0.0,0.0,0.0,0.0,0.0,5.0,0.33,3.408,11.0,0.0,88.413,85.356,87.572,83.287,36.01,100.0,35.365,14.0,0.0,87.62,85.984,100.0,100.0,40.455,100.0,35.048,0.0,2.228,82.455,81.345,8.87,MODERATE
465,2026-06-05 20:15:00+00:00,20,4,-0.866025,0.5,-0.433884,-0.900969,False,False,EVENING,4.0,8.0,15.0,39.0,68.0,210.0,0.0,0.0,0.0,6.72,4.991,85.61,7.16,85.615,89.508,14.39,0.84,10.26,23.29,87.837,83.539,6.65,3.9,16.46,1.9,39.049,13.79,100.0,35.803,False,,0.0,69.816,0.0,0.0,0.0,0.0,0.0,4.0,0.49,3.448,12.0,3.09,90.833,85.935,92.715,88.083,37.24,100.0,54.847,12.0,0.0,88.157,85.422,100.0,100.0,38.936,100.0,35.263,1.68,2.561,80.486,81.282,8.45,NORMAL
466,2026-06-05 20:30:00+00:00,20,4,-0.866025,0.5,-0.433884,-0.900969,False,False,EVENING,3.0,7.0,14.0,38.0,68.0,210.0,0.0,0.0,0.0,5.04,3.981,85.89,7.15,85.892,89.36,14.11,0.85,10.26,23.29,88.121,83.809,6.4,3.9,16.69,1.86,38.17,13.79,100.0,35.744,False,,0.0,69.835,0.0,0.0,0.0,0.0,0.0,1.0,0.33,3.448,6.0,0.0,91.052,86.006,94.743,89.902,38.482,100.0,36.421,12.0,0.0,85.741,84.721,100.0,100.0,39.614,100.0,34.296,6.72,2.217,82.357,82.258,8.5,NORMAL
467,2026-06-05 20:45:00+00:00,20,4,-0.866025,0.5,-0.433884,-0.900969,False,False,EVENING,3.0,6.0,14.0,38.0,70.0,211.0,0.0,0.0,0.0,5.04,5.607,85.78,7.11,85.785,88.922,14.22,0.89,9.97,22.66,90.55,86.043,6.14,3.91,16.95,1.81,37.225,13.79,100.0,35.569,False,,0.0,70.199,0.0,0.0,0.0,0.0,0.0,0.0,0.32,3.448,6.0,0.0,88.175,85.491,87.71,83.418,41.796,100.0,35.27,12.0,0.0,85.464,83.846,100.0,100.0,39.806,100.0,34.186,1.68,3.118,82.722,81.869,8.08,MODERATE
468,2026-06-05 21:00:00+00:00,21,4,-0.707107,0.707107,-0.433884,-0.900969,False,False,EVENING,2.0,5.0,12.0,35.0,68.0,209.0,0.0,0.0,0.0,3.36,5.238,85.36,7.07,85.356,88.413,14.64,0.93,10.26,23.29,87.572,83.287,5.82,3.9,17.28,1.75,36.01,13.63,100.0,35.365,False,,0.0,69.205,0.0,0.0,0.0,0.0,0.0,-2.0,0.0,3.408,7.0,0.0,87.62,85.984,100.0,100.0,40.455,100.0,35.048,11.0,0.0,84.177,82.963,100.0,100.0,38.063,100.0,33.671,0.0,4.336,80.787,80.94,7.5,NORMAL
469,2026-06-05 21:15:00+00:00,21,4,-0.707107,0.707107,-0.433884,-0.900969,False,False,EVENING,8.0,10.0,16.0,42.0,74.0,210.0,3.09,0.0,0.0,8.256,5.166,85.93,7.27,85.935,90.833,14.07,0.73,9.91,22.53,92.715,88.083,6.02,4.03,16.95,1.81,37.24,14.43,100.0,54.847,False,,6.0,73.097,3.09,3.09,3.09,0.193,3.09,1.0,0.64,4.38,4.0,0.0,88.157,85.422,100.0,100.0,38.936,100.0,35.263,14.0,0.0,85.25,82.975,100.0,100.0,37.172,100.0,34.1,5.04,1.334,81.667,81.797,7.39,MODERATE
470,2026-06-05 21:30:00+00:00,21,4,-0.707107,0.707107,-0.433884,-0.900969,False,False,EVENING,1.0,9.0,14.0,41.0,73.0,211.0,0.0,0.28,0.2777,6.864,6.512,86.01,7.28,86.006,91.052,13.99,0.72,9.56,21.74,94.743,89.902,6.36,4.03,16.61,1.87,38.482,14.11,100.0,36.421,False,,0.0,71.752,-3.09,0.0,0.0,0.193,3.09,0.0,0.32,3.528,5.0,0.0,85.741,84.721,100.0,100.0,39.614,100.0,34.296,12.0,0.0,85.605,83.299,100.0,100.0,38.182,100.0,34.242,1.68,2.668,81.625,81.553,6.97,MODERATE
471,2026-06-05 21:45:00+00:00,21,4,-0.707107,0.707107,-0.433884,-0.900969,False,False,EVENING,0.0,1.0,11.0,39.0,70.0,209.0,0.0,0.0,0.0,0.0,2.979,85.49,7.05,85.491,88.175,14.51,0.95,10.26,23.29,87.71,83.418,7.29,4.0,15.72,2.03,41.796,13.63,100.0,35.27,False,,0.0,69.74,0.0,-3.09,0.0,0.193,3.09,-3.0,-0.16,3.408,7.0,0.0,85.464,83.846,100.0,100.0,39.806,100.0,34.186,10.0,0.0,83.685,82.864,100.0,100.0,37.168,100.0,33.474,6.72,3.036,84.344,82.256,7.03,NORMAL
472,2026-06-05 22:00:00+00:00,22,4,-0.5,0.866025,-0.433884,-0.900969,False,False,NIGHT,3.0,3.0,12.0,38.0,71.0,209.0,0.0,0.0,0.0,5.04,3.247,85.98,7.01,85.984,87.62,14.02,0.99,5.32,15.9,100.0,100.0,6.95,3.97,16.08,1.97,40.455,13.63,100.0,35.048,False,,0.0,73.081,0.0,0.0,0.0,0.193,3.09,0.0,0.0,3.408,7.0,0.0,84.177,82.963,100.0,100.0,38.063,100.0,33.671,13.0,0.0,83.187,81.905,100.0,100.0,38.238,100.0,33.275,0.0,3.653,83.163,81.437,6.44,MODERATE
473,2026-06-05 22:15:00+00:00,22,4,-0.5,0.866025,-0.433884,-0.900969,False,False,NIGHT,2.0,5.0,6.0,37.0,73.0,209.0,0.0,0.0,0.0,3.36,5.433,85.42,7.05,85.422,88.157,14.58,0.95,6.27,17.99,100.0,100.0,6.56,3.95,16.49,1.89,38.936,13.47,100.0,35.263,False,,0.0,72.928,0.0,0.0,-3.09,0.193,3.09,-10.0,-0.96,3.368,8.0,0.0,85.25,82.975,100.0,100.0,37.172,100.0,34.1,12.0,0.0,83.166,81.903,100.0,100.0,35.126,100.0,33.266,1.68,1.205,82.711,81.592,6.02,MODERATE
474,2026-06-05 22:30:00+00:00,22,4,-0.5,0.866025,-0.433884,-0.900969,False,False,NIGHT,1.0,3.0,6.0,34.0,69.0,209.0,0.0,0.0,0.0,1.68,5.259,84.72,6.86,84.721,85.741,15.28,1.14,5.28,15.82,100.0,100.0,6.78,3.92,16.3,1.93,39.614,13.15,100.0,34.296,False,,0.0,72.352,0.0,0.0,0.0,0.193,3.09,-8.0,-0.96,3.288,7.0,0.0,85.605,83.299,100.0,100.0,38.182,100.0,34.242,11.0,0.0,82.034,81.565,100.0,100.0,34.171,100.0,32.813,1.68,3.48,82.216,81.182,5.6,MODERATE
475,2026-06-05 22:45:00+00:00,22,4,-0.5,0.866025,-0.433884,-0.900969,False,False,NIGHT,1.0,2.0,7.0,32.0,66.0,209.0,0.0,0.0,0.0,1.68,5.266,83.85,6.84,83.846,85.464,16.15,1.16,6.27,17.99,100.0,100.0,6.86,3.88,16.25,1.93,39.806,12.84,100.0,34.186,False,,0.0,72.121,0.0,0.0,0.0,0.193,3.09,-4.0,-0.79,3.21,5.0,0.0,83.685,82.864,100.0,100.0,37.168,100.0,33.474,14.0,0.0,79.972,80.995,100.0,100.0,32.963,100.0,31.989,1.68,3.245,82.063,80.803,5.17,MODERATE
476,2026-06-05 23:00:00+00:00,23,4,-0.258819,0.965926,-0.433884,-0.900969,False,False,NIGHT,0.0,1.0,4.0,28.0,65.0,208.0,0.0,0.0,0.0,0.0,3.947,82.96,6.73,82.963,84.177,17.04,1.27,6.27,17.99,100.0,100.0,6.43,3.85,16.72,1.85,38.063,12.36,100.0,33.671,False,,0.0,71.513,0.0,0.0,0.0,0.193,3.09,-8.0,-1.27,3.09,4.0,0.0,83.187,81.905,100.0,100.0,38.238,100.0,33.275,15.0,0.0,81.753,81.609,100.0,100.0,33.325,100.0,32.701,1.68,2.707,81.622,80.581,4.75,MODERATE
477,2026-06-05 23:15:00+00:00,23,4,-0.258819,0.965926,-0.433884,-0.900969,False,False,NIGHT,3.0,3.0,5.0,27.0,66.0,207.0,0.0,0.0,0.0,5.04,4.646,82.98,6.82,82.975,85.25,17.02,1.18,6.27,17.99,100.0,100.0,6.21,3.83,16.96,1.81,37.172,12.36,100.0,34.1,False,,0.0,71.65,0.0,0.0,0.0,0.193,3.09,-1.0,-1.11,3.09,6.0,0.0,83.166,81.903,100.0,100.0,35.126,100.0,33.266,12.0,0.0,82.105,81.296,100.0,100.0,33.279,100.0,32.842,1.68,2.785,81.906,80.282,4.33,MODERATE
478,2026-06-05 23:30:00+00:00,23,4,-0.258819,0.965926,-0.433884,-0.900969,False,False,NIGHT,3.0,6.0,7.0,27.0,65.0,209.0,0.0,0.0,0.0,5.04,3.631,83.3,6.85,83.299,85.605,16.7,1.15,6.08,17.57,100.0,100.0,6.49,3.82,16.69,1.86,38.182,12.36,100.0,34.242,False,,0.0,71.883,0.0,0.0,0.0,0.193,3.09,1.0,-0.79,3.09,5.0,0.0,82.034,81.565,100.0,100.0,34.171,100.0,32.813,14.0,0.0,81.282,81.149,100.0,100.0,32.515,100.0,32.513,5.04,0.0,83.199,81.439,4.22,MODERATE
479,2026-06-05 23:45:00+00:00,23,4,-0.258819,0.965926,-0.433884,-0.900969,False,False,NIGHT,1.0,4.0,7.0,25.0,63.0,207.0,0.0,0.0,0.0,1.68,4.035,82.86,6.69,82.864,83.685,17.14,1.31,6.27,17.99,100.0,100.0,6.25,3.79,16.96,1.81,37.168,12.04,100.0,33.474,False,,0.0,71.312,0.0,0.0,0.0,0.193,3.09,0.0,-0.8,3.01,5.0,0.0,79.972,80.995,100.0,100.0,32.963,100.0,31.989,14.0,0.0,83.522,81.816,100.0,100.0,33.745,100.0,33.409,1.68,2.723,81.791,81.291,3.8,MODERATE
480,2026-06-06 00:00:00+00:00,0,5,0.0,1.0,-0.974928,-0.222521,True,False,NIGHT,1.0,2.0,8.0,24.0,59.0,207.0,0.0,0.0,0.0,1.68,5.674,81.91,6.65,81.905,83.187,18.09,1.35,6.27,17.99,100.0,100.0,6.56,3.76,16.68,1.86,38.238,11.62,100.0,33.275,False,,0.0,71.098,0.0,0.0,0.0,0.193,3.09,4.0,-0.74,2.905,9.0,0.0,81.753,81.609,100.0,100.0,33.325,100.0,32.701,14.0,0.0,82.455,81.345,100.0,100.0,35.448,95.35,32.982,5.04,1.901,82.603,82.011,3.7,MODERATE
481,2026-06-06 00:15:00+00:00,0,5,0.0,1.0,-0.974928,-0.222521,True,False,NIGHT,2.0,3.0,7.0,18.0,60.0,207.0,0.0,0.0,0.0,3.36,3.375,81.9,6.65,81.903,83.166,18.1,1.35,6.27,17.99,100.0,100.0,5.74,3.74,17.52,1.71,35.126,11.35,100.0,33.266,False,,0.0,70.813,0.0,0.0,0.0,0.193,3.09,2.0,-1.01,2.838,6.0,0.0,82.105,81.296,100.0,100.0,33.279,100.0,32.842,14.0,0.0,80.486,81.282,100.0,100.0,35.216,100.0,32.194,1.68,3.888,82.666,81.454,3.27,MODERATE
482,2026-06-06 00:30:00+00:00,0,5,0.0,1.0,-0.974928,-0.222521,True,False,NIGHT,1.0,3.0,5.0,18.0,59.0,207.0,0.0,0.0,0.0,1.68,3.394,81.57,6.56,81.565,82.034,18.43,1.44,4.76,14.66,100.0,100.0,5.51,3.72,17.77,1.66,34.171,10.93,100.0,32.813,False,,0.0,70.426,0.0,0.0,0.0,0.193,3.09,-2.0,-1.43,2.732,6.0,0.0,81.282,81.149,100.0,100.0,32.515,100.0,32.513,14.0,0.0,82.357,82.258,100.0,100.0,36.676,100.0,32.943,1.68,1.973,82.163,81.421,2.85,MODERATE
483,2026-06-06 00:45:00+00:00,0,5,0.0,1.0,-0.974928,-0.222521,True,False,NIGHT,0.0,1.0,4.0,18.0,57.0,203.0,0.0,0.0,0.0,0.0,2.943,80.99,6.4,80.995,79.972,19.01,1.6,6.27,17.99,100.0,100.0,5.22,3.68,18.1,1.6,32.963,10.35,100.0,31.989,False,,0.0,69.78,0.0,0.0,0.0,0.193,3.09,-3.0,-1.69,2.588,9.0,0.0,83.522,81.816,100.0,100.0,33.745,100.0,33.409,11.0,0.0,82.722,81.869,100.0,100.0,37.688,100.0,33.089,1.68,1.531,81.929,81.477,2.43,NORMAL
484,2026-06-06 01:00:00+00:00,1,5,0.258819,0.965926,-0.974928,-0.222521,True,False,NIGHT,3.0,3.0,6.0,18.0,56.0,206.0,0.0,0.0,0.0,5.04,2.012,81.61,6.54,81.609,81.753,18.39,1.46,4.37,13.82,100.0,100.0,5.34,3.66,18.0,1.62,33.325,10.24,100.0,32.701,False,,0.0,70.304,0.0,0.0,0.0,0.193,3.09,-2.0,-1.38,2.56,6.0,0.0,82.455,81.345,100.0,100.0,35.448,95.35,32.982,11.0,0.0,80.787,80.94,100.0,100.0,37.324,81.617,32.315,1.68,2.886,80.813,81.264,2.0,MODERATE
485,2026-06-06 01:15:00+00:00,1,5,0.258819,0.965926,-0.974928,-0.222521,True,False,NIGHT,1.0,4.0,5.0,17.0,54.0,206.0,0.0,0.0,0.0,1.68,2.818,81.3,6.57,81.296,82.105,18.7,1.43,6.27,17.99,100.0,100.0,5.33,3.65,18.01,1.62,33.279,9.82,100.0,32.842,False,,0.0,70.301,0.0,0.0,0.0,0.0,0.0,-2.0,-1.53,2.455,6.0,0.0,80.486,81.282,100.0,100.0,35.216,100.0,32.194,12.0,0.0,81.667,81.797,100.0,100.0,36.487,100.0,32.667,8.4,2.41,85.276,82.405,2.22,MODERATE
486,2026-06-06 01:30:00+00:00,1,5,0.258819,0.965926,-0.974928,-0.222521,True,False,NIGHT,1.0,2.0,5.0,17.0,51.0,206.0,0.0,0.0,0.0,1.68,2.532,81.15,6.5,81.149,81.282,18.85,1.5,6.02,17.45,100.0,100.0,5.14,3.64,18.22,1.58,32.515,9.4,100.0,32.513,False,,0.0,70.036,0.0,0.0,0.0,0.0,0.0,0.0,-1.53,2.35,8.0,0.0,82.357,82.258,100.0,100.0,36.676,100.0,32.943,10.0,0.0,81.625,81.553,100.0,100.0,36.311,100.0,32.65,1.68,4.169,84.53,81.842,1.8,MODERATE
487,2026-06-06 01:45:00+00:00,1,5,0.258819,0.965926,-0.974928,-0.222521,True,False,NIGHT,4.0,5.0,9.0,20.0,52.0,209.0,0.0,0.0,0.0,6.72,3.334,81.82,6.68,81.816,83.522,18.18,1.32,6.27,17.99,100.0,100.0,5.47,3.64,17.89,1.64,33.745,9.45,100.0,33.409,False,,0.0,70.741,0.0,0.0,0.0,0.0,0.0,5.0,-0.9,2.362,5.0,0.0,82.722,81.869,100.0,100.0,37.688,100.0,33.089,12.0,0.0,84.344,82.256,100.0,100.0,36.48,100.0,33.738,1.68,4.118,84.571,81.23,1.37,MODERATE
488,2026-06-06 02:00:00+00:00,2,5,0.5,0.866025,-0.974928,-0.222521,True,False,NIGHT,0.0,4.0,6.0,20.0,48.0,208.0,0.0,0.0,0.0,0.0,2.228,81.34,6.6,81.345,82.455,18.66,1.4,5.36,16.0,100.0,100.0,5.93,3.64,17.43,1.72,35.448,8.87,95.35,32.982,False,,0.0,70.159,0.0,0.0,0.0,0.0,0.0,0.0,-1.37,2.218,8.0,0.0,80.787,80.94,100.0,100.0,37.324,81.617,32.315,9.0,0.0,83.163,81.437,100.0,100.0,36.821,71.083,33.265,3.36,2.101,84.372,81.56,1.11,MODERATE
489,2026-06-06 02:15:00+00:00,2,5,0.5,0.866025,-0.974928,-0.222521,True,False,NIGHT,1.0,1.0,6.0,18.0,45.0,209.0,0.0,0.0,0.0,1.68,2.561,81.28,6.44,81.282,80.486,18.72,1.56,5.89,17.17,100.0,100.0,5.89,3.62,17.49,1.71,35.216,8.45,100.0,32.194,False,,0.0,70.149,0.0,0.0,0.0,0.0,0.0,1.0,-1.37,2.112,8.0,0.0,81.667,81.797,100.0,100.0,36.487,100.0,32.667,12.0,0.0,82.711,81.592,100.0,100.0,36.69,92.45,33.084,5.04,2.903,84.83,82.058,1.01,MODERATE
490,2026-06-06 02:30:00+00:00,2,5,0.5,0.866025,-0.974928,-0.222521,True,False,NIGHT,4.0,5.0,9.0,19.0,46.0,212.0,0.0,0.0,0.0,6.72,2.217,82.26,6.59,82.258,82.357,17.74,1.41,6.27,17.99,100.0,100.0,6.28,3.62,17.1,1.78,36.676,8.5,100.0,32.943,False,,0.0,70.869,0.0,0.0,0.0,0.0,0.0,4.0,-0.9,2.125,6.0,0.0,81.625,81.553,100.0,100.0,36.311,100.0,32.65,12.0,0.0,82.216,81.182,100.0,100.0,35.124,88.217,32.886,3.36,4.296,85.521,81.769,0.74,MODERATE
491,2026-06-06 02:45:00+00:00,2,5,0.5,0.866025,-0.974928,-0.222521,True,False,NIGHT,1.0,5.0,6.0,19.0,44.0,213.0,0.0,0.0,0.0,1.68,3.118,81.87,6.62,81.869,82.722,18.13,1.38,6.27,17.99,100.0,100.0,6.55,3.63,16.82,1.83,37.688,8.08,100.0,33.089,False,,0.0,70.947,0.0,0.0,0.0,0.0,0.0,-3.0,-1.37,2.02,6.0,0.0,84.344,82.256,100.0,100.0,36.48,100.0,33.738,12.0,0.0,82.063,80.803,100.0,100.0,35.501,83.983,32.825,5.04,2.822,86.537,82.242,0.64,MODERATE
492,2026-06-06 03:00:00+00:00,3,5,0.707107,0.707107,-0.974928,-0.222521,True,False,NIGHT,0.0,1.0,6.0,18.0,42.0,213.0,0.0,0.0,0.0,0.0,4.336,80.94,6.46,80.94,80.787,19.06,1.54,5.43,16.14,100.0,100.0,6.47,3.61,16.92,1.81,37.324,7.5,81.617,32.315,False,,0.0,68.669,0.0,0.0,0.0,0.0,0.0,0.0,-1.37,1.875,3.0,0.0,83.163,81.437,100.0,100.0,36.821,71.083,33.265,12.0,0.0,81.622,80.581,100.0,100.0,35.749,79.75,32.649,9.432,4.446,89.657,83.239,1.02,NORMAL
493,2026-06-06 03:15:00+00:00,3,5,0.707107,0.707107,-0.974928,-0.222521,True,False,NIGHT,3.0,3.0,8.0,19.0,37.0,214.0,0.0,0.0,0.0,5.04,1.334,81.8,6.53,81.797,81.667,18.2,1.47,6.27,17.99,100.0,100.0,6.24,3.61,17.15,1.77,36.487,7.39,100.0,32.667,False,,0.0,70.613,0.0,0.0,0.0,0.0,0.0,2.0,-1.06,1.848,4.0,0.0,82.711,81.592,100.0,100.0,36.69,92.45,33.084,12.0,0.0,81.906,80.282,100.0,100.0,34.837,75.517,32.762,4.008,4.068,90.189,83.181,0.75,MODERATE
494,2026-06-06 03:30:00+00:00,3,5,0.707107,0.707107,-0.974928,-0.222521,True,False,NIGHT,1.0,4.0,5.0,19.0,37.0,211.0,0.0,0.0,0.0,1.68,2.668,81.55,6.53,81.553,81.625,18.45,1.47,6.27,17.99,100.0,100.0,6.2,3.6,17.2,1.76,36.311,6.97,100.0,32.65,False,,0.0,70.535,0.0,0.0,0.0,0.0,0.0,-4.0,-1.53,1.742,4.0,0.0,82.216,81.182,100.0,100.0,35.124,88.217,32.886,16.0,0.0,83.199,81.439,100.0,100.0,35.435,100.0,33.28,9.036,4.331,92.502,84.172,1.29,MODERATE
495,2026-06-06 03:45:00+00:00,3,5,0.707107,0.707107,-0.974928,-0.222521,True,False,NIGHT,4.0,5.0,8.0,23.0,41.0,215.0,0.0,0.0,0.0,6.72,3.036,82.26,6.75,82.256,84.344,17.74,1.25,6.27,17.99,100.0,100.0,6.22,3.63,17.15,1.77,36.48,7.03,100.0,33.738,False,,0.0,71.248,0.0,0.0,0.0,0.0,0.0,2.0,-1.05,1.758,6.0,0.0,82.063,80.803,100.0,100.0,35.501,83.983,32.825,14.0,0.0,81.791,81.291,100.0,100.0,36.205,70.25,32.716,8.639,4.765,93.838,85.034,1.35,MODERATE
496,2026-06-06 04:00:00+00:00,4,5,0.866025,0.5,-0.974928,-0.222521,True,False,NIGHT,0.0,4.0,8.0,20.0,38.0,214.0,0.0,0.0,0.0,0.0,3.653,81.44,6.65,81.437,83.163,18.56,1.35,6.27,17.99,100.0,100.0,6.31,3.63,17.06,1.79,36.821,6.44,71.083,33.265,False,,0.0,68.26,0.0,0.0,0.0,0.0,0.0,2.0,-1.06,1.61,6.0,0.0,81.622,80.581,100.0,100.0,35.749,79.75,32.649,14.0,0.0,82.603,82.011,72.12,67.99,36.164,100.0,33.041,7.525,5.136,93.847,85.631,1.4,NORMAL
497,2026-06-06 04:15:00+00:00,4,5,0.866025,0.5,-0.974928,-0.222521,True,False,NIGHT,1.0,1.0,6.0,20.0,37.0,214.0,0.0,0.0,0.0,1.68,1.205,81.59,6.62,81.592,82.711,18.41,1.38,6.27,17.99,100.0,100.0,6.27,3.63,17.09,1.78,36.69,6.02,92.45,33.084,False,,0.0,70.115,0.0,0.0,0.0,0.0,0.0,-2.0,-1.37,1.505,8.0,0.0,81.906,80.282,100.0,100.0,34.837,75.517,32.762,13.0,0.0,82.666,81.454,77.74,73.044,36.755,64.983,33.067,6.72,5.23,94.574,85.945,1.46,MODERATE
498,2026-06-06 04:30:00+00:00,4,5,0.866025,0.5,-0.974928,-0.222521,True,False,NIGHT,1.0,2.0,6.0,20.0,37.0,213.0,0.0,0.0,0.0,1.68,3.48,81.18,6.58,81.182,82.216,18.82,1.42,5.68,16.71,100.0,100.0,5.85,3.63,17.52,1.71,35.124,5.6,88.217,32.886,False,,0.0,69.404,0.0,0.0,0.0,0.0,0.0,1.0,-1.37,1.4,8.0,0.0,83.199,81.439,100.0,100.0,35.435,100.0,33.28,15.0,0.0,82.163,81.421,71.601,67.501,37.42,60.75,32.865,6.72,5.99,95.236,86.074,1.52,NORMAL
499,2026-06-06 04:45:00+00:00,4,5,0.866025,0.5,-0.974928,-0.222521,True,False,NIGHT,1.0,2.0,3.0,17.0,37.0,212.0,0.0,0.0,0.0,1.68,3.245,80.8,6.57,80.803,82.063,19.2,1.43,6.27,17.99,100.0,100.0,5.96,3.63,17.41,1.73,35.501,5.17,83.983,32.825,False,,0.0,68.943,0.0,0.0,0.0,0.0,0.0,-5.0,-1.86,1.292,6.0,0.0,81.791,81.291,100.0,100.0,36.205,70.25,32.716,16.0,0.0,81.929,81.477,75.317,70.861,36.824,56.517,32.772,6.72,6.204,95.749,86.163,1.57,NORMAL
500,2026-06-06 05:00:00+00:00,5,5,0.965926,0.258819,-0.974928,-0.222521,True,False,NIGHT,1.0,2.0,4.0,18.0,38.0,212.0,0.0,0.0,0.0,1.68,2.707,80.58,6.53,80.581,81.622,19.42,1.47,6.27,17.99,100.0,100.0,6.03,3.62,17.35,1.74,35.749,4.75,79.75,32.649,False,,0.0,68.447,0.0,0.0,0.0,0.0,0.0,-4.0,-1.69,1.188,6.0,0.0,82.603,82.011,72.12,67.99,36.164,100.0,33.041,18.0,0.0,80.813,81.264,81.061,76.018,36.961,52.283,32.325,7.859,4.63,95.636,86.979,1.95,NORMAL
501,2026-06-06 05:15:00+00:00,5,5,0.965926,0.258819,-0.974928,-0.222521,True,False,NIGHT,1.0,2.0,4.0,18.0,36.0,213.0,0.0,0.0,0.0,1.68,2.785,80.28,6.55,80.282,81.906,19.72,1.45,6.27,17.99,100.0,100.0,5.79,3.62,17.59,1.69,34.837,4.33,75.517,32.762,False,,0.0,67.975,0.0,0.0,0.0,0.0,0.0,-2.0,-1.69,1.082,4.0,0.0,82.666,81.454,77.74,73.044,36.755,64.983,33.067,23.0,0.0,85.276,82.405,78.379,73.654,36.658,100.0,34.11,7.261,6.131,95.947,87.236,1.85,NORMAL
502,2026-06-06 05:30:00+00:00,5,5,0.965926,0.258819,-0.974928,-0.222521,True,False,NIGHT,3.0,4.0,6.0,17.0,36.0,216.0,0.0,0.0,0.0,5.04,0.0,81.44,6.66,81.439,83.199,18.56,1.34,6.27,17.99,100.0,100.0,5.94,3.63,17.43,1.72,35.435,4.22,100.0,33.28,False,,0.0,70.746,0.0,0.0,0.0,0.0,0.0,0.0,-1.38,1.055,8.0,0.0,82.163,81.421,71.601,67.501,37.42,60.75,32.865,20.0,0.0,84.53,81.842,71.972,67.851,37.257,50.217,33.812,5.04,7.209,95.592,86.723,1.74,MODERATE
503,2026-06-06 05:45:00+00:00,5,5,0.965926,0.258819,-0.974928,-0.222521,True,False,NIGHT,1.0,4.0,6.0,17.0,36.0,216.0,0.0,0.0,0.0,1.68,2.723,81.29,6.54,81.291,81.791,18.71,1.46,6.27,17.99,100.0,100.0,6.16,3.62,17.22,1.76,36.205,3.8,70.25,32.716,False,,0.0,67.823,0.0,0.0,0.0,0.0,0.0,3.0,-1.37,0.95,8.0,0.0,81.929,81.477,75.317,70.861,36.824,56.517,32.772,26.0,0.0,84.571,81.23,76.979,72.35,37.261,45.983,33.828,6.72,6.653,95.143,86.775,1.8,NORMAL
504,2026-06-06 06:00:00+00:00,6,5,1.0,0.0,-0.974928,-0.222521,True,False,MORNING,3.0,4.0,8.0,20.0,38.0,219.0,0.0,0.0,0.0,5.04,1.901,82.01,6.61,82.011,82.603,17.99,1.39,11.97,27.41,72.12,67.99,6.14,3.62,17.24,1.76,36.164,3.7,100.0,33.041,False,,0.0,63.631,0.0,0.0,0.0,0.0,0.0,4.0,-1.05,0.925,8.0,0.0,80.813,81.264,81.061,76.018,36.961,52.283,32.325,29.0,0.0,84.372,81.56,71.723,67.617,36.641,68.95,33.749,7.641,5.577,95.666,87.25,2.02,NORMAL
505,2026-06-06 06:15:00+00:00,6,5,1.0,0.0,-0.974928,-0.222521,True,False,MORNING,1.0,4.0,8.0,18.0,37.0,220.0,0.0,0.0,0.0,1.68,3.888,81.45,6.61,81.454,82.666,18.55,1.39,11.03,25.34,77.74,73.044,6.3,3.63,17.08,1.79,36.755,3.27,64.983,33.067,False,,0.0,61.704,0.0,0.0,0.0,0.0,0.0,4.0,-1.06,0.818,9.0,0.0,85.276,82.405,78.379,73.654,36.658,100.0,34.11,31.0,0.0,84.83,82.058,72.161,68.029,38.631,93.517,33.932,7.459,6.841,96.448,87.341,2.39,NORMAL
506,2026-06-06 06:30:00+00:00,6,5,1.0,0.0,-0.974928,-0.222521,True,False,MORNING,1.0,2.0,6.0,18.0,37.0,219.0,0.0,0.0,0.0,1.68,1.973,81.42,6.57,81.421,82.163,18.58,1.43,11.97,27.41,71.601,67.501,6.48,3.62,16.9,1.82,37.42,2.85,60.75,32.865,False,,0.0,59.873,0.0,0.0,0.0,0.0,0.0,0.0,-1.37,0.712,7.0,0.0,84.53,81.842,71.972,67.851,37.257,50.217,33.812,32.0,0.0,85.521,81.769,84.405,79.031,38.61,65.283,34.208,7.414,5.055,96.674,87.913,2.77,NORMAL
507,2026-06-06 06:45:00+00:00,6,5,1.0,0.0,-0.974928,-0.222521,True,False,MORNING,1.0,2.0,6.0,15.0,38.0,220.0,0.0,0.0,0.0,1.68,1.531,81.48,6.55,81.477,81.929,18.52,1.45,11.39,26.13,75.317,70.861,6.32,3.62,17.06,1.79,36.824,2.43,56.517,32.772,False,,0.0,60.253,0.0,0.0,0.0,0.0,0.0,0.0,-1.37,0.608,8.0,0.0,84.571,81.23,76.979,72.35,37.261,45.983,33.828,34.0,0.0,86.537,82.242,72.323,68.182,37.252,89.85,34.615,7.2,6.895,97.3,87.939,2.99,NORMAL
508,2026-06-06 07:00:00+00:00,7,5,0.965926,-0.258819,-0.974928,-0.222521,True,False,MORNING,1.0,2.0,4.0,16.0,36.0,219.0,0.0,0.0,0.0,1.68,2.886,81.26,6.47,81.264,80.813,18.74,1.53,10.55,24.3,81.061,76.018,6.37,3.61,17.02,1.8,36.961,2.0,52.283,32.325,False,,0.0,60.922,0.0,0.0,0.0,0.0,0.0,-4.0,-1.7,0.5,10.0,0.0,84.372,81.56,71.723,67.617,36.641,68.95,33.749,35.0,0.39,89.657,83.239,80.877,75.939,36.574,100.0,38.176,7.182,7.308,97.152,87.92,2.4,NORMAL
509,2026-06-06 07:15:00+00:00,7,5,0.965926,-0.258819,-0.974928,-0.222521,True,False,MORNING,5.0,6.0,8.0,20.0,40.0,223.0,0.0,0.0,0.0,8.4,2.41,82.4,6.82,82.405,85.276,17.6,1.18,11.07,25.43,78.379,73.654,6.26,3.64,17.1,1.78,36.658,2.22,100.0,34.11,False,,0.0,65.727,0.0,0.0,0.0,0.0,0.0,0.0,-1.05,0.555,14.0,0.0,84.83,82.058,72.161,68.029,38.631,93.517,33.932,35.0,0.0,90.189,83.181,80.329,75.438,37.542,65.383,36.075,5.104,5.944,96.135,87.791,2.3,NORMAL
510,2026-06-06 07:30:00+00:00,7,5,0.965926,-0.258819,-0.974928,-0.222521,True,False,MORNING,1.0,6.0,8.0,20.0,40.0,222.0,0.0,0.0,0.0,1.68,4.169,81.84,6.76,81.842,84.53,18.16,1.24,11.97,27.41,71.972,67.851,6.41,3.65,16.94,1.81,37.257,1.8,50.217,33.812,False,,0.0,59.563,0.0,0.0,0.0,0.0,0.0,2.0,-1.05,0.45,13.0,0.0,85.521,81.769,84.405,79.031,38.61,65.283,34.208,36.0,1.62,92.502,84.172,75.544,71.186,36.838,100.0,46.729,3.36,6.012,94.404,87.267,2.04,NORMAL
511,2026-06-06 07:45:00+00:00,7,5,0.965926,-0.258819,-0.974928,-0.222521,True,False,MORNING,1.0,2.0,8.0,20.0,37.0,221.0,0.0,0.0,0.0,1.68,4.118,81.23,6.77,81.23,84.571,18.77,1.23,11.11,25.52,76.979,72.35,6.39,3.67,16.94,1.81,37.261,1.37,45.983,33.828,False,,0.0,60.196,0.0,0.0,0.0,0.0,0.0,2.0,-1.06,0.342,18.0,0.0,86.537,82.242,72.323,68.182,37.252,89.85,34.615,32.0,0.48,93.838,85.034,91.848,85.828,38.494,100.0,40.411,6.72,6.896,94.689,87.2,2.09,NORMAL
512,2026-06-06 08:00:00+00:00,8,5,0.866025,-0.5,-0.974928,-0.222521,True,False,MORNING,2.0,3.0,9.0,21.0,39.0,221.0,0.0,0.0,0.0,3.36,2.101,81.56,6.75,81.56,84.372,18.44,1.25,11.97,27.41,71.723,67.617,6.22,3.68,17.11,1.78,36.641,1.11,68.95,33.749,False,,0.0,61.042,0.0,0.0,0.0,0.0,0.0,5.0,-0.89,0.278,19.0,0.39,89.657,83.239,80.877,75.939,36.574,100.0,38.176,32.0,0.0,93.847,85.631,75.303,70.991,37.492,100.0,37.539,5.04,4.725,93.142,87.402,1.99,NORMAL
513,2026-06-06 08:15:00+00:00,8,5,0.866025,-0.5,-0.974928,-0.222521,True,False,MORNING,3.0,5.0,7.0,23.0,41.0,221.0,0.0,0.0,0.0,5.04,2.903,82.06,6.79,82.058,84.83,17.94,1.21,11.97,27.41,72.161,68.029,6.74,3.69,16.57,1.88,38.631,1.01,93.517,33.932,False,,0.0,63.735,0.0,0.0,0.0,0.0,0.0,-1.0,-1.21,0.252,17.0,0.0,90.189,83.181,80.329,75.438,37.542,65.383,36.075,33.0,0.0,94.574,85.945,75.579,71.252,37.963,100.0,37.829,6.72,5.438,93.423,87.7,2.05,NORMAL
514,2026-06-06 08:30:00+00:00,8,5,0.866025,-0.5,-0.974928,-0.222521,True,False,MORNING,2.0,5.0,8.0,22.0,39.0,220.0,0.0,0.0,0.0,3.36,4.296,81.77,6.84,81.769,85.521,18.23,1.16,10.2,23.51,84.405,79.031,6.72,3.7,16.58,1.88,38.61,0.74,65.283,34.208,False,,0.0,64.056,0.0,0.0,0.0,0.0,0.0,0.0,-1.06,0.185,19.0,1.62,92.502,84.172,75.544,71.186,36.838,100.0,46.729,35.0,0.0,95.236,86.074,75.693,71.359,37.231,100.0,38.094,6.72,7.218,93.366,87.581,2.1,NORMAL
515,2026-06-06 08:45:00+00:00,8,5,0.866025,-0.5,-0.974928,-0.222521,True,False,MORNING,3.0,5.0,10.0,24.0,41.0,220.0,0.0,0.0,0.0,5.04,2.822,82.24,6.92,82.242,86.537,17.76,1.08,11.97,27.41,72.323,68.182,6.33,3.72,16.94,1.81,37.252,0.64,89.85,34.615,False,,0.0,63.7,0.0,0.0,0.0,0.0,0.0,2.0,-0.73,0.16,16.0,0.48,93.838,85.034,91.848,85.828,38.494,100.0,40.411,37.0,0.0,95.749,86.163,78.158,73.591,36.943,100.0,38.3,6.72,5.014,93.433,88.002,2.16,NORMAL
516,2026-06-06 09:00:00+00:00,9,5,0.707107,-0.707107,-0.974928,-0.222521,True,False,MORNING,6.0,9.0,14.0,27.0,47.0,224.0,0.39,0.0,0.0,9.432,4.446,83.24,7.17,83.239,89.657,16.76,0.83,10.86,24.96,80.877,75.939,6.09,3.78,17.12,1.78,36.574,1.02,100.0,38.176,False,,0.7,67.603,0.39,0.39,0.39,0.024,0.39,5.0,-0.09,0.353,16.0,0.0,93.847,85.631,75.303,70.991,37.492,100.0,37.539,38.0,1.32,95.636,86.979,89.338,83.695,39.332,100.0,46.185,5.04,5.997,93.1,87.789,2.06,NORMAL
517,2026-06-06 09:15:00+00:00,9,5,0.707107,-0.707107,-0.974928,-0.222521,True,False,MORNING,2.0,8.0,13.0,28.0,46.0,223.0,0.0,0.03,0.0347,4.008,4.068,83.18,7.22,83.181,90.189,16.82,0.78,10.9,25.06,80.329,75.438,6.32,3.82,16.86,1.82,37.542,0.75,65.383,36.075,False,,0.0,64.293,-0.39,0.0,0.0,0.024,0.39,6.0,-0.26,0.188,18.0,0.0,94.574,85.945,75.579,71.252,37.963,100.0,37.829,32.0,0.0,95.947,87.236,82.542,77.584,38.485,100.0,38.379,7.294,7.094,93.264,87.826,2.43,NORMAL
518,2026-06-06 09:30:00+00:00,9,5,0.707107,-0.707107,-0.974928,-0.222521,True,False,MORNING,7.0,9.0,18.0,34.0,52.0,228.0,1.62,0.0,0.0,9.036,4.331,84.17,7.4,84.172,92.502,15.83,0.6,11.83,27.11,75.544,71.186,6.02,3.93,17.05,1.79,36.838,1.29,100.0,46.729,False,,2.9,67.978,1.62,1.23,1.62,0.126,1.62,10.0,0.55,0.728,17.0,0.0,95.236,86.074,75.693,71.359,37.231,100.0,38.094,32.0,0.0,95.592,86.723,78.11,73.567,38.208,100.0,38.237,7.278,6.856,93.493,87.913,2.33,NORMAL
519,2026-06-06 09:45:00+00:00,9,5,0.707107,-0.707107,-0.974928,-0.222521,True,False,MORNING,4.0,11.0,19.0,37.0,52.0,225.0,0.48,0.15,0.1459,8.639,4.765,85.03,7.51,85.034,93.838,14.97,0.49,9.77,22.57,91.848,85.828,6.41,3.98,16.61,1.87,38.494,1.35,100.0,40.411,False,,0.9,71.568,-1.1400000000000001,0.48,0.48,0.156,1.62,9.0,0.71,0.458,16.0,0.0,95.749,86.163,78.158,73.591,36.943,100.0,38.3,31.0,0.0,95.143,86.775,80.242,75.494,35.455,100.0,38.057,7.243,6.434,93.935,88.08,3.19,MODERATE
520,2026-06-06 10:00:00+00:00,10,5,0.5,-0.866025,-0.974928,-0.222521,True,False,MORNING,4.0,8.0,17.0,40.0,56.0,226.0,0.0,0.04,0.0431,7.525,5.136,85.63,7.51,85.631,93.847,14.37,0.49,11.97,27.41,75.303,70.991,6.11,4.01,16.88,1.82,37.492,1.4,100.0,37.539,False,,0.0,67.538,-0.48,-1.62,-0.39,0.156,1.62,3.0,0.38,0.35,16.0,1.32,95.636,86.979,89.338,83.695,39.332,100.0,46.185,31.0,0.45,95.666,87.25,76.905,72.502,34.693,100.0,40.977,7.175,6.362,94.128,88.268,3.4,NORMAL
521,2026-06-06 10:15:00+00:00,10,5,0.5,-0.866025,-0.974928,-0.222521,True,False,MORNING,4.0,8.0,19.0,39.0,59.0,228.0,0.0,0.0,0.0,6.72,5.23,85.94,7.57,85.945,94.574,14.06,0.43,11.97,27.41,75.579,71.252,6.21,4.04,16.75,1.85,37.963,1.46,100.0,37.829,False,,0.0,67.859,0.0,-0.48,0.0,0.156,1.62,6.0,0.71,0.365,15.0,0.0,95.947,87.236,82.542,77.584,38.485,100.0,38.379,29.0,2.01,96.448,87.341,77.604,73.16,33.992,100.0,50.651,7.103,7.58,93.929,88.164,3.3,NORMAL
522,2026-06-06 10:30:00+00:00,10,5,0.5,-0.866025,-0.974928,-0.222521,True,False,MORNING,4.0,8.0,16.0,42.0,62.0,231.0,0.0,0.0,0.0,6.72,5.99,86.07,7.62,86.074,95.236,13.93,0.38,11.97,27.41,75.693,71.359,5.98,4.07,16.95,1.81,37.231,1.52,100.0,38.094,False,,0.0,67.981,0.0,0.0,-1.62,0.156,1.62,-2.0,0.23,0.38,18.0,0.0,95.592,86.723,78.11,73.567,38.208,100.0,38.237,27.0,3.6,96.674,87.913,78.734,74.226,36.272,100.0,60.261,7.144,6.885,93.211,88.287,3.52,NORMAL
523,2026-06-06 10:45:00+00:00,10,5,0.5,-0.866025,-0.974928,-0.222521,True,False,MORNING,4.0,8.0,16.0,45.0,65.0,229.0,0.0,0.0,0.0,6.72,6.204,86.16,7.66,86.163,95.749,13.84,0.34,11.6,26.61,78.158,73.591,5.87,4.1,17.03,1.8,36.943,1.57,100.0,38.3,False,,0.0,68.64,0.0,0.0,-0.48,0.156,1.62,-3.0,0.22,0.392,21.0,0.0,95.143,86.775,80.242,75.494,35.455,100.0,38.057,25.0,4.31,97.3,87.939,79.04,74.514,36.471,100.0,64.798,7.109,6.54,93.398,88.414,3.41,NORMAL
524,2026-06-06 11:00:00+00:00,11,5,0.258819,-0.965926,-0.974928,-0.222521,True,False,MORNING,6.0,10.0,18.0,49.0,70.0,233.0,1.32,0.0,0.0,7.859,4.63,86.98,7.65,86.979,95.636,13.02,0.35,10.32,23.78,89.338,83.695,6.45,4.17,16.38,1.91,39.332,1.95,100.0,46.185,False,,2.7,72.411,1.32,1.32,1.32,0.238,1.62,1.0,0.55,0.818,22.0,0.45,95.666,87.25,76.905,72.502,34.693,100.0,40.977,24.0,0.04,97.152,87.92,87.155,81.756,37.825,30.683,39.089,7.059,5.012,93.563,88.912,2.99,MODERATE
525,2026-06-06 11:15:00+00:00,11,5,0.258819,-0.965926,-0.974928,-0.222521,True,False,MORNING,3.0,9.0,17.0,49.0,72.0,232.0,0.0,0.12,0.119,7.261,6.131,87.24,7.68,87.236,95.947,12.76,0.32,11.12,25.55,82.542,77.584,6.21,4.18,16.61,1.87,38.485,1.85,100.0,38.379,False,,0.0,70.06,-1.32,0.0,0.0,0.238,1.62,-2.0,0.39,0.462,17.0,2.01,96.448,87.341,77.604,73.16,33.992,100.0,50.651,27.0,0.0,96.135,87.791,77.203,72.782,37.374,100.0,38.454,6.873,7.211,93.353,88.844,3.53,MODERATE
526,2026-06-06 11:30:00+00:00,11,5,0.258819,-0.965926,-0.974928,-0.222521,True,False,MORNING,3.0,6.0,16.0,50.0,72.0,233.0,0.0,0.0,0.0,5.04,7.209,86.72,7.65,86.723,95.592,13.28,0.35,11.69,26.79,78.11,73.567,6.13,4.19,16.68,1.86,38.208,1.74,100.0,38.237,False,,0.0,68.837,0.0,-1.32,0.0,0.238,1.62,0.0,0.22,0.435,14.0,3.6,96.674,87.913,78.734,74.226,36.272,100.0,60.261,30.0,0.0,94.404,87.267,76.741,72.347,37.182,78.217,37.762,6.9,6.388,94.649,88.869,3.42,NORMAL
527,2026-06-06 11:45:00+00:00,11,5,0.258819,-0.965926,-0.974928,-0.222521,True,False,MORNING,4.0,7.0,16.0,51.0,75.0,234.0,0.0,0.0,0.0,6.72,6.653,86.78,7.61,86.775,95.143,13.22,0.39,11.38,26.12,80.242,75.494,5.39,4.19,17.43,1.72,35.455,1.8,100.0,38.057,False,,0.0,68.998,0.0,0.0,0.0,0.238,1.62,0.0,0.23,0.45,10.0,4.31,97.3,87.939,79.04,74.514,36.471,100.0,64.798,31.0,0.0,94.689,87.2,76.683,72.292,39.228,100.0,37.876,6.874,6.421,94.695,88.978,3.16,NORMAL
528,2026-06-06 12:00:00+00:00,12,5,0.0,-1.0,-0.974928,-0.222521,True,False,MORNING,5.0,9.0,15.0,50.0,77.0,237.0,0.45,0.0,0.0,7.641,5.577,87.25,7.65,87.25,95.666,12.75,0.35,11.97,27.41,76.905,72.502,5.16,4.21,17.63,1.69,34.693,2.02,100.0,40.977,False,,0.9,68.667,0.45,0.45,-0.8700000000000001,0.266,1.62,-3.0,0.07,0.618,9.0,0.04,97.152,87.92,87.155,81.756,37.825,30.683,39.089,36.0,0.0,93.142,87.402,100.0,98.118,39.657,100.0,37.257,6.833,6.228,95.052,89.101,3.7,NORMAL
529,2026-06-06 12:15:00+00:00,12,5,0.0,-1.0,-0.974928,-0.222521,True,False,MORNING,6.0,11.0,18.0,54.0,82.0,241.0,2.01,0.04,0.0202,7.459,6.841,87.34,7.72,87.341,96.448,12.66,0.28,11.97,27.41,77.604,73.16,4.89,4.29,17.82,1.65,33.992,2.39,100.0,50.651,False,,4.3,69.942,1.5599999999999998,2.01,2.01,0.392,2.01,1.0,0.54,1.1,12.0,0.0,96.135,87.791,77.203,72.782,37.374,100.0,38.454,38.0,0.0,93.423,87.7,89.977,85.574,40.228,100.0,37.369,6.783,6.986,95.933,88.98,3.43,NORMAL
530,2026-06-06 12:30:00+00:00,12,5,0.0,-1.0,-0.974928,-0.222521,True,False,MORNING,6.0,12.0,21.0,53.0,87.0,244.0,3.6,0.18,0.0503,7.414,5.055,87.91,7.73,87.913,96.674,12.09,0.27,11.97,27.41,78.734,74.226,5.38,4.41,17.21,1.76,36.272,2.77,100.0,60.261,False,,7.7,71.599,1.5900000000000003,3.15,3.6,0.617,3.6,5.0,1.03,1.592,13.0,0.0,94.404,87.267,76.741,72.347,37.182,78.217,37.762,37.0,0.0,93.366,87.581,91.619,87.083,40.019,100.0,37.346,5.773,5.843,94.847,89.049,3.17,MODERATE
531,2026-06-06 12:45:00+00:00,12,5,0.0,-1.0,-0.974928,-0.222521,True,False,MORNING,5.0,11.0,22.0,54.0,91.0,247.0,4.31,0.32,0.0751,7.2,6.895,87.94,7.78,87.939,97.3,12.06,0.22,11.97,27.41,79.04,74.514,5.31,4.54,17.15,1.77,36.471,2.99,100.0,64.798,False,,9.6,72.274,0.7099999999999995,2.3,4.31,0.886,4.31,6.0,1.19,1.825,15.0,0.0,94.689,87.2,76.683,72.292,39.228,100.0,37.876,38.0,0.0,93.433,88.002,90.286,85.868,40.125,100.0,37.373,6.805,7.865,95.293,88.748,3.39,MODERATE
532,2026-06-06 13:00:00+00:00,13,5,-0.258819,-0.965926,-0.974928,-0.222521,True,False,MORNING,0.0,5.0,17.0,50.0,90.0,247.0,0.04,0.39,0.3882,7.182,7.308,87.92,7.77,87.92,97.152,12.08,0.23,10.62,24.45,87.155,81.756,5.73,4.49,16.79,1.84,37.825,2.4,30.683,39.089,False,,0.1,65.233,-4.27,-3.56,-0.41000000000000003,0.864,4.31,2.0,0.38,0.61,15.0,0.0,93.142,87.402,100.0,98.118,39.657,100.0,37.257,37.0,0.0,93.1,87.789,90.068,85.661,39.739,100.0,37.24,4.955,7.211,94.287,88.265,3.12,NORMAL
533,2026-06-06 13:15:00+00:00,13,5,-0.258819,-0.965926,-0.974928,-0.222521,True,False,MORNING,3.0,3.0,14.0,49.0,88.0,244.0,0.0,0.0,0.0034,5.104,5.944,87.79,7.69,87.791,96.135,12.21,0.31,11.97,27.41,77.203,72.782,5.66,4.44,16.91,1.82,37.374,2.3,100.0,38.454,False,,0.0,68.903,-0.04,-4.31,-2.01,0.864,4.31,-4.0,-0.09,0.575,15.0,0.0,93.423,87.7,89.977,85.574,40.228,100.0,37.369,35.0,1.66,93.264,87.826,94.328,89.607,39.711,100.0,47.256,6.72,6.822,95.162,88.169,3.18,NORMAL
534,2026-06-06 13:30:00+00:00,13,5,-0.258819,-0.965926,-0.974928,-0.222521,True,False,MORNING,2.0,5.0,10.0,47.0,89.0,242.0,0.0,0.0,0.0,3.36,6.012,87.27,7.55,87.267,94.404,12.73,0.45,11.97,27.41,76.741,72.347,5.66,4.38,16.96,1.81,37.182,2.04,78.217,37.762,False,,0.0,66.356,0.0,-0.04,-3.6,0.763,4.31,-11.0,-0.73,0.51,17.0,0.0,93.366,87.581,91.619,87.083,40.019,100.0,37.346,36.0,0.33,93.493,87.913,90.346,85.925,39.708,100.0,39.354,7.126,6.996,95.826,88.148,3.56,NORMAL
535,2026-06-06 13:45:00+00:00,13,5,-0.258819,-0.965926,-0.974928,-0.222521,True,False,MORNING,4.0,6.0,9.0,47.0,92.0,245.0,0.0,0.0,0.0,6.72,6.896,87.2,7.58,87.2,94.689,12.8,0.42,11.97,27.41,76.683,72.292,6.25,4.34,16.41,1.91,39.228,2.09,100.0,37.876,False,,0.0,68.529,0.0,0.0,-4.31,0.733,4.31,-13.0,-0.9,0.522,16.0,0.0,93.433,88.002,90.286,85.868,40.125,100.0,37.373,36.0,5.02,93.935,88.08,100.0,97.014,40.912,100.0,67.664,7.124,5.773,95.743,88.493,3.93,NORMAL
536,2026-06-06 14:00:00+00:00,14,5,-0.5,-0.866025,-0.974928,-0.222521,True,False,EVENING,3.0,7.0,12.0,44.0,93.0,245.0,0.0,0.0,0.0,5.04,4.725,87.4,7.45,87.402,93.142,12.6,0.55,8.88,20.25,100.0,98.118,6.42,4.29,16.29,1.93,39.657,1.99,100.0,37.257,False,,0.0,74.2,0.0,0.0,-0.04,0.733,4.31,-5.0,-0.41,0.498,21.0,0.0,93.1,87.789,90.068,85.661,39.739,100.0,37.24,29.0,5.74,94.128,88.268,93.211,88.65,42.118,100.0,72.116,6.998,6.979,95.119,88.548,3.83,MODERATE
537,2026-06-06 14:15:00+00:00,14,5,-0.5,-0.866025,-0.974928,-0.222521,True,False,EVENING,4.0,7.0,13.0,45.0,94.0,248.0,0.0,0.0,0.0,6.72,5.438,87.7,7.47,87.7,93.423,12.3,0.53,10.26,23.29,89.977,85.574,6.61,4.25,16.14,1.96,40.228,2.05,100.0,37.369,False,,0.0,71.665,0.0,0.0,0.0,0.733,4.31,-1.0,-0.25,0.512,23.0,1.66,93.264,87.826,94.328,89.607,39.711,100.0,47.256,31.0,4.52,93.929,88.164,100.0,98.76,41.558,100.0,64.667,6.986,7.421,95.107,88.44,4.21,MODERATE
538,2026-06-06 14:30:00+00:00,14,5,-0.5,-0.866025,-0.974928,-0.222521,True,False,EVENING,4.0,8.0,15.0,46.0,96.0,249.0,0.0,0.0,0.0,6.72,7.218,87.58,7.47,87.581,93.366,12.42,0.53,10.06,22.86,91.619,87.083,6.58,4.22,16.19,1.94,40.019,2.1,100.0,37.346,False,,0.0,71.987,0.0,0.0,0.0,0.733,4.31,5.0,0.06,0.525,20.0,0.33,93.493,87.913,90.346,85.925,39.708,100.0,39.354,30.0,5.26,93.211,88.287,94.934,90.231,40.106,100.0,68.865,7.026,8.432,95.231,88.079,3.94,MODERATE
539,2026-06-06 14:45:00+00:00,14,5,-0.5,-0.866025,-0.974928,-0.222521,True,False,EVENING,4.0,8.0,15.0,46.0,97.0,252.0,0.0,0.0,0.0,6.72,5.014,88.0,7.47,88.002,93.433,12.0,0.53,10.26,23.29,90.286,85.868,6.63,4.2,16.17,1.95,40.125,2.16,100.0,37.373,False,,0.0,71.797,0.0,0.0,0.0,0.733,4.31,6.0,0.07,0.54,22.0,5.02,93.935,88.08,100.0,97.014,40.912,100.0,67.664,27.0,4.03,93.398,88.414,92.57,88.041,40.351,100.0,61.553,7.158,5.749,95.973,88.372,4.64,MODERATE
540,2026-06-06 15:00:00+00:00,15,5,-0.707107,-0.707107,-0.974928,-0.222521,True,False,EVENING,3.0,7.0,15.0,44.0,94.0,251.0,0.0,0.0,0.0,5.04,5.997,87.79,7.45,87.789,93.1,12.21,0.55,10.26,23.29,90.068,85.661,6.55,4.18,16.27,1.93,39.739,2.06,100.0,37.24,False,,0.0,71.598,0.0,0.0,0.0,0.651,4.31,3.0,0.07,0.515,16.0,5.74,94.128,88.268,93.211,88.65,42.118,100.0,72.116,29.0,0.83,93.563,88.912,91.604,87.121,41.432,62.15,42.408,7.04,7.937,95.588,88.178,4.54,MODERATE
541,2026-06-06 15:15:00+00:00,15,5,-0.707107,-0.707107,-0.974928,-0.222521,True,False,EVENING,6.0,9.0,17.0,44.0,98.0,255.0,1.66,0.0,0.0,7.294,7.094,87.83,7.46,87.826,93.264,12.17,0.54,9.88,22.46,94.328,89.607,6.5,4.22,16.28,1.93,39.711,2.43,100.0,47.256,False,,3.6,73.683,1.66,1.66,1.66,0.754,4.31,4.0,0.38,1.022,12.0,4.52,93.929,88.164,100.0,98.76,41.558,100.0,64.667,30.0,3.74,93.353,88.844,92.877,88.332,39.353,100.0,59.779,7.117,6.773,95.798,88.247,5.23,MODERATE
542,2026-06-06 15:30:00+00:00,15,5,-0.707107,-0.707107,-0.974928,-0.222521,True,False,EVENING,3.0,9.0,16.0,41.0,94.0,256.0,0.33,0.15,0.1493,7.278,6.856,87.91,7.48,87.913,93.493,12.09,0.52,10.26,23.29,90.346,85.925,6.51,4.21,16.28,1.93,39.708,2.33,100.0,39.354,False,,0.7,71.977,-1.3299999999999998,0.33,0.33,0.775,4.31,1.0,0.23,0.665,16.0,5.26,93.211,88.287,94.934,90.231,40.106,100.0,68.865,27.0,2.63,94.649,88.869,92.391,87.87,39.394,100.0,53.653,7.088,6.349,95.857,88.427,4.81,MODERATE
543,2026-06-06 15:45:00+00:00,15,5,-0.707107,-0.707107,-0.974928,-0.222521,True,False,EVENING,9.0,12.0,21.0,45.0,99.0,262.0,5.02,0.03,0.0059,7.243,6.434,88.08,7.51,88.08,93.935,11.92,0.49,9.29,21.16,100.0,97.014,6.67,4.38,15.95,1.99,40.912,3.19,100.0,67.664,False,,11.1,77.701,4.6899999999999995,3.3599999999999994,5.02,1.089,5.02,6.0,1.03,2.052,14.0,4.03,93.398,88.414,92.57,88.041,40.351,100.0,61.553,30.0,0.54,94.695,88.978,91.538,87.058,37.43,89.45,41.122,7.021,8.056,95.662,88.184,5.35,MODERATE
544,2026-06-06 16:00:00+00:00,16,5,-0.866025,-0.5,-0.974928,-0.222521,True,False,EVENING,5.0,14.0,23.0,50.0,100.0,265.0,5.74,0.45,0.0786,7.175,6.362,88.27,7.53,88.268,94.128,11.73,0.47,10.26,23.29,93.211,88.65,6.83,4.54,15.63,2.05,42.118,3.4,100.0,72.116,False,,12.8,76.532,0.7200000000000006,5.41,5.74,1.419,5.74,8.0,1.34,2.285,13.0,0.83,93.563,88.912,91.604,87.121,41.432,62.15,42.408,34.0,3.47,95.052,89.101,100.0,97.646,38.248,100.0,58.862,7.113,6.406,96.405,88.301,4.76,MODERATE
545,2026-06-06 16:15:00+00:00,16,5,-0.866025,-0.5,-0.974928,-0.222521,True,False,EVENING,3.0,8.0,20.0,50.0,99.0,268.0,4.52,0.52,0.1145,7.103,7.58,88.16,7.51,88.164,93.929,11.84,0.49,9.11,20.76,100.0,98.76,6.6,4.62,15.78,2.02,41.558,3.3,100.0,64.667,False,,10.1,77.666,-1.2200000000000006,-0.5,2.8599999999999994,1.576,5.74,3.0,0.87,1.955,19.0,3.74,93.353,88.844,92.877,88.332,39.353,100.0,59.779,30.0,1.44,95.933,88.98,92.846,88.277,38.761,92.183,46.99,7.06,4.92,95.682,88.894,5.14,MODERATE
546,2026-06-06 16:30:00+00:00,16,5,-0.866025,-0.5,-0.974928,-0.222521,True,False,EVENING,5.0,8.0,22.0,53.0,100.0,268.0,5.26,0.41,0.0772,7.144,6.885,88.29,7.46,88.287,93.211,11.71,0.54,10.05,22.83,94.934,90.231,6.12,4.71,16.17,1.95,40.106,3.52,100.0,68.865,False,,11.8,76.261,0.7400000000000002,-0.4800000000000004,4.93,1.68,5.74,6.0,1.19,2.195,14.0,2.63,94.649,88.869,92.391,87.87,39.394,100.0,53.653,34.0,0.0,94.847,89.049,91.361,86.89,40.396,89.55,37.939,6.851,7.627,94.857,88.766,5.04,MODERATE
547,2026-06-06 16:45:00+00:00,16,5,-0.866025,-0.5,-0.974928,-0.222521,True,False,EVENING,3.0,8.0,16.0,52.0,99.0,267.0,4.03,0.47,0.1175,7.109,6.54,88.41,7.47,88.414,93.398,11.59,0.53,10.26,23.29,92.57,88.041,6.16,4.73,16.11,1.96,40.351,3.41,100.0,61.553,False,,9.1,75.015,-1.2299999999999995,-0.4899999999999993,-0.9899999999999993,1.662,5.74,-5.0,0.22,1.86,13.0,0.54,94.695,88.978,91.538,87.058,37.43,89.45,41.122,34.0,0.95,95.293,88.748,91.49,87.013,39.848,100.0,43.815,6.909,6.145,94.572,88.98,5.25,MODERATE
548,2026-06-06 17:00:00+00:00,17,5,-0.965926,-0.258819,-0.974928,-0.222521,True,False,EVENING,1.0,4.0,12.0,50.0,94.0,267.0,0.83,0.36,0.3629,7.059,5.012,88.91,7.49,88.912,93.563,11.09,0.51,10.26,23.29,91.604,87.121,6.55,4.64,15.81,2.01,41.432,2.99,62.15,42.408,False,,1.9,69.574,-3.2,-4.43,-4.91,1.712,5.74,-11.0,-0.41,0.955,16.0,3.47,95.052,89.101,100.0,97.646,38.248,100.0,58.862,37.0,0.0,94.287,88.265,96.046,91.175,41.609,89.083,37.715,6.834,7.81,95.177,88.688,5.47,NORMAL
549,2026-06-06 17:15:00+00:00,17,5,-0.965926,-0.258819,-0.974928,-0.222521,True,False,EVENING,7.0,8.0,16.0,53.0,98.0,272.0,3.74,0.07,0.02,6.873,7.211,88.84,7.47,88.844,93.353,11.16,0.53,10.26,23.29,92.877,88.332,5.96,4.67,16.37,1.91,39.353,3.53,100.0,59.779,False,,8.7,74.897,2.91,-0.29000000000000004,-0.7799999999999994,1.946,5.74,-4.0,0.23,1.818,11.0,1.44,95.933,88.98,92.846,88.277,38.761,92.183,46.99,38.0,0.0,95.162,88.169,90.458,86.031,40.698,100.0,38.065,6.934,6.875,95.246,88.697,4.89,MODERATE
550,2026-06-06 17:30:00+00:00,17,5,-0.965926,-0.258819,-0.974928,-0.222521,True,False,EVENING,3.0,10.0,14.0,52.0,98.0,271.0,2.63,0.34,0.1279,6.9,6.388,88.87,7.57,88.869,94.649,11.13,0.43,10.26,23.29,92.391,87.87,5.98,4.66,16.36,1.91,39.394,3.42,100.0,53.653,False,,6.1,74.341,-1.1100000000000003,1.7999999999999998,-2.63,2.11,5.74,-8.0,-0.1,1.512,13.0,0.0,94.847,89.049,91.361,86.89,40.396,89.55,37.939,42.0,1.76,95.826,88.148,100.0,100.0,40.915,100.0,48.882,6.893,6.522,94.589,88.842,4.62,MODERATE
551,2026-06-06 17:45:00+00:00,17,5,-0.965926,-0.258819,-0.974928,-0.222521,True,False,EVENING,2.0,5.0,13.0,50.0,96.0,270.0,0.54,0.24,0.2369,6.874,6.421,88.98,7.58,88.978,94.695,11.02,0.42,10.26,23.29,91.538,87.058,5.52,4.58,16.89,1.82,37.43,3.16,89.45,41.122,False,,1.3,71.71,-2.09,-3.2,-3.49,2.144,5.74,-3.0,-0.25,0.925,17.0,0.95,95.293,88.748,91.49,87.013,39.848,100.0,43.815,37.0,3.52,95.743,88.493,92.414,87.892,42.304,100.0,59.404,1.68,6.259,92.251,87.884,4.2,MODERATE
552,2026-06-06 18:00:00+00:00,18,5,-1.0,-0.0,-0.974928,-0.222521,True,False,EVENING,7.0,9.0,19.0,54.0,98.0,272.0,3.47,0.05,0.014,6.833,6.228,89.1,7.6,89.101,95.052,10.9,0.4,9.26,21.1,100.0,97.646,5.7,4.63,16.67,1.86,38.248,3.7,100.0,58.862,False,,8.1,76.993,2.93,0.8400000000000003,2.64,2.361,5.74,7.0,0.71,1.792,18.0,0.0,94.287,88.265,96.046,91.175,41.609,89.083,37.715,38.0,2.35,95.119,88.548,93.82,89.172,42.152,100.0,52.16,,,,,,MODERATE
553,2026-06-06 18:15:00+00:00,18,5,-1.0,-0.0,-0.974928,-0.222521,True,False,EVENING,2.0,9.0,14.0,50.0,94.0,273.0,1.44,0.31,0.2177,6.783,6.986,88.98,7.67,88.98,95.933,11.02,0.33,10.16,23.07,92.846,88.277,5.87,4.6,16.53,1.88,38.761,3.43,92.183,46.99,False,,3.4,73.204,-2.0300000000000002,0.8999999999999999,-2.3000000000000003,2.451,5.74,-2.0,-0.1,1.218,19.0,0.0,95.162,88.169,90.458,86.031,40.698,100.0,38.065,35.0,4.19,95.107,88.44,92.672,88.137,40.635,100.0,63.204,,,,,,MODERATE
554,2026-06-06 18:30:00+00:00,18,5,-1.0,-0.0,-0.974928,-0.222521,True,False,EVENING,2.0,4.0,13.0,49.0,90.0,273.0,0.0,0.13,0.1292,5.773,5.843,89.05,7.59,89.049,94.847,10.95,0.41,10.26,23.29,91.361,86.89,6.39,4.51,16.09,1.96,40.396,3.17,89.55,37.939,False,,0.0,71.645,-1.44,-3.47,-2.63,2.451,5.74,-1.0,-0.25,0.792,21.0,1.76,95.826,88.148,100.0,100.0,40.915,100.0,48.882,35.0,2.01,95.231,88.079,91.293,86.826,39.555,97.283,50.16,,,,,,MODERATE
555,2026-06-06 18:45:00+00:00,18,5,-1.0,-0.0,-0.974928,-0.222521,True,False,EVENING,5.0,7.0,16.0,45.0,90.0,276.0,0.95,0.0,0.0,6.805,7.865,88.75,7.62,88.748,95.293,11.25,0.38,10.26,23.29,91.49,87.013,6.28,4.48,16.24,1.94,39.848,3.39,100.0,43.815,False,,2.2,73.198,0.95,-0.49,0.4099999999999999,2.51,5.74,3.0,0.23,1.085,17.0,3.52,95.743,88.493,92.414,87.892,42.304,100.0,59.404,36.0,5.75,95.973,88.372,100.0,96.311,41.386,100.0,72.892,,,,,,MODERATE
556,2026-06-06 19:00:00+00:00,19,5,-0.965926,0.258819,-0.974928,-0.222521,True,False,EVENING,2.0,7.0,11.0,42.0,92.0,274.0,0.0,0.09,0.0855,4.955,7.211,88.26,7.54,88.265,94.287,11.74,0.46,9.67,22.0,96.046,91.175,6.82,4.42,15.77,2.02,41.609,3.12,89.083,37.715,False,,0.0,72.505,-0.95,0.0,-3.47,2.51,5.74,-8.0,-0.58,0.78,19.0,2.35,95.119,88.548,93.82,89.172,42.152,100.0,52.16,33.0,4.56,95.588,88.178,100.0,97.418,42.645,100.0,65.595,,,,,,MODERATE
557,2026-06-06 19:15:00+00:00,19,5,-0.965926,0.258819,-0.974928,-0.222521,True,False,EVENING,4.0,6.0,13.0,43.0,93.0,275.0,0.0,0.0,0.0,6.72,6.822,88.17,7.61,88.169,95.162,11.83,0.39,10.26,23.29,90.458,86.031,6.62,4.37,16.01,1.98,40.698,3.18,100.0,38.065,False,,0.0,72.271,0.0,-0.95,-1.44,2.406,5.74,-1.0,-0.25,0.795,19.0,4.19,95.107,88.44,92.672,88.137,40.635,100.0,63.204,35.0,8.32,95.798,88.247,94.381,89.762,45.369,100.0,88.262,,,,,,MODERATE
558,2026-06-06 19:30:00+00:00,19,5,-0.965926,0.258819,-0.974928,-0.222521,True,False,EVENING,6.0,10.0,17.0,44.0,97.0,277.0,1.76,0.0,0.0,7.126,6.996,88.15,7.67,88.148,95.826,11.85,0.33,6.87,15.84,100.0,100.0,6.64,4.4,15.95,1.99,40.915,3.56,100.0,48.882,False,,3.9,76.367,1.76,1.76,1.76,2.496,5.74,4.0,0.39,1.33,21.0,2.01,95.231,88.079,91.293,86.826,39.555,97.283,50.16,27.0,5.1,95.857,88.427,94.306,89.655,46.23,80.35,68.97,,,,,,MODERATE
559,2026-06-06 19:45:00+00:00,19,5,-0.965926,0.258819,-0.974928,-0.222521,True,False,EVENING,6.0,12.0,18.0,47.0,99.0,280.0,3.52,0.16,0.045,7.124,5.773,88.49,7.66,88.493,95.743,11.51,0.34,10.26,23.29,92.414,87.892,6.93,4.49,15.58,2.06,42.304,3.93,100.0,59.404,False,,7.9,75.314,1.76,3.52,2.5700000000000003,2.402,5.74,2.0,0.54,1.862,20.0,5.75,95.973,88.372,100.0,96.311,41.386,100.0,72.892,28.0,7.93,95.662,88.184,100.0,98.374,45.872,100.0,85.817,,,,,,MODERATE
560,2026-06-06 20:00:00+00:00,20,5,-0.866025,0.5,-0.974928,-0.222521,True,False,EVENING,3.0,9.0,19.0,49.0,99.0,279.0,2.35,0.32,0.1346,6.998,6.979,88.55,7.61,88.548,95.119,11.45,0.39,10.05,22.84,93.82,89.172,6.87,4.51,15.62,2.05,42.152,3.83,100.0,52.16,False,,5.4,74.761,-1.17,0.5900000000000001,2.35,2.19,5.26,8.0,0.71,1.545,19.0,4.56,95.588,88.178,100.0,97.418,42.645,100.0,65.595,22.0,3.69,96.405,88.301,100.0,100.0,45.54,54.283,60.709,,,,,,MODERATE
561,2026-06-06 20:15:00+00:00,20,5,-0.866025,0.5,-0.974928,-0.222521,True,False,EVENING,6.0,9.0,21.0,48.0,101.0,281.0,4.19,0.21,0.0505,6.986,7.421,88.44,7.61,88.44,95.107,11.56,0.39,10.26,23.29,92.672,88.137,6.37,4.6,16.03,1.97,40.635,4.21,100.0,63.204,False,,9.6,75.514,1.8400000000000003,0.6700000000000004,4.19,2.169,5.26,8.0,1.03,2.1,16.0,8.32,95.798,88.247,94.381,89.762,45.369,100.0,88.262,22.0,5.49,95.682,88.894,100.0,100.0,45.268,100.0,71.205,,,,,,MODERATE
562,2026-06-06 20:30:00+00:00,20,5,-0.866025,0.5,-0.974928,-0.222521,True,False,EVENING,2.0,8.0,17.0,47.0,99.0,280.0,2.01,0.38,0.1877,7.026,8.432,88.08,7.62,88.079,95.231,11.92,0.38,10.26,23.29,91.293,86.826,6.09,4.59,16.32,1.92,39.555,3.94,97.283,50.16,False,,4.6,73.4,-2.1800000000000006,-0.3400000000000003,0.24999999999999978,1.966,4.19,0.0,0.38,1.487,14.0,5.1,95.857,88.427,94.306,89.655,46.23,80.35,68.97,16.0,4.41,94.857,88.766,100.0,100.0,45.112,100.0,64.408,,,,,,MODERATE
563,2026-06-06 20:45:00+00:00,20,5,-0.866025,0.5,-0.974928,-0.222521,True,False,EVENING,8.0,10.0,19.0,53.0,103.0,285.0,5.75,0.18,0.0315,7.158,5.749,88.37,7.68,88.372,95.973,11.63,0.32,9.43,21.46,100.0,96.311,6.45,4.72,15.83,2.01,41.386,4.64,100.0,72.892,False,,12.8,78.599,3.74,1.5599999999999996,2.23,2.074,5.75,1.0,0.71,2.598,16.0,7.93,95.662,88.184,100.0,98.374,45.872,100.0,85.817,13.0,5.3,94.572,88.98,100.0,100.0,43.812,100.0,69.619,,,,,,MODERATE
564,2026-06-06 21:00:00+00:00,21,5,-0.707107,0.707107,-0.974928,-0.222521,True,False,EVENING,3.0,11.0,19.0,49.0,103.0,286.0,4.56,0.52,0.1135,7.04,7.937,88.18,7.65,88.178,95.588,11.82,0.35,9.24,21.05,100.0,97.418,6.73,4.78,15.49,2.07,42.645,4.54,100.0,65.595,False,,10.3,77.963,-1.1900000000000004,2.55,2.2099999999999995,2.307,5.75,0.0,0.71,2.275,14.0,3.69,96.405,88.301,100.0,100.0,45.54,54.283,60.709,8.0,6.23,95.177,88.688,100.0,100.0,43.21,100.0,75.454,,,,,,MODERATE
565,2026-06-06 21:15:00+00:00,21,5,-0.707107,0.707107,-0.974928,-0.222521,True,False,EVENING,8.0,11.0,21.0,55.0,105.0,286.0,8.32,0.41,0.0493,7.117,6.773,88.25,7.66,88.247,95.798,11.75,0.34,10.26,23.29,94.381,89.762,7.28,4.97,14.75,2.2,45.369,5.23,100.0,88.262,False,,18.7,79.079,3.7600000000000007,2.5700000000000003,4.13,2.593,8.32,0.0,1.02,3.388,19.0,5.49,95.682,88.894,100.0,100.0,45.268,100.0,71.205,3.0,2.1,95.246,88.697,100.0,100.0,42.975,55.517,50.718,,,,,,MODERATE
566,2026-06-06 21:30:00+00:00,21,5,-0.707107,0.707107,-0.974928,-0.222521,True,False,EVENING,1.0,9.0,20.0,54.0,103.0,286.0,5.1,0.75,0.1468,7.088,6.349,88.43,7.67,88.427,95.857,11.57,0.33,10.13,23.0,94.306,89.655,7.48,5.0,14.52,2.25,46.23,4.81,80.35,68.97,False,,11.5,75.357,-3.2200000000000006,0.54,3.09,2.747,8.32,3.0,0.87,2.478,13.0,4.41,94.857,88.766,100.0,100.0,45.112,100.0,64.408,3.0,0.0,94.589,88.842,100.0,100.0,41.705,100.0,37.836,,,,,,MODERATE
567,2026-06-06 21:45:00+00:00,21,5,-0.707107,0.707107,-0.974928,-0.222521,True,False,EVENING,7.0,8.0,19.0,56.0,101.0,293.0,7.93,0.46,0.058,7.021,8.056,88.18,7.65,88.184,95.662,11.82,0.35,9.31,21.2,100.0,98.374,7.26,5.13,14.61,2.23,45.872,5.35,100.0,85.817,False,,18.0,80.541,2.83,-0.39000000000000057,2.1799999999999997,3.209,8.32,0.0,0.71,3.32,12.0,5.3,94.572,88.98,100.0,100.0,43.812,100.0,69.619,1.0,0.0,92.251,87.884,100.0,100.0,43.126,74.25,36.9,,,,,,MODERATE
568,2026-06-06 22:00:00+00:00,22,5,-0.5,0.866025,-0.974928,-0.222521,True,False,NIGHT,0.0,7.0,16.0,54.0,96.0,290.0,3.69,0.71,0.1932,7.113,6.406,88.3,7.71,88.301,96.405,11.7,0.29,6.27,17.99,100.0,100.0,7.21,5.09,14.7,2.21,45.54,4.76,54.283,60.709,False,,8.3,74.053,-4.24,-1.4099999999999997,-0.8699999999999997,3.223,8.32,-3.0,0.22,2.112,8.0,6.23,95.177,88.688,100.0,100.0,43.21,100.0,75.454,,,,,,,,,,,,,,,MODERATE
569,2026-06-06 22:15:00+00:00,22,5,-0.5,0.866025,-0.974928,-0.222521,True,False,NIGHT,6.0,6.0,14.0,56.0,99.0,294.0,5.49,0.33,0.0605,7.06,4.92,88.89,7.65,88.894,95.682,11.11,0.35,6.27,17.99,100.0,100.0,7.11,5.11,14.78,2.2,45.268,5.14,100.0,71.205,False,,12.4,79.281,1.8000000000000003,-2.4399999999999995,-2.83,3.476,8.32,-7.0,-0.09,2.657,3.0,2.1,95.246,88.697,100.0,100.0,42.975,55.517,50.718,,,,,,,,,,,,,,,MODERATE
570,2026-06-06 22:30:00+00:00,22,5,-0.5,0.866025,-0.974928,-0.222521,True,False,NIGHT,3.0,9.0,16.0,53.0,97.0,296.0,4.41,0.49,0.112,6.851,7.627,88.77,7.59,88.766,94.857,11.23,0.41,6.27,17.99,100.0,100.0,7.1,5.08,14.82,2.19,45.112,5.04,100.0,64.408,False,,10.3,78.382,-1.08,0.7200000000000002,-0.6899999999999995,3.752,8.32,-4.0,0.23,2.362,3.0,0.0,94.589,88.842,100.0,100.0,41.705,100.0,37.836,,,,,,,,,,,,,,,MODERATE
571,2026-06-06 22:45:00+00:00,22,5,-0.5,0.866025,-0.974928,-0.222521,True,False,NIGHT,5.0,8.0,14.0,52.0,99.0,300.0,5.3,0.4,0.0749,6.909,6.145,88.98,7.57,88.98,94.572,11.02,0.43,6.27,17.99,100.0,100.0,6.74,5.09,15.17,2.13,43.812,5.25,100.0,69.619,False,,12.2,78.825,0.8899999999999997,-0.1900000000000004,-2.63,4.024,8.32,-5.0,-0.1,2.638,1.0,0.0,92.251,87.884,100.0,100.0,43.126,74.25,36.9,,,,,,,,,,,,,,,MODERATE
572,2026-06-06 23:00:00+00:00,23,5,-0.258819,0.965926,-0.974928,-0.222521,True,False,NIGHT,5.0,10.0,19.0,54.0,103.0,305.0,6.23,0.48,0.0765,6.834,7.81,88.69,7.61,88.688,95.177,11.31,0.39,6.27,17.99,100.0,100.0,6.54,5.13,15.33,2.1,43.21,5.47,100.0,75.454,False,,14.6,79.423,0.9300000000000006,1.8200000000000003,2.5400000000000005,4.413,8.32,3.0,0.71,2.925,,,,,,,,,,,,,,,,,,,,,,,,MODERATE
573,2026-06-06 23:15:00+00:00,23,5,-0.258819,0.965926,-0.974928,-0.222521,True,False,NIGHT,0.0,5.0,13.0,48.0,96.0,302.0,2.1,0.56,0.2666,6.934,6.875,88.7,7.62,88.697,95.246,11.3,0.38,5.33,15.93,100.0,100.0,6.58,5.02,15.4,2.09,42.975,4.89,55.517,50.718,False,,4.8,72.771,-4.130000000000001,-3.1999999999999997,-3.39,4.544,8.32,-1.0,-0.25,1.748,,,,,,,,,,,,,,,,,,,,,,,,MODERATE
574,2026-06-06 23:30:00+00:00,23,5,-0.258819,0.965926,-0.974928,-0.222521,True,False,NIGHT,2.0,2.0,12.0,48.0,95.0,301.0,0.0,0.19,0.1893,6.893,6.522,88.84,7.57,88.842,94.589,11.16,0.43,6.27,17.99,100.0,100.0,6.41,4.85,15.74,2.03,41.705,4.62,100.0,37.836,False,,0.0,75.216,-2.1,-6.23,-4.41,4.434,8.32,-4.0,-0.42,1.155,,,,,,,,,,,,,,,,,,,,,,,,MODERATE
575,2026-06-06 23:45:00+00:00,23,5,-0.258819,0.965926,-0.974928,-0.222521,True,False,NIGHT,1.0,3.0,8.0,41.0,94.0,301.0,0.0,0.0,0.0,1.68,6.259,87.88,7.38,87.884,92.251,12.12,0.62,6.27,17.99,100.0,100.0,6.95,4.69,15.36,2.1,43.126,4.2,74.25,36.9,False,,0.0,72.349,0.0,-2.1,-5.3,4.214,8.32,-6.0,-1.05,1.05,,,,,,,,,,,,,,,,,,,,,,,,MODERATE
