step,timestamp,hour_of_day,day_of_week,hour_sin,hour_cos,dow_sin,dow_cos,is_weekend,is_holiday,shift_block,arrivals_15m,arrivals_30m,arrivals_1h,arrivals_3h,arrivals_6h,arrivals_24h,current_queue,critical_queue,priority_mix_critical,admissions_rate_1h,discharge_rate_1h,occupied_beds,occupied_icu,bed_occupancy,icu_occupancy,available_beds,available_icu,available_doctors,available_nurses,doctor_utilisation,nurse_utilisation,ventilators_in_use,monitors_in_use,available_equipment,reserved_equipment,equipment_utilisation,ot_backlog,ot_utilisation,emergency_resource_pressure,surge_active,surge_kind,waiting_minutes_mean,pressure_index,queue_change_15m,queue_change_30m,queue_change_1h,rolling_queue_mean,rolling_queue_max,arrival_rate_trend,ot_backlog_change_1h,queue_backlog_pressure,target_arrivals_1h,target_queue_1h,target_icu_occupancy_1h,target_bed_occupancy_1h,target_doctor_utilisation_1h,target_nurse_utilisation_1h,target_equipment_utilisation_1h,target_ot_utilisation_1h,target_emergency_resource_pressure_1h,target_arrivals_2h,target_queue_2h,target_icu_occupancy_2h,target_bed_occupancy_2h,target_doctor_utilisation_2h,target_nurse_utilisation_2h,target_equipment_utilisation_2h,target_ot_utilisation_2h,target_emergency_resource_pressure_2h,target_admissions_6h,target_discharges_6h,target_icu_occupancy_6h,target_bed_occupancy_6h,target_ot_backlog_6h,pressure_label
0,2026-06-01 00:00:00+00:00,0,0,0.0,1.0,0.0,1.0,False,False,NIGHT,2.0,2.0,2.0,2.0,2.0,2.0,4.36,0.72,0.1651,9.475,0.879,58.86,5.29,79.543,66.093,15.14,2.71,2.71,9.29,100.0,100.0,6.11,4.74,11.15,1.95,49.333,6.15,100.0,52.597,False,,7.3,70.948,0.0,0.0,0.0,4.36,4.36,0.0,0.0,2.628,7.0,0.0,74.525,83.35,100.0,100.0,42.497,100.0,29.81,8.0,0.0,73.931,81.982,100.0,100.0,40.158,100.0,29.572,1.68,4.438,83.07,82.179,8.55,MODERATE
1,2026-06-01 00:15:00+00:00,0,0,0.0,1.0,0.0,1.0,False,False,NIGHT,2.0,4.0,4.0,4.0,4.0,4.0,1.16,0.39,0.3388,8.739,1.985,60.27,5.57,81.446,69.592,13.73,2.43,4.18,12.52,100.0,100.0,5.58,4.44,11.97,1.8,45.572,6.31,100.0,34.786,False,,2.1,69.68,-3.2,0.0,0.0,2.76,4.36,0.0,0.0,1.868,5.0,0.0,74.8,83.494,100.0,100.0,39.453,100.0,29.92,9.0,0.0,73.99,81.362,100.0,100.0,40.533,100.0,29.596,6.72,3.953,85.503,82.85,9.03,NORMAL
2,2026-06-01 00:30:00+00:00,0,0,0.0,1.0,0.0,1.0,False,False,NIGHT,3.0,5.0,7.0,7.0,7.0,7.0,0.0,0.1,0.1042,6.986,2.07,61.26,5.81,82.783,72.589,12.74,2.19,3.53,11.09,100.0,100.0,5.77,4.19,12.03,1.79,45.296,6.62,100.0,29.036,False,,0.0,69.807,-1.16,-4.36,0.0,1.84,4.36,0.0,0.0,1.655,4.0,0.0,75.692,83.105,100.0,100.0,41.605,100.0,30.277,11.0,0.0,72.997,81.067,100.0,100.0,42.075,100.0,29.199,0.0,3.916,83.896,81.701,8.86,NORMAL
3,2026-06-01 00:45:00+00:00,0,0,0.0,1.0,0.0,1.0,False,False,NIGHT,2.0,5.0,9.0,9.0,9.0,9.0,0.0,0.0,0.0,3.36,1.775,61.58,5.88,83.217,73.528,12.42,2.12,4.18,12.52,100.0,100.0,5.5,4.0,12.5,1.71,43.191,6.77,100.0,29.411,False,,0.0,69.901,0.0,-1.16,0.0,1.38,4.36,0.0,0.0,1.692,4.0,0.0,76.24,82.98,100.0,100.0,39.825,100.0,30.496,12.0,0.0,73.795,81.649,100.0,100.0,41.763,100.0,29.518,1.68,1.906,81.99,81.831,8.85,NORMAL
4,2026-06-01 01:00:00+00:00,1,0,0.258819,0.965926,0.0,1.0,False,False,NIGHT,2.0,4.0,9.0,11.0,11.0,11.0,0.0,0.0,0.0,3.36,2.647,61.68,5.96,83.35,74.525,12.32,2.04,3.84,11.77,100.0,100.0,5.49,3.86,12.65,1.68,42.497,6.93,100.0,29.81,False,,0.0,70.067,0.0,0.0,-4.36,1.104,4.36,7.0,0.78,1.732,4.0,0.0,73.931,81.982,100.0,100.0,40.158,100.0,29.572,10.0,0.0,73.966,81.131,100.0,100.0,40.137,100.0,29.586,6.72,0.802,83.119,83.708,9.33,MODERATE
5,2026-06-01 01:15:00+00:00,1,0,0.258819,0.965926,0.0,1.0,False,False,NIGHT,2.0,4.0,9.0,13.0,13.0,13.0,0.0,0.0,0.0,3.36,2.845,61.79,5.98,83.494,74.8,12.21,2.02,4.18,12.52,100.0,100.0,4.93,3.74,13.32,1.56,39.453,7.08,100.0,29.92,False,,0.0,69.879,0.0,0.0,-1.16,0.92,4.36,5.0,0.77,1.77,5.0,0.0,73.99,81.362,100.0,100.0,40.533,100.0,29.596,10.0,0.0,72.818,80.962,100.0,100.0,39.397,100.0,29.127,5.04,2.906,84.101,84.323,9.64,NORMAL
6,2026-06-01 01:30:00+00:00,1,0,0.258819,0.965926,0.0,1.0,False,False,NIGHT,1.0,3.0,7.0,14.0,14.0,14.0,0.0,0.0,0.0,1.68,2.546,61.5,6.06,83.105,75.692,12.5,1.94,4.18,12.52,100.0,100.0,5.49,3.66,12.85,1.65,41.605,7.07,100.0,30.277,False,,0.0,70.166,0.0,0.0,0.0,0.789,4.36,0.0,0.45,1.768,4.0,0.0,72.997,81.067,100.0,100.0,42.075,100.0,29.199,13.0,0.0,74.595,81.81,100.0,100.0,38.736,100.0,29.838,5.04,3.547,84.481,84.786,9.95,MODERATE
7,2026-06-01 01:45:00+00:00,1,0,0.258819,0.965926,0.0,1.0,False,False,NIGHT,2.0,3.0,7.0,16.0,16.0,16.0,0.0,0.0,0.0,3.36,3.554,61.41,6.1,82.98,76.24,12.59,1.9,3.35,10.69,100.0,100.0,5.16,3.6,13.24,1.58,39.825,7.23,100.0,30.496,False,,0.0,70.088,0.0,0.0,0.0,0.69,4.36,-2.0,0.46,1.808,6.0,0.0,73.795,81.649,100.0,100.0,41.763,100.0,29.518,15.0,0.0,74.332,81.119,100.0,100.0,38.478,100.0,29.733,7.058,4.295,86.833,85.465,10.59,MODERATE
8,2026-06-01 02:00:00+00:00,2,0,0.5,0.866025,0.0,1.0,False,False,NIGHT,0.0,2.0,5.0,16.0,16.0,16.0,0.0,0.0,0.0,0.0,3.692,60.67,5.91,81.982,73.931,13.33,2.09,4.18,12.52,100.0,100.0,5.3,3.53,13.17,1.59,40.158,7.06,100.0,29.572,False,,0.0,69.436,0.0,0.0,0.0,0.613,4.36,-4.0,0.13,1.765,4.0,0.0,73.966,81.131,100.0,100.0,40.137,100.0,29.586,17.0,0.0,73.731,80.546,100.0,100.0,38.763,100.0,29.492,6.382,4.17,88.712,86.01,10.9,NORMAL
9,2026-06-01 02:15:00+00:00,2,0,0.5,0.866025,0.0,1.0,False,False,NIGHT,1.0,1.0,4.0,17.0,17.0,17.0,0.0,0.0,0.0,1.68,3.498,60.21,5.92,81.362,73.99,13.79,2.08,3.85,11.79,100.0,100.0,5.44,3.48,13.08,1.61,40.533,7.05,100.0,29.596,False,,0.0,69.346,0.0,0.0,0.0,0.552,4.36,-5.0,-0.03,1.762,4.0,0.0,72.818,80.962,100.0,100.0,39.397,100.0,29.127,17.0,0.0,76.089,80.81,100.0,100.0,38.148,100.0,30.435,3.36,4.601,88.722,85.589,11.05,NORMAL
10,2026-06-01 02:30:00+00:00,2,0,0.5,0.866025,0.0,1.0,False,False,NIGHT,1.0,2.0,4.0,18.0,18.0,18.0,0.0,0.0,0.0,1.68,2.872,59.99,5.84,81.067,72.997,14.01,2.16,4.18,12.52,100.0,100.0,5.83,3.42,12.74,1.67,42.075,7.05,100.0,29.199,False,,0.0,69.221,0.0,0.0,0.0,0.502,4.36,-3.0,-0.02,1.762,7.0,0.0,74.595,81.81,100.0,100.0,38.736,100.0,29.838,18.0,0.0,77.827,80.93,100.0,100.0,38.717,100.0,31.131,3.36,3.261,88.049,85.695,11.21,NORMAL
11,2026-06-01 02:45:00+00:00,2,0,0.5,0.866025,0.0,1.0,False,False,NIGHT,2.0,3.0,4.0,20.0,20.0,20.0,0.0,0.0,0.0,3.36,1.381,60.42,5.9,81.649,73.795,13.58,2.1,4.18,12.52,100.0,100.0,5.8,3.39,12.81,1.65,41.763,7.2,100.0,29.518,False,,0.0,69.48,0.0,0.0,0.0,0.46,4.36,-3.0,-0.03,1.8,6.0,0.0,74.332,81.119,100.0,100.0,38.478,100.0,29.733,16.0,0.0,76.985,80.17,100.0,100.0,37.655,100.0,30.794,6.72,4.17,90.164,86.328,11.68,NORMAL
12,2026-06-01 03:00:00+00:00,3,0,0.707107,0.707107,0.0,1.0,False,False,NIGHT,1.0,3.0,5.0,19.0,21.0,21.0,0.0,0.0,0.0,1.68,3.159,60.04,5.92,81.131,73.966,13.96,2.08,4.18,12.52,100.0,100.0,5.47,3.36,13.17,1.59,40.137,7.19,100.0,29.586,False,,0.0,69.254,0.0,0.0,0.0,0.425,4.36,0.0,0.13,1.798,6.0,0.0,73.731,80.546,100.0,100.0,38.763,100.0,29.492,17.0,0.0,77.878,80.204,100.0,100.0,36.177,100.0,31.151,5.04,4.324,90.297,86.556,11.99,NORMAL
13,2026-06-01 03:15:00+00:00,3,0,0.707107,0.707107,0.0,1.0,False,False,NIGHT,0.0,1.0,4.0,17.0,21.0,21.0,0.0,0.0,0.0,0.0,0.866,59.91,5.83,80.962,72.818,14.09,2.17,3.94,12.0,100.0,100.0,5.34,3.33,13.33,1.56,39.397,7.03,100.0,29.127,False,,0.0,68.921,0.0,0.0,0.0,0.394,4.36,0.0,-0.02,1.758,6.0,0.0,76.089,80.81,100.0,100.0,38.148,100.0,30.435,20.0,0.0,80.047,81.238,100.0,100.0,38.222,100.0,32.019,6.495,4.36,92.267,87.064,12.79,NORMAL
14,2026-06-01 03:30:00+00:00,3,0,0.707107,0.707107,0.0,1.0,False,False,NIGHT,3.0,3.0,6.0,17.0,24.0,24.0,0.0,0.0,0.0,5.04,1.961,60.54,5.97,81.81,74.595,13.46,2.03,4.04,12.2,100.0,100.0,5.2,3.32,13.48,1.53,38.736,7.34,100.0,29.838,False,,0.0,69.403,0.0,0.0,0.0,0.368,4.36,2.0,0.29,1.835,6.0,0.0,77.827,80.93,100.0,100.0,38.717,100.0,31.131,20.0,0.19,83.701,82.594,100.0,100.0,39.704,100.0,34.596,6.33,6.786,93.166,86.813,13.42,NORMAL
15,2026-06-01 03:45:00+00:00,3,0,0.707107,0.707107,0.0,1.0,False,False,NIGHT,0.0,3.0,4.0,15.0,24.0,24.0,0.0,0.0,0.0,0.0,2.132,60.03,5.95,81.119,74.332,13.97,2.05,4.18,12.52,100.0,100.0,5.15,3.31,13.53,1.52,38.478,7.17,100.0,29.733,False,,0.0,69.176,0.0,0.0,0.0,0.345,4.36,0.0,-0.03,1.792,9.0,0.0,76.985,80.17,100.0,100.0,37.655,100.0,30.794,18.0,0.0,83.818,83.029,100.0,100.0,38.848,100.0,33.527,6.387,5.825,93.188,87.0,13.73,NORMAL
16,2026-06-01 04:00:00+00:00,4,0,0.866025,0.5,0.0,1.0,False,False,NIGHT,1.0,1.0,4.0,14.0,25.0,25.0,0.0,0.0,0.0,1.68,3.568,59.6,5.9,80.546,73.731,14.4,2.1,4.18,12.52,100.0,100.0,5.23,3.3,13.47,1.54,38.763,7.17,100.0,29.492,False,,0.0,68.955,0.0,0.0,0.0,0.072,1.16,-1.0,-0.02,1.792,11.0,0.0,77.878,80.204,100.0,100.0,36.177,100.0,31.151,21.0,0.0,83.07,82.179,80.217,72.452,41.603,100.0,33.228,6.335,4.107,92.648,87.811,14.05,NORMAL
17,2026-06-01 04:15:00+00:00,4,0,0.866025,0.5,0.0,1.0,False,False,NIGHT,3.0,4.0,7.0,15.0,28.0,28.0,0.0,0.0,0.0,5.04,3.503,59.8,6.09,80.81,76.089,14.2,1.91,4.18,12.52,100.0,100.0,5.09,3.31,13.61,1.51,38.148,7.48,100.0,30.435,False,,0.0,69.429,0.0,0.0,0.0,0.0,0.0,3.0,0.45,1.87,11.0,0.0,80.047,81.238,100.0,100.0,38.222,100.0,32.019,23.0,0.0,85.503,82.85,80.872,73.044,44.689,100.0,34.201,3.013,4.741,90.49,87.461,13.88,NORMAL
18,2026-06-01 04:30:00+00:00,4,0,0.866025,0.5,0.0,1.0,False,False,NIGHT,2.0,5.0,6.0,16.0,30.0,30.0,0.0,0.0,0.0,3.36,2.449,59.89,6.23,80.93,77.827,14.11,1.77,4.18,12.52,100.0,100.0,5.19,3.33,13.48,1.53,38.717,7.63,100.0,31.131,False,,0.0,69.855,0.0,0.0,0.0,0.0,0.0,0.0,0.29,1.908,12.0,0.19,83.701,82.594,100.0,100.0,39.704,100.0,34.596,21.0,0.0,83.896,81.701,88.627,79.344,46.016,100.0,33.558,6.245,4.954,91.331,87.806,14.51,NORMAL
19,2026-06-01 04:45:00+00:00,4,0,0.866025,0.5,0.0,1.0,False,False,NIGHT,0.0,2.0,6.0,14.0,30.0,30.0,0.0,0.0,0.0,0.0,2.52,59.33,6.16,80.17,76.985,14.67,1.84,4.18,12.52,100.0,100.0,4.94,3.34,13.72,1.49,37.655,7.47,100.0,30.794,False,,0.0,69.423,0.0,0.0,0.0,0.0,0.0,2.0,0.3,1.868,7.0,0.0,83.818,83.029,100.0,100.0,38.848,100.0,33.527,23.0,0.0,81.99,81.831,79.877,72.145,44.02,100.0,32.796,6.14,5.424,91.535,88.026,14.83,NORMAL
20,2026-06-01 05:00:00+00:00,5,0,0.965926,0.258819,0.0,1.0,False,False,NIGHT,1.0,1.0,6.0,15.0,31.0,31.0,0.0,0.0,0.0,1.68,1.293,59.35,6.23,80.204,77.878,14.65,1.77,4.18,12.52,100.0,100.0,4.6,3.36,14.04,1.43,36.177,7.46,100.0,31.151,False,,0.0,69.476,0.0,0.0,0.0,0.0,0.0,2.0,0.29,1.865,6.0,0.0,83.07,82.179,80.217,72.452,41.603,100.0,33.228,26.0,0.0,83.119,83.708,81.71,73.801,42.791,100.0,33.248,6.077,4.773,91.813,88.436,15.78,NORMAL
21,2026-06-01 05:15:00+00:00,5,0,0.965926,0.258819,0.0,1.0,False,False,NIGHT,3.0,4.0,6.0,17.0,34.0,34.0,0.0,0.0,0.0,5.04,1.283,60.12,6.4,81.238,80.047,13.88,1.6,3.79,11.65,100.0,100.0,5.02,3.39,13.59,1.51,38.222,7.77,100.0,32.019,False,,0.0,70.322,0.0,0.0,0.0,0.0,0.0,-1.0,0.29,1.942,9.0,0.0,85.503,82.85,80.872,73.044,44.689,100.0,34.201,25.0,0.0,84.101,84.323,96.096,85.651,43.533,100.0,33.64,5.961,6.184,92.49,88.287,16.41,MODERATE
22,2026-06-01 05:30:00+00:00,5,0,0.965926,0.258819,0.0,1.0,False,False,NIGHT,5.0,8.0,9.0,21.0,39.0,39.0,0.19,0.0,0.0,8.088,2.907,61.12,6.7,82.594,83.701,12.88,1.3,3.65,11.35,100.0,100.0,5.28,3.46,13.27,1.57,39.704,8.41,100.0,34.596,False,,0.4,71.606,0.19,0.19,0.19,0.012,0.19,3.0,0.78,2.15,8.0,0.0,83.896,81.701,88.627,79.344,46.016,100.0,33.558,28.0,0.0,84.481,84.786,96.932,86.372,41.795,100.0,33.792,5.992,4.774,93.074,88.636,17.05,MODERATE
23,2026-06-01 05:45:00+00:00,5,0,0.965926,0.258819,0.0,1.0,False,False,NIGHT,2.0,7.0,11.0,21.0,41.0,41.0,0.0,0.02,0.0167,3.672,2.345,61.44,6.71,83.029,83.818,12.56,1.29,4.18,12.52,100.0,100.0,5.04,3.5,13.45,1.54,38.848,8.56,100.0,33.527,False,,0.0,71.526,-0.19,0.0,0.0,0.012,0.19,5.0,1.09,2.14,11.0,0.0,81.99,81.831,79.877,72.145,44.02,100.0,32.796,30.0,0.8,86.833,85.465,83.899,75.778,43.649,100.0,39.528,5.889,4.933,92.804,88.988,17.36,MODERATE
24,2026-06-01 06:00:00+00:00,6,0,1.0,0.0,0.0,1.0,False,False,MORNING,1.0,3.0,11.0,21.0,40.0,42.0,0.0,0.0,0.0,1.68,4.438,60.81,6.65,82.179,83.07,13.19,1.35,7.98,19.08,80.217,72.452,5.62,3.53,12.85,1.65,41.603,8.55,100.0,33.228,False,,0.0,65.758,0.0,-0.19,0.0,0.012,0.19,5.0,1.09,2.138,15.0,0.0,83.119,83.708,81.71,73.801,42.791,100.0,33.248,28.0,0.0,88.712,86.01,83.956,75.83,44.848,100.0,35.485,5.797,5.741,92.561,89.033,17.51,NORMAL
25,2026-06-01 06:15:00+00:00,6,0,1.0,0.0,0.0,1.0,False,False,MORNING,4.0,5.0,12.0,25.0,42.0,46.0,0.0,0.0,0.0,6.72,3.953,61.31,6.84,82.85,85.503,12.69,1.16,7.98,19.08,80.872,73.044,6.25,3.58,12.17,1.77,44.689,9.03,100.0,34.201,False,,0.0,66.82,0.0,0.0,0.0,0.012,0.19,6.0,1.26,2.258,14.0,0.0,84.101,84.323,96.096,85.651,43.533,100.0,33.64,28.0,0.0,88.722,85.589,83.546,75.459,46.029,100.0,35.489,5.787,6.729,92.038,88.772,17.83,NORMAL
26,2026-06-01 06:30:00+00:00,6,0,1.0,0.0,0.0,1.0,False,False,MORNING,0.0,4.0,7.0,22.0,39.0,46.0,0.0,0.0,0.0,0.0,3.916,60.46,6.71,81.701,83.896,13.54,1.29,7.18,17.32,88.627,79.344,6.52,3.6,11.88,1.82,46.016,8.86,100.0,33.558,False,,0.0,68.051,0.0,0.0,-0.19,0.012,0.19,-2.0,0.45,2.215,13.0,0.0,84.481,84.786,96.932,86.372,41.795,100.0,33.792,26.0,0.0,88.049,85.695,98.791,87.96,46.19,100.0,35.219,5.866,5.547,92.2,88.862,18.14,NORMAL
27,2026-06-01 06:45:00+00:00,6,0,1.0,0.0,0.0,1.0,False,False,MORNING,1.0,1.0,6.0,23.0,38.0,47.0,0.0,0.0,0.0,1.68,1.906,60.55,6.56,81.831,81.99,13.45,1.44,7.98,19.08,79.877,72.145,6.08,3.6,12.32,1.74,44.02,8.85,100.0,32.796,False,,0.0,65.605,0.0,0.0,0.0,0.012,0.19,-5.0,0.29,2.212,12.0,0.8,86.833,85.465,83.899,75.778,43.649,100.0,39.528,29.0,0.0,90.164,86.328,89.877,80.749,47.929,100.0,36.066,5.839,4.364,93.895,89.177,18.93,NORMAL
28,2026-06-01 07:00:00+00:00,7,0,0.965926,-0.258819,0.0,1.0,False,False,MORNING,4.0,5.0,9.0,26.0,40.0,51.0,0.0,0.0,0.0,6.72,0.802,61.94,6.65,83.708,83.119,12.06,1.35,7.98,19.08,81.71,73.801,5.8,3.61,12.59,1.69,42.791,9.33,100.0,33.248,False,,0.0,66.552,0.0,0.0,0.0,0.012,0.19,-2.0,0.78,2.332,11.0,0.0,88.712,86.01,83.956,75.83,44.848,100.0,35.485,28.0,0.0,90.297,86.556,84.489,76.311,48.263,100.0,36.119,5.73,6.14,93.092,89.126,19.25,NORMAL
29,2026-06-01 07:15:00+00:00,7,0,0.965926,-0.258819,0.0,1.0,False,False,MORNING,3.0,7.0,8.0,26.0,41.0,54.0,0.0,0.0,0.0,5.04,2.906,62.4,6.73,84.323,84.101,11.6,1.27,6.84,16.56,96.096,85.651,5.95,3.63,12.42,1.72,43.533,9.64,100.0,33.64,False,,0.0,70.099,0.0,0.0,0.0,0.012,0.19,-4.0,0.61,2.41,11.0,0.0,88.722,85.589,83.546,75.459,46.029,100.0,35.489,32.0,2.13,92.267,87.064,87.922,79.29,49.763,100.0,49.709,5.755,6.342,93.132,88.923,19.4,MODERATE
30,2026-06-01 07:30:00+00:00,7,0,0.965926,-0.258819,0.0,1.0,False,False,MORNING,3.0,6.0,11.0,27.0,43.0,57.0,0.0,0.0,0.0,5.04,3.547,62.74,6.76,84.786,84.481,11.26,1.24,6.81,16.51,96.932,86.372,5.55,3.65,12.81,1.66,41.795,9.95,100.0,33.792,False,,0.0,70.307,0.0,0.0,0.0,0.012,0.19,4.0,1.09,2.488,15.0,0.0,88.049,85.695,98.791,87.96,46.19,100.0,35.219,31.0,3.37,93.166,86.813,100.0,96.954,52.959,100.0,57.462,5.81,6.067,92.928,88.858,19.55,MODERATE
31,2026-06-01 07:45:00+00:00,7,0,0.965926,-0.258819,0.0,1.0,False,False,MORNING,5.0,8.0,15.0,32.0,46.0,62.0,0.8,0.0,0.0,7.058,4.295,63.24,6.95,85.465,86.833,10.76,1.05,7.98,19.08,83.899,75.778,5.89,3.71,12.4,1.73,43.649,10.59,100.0,39.528,False,,1.8,68.771,0.8,0.8,0.8,0.062,0.8,9.0,1.74,2.848,18.0,0.0,90.164,86.328,89.877,80.749,47.929,100.0,36.066,31.0,2.56,93.188,87.0,86.445,78.078,51.348,100.0,52.661,5.83,6.739,92.433,88.605,19.55,NORMAL
32,2026-06-01 08:00:00+00:00,8,0,0.866025,-0.5,0.0,1.0,False,False,MORNING,3.0,8.0,14.0,34.0,49.0,65.0,0.0,0.07,0.0719,6.382,4.17,63.65,7.1,86.01,88.712,10.35,0.9,7.98,19.08,83.956,75.83,6.12,3.75,12.13,1.78,44.848,10.9,100.0,35.485,False,,0.0,68.875,-0.8,0.0,0.0,0.062,0.8,5.0,1.57,2.725,17.0,0.0,90.297,86.556,84.489,76.311,48.263,100.0,36.119,31.0,1.79,92.648,87.811,86.779,78.38,51.955,100.0,47.82,4.641,5.175,91.057,88.573,19.7,NORMAL
33,2026-06-01 08:15:00+00:00,8,0,0.866025,-0.5,0.0,1.0,False,False,MORNING,2.0,5.0,13.0,33.0,50.0,67.0,0.0,0.0,0.0,3.36,4.601,63.34,7.1,85.589,88.722,10.66,0.9,7.98,19.08,83.546,75.459,6.35,3.78,11.87,1.82,46.029,11.05,100.0,35.489,False,,0.0,68.797,0.0,-0.8,0.0,0.062,0.8,5.0,1.41,2.762,17.0,2.13,92.267,87.064,87.922,79.29,49.763,100.0,49.709,30.0,0.0,90.49,87.461,85.525,77.236,52.448,100.0,36.196,5.933,5.693,91.597,88.596,20.65,NORMAL
34,2026-06-01 08:30:00+00:00,8,0,0.866025,-0.5,0.0,1.0,False,False,MORNING,2.0,4.0,12.0,30.0,51.0,69.0,0.0,0.0,0.0,3.36,3.261,63.41,7.04,85.695,88.049,10.59,0.96,6.76,16.39,98.791,87.96,6.36,3.8,11.84,1.83,46.19,11.21,100.0,35.219,False,,0.0,72.03,0.0,0.0,0.0,0.062,0.8,1.0,1.26,2.802,11.0,3.37,93.166,86.813,100.0,96.954,52.959,100.0,57.462,33.0,1.28,91.331,87.806,86.471,78.101,50.757,100.0,44.228,5.92,5.468,91.215,88.79,21.13,MODERATE
35,2026-06-01 08:45:00+00:00,8,0,0.866025,-0.5,0.0,1.0,False,False,MORNING,4.0,6.0,11.0,32.0,53.0,73.0,0.0,0.0,0.0,6.72,4.17,63.88,7.21,86.328,90.164,10.12,0.79,7.48,17.98,89.877,80.749,6.71,3.83,11.46,1.9,47.929,11.68,100.0,36.066,False,,0.0,70.814,0.0,0.0,-0.8,0.062,0.8,-4.0,1.09,2.92,11.0,2.56,93.188,87.0,86.445,78.078,51.348,100.0,52.661,31.0,0.63,91.535,88.026,100.0,100.0,49.604,100.0,40.382,5.872,5.547,91.472,88.872,21.6,MODERATE
36,2026-06-01 09:00:00+00:00,9,0,0.707107,-0.707107,0.0,1.0,False,False,MORNING,3.0,7.0,11.0,34.0,55.0,76.0,0.0,0.0,0.0,5.04,4.324,64.05,7.22,86.556,90.297,9.95,0.78,7.98,19.08,84.489,76.311,6.76,3.86,11.38,1.91,48.263,11.99,100.0,36.119,False,,0.0,69.741,0.0,0.0,0.0,0.062,0.8,-3.0,1.09,2.998,11.0,1.79,92.648,87.811,86.779,78.38,51.955,100.0,47.82,34.0,4.01,91.813,88.436,100.0,98.813,49.367,100.0,60.791,5.846,6.03,92.877,88.658,21.91,NORMAL
37,2026-06-01 09:15:00+00:00,9,0,0.707107,-0.707107,0.0,1.0,False,False,MORNING,6.0,9.0,15.0,36.0,61.0,82.0,2.13,0.0,0.0,6.495,4.36,64.43,7.38,87.064,92.267,9.57,0.62,7.83,18.74,87.922,79.29,6.97,3.98,11.05,1.97,49.763,12.79,100.0,49.709,False,,5.2,72.515,2.13,2.13,2.13,0.195,2.13,2.0,1.74,3.73,15.0,0.0,90.49,87.461,85.525,77.236,52.448,100.0,36.196,30.0,5.46,92.49,88.287,89.422,80.767,49.968,100.0,69.772,5.886,5.787,92.752,88.705,22.39,MODERATE
38,2026-06-01 09:30:00+00:00,9,0,0.707107,-0.707107,0.0,1.0,False,False,MORNING,5.0,11.0,18.0,41.0,63.0,87.0,3.37,0.19,0.0571,6.33,6.786,64.24,7.45,86.813,93.166,9.76,0.55,6.32,15.41,100.0,96.954,7.53,4.12,10.35,2.1,52.959,13.42,100.0,57.462,False,,8.5,77.29,1.2400000000000002,3.37,3.37,0.394,3.37,6.0,2.21,4.198,20.0,1.28,91.331,87.806,86.471,78.101,50.757,100.0,44.228,27.0,6.9,93.074,88.636,90.613,81.842,50.299,100.0,78.605,5.875,5.585,93.076,88.768,22.54,MODERATE
39,2026-06-01 09:45:00+00:00,9,0,0.707107,-0.707107,0.0,1.0,False,False,MORNING,3.0,8.0,17.0,43.0,66.0,90.0,2.56,0.3,0.1181,6.387,5.825,64.38,7.46,87.0,93.188,9.62,0.54,7.98,19.08,86.445,78.078,7.09,4.21,10.7,2.03,51.348,13.73,100.0,52.661,False,,6.4,72.78,-0.81,0.43000000000000016,2.56,0.554,3.37,6.0,2.05,4.072,20.0,0.63,91.535,88.026,100.0,100.0,49.604,100.0,40.382,24.0,6.39,92.804,88.988,100.0,91.455,51.236,100.0,75.464,5.853,6.174,92.512,88.721,22.69,MODERATE
40,2026-06-01 10:00:00+00:00,10,0,0.5,-0.866025,0.0,1.0,False,False,MORNING,3.0,6.0,17.0,42.0,68.0,93.0,1.79,0.23,0.1287,6.335,4.107,64.98,7.41,87.811,92.648,9.02,0.59,7.98,19.08,86.779,78.38,7.18,4.25,10.57,2.06,51.955,14.05,100.0,47.82,False,,4.5,72.489,-0.77,-1.58,1.79,0.666,3.37,6.0,2.06,3.96,20.0,4.01,91.813,88.436,100.0,98.813,49.367,100.0,60.791,22.0,4.94,92.561,89.033,89.84,81.144,53.466,100.0,66.665,5.855,4.866,92.174,89.091,22.85,MODERATE
41,2026-06-01 10:15:00+00:00,10,0,0.5,-0.866025,0.0,1.0,False,False,MORNING,0.0,3.0,11.0,39.0,65.0,93.0,0.0,0.16,0.1614,3.013,4.741,64.72,7.24,87.461,90.49,9.28,0.76,7.97,19.04,85.525,77.236,7.34,4.2,10.46,2.08,52.448,13.88,100.0,36.196,False,,0.0,70.591,-1.79,-2.56,-2.13,0.666,3.37,-4.0,1.09,3.47,15.0,5.46,92.49,88.287,89.422,80.767,49.968,100.0,69.772,22.0,4.5,92.038,88.772,89.321,80.675,56.684,100.0,63.786,5.777,6.115,91.67,89.031,23.48,MODERATE
42,2026-06-01 10:30:00+00:00,10,0,0.5,-0.866025,0.0,1.0,False,False,MORNING,5.0,5.0,11.0,41.0,68.0,98.0,1.28,0.0,0.0,6.245,4.954,64.98,7.31,87.806,91.331,9.02,0.69,7.98,19.08,86.471,78.101,6.96,4.21,10.83,2.01,50.757,14.51,100.0,44.228,False,,3.3,71.719,1.28,-0.51,-2.09,0.746,3.37,-7.0,1.09,3.948,13.0,6.9,93.074,88.636,90.613,81.842,50.299,100.0,78.605,26.0,4.0,92.2,88.862,97.19,87.153,56.5,100.0,60.901,5.8,6.512,91.815,88.775,23.63,MODERATE
43,2026-06-01 10:45:00+00:00,10,0,0.5,-0.866025,0.0,1.0,False,False,MORNING,3.0,8.0,11.0,39.0,71.0,101.0,0.63,0.12,0.1154,6.14,5.424,65.14,7.32,88.026,91.535,8.86,0.68,5.84,14.38,100.0,100.0,6.72,4.19,11.09,1.96,49.604,14.83,100.0,40.382,False,,1.6,75.54,-0.65,0.63,-1.9300000000000002,0.785,3.37,-6.0,1.1,3.865,11.0,6.39,92.804,88.988,100.0,91.455,51.236,100.0,75.464,27.0,6.53,93.895,89.177,90.923,82.122,55.097,100.0,76.725,3.543,5.941,92.059,87.939,23.79,MODERATE
44,2026-06-01 11:00:00+00:00,11,0,0.258819,-0.965926,0.0,1.0,False,False,MORNING,7.0,10.0,15.0,43.0,77.0,108.0,4.01,0.06,0.0141,6.077,4.773,65.44,7.35,88.436,91.813,8.56,0.65,6.34,15.47,100.0,98.813,6.55,4.31,11.14,1.95,49.367,15.78,100.0,60.791,False,,10.5,77.686,3.38,2.7299999999999995,2.2199999999999998,1.036,4.01,-2.0,1.73,4.948,14.0,4.94,92.561,89.033,89.84,81.144,53.466,100.0,66.665,25.0,6.12,93.092,89.126,100.0,91.169,54.656,100.0,73.939,6.094,5.564,91.287,88.201,24.42,MODERATE
45,2026-06-01 11:15:00+00:00,11,0,0.258819,-0.965926,0.0,1.0,False,False,MORNING,5.0,12.0,20.0,46.0,79.0,113.0,5.46,0.36,0.0661,5.961,6.184,65.33,7.4,88.287,92.49,8.67,0.6,7.98,19.08,89.422,80.767,6.54,4.46,11.01,1.98,49.968,16.41,100.0,69.772,False,,14.6,75.335,1.4500000000000002,4.83,5.46,1.377,5.46,9.0,2.53,5.468,15.0,4.5,92.038,88.772,89.321,80.675,56.684,100.0,63.786,25.0,4.69,93.132,88.923,89.585,80.913,54.714,100.0,65.401,6.032,5.137,91.455,88.485,24.73,MODERATE
46,2026-06-01 11:30:00+00:00,11,0,0.258819,-0.965926,0.0,1.0,False,False,MORNING,5.0,10.0,20.0,49.0,79.0,118.0,6.9,0.49,0.0713,5.992,4.774,65.59,7.45,88.636,93.074,8.41,0.55,7.98,19.08,90.613,81.842,6.43,4.63,10.93,1.99,50.299,17.05,100.0,78.605,False,,18.4,76.752,1.4400000000000004,2.8900000000000006,5.62,1.808,6.9,9.0,2.54,5.988,14.0,4.0,92.2,88.862,97.19,87.153,56.5,100.0,60.901,27.0,3.23,92.928,88.858,100.0,93.729,52.125,100.0,56.57,5.952,5.069,91.329,88.797,25.05,MODERATE
47,2026-06-01 11:45:00+00:00,11,0,0.258819,-0.965926,0.0,1.0,False,False,MORNING,3.0,8.0,20.0,48.0,80.0,121.0,6.39,0.62,0.0971,5.889,4.933,65.85,7.42,88.988,92.804,8.15,0.58,7.07,17.08,100.0,91.455,6.52,4.75,10.73,2.03,51.236,17.36,100.0,75.464,False,,17.3,78.814,-0.5100000000000007,0.9299999999999997,5.76,2.157,6.9,9.0,2.53,5.938,13.0,6.53,93.895,89.177,90.923,82.122,55.097,100.0,76.725,27.0,0.76,92.433,88.605,86.942,78.526,50.856,100.0,41.549,2.082,5.084,90.032,87.923,25.04,MODERATE
48,2026-06-01 12:00:00+00:00,12,0,0.0,-1.0,0.0,1.0,False,False,MORNING,2.0,5.0,15.0,47.0,81.0,123.0,4.94,0.58,0.1164,5.797,5.741,65.88,7.4,89.033,92.561,8.12,0.6,7.98,19.08,89.84,81.144,6.97,4.79,10.24,2.12,53.466,17.51,100.0,66.665,False,,13.6,75.591,-1.4499999999999993,-1.96,0.9300000000000006,2.466,6.9,0.0,1.73,5.613,8.0,6.12,93.092,89.126,100.0,91.169,54.656,100.0,73.939,28.0,0.0,91.057,88.573,100.0,92.725,52.363,100.0,36.423,6.125,4.815,91.159,88.244,25.51,MODERATE
49,2026-06-01 12:15:00+00:00,12,0,0.0,-1.0,0.0,1.0,False,False,MORNING,3.0,5.0,13.0,44.0,80.0,126.0,4.5,0.44,0.0989,5.787,6.729,65.69,7.36,88.772,92.038,8.31,0.64,7.98,19.08,89.321,80.675,7.66,4.81,9.53,2.24,56.684,17.83,100.0,63.786,False,,12.4,75.319,-0.4400000000000004,-1.8899999999999997,-0.96,2.748,6.9,-7.0,1.42,5.582,7.0,4.69,93.132,88.923,89.585,80.913,54.714,100.0,65.401,28.0,3.47,91.597,88.596,100.0,100.0,54.068,100.0,57.448,6.022,5.434,92.165,88.334,25.99,MODERATE
50,2026-06-01 12:30:00+00:00,12,0,0.0,-1.0,0.0,1.0,False,False,MORNING,3.0,6.0,11.0,42.0,83.0,129.0,4.0,0.4,0.1011,5.866,5.547,65.76,7.38,88.862,92.2,8.24,0.62,7.32,17.62,97.19,87.153,7.63,4.8,9.57,2.24,56.5,18.14,100.0,60.901,False,,10.9,76.756,-0.5,-0.9400000000000004,-2.9000000000000004,2.998,6.9,-9.0,1.09,5.535,12.0,3.23,92.928,88.858,100.0,93.729,52.125,100.0,56.57,26.0,3.94,91.215,88.79,100.0,94.622,56.639,100.0,60.153,5.984,4.618,92.765,88.73,26.94,MODERATE
51,2026-06-01 12:45:00+00:00,12,0,0.0,-1.0,0.0,1.0,False,False,MORNING,6.0,9.0,14.0,45.0,88.0,135.0,6.53,0.36,0.0552,5.839,4.364,65.99,7.51,89.177,93.895,8.01,0.49,7.98,19.08,90.923,82.122,7.22,4.9,9.88,2.18,55.097,18.93,100.0,76.725,False,,17.8,77.301,2.5300000000000002,2.0300000000000002,0.14000000000000057,3.406,6.9,-6.0,1.57,6.365,14.0,0.76,92.433,88.605,86.942,78.526,50.856,100.0,41.549,24.0,4.45,91.472,88.872,100.0,95.025,59.077,100.0,63.284,5.868,5.138,93.377,88.911,27.25,MODERATE
52,2026-06-01 13:00:00+00:00,13,0,-0.258819,-0.965926,0.0,1.0,False,False,MORNING,3.0,9.0,15.0,45.0,87.0,138.0,6.12,0.59,0.096,5.73,6.14,65.95,7.45,89.126,93.092,8.05,0.55,7.09,17.13,100.0,91.169,7.06,4.96,9.98,2.16,54.656,19.25,100.0,73.939,False,,17.0,79.002,-0.41000000000000014,2.12,1.1799999999999997,3.788,6.9,0.0,1.74,6.342,17.0,0.0,91.057,88.573,100.0,92.725,52.363,100.0,36.423,22.0,3.97,92.877,88.658,100.0,94.501,57.964,100.0,60.967,5.81,4.757,92.96,89.312,27.73,MODERATE
53,2026-06-01 13:15:00+00:00,13,0,-0.258819,-0.965926,0.0,1.0,False,False,MORNING,2.0,5.0,14.0,47.0,86.0,140.0,4.69,0.55,0.1173,5.755,6.342,65.8,7.45,88.923,93.132,8.2,0.55,7.98,19.08,89.585,80.913,7.08,4.96,9.96,2.17,54.714,19.4,100.0,65.401,False,,13.0,75.575,-1.4299999999999997,-1.8399999999999999,0.1900000000000004,3.948,6.9,1.0,1.57,6.022,18.0,3.47,91.597,88.596,100.0,100.0,54.068,100.0,57.448,24.0,4.47,92.752,88.705,100.0,97.186,57.513,100.0,63.896,5.706,5.937,93.571,89.168,28.52,MODERATE
54,2026-06-01 13:30:00+00:00,13,0,-0.258819,-0.965926,0.0,1.0,False,False,MORNING,2.0,4.0,13.0,44.0,85.0,142.0,3.23,0.42,0.1306,5.81,6.067,65.76,7.43,88.858,92.928,8.24,0.57,6.72,16.3,100.0,93.729,6.57,4.9,10.53,2.06,52.125,19.55,100.0,56.57,False,,8.9,77.14,-1.4600000000000004,-2.89,-0.77,3.939,6.9,2.0,1.41,5.695,15.0,3.94,91.215,88.79,100.0,94.622,56.639,100.0,60.153,23.0,2.97,93.076,88.768,100.0,100.0,54.571,100.0,55.045,5.737,4.643,94.208,89.468,28.99,MODERATE
55,2026-06-01 13:45:00+00:00,13,0,-0.258819,-0.965926,0.0,1.0,False,False,MORNING,1.0,3.0,8.0,42.0,81.0,143.0,0.76,0.29,0.291,5.83,6.739,65.57,7.39,88.605,92.433,8.43,0.61,7.98,19.08,86.942,78.526,6.43,4.76,10.81,2.01,50.856,19.55,100.0,41.549,False,,2.1,71.899,-2.4699999999999998,-3.9300000000000006,-5.7700000000000005,3.827,6.9,-6.0,0.62,5.078,13.0,4.45,91.472,88.872,100.0,95.025,59.077,100.0,63.284,24.0,1.49,92.512,88.721,100.0,100.0,54.028,100.0,45.916,5.646,4.885,92.895,89.868,29.63,MODERATE
56,2026-06-01 14:00:00+00:00,14,0,-0.5,-0.866025,0.0,1.0,False,False,EVENING,2.0,3.0,7.0,37.0,80.0,145.0,0.0,0.07,0.0686,4.641,5.175,65.54,7.28,88.573,91.057,8.46,0.72,6.78,16.07,100.0,92.725,6.91,4.61,10.48,2.07,52.363,19.7,100.0,36.423,False,,0.0,74.537,-0.76,-3.23,-6.12,3.715,6.9,-8.0,0.45,4.925,11.0,3.97,92.877,88.658,100.0,94.501,57.964,100.0,60.967,23.0,0.0,92.174,89.091,100.0,92.445,51.668,100.0,36.87,5.555,4.996,91.833,90.171,29.94,MODERATE
57,2026-06-01 14:15:00+00:00,14,0,-0.5,-0.866025,0.0,1.0,False,False,EVENING,7.0,9.0,12.0,39.0,85.0,152.0,3.47,0.0,0.0,5.933,5.693,65.56,7.33,88.596,91.597,8.44,0.67,4.8,11.72,100.0,100.0,7.28,4.62,10.11,2.14,54.068,20.65,100.0,57.448,False,,9.3,77.897,3.47,2.71,-1.2200000000000002,3.932,6.9,-2.0,1.25,6.03,10.0,4.47,92.752,88.705,100.0,97.186,57.513,100.0,63.896,25.0,1.56,91.67,89.031,100.0,100.0,51.31,100.0,46.037,5.486,4.198,91.139,90.681,30.89,MODERATE
58,2026-06-01 14:30:00+00:00,14,0,-0.5,-0.866025,0.0,1.0,False,False,EVENING,4.0,11.0,14.0,38.0,87.0,156.0,3.94,0.31,0.0791,5.92,5.468,65.7,7.3,88.79,91.215,8.3,0.7,6.84,16.21,100.0,94.622,7.82,4.64,9.54,2.24,56.639,21.13,100.0,60.153,False,,10.6,77.751,0.46999999999999975,3.94,0.71,4.098,6.9,1.0,1.58,6.268,11.0,2.97,93.076,88.768,100.0,100.0,54.571,100.0,55.045,24.0,0.11,91.815,88.775,100.0,92.186,51.866,100.0,37.381,5.356,4.973,91.595,90.761,31.21,MODERATE
59,2026-06-01 14:45:00+00:00,14,0,-0.5,-0.866025,0.0,1.0,False,False,EVENING,4.0,8.0,17.0,39.0,87.0,160.0,4.45,0.35,0.0798,5.872,5.547,65.77,7.32,88.872,91.472,8.23,0.68,6.84,16.21,100.0,95.025,8.32,4.68,9.0,2.34,59.077,21.6,100.0,63.284,False,,12.1,78.414,0.5100000000000002,0.98,3.6900000000000004,4.337,6.9,9.0,2.05,6.512,11.0,1.49,92.512,88.721,100.0,100.0,54.028,100.0,45.916,29.0,0.0,92.059,87.939,100.0,100.0,54.893,100.0,36.824,5.328,8.531,92.366,89.596,31.52,MODERATE
60,2026-06-01 15:00:00+00:00,15,0,-0.707107,-0.707107,0.0,1.0,False,False,EVENING,3.0,7.0,18.0,40.0,87.0,163.0,3.97,0.4,0.1009,5.846,6.03,65.61,7.43,88.658,92.877,8.39,0.57,6.84,16.21,100.0,94.501,8.05,4.7,9.25,2.3,57.964,21.91,100.0,60.967,False,,10.8,78.178,-0.48,0.03000000000000025,3.97,4.334,6.9,11.0,2.21,6.47,11.0,0.0,92.174,89.091,100.0,92.445,51.668,100.0,36.87,30.0,1.37,91.287,88.201,100.0,92.388,54.662,100.0,44.752,5.636,5.782,91.953,89.591,31.51,MODERATE
61,2026-06-01 15:15:00+00:00,15,0,-0.707107,-0.707107,0.0,1.0,False,False,EVENING,4.0,7.0,15.0,41.0,85.0,167.0,4.47,0.36,0.08,5.886,5.787,65.64,7.42,88.705,92.752,8.36,0.58,6.66,15.82,100.0,97.186,7.91,4.74,9.35,2.28,57.513,22.39,100.0,63.896,False,,12.1,78.765,0.49999999999999956,0.019999999999999574,0.9999999999999996,4.272,6.9,3.0,1.74,6.715,14.0,1.56,91.67,89.031,100.0,100.0,51.31,100.0,46.037,29.0,0.78,91.455,88.485,100.0,100.0,52.714,100.0,41.276,5.643,6.128,91.519,89.474,31.83,MODERATE
62,2026-06-01 15:30:00+00:00,15,0,-0.707107,-0.707107,0.0,1.0,False,False,EVENING,2.0,6.0,13.0,40.0,82.0,169.0,2.97,0.4,0.1354,5.875,5.585,65.69,7.45,88.768,93.076,8.31,0.55,6.3,15.02,100.0,100.0,7.29,4.72,9.99,2.16,54.571,22.54,100.0,55.045,False,,8.1,77.956,-1.4999999999999996,-1.0,-0.9699999999999998,4.027,6.53,-1.0,1.41,6.377,12.0,0.11,91.815,88.775,100.0,92.186,51.866,100.0,37.381,32.0,0.24,91.329,88.797,100.0,92.291,51.854,100.0,37.967,5.681,5.443,92.003,89.503,32.14,MODERATE
63,2026-06-01 15:45:00+00:00,15,0,-0.707107,-0.707107,0.0,1.0,False,False,EVENING,2.0,4.0,11.0,36.0,81.0,171.0,1.49,0.27,0.1799,5.853,6.174,65.65,7.4,88.721,92.512,8.35,0.6,6.17,14.74,100.0,100.0,7.25,4.64,10.11,2.14,54.028,22.69,100.0,45.916,False,,4.0,76.837,-1.4800000000000002,-2.9799999999999995,-2.96,3.721,6.53,-6.0,1.09,6.045,13.0,0.0,92.059,87.939,100.0,100.0,54.893,100.0,36.824,33.0,0.0,90.032,87.923,100.0,100.0,49.643,100.0,36.013,5.667,3.97,92.548,90.017,32.29,MODERATE
64,2026-06-01 16:00:00+00:00,16,0,-0.866025,-0.5,0.0,1.0,False,False,EVENING,2.0,4.0,10.0,35.0,80.0,173.0,0.0,0.13,0.1337,5.855,4.866,65.93,7.37,89.091,92.174,8.07,0.63,6.84,16.21,100.0,92.445,6.84,4.52,10.63,2.05,51.668,22.85,100.0,36.87,False,,0.0,74.778,-1.49,-2.97,-3.97,3.412,6.53,-8.0,0.94,5.712,12.0,1.37,91.287,88.201,100.0,92.388,54.662,100.0,44.752,37.0,0.35,91.159,88.244,100.0,91.789,51.176,100.0,38.588,5.519,5.169,92.402,90.151,32.13,MODERATE
65,2026-06-01 16:15:00+00:00,16,0,-0.866025,-0.5,0.0,1.0,False,False,EVENING,5.0,7.0,11.0,38.0,85.0,178.0,1.56,0.0,0.0,5.777,6.115,65.88,7.33,89.031,91.67,8.12,0.67,5.97,14.3,100.0,100.0,6.81,4.48,10.71,2.03,51.31,23.48,100.0,46.037,False,,4.3,76.537,1.56,0.07000000000000006,-2.9099999999999997,3.228,6.53,-4.0,1.09,6.26,11.0,0.78,91.455,88.485,100.0,100.0,52.714,100.0,41.276,36.0,0.77,92.165,88.334,100.0,100.0,50.275,100.0,41.483,5.484,5.911,92.661,89.978,32.44,MODERATE
66,2026-06-01 16:30:00+00:00,16,0,-0.866025,-0.5,0.0,1.0,False,False,EVENING,2.0,7.0,11.0,38.0,82.0,180.0,0.11,0.14,0.1405,5.8,6.512,65.69,7.35,88.775,91.815,8.31,0.65,6.84,16.21,100.0,92.186,7.01,4.4,10.59,2.05,51.866,23.63,100.0,37.381,False,,0.3,74.694,-1.45,0.11,-2.8600000000000003,2.985,6.53,-2.0,1.09,5.935,12.0,0.24,91.329,88.797,100.0,92.291,51.854,100.0,37.967,39.0,4.21,92.765,88.73,100.0,100.0,52.24,100.0,62.351,5.528,4.623,92.289,90.324,32.59,MODERATE
67,2026-06-01 16:45:00+00:00,16,0,-0.866025,-0.5,0.0,1.0,False,False,EVENING,2.0,4.0,11.0,39.0,81.0,182.0,0.0,0.01,0.0098,3.543,5.941,65.07,7.36,87.939,92.059,8.93,0.64,5.55,13.38,100.0,100.0,7.75,4.33,9.92,2.17,54.893,23.79,100.0,36.824,False,,0.0,75.699,-0.11,-1.56,-1.49,2.577,6.12,0.0,1.1,5.948,16.0,0.0,90.032,87.923,100.0,100.0,49.643,100.0,36.013,35.0,3.71,93.377,88.911,100.0,94.602,52.06,100.0,59.641,4.781,5.719,91.504,90.092,32.43,MODERATE
68,2026-06-01 17:00:00+00:00,17,0,-0.965926,-0.258819,0.0,1.0,False,False,EVENING,5.0,7.0,14.0,42.0,79.0,187.0,1.37,0.0,0.0,6.094,5.564,65.27,7.3,88.201,91.287,8.73,0.7,6.84,16.21,100.0,92.388,7.71,4.32,9.97,2.16,54.662,24.42,100.0,44.752,False,,3.6,75.545,1.37,1.26,1.37,2.28,4.69,4.0,1.57,6.448,18.0,0.35,91.159,88.244,100.0,91.789,51.176,100.0,38.588,35.0,4.26,92.96,89.312,100.0,95.36,52.714,100.0,62.724,5.512,6.489,90.495,89.871,33.38,MODERATE
69,2026-06-01 17:15:00+00:00,17,0,-0.965926,-0.258819,0.0,1.0,False,False,EVENING,3.0,8.0,12.0,38.0,77.0,190.0,0.78,0.12,0.1236,6.032,5.137,65.48,7.32,88.485,91.455,8.52,0.68,6.25,14.91,100.0,100.0,7.31,4.29,10.4,2.09,52.714,24.73,100.0,41.276,False,,2.1,76.001,-0.5900000000000001,0.78,-0.78,2.036,4.47,1.0,1.25,6.378,18.0,0.77,92.165,88.334,100.0,100.0,50.275,100.0,41.483,32.0,6.86,93.571,89.168,100.0,96.854,51.07,100.0,78.59,5.586,5.959,91.21,89.668,33.69,MODERATE
70,2026-06-01 17:30:00+00:00,17,0,-0.965926,-0.258819,0.0,1.0,False,False,EVENING,3.0,6.0,13.0,37.0,75.0,193.0,0.24,0.07,0.0704,5.952,5.069,65.71,7.31,88.797,91.329,8.29,0.69,6.84,16.21,100.0,92.291,7.17,4.24,10.59,2.05,51.854,25.05,100.0,37.967,False,,0.6,74.697,-0.54,-1.1300000000000001,0.13,1.849,4.47,2.0,1.42,6.322,20.0,4.21,92.765,88.73,100.0,100.0,52.24,100.0,62.351,29.0,7.45,94.208,89.468,100.0,100.0,53.568,100.0,82.356,5.632,5.509,91.422,89.687,33.85,MODERATE
71,2026-06-01 17:45:00+00:00,17,0,-0.965926,-0.258819,0.0,1.0,False,False,EVENING,1.0,4.0,12.0,34.0,73.0,194.0,0.0,0.02,0.0215,2.082,5.084,65.06,7.2,87.923,90.032,8.94,0.8,4.71,11.53,100.0,100.0,6.74,4.18,11.08,1.97,49.643,25.04,100.0,36.013,False,,0.0,74.817,-0.24,-0.78,0.0,1.801,4.47,1.0,1.25,6.26,17.0,3.71,93.377,88.911,100.0,94.602,52.06,100.0,59.641,28.0,9.08,92.895,89.868,100.0,98.983,55.215,100.0,91.665,5.624,6.27,90.877,89.527,34.32,MODERATE
72,2026-06-01 18:00:00+00:00,18,0,-1.0,-0.0,0.0,1.0,False,False,EVENING,4.0,5.0,11.0,35.0,75.0,198.0,0.35,0.0,0.0,6.125,4.815,65.3,7.29,88.244,91.159,8.7,0.71,6.84,16.21,100.0,91.789,7.1,4.16,10.74,2.03,51.176,25.51,100.0,38.588,False,,0.9,74.49,0.35,0.10999999999999999,-1.02,1.823,4.47,-3.0,1.09,6.465,19.0,4.26,92.96,89.312,100.0,95.36,52.714,100.0,62.724,25.0,8.78,91.833,90.171,100.0,99.105,55.44,100.0,89.402,5.675,5.958,90.503,89.472,34.31,MODERATE
73,2026-06-01 18:15:00+00:00,18,0,-1.0,-0.0,0.0,1.0,False,False,EVENING,4.0,8.0,12.0,35.0,76.0,202.0,0.77,0.03,0.0319,6.022,5.434,65.37,7.37,88.334,92.165,8.63,0.63,5.27,12.76,100.0,100.0,6.89,4.17,10.94,1.99,50.275,25.99,100.0,41.483,False,,2.0,75.884,0.42000000000000004,0.77,-0.010000000000000009,1.654,4.47,0.0,1.26,6.69,18.0,6.86,93.571,89.168,100.0,96.854,51.07,100.0,78.59,22.0,12.51,91.139,90.681,100.0,100.0,55.852,100.0,100.0,3.891,5.676,90.748,88.842,34.47,MODERATE
74,2026-06-01 18:30:00+00:00,18,0,-1.0,-0.0,0.0,1.0,False,False,EVENING,7.0,11.0,16.0,40.0,80.0,209.0,4.21,0.07,0.0165,5.984,4.618,65.66,7.42,88.73,92.765,8.34,0.58,4.19,10.37,100.0,100.0,7.19,4.3,10.51,2.07,52.24,26.94,100.0,62.351,False,,11.2,78.47,3.44,3.86,3.9699999999999998,1.671,4.47,3.0,1.89,7.788,19.0,7.45,94.208,89.468,100.0,100.0,53.568,100.0,82.356,18.0,12.32,91.595,90.761,100.0,100.0,55.67,100.0,100.0,1.68,6.818,89.349,87.258,34.46,MODERATE
75,2026-06-01 18:45:00+00:00,18,0,-1.0,-0.0,0.0,1.0,False,False,EVENING,3.0,10.0,18.0,41.0,77.0,212.0,3.71,0.38,0.1019,5.868,5.138,65.79,7.47,88.911,93.377,8.21,0.53,6.84,16.21,100.0,94.602,7.06,4.4,10.55,2.06,52.06,27.25,100.0,59.641,False,,10.1,77.648,-0.5,2.94,3.71,1.625,4.47,6.0,2.21,7.74,18.0,9.08,92.895,89.868,100.0,98.983,55.215,100.0,91.665,17.0,12.15,92.366,89.596,100.0,100.0,55.463,100.0,100.0,1.68,4.123,87.389,86.644,34.45,MODERATE
76,2026-06-01 19:00:00+00:00,19,0,-0.965926,0.258819,0.0,1.0,False,False,EVENING,4.0,7.0,18.0,43.0,78.0,216.0,4.26,0.33,0.0785,5.81,4.757,66.09,7.44,89.312,92.96,7.91,0.56,6.84,16.21,100.0,95.36,7.11,4.49,10.4,2.09,52.714,27.73,100.0,62.724,False,,11.7,78.154,0.5499999999999998,0.04999999999999982,3.9099999999999997,1.643,4.47,7.0,2.22,7.998,16.0,8.78,91.833,90.171,100.0,99.105,55.44,100.0,89.402,14.0,9.8,91.953,89.591,100.0,99.147,55.541,100.0,95.573,1.68,5.449,84.648,85.667,34.45,MODERATE
77,2026-06-01 19:15:00+00:00,19,0,-0.965926,0.258819,0.0,1.0,False,False,EVENING,6.0,10.0,20.0,44.0,82.0,222.0,6.86,0.38,0.0558,5.706,5.937,65.98,7.49,89.168,93.571,8.02,0.51,6.84,16.21,100.0,96.854,6.57,4.66,10.76,2.02,51.07,28.52,100.0,78.59,False,,19.2,79.94,2.6000000000000005,3.1500000000000004,6.09,1.792,6.86,8.0,2.53,8.845,14.0,12.51,91.139,90.681,100.0,100.0,55.852,100.0,100.0,20.0,9.44,91.519,89.474,100.0,98.799,54.608,100.0,93.246,3.36,3.912,84.566,85.489,34.6,MODERATE
78,2026-06-01 19:30:00+00:00,19,0,-0.965926,0.258819,0.0,1.0,False,False,EVENING,4.0,10.0,17.0,46.0,84.0,226.0,7.45,0.62,0.0829,5.737,4.643,66.21,7.54,89.468,94.208,7.79,0.46,5.91,14.17,100.0,100.0,6.96,4.83,10.22,2.12,53.568,28.99,100.0,82.356,False,,20.7,81.114,0.5899999999999999,3.1900000000000004,3.24,2.073,7.45,1.0,2.05,9.11,10.0,12.32,91.595,90.761,100.0,100.0,55.67,100.0,100.0,20.0,9.06,92.003,89.503,100.0,98.588,55.037,100.0,91.151,5.04,5.258,85.679,85.296,34.91,MODERATE
79,2026-06-01 19:45:00+00:00,19,0,-0.965926,0.258819,0.0,1.0,False,False,EVENING,5.0,9.0,19.0,49.0,88.0,231.0,9.08,0.67,0.0738,5.646,4.885,66.5,7.43,89.868,92.895,7.5,0.57,6.84,16.21,100.0,98.983,7.14,5.01,9.85,2.19,55.215,29.63,100.0,91.665,False,,25.7,82.008,1.63,2.2199999999999998,5.37,2.547,9.08,1.0,2.38,9.678,10.0,12.15,92.366,89.596,100.0,100.0,55.463,100.0,100.0,19.0,7.69,92.548,90.017,100.0,100.0,54.239,100.0,83.131,0.0,1.726,84.296,84.862,34.75,MODERATE
80,2026-06-01 20:00:00+00:00,20,0,-0.866025,0.5,0.0,1.0,False,False,EVENING,3.0,8.0,18.0,47.0,89.0,234.0,8.78,0.82,0.0931,5.555,4.996,66.73,7.35,90.171,91.833,7.27,0.65,6.84,16.21,100.0,99.105,7.07,5.13,9.8,2.2,55.44,29.94,100.0,89.402,False,,25.2,81.706,-0.3000000000000007,1.3299999999999992,4.52,3.096,9.08,0.0,2.21,9.68,9.0,9.8,91.953,89.591,100.0,99.147,55.541,100.0,95.573,21.0,4.4,92.402,90.151,100.0,100.0,54.336,100.0,63.364,1.68,1.829,83.892,84.855,34.74,MODERATE
81,2026-06-01 20:15:00+00:00,20,0,-0.866025,0.5,0.0,1.0,False,False,EVENING,7.0,10.0,19.0,51.0,89.0,241.0,12.51,0.79,0.0631,5.486,4.198,67.1,7.29,90.681,91.139,6.9,0.71,5.84,14.0,100.0,100.0,6.93,5.36,9.71,2.21,55.852,30.89,100.0,100.0,False,,36.4,84.211,3.7300000000000004,3.4299999999999997,5.6499999999999995,3.78,12.51,-1.0,2.37,10.85,8.0,9.44,91.519,89.474,100.0,98.799,54.608,100.0,93.246,22.0,4.14,92.661,89.978,100.0,100.0,54.11,100.0,61.881,0.0,3.692,82.433,83.766,34.57,MODERATE
82,2026-06-01 20:30:00+00:00,20,0,-0.866025,0.5,0.0,1.0,False,False,EVENING,3.0,10.0,18.0,51.0,88.0,244.0,12.32,1.13,0.0914,5.356,4.973,67.16,7.33,90.761,91.595,6.84,0.67,6.74,15.98,100.0,100.0,6.71,5.53,9.75,2.2,55.67,31.21,100.0,100.0,False,,36.7,84.182,-0.1899999999999995,3.540000000000001,4.87,4.543,12.51,1.0,2.22,10.882,8.0,9.06,92.003,89.503,100.0,98.588,55.037,100.0,91.151,21.0,2.85,92.289,90.324,100.0,100.0,54.095,100.0,53.991,1.68,2.756,81.166,83.539,34.57,MODERATE
83,2026-06-01 20:45:00+00:00,20,0,-0.866025,0.5,0.0,1.0,False,False,EVENING,3.0,6.0,16.0,53.0,87.0,247.0,12.15,1.11,0.0913,5.328,8.531,66.3,7.39,89.596,92.366,7.7,0.61,6.84,16.21,100.0,100.0,6.52,5.68,9.8,2.2,55.463,31.52,100.0,100.0,False,,36.4,83.952,-0.16999999999999993,-0.35999999999999943,3.0700000000000003,5.302,12.51,-3.0,1.89,10.918,7.0,7.69,92.548,90.017,100.0,100.0,54.239,100.0,83.131,20.0,0.0,91.504,90.092,100.0,100.0,53.603,100.0,36.602,1.68,3.644,82.058,82.779,34.56,MODERATE
84,2026-06-01 21:00:00+00:00,21,0,-0.707107,0.707107,0.0,1.0,False,False,EVENING,1.0,4.0,14.0,50.0,85.0,248.0,9.8,1.09,0.1116,5.636,5.782,66.3,7.36,89.591,91.953,7.7,0.64,6.84,16.21,100.0,99.147,6.52,5.7,9.78,2.2,55.541,31.51,100.0,95.573,False,,27.7,82.269,-2.3499999999999996,-2.5199999999999996,1.0200000000000014,5.829,12.51,-4.0,1.57,10.328,5.0,4.4,92.402,90.151,100.0,100.0,54.336,100.0,63.364,21.0,3.72,90.495,89.871,100.0,100.0,53.308,100.0,58.512,0.0,2.796,80.539,81.999,34.39,MODERATE
85,2026-06-01 21:15:00+00:00,21,0,-0.707107,0.707107,0.0,1.0,False,False,EVENING,3.0,4.0,10.0,49.0,84.0,251.0,9.44,0.88,0.0934,5.643,6.128,66.21,7.32,89.474,91.519,7.79,0.68,6.84,16.21,100.0,98.799,6.31,5.71,9.99,2.16,54.608,31.83,100.0,93.246,False,,26.7,81.8,-0.3600000000000012,-2.710000000000001,-3.0700000000000003,6.371,12.51,-9.0,0.94,10.317,12.0,4.14,92.661,89.978,100.0,100.0,54.11,100.0,61.881,15.0,3.39,91.21,89.668,100.0,100.0,53.558,100.0,56.848,3.36,3.65,80.941,81.857,34.55,MODERATE
86,2026-06-01 21:30:00+00:00,21,0,-0.707107,0.707107,0.0,1.0,False,False,EVENING,3.0,6.0,10.0,45.0,85.0,254.0,9.06,0.85,0.0938,5.681,5.443,66.23,7.36,89.503,92.003,7.77,0.64,6.84,16.21,100.0,98.588,6.41,5.7,9.89,2.18,55.037,32.14,100.0,91.151,False,,25.4,81.674,-0.379999999999999,-0.7400000000000002,-3.26,6.922,12.51,-8.0,0.93,10.3,12.0,2.85,92.289,90.324,100.0,100.0,54.095,100.0,53.991,14.0,2.04,91.422,89.687,100.0,100.0,53.749,100.0,48.818,1.68,3.417,81.092,81.254,34.54,MODERATE
87,2026-06-01 21:45:00+00:00,21,0,-0.707107,0.707107,0.0,1.0,False,False,EVENING,2.0,5.0,9.0,44.0,85.0,256.0,7.69,0.82,0.1061,5.667,3.97,66.61,7.4,90.017,92.548,7.39,0.6,5.99,14.34,100.0,100.0,6.28,5.65,10.07,2.15,54.239,32.29,100.0,83.131,False,,21.6,81.116,-1.37,-1.7499999999999991,-4.46,7.402,12.51,-7.0,0.77,9.995,12.0,0.0,91.504,90.092,100.0,100.0,53.603,100.0,36.602,15.0,2.69,90.877,89.527,100.0,100.0,51.587,100.0,52.515,3.36,2.789,81.62,81.39,34.69,MODERATE
88,2026-06-01 22:00:00+00:00,22,0,-0.5,0.866025,0.0,1.0,False,False,NIGHT,0.0,2.0,8.0,40.0,83.0,256.0,4.4,0.69,0.1572,5.519,5.169,66.71,7.39,90.151,92.402,7.29,0.61,3.69,11.44,100.0,100.0,6.46,5.49,10.05,2.15,54.336,32.13,100.0,63.364,False,,12.7,79.02,-3.29,-4.66,-5.4,7.656,12.51,-6.0,0.62,9.132,16.0,3.72,90.495,89.871,100.0,100.0,53.308,100.0,58.512,11.0,0.32,90.503,89.472,100.0,100.0,50.719,100.0,38.097,5.04,3.231,83.326,81.817,35.01,MODERATE
89,2026-06-01 22:15:00+00:00,22,0,-0.5,0.866025,0.0,1.0,False,False,NIGHT,3.0,3.0,8.0,37.0,81.0,259.0,4.14,0.4,0.0957,5.484,5.911,66.58,7.41,89.978,92.661,7.42,0.59,4.18,12.52,100.0,100.0,6.54,5.36,10.1,2.14,54.11,32.44,100.0,61.881,False,,12.0,78.847,-0.2600000000000007,-3.5500000000000007,-5.3,7.866,12.51,-2.0,0.61,9.145,10.0,3.39,91.21,89.668,100.0,100.0,53.558,100.0,56.848,11.0,0.0,90.748,88.842,100.0,100.0,50.968,100.0,36.299,1.68,2.812,82.133,81.563,35.0,MODERATE
90,2026-06-01 22:30:00+00:00,22,0,-0.5,0.866025,0.0,1.0,False,False,NIGHT,2.0,5.0,7.0,35.0,81.0,261.0,2.85,0.37,0.1308,5.528,4.623,66.84,7.38,90.324,92.289,7.16,0.62,3.83,11.75,100.0,100.0,6.7,5.2,10.1,2.14,54.095,32.59,100.0,53.991,False,,8.2,78.022,-1.2899999999999996,-1.5500000000000003,-6.210000000000001,7.781,12.51,-3.0,0.45,8.86,9.0,2.04,91.422,89.687,100.0,100.0,53.749,100.0,48.818,9.0,0.0,89.349,87.258,100.0,100.0,51.626,100.0,35.739,0.0,3.057,82.133,80.53,34.83,MODERATE
91,2026-06-01 22:45:00+00:00,22,0,-0.5,0.866025,0.0,1.0,False,False,NIGHT,0.0,2.0,5.0,30.0,79.0,261.0,0.0,0.26,0.2561,4.781,5.719,66.67,7.32,90.092,91.504,7.33,0.68,4.18,12.52,100.0,100.0,6.83,4.97,10.21,2.12,53.603,32.43,100.0,36.602,False,,0.0,75.945,-2.85,-4.14,-7.69,7.549,12.51,-4.0,0.14,8.108,8.0,2.69,90.877,89.527,100.0,100.0,51.587,100.0,52.515,9.0,0.0,87.389,86.644,100.0,100.0,49.401,100.0,34.956,6.72,0.273,83.196,82.593,35.31,MODERATE
92,2026-06-01 23:00:00+00:00,23,0,-0.258819,0.965926,0.0,1.0,False,False,NIGHT,7.0,7.0,12.0,34.0,81.0,268.0,3.72,0.0,0.0,5.512,6.489,66.5,7.24,89.871,90.495,7.5,0.76,4.18,12.52,100.0,100.0,6.82,4.9,10.27,2.11,53.308,33.38,100.0,58.512,False,,10.8,78.049,3.72,0.8700000000000001,-0.6800000000000002,7.516,12.51,4.0,1.25,9.275,5.0,0.32,90.503,89.472,100.0,100.0,50.719,100.0,38.097,9.0,0.0,84.648,85.667,100.0,100.0,48.028,100.0,33.859,6.72,2.361,85.599,83.806,35.78,MODERATE
93,2026-06-01 23:15:00+00:00,23,0,-0.258819,0.965926,0.0,1.0,False,False,NIGHT,3.0,10.0,12.0,30.0,81.0,271.0,3.39,0.33,0.0986,5.586,5.959,66.35,7.3,89.668,91.21,7.65,0.7,4.18,12.52,100.0,100.0,6.93,4.85,10.22,2.12,53.558,33.69,100.0,56.848,False,,9.7,77.959,-0.33000000000000007,3.39,-0.7499999999999996,7.299,12.51,4.0,1.25,9.27,5.0,0.0,90.748,88.842,100.0,100.0,50.968,100.0,36.299,8.0,0.0,84.566,85.489,100.0,100.0,48.545,100.0,33.827,1.68,4.625,85.616,82.81,35.77,MODERATE
94,2026-06-01 23:30:00+00:00,23,0,-0.258819,0.965926,0.0,1.0,False,False,NIGHT,2.0,5.0,12.0,29.0,80.0,273.0,2.04,0.31,0.1496,5.632,5.509,66.37,7.31,89.687,91.422,7.63,0.69,2.68,9.21,100.0,100.0,7.07,4.76,10.18,2.13,53.749,33.85,100.0,48.818,False,,5.8,77.159,-1.35,-1.6800000000000002,-0.81,6.961,12.51,5.0,1.26,8.972,5.0,0.0,89.349,87.258,100.0,100.0,51.626,100.0,35.739,8.0,0.0,85.679,85.296,100.0,100.0,47.92,100.0,34.272,3.36,3.024,84.823,83.009,35.93,MODERATE
95,2026-06-01 23:45:00+00:00,23,0,-0.258819,0.965926,0.0,1.0,False,False,NIGHT,4.0,6.0,16.0,30.0,83.0,277.0,2.69,0.18,0.0682,5.624,6.27,66.25,7.27,89.527,90.877,7.75,0.73,3.94,11.98,100.0,100.0,6.65,4.7,10.65,2.04,51.587,34.32,100.0,52.515,False,,7.6,77.236,0.6499999999999999,-0.7000000000000002,2.69,6.561,12.51,11.0,1.89,9.252,7.0,0.0,87.389,86.644,100.0,100.0,49.401,100.0,34.956,6.0,0.0,84.296,84.862,100.0,100.0,47.991,100.0,33.718,1.68,2.522,84.046,82.808,35.92,MODERATE
96,2026-06-02 00:00:00+00:00,0,1,0.0,1.0,0.781831,0.62349,False,False,NIGHT,1.0,5.0,10.0,30.0,80.0,276.0,0.32,0.24,0.2425,5.675,5.958,66.21,7.24,89.472,90.503,7.79,0.76,4.18,12.52,100.0,100.0,6.59,4.57,10.84,2.01,50.719,34.31,100.0,38.097,False,,0.9,75.554,-2.37,-1.72,-3.4000000000000004,6.032,12.51,-2.0,0.93,8.658,6.0,0.0,84.648,85.667,100.0,100.0,48.028,100.0,33.859,8.0,0.0,83.892,84.855,100.0,100.0,47.971,100.0,33.557,5.04,3.756,85.299,83.107,36.23,MODERATE
97,2026-06-02 00:15:00+00:00,0,1,0.0,1.0,0.781831,0.62349,False,False,NIGHT,2.0,3.0,9.0,29.0,78.0,276.0,0.0,0.03,0.0284,3.891,5.676,65.74,7.26,88.842,90.748,8.26,0.74,4.1,12.34,100.0,100.0,6.76,4.45,10.79,2.02,50.968,34.47,100.0,36.299,False,,0.0,75.282,-0.32,-2.69,-3.39,5.251,12.32,-3.0,0.78,8.618,6.0,0.0,84.566,85.489,100.0,100.0,48.545,100.0,33.827,10.0,0.0,82.433,83.766,100.0,100.0,48.01,100.0,32.973,1.68,3.602,83.931,82.605,36.23,MODERATE
98,2026-06-02 00:30:00+00:00,0,1,0.0,1.0,0.781831,0.62349,False,False,NIGHT,1.0,3.0,8.0,27.0,72.0,274.0,0.0,0.0,0.0,1.68,6.818,64.57,7.15,87.258,89.349,9.43,0.85,3.3,10.57,100.0,100.0,7.01,4.35,10.64,2.04,51.626,34.46,100.0,35.739,False,,0.0,74.713,0.0,-0.32,-2.04,4.481,12.15,-4.0,0.61,8.615,4.0,0.0,85.679,85.296,100.0,100.0,47.92,100.0,34.272,11.0,0.0,81.166,83.539,100.0,100.0,46.547,100.0,32.466,7.662,3.797,84.834,83.813,37.02,MODERATE
99,2026-06-02 00:45:00+00:00,0,1,0.0,1.0,0.781831,0.62349,False,False,NIGHT,1.0,2.0,5.0,26.0,70.0,273.0,0.0,0.0,0.0,1.68,4.123,64.12,6.99,86.644,87.389,9.88,1.01,4.18,12.52,100.0,100.0,6.62,4.25,11.13,1.96,49.401,34.45,100.0,34.956,False,,0.0,73.986,0.0,0.0,-2.69,3.721,9.8,-11.0,0.13,8.612,2.0,0.0,84.296,84.862,100.0,100.0,47.991,100.0,33.718,10.0,0.0,82.058,82.779,100.0,100.0,44.624,100.0,32.823,4.098,3.596,83.952,84.078,37.01,MODERATE
100,2026-06-02 01:00:00+00:00,1,1,0.258819,0.965926,0.781831,0.62349,False,False,NIGHT,1.0,2.0,5.0,27.0,67.0,272.0,0.0,0.0,0.0,1.68,5.449,63.39,6.77,85.667,84.648,10.61,1.23,4.18,12.52,100.0,100.0,6.42,4.14,11.43,1.9,48.028,34.45,100.0,33.859,False,,0.0,73.099,0.0,0.0,-0.32,3.109,9.44,-5.0,0.14,8.612,3.0,0.0,83.892,84.855,100.0,100.0,47.971,100.0,33.557,13.0,0.0,80.539,81.999,100.0,100.0,45.463,100.0,32.215,5.04,3.084,86.221,84.494,37.33,MODERATE
101,2026-06-02 01:15:00+00:00,1,1,0.258819,0.965926,0.781831,0.62349,False,False,NIGHT,2.0,3.0,5.0,26.0,63.0,272.0,0.0,0.0,0.0,3.36,3.912,63.26,6.77,85.489,84.566,10.74,1.23,4.18,12.52,100.0,100.0,6.62,4.06,11.32,1.92,48.545,34.6,100.0,33.827,False,,0.0,73.09,0.0,0.0,0.0,2.519,9.06,-4.0,0.13,8.65,2.0,0.0,82.433,83.766,100.0,100.0,48.01,100.0,32.973,17.0,0.0,80.941,81.857,100.0,100.0,43.732,100.0,32.376,1.68,4.235,85.977,83.657,37.32,MODERATE
102,2026-06-02 01:30:00+00:00,1,1,0.258819,0.965926,0.781831,0.62349,False,False,NIGHT,3.0,5.0,7.0,27.0,62.0,274.0,0.0,0.0,0.0,5.04,5.258,63.12,6.85,85.296,85.679,10.88,1.15,4.04,12.2,100.0,100.0,6.54,4.0,11.46,1.9,47.92,34.91,100.0,34.272,False,,0.0,73.214,0.0,0.0,0.0,1.952,7.69,-1.0,0.45,8.728,4.0,0.0,81.166,83.539,100.0,100.0,46.547,100.0,32.466,16.0,0.0,81.092,81.254,100.0,100.0,44.095,100.0,32.437,5.04,2.399,87.436,84.392,37.63,MODERATE
103,2026-06-02 01:45:00+00:00,1,1,0.258819,0.965926,0.781831,0.62349,False,False,NIGHT,0.0,3.0,6.0,27.0,57.0,272.0,0.0,0.0,0.0,0.0,1.726,62.8,6.74,84.862,84.296,11.2,1.26,4.1,12.34,100.0,100.0,6.62,3.94,11.44,1.9,47.991,34.75,100.0,33.718,False,,0.0,72.848,0.0,0.0,0.0,1.472,4.4,1.0,0.3,8.688,4.0,0.0,82.058,82.779,100.0,100.0,44.624,100.0,32.823,17.0,0.0,81.62,81.39,100.0,100.0,43.716,100.0,32.648,0.0,2.363,84.621,83.898,37.47,MODERATE
104,2026-06-02 02:00:00+00:00,2,1,0.5,0.866025,0.781831,0.62349,False,False,NIGHT,1.0,1.0,6.0,21.0,55.0,273.0,0.0,0.0,0.0,1.68,1.829,62.79,6.71,84.855,83.892,11.21,1.29,3.96,12.04,100.0,100.0,6.66,3.89,11.45,1.9,47.971,34.74,100.0,33.557,False,,0.0,72.764,0.0,0.0,0.0,1.197,4.14,1.0,0.29,8.685,5.0,0.0,80.539,81.999,100.0,100.0,45.463,100.0,32.215,16.0,0.0,83.326,81.817,100.0,100.0,46.422,100.0,33.331,0.0,3.558,83.949,82.768,37.3,MODERATE
105,2026-06-02 02:15:00+00:00,2,1,0.5,0.866025,0.781831,0.62349,False,False,NIGHT,0.0,1.0,4.0,18.0,48.0,272.0,0.0,0.0,0.0,0.0,3.692,61.99,6.59,83.766,82.433,12.01,1.41,4.18,12.52,100.0,100.0,6.72,3.84,11.44,1.9,48.01,34.57,100.0,32.973,False,,0.0,72.236,0.0,0.0,0.0,0.938,3.72,-1.0,-0.03,8.642,8.0,0.0,80.941,81.857,100.0,100.0,43.732,100.0,32.376,16.0,0.0,82.133,81.563,100.0,100.0,45.037,100.0,32.853,5.04,1.599,84.173,83.907,37.61,MODERATE
106,2026-06-02 02:30:00+00:00,2,1,0.5,0.866025,0.781831,0.62349,False,False,NIGHT,1.0,1.0,2.0,17.0,46.0,272.0,0.0,0.0,0.0,1.68,2.756,61.82,6.49,83.539,81.166,12.18,1.51,4.18,12.52,100.0,100.0,6.45,3.79,11.76,1.84,46.547,34.57,100.0,32.466,False,,0.0,71.801,0.0,0.0,0.0,0.76,3.72,-5.0,-0.34,8.642,7.0,0.0,81.092,81.254,100.0,100.0,44.095,100.0,32.437,16.0,0.0,82.133,80.53,100.0,100.0,43.925,100.0,32.853,6.72,2.066,86.408,85.237,38.09,MODERATE
107,2026-06-02 02:45:00+00:00,2,1,0.5,0.866025,0.781831,0.62349,False,False,NIGHT,1.0,2.0,3.0,14.0,44.0,271.0,0.0,0.0,0.0,1.68,3.644,61.26,6.56,82.779,82.058,12.74,1.44,3.66,11.38,100.0,100.0,6.07,3.75,12.18,1.77,44.624,34.56,100.0,32.823,False,,0.0,71.639,0.0,0.0,0.0,0.76,3.72,-3.0,-0.19,8.64,6.0,0.0,81.62,81.39,100.0,100.0,43.716,100.0,32.648,22.0,0.0,83.196,82.593,100.0,100.0,44.938,100.0,33.278,3.36,4.798,86.088,84.786,38.24,MODERATE
108,2026-06-02 03:00:00+00:00,3,1,0.707107,0.707107,0.781831,0.62349,False,False,NIGHT,0.0,1.0,2.0,13.0,43.0,270.0,0.0,0.0,0.0,0.0,2.796,60.68,6.44,81.999,80.539,13.32,1.56,3.19,10.34,100.0,100.0,6.29,3.71,12.0,1.8,45.463,34.39,100.0,32.215,False,,0.0,71.239,0.0,0.0,0.0,0.528,3.39,-4.0,-0.35,8.598,8.0,0.0,83.326,81.817,100.0,100.0,46.422,100.0,33.331,19.0,0.0,85.599,83.806,100.0,100.0,45.039,100.0,34.24,1.68,3.44,85.69,84.234,38.23,MODERATE
109,2026-06-02 03:15:00+00:00,3,1,0.707107,0.707107,0.781831,0.62349,False,False,NIGHT,2.0,2.0,4.0,13.0,42.0,272.0,0.0,0.0,0.0,3.36,3.65,60.57,6.48,81.857,80.941,13.43,1.52,3.16,10.28,100.0,100.0,5.94,3.68,12.38,1.73,43.732,34.55,100.0,32.376,False,,0.0,71.133,0.0,0.0,0.0,0.316,2.69,0.0,-0.02,8.638,9.0,0.0,82.133,81.563,100.0,100.0,45.037,100.0,32.853,18.0,0.0,85.616,82.81,100.0,100.0,44.386,100.0,34.246,3.36,3.429,86.495,84.124,38.39,MODERATE
110,2026-06-02 03:30:00+00:00,3,1,0.707107,0.707107,0.781831,0.62349,False,False,NIGHT,1.0,3.0,4.0,13.0,40.0,270.0,0.0,0.0,0.0,1.68,3.417,60.13,6.49,81.254,81.092,13.87,1.51,3.96,12.03,100.0,100.0,6.04,3.66,12.3,1.75,44.095,34.54,100.0,32.437,False,,0.0,71.063,0.0,0.0,0.0,0.188,2.69,2.0,-0.03,8.635,9.0,0.0,82.133,80.53,100.0,100.0,43.925,100.0,32.853,18.0,0.0,84.823,83.009,100.0,100.0,45.261,100.0,33.929,7.212,3.126,88.032,85.338,39.02,MODERATE
111,2026-06-02 03:45:00+00:00,3,1,0.707107,0.707107,0.781831,0.62349,False,False,NIGHT,2.0,3.0,5.0,14.0,40.0,272.0,0.0,0.0,0.0,3.36,2.789,60.23,6.53,81.39,81.62,13.77,1.47,2.3,8.39,100.0,100.0,5.97,3.64,12.38,1.73,43.716,34.69,100.0,32.648,False,,0.0,71.164,0.0,0.0,0.0,0.02,0.32,2.0,0.13,8.672,11.0,0.0,83.196,82.593,100.0,100.0,44.938,100.0,33.278,19.0,0.0,84.046,82.808,100.0,100.0,44.649,100.0,33.619,6.859,4.868,88.862,85.921,39.81,MODERATE
112,2026-06-02 04:00:00+00:00,4,1,0.866025,0.5,0.781831,0.62349,False,False,NIGHT,3.0,5.0,8.0,16.0,43.0,274.0,0.0,0.0,0.0,5.04,3.231,60.54,6.67,81.817,83.326,13.46,1.33,4.18,12.52,100.0,100.0,6.56,3.65,11.79,1.84,46.422,35.01,100.0,33.331,False,,0.0,71.843,0.0,0.0,0.0,0.0,0.0,6.0,0.62,8.752,8.0,0.0,85.599,83.806,100.0,100.0,45.039,100.0,34.24,18.0,0.0,85.299,83.107,81.122,73.27,46.472,100.0,34.12,6.688,4.014,89.888,86.714,40.45,MODERATE
113,2026-06-02 04:15:00+00:00,4,1,0.866025,0.5,0.781831,0.62349,False,False,NIGHT,1.0,4.0,7.0,15.0,41.0,272.0,0.0,0.0,0.0,1.68,2.812,60.36,6.57,81.563,82.133,13.64,1.43,4.18,12.52,100.0,100.0,6.27,3.64,12.09,1.78,45.037,35.0,100.0,32.853,False,,0.0,71.424,0.0,0.0,0.0,0.0,0.0,3.0,0.45,8.75,7.0,0.0,85.616,82.81,100.0,100.0,44.386,100.0,34.246,15.0,0.0,83.931,82.605,100.0,88.839,47.268,100.0,33.573,6.458,3.362,89.98,87.75,40.92,MODERATE
114,2026-06-02 04:30:00+00:00,4,1,0.866025,0.5,0.781831,0.62349,False,False,NIGHT,0.0,1.0,6.0,12.0,39.0,270.0,0.0,0.0,0.0,0.0,3.057,59.59,6.57,80.53,82.133,14.41,1.43,3.85,11.8,100.0,100.0,6.03,3.64,12.34,1.74,43.925,34.83,100.0,32.853,False,,0.0,71.096,0.0,0.0,0.0,0.0,0.0,2.0,0.29,8.708,7.0,0.0,84.823,83.009,100.0,100.0,45.261,100.0,33.929,17.0,1.44,84.834,83.813,82.667,74.665,48.644,100.0,42.571,6.173,5.506,89.966,87.977,41.07,MODERATE
115,2026-06-02 04:45:00+00:00,4,1,0.866025,0.5,0.781831,0.62349,False,False,NIGHT,4.0,4.0,8.0,16.0,43.0,274.0,0.0,0.0,0.0,6.72,0.273,61.12,6.66,82.593,83.196,12.88,1.34,4.18,12.52,100.0,100.0,6.25,3.64,12.11,1.78,44.938,35.31,100.0,33.278,False,,0.0,71.854,0.0,0.0,0.0,0.0,0.0,3.0,0.62,8.828,11.0,0.0,84.046,82.808,100.0,100.0,44.649,100.0,33.619,15.0,0.0,83.952,84.078,82.071,74.127,48.629,100.0,33.581,6.111,6.043,89.625,88.037,41.55,MODERATE
116,2026-06-02 05:00:00+00:00,5,1,0.965926,0.258819,0.781831,0.62349,False,False,NIGHT,4.0,8.0,9.0,19.0,40.0,277.0,0.0,0.0,0.0,6.72,2.361,62.02,6.85,83.806,85.599,11.98,1.15,4.18,12.52,100.0,100.0,6.24,3.67,12.09,1.78,45.039,35.78,100.0,34.24,False,,0.0,72.611,0.0,0.0,0.0,0.0,0.0,1.0,0.77,8.945,11.0,0.0,85.299,83.107,81.122,73.27,46.472,100.0,34.12,16.0,0.0,86.221,84.494,100.0,94.753,50.343,100.0,34.488,5.859,4.492,89.643,88.497,41.54,MODERATE
117,2026-06-02 05:15:00+00:00,5,1,0.965926,0.258819,0.781831,0.62349,False,False,NIGHT,1.0,5.0,9.0,20.0,38.0,275.0,0.0,0.0,0.0,1.68,4.625,61.28,6.85,82.81,85.616,12.72,1.15,3.67,11.39,100.0,100.0,6.08,3.69,12.24,1.76,44.386,35.77,100.0,34.246,False,,0.0,72.336,0.0,0.0,0.0,0.0,0.0,2.0,0.77,8.942,11.0,0.0,83.931,82.605,100.0,88.839,47.268,100.0,33.573,14.0,0.0,85.977,83.657,81.66,73.756,48.796,100.0,34.391,5.973,5.304,90.231,88.659,42.33,MODERATE
118,2026-06-02 05:30:00+00:00,5,1,0.965926,0.258819,0.781831,0.62349,False,False,NIGHT,2.0,3.0,11.0,21.0,38.0,272.0,0.0,0.0,0.0,3.36,3.024,61.43,6.79,83.009,84.823,12.57,1.21,2.2,8.16,100.0,100.0,6.26,3.7,12.04,1.79,45.261,35.93,100.0,33.929,False,,0.0,72.3,0.0,0.0,0.0,0.0,0.0,5.0,1.1,8.982,11.0,1.44,84.834,83.813,82.667,74.665,48.644,100.0,42.571,15.0,0.0,87.436,84.392,82.377,74.403,45.143,100.0,34.974,5.921,6.438,90.836,88.419,42.97,MODERATE
119,2026-06-02 05:45:00+00:00,5,1,0.965926,0.258819,0.781831,0.62349,False,False,NIGHT,1.0,3.0,8.0,21.0,35.0,271.0,0.0,0.0,0.0,1.68,2.522,61.28,6.72,82.808,84.046,12.72,1.28,4.18,12.52,100.0,100.0,6.13,3.7,12.18,1.77,44.649,35.92,100.0,33.619,False,,0.0,72.045,0.0,0.0,0.0,0.0,0.0,0.0,0.61,8.98,8.0,0.0,83.952,84.078,82.071,74.127,48.629,100.0,33.581,17.0,0.0,84.621,83.898,100.0,100.0,46.924,100.0,33.848,5.979,5.753,91.096,88.467,43.44,MODERATE
120,2026-06-02 06:00:00+00:00,6,1,1.0,0.0,0.781831,0.62349,False,False,MORNING,3.0,4.0,7.0,24.0,37.0,273.0,0.0,0.0,0.0,5.04,3.756,61.5,6.82,83.107,85.299,12.5,1.18,7.98,19.08,81.122,73.27,6.52,3.71,11.78,1.84,46.472,36.23,100.0,34.12,False,,0.0,67.053,0.0,0.0,0.0,0.0,0.0,-2.0,0.45,9.058,7.0,0.0,86.221,84.494,100.0,94.753,50.343,100.0,34.488,23.0,0.0,83.949,82.768,100.0,91.687,46.974,100.0,33.58,5.962,4.402,92.016,88.895,43.75,NORMAL
121,2026-06-02 06:15:00+00:00,6,1,1.0,0.0,0.781831,0.62349,False,False,MORNING,1.0,4.0,7.0,23.0,36.0,270.0,0.0,0.0,0.0,1.68,3.602,61.13,6.71,82.605,83.931,12.87,1.29,6.42,15.64,100.0,88.839,6.69,3.7,11.6,1.87,47.268,36.23,100.0,33.573,False,,0.0,70.874,0.0,0.0,0.0,0.0,0.0,-2.0,0.46,9.058,4.0,0.0,85.977,83.657,81.66,73.756,48.796,100.0,34.391,28.0,0.0,84.173,83.907,86.678,77.926,45.334,100.0,33.669,5.833,4.363,92.415,89.348,44.39,MODERATE
122,2026-06-02 06:30:00+00:00,6,1,1.0,0.0,0.781831,0.62349,False,False,MORNING,6.0,7.0,11.0,28.0,41.0,276.0,1.44,0.0,0.0,7.662,3.797,62.02,6.79,83.813,84.834,11.98,1.21,7.98,19.08,82.667,74.665,6.94,3.76,11.3,1.93,48.644,37.02,100.0,42.571,False,,3.0,68.585,1.44,1.44,1.44,0.09,1.44,0.0,1.09,9.615,6.0,0.0,87.436,84.392,82.377,74.403,45.143,100.0,34.974,29.0,0.0,86.408,85.237,83.202,75.149,46.233,100.0,34.563,5.703,5.267,92.143,89.525,45.02,NORMAL
123,2026-06-02 06:45:00+00:00,6,1,1.0,0.0,0.781831,0.62349,False,False,MORNING,1.0,7.0,11.0,27.0,41.0,276.0,0.0,0.13,0.1296,4.098,3.596,62.22,6.72,84.078,83.952,11.78,1.28,7.98,19.08,82.071,74.127,6.95,3.75,11.3,1.93,48.629,37.01,100.0,33.581,False,,0.0,67.408,-1.44,0.0,0.0,0.09,1.44,3.0,1.09,9.252,7.0,0.0,84.621,83.898,100.0,100.0,46.924,100.0,33.848,27.0,0.0,86.088,84.786,88.474,79.473,46.003,100.0,34.435,5.659,5.609,91.576,89.603,45.49,NORMAL
124,2026-06-02 07:00:00+00:00,7,1,0.965926,-0.258819,0.781831,0.62349,False,False,MORNING,3.0,4.0,11.0,27.0,43.0,275.0,0.0,0.0,0.0,5.04,3.084,62.53,6.9,84.494,86.221,11.47,1.1,6.13,15.0,100.0,94.753,7.32,3.76,10.92,1.99,50.343,37.33,100.0,34.488,False,,0.0,72.734,0.0,-1.44,0.0,0.09,1.44,4.0,1.1,9.332,9.0,0.0,83.949,82.768,100.0,91.687,46.974,100.0,33.58,29.0,0.0,85.69,84.234,82.223,74.265,44.418,100.0,34.276,9.617,5.415,95.52,90.596,46.61,MODERATE
125,2026-06-02 07:15:00+00:00,7,1,0.965926,-0.258819,0.781831,0.62349,False,False,MORNING,1.0,4.0,11.0,27.0,42.0,273.0,0.0,0.0,0.0,1.68,4.235,61.91,6.88,83.657,85.977,12.09,1.12,7.98,19.08,81.66,73.756,6.97,3.76,11.26,1.93,48.796,37.32,100.0,34.391,False,,0.0,67.642,0.0,0.0,0.0,0.09,1.44,4.0,1.09,9.33,10.0,0.0,84.173,83.907,86.678,77.926,45.334,100.0,33.669,29.0,0.0,86.495,84.124,82.116,74.167,44.177,100.0,34.598,9.064,5.844,98.469,91.364,47.88,NORMAL
126,2026-06-02 07:30:00+00:00,7,1,0.965926,-0.258819,0.781831,0.62349,False,False,MORNING,3.0,4.0,8.0,30.0,42.0,273.0,0.0,0.0,0.0,5.04,2.399,62.45,6.99,84.392,87.436,11.55,1.01,7.98,19.08,82.377,74.403,6.15,3.78,12.07,1.79,45.143,37.63,100.0,34.974,False,,0.0,67.93,0.0,0.0,-1.44,0.09,1.44,-3.0,0.61,9.408,9.0,0.0,86.408,85.237,83.202,75.149,46.233,100.0,34.563,33.0,0.71,88.032,85.338,83.721,75.617,46.223,100.0,39.457,8.638,6.555,100.0,91.805,49.79,NORMAL
127,2026-06-02 07:45:00+00:00,7,1,0.965926,-0.258819,0.781831,0.62349,False,False,MORNING,0.0,3.0,7.0,26.0,42.0,268.0,0.0,0.0,0.0,0.0,2.363,62.08,6.77,83.898,84.621,11.92,1.23,4.92,12.35,100.0,100.0,6.56,3.77,11.68,1.86,46.924,37.47,100.0,33.848,False,,0.0,72.605,0.0,0.0,0.0,0.09,1.44,-4.0,0.46,9.368,10.0,0.0,86.088,84.786,88.474,79.473,46.003,100.0,34.435,33.0,2.62,88.862,85.921,85.428,77.159,49.947,100.0,51.293,8.398,6.412,100.0,92.24,50.59,MODERATE
128,2026-06-02 08:00:00+00:00,8,1,0.866025,-0.5,0.781831,0.62349,False,False,MORNING,0.0,0.0,4.0,22.0,41.0,265.0,0.0,0.0,0.0,0.0,3.558,61.25,6.72,82.768,83.949,12.75,1.28,6.21,15.18,100.0,91.687,6.58,3.75,11.67,1.86,46.974,37.3,100.0,33.58,False,,0.0,71.229,0.0,0.0,0.0,0.09,1.44,-7.0,-0.03,9.325,14.0,0.0,85.69,84.234,82.223,74.265,44.418,100.0,34.276,31.0,3.64,89.888,86.714,89.53,80.662,50.023,100.0,57.817,8.195,5.064,100.0,93.147,51.38,MODERATE
129,2026-06-02 08:15:00+00:00,8,1,0.866025,-0.5,0.781831,0.62349,False,False,MORNING,3.0,3.0,6.0,24.0,44.0,266.0,0.0,0.0,0.0,5.04,1.599,62.09,6.73,83.907,84.173,11.91,1.27,7.54,18.11,86.678,77.926,6.23,3.74,12.03,1.8,45.334,37.61,100.0,33.669,False,,0.0,68.127,0.0,0.0,0.0,0.09,1.44,-5.0,0.29,9.402,18.0,0.0,86.495,84.124,82.116,74.167,44.177,100.0,34.598,29.0,3.8,89.98,87.75,99.806,89.184,51.447,100.0,58.791,7.772,7.48,100.0,93.199,52.49,NORMAL
130,2026-06-02 08:30:00+00:00,8,1,0.866025,-0.5,0.781831,0.62349,False,False,MORNING,4.0,7.0,7.0,26.0,47.0,268.0,0.0,0.0,0.0,6.72,2.066,63.08,6.91,85.237,86.408,10.92,1.09,7.98,19.08,83.202,75.149,6.42,3.76,11.83,1.83,46.233,38.09,100.0,34.563,False,,0.0,68.197,0.0,0.0,0.0,0.09,1.44,-1.0,0.46,9.522,20.0,0.71,88.032,85.338,83.721,75.617,46.223,100.0,39.457,30.0,2.13,89.966,87.977,100.0,94.018,51.127,100.0,48.738,7.748,6.837,100.0,93.207,54.09,NORMAL
131,2026-06-02 08:45:00+00:00,8,1,0.866025,-0.5,0.781831,0.62349,False,False,MORNING,2.0,6.0,9.0,27.0,48.0,266.0,0.0,0.0,0.0,3.36,4.798,62.74,6.89,84.786,86.088,11.26,1.11,7.46,17.94,88.474,79.473,6.36,3.76,11.88,1.82,46.003,38.24,100.0,34.435,False,,0.0,69.164,0.0,0.0,0.0,0.09,1.44,2.0,0.77,9.56,17.0,2.62,88.862,85.921,85.428,77.159,49.947,100.0,51.293,33.0,2.49,89.625,88.037,87.412,78.951,50.597,100.0,50.776,7.744,7.073,100.0,93.214,55.36,NORMAL
132,2026-06-02 09:00:00+00:00,9,1,0.707107,-0.707107,0.781831,0.62349,False,False,MORNING,1.0,3.0,10.0,25.0,49.0,264.0,0.0,0.0,0.0,1.68,3.44,62.33,6.86,84.234,85.69,11.67,1.14,7.98,19.08,82.223,74.265,6.01,3.76,12.23,1.76,44.418,38.23,100.0,34.276,False,,0.0,67.446,0.0,0.0,0.0,0.09,1.44,6.0,0.93,9.558,15.0,3.64,89.888,86.714,89.53,80.662,50.023,100.0,57.817,33.0,0.0,89.643,88.497,90.972,81.82,49.983,100.0,35.857,7.741,6.528,100.0,93.467,56.95,NORMAL
133,2026-06-02 09:15:00+00:00,9,1,0.707107,-0.707107,0.781831,0.62349,False,False,MORNING,2.0,3.0,9.0,26.0,49.0,260.0,0.0,0.0,0.0,3.36,3.429,62.25,6.92,84.124,86.495,11.75,1.08,7.98,19.08,82.116,74.167,5.95,3.77,12.28,1.75,44.177,38.39,100.0,34.598,False,,0.0,67.536,0.0,0.0,0.0,0.09,1.44,3.0,0.78,9.598,11.0,3.8,89.98,87.75,99.806,89.184,51.447,100.0,58.791,40.0,2.44,90.231,88.659,100.0,91.249,51.788,100.0,50.759,7.623,8.068,100.0,93.158,57.59,NORMAL
134,2026-06-02 09:30:00+00:00,9,1,0.707107,-0.707107,0.781831,0.62349,False,False,MORNING,5.0,7.0,10.0,25.0,53.0,260.0,0.71,0.0,0.0,7.212,3.126,63.15,7.04,85.338,88.032,10.85,0.96,7.98,19.08,83.721,75.617,6.35,3.82,11.83,1.83,46.223,39.02,100.0,39.457,False,,1.6,69.116,0.71,0.71,0.71,0.134,1.44,3.0,0.93,9.933,13.0,2.13,89.966,87.977,100.0,94.018,51.127,100.0,48.738,43.0,3.92,90.836,88.419,88.635,80.055,51.282,100.0,59.854,7.767,7.156,100.0,93.278,58.38,NORMAL
135,2026-06-02 09:45:00+00:00,9,1,0.707107,-0.707107,0.781831,0.62349,False,False,MORNING,6.0,11.0,14.0,30.0,57.0,263.0,2.62,0.06,0.0243,6.859,4.868,63.58,7.11,85.921,88.862,10.42,0.89,7.98,19.08,85.428,77.159,7.06,3.93,11.01,1.98,49.947,39.81,100.0,51.293,False,,6.1,71.357,1.9100000000000001,2.62,2.62,0.298,2.62,5.0,1.57,10.608,16.0,2.49,89.625,88.037,87.412,78.951,50.597,100.0,50.776,51.0,4.36,91.096,88.467,88.944,80.334,51.152,100.0,62.606,7.711,6.794,100.0,93.467,59.01,MODERATE
136,2026-06-02 10:00:00+00:00,10,1,0.5,-0.866025,0.781831,0.62349,False,False,MORNING,5.0,11.0,18.0,32.0,59.0,265.0,3.64,0.24,0.0648,6.688,4.014,64.17,7.19,86.714,89.888,9.83,0.81,7.74,18.54,89.53,80.662,6.94,4.07,11.0,1.98,50.023,40.45,100.0,57.817,False,,8.7,73.309,1.02,2.93,3.64,0.526,3.64,8.0,2.22,11.022,16.0,0.0,89.643,88.497,90.972,81.82,49.983,100.0,35.857,53.0,3.81,92.016,88.895,89.035,80.417,52.358,100.0,59.681,4.475,7.385,98.317,92.665,59.33,MODERATE
137,2026-06-02 10:15:00+00:00,10,1,0.5,-0.866025,0.781831,0.62349,False,False,MORNING,4.0,9.0,20.0,35.0,62.0,269.0,3.8,0.33,0.0863,6.458,3.362,64.93,7.2,87.75,89.98,9.07,0.8,7.03,16.98,99.806,89.184,7.14,4.18,10.68,2.04,51.447,40.92,100.0,58.791,False,,9.4,76.042,0.1599999999999997,1.1799999999999997,3.8,0.763,3.8,11.0,2.53,11.18,18.0,2.44,90.231,88.659,100.0,91.249,51.788,100.0,50.759,56.0,5.34,92.415,89.348,91.514,82.573,52.218,100.0,69.01,4.717,7.739,95.953,91.9,59.48,MODERATE
138,2026-06-02 10:30:00+00:00,10,1,0.5,-0.866025,0.781831,0.62349,False,False,MORNING,2.0,6.0,17.0,34.0,64.0,266.0,2.13,0.34,0.1609,6.173,5.506,65.1,7.2,87.977,89.966,8.9,0.8,6.57,15.97,100.0,94.018,7.03,4.21,10.75,2.02,51.127,41.07,100.0,48.738,False,,5.5,75.595,-1.67,-1.5100000000000002,1.42,0.806,3.8,7.0,2.05,10.8,17.0,3.92,90.836,88.419,88.635,80.055,51.282,100.0,59.854,59.0,6.95,92.143,89.525,91.51,82.652,52.065,100.0,78.532,4.958,7.682,94.7,91.115,59.63,MODERATE
139,2026-06-02 10:45:00+00:00,10,1,0.5,-0.866025,0.781831,0.62349,False,False,MORNING,4.0,6.0,15.0,38.0,64.0,267.0,2.49,0.19,0.0769,6.111,6.043,65.15,7.17,88.037,89.625,8.85,0.83,7.98,19.08,87.412,78.951,6.88,4.25,10.87,2.0,50.597,41.55,100.0,50.776,False,,6.5,72.404,0.3600000000000003,-1.3099999999999996,-0.1299999999999999,0.962,3.8,1.0,1.74,11.01,17.0,4.36,91.096,88.467,88.944,80.334,51.152,100.0,62.606,65.0,7.58,91.576,89.603,91.961,83.06,51.378,100.0,82.096,5.189,6.575,93.803,90.744,59.63,MODERATE
140,2026-06-02 11:00:00+00:00,11,1,0.258819,-0.965926,0.781831,0.62349,False,False,MORNING,1.0,5.0,11.0,39.0,61.0,261.0,0.0,0.22,0.2239,5.859,4.492,65.49,7.17,88.497,89.643,8.51,0.83,7.58,18.19,90.972,81.82,6.81,4.19,11.0,1.98,49.983,41.54,100.0,35.857,False,,0.0,71.631,-2.49,-2.13,-3.64,0.962,3.8,-7.0,1.09,10.385,17.0,3.81,92.016,88.895,89.035,80.417,52.358,100.0,59.681,70.0,11.04,95.52,90.596,100.0,93.793,53.417,100.0,100.0,5.303,6.622,93.421,90.339,59.94,MODERATE
141,2026-06-02 11:15:00+00:00,11,1,0.258819,-0.965926,0.781831,0.62349,False,False,MORNING,6.0,7.0,13.0,42.0,66.0,262.0,2.44,0.0,0.0,5.973,5.304,65.61,7.22,88.659,90.231,8.39,0.78,6.86,16.61,100.0,91.249,7.16,4.23,10.61,2.05,51.788,42.33,100.0,50.759,False,,6.5,75.724,2.44,-0.050000000000000266,-1.3599999999999999,1.114,3.8,-7.0,1.41,11.192,22.0,5.34,92.415,89.348,91.514,82.573,52.218,100.0,69.01,73.0,15.77,98.469,91.364,100.0,97.003,57.297,100.0,100.0,5.419,5.291,92.721,90.458,60.09,MODERATE
142,2026-06-02 11:30:00+00:00,11,1,0.258819,-0.965926,0.781831,0.62349,False,False,MORNING,5.0,11.0,16.0,43.0,69.0,262.0,3.92,0.22,0.0561,5.921,6.438,65.43,7.27,88.419,90.836,8.57,0.73,7.98,19.08,88.635,80.055,6.96,4.33,10.72,2.03,51.282,42.97,100.0,59.854,False,,10.6,73.986,1.48,3.92,1.79,1.359,3.92,-1.0,1.9,11.722,26.0,6.95,92.143,89.525,91.51,82.652,52.065,100.0,78.532,69.0,24.69,100.0,91.805,100.0,100.0,58.883,100.0,100.0,5.396,4.757,91.446,90.812,60.09,MODERATE
143,2026-06-02 11:45:00+00:00,11,1,0.258819,-0.965926,0.781831,0.62349,False,False,MORNING,4.0,9.0,16.0,45.0,72.0,263.0,4.36,0.35,0.0809,5.979,5.753,65.47,7.29,88.467,91.096,8.53,0.71,7.98,19.08,88.944,80.334,6.83,4.42,10.75,2.03,51.152,43.44,100.0,62.606,False,,11.6,74.389,0.4400000000000004,1.9200000000000004,1.87,1.632,4.36,1.0,1.89,11.95,34.0,7.58,91.576,89.603,91.961,83.06,51.378,100.0,82.096,62.0,26.73,100.0,92.24,100.0,100.0,63.915,100.0,100.0,5.316,5.94,90.365,90.718,60.72,MODERATE
144,2026-06-02 12:00:00+00:00,12,1,0.0,-1.0,0.781831,0.62349,False,False,MORNING,3.0,7.0,18.0,47.0,72.0,264.0,3.81,0.39,0.103,5.962,4.402,65.78,7.36,88.895,92.016,8.22,0.64,7.98,19.08,89.035,80.417,7.04,4.48,10.48,2.07,52.358,43.75,100.0,59.681,False,,10.2,74.445,-0.5500000000000003,-0.10999999999999988,3.81,1.87,4.36,7.0,2.21,11.89,36.0,11.04,95.52,90.596,100.0,93.793,53.417,100.0,100.0,61.0,28.87,100.0,93.147,100.0,100.0,67.826,100.0,100.0,5.356,5.413,90.373,90.698,60.87,MODERATE
145,2026-06-02 12:15:00+00:00,12,1,0.0,-1.0,0.781831,0.62349,False,False,MORNING,5.0,8.0,17.0,50.0,76.0,266.0,5.34,0.34,0.0642,5.833,4.363,66.12,7.39,89.348,92.415,7.88,0.61,7.88,18.86,91.514,82.573,6.9,4.59,10.51,2.07,52.218,44.39,100.0,69.01,False,,14.6,76.147,1.5299999999999998,0.9799999999999995,2.9,2.204,5.34,4.0,2.06,12.433,34.0,15.77,98.469,91.364,100.0,97.003,57.297,100.0,100.0,58.0,33.2,100.0,93.199,100.0,100.0,71.595,100.0,100.0,5.362,5.978,88.722,90.668,61.03,MODERATE
146,2026-06-02 12:30:00+00:00,12,1,0.0,-1.0,0.781831,0.62349,False,False,MORNING,5.0,10.0,17.0,50.0,75.0,268.0,6.95,0.48,0.0692,5.703,5.267,66.25,7.37,89.525,92.143,7.75,0.63,7.98,19.08,91.51,82.652,6.72,4.73,10.55,2.06,52.065,45.02,100.0,78.532,False,,19.4,77.157,1.6100000000000003,3.14,3.0300000000000002,2.638,6.95,1.0,2.05,12.993,33.0,24.69,100.0,91.805,100.0,100.0,58.883,100.0,100.0,52.0,40.54,100.0,93.207,100.0,100.0,74.778,100.0,100.0,5.392,5.999,89.601,90.368,61.34,MODERATE
147,2026-06-02 12:45:00+00:00,12,1,0.0,-1.0,0.781831,0.62349,False,False,MORNING,4.0,9.0,17.0,48.0,78.0,266.0,7.58,0.63,0.0825,5.659,5.609,66.31,7.33,89.603,91.576,7.69,0.67,7.98,19.08,91.961,83.06,6.44,4.87,10.7,2.03,51.378,45.49,100.0,82.096,False,,21.4,77.506,0.6299999999999999,2.24,3.2199999999999998,3.112,7.58,1.0,2.05,13.268,31.0,26.73,100.0,92.24,100.0,100.0,63.915,100.0,100.0,43.0,45.89,100.0,93.214,100.0,100.0,76.456,100.0,100.0,5.462,4.854,90.018,90.528,61.81,MODERATE
148,2026-06-02 13:00:00+00:00,13,1,-0.258819,-0.965926,0.781831,0.62349,False,False,MORNING,8.0,12.0,22.0,51.0,83.0,271.0,11.04,0.92,0.0834,9.617,5.415,67.04,7.64,90.596,95.52,6.96,0.36,7.98,19.08,100.0,93.793,6.6,5.15,10.25,2.12,53.417,46.61,100.0,100.0,True,MASS_CASUALTY_INTAKE,23.1,83.163,3.459999999999999,4.089999999999999,7.229999999999999,3.802,11.04,4.0,2.86,14.412,34.0,28.87,100.0,93.147,100.0,100.0,67.826,100.0,100.0,35.0,53.24,100.0,93.467,100.0,100.0,80.858,100.0,100.0,5.413,7.685,91.133,89.64,62.45,MODERATE
149,2026-06-02 13:15:00+00:00,13,1,-0.258819,-0.965926,0.781831,0.62349,False,False,MORNING,9.0,17.0,26.0,56.0,91.0,278.0,15.77,1.34,0.0851,9.064,5.844,67.61,7.88,91.364,98.469,6.39,0.12,7.98,19.08,100.0,97.003,7.03,5.58,9.39,2.27,57.297,47.88,100.0,100.0,True,MASS_CASUALTY_INTAKE,35.0,87.684,4.73,8.19,10.43,4.788,15.77,9.0,3.49,15.913,39.0,33.2,100.0,93.199,100.0,100.0,71.595,100.0,100.0,27.0,54.64,100.0,93.158,100.0,100.0,84.532,100.0,100.0,5.641,6.223,91.932,89.357,62.92,HIGH
150,2026-06-02 13:30:00+00:00,13,1,-0.258819,-0.965926,0.781831,0.62349,False,False,MORNING,13.0,22.0,34.0,67.0,101.0,289.0,24.69,1.92,0.0776,8.638,6.555,67.94,8.0,91.805,100.0,6.06,0.0,7.39,17.77,100.0,100.0,6.68,6.27,9.05,2.33,58.883,49.79,100.0,100.0,True,MASS_CASUALTY_INTAKE,57.6,94.298,8.920000000000002,13.650000000000002,17.740000000000002,6.286,24.69,17.0,4.77,18.62,36.0,40.54,100.0,93.207,100.0,100.0,74.778,100.0,100.0,24.0,56.98,100.0,93.278,100.0,100.0,85.685,100.0,100.0,5.707,6.622,92.185,89.021,64.03,HIGH
151,2026-06-02 13:45:00+00:00,13,1,-0.258819,-0.965926,0.781831,0.62349,False,False,MORNING,6.0,19.0,36.0,69.0,107.0,294.0,26.73,3.0,0.1122,8.398,6.412,68.26,8.0,92.24,100.0,5.74,0.0,5.22,13.01,100.0,100.0,7.14,6.92,7.94,2.53,63.915,50.59,100.0,100.0,True,MASS_CASUALTY_INTAKE,64.1,95.045,2.039999999999999,10.96,19.15,7.793,26.73,19.0,5.1,19.33,31.0,45.89,100.0,93.214,100.0,100.0,76.456,100.0,100.0,19.0,58.34,100.0,93.467,100.0,100.0,86.688,100.0,100.0,5.796,6.414,92.758,88.75,64.19,CRITICAL
152,2026-06-02 14:00:00+00:00,14,1,-0.5,-0.866025,0.781831,0.62349,False,False,EVENING,6.0,12.0,34.0,74.0,113.0,298.0,28.87,3.25,0.1125,8.195,5.064,68.93,8.0,93.147,100.0,5.07,0.0,5.72,13.75,100.0,100.0,7.4,7.52,7.08,2.69,67.826,51.38,100.0,100.0,True,MASS_CASUALTY_INTAKE,70.9,95.597,2.1400000000000006,4.18,17.830000000000002,9.37,28.87,12.0,4.77,20.062,27.0,53.24,100.0,93.467,100.0,100.0,80.858,100.0,100.0,19.0,58.68,98.317,92.665,100.0,100.0,86.994,100.0,100.0,5.862,4.24,92.011,89.379,64.82,CRITICAL
153,2026-06-02 14:15:00+00:00,14,1,-0.5,-0.866025,0.781831,0.62349,False,False,EVENING,8.0,14.0,33.0,76.0,118.0,299.0,33.2,3.51,0.1056,7.772,7.48,68.97,8.0,93.199,100.0,5.03,0.0,6.84,16.21,100.0,100.0,7.59,8.16,6.25,2.84,71.595,52.49,100.0,100.0,True,MASS_CASUALTY_INTAKE,86.0,95.947,4.330000000000002,6.470000000000002,17.430000000000003,11.208,33.2,7.0,4.61,21.422,19.0,54.64,100.0,93.158,100.0,100.0,84.532,100.0,100.0,18.0,57.87,95.953,91.9,100.0,100.0,87.59,100.0,100.0,5.7,6.285,91.272,89.261,64.97,CRITICAL
154,2026-06-02 14:30:00+00:00,14,1,-0.5,-0.866025,0.781831,0.62349,False,False,EVENING,11.0,19.0,31.0,82.0,125.0,306.0,40.54,4.03,0.0995,7.748,6.837,68.97,8.0,93.207,100.0,5.03,0.0,5.45,13.16,100.0,100.0,7.52,8.93,5.55,2.96,74.778,54.09,100.0,100.0,True,MASS_CASUALTY_INTAKE,105.4,96.236,7.339999999999996,11.669999999999998,15.849999999999998,13.608,40.54,-3.0,4.3,23.658,16.0,56.98,100.0,93.278,100.0,100.0,85.685,100.0,100.0,18.0,56.92,94.7,91.115,100.0,100.0,89.043,100.0,100.0,5.742,5.758,91.437,89.238,65.45,CRITICAL
155,2026-06-02 14:45:00+00:00,14,1,-0.5,-0.866025,0.781831,0.62349,False,False,EVENING,9.0,20.0,34.0,87.0,132.0,311.0,45.89,4.93,0.1073,7.744,7.073,68.98,8.0,93.214,100.0,5.02,0.0,6.84,16.21,100.0,100.0,7.28,9.54,5.18,3.03,76.456,55.36,100.0,100.0,True,MASS_CASUALTY_INTAKE,119.3,96.388,5.350000000000001,12.689999999999998,19.16,16.321,45.89,-2.0,4.77,25.312,12.0,58.34,100.0,93.467,100.0,100.0,86.688,100.0,100.0,19.0,54.83,93.803,90.744,100.0,100.0,88.736,100.0,100.0,5.746,5.515,91.16,89.346,66.4,CRITICAL
156,2026-06-02 15:00:00+00:00,15,1,-0.707107,-0.707107,0.781831,0.62349,False,False,EVENING,11.0,20.0,39.0,95.0,142.0,319.0,53.24,5.58,0.1047,7.741,6.528,69.17,8.0,93.467,100.0,4.83,0.0,6.84,16.21,100.0,100.0,7.76,10.03,4.21,3.2,80.858,56.95,100.0,100.0,True,MASS_CASUALTY_INTAKE,138.5,96.84,7.350000000000001,12.700000000000003,24.37,19.648,53.24,5.0,5.57,27.548,8.0,58.68,98.317,92.665,100.0,100.0,86.994,100.0,100.0,22.0,54.68,93.421,90.339,100.0,100.0,89.533,100.0,100.0,5.721,6.647,90.958,89.055,66.87,CRITICAL
157,2026-06-02 15:15:00+00:00,15,1,-0.707107,-0.707107,0.781831,0.62349,False,False,EVENING,5.0,16.0,36.0,95.0,145.0,320.0,54.64,6.47,0.1184,7.623,8.068,68.94,8.0,93.158,100.0,5.06,0.0,6.53,15.52,100.0,100.0,8.17,10.43,3.4,3.35,84.532,57.59,100.0,100.0,True,MASS_CASUALTY_INTAKE,144.4,97.103,1.3999999999999986,8.75,21.439999999999998,22.911,54.64,3.0,5.1,28.058,8.0,57.87,95.953,91.9,100.0,100.0,87.59,100.0,100.0,24.0,53.45,92.721,90.458,100.0,100.0,90.443,100.0,100.0,5.803,5.437,91.365,89.135,67.83,CRITICAL
158,2026-06-02 15:30:00+00:00,15,1,-0.707107,-0.707107,0.781831,0.62349,False,False,EVENING,6.0,11.0,31.0,96.0,146.0,324.0,56.98,6.64,0.1165,7.767,7.156,69.03,8.0,93.278,100.0,4.97,0.0,6.84,16.21,100.0,100.0,8.11,10.74,3.15,3.39,85.685,58.38,100.0,100.0,True,MASS_CASUALTY_INTAKE,147.8,97.233,2.3399999999999963,3.739999999999995,16.439999999999998,26.227,56.98,0.0,4.29,28.84,8.0,56.92,94.7,91.115,100.0,100.0,89.043,100.0,100.0,26.0,51.24,91.446,90.812,100.0,100.0,92.231,100.0,100.0,5.776,6.01,91.014,89.094,68.46,CRITICAL
159,2026-06-02 15:45:00+00:00,15,1,-0.707107,-0.707107,0.781831,0.62349,False,False,EVENING,5.0,11.0,27.0,97.0,145.0,327.0,58.34,6.92,0.1187,7.711,6.794,69.17,8.0,93.467,100.0,4.83,0.0,6.84,16.21,100.0,100.0,8.08,10.99,2.93,3.43,86.688,59.01,100.0,100.0,True,MASS_CASUALTY_INTAKE,152.4,97.365,1.3600000000000065,3.700000000000003,12.450000000000003,29.601,58.34,-7.0,3.65,29.338,7.0,54.83,93.803,90.744,100.0,100.0,88.736,100.0,100.0,33.0,53.07,90.365,90.718,100.0,100.0,93.726,100.0,100.0,5.792,4.446,91.301,89.517,68.61,CRITICAL
160,2026-06-02 16:00:00+00:00,16,1,-0.866025,-0.5,0.781831,0.62349,False,False,EVENING,3.0,8.0,19.0,92.0,143.0,328.0,58.68,5.25,0.0895,4.475,7.385,68.57,7.87,92.665,98.317,5.43,0.13,5.98,14.32,100.0,100.0,7.94,11.19,2.86,3.44,86.994,59.33,100.0,100.0,False,,209.3,96.879,0.3399999999999963,1.7000000000000028,5.439999999999998,33.03,58.68,-20.0,2.38,29.502,11.0,54.68,93.421,90.339,100.0,100.0,89.533,100.0,100.0,30.0,51.89,90.373,90.698,100.0,100.0,94.815,100.0,100.0,5.672,4.499,93.524,89.673,69.25,CRITICAL
161,2026-06-02 16:15:00+00:00,16,1,-0.866025,-0.5,0.781831,0.62349,False,False,EVENING,2.0,5.0,16.0,85.0,141.0,325.0,57.87,5.28,0.0913,4.717,7.739,68.01,7.68,91.9,95.953,5.99,0.32,6.84,16.21,100.0,100.0,7.91,11.36,2.73,3.47,87.59,59.48,100.0,100.0,False,,195.8,96.292,-0.8100000000000023,-0.47000000000000597,3.229999999999997,36.313,58.68,-20.0,1.89,29.338,10.0,53.45,92.721,90.458,100.0,100.0,90.443,100.0,100.0,33.0,50.69,88.722,90.668,100.0,100.0,93.284,100.0,100.0,5.599,5.083,92.115,90.0,69.72,CRITICAL
162,2026-06-02 16:30:00+00:00,16,1,-0.866025,-0.5,0.781831,0.62349,False,False,EVENING,2.0,4.0,12.0,74.0,141.0,325.0,56.92,5.21,0.0915,4.958,7.682,67.43,7.58,91.115,94.7,6.57,0.42,6.04,14.45,100.0,100.0,8.11,11.48,2.41,3.53,89.043,59.63,100.0,100.0,False,,183.2,95.999,-0.9499999999999957,-1.759999999999998,-0.05999999999999517,39.436,58.68,-19.0,1.25,29.138,10.0,51.24,91.446,90.812,100.0,100.0,92.231,100.0,100.0,33.0,50.48,89.601,90.368,100.0,100.0,91.787,100.0,100.0,5.529,6.309,91.31,89.824,70.51,CRITICAL
163,2026-06-02 16:45:00+00:00,16,1,-0.866025,-0.5,0.781831,0.62349,False,False,EVENING,1.0,3.0,8.0,69.0,138.0,324.0,54.83,5.12,0.0934,5.189,6.575,67.15,7.5,90.744,93.803,6.85,0.5,5.96,14.27,100.0,100.0,7.93,11.59,2.48,3.51,88.736,59.63,100.0,100.0,False,,168.6,95.711,-2.0900000000000034,-3.039999999999999,-3.510000000000005,42.389,58.68,-19.0,0.62,28.615,12.0,53.07,90.365,90.718,100.0,100.0,93.726,100.0,100.0,34.0,51.23,90.018,90.528,100.0,100.0,91.108,100.0,100.0,5.588,4.773,91.696,90.057,70.83,CRITICAL
164,2026-06-02 17:00:00+00:00,17,1,-0.965926,-0.258819,0.781831,0.62349,False,False,EVENING,3.0,4.0,8.0,66.0,140.0,322.0,54.68,4.93,0.0903,5.303,6.622,66.85,7.47,90.339,93.421,7.15,0.53,5.33,12.88,100.0,100.0,8.03,11.67,2.3,3.55,89.533,59.94,100.0,100.0,False,,164.6,95.617,-0.14999999999999858,-2.240000000000002,-4.0,45.117,58.68,-11.0,0.61,28.655,11.0,51.89,90.373,90.698,100.0,100.0,94.815,100.0,100.0,37.0,53.01,91.133,89.64,100.0,100.0,91.266,100.0,100.0,5.519,5.769,92.226,89.916,70.66,CRITICAL
165,2026-06-02 17:15:00+00:00,17,1,-0.965926,-0.258819,0.781831,0.62349,False,False,EVENING,2.0,5.0,8.0,60.0,136.0,321.0,53.45,4.92,0.0921,5.419,5.291,66.94,7.42,90.458,92.721,7.06,0.58,6.84,16.21,100.0,100.0,8.16,11.74,2.1,3.58,90.443,60.09,100.0,100.0,False,,157.4,95.585,-1.2299999999999969,-1.3799999999999955,-4.419999999999995,47.472,58.68,-8.0,0.61,28.385,14.0,50.69,88.722,90.668,100.0,100.0,93.284,100.0,100.0,36.0,53.65,91.932,89.357,100.0,100.0,90.914,100.0,100.0,5.551,5.543,91.696,89.976,70.97,CRITICAL
166,2026-06-02 17:30:00+00:00,17,1,-0.965926,-0.258819,0.781831,0.62349,False,False,EVENING,1.0,3.0,7.0,50.0,132.0,319.0,51.24,4.81,0.0939,5.396,4.757,67.2,7.32,90.812,91.446,6.8,0.68,6.84,16.21,100.0,100.0,8.5,11.79,1.71,3.65,92.231,60.09,100.0,100.0,False,,151.6,95.569,-2.210000000000001,-3.4399999999999977,-5.68,49.131,58.68,-5.0,0.46,27.833,16.0,50.48,89.601,90.368,100.0,100.0,91.787,100.0,100.0,39.0,58.26,92.185,89.021,100.0,100.0,90.961,100.0,100.0,5.541,6.079,91.27,89.84,70.97,CRITICAL
167,2026-06-02 17:45:00+00:00,17,1,-0.965926,-0.258819,0.781831,0.62349,False,False,EVENING,5.0,6.0,11.0,46.0,133.0,323.0,53.07,4.61,0.0869,5.316,5.94,67.13,7.23,90.718,90.365,6.87,0.77,6.84,16.21,100.0,100.0,8.79,11.83,1.38,3.71,93.726,60.72,100.0,100.0,False,,159.3,95.466,1.8299999999999983,-0.38000000000000256,-1.759999999999998,50.777,58.68,3.0,1.09,28.447,21.0,51.23,90.018,90.528,100.0,100.0,91.108,100.0,100.0,36.0,56.81,92.758,88.75,100.0,100.0,88.243,100.0,100.0,5.584,6.745,90.7,89.509,70.96,CRITICAL
168,2026-06-02 18:00:00+00:00,18,1,-1.0,-0.0,0.781831,0.62349,False,False,EVENING,2.0,7.0,10.0,37.0,132.0,321.0,51.89,4.78,0.0921,5.356,5.413,67.12,7.23,90.698,90.373,6.88,0.77,6.21,14.82,100.0,100.0,8.99,11.86,1.14,3.75,94.815,60.87,100.0,100.0,False,,154.6,95.562,-1.1799999999999997,0.6499999999999986,-2.789999999999999,52.216,58.68,2.0,0.93,28.19,19.0,53.01,91.133,89.64,100.0,100.0,91.266,100.0,100.0,36.0,58.32,92.011,89.379,100.0,100.0,89.119,100.0,100.0,5.682,7.196,91.438,88.918,70.95,CRITICAL
169,2026-06-02 18:15:00+00:00,18,1,-1.0,-0.0,0.781831,0.62349,False,False,EVENING,2.0,4.0,10.0,34.0,129.0,319.0,50.69,4.67,0.0921,5.362,5.978,67.09,7.1,90.668,88.722,6.91,0.9,6.84,16.21,100.0,100.0,8.63,11.89,1.48,3.69,93.284,61.03,100.0,100.0,False,,150.9,95.087,-1.2000000000000028,-2.3800000000000026,-2.760000000000005,53.309,58.68,2.0,0.94,27.93,19.0,53.65,91.932,89.357,100.0,100.0,90.914,100.0,100.0,36.0,56.92,91.272,89.261,100.0,100.0,87.286,100.0,100.0,5.834,4.887,90.444,89.345,71.11,CRITICAL
170,2026-06-02 18:30:00+00:00,18,1,-1.0,-0.0,0.781831,0.62349,False,False,EVENING,3.0,5.0,12.0,31.0,127.0,315.0,50.48,4.56,0.0904,5.392,5.999,66.87,7.17,90.368,89.601,7.13,0.83,6.84,16.21,100.0,100.0,8.28,11.91,1.81,3.63,91.787,61.34,100.0,100.0,False,,149.4,95.062,-0.21000000000000085,-1.4100000000000037,-0.7600000000000051,53.931,58.68,5.0,1.25,27.955,17.0,58.26,92.185,89.021,100.0,100.0,90.961,100.0,100.0,38.0,57.51,91.437,89.238,100.0,100.0,88.894,100.0,100.0,5.73,5.121,89.671,89.635,71.1,CRITICAL
171,2026-06-02 18:45:00+00:00,18,1,-1.0,-0.0,0.781831,0.62349,False,False,EVENING,4.0,7.0,11.0,30.0,127.0,316.0,51.23,4.54,0.0887,5.462,4.854,66.99,7.2,90.528,90.018,7.01,0.8,6.84,16.21,100.0,100.0,8.11,11.93,1.96,3.61,91.108,61.81,100.0,100.0,False,,149.7,95.119,0.75,0.5399999999999991,-1.8400000000000034,54.264,58.68,0.0,1.09,28.26,13.0,56.81,92.758,88.75,100.0,100.0,88.243,100.0,100.0,40.0,60.0,91.16,89.346,100.0,100.0,89.645,100.0,100.0,5.662,6.437,89.778,89.361,71.09,CRITICAL
172,2026-06-02 19:00:00+00:00,19,1,-0.965926,0.258819,0.781831,0.62349,False,False,EVENING,5.0,9.0,14.0,32.0,124.0,317.0,53.01,4.61,0.087,5.413,7.685,66.33,7.29,89.64,91.133,7.67,0.71,6.84,16.21,100.0,100.0,8.13,11.94,1.92,3.61,91.266,62.45,100.0,100.0,False,,156.3,95.161,1.7800000000000011,2.530000000000001,1.1199999999999974,54.25,58.68,4.0,1.58,28.865,18.0,58.32,92.011,89.379,100.0,100.0,89.119,100.0,100.0,36.0,60.0,90.958,89.055,100.0,100.0,89.941,100.0,100.0,5.735,4.853,90.418,89.59,71.09,CRITICAL
173,2026-06-02 19:15:00+00:00,19,1,-0.965926,0.258819,0.781831,0.62349,False,False,EVENING,4.0,9.0,16.0,34.0,119.0,315.0,53.65,4.77,0.0889,5.641,6.223,66.12,7.35,89.357,91.932,7.88,0.65,6.84,16.21,100.0,100.0,8.05,11.96,2.0,3.6,90.914,62.92,100.0,100.0,False,,151.8,95.227,0.6400000000000006,2.4200000000000017,2.960000000000001,54.188,58.68,6.0,1.89,29.142,17.0,56.92,91.272,89.261,100.0,100.0,87.286,100.0,100.0,32.0,60.0,91.365,89.135,100.0,100.0,90.023,100.0,100.0,5.664,5.379,90.636,89.663,71.24,CRITICAL
174,2026-06-02 19:30:00+00:00,19,1,-0.965926,0.258819,0.781831,0.62349,False,False,EVENING,8.0,12.0,21.0,40.0,114.0,319.0,58.26,4.83,0.0829,5.707,6.622,65.88,7.37,89.021,92.185,8.12,0.63,6.84,16.21,100.0,100.0,8.05,11.96,1.99,3.6,90.961,64.03,100.0,100.0,False,,162.9,95.208,4.609999999999999,5.25,7.780000000000001,54.268,58.68,9.0,2.69,30.572,22.0,57.51,91.437,89.238,100.0,100.0,88.894,100.0,100.0,28.0,60.0,91.014,89.094,100.0,100.0,91.284,100.0,100.0,5.641,5.528,89.861,89.785,71.07,CRITICAL
175,2026-06-02 19:45:00+00:00,19,1,-0.965926,0.258819,0.781831,0.62349,False,False,EVENING,2.0,10.0,19.0,41.0,110.0,316.0,56.81,5.24,0.0923,5.796,6.414,65.67,7.42,88.75,92.758,8.33,0.58,6.84,16.21,100.0,100.0,7.44,11.97,2.59,3.49,88.243,64.19,100.0,100.0,False,,156.4,95.018,-1.4499999999999957,3.1600000000000037,5.580000000000005,54.172,58.68,8.0,2.38,30.25,23.0,60.0,91.16,89.346,100.0,100.0,89.645,100.0,100.0,24.0,58.55,91.301,89.517,100.0,100.0,91.89,100.0,100.0,5.618,6.394,90.354,89.47,71.07,CRITICAL
176,2026-06-02 20:00:00+00:00,20,1,-0.866025,0.5,0.781831,0.62349,False,False,EVENING,5.0,7.0,19.0,43.0,109.0,318.0,58.32,5.11,0.0877,5.862,4.24,66.14,7.36,89.379,92.011,7.86,0.64,5.59,13.46,100.0,100.0,7.63,11.98,2.39,3.53,89.119,64.82,100.0,100.0,False,,158.8,95.086,1.509999999999998,0.060000000000002274,5.310000000000002,54.15,58.32,5.0,2.37,30.785,18.0,60.0,90.958,89.055,100.0,100.0,89.941,100.0,100.0,23.0,60.0,93.524,89.673,100.0,100.0,91.239,100.0,100.0,5.698,5.863,90.46,89.402,71.22,CRITICAL
177,2026-06-02 20:15:00+00:00,20,1,-0.866025,0.5,0.781831,0.62349,False,False,EVENING,2.0,7.0,17.0,43.0,103.0,313.0,56.92,5.25,0.0922,5.7,6.285,66.05,7.3,89.261,91.272,7.95,0.7,5.89,14.11,100.0,100.0,7.22,11.98,2.8,3.46,87.286,64.97,100.0,100.0,False,,159.4,94.748,-1.3999999999999986,0.10999999999999943,3.270000000000003,54.091,58.32,1.0,2.05,30.472,19.0,60.0,91.365,89.135,100.0,100.0,90.023,100.0,100.0,19.0,60.0,92.115,90.0,100.0,100.0,91.36,100.0,100.0,5.715,5.556,90.733,89.426,71.05,HIGH
178,2026-06-02 20:30:00+00:00,20,1,-0.866025,0.5,0.781831,0.62349,False,False,EVENING,4.0,6.0,13.0,46.0,96.0,314.0,57.51,5.12,0.0891,5.742,5.758,66.04,7.31,89.238,91.437,7.96,0.69,6.84,16.21,100.0,100.0,7.57,11.99,2.44,3.52,88.894,65.45,100.0,100.0,False,,159.8,94.92,0.5899999999999963,-0.8100000000000023,-0.75,54.128,58.32,-8.0,1.42,30.74,16.0,60.0,91.014,89.094,100.0,100.0,91.284,100.0,100.0,17.0,60.0,91.31,89.824,100.0,100.0,89.795,100.0,100.0,5.704,4.21,90.462,89.961,70.89,HIGH
179,2026-06-02 20:45:00+00:00,20,1,-0.866025,0.5,0.781831,0.62349,False,False,EVENING,7.0,11.0,18.0,48.0,94.0,318.0,60.0,5.18,0.0863,5.746,5.515,66.12,7.29,89.346,91.16,7.88,0.71,6.84,16.21,100.0,100.0,7.73,11.99,2.28,3.55,89.645,66.4,100.0,100.0,False,,166.6,94.956,2.490000000000002,3.0799999999999983,3.1899999999999977,54.451,60.0,-1.0,2.21,31.6,17.0,58.55,91.301,89.517,100.0,100.0,91.89,100.0,100.0,12.0,59.67,91.696,90.057,100.0,100.0,89.968,100.0,100.0,5.562,5.998,90.434,89.816,71.2,HIGH
180,2026-06-02 21:00:00+00:00,21,1,-0.707107,0.707107,0.781831,0.62349,False,False,EVENING,4.0,11.0,17.0,50.0,87.0,321.0,60.0,5.4,0.09,5.721,6.647,65.9,7.28,89.055,90.958,8.1,0.72,5.54,13.36,100.0,100.0,7.8,11.99,2.21,3.56,89.941,66.87,100.0,100.0,False,,167.4,94.878,0.0,2.490000000000002,1.6799999999999997,54.783,60.0,-2.0,2.05,31.718,18.0,60.0,93.524,89.673,100.0,100.0,91.239,100.0,100.0,10.0,56.39,92.226,89.916,100.0,100.0,90.595,100.0,100.0,5.602,6.209,89.532,89.709,71.19,HIGH
181,2026-06-02 21:15:00+00:00,21,1,-0.707107,0.707107,0.781831,0.62349,False,False,EVENING,7.0,11.0,22.0,55.0,89.0,325.0,60.0,5.4,0.09,5.803,5.437,65.96,7.31,89.135,91.365,8.04,0.69,5.2,12.61,100.0,100.0,7.81,11.99,2.19,3.56,90.023,67.83,100.0,100.0,False,,165.0,94.985,0.0,0.0,3.0799999999999983,55.192,60.0,5.0,2.86,31.958,13.0,60.0,92.115,90.0,100.0,100.0,91.36,100.0,100.0,11.0,56.08,91.696,89.976,100.0,100.0,91.815,100.0,100.0,5.643,5.127,90.373,89.793,71.03,HIGH
182,2026-06-02 21:30:00+00:00,21,1,-0.707107,0.707107,0.781831,0.62349,False,False,EVENING,5.0,12.0,23.0,57.0,88.0,327.0,60.0,5.4,0.09,5.776,6.01,65.93,7.28,89.094,91.014,8.07,0.72,6.84,16.21,100.0,100.0,8.09,11.99,1.92,3.61,91.284,68.46,100.0,100.0,False,,165.8,95.019,0.0,0.0,2.490000000000002,55.74,60.0,10.0,3.01,32.115,12.0,60.0,91.31,89.824,100.0,100.0,89.795,100.0,100.0,10.0,53.79,91.27,89.84,100.0,100.0,91.857,100.0,100.0,5.609,5.671,89.831,89.83,71.18,CRITICAL
183,2026-06-02 21:45:00+00:00,21,1,-0.707107,0.707107,0.781831,0.62349,False,False,EVENING,2.0,7.0,18.0,55.0,85.0,327.0,58.55,5.4,0.0922,5.792,4.446,66.24,7.3,89.517,91.301,7.76,0.7,6.14,14.66,100.0,100.0,8.22,12.0,1.78,3.64,91.89,68.61,100.0,100.0,False,,161.4,95.224,-1.4500000000000028,-1.4500000000000028,-1.4500000000000028,56.082,60.0,0.0,2.21,31.79,7.0,59.67,91.696,90.057,100.0,100.0,89.968,100.0,100.0,9.0,51.46,90.7,89.509,100.0,100.0,88.962,100.0,100.0,5.606,7.007,89.781,89.362,71.49,CRITICAL
184,2026-06-02 22:00:00+00:00,22,1,-0.5,0.866025,0.781831,0.62349,False,False,NIGHT,5.0,7.0,19.0,55.0,87.0,332.0,60.0,5.27,0.0878,5.672,4.499,66.36,7.48,89.673,93.524,7.64,0.52,4.18,12.52,100.0,100.0,8.08,12.0,1.93,3.61,91.239,69.25,100.0,100.0,False,,168.8,95.644,1.4500000000000028,0.0,0.0,56.589,60.0,2.0,2.38,32.312,5.0,56.39,92.226,89.916,100.0,100.0,90.595,100.0,100.0,9.0,49.08,91.438,88.918,100.0,100.0,87.132,100.0,100.0,5.735,4.659,88.233,89.893,71.33,CRITICAL
185,2026-06-02 22:15:00+00:00,22,1,-0.5,0.866025,0.781831,0.62349,False,False,NIGHT,4.0,9.0,16.0,55.0,89.0,333.0,60.0,5.4,0.09,5.599,5.083,66.6,7.37,90.0,92.115,7.4,0.63,3.46,10.93,100.0,100.0,8.1,12.0,1.9,3.62,91.36,69.72,100.0,100.0,False,,171.0,95.445,0.0,1.4500000000000028,0.0,57.171,60.0,-6.0,1.89,32.43,6.0,56.08,91.696,89.976,100.0,100.0,91.815,100.0,100.0,10.0,47.61,90.444,89.345,100.0,100.0,88.37,100.0,100.0,5.61,6.187,88.403,89.68,71.32,CRITICAL
186,2026-06-02 22:30:00+00:00,22,1,-0.5,0.866025,0.781831,0.62349,False,False,NIGHT,6.0,10.0,17.0,53.0,93.0,337.0,60.0,5.4,0.09,5.529,6.309,66.47,7.3,89.824,91.31,7.53,0.7,2.59,9.03,100.0,100.0,7.76,12.0,2.25,3.56,89.795,70.51,100.0,100.0,False,,173.2,95.105,0.0,0.0,0.0,57.766,60.0,-6.0,2.05,32.627,5.0,53.79,91.27,89.84,100.0,100.0,91.857,100.0,100.0,8.0,45.2,89.671,89.635,100.0,100.0,89.408,100.0,100.0,5.666,4.391,89.225,90.022,71.47,CRITICAL
187,2026-06-02 22:45:00+00:00,22,1,-0.5,0.866025,0.781831,0.62349,False,False,NIGHT,3.0,9.0,18.0,54.0,95.0,340.0,59.67,5.4,0.0905,5.588,4.773,66.64,7.34,90.057,91.696,7.36,0.66,2.79,9.47,100.0,100.0,7.79,12.0,2.21,3.56,89.968,70.83,100.0,100.0,False,,170.4,95.249,-0.3299999999999983,-0.3299999999999983,1.1200000000000045,58.294,60.0,0.0,2.22,32.625,5.0,51.46,90.7,89.509,100.0,100.0,88.962,100.0,100.0,7.0,42.83,89.778,89.361,100.0,100.0,89.072,100.0,100.0,5.562,6.243,88.669,89.852,71.63,CRITICAL
188,2026-06-02 23:00:00+00:00,23,1,-0.258819,0.965926,0.781831,0.62349,False,False,NIGHT,0.0,3.0,13.0,49.0,92.0,333.0,56.39,5.37,0.0952,5.519,5.769,66.54,7.38,89.916,92.226,7.46,0.62,3.8,11.68,100.0,100.0,7.93,12.0,2.07,3.59,90.595,70.66,100.0,100.0,False,,163.1,95.38,-3.280000000000001,-3.6099999999999994,-3.6099999999999994,58.505,60.0,-6.0,1.41,31.762,5.0,49.08,91.438,88.918,100.0,100.0,87.132,100.0,100.0,9.0,40.41,90.418,89.59,100.0,100.0,89.121,100.0,100.0,5.616,5.877,89.493,89.675,71.62,CRITICAL
189,2026-06-02 23:15:00+00:00,23,1,-0.258819,0.965926,0.781831,0.62349,False,False,NIGHT,3.0,3.0,12.0,50.0,93.0,333.0,56.08,5.07,0.0905,5.551,5.543,66.58,7.34,89.976,91.696,7.42,0.66,4.08,12.3,100.0,100.0,8.2,12.0,1.8,3.64,91.815,70.97,100.0,100.0,False,,161.3,95.397,-0.3100000000000023,-3.5900000000000034,-3.9200000000000017,58.657,60.0,-4.0,1.25,31.762,5.0,47.61,90.444,89.345,100.0,100.0,88.37,100.0,100.0,9.0,39.04,90.636,89.663,100.0,100.0,87.033,100.0,100.0,5.653,4.661,88.881,90.076,71.45,CRITICAL
190,2026-06-02 23:30:00+00:00,23,1,-0.258819,0.965926,0.781831,0.62349,False,False,NIGHT,1.0,4.0,7.0,47.0,93.0,332.0,53.79,5.05,0.0938,5.541,6.079,66.48,7.3,89.84,91.27,7.52,0.7,4.18,12.52,100.0,100.0,8.21,12.0,1.79,3.64,91.857,70.97,100.0,100.0,False,,154.9,95.286,-2.289999999999999,-2.6000000000000014,-6.210000000000001,58.378,60.0,-10.0,0.46,31.19,5.0,45.2,89.671,89.635,100.0,100.0,89.408,100.0,100.0,7.0,35.68,89.861,89.785,100.0,100.0,84.46,100.0,100.0,5.552,5.745,90.094,89.88,71.45,CRITICAL
191,2026-06-02 23:45:00+00:00,23,1,-0.258819,0.965926,0.781831,0.62349,False,False,NIGHT,1.0,2.0,5.0,41.0,89.0,329.0,51.46,4.84,0.0941,5.584,6.745,66.24,7.26,89.509,90.7,7.76,0.74,3.61,11.26,100.0,100.0,7.57,12.0,2.43,3.52,88.962,70.96,100.0,100.0,False,,147.1,94.839,-2.3299999999999983,-4.619999999999997,-8.21,58.043,60.0,-13.0,0.13,30.605,4.0,42.83,89.778,89.361,100.0,100.0,89.072,100.0,100.0,9.0,33.34,90.354,89.47,100.0,100.0,81.649,100.0,100.0,3.397,6.676,89.135,88.876,71.44,HIGH
192,2026-06-03 00:00:00+00:00,0,2,0.0,1.0,0.974928,-0.222521,False,False,NIGHT,1.0,2.0,6.0,38.0,88.0,329.0,49.08,4.63,0.0944,5.682,7.196,65.8,7.32,88.918,91.438,8.2,0.68,4.18,12.52,100.0,100.0,7.17,12.0,2.83,3.45,87.132,70.95,100.0,100.0,False,,137.9,94.691,-2.3800000000000026,-4.710000000000001,-7.310000000000002,57.466,60.0,-7.0,0.29,30.008,4.0,40.41,90.418,89.59,100.0,100.0,89.121,100.0,100.0,11.0,31.95,90.46,89.402,100.0,100.0,81.245,100.0,100.0,0.0,5.762,87.038,87.155,71.27,HIGH
193,2026-06-03 00:15:00+00:00,0,2,0.0,1.0,0.974928,-0.222521,False,False,NIGHT,2.0,3.0,5.0,33.0,88.0,329.0,47.61,4.42,0.0928,5.834,4.887,66.12,7.24,89.345,90.444,7.88,0.76,4.18,12.52,100.0,100.0,7.44,12.0,2.56,3.5,88.37,71.11,100.0,100.0,False,,130.2,94.698,-1.4699999999999989,-3.8500000000000014,-8.469999999999999,56.884,60.0,-7.0,0.14,29.68,5.0,39.04,90.636,89.663,100.0,100.0,87.033,100.0,100.0,9.0,28.55,90.733,89.426,100.0,100.0,77.873,100.0,100.0,0.0,3.05,84.426,86.408,71.11,HIGH
194,2026-06-03 00:30:00+00:00,0,2,0.0,1.0,0.974928,-0.222521,False,False,NIGHT,1.0,3.0,5.0,29.0,86.0,329.0,45.2,4.28,0.0948,5.73,5.121,66.33,7.17,89.635,89.671,7.67,0.83,4.18,12.52,100.0,100.0,7.67,12.0,2.33,3.54,89.408,71.1,100.0,100.0,False,,125.9,94.701,-2.4099999999999966,-3.8799999999999955,-8.589999999999996,56.114,60.0,-2.0,0.13,29.075,3.0,35.68,89.861,89.785,100.0,100.0,84.46,100.0,100.0,10.0,25.15,90.462,89.961,100.0,100.0,75.749,100.0,100.0,3.36,4.483,83.66,86.111,71.26,HIGH
195,2026-06-03 00:45:00+00:00,0,2,0.0,1.0,0.974928,-0.222521,False,False,NIGHT,1.0,2.0,5.0,28.0,83.0,329.0,42.83,4.07,0.095,5.662,6.437,66.13,7.18,89.361,89.778,7.87,0.82,4.18,12.52,100.0,100.0,7.66,11.93,2.4,3.53,89.072,71.09,100.0,100.0,False,,120.7,94.632,-2.3700000000000045,-4.780000000000001,-8.630000000000003,55.041,60.0,0.0,0.13,28.48,3.0,33.34,90.354,89.47,100.0,100.0,81.649,100.0,100.0,12.0,24.84,90.434,89.816,100.0,100.0,74.337,100.0,100.0,3.36,4.198,83.811,85.811,71.41,HIGH
196,2026-06-03 01:00:00+00:00,1,2,0.258819,0.965926,0.974928,-0.222521,False,False,NIGHT,1.0,2.0,5.0,24.0,79.0,329.0,40.41,3.85,0.0954,5.735,4.853,66.3,7.23,89.59,90.418,7.7,0.77,3.36,10.71,100.0,100.0,7.81,11.8,2.39,3.53,89.121,71.09,100.0,100.0,False,,112.5,94.814,-2.4200000000000017,-4.790000000000006,-8.670000000000002,53.817,60.0,-1.0,0.14,27.875,5.0,31.95,90.46,89.402,100.0,100.0,81.245,100.0,100.0,11.0,22.51,89.532,89.709,100.0,100.0,72.628,100.0,100.0,0.0,2.81,82.057,85.052,71.25,HIGH
197,2026-06-03 01:15:00+00:00,1,2,0.258819,0.965926,0.974928,-0.222521,False,False,NIGHT,2.0,3.0,5.0,22.0,77.0,329.0,39.04,3.64,0.0932,5.664,5.379,66.35,7.25,89.663,90.636,7.65,0.75,3.18,10.31,100.0,100.0,7.51,11.64,2.85,3.45,87.033,71.24,100.0,100.0,False,,110.0,94.686,-1.3699999999999974,-3.789999999999999,-8.57,52.507,60.0,0.0,0.13,27.57,4.0,28.55,90.733,89.426,100.0,100.0,77.873,100.0,100.0,11.0,19.15,90.373,89.793,100.0,100.0,67.741,100.0,100.0,5.04,3.725,83.353,85.356,71.56,HIGH
198,2026-06-03 01:30:00+00:00,1,2,0.258819,0.965926,0.974928,-0.222521,False,False,NIGHT,0.0,2.0,4.0,16.0,69.0,326.0,35.68,3.51,0.0985,5.641,5.528,66.44,7.19,89.785,89.861,7.56,0.81,2.41,8.63,100.0,100.0,7.19,11.39,3.42,3.34,84.46,71.07,100.0,100.0,False,,101.0,94.326,-3.3599999999999994,-4.729999999999997,-9.520000000000003,50.987,60.0,-1.0,-0.03,26.688,4.0,25.15,90.462,89.961,100.0,100.0,75.749,100.0,100.0,11.0,17.81,89.831,89.83,100.0,100.0,68.453,100.0,100.0,0.0,4.248,81.156,84.158,71.39,HIGH
199,2026-06-03 01:45:00+00:00,1,2,0.258819,0.965926,0.974928,-0.222521,False,False,NIGHT,1.0,1.0,4.0,14.0,68.0,327.0,33.34,3.21,0.0963,5.618,6.394,66.21,7.23,89.47,90.354,7.79,0.77,4.18,12.52,100.0,100.0,6.86,11.11,4.04,3.23,81.649,71.07,100.0,100.0,False,,94.7,94.103,-2.3399999999999963,-5.699999999999996,-9.489999999999995,49.411,60.0,-1.0,-0.02,26.102,6.0,24.84,90.434,89.816,100.0,100.0,74.337,100.0,100.0,10.0,17.47,89.781,89.362,100.0,100.0,68.912,100.0,100.0,5.04,3.635,81.859,84.557,71.71,HIGH
200,2026-06-03 02:00:00+00:00,2,2,0.5,0.866025,0.974928,-0.222521,False,False,NIGHT,2.0,3.0,5.0,16.0,65.0,328.0,31.95,3.0,0.0939,5.698,5.863,66.16,7.24,89.402,90.46,7.84,0.76,4.18,12.52,100.0,100.0,7.04,10.83,4.13,3.22,81.245,71.22,100.0,100.0,False,,89.5,94.072,-1.3900000000000041,-3.7300000000000004,-8.459999999999997,47.658,60.0,0.0,0.13,25.792,6.0,22.51,89.532,89.709,100.0,100.0,72.628,100.0,100.0,8.0,14.06,88.233,89.893,100.0,100.0,69.44,100.0,100.0,5.04,4.28,82.966,84.694,72.02,HIGH
201,2026-06-03 02:15:00+00:00,2,2,0.5,0.866025,0.974928,-0.222521,False,False,NIGHT,0.0,2.0,3.0,13.0,63.0,328.0,28.55,2.88,0.1007,5.715,5.556,66.18,7.26,89.426,90.733,7.82,0.74,4.18,12.52,100.0,100.0,6.64,10.49,4.87,3.08,77.873,71.05,100.0,100.0,False,,79.7,93.829,-3.3999999999999986,-4.790000000000003,-10.489999999999998,45.692,60.0,-2.0,-0.19,24.9,5.0,19.15,90.373,89.793,100.0,100.0,67.741,100.0,100.0,8.0,11.72,88.403,89.68,100.0,100.0,67.288,100.0,100.0,7.103,4.968,84.779,85.22,72.65,HIGH
202,2026-06-03 02:30:00+00:00,2,2,0.5,0.866025,0.974928,-0.222521,False,False,NIGHT,0.0,0.0,3.0,12.0,59.0,327.0,25.15,2.57,0.1022,5.704,4.21,66.57,7.24,89.961,90.462,7.43,0.76,3.99,12.1,100.0,100.0,6.57,10.09,5.34,3.0,75.749,70.89,100.0,100.0,False,,70.4,93.701,-3.400000000000002,-6.800000000000001,-10.530000000000001,43.514,59.67,-1.0,-0.18,24.01,6.0,17.81,89.831,89.83,100.0,100.0,68.453,100.0,100.0,7.0,10.34,89.225,90.022,100.0,100.0,65.807,100.0,97.759,4.657,5.703,84.997,84.842,72.81,HIGH
203,2026-06-03 02:45:00+00:00,2,2,0.5,0.866025,0.974928,-0.222521,False,False,NIGHT,3.0,3.0,5.0,14.0,55.0,329.0,24.84,2.26,0.0911,5.562,5.998,66.46,7.23,89.816,90.434,7.54,0.77,4.18,12.52,100.0,100.0,6.59,9.77,5.65,2.94,74.337,71.2,100.0,100.0,False,,71.3,93.434,-0.3099999999999987,-3.710000000000001,-8.500000000000004,41.338,56.39,1.0,0.13,24.01,6.0,17.47,89.781,89.362,100.0,100.0,68.912,100.0,100.0,7.0,9.03,88.669,89.852,100.0,100.0,63.001,100.0,89.673,5.04,4.512,84.678,85.055,73.12,HIGH
204,2026-06-03 03:00:00+00:00,3,2,0.707107,0.707107,0.974928,-0.222521,False,False,NIGHT,1.0,4.0,4.0,14.0,52.0,330.0,22.51,2.24,0.0993,5.602,6.209,66.38,7.16,89.709,89.532,7.62,0.84,2.2,8.16,100.0,100.0,6.57,9.41,6.02,2.88,72.628,71.19,100.0,100.0,False,,64.1,91.585,-2.3299999999999983,-2.639999999999997,-9.439999999999998,39.22,56.08,-1.0,-0.03,23.425,5.0,14.06,88.233,89.893,100.0,100.0,69.44,100.0,100.0,7.0,6.69,89.493,89.675,100.0,100.0,61.156,100.0,75.946,11.893,3.463,92.771,87.028,74.07,HIGH
205,2026-06-03 03:15:00+00:00,3,2,0.707107,0.707107,0.974928,-0.222521,False,False,NIGHT,0.0,1.0,4.0,12.0,45.0,328.0,19.15,2.03,0.1058,5.643,5.127,66.45,7.23,89.793,90.373,7.55,0.77,2.97,9.85,100.0,100.0,5.89,9.01,7.1,2.68,67.741,71.03,100.0,100.0,False,,54.1,89.182,-3.360000000000003,-5.690000000000001,-9.400000000000002,36.912,53.79,1.0,-0.02,22.545,6.0,11.72,88.403,89.68,100.0,100.0,67.288,100.0,100.0,6.0,3.33,88.881,90.076,100.0,100.0,58.857,100.0,55.511,10.789,2.73,97.545,89.235,75.35,HIGH
206,2026-06-03 03:30:00+00:00,3,2,0.707107,0.707107,0.974928,-0.222521,False,False,NIGHT,2.0,2.0,6.0,13.0,42.0,329.0,17.81,1.72,0.0968,5.609,5.671,66.47,7.19,89.83,89.831,7.53,0.81,4.06,12.26,100.0,100.0,6.42,8.64,6.94,2.71,68.453,71.18,100.0,100.0,False,,50.7,88.288,-1.3399999999999999,-4.700000000000003,-7.34,34.663,51.46,3.0,0.29,22.248,5.0,10.34,89.225,90.022,100.0,100.0,65.807,100.0,97.759,9.0,1.02,90.094,89.88,100.0,100.0,57.685,100.0,42.169,9.651,6.106,100.0,90.14,77.26,HIGH
207,2026-06-03 03:45:00+00:00,3,2,0.707107,0.707107,0.974928,-0.222521,False,False,NIGHT,3.0,5.0,6.0,15.0,43.0,330.0,17.47,1.6,0.0917,5.606,7.007,66.13,7.18,89.362,89.781,7.87,0.82,4.18,12.52,100.0,100.0,6.83,8.33,6.84,2.73,68.912,71.49,100.0,100.0,False,,49.7,87.999,-0.33999999999999986,-1.6799999999999997,-7.370000000000001,32.539,49.08,1.0,0.29,22.24,4.0,9.03,88.669,89.852,100.0,100.0,63.001,100.0,89.673,8.0,0.0,89.135,88.876,100.0,100.0,57.363,100.0,35.654,9.173,6.68,100.0,90.632,79.33,HIGH
208,2026-06-03 04:00:00+00:00,4,2,0.866025,0.5,0.974928,-0.222521,False,False,NIGHT,0.0,3.0,5.0,14.0,38.0,327.0,14.06,1.57,0.1119,5.735,4.659,66.52,7.06,89.893,88.233,7.48,0.94,4.18,12.52,100.0,100.0,7.33,7.95,6.72,2.75,69.44,71.33,100.0,100.0,False,,39.1,85.671,-3.4099999999999984,-3.7499999999999982,-8.450000000000001,30.35,47.61,1.0,0.14,21.348,3.0,6.69,89.493,89.675,100.0,100.0,61.156,100.0,75.946,10.0,0.0,87.038,87.155,85.075,76.84,55.13,100.0,34.815,8.944,5.278,100.0,91.567,80.77,HIGH
209,2026-06-03 04:15:00+00:00,4,2,0.866025,0.5,0.974928,-0.222521,False,False,NIGHT,1.0,1.0,6.0,13.0,35.0,327.0,11.72,1.27,0.108,5.61,6.187,66.36,7.07,89.68,88.403,7.64,0.93,4.18,12.52,100.0,100.0,7.24,7.56,7.2,2.66,67.288,71.32,100.0,100.0,False,,33.3,83.967,-2.34,-5.749999999999998,-7.429999999999998,28.107,45.2,2.0,0.29,20.76,2.0,3.33,88.881,90.076,100.0,100.0,58.857,100.0,55.511,13.0,0.0,84.426,86.408,84.345,76.18,51.27,100.0,33.77,8.509,6.862,100.0,91.938,81.4,MODERATE
210,2026-06-03 04:30:00+00:00,4,2,0.866025,0.5,0.974928,-0.222521,False,False,NIGHT,2.0,3.0,6.0,15.0,31.0,329.0,10.34,1.05,0.1019,5.666,4.391,66.62,7.14,90.022,89.225,7.38,0.86,4.11,12.37,100.0,100.0,7.27,7.2,7.52,2.61,65.807,71.47,100.0,97.759,False,,29.1,83.19,-1.3800000000000008,-3.7200000000000006,-7.469999999999999,25.928,42.83,0.0,0.29,20.452,2.0,1.02,90.094,89.88,100.0,100.0,57.685,100.0,42.169,18.0,0.0,83.66,86.111,84.055,75.919,50.984,100.0,33.464,8.336,7.396,100.0,92.047,82.83,MODERATE
211,2026-06-03 04:45:00+00:00,4,2,0.866025,0.5,0.974928,-0.222521,False,False,NIGHT,2.0,4.0,5.0,16.0,30.0,327.0,9.03,0.93,0.1031,5.562,6.243,66.49,7.09,89.852,88.669,7.51,0.91,4.18,12.52,100.0,100.0,6.99,6.87,8.14,2.49,63.001,71.63,100.0,89.673,False,,25.9,81.951,-1.3100000000000005,-2.6900000000000013,-8.44,23.816,40.41,-1.0,0.14,20.165,3.0,0.0,89.135,88.876,100.0,100.0,57.363,100.0,35.654,18.0,0.0,83.811,85.811,83.763,75.655,49.42,100.0,33.524,8.285,6.433,100.0,92.42,84.27,MODERATE
212,2026-06-03 05:00:00+00:00,5,2,0.965926,0.258819,0.974928,-0.222521,False,False,NIGHT,1.0,3.0,6.0,15.0,31.0,324.0,6.69,0.81,0.1215,5.616,5.877,66.36,7.16,89.675,89.493,7.64,0.84,3.52,11.06,100.0,100.0,6.93,6.52,8.55,2.42,61.156,71.62,100.0,75.946,False,,19.0,80.413,-2.339999999999999,-3.6499999999999995,-7.37,21.708,39.04,1.0,0.29,19.578,4.0,0.0,87.038,87.155,85.075,76.84,55.13,100.0,34.815,19.0,0.0,82.057,85.052,83.021,74.985,47.029,100.0,32.823,8.111,8.165,100.0,92.197,85.38,MODERATE
213,2026-06-03 05:15:00+00:00,5,2,0.965926,0.258819,0.974928,-0.222521,False,False,NIGHT,0.0,1.0,5.0,15.0,28.0,323.0,3.33,0.6,0.181,5.653,4.661,66.66,7.11,90.076,88.881,7.34,0.89,4.18,12.52,100.0,100.0,6.83,6.12,9.05,2.33,58.857,71.45,100.0,55.511,False,,9.4,78.021,-3.3600000000000003,-5.699999999999999,-8.39,19.476,35.68,-1.0,0.13,18.695,4.0,0.0,84.426,86.408,84.345,76.18,51.27,100.0,33.77,26.0,0.0,83.353,85.356,92.433,82.764,49.357,100.0,33.341,8.215,6.791,100.0,92.542,86.97,MODERATE
214,2026-06-03 05:30:00+00:00,5,2,0.965926,0.258819,0.974928,-0.222521,False,False,NIGHT,1.0,1.0,4.0,16.0,28.0,322.0,1.02,0.3,0.2929,5.552,5.745,66.51,7.21,89.88,90.094,7.49,0.79,4.18,12.52,100.0,100.0,6.96,5.73,9.31,2.28,57.685,71.45,100.0,42.169,False,,2.9,76.637,-2.31,-5.67,-9.32,17.31,33.34,-2.0,-0.02,18.118,7.0,0.0,83.66,86.111,84.055,75.919,50.984,100.0,33.464,32.0,0.0,81.156,84.158,87.399,78.539,47.124,100.0,32.463,8.054,6.2,100.0,93.068,88.25,MODERATE
215,2026-06-03 05:45:00+00:00,5,2,0.965926,0.258819,0.974928,-0.222521,False,False,NIGHT,1.0,2.0,3.0,14.0,28.0,322.0,0.0,0.09,0.092,3.397,6.676,65.77,7.13,88.876,89.135,8.23,0.87,4.18,12.52,100.0,100.0,7.25,5.37,9.38,2.27,57.363,71.44,100.0,35.654,False,,0.0,75.542,-1.02,-3.33,-9.03,15.226,31.95,-2.0,-0.19,17.86,5.0,0.0,83.811,85.811,83.763,75.655,49.42,100.0,33.524,45.0,0.0,81.859,84.557,82.538,74.549,50.559,100.0,32.743,7.809,7.475,100.0,92.989,89.36,MODERATE
216,2026-06-03 06:00:00+00:00,6,2,1.0,0.0,0.974928,-0.222521,False,False,MORNING,0.0,1.0,2.0,13.0,27.0,319.0,0.0,0.0,0.0,0.0,5.762,64.5,6.96,87.155,87.038,9.5,1.04,7.98,19.08,85.075,76.84,7.07,5.06,9.87,2.18,55.13,71.27,100.0,34.815,False,,0.0,69.973,0.0,-1.02,-6.69,13.229,28.55,-4.0,-0.35,17.818,6.0,0.0,82.057,85.052,83.021,74.985,47.029,100.0,32.823,56.0,0.0,82.966,84.694,82.672,74.67,46.134,100.0,33.186,7.846,6.295,100.0,93.409,90.0,NORMAL
217,2026-06-03 06:15:00+00:00,6,2,1.0,0.0,0.974928,-0.222521,False,False,MORNING,0.0,0.0,2.0,13.0,25.0,318.0,0.0,0.0,0.0,0.0,3.05,63.94,6.75,86.408,84.426,10.06,1.25,7.98,19.08,84.345,76.18,6.49,4.79,10.72,2.03,51.27,71.11,100.0,33.77,False,,0.0,68.772,0.0,0.0,-3.33,11.445,25.15,-3.0,-0.34,17.778,9.0,0.0,83.353,85.356,92.433,82.764,49.357,100.0,33.341,63.0,0.77,84.779,85.22,83.643,75.547,46.469,100.0,38.543,7.65,7.714,100.0,93.342,90.0,NORMAL
218,2026-06-03 06:30:00+00:00,6,2,1.0,0.0,0.974928,-0.222521,False,False,MORNING,2.0,2.0,3.0,13.0,26.0,314.0,0.0,0.0,0.0,3.36,4.483,63.72,6.69,86.111,83.66,10.28,1.31,7.98,19.08,84.055,75.919,6.65,4.57,10.78,2.02,50.984,71.26,100.0,33.464,False,,0.0,68.462,0.0,0.0,-1.02,9.873,24.84,-1.0,-0.19,17.815,11.0,0.0,81.156,84.158,87.399,78.539,47.124,100.0,32.463,63.0,0.0,84.997,84.842,97.784,87.066,48.365,100.0,33.999,7.682,6.94,100.0,93.452,90.0,NORMAL
219,2026-06-03 06:45:00+00:00,6,2,1.0,0.0,0.974928,-0.222521,False,False,MORNING,2.0,4.0,4.0,12.0,27.0,315.0,0.0,0.0,0.0,3.36,4.198,63.5,6.7,85.811,83.811,10.5,1.3,7.98,19.08,83.763,75.655,6.48,4.39,11.13,1.96,49.42,71.41,100.0,33.524,False,,0.0,68.219,0.0,0.0,0.0,8.321,22.51,1.0,-0.03,17.852,13.0,0.0,81.859,84.557,82.538,74.549,50.559,100.0,32.743,71.0,0.0,84.678,85.055,83.024,74.988,45.943,100.0,33.871,7.63,7.876,100.0,93.163,90.0,NORMAL
220,2026-06-03 07:00:00+00:00,7,2,0.965926,-0.258819,0.974928,-0.222521,False,False,MORNING,0.0,2.0,4.0,12.0,26.0,312.0,0.0,0.0,0.0,0.0,2.81,62.94,6.56,85.052,82.057,11.06,1.44,7.98,19.08,83.021,74.985,6.11,4.24,11.65,1.86,47.029,71.25,100.0,32.823,False,,0.0,67.316,0.0,0.0,0.0,6.914,19.15,2.0,-0.02,17.812,13.0,0.0,82.966,84.694,82.672,74.67,46.134,100.0,33.186,78.0,1.39,92.771,87.028,91.775,85.473,47.513,100.0,45.448,7.765,6.231,100.0,93.539,90.0,NORMAL
221,2026-06-03 07:15:00+00:00,7,2,0.965926,-0.258819,0.974928,-0.222521,False,False,MORNING,3.0,3.0,7.0,14.0,27.0,314.0,0.0,0.0,0.0,5.04,3.725,63.16,6.67,85.356,83.353,10.84,1.33,7.19,17.34,92.433,82.764,6.74,4.12,11.14,1.95,49.357,71.56,100.0,33.341,False,,0.0,69.915,0.0,0.0,0.0,5.717,17.81,5.0,0.45,17.89,17.0,0.77,84.779,85.22,83.643,75.547,46.469,100.0,38.543,79.0,5.3,97.545,89.235,97.631,90.661,49.799,100.0,70.823,7.59,7.298,100.0,93.538,90.0,NORMAL
222,2026-06-03 07:30:00+00:00,7,2,0.965926,-0.258819,0.974928,-0.222521,False,False,MORNING,0.0,3.0,5.0,12.0,27.0,311.0,0.0,0.0,0.0,0.0,4.248,62.28,6.49,84.158,81.156,11.72,1.51,7.5,18.02,87.399,78.539,6.36,4.01,11.63,1.87,47.124,71.39,100.0,32.463,False,,0.0,67.9,0.0,0.0,0.0,4.604,17.47,2.0,0.13,17.848,21.0,0.0,84.997,84.842,97.784,87.066,48.365,100.0,33.999,81.0,13.75,100.0,90.14,100.0,100.0,55.411,100.0,100.0,7.59,7.61,100.0,93.4,90.0,NORMAL
223,2026-06-03 07:45:00+00:00,7,2,0.965926,-0.258819,0.974928,-0.222521,False,False,MORNING,3.0,3.0,6.0,13.0,29.0,314.0,0.0,0.0,0.0,5.04,3.635,62.57,6.55,84.557,81.859,11.43,1.45,7.98,19.08,82.538,74.549,7.19,3.93,10.88,2.0,50.559,71.71,100.0,32.743,False,,0.0,67.375,0.0,0.0,0.0,3.512,14.06,2.0,0.3,17.928,32.0,0.0,84.678,85.055,83.024,74.988,45.943,100.0,33.871,77.0,23.42,100.0,90.632,100.0,100.0,59.14,100.0,100.0,7.654,6.971,100.0,93.579,90.0,NORMAL
224,2026-06-03 08:00:00+00:00,8,2,0.866025,-0.5,0.974928,-0.222521,False,False,MORNING,3.0,6.0,9.0,15.0,30.0,317.0,0.0,0.0,0.0,5.04,4.28,62.67,6.64,84.694,82.966,11.33,1.36,7.98,19.08,82.672,74.67,6.28,3.87,11.85,1.83,46.134,72.02,100.0,33.186,False,,0.0,67.259,0.0,0.0,0.0,2.633,11.72,5.0,0.77,18.005,43.0,1.39,92.771,87.028,91.775,85.473,47.513,100.0,45.448,71.0,29.2,100.0,91.567,100.0,100.0,63.875,100.0,100.0,7.571,8.263,100.0,93.154,90.0,NORMAL
225,2026-06-03 08:15:00+00:00,8,2,0.866025,-0.5,0.974928,-0.222521,False,False,MORNING,5.0,8.0,11.0,20.0,35.0,319.0,0.77,0.0,0.0,7.103,4.968,63.06,6.78,85.22,84.779,10.94,1.22,7.98,19.08,83.643,75.547,6.35,3.87,11.78,1.84,46.469,72.65,100.0,38.543,False,,1.7,68.482,0.77,0.77,0.77,1.949,10.34,4.0,1.09,18.355,46.0,5.3,97.545,89.235,97.631,90.661,49.799,100.0,70.823,68.0,30.19,100.0,91.938,100.0,100.0,66.206,100.0,100.0,7.769,7.676,100.0,92.964,90.0,NORMAL
226,2026-06-03 08:30:00+00:00,8,2,0.866025,-0.5,0.974928,-0.222521,False,False,MORNING,2.0,7.0,13.0,21.0,37.0,317.0,0.0,0.07,0.0695,4.657,5.703,62.78,6.8,84.842,84.997,11.22,1.2,6.76,16.39,97.784,87.066,6.79,3.85,11.36,1.92,48.365,72.81,100.0,33.999,False,,0.0,71.199,-0.77,0.0,0.0,1.302,9.03,8.0,1.42,18.202,42.0,13.75,100.0,90.14,100.0,100.0,55.411,100.0,100.0,72.0,36.26,100.0,92.047,100.0,100.0,72.711,100.0,100.0,7.857,7.513,100.0,93.08,90.0,MODERATE
227,2026-06-03 08:45:00+00:00,8,2,0.866025,-0.5,0.974928,-0.222521,False,False,MORNING,3.0,5.0,13.0,23.0,37.0,318.0,0.0,0.0,0.0,5.04,4.512,62.94,6.77,85.055,84.678,11.06,1.23,7.98,19.08,83.024,74.988,6.29,3.82,11.89,1.82,45.943,73.12,100.0,33.871,False,,0.0,67.744,0.0,-0.77,0.0,0.738,6.69,7.0,1.41,18.28,39.0,23.42,100.0,90.632,100.0,100.0,59.14,100.0,100.0,68.0,42.35,100.0,92.42,100.0,100.0,76.309,100.0,100.0,7.803,6.205,100.0,93.574,90.0,NORMAL
228,2026-06-03 09:00:00+00:00,9,2,0.707107,-0.707107,0.974928,-0.222521,False,False,MORNING,7.0,10.0,17.0,30.0,43.0,324.0,1.39,0.0,0.0,11.893,3.463,64.4,7.42,87.028,92.771,9.6,0.58,7.98,19.08,91.775,85.473,6.53,3.92,11.55,1.88,47.513,74.07,100.0,45.448,True,MASS_CASUALTY_INTAKE,2.4,73.136,1.39,1.39,1.39,0.407,3.33,8.0,2.05,18.865,35.0,29.2,100.0,91.567,100.0,100.0,63.875,100.0,100.0,63.0,46.52,100.0,92.197,100.0,100.0,79.548,100.0,100.0,7.573,7.04,100.0,93.71,90.0,MODERATE
229,2026-06-03 09:15:00+00:00,9,2,0.707107,-0.707107,0.974928,-0.222521,False,False,MORNING,9.0,16.0,21.0,39.0,52.0,331.0,5.3,0.17,0.0319,10.789,2.73,66.03,7.8,89.235,97.545,7.97,0.2,7.86,18.81,97.631,90.661,6.76,4.19,11.04,1.97,49.799,75.35,100.0,70.823,True,MASS_CASUALTY_INTAKE,9.9,78.61,3.91,5.3,4.529999999999999,0.53,5.3,10.0,2.7,20.162,33.0,30.19,100.0,91.938,100.0,100.0,66.206,100.0,100.0,63.0,53.65,100.0,92.542,100.0,100.0,82.522,100.0,100.0,7.51,7.396,100.0,93.611,90.0,MODERATE
230,2026-06-03 09:30:00+00:00,9,2,0.707107,-0.707107,0.974928,-0.222521,False,False,MORNING,13.0,22.0,32.0,50.0,63.0,339.0,13.75,0.64,0.0468,9.651,6.106,66.7,8.0,90.14,100.0,7.3,0.0,5.89,14.48,100.0,100.0,7.45,4.74,9.81,2.19,55.411,77.26,100.0,100.0,True,MASS_CASUALTY_INTAKE,28.7,86.618,8.45,12.36,13.75,1.326,13.75,19.0,4.45,22.752,39.0,36.26,100.0,92.047,100.0,100.0,72.711,100.0,100.0,57.0,58.85,100.0,93.068,100.0,100.0,85.826,100.0,100.0,7.556,7.67,99.776,93.596,90.0,HIGH
231,2026-06-03 09:45:00+00:00,9,2,0.707107,-0.707107,0.974928,-0.222521,False,False,MORNING,14.0,27.0,43.0,62.0,74.0,347.0,23.42,1.67,0.0713,9.173,6.68,67.07,8.0,90.632,100.0,6.93,0.0,6.76,16.39,100.0,100.0,7.46,5.55,8.99,2.34,59.14,79.33,100.0,100.0,True,MASS_CASUALTY_INTAKE,51.4,93.25,9.670000000000002,18.12,23.42,2.789,23.42,30.0,6.21,25.688,38.0,42.35,100.0,92.42,100.0,100.0,76.309,100.0,100.0,54.0,60.0,100.0,92.989,100.0,100.0,86.923,100.0,100.0,7.568,7.399,100.0,93.553,90.0,HIGH
232,2026-06-03 10:00:00+00:00,10,2,0.5,-0.866025,0.974928,-0.222521,False,False,MORNING,10.0,24.0,46.0,72.0,84.0,352.0,29.2,2.85,0.0974,8.944,5.278,67.76,8.0,91.567,100.0,6.24,0.0,7.98,19.08,100.0,100.0,7.63,6.43,7.95,2.53,63.875,80.77,100.0,100.0,True,MASS_CASUALTY_INTAKE,65.8,94.893,5.779999999999998,15.45,27.81,4.614,29.2,29.0,6.7,27.492,36.0,46.52,100.0,92.197,100.0,100.0,79.548,100.0,100.0,57.0,60.0,100.0,93.409,100.0,100.0,89.233,100.0,100.0,4.451,7.668,98.512,92.627,90.0,HIGH
233,2026-06-03 10:15:00+00:00,10,2,0.5,-0.866025,0.974928,-0.222521,False,False,MORNING,5.0,15.0,42.0,74.0,88.0,353.0,30.19,3.55,0.1175,8.509,6.862,68.03,8.0,91.938,100.0,5.97,0.0,6.62,16.08,100.0,100.0,7.39,7.18,7.43,2.62,66.206,81.4,100.0,100.0,True,MASS_CASUALTY_INTAKE,71.5,95.185,0.990000000000002,6.77,24.89,6.501,30.19,21.0,6.05,27.898,35.0,53.65,100.0,92.542,100.0,100.0,82.522,100.0,100.0,59.0,60.0,100.0,93.342,100.0,100.0,93.914,100.0,100.0,4.725,7.436,96.628,91.915,90.0,CRITICAL
234,2026-06-03 10:30:00+00:00,10,2,0.5,-0.866025,0.974928,-0.222521,False,False,MORNING,10.0,15.0,39.0,84.0,96.0,361.0,36.26,3.67,0.1012,8.336,7.396,68.11,8.0,92.047,100.0,5.89,0.0,6.35,15.49,100.0,100.0,8.0,8.0,6.0,2.88,72.711,82.83,100.0,100.0,True,MASS_CASUALTY_INTAKE,87.6,95.794,6.069999999999997,7.059999999999999,22.509999999999998,8.768,36.26,7.0,5.57,29.772,33.0,58.85,100.0,93.068,100.0,100.0,85.826,100.0,100.0,57.0,60.0,100.0,93.452,100.0,100.0,91.519,100.0,100.0,4.945,6.626,94.947,91.528,90.0,CRITICAL
235,2026-06-03 10:45:00+00:00,10,2,0.5,-0.866025,0.974928,-0.222521,False,False,MORNING,10.0,20.0,35.0,91.0,104.0,367.0,42.35,4.41,0.104,8.285,6.433,68.39,8.0,92.42,100.0,5.61,0.0,6.76,16.39,100.0,100.0,7.99,8.8,5.21,3.02,76.309,84.27,100.0,100.0,True,MASS_CASUALTY_INTAKE,103.0,96.2,6.090000000000003,12.16,18.93,11.414,42.35,-8.0,4.94,31.655,30.0,60.0,100.0,92.989,100.0,100.0,86.923,100.0,100.0,55.0,60.0,100.0,93.163,100.0,100.0,91.918,100.0,100.0,5.073,7.08,93.993,90.953,90.0,CRITICAL
236,2026-06-03 11:00:00+00:00,11,2,0.258819,-0.965926,0.974928,-0.222521,False,False,MORNING,8.0,18.0,33.0,96.0,111.0,374.0,46.52,5.15,0.1106,8.111,8.165,68.23,8.0,92.197,100.0,5.77,0.0,7.36,17.71,100.0,100.0,8.06,9.44,4.5,3.15,79.548,85.38,100.0,100.0,True,MASS_CASUALTY_INTAKE,115.5,96.443,4.170000000000002,10.260000000000005,17.320000000000004,14.322,46.52,-13.0,4.61,32.975,27.0,60.0,100.0,93.409,100.0,100.0,89.233,100.0,100.0,57.0,60.0,100.0,93.539,100.0,100.0,91.809,100.0,100.0,5.243,6.776,93.476,90.491,90.0,CRITICAL
237,2026-06-03 11:15:00+00:00,11,2,0.258819,-0.965926,0.974928,-0.222521,False,False,MORNING,11.0,19.0,39.0,102.0,122.0,379.0,53.65,5.65,0.1054,8.215,6.791,68.48,8.0,92.542,100.0,5.52,0.0,7.98,19.08,100.0,100.0,8.2,9.95,3.85,3.27,82.522,86.97,100.0,100.0,True,MASS_CASUALTY_INTAKE,131.5,96.786,7.1299999999999955,11.299999999999997,23.459999999999997,17.675,53.65,-3.0,5.57,35.155,28.0,60.0,100.0,93.342,100.0,100.0,93.914,100.0,100.0,63.0,60.0,100.0,93.538,100.0,100.0,95.111,100.0,100.0,5.376,6.062,92.879,90.324,90.0,CRITICAL
238,2026-06-03 11:30:00+00:00,11,2,0.258819,-0.965926,0.974928,-0.222521,False,False,MORNING,9.0,20.0,38.0,109.0,130.0,383.0,58.85,6.52,0.1108,8.054,6.2,68.87,8.0,93.068,100.0,5.13,0.0,7.42,17.84,100.0,100.0,8.52,10.36,3.12,3.4,85.826,88.25,100.0,100.0,True,MASS_CASUALTY_INTAKE,147.2,97.199,5.200000000000003,12.329999999999998,22.590000000000003,21.353,58.85,-1.0,5.42,36.775,24.0,60.0,100.0,93.452,100.0,100.0,91.519,100.0,100.0,62.0,60.0,100.0,93.4,100.0,100.0,94.165,100.0,100.0,5.43,6.695,92.694,89.917,90.0,CRITICAL
239,2026-06-03 11:45:00+00:00,11,2,0.258819,-0.965926,0.974928,-0.222521,False,False,MORNING,8.0,17.0,36.0,114.0,137.0,387.0,60.0,7.15,0.1192,7.809,7.475,68.81,8.0,92.989,100.0,5.19,0.0,7.07,17.07,100.0,100.0,8.43,10.69,2.88,3.44,86.923,89.36,100.0,100.0,True,MASS_CASUALTY_INTAKE,154.7,97.281,1.1499999999999986,6.350000000000001,17.65,25.103,60.0,1.0,5.09,37.34,24.0,60.0,100.0,93.163,100.0,100.0,91.918,100.0,100.0,62.0,60.0,100.0,93.579,100.0,100.0,94.429,100.0,100.0,5.544,5.664,92.111,89.939,90.0,CRITICAL
240,2026-06-03 12:00:00+00:00,12,2,0.0,-1.0,0.974928,-0.222521,False,False,MORNING,7.0,15.0,35.0,114.0,144.0,391.0,60.0,7.29,0.1215,7.846,6.295,69.12,8.0,93.409,100.0,4.88,0.0,7.98,19.08,100.0,100.0,8.68,10.95,2.37,3.53,89.233,90.0,100.0,100.0,True,MASS_CASUALTY_INTAKE,154.0,97.581,0.0,1.1499999999999986,13.479999999999997,28.853,60.0,2.0,4.62,37.5,30.0,60.0,100.0,93.539,100.0,100.0,91.809,100.0,100.0,53.0,60.0,100.0,93.154,100.0,100.0,96.473,100.0,100.0,5.546,5.284,91.894,90.051,90.0,CRITICAL
241,2026-06-03 12:15:00+00:00,12,2,0.0,-1.0,0.974928,-0.222521,False,False,MORNING,9.0,16.0,33.0,114.0,153.0,395.0,60.0,7.29,0.1215,7.65,7.714,69.07,8.0,93.342,100.0,4.93,0.0,7.98,19.08,100.0,100.0,9.5,11.16,1.34,3.72,93.914,90.0,100.0,100.0,True,MASS_CASUALTY_INTAKE,158.0,97.987,0.0,0.0,6.350000000000001,32.555,60.0,-6.0,3.03,37.5,31.0,60.0,100.0,93.538,100.0,100.0,95.111,100.0,100.0,47.0,60.0,100.0,92.964,100.0,100.0,96.371,100.0,100.0,5.518,5.431,91.134,90.163,90.0,CRITICAL
242,2026-06-03 12:30:00+00:00,12,2,0.0,-1.0,0.974928,-0.222521,False,False,MORNING,6.0,15.0,30.0,107.0,157.0,396.0,60.0,7.29,0.1215,7.682,6.94,69.15,8.0,93.452,100.0,4.85,0.0,7.98,19.08,100.0,100.0,8.81,11.33,1.87,3.62,91.519,90.0,100.0,100.0,True,MASS_CASUALTY_INTAKE,157.3,97.796,0.0,0.0,1.1499999999999986,36.305,60.0,-8.0,1.75,37.5,33.0,60.0,100.0,93.4,100.0,100.0,94.165,100.0,100.0,44.0,60.0,100.0,93.08,100.0,100.0,98.03,100.0,100.0,5.498,4.968,91.13,90.342,90.0,CRITICAL
243,2026-06-03 12:45:00+00:00,12,2,0.0,-1.0,0.974928,-0.222521,False,False,MORNING,5.0,11.0,27.0,98.0,160.0,397.0,60.0,7.29,0.1215,7.63,7.876,68.94,8.0,93.163,100.0,5.06,0.0,7.98,19.08,100.0,100.0,8.76,11.46,1.78,3.64,91.918,90.0,100.0,100.0,True,MASS_CASUALTY_INTAKE,158.4,97.768,0.0,0.0,0.0,40.055,60.0,-9.0,0.64,37.5,31.0,60.0,100.0,93.579,100.0,100.0,94.429,100.0,100.0,45.0,60.0,100.0,93.574,100.0,100.0,95.423,100.0,100.0,5.449,5.887,91.382,90.167,90.0,CRITICAL
244,2026-06-03 13:00:00+00:00,13,2,-0.258819,-0.965926,0.974928,-0.222521,False,False,MORNING,8.0,13.0,28.0,96.0,168.0,397.0,60.0,7.29,0.1215,7.765,6.231,69.22,8.0,93.539,100.0,4.78,0.0,5.69,14.04,100.0,100.0,8.63,11.57,1.8,3.64,91.809,90.0,100.0,100.0,True,MASS_CASUALTY_INTAKE,155.6,97.841,0.0,0.0,0.0,43.718,60.0,-7.0,0.0,37.5,27.0,60.0,100.0,93.154,100.0,100.0,96.473,100.0,100.0,44.0,60.0,100.0,93.71,100.0,100.0,94.514,100.0,100.0,5.493,6.423,91.619,89.827,90.0,CRITICAL
245,2026-06-03 13:15:00+00:00,13,2,-0.258819,-0.965926,0.974928,-0.222521,False,False,MORNING,5.0,13.0,24.0,96.0,170.0,393.0,60.0,7.29,0.1215,7.59,7.298,69.22,8.0,93.538,100.0,4.78,0.0,7.51,18.03,100.0,100.0,9.27,11.66,1.08,3.77,95.111,90.0,100.0,100.0,True,MASS_CASUALTY_INTAKE,159.2,98.138,0.0,0.0,0.0,47.137,60.0,-9.0,0.0,37.5,32.0,60.0,100.0,92.964,100.0,100.0,96.371,100.0,100.0,32.0,60.0,100.0,93.611,100.0,100.0,95.176,100.0,100.0,5.583,5.566,90.937,89.907,90.0,CRITICAL
246,2026-06-03 13:30:00+00:00,13,2,-0.258819,-0.965926,0.974928,-0.222521,False,False,MORNING,6.0,11.0,24.0,92.0,176.0,386.0,60.0,7.29,0.1215,7.59,7.61,69.12,8.0,93.4,100.0,4.88,0.0,5.9,14.5,100.0,100.0,8.99,11.73,1.28,3.73,94.165,90.0,100.0,100.0,True,MASS_CASUALTY_INTAKE,159.2,98.023,0.0,0.0,0.0,50.027,60.0,-6.0,0.0,37.5,29.0,60.0,100.0,93.08,100.0,100.0,98.03,100.0,100.0,32.0,60.0,99.776,93.596,100.0,100.0,97.535,100.0,100.0,5.57,5.849,91.11,89.794,90.0,CRITICAL
247,2026-06-03 13:45:00+00:00,13,2,-0.258819,-0.965926,0.974928,-0.222521,False,False,MORNING,11.0,17.0,30.0,93.0,184.0,391.0,60.0,7.29,0.1215,7.654,6.971,69.25,8.0,93.579,100.0,4.75,0.0,7.43,17.86,100.0,100.0,8.99,11.78,1.23,3.74,94.429,90.0,100.0,100.0,True,MASS_CASUALTY_INTAKE,157.9,98.086,0.0,0.0,0.0,52.314,60.0,3.0,0.0,37.5,31.0,60.0,100.0,93.574,100.0,100.0,95.423,100.0,100.0,30.0,58.43,100.0,93.553,100.0,100.0,95.547,100.0,100.0,5.599,6.758,90.96,89.418,90.0,CRITICAL
248,2026-06-03 14:00:00+00:00,14,2,-0.5,-0.866025,0.974928,-0.222521,False,False,EVENING,9.0,20.0,31.0,94.0,190.0,394.0,60.0,7.29,0.1215,7.571,8.263,68.93,8.0,93.154,100.0,5.07,0.0,6.84,16.21,100.0,100.0,9.4,11.82,0.78,3.82,96.473,90.0,100.0,100.0,True,FESTIVAL_ACCIDENTS,159.6,98.176,0.0,0.0,0.0,54.239,60.0,3.0,0.0,37.5,26.0,60.0,100.0,93.71,100.0,100.0,94.514,100.0,100.0,31.0,58.78,98.512,92.627,100.0,100.0,95.254,100.0,100.0,5.704,5.23,89.943,89.688,90.0,CRITICAL
249,2026-06-03 14:15:00+00:00,14,2,-0.5,-0.866025,0.974928,-0.222521,False,False,EVENING,7.0,16.0,33.0,90.0,192.0,393.0,60.0,7.29,0.1215,7.769,7.676,68.79,8.0,92.964,100.0,5.21,0.0,6.84,16.21,100.0,100.0,9.34,11.86,0.8,3.82,96.371,90.0,100.0,100.0,True,FESTIVAL_ACCIDENTS,155.5,98.125,0.0,0.0,0.0,56.102,60.0,9.0,0.0,37.5,15.0,60.0,100.0,93.611,100.0,100.0,95.176,100.0,100.0,32.0,59.97,96.628,91.915,100.0,100.0,95.275,100.0,100.0,5.644,5.294,90.8,89.714,90.0,CRITICAL
250,2026-06-03 14:30:00+00:00,14,2,-0.5,-0.866025,0.974928,-0.222521,False,False,EVENING,4.0,11.0,31.0,85.0,194.0,386.0,60.0,7.29,0.1215,7.857,7.513,68.88,8.0,93.08,100.0,5.12,0.0,6.84,16.21,100.0,100.0,9.68,11.89,0.43,3.88,98.03,90.0,100.0,100.0,True,FESTIVAL_ACCIDENTS,153.8,98.3,0.0,0.0,0.0,57.586,60.0,7.0,0.0,37.5,15.0,60.0,99.776,93.596,100.0,100.0,97.535,100.0,100.0,33.0,60.0,94.947,91.528,100.0,100.0,95.854,100.0,100.0,5.625,4.628,91.245,90.002,90.0,CRITICAL
251,2026-06-03 14:45:00+00:00,14,2,-0.5,-0.866025,0.974928,-0.222521,False,False,EVENING,7.0,11.0,27.0,84.0,198.0,384.0,60.0,7.29,0.1215,7.803,6.205,69.24,8.0,93.574,100.0,4.76,0.0,6.73,15.97,100.0,100.0,9.08,11.91,1.01,3.78,95.423,90.0,100.0,100.0,True,FESTIVAL_ACCIDENTS,154.9,98.174,0.0,0.0,0.0,58.689,60.0,-3.0,0.0,37.5,14.0,58.43,100.0,93.553,100.0,100.0,95.547,100.0,100.0,32.0,60.0,93.993,90.953,100.0,100.0,94.697,100.0,100.0,5.54,6.114,90.961,89.839,90.0,CRITICAL
252,2026-06-03 15:00:00+00:00,15,2,-0.707107,-0.707107,0.974928,-0.222521,False,False,EVENING,14.0,21.0,32.0,91.0,205.0,387.0,60.0,7.29,0.1215,7.573,7.04,69.35,8.0,93.71,100.0,4.65,0.0,6.84,16.21,100.0,100.0,8.87,11.93,1.21,3.74,94.514,90.0,100.0,100.0,True,FESTIVAL_ACCIDENTS,159.6,98.122,0.0,0.0,0.0,59.531,60.0,1.0,0.0,37.5,18.0,58.78,98.512,92.627,100.0,100.0,95.254,100.0,100.0,28.0,58.88,93.476,90.491,100.0,100.0,93.511,100.0,100.0,5.589,5.259,91.366,89.906,90.0,CRITICAL
253,2026-06-03 15:15:00+00:00,15,2,-0.707107,-0.707107,0.974928,-0.222521,False,False,EVENING,4.0,18.0,29.0,86.0,200.0,386.0,60.0,7.29,0.1215,7.51,7.396,69.27,8.0,93.611,100.0,4.73,0.0,6.41,15.26,100.0,100.0,9.0,11.94,1.06,3.77,95.176,90.0,100.0,100.0,True,FESTIVAL_ACCIDENTS,160.9,98.16,0.0,0.0,0.0,59.928,60.0,-4.0,0.0,37.5,17.0,59.97,96.628,91.915,100.0,100.0,95.275,100.0,100.0,29.0,59.68,92.879,90.324,100.0,100.0,91.369,100.0,100.0,5.565,6.052,91.199,89.76,90.0,CRITICAL
254,2026-06-03 15:30:00+00:00,15,2,-0.707107,-0.707107,0.974928,-0.222521,False,False,EVENING,6.0,10.0,31.0,86.0,193.0,386.0,60.0,7.29,0.1215,7.556,7.67,69.26,7.98,93.596,99.776,4.74,0.02,6.84,16.21,100.0,100.0,9.5,11.95,0.54,3.86,97.535,90.0,100.0,100.0,True,FESTIVAL_ACCIDENTS,159.9,98.324,0.0,0.0,0.0,60.0,60.0,0.0,0.0,37.5,17.0,60.0,94.947,91.528,100.0,100.0,95.854,100.0,100.0,31.0,60.0,92.694,89.917,100.0,100.0,92.618,100.0,100.0,5.607,6.434,91.266,89.473,89.99,CRITICAL
255,2026-06-03 15:45:00+00:00,15,2,-0.707107,-0.707107,0.974928,-0.222521,False,False,EVENING,2.0,8.0,26.0,83.0,181.0,383.0,58.43,7.29,0.1248,7.568,7.399,69.23,8.0,93.553,100.0,4.77,0.0,6.84,16.21,100.0,100.0,9.06,11.96,0.98,3.78,95.547,90.0,100.0,100.0,True,FESTIVAL_ACCIDENTS,155.5,98.181,-1.5700000000000003,-1.5700000000000003,-1.5700000000000003,59.902,60.0,-1.0,0.0,37.108,16.0,60.0,93.993,90.953,100.0,100.0,94.697,100.0,100.0,31.0,59.7,92.111,89.939,100.0,100.0,93.729,100.0,100.0,5.685,5.26,91.51,89.59,90.0,CRITICAL
256,2026-06-03 16:00:00+00:00,16,2,-0.866025,-0.5,0.974928,-0.222521,False,False,EVENING,3.0,5.0,15.0,78.0,174.0,383.0,58.78,5.26,0.0895,4.451,7.668,68.54,7.88,92.627,98.512,5.46,0.12,6.84,16.21,100.0,100.0,8.99,11.97,1.04,3.77,95.254,90.0,100.0,100.0,False,,210.8,97.653,0.3500000000000014,-1.2199999999999989,-1.2199999999999989,59.826,60.0,-17.0,0.0,37.195,13.0,58.88,93.476,90.491,100.0,100.0,93.511,100.0,100.0,38.0,60.0,91.894,90.051,100.0,100.0,95.34,100.0,100.0,5.649,5.995,90.223,89.612,90.0,CRITICAL
257,2026-06-03 16:15:00+00:00,16,2,-0.866025,-0.5,0.974928,-0.222521,False,False,EVENING,4.0,7.0,15.0,77.0,173.0,385.0,59.97,5.29,0.0882,4.725,7.436,68.02,7.73,91.915,96.628,5.98,0.27,6.84,16.21,100.0,100.0,8.98,11.98,1.04,3.77,95.275,90.0,100.0,100.0,False,,202.6,97.122,1.1899999999999977,1.5399999999999991,-0.030000000000001137,59.824,60.0,-14.0,0.0,37.492,15.0,59.68,92.879,90.324,100.0,100.0,91.369,100.0,100.0,38.0,60.0,91.134,90.163,100.0,100.0,94.802,100.0,100.0,5.66,5.831,90.809,89.492,90.0,CRITICAL
258,2026-06-03 16:30:00+00:00,16,2,-0.866025,-0.5,0.974928,-0.222521,False,False,EVENING,5.0,9.0,14.0,76.0,168.0,388.0,60.0,5.4,0.09,4.945,6.626,67.73,7.6,91.528,94.947,6.27,0.4,6.4,15.25,100.0,100.0,9.11,11.98,0.91,3.8,95.854,90.0,100.0,100.0,False,,193.7,96.752,0.030000000000001137,1.2199999999999989,0.0,59.824,60.0,-17.0,0.0,37.5,16.0,60.0,92.694,89.917,100.0,100.0,92.618,100.0,100.0,36.0,60.0,91.13,90.342,100.0,100.0,94.048,100.0,100.0,5.686,5.466,90.892,89.557,90.0,CRITICAL
259,2026-06-03 16:45:00+00:00,16,2,-0.866025,-0.5,0.974928,-0.222521,False,False,EVENING,6.0,11.0,18.0,71.0,164.0,393.0,60.0,5.4,0.09,5.073,7.08,67.31,7.52,90.953,93.993,6.69,0.48,6.84,16.21,100.0,100.0,8.85,11.98,1.17,3.75,94.697,90.0,100.0,100.0,False,,188.8,96.331,0.0,0.030000000000001137,1.5700000000000003,59.824,60.0,-8.0,0.0,37.5,16.0,59.7,92.111,89.939,100.0,100.0,93.729,100.0,100.0,36.0,58.76,91.382,90.167,100.0,100.0,94.363,100.0,100.0,5.667,5.502,89.574,89.755,90.0,CRITICAL
260,2026-06-03 17:00:00+00:00,17,2,-0.965926,-0.258819,0.974928,-0.222521,False,False,EVENING,2.0,8.0,17.0,64.0,158.0,392.0,58.88,5.4,0.0917,5.243,6.776,66.96,7.48,90.491,93.476,7.04,0.52,6.84,16.21,100.0,100.0,8.58,11.99,1.43,3.7,93.511,90.0,100.0,100.0,False,,179.2,96.019,-1.1199999999999974,-1.1199999999999974,0.10000000000000142,59.754,60.0,2.0,0.0,37.22,15.0,60.0,91.894,90.051,100.0,100.0,95.34,100.0,100.0,37.0,58.49,91.619,89.827,100.0,100.0,94.718,100.0,100.0,5.63,6.114,89.175,89.635,90.0,CRITICAL
261,2026-06-03 17:15:00+00:00,17,2,-0.965926,-0.258819,0.974928,-0.222521,False,False,EVENING,4.0,6.0,17.0,61.0,151.0,394.0,59.68,5.3,0.0888,5.376,6.062,66.84,7.43,90.324,92.879,7.16,0.57,6.77,16.06,100.0,100.0,8.11,11.99,1.9,3.62,91.369,90.0,100.0,100.0,False,,177.2,95.67,0.7999999999999972,-0.3200000000000003,-0.28999999999999915,59.734,60.0,2.0,0.0,37.42,14.0,60.0,91.134,90.163,100.0,100.0,94.802,100.0,100.0,40.0,60.0,90.937,89.907,100.0,100.0,92.662,100.0,100.0,5.668,6.066,89.342,89.482,89.99,CRITICAL
262,2026-06-03 17:30:00+00:00,17,2,-0.965926,-0.258819,0.974928,-0.222521,False,False,EVENING,4.0,8.0,16.0,61.0,146.0,397.0,60.0,5.37,0.0895,5.43,6.695,66.54,7.42,89.917,92.694,7.46,0.58,6.44,15.34,100.0,100.0,8.38,11.99,1.62,3.67,92.618,90.0,100.0,100.0,False,,176.4,95.656,0.3200000000000003,1.1199999999999974,0.0,59.734,60.0,2.0,0.0,37.5,15.0,60.0,91.13,90.342,100.0,100.0,94.048,100.0,100.0,37.0,60.0,91.11,89.794,100.0,100.0,91.888,100.0,100.0,5.708,5.562,89.612,89.503,90.0,CRITICAL
263,2026-06-03 17:45:00+00:00,17,2,-0.965926,-0.258819,0.974928,-0.222521,False,False,EVENING,3.0,7.0,13.0,57.0,141.0,395.0,59.7,5.4,0.0905,5.544,5.664,66.56,7.37,89.939,92.111,7.44,0.63,6.84,16.21,100.0,100.0,8.63,11.99,1.38,3.71,93.729,90.0,100.0,100.0,False,,171.9,95.644,-0.29999999999999716,0.020000000000003126,-0.29999999999999716,59.715,60.0,-5.0,0.0,37.425,15.0,58.76,91.382,90.167,100.0,100.0,94.363,100.0,100.0,34.0,60.0,90.96,89.418,100.0,100.0,91.191,100.0,100.0,5.699,6.096,89.584,89.372,89.99,CRITICAL
264,2026-06-03 18:00:00+00:00,18,2,-1.0,-0.0,0.974928,-0.222521,False,False,EVENING,4.0,7.0,15.0,47.0,138.0,397.0,60.0,5.37,0.0896,5.546,5.284,66.64,7.35,90.051,91.894,7.36,0.65,5.87,14.08,100.0,100.0,8.98,12.0,1.03,3.78,95.34,90.0,100.0,100.0,False,,172.7,95.771,0.29999999999999716,0.0,1.1199999999999974,59.715,60.0,-2.0,0.0,37.5,23.0,58.49,91.619,89.827,100.0,100.0,94.718,100.0,100.0,27.0,60.0,89.943,89.688,100.0,100.0,89.012,100.0,100.0,5.735,4.976,89.62,89.624,90.0,CRITICAL
265,2026-06-03 18:15:00+00:00,18,2,-1.0,-0.0,0.974928,-0.222521,False,False,EVENING,5.0,9.0,16.0,48.0,134.0,400.0,60.0,5.4,0.09,5.518,5.431,66.72,7.29,90.163,91.134,7.28,0.71,6.84,16.21,100.0,100.0,8.86,12.0,1.14,3.75,94.802,90.0,100.0,100.0,False,,173.5,95.595,0.0,0.29999999999999716,0.3200000000000003,59.715,60.0,-1.0,0.0,37.5,24.0,60.0,90.937,89.907,100.0,100.0,92.662,100.0,100.0,31.0,59.64,90.8,89.714,100.0,100.0,90.697,100.0,100.0,5.665,4.738,90.446,89.848,89.83,CRITICAL
266,2026-06-03 18:30:00+00:00,18,2,-1.0,-0.0,0.974928,-0.222521,False,False,EVENING,4.0,9.0,16.0,46.0,132.0,401.0,60.0,5.4,0.09,5.498,4.968,66.85,7.29,90.342,91.13,7.15,0.71,6.84,16.21,100.0,100.0,8.69,12.0,1.31,3.72,94.048,90.0,100.0,100.0,False,,174.2,95.566,0.0,0.0,0.0,59.715,60.0,0.0,0.0,37.5,21.0,60.0,91.11,89.794,100.0,100.0,91.888,100.0,100.0,32.0,60.0,91.245,90.002,100.0,100.0,90.731,100.0,100.0,5.593,7.485,90.296,89.225,90.0,CRITICAL
267,2026-06-03 18:45:00+00:00,18,2,-1.0,-0.0,0.974928,-0.222521,False,False,EVENING,2.0,6.0,15.0,46.0,129.0,399.0,58.76,5.4,0.0919,5.449,5.887,66.72,7.31,90.167,91.382,7.28,0.69,5.92,14.19,100.0,100.0,8.76,12.0,1.24,3.74,94.363,90.0,100.0,100.0,False,,172.1,95.606,-1.240000000000002,-1.240000000000002,-0.9400000000000048,59.638,60.0,2.0,0.0,37.19,21.0,60.0,90.96,89.418,100.0,100.0,91.191,100.0,100.0,36.0,59.7,90.961,89.839,100.0,100.0,90.655,100.0,100.0,5.765,5.573,89.779,89.346,90.0,CRITICAL
268,2026-06-03 19:00:00+00:00,19,2,-0.965926,0.258819,0.974928,-0.222521,False,False,EVENING,3.0,5.0,14.0,46.0,124.0,397.0,58.49,5.29,0.0904,5.493,6.423,66.47,7.33,89.827,91.619,7.53,0.67,6.84,16.21,100.0,100.0,8.84,12.0,1.16,3.75,94.718,90.0,100.0,100.0,False,,169.9,95.61,-0.269999999999996,-1.509999999999998,-1.509999999999998,59.543,60.0,-1.0,0.0,37.122,14.0,60.0,89.943,89.688,100.0,100.0,89.012,100.0,100.0,35.0,60.0,91.366,89.906,100.0,100.0,89.818,100.0,100.0,5.739,4.701,89.729,89.702,89.83,CRITICAL
269,2026-06-03 19:15:00+00:00,19,2,-0.965926,0.258819,0.974928,-0.222521,False,False,EVENING,6.0,9.0,15.0,48.0,125.0,399.0,60.0,5.26,0.0877,5.583,5.566,66.53,7.27,89.907,90.937,7.47,0.73,6.84,16.21,100.0,100.0,8.39,12.0,1.61,3.67,92.662,90.0,100.0,100.0,False,,171.5,95.307,1.509999999999998,1.240000000000002,0.0,59.543,60.0,-1.0,0.0,37.5,16.0,59.64,90.8,89.714,100.0,100.0,90.697,100.0,100.0,34.0,59.69,91.199,89.76,100.0,100.0,87.94,100.0,100.0,5.643,7.713,89.767,88.999,90.0,CRITICAL
270,2026-06-03 19:30:00+00:00,19,2,-0.965926,0.258819,0.974928,-0.222521,False,False,EVENING,4.0,10.0,15.0,47.0,123.0,395.0,60.0,5.4,0.09,5.57,5.849,66.45,7.29,89.794,91.11,7.55,0.71,6.84,16.21,100.0,100.0,8.22,12.0,1.78,3.64,91.888,90.0,100.0,100.0,False,,171.9,95.247,0.0,1.509999999999998,0.0,59.543,60.0,-1.0,0.0,37.5,16.0,60.0,91.245,90.002,100.0,100.0,90.731,100.0,100.0,32.0,57.35,91.266,89.473,100.0,100.0,89.983,100.0,100.0,5.834,4.452,91.189,89.312,89.99,CRITICAL
271,2026-06-03 19:45:00+00:00,19,2,-0.965926,0.258819,0.974928,-0.222521,False,False,EVENING,10.0,14.0,23.0,51.0,122.0,403.0,60.0,5.4,0.09,5.599,6.758,66.17,7.28,89.418,90.96,7.83,0.72,6.84,16.21,100.0,100.0,8.06,12.0,1.94,3.61,91.191,90.0,100.0,100.0,False,,171.0,95.071,0.0,0.0,1.240000000000002,59.641,60.0,8.0,0.0,37.5,13.0,59.7,90.961,89.839,100.0,100.0,90.655,100.0,100.0,33.0,56.97,91.51,89.59,100.0,100.0,91.154,100.0,100.0,5.73,5.975,91.31,89.216,89.83,CRITICAL
272,2026-06-03 20:00:00+00:00,20,2,-0.866025,0.5,0.974928,-0.222521,False,False,EVENING,4.0,14.0,24.0,53.0,117.0,402.0,60.0,5.4,0.09,5.704,5.23,66.37,7.2,89.688,89.943,7.63,0.8,6.35,15.14,100.0,100.0,7.58,12.0,2.42,3.52,89.012,90.0,100.0,100.0,False,,167.9,94.731,0.0,0.0,1.509999999999998,59.718,60.0,10.0,0.0,37.5,13.0,60.0,91.366,89.906,100.0,100.0,89.818,100.0,100.0,31.0,60.0,90.223,89.612,100.0,100.0,91.844,100.0,100.0,5.754,5.875,91.505,89.154,89.98,HIGH
273,2026-06-03 20:15:00+00:00,20,2,-0.866025,0.5,0.974928,-0.222521,False,False,EVENING,3.0,7.0,21.0,52.0,113.0,403.0,59.64,5.4,0.0905,5.644,5.294,66.39,7.26,89.714,90.8,7.61,0.74,6.84,16.21,100.0,100.0,7.95,12.0,2.05,3.59,90.697,90.0,100.0,100.0,False,,168.7,95.06,-0.35999999999999943,-0.35999999999999943,-0.35999999999999943,59.697,60.0,6.0,0.0,37.41,15.0,59.69,91.199,89.76,100.0,100.0,87.94,100.0,100.0,25.0,60.0,90.809,89.492,100.0,100.0,90.676,100.0,100.0,5.769,5.178,91.885,89.313,89.97,CRITICAL
274,2026-06-03 20:30:00+00:00,20,2,-0.866025,0.5,0.974928,-0.222521,False,False,EVENING,4.0,7.0,21.0,52.0,113.0,403.0,60.0,5.37,0.0895,5.625,4.628,66.6,7.3,90.002,91.245,7.4,0.7,6.8,16.12,100.0,100.0,7.96,12.0,2.04,3.59,90.731,90.0,100.0,100.0,False,,170.2,95.215,0.35999999999999943,0.0,0.0,59.697,60.0,6.0,0.0,37.5,16.0,57.35,91.266,89.473,100.0,100.0,89.983,100.0,100.0,21.0,60.0,90.892,89.557,100.0,100.0,90.916,100.0,100.0,5.72,4.786,92.174,89.597,89.81,CRITICAL
275,2026-06-03 20:45:00+00:00,20,2,-0.866025,0.5,0.974928,-0.222521,False,False,EVENING,3.0,7.0,14.0,52.0,109.0,399.0,59.7,5.4,0.0904,5.54,6.114,66.48,7.28,89.839,90.961,7.52,0.72,6.84,16.21,100.0,100.0,7.94,12.0,2.06,3.59,90.655,90.0,100.0,100.0,False,,172.0,95.116,-0.29999999999999716,0.060000000000002274,-0.29999999999999716,59.678,60.0,-9.0,0.0,37.425,23.0,56.97,91.51,89.59,100.0,100.0,91.154,100.0,100.0,17.0,58.63,89.574,89.755,100.0,100.0,92.616,100.0,100.0,5.638,6.605,92.86,89.196,89.8,CRITICAL
276,2026-06-03 21:00:00+00:00,21,2,-0.707107,0.707107,0.974928,-0.222521,False,False,EVENING,6.0,9.0,16.0,54.0,101.0,401.0,60.0,5.37,0.0896,5.589,5.259,66.53,7.31,89.906,91.366,7.47,0.69,3.6,9.09,100.0,100.0,7.76,12.0,2.24,3.56,89.818,90.0,100.0,100.0,False,,171.4,95.136,0.29999999999999716,0.0,0.0,59.748,60.0,-8.0,0.0,37.5,22.0,60.0,90.223,89.612,100.0,100.0,91.844,100.0,100.0,17.0,60.0,89.175,89.635,100.0,100.0,91.865,100.0,100.0,5.739,5.524,93.436,89.207,89.63,CRITICAL
277,2026-06-03 21:15:00+00:00,21,2,-0.707107,0.707107,0.974928,-0.222521,False,False,EVENING,3.0,9.0,16.0,52.0,100.0,397.0,59.69,5.4,0.0905,5.565,6.052,66.42,7.3,89.76,91.199,7.58,0.7,6.84,16.21,100.0,100.0,7.35,12.0,2.65,3.48,87.94,90.0,100.0,100.0,False,,171.2,94.902,-0.3100000000000023,-0.010000000000005116,0.04999999999999716,59.749,60.0,-5.0,0.0,37.422,19.0,60.0,90.809,89.492,100.0,100.0,90.676,100.0,100.0,12.0,57.63,89.342,89.482,100.0,100.0,89.905,100.0,100.0,5.728,5.969,93.746,89.092,89.79,HIGH
278,2026-06-03 21:30:00+00:00,21,2,-0.707107,0.707107,0.974928,-0.222521,False,False,EVENING,1.0,4.0,13.0,49.0,95.0,393.0,57.35,5.37,0.0937,5.607,6.434,66.21,7.3,89.473,91.266,7.79,0.7,6.84,16.21,100.0,100.0,7.8,12.0,2.2,3.56,89.983,89.99,100.0,100.0,False,,163.2,95.036,-2.3399999999999963,-2.6499999999999986,-2.6499999999999986,59.583,60.0,-8.0,-0.01,36.835,16.0,60.0,90.892,89.557,100.0,100.0,90.916,100.0,100.0,16.0,56.23,89.612,89.503,100.0,100.0,91.045,100.0,100.0,5.755,5.168,93.133,89.357,89.62,CRITICAL
279,2026-06-03 21:45:00+00:00,21,2,-0.707107,0.707107,0.974928,-0.222521,False,False,EVENING,3.0,4.0,13.0,50.0,96.0,394.0,56.97,5.16,0.0906,5.685,5.26,66.3,7.32,89.59,91.51,7.7,0.68,6.84,16.21,100.0,100.0,8.05,12.0,1.95,3.61,91.154,90.0,100.0,100.0,False,,159.9,95.216,-0.38000000000000256,-2.719999999999999,-2.730000000000004,59.412,60.0,-1.0,0.0,36.742,10.0,58.63,89.574,89.755,100.0,100.0,92.616,100.0,100.0,15.0,53.84,89.584,89.372,100.0,100.0,90.039,100.0,100.0,5.691,4.794,92.784,89.698,89.61,CRITICAL
280,2026-06-03 22:00:00+00:00,22,2,-0.5,0.866025,0.974928,-0.222521,False,False,NIGHT,8.0,11.0,15.0,55.0,101.0,397.0,60.0,5.13,0.0854,5.649,5.995,66.31,7.22,89.612,90.223,7.69,0.78,3.35,10.7,100.0,100.0,8.21,12.0,1.79,3.64,91.844,90.0,100.0,100.0,False,,169.5,95.025,3.030000000000001,2.6499999999999986,0.0,59.412,60.0,-1.0,0.0,37.5,9.0,60.0,89.175,89.635,100.0,100.0,91.865,100.0,100.0,14.0,52.42,89.62,89.624,100.0,100.0,90.259,100.0,100.0,5.603,4.931,92.801,89.923,89.61,CRITICAL
281,2026-06-03 22:15:00+00:00,22,2,-0.5,0.866025,0.974928,-0.222521,False,False,NIGHT,4.0,12.0,16.0,53.0,101.0,397.0,60.0,5.4,0.09,5.66,5.831,66.22,7.26,89.492,90.809,7.78,0.74,3.76,11.6,100.0,100.0,7.95,12.0,2.05,3.59,90.676,90.0,100.0,100.0,False,,169.2,95.011,0.0,3.030000000000001,0.3100000000000023,59.412,60.0,0.0,0.0,37.5,6.0,57.63,89.342,89.482,100.0,100.0,89.905,100.0,100.0,14.0,49.05,90.446,89.848,100.0,100.0,88.415,100.0,100.0,5.541,6.262,93.423,89.612,89.44,CRITICAL
282,2026-06-03 22:30:00+00:00,22,2,-0.5,0.866025,0.974928,-0.222521,False,False,NIGHT,8.0,12.0,23.0,57.0,104.0,399.0,60.0,5.4,0.09,5.686,5.466,66.27,7.27,89.557,90.892,7.73,0.73,4.06,12.26,100.0,100.0,8.0,12.0,2.0,3.6,90.916,90.0,100.0,100.0,False,,168.4,95.063,0.0,0.0,2.6499999999999986,59.412,60.0,10.0,0.01,37.5,5.0,56.23,89.612,89.503,100.0,100.0,91.045,100.0,100.0,15.0,49.72,90.296,89.225,100.0,100.0,88.073,100.0,100.0,5.618,4.925,93.951,89.789,89.75,CRITICAL
283,2026-06-03 22:45:00+00:00,22,2,-0.5,0.866025,0.974928,-0.222521,False,False,NIGHT,2.0,10.0,22.0,49.0,100.0,398.0,58.63,5.4,0.0921,5.667,5.502,66.42,7.17,89.755,89.574,7.58,0.83,4.18,12.52,100.0,100.0,8.38,12.0,1.62,3.67,92.616,90.0,100.0,100.0,False,,165.1,94.996,-1.3699999999999974,-1.3699999999999974,1.6600000000000037,59.404,60.0,9.0,0.0,37.158,7.0,53.84,89.584,89.372,100.0,100.0,90.039,100.0,100.0,11.0,48.29,89.779,89.346,100.0,100.0,89.326,100.0,100.0,5.562,5.298,93.976,89.875,89.75,HIGH
284,2026-06-03 23:00:00+00:00,23,2,-0.258819,0.965926,0.974928,-0.222521,False,False,NIGHT,5.0,7.0,19.0,50.0,103.0,403.0,60.0,5.28,0.0879,5.63,6.114,66.33,7.13,89.635,89.175,7.67,0.87,3.62,11.29,100.0,100.0,8.21,12.0,1.79,3.64,91.865,90.0,100.0,100.0,False,,170.1,94.823,1.3699999999999974,0.0,0.0,59.499,60.0,4.0,0.0,37.5,8.0,52.42,89.62,89.624,100.0,100.0,90.259,100.0,100.0,10.0,44.87,89.729,89.702,100.0,100.0,92.823,100.0,100.0,5.538,5.921,92.672,89.887,89.74,HIGH
285,2026-06-03 23:15:00+00:00,23,2,-0.258819,0.965926,0.974928,-0.222521,False,False,NIGHT,1.0,6.0,16.0,48.0,100.0,401.0,57.63,5.4,0.0937,5.668,6.066,66.22,7.15,89.482,89.342,7.78,0.85,3.39,10.79,100.0,100.0,7.78,12.0,2.22,3.56,89.905,89.99,100.0,100.0,False,,162.3,94.646,-2.3699999999999974,-1.0,-2.3699999999999974,59.351,60.0,0.0,-0.01,36.905,6.0,49.05,90.446,89.848,100.0,100.0,88.415,100.0,100.0,10.0,46.51,89.767,88.999,100.0,100.0,91.408,100.0,100.0,5.552,5.502,92.0,89.977,89.89,HIGH
286,2026-06-03 23:30:00+00:00,23,2,-0.258819,0.965926,0.974928,-0.222521,False,False,NIGHT,2.0,3.0,10.0,46.0,98.0,402.0,56.23,5.19,0.0922,5.708,5.562,66.23,7.17,89.503,89.612,7.77,0.83,4.18,12.52,100.0,100.0,8.03,12.0,1.97,3.61,91.045,90.0,100.0,100.0,False,,157.2,94.807,-1.4000000000000057,-3.770000000000003,-3.770000000000003,59.115,60.0,-13.0,0.0,36.558,11.0,49.72,90.296,89.225,100.0,100.0,88.073,100.0,100.0,7.0,44.04,91.189,89.312,100.0,100.0,90.945,100.0,100.0,5.537,5.566,91.809,89.988,90.0,HIGH
287,2026-06-03 23:45:00+00:00,23,2,-0.258819,0.965926,0.974928,-0.222521,False,False,NIGHT,1.0,3.0,9.0,44.0,96.0,402.0,53.84,5.06,0.094,5.699,6.096,66.13,7.17,89.372,89.584,7.87,0.83,4.18,12.52,100.0,100.0,7.81,12.0,2.19,3.57,90.039,89.99,100.0,100.0,False,,150.8,94.682,-2.3899999999999935,-3.789999999999999,-4.789999999999999,58.73,60.0,-13.0,-0.01,35.957,8.0,48.29,89.779,89.346,100.0,100.0,89.326,100.0,100.0,6.0,40.63,91.31,89.216,100.0,100.0,90.65,100.0,100.0,5.537,6.303,92.218,89.685,90.0,HIGH
288,2026-06-04 00:00:00+00:00,0,3,0.0,1.0,0.433884,-0.900969,False,False,NIGHT,2.0,3.0,6.0,40.0,94.0,403.0,52.42,4.85,0.0924,5.735,4.976,66.32,7.17,89.624,89.62,7.68,0.83,3.54,11.1,100.0,100.0,7.86,12.0,2.14,3.57,90.259,90.0,100.0,100.0,False,,145.9,94.765,-1.4200000000000017,-3.809999999999995,-7.579999999999998,58.256,60.0,-13.0,0.0,35.605,6.0,44.87,89.729,89.702,100.0,100.0,92.823,100.0,100.0,7.0,39.21,91.505,89.154,100.0,100.0,86.297,100.0,100.0,5.614,5.679,91.517,89.738,89.83,HIGH
289,2026-06-04 00:15:00+00:00,0,3,0.0,1.0,0.433884,-0.900969,False,False,NIGHT,0.0,2.0,5.0,37.0,89.0,401.0,49.05,4.72,0.0962,5.665,4.738,66.49,7.24,89.848,90.446,7.51,0.76,4.18,12.52,100.0,100.0,7.45,12.0,2.55,3.5,88.415,89.83,100.0,100.0,False,,138.2,94.813,-3.3700000000000045,-4.790000000000006,-8.580000000000005,57.594,60.0,-11.0,-0.16,34.72,8.0,46.51,89.767,88.999,100.0,100.0,91.408,100.0,100.0,6.0,36.77,91.885,89.313,100.0,100.0,86.683,100.0,100.0,5.609,5.153,92.077,89.832,89.99,HIGH
290,2026-06-04 00:30:00+00:00,0,3,0.0,1.0,0.433884,-0.900969,False,False,NIGHT,4.0,4.0,7.0,40.0,89.0,404.0,49.72,4.41,0.0888,5.593,7.485,66.03,7.22,89.225,90.296,7.97,0.78,4.18,12.52,100.0,100.0,7.38,12.0,2.62,3.49,88.073,90.0,100.0,100.0,False,,141.9,94.615,0.6700000000000017,-2.700000000000003,-6.509999999999998,56.952,60.0,-3.0,0.0,34.93,4.0,44.04,91.189,89.312,100.0,100.0,90.945,100.0,100.0,5.0,33.37,92.174,89.597,100.0,100.0,85.843,100.0,100.0,5.576,7.518,91.353,89.254,90.0,HIGH
291,2026-06-04 00:45:00+00:00,0,3,0.0,1.0,0.433884,-0.900969,False,False,NIGHT,2.0,6.0,8.0,39.0,89.0,405.0,48.29,4.47,0.0927,5.765,5.573,66.12,7.18,89.346,89.779,7.88,0.82,3.46,10.93,100.0,100.0,7.65,12.0,2.35,3.54,89.326,90.0,100.0,100.0,False,,133.7,94.651,-1.4299999999999997,-0.759999999999998,-5.550000000000004,56.239,60.0,-1.0,0.01,34.572,3.0,40.63,91.31,89.216,100.0,100.0,90.65,100.0,100.0,8.0,31.01,92.86,89.196,100.0,100.0,83.494,100.0,100.0,4.86,6.052,91.189,88.869,89.99,HIGH
292,2026-06-04 01:00:00+00:00,1,3,0.258819,0.965926,0.433884,-0.900969,False,False,NIGHT,0.0,2.0,6.0,31.0,86.0,404.0,44.87,4.35,0.0969,5.739,4.701,66.38,7.18,89.702,89.729,7.62,0.82,4.18,12.52,100.0,100.0,8.42,12.0,1.58,3.68,92.823,89.83,100.0,100.0,False,,124.8,95.034,-3.4200000000000017,-4.850000000000001,-7.550000000000004,55.293,60.0,0.0,-0.17,33.675,4.0,39.21,91.505,89.154,100.0,100.0,86.297,100.0,100.0,8.0,27.6,93.436,89.207,100.0,100.0,83.721,100.0,100.0,1.68,5.915,90.297,87.534,89.99,CRITICAL
293,2026-06-04 01:15:00+00:00,1,3,0.258819,0.965926,0.433884,-0.900969,False,False,NIGHT,5.0,5.0,11.0,32.0,85.0,407.0,46.51,4.04,0.0868,5.643,7.713,65.86,7.18,88.999,89.767,8.14,0.82,3.51,11.03,100.0,100.0,8.11,12.0,1.89,3.62,91.408,90.0,100.0,100.0,False,,131.6,94.76,1.6400000000000006,-1.7800000000000011,-2.539999999999999,54.469,60.0,6.0,0.17,34.128,2.0,36.77,91.885,89.313,100.0,100.0,86.683,100.0,100.0,9.0,26.19,93.746,89.092,100.0,100.0,81.264,100.0,100.0,5.04,5.372,90.271,87.425,90.0,HIGH
294,2026-06-04 01:30:00+00:00,1,3,0.258819,0.965926,0.433884,-0.900969,False,False,NIGHT,1.0,6.0,8.0,25.0,82.0,408.0,44.04,4.19,0.0951,5.834,4.452,66.09,7.3,89.312,91.189,7.91,0.7,3.69,11.43,100.0,100.0,8.02,11.99,1.99,3.6,90.945,89.99,100.0,100.0,False,,120.5,95.071,-2.469999999999999,-0.8299999999999983,-5.68,53.637,60.0,1.0,-0.01,33.508,3.0,33.37,92.174,89.597,100.0,100.0,85.843,100.0,100.0,9.0,22.76,93.133,89.357,100.0,100.0,79.99,100.0,100.0,0.0,4.346,86.713,86.341,89.83,CRITICAL
295,2026-06-04 01:45:00+00:00,1,3,0.258819,0.965926,0.433884,-0.900969,False,False,NIGHT,0.0,1.0,6.0,23.0,72.0,407.0,40.63,3.96,0.0976,5.73,5.975,66.02,7.3,89.216,91.31,7.98,0.7,4.18,12.52,100.0,100.0,8.09,11.86,2.06,3.59,90.65,89.83,100.0,100.0,False,,113.2,95.048,-3.4099999999999966,-5.8799999999999955,-7.659999999999997,52.616,60.0,-2.0,-0.17,32.615,3.0,31.01,92.86,89.196,100.0,100.0,83.494,100.0,100.0,12.0,20.37,92.784,89.698,100.0,100.0,77.246,100.0,100.0,1.68,3.621,85.975,85.766,89.83,CRITICAL
296,2026-06-04 02:00:00+00:00,2,3,0.5,0.866025,0.433884,-0.900969,False,False,NIGHT,2.0,2.0,8.0,20.0,70.0,407.0,39.21,3.66,0.0933,5.754,5.875,65.97,7.32,89.154,91.505,8.03,0.68,3.73,11.53,100.0,100.0,7.28,11.7,3.01,3.42,86.297,89.98,100.0,100.0,False,,108.7,94.682,-1.4200000000000017,-4.829999999999998,-5.659999999999997,51.317,60.0,2.0,0.15,32.298,3.0,27.6,93.436,89.207,100.0,100.0,83.721,100.0,100.0,14.0,18.04,92.801,89.923,100.0,100.0,77.451,100.0,100.0,6.72,3.603,87.237,86.682,90.0,HIGH
297,2026-06-04 02:15:00+00:00,2,3,0.5,0.866025,0.433884,-0.900969,False,False,NIGHT,1.0,3.0,4.0,20.0,68.0,408.0,36.77,3.53,0.096,5.769,5.178,66.09,7.35,89.313,91.885,7.91,0.65,3.79,11.67,100.0,100.0,7.58,11.49,2.93,3.43,86.683,89.97,100.0,100.0,False,,101.7,94.827,-2.4399999999999977,-3.8599999999999994,-9.739999999999995,49.865,60.0,-7.0,-0.03,31.685,4.0,26.19,93.746,89.092,100.0,100.0,81.264,100.0,100.0,13.0,14.74,93.423,89.612,100.0,100.0,75.252,100.0,100.0,5.04,6.559,88.446,86.038,90.0,HIGH
298,2026-06-04 02:30:00+00:00,2,3,0.5,0.866025,0.433884,-0.900969,False,False,NIGHT,0.0,1.0,3.0,18.0,64.0,408.0,33.37,3.31,0.0992,5.72,4.786,66.3,7.37,89.597,92.174,7.7,0.63,4.18,12.52,100.0,100.0,7.68,11.21,3.11,3.4,85.843,89.81,100.0,100.0,False,,93.1,94.872,-3.4000000000000057,-5.840000000000003,-10.670000000000002,48.201,60.0,-5.0,-0.18,30.795,2.0,22.76,93.133,89.357,100.0,100.0,79.99,100.0,100.0,15.0,14.4,93.951,89.789,100.0,100.0,71.63,100.0,100.0,3.36,3.728,87.346,86.033,90.0,HIGH
299,2026-06-04 02:45:00+00:00,2,3,0.5,0.866025,0.433884,-0.900969,False,False,NIGHT,1.0,1.0,4.0,18.0,62.0,406.0,31.01,3.0,0.0968,5.638,6.605,66.01,7.43,89.196,92.86,7.99,0.57,4.18,12.52,100.0,100.0,7.47,10.9,3.63,3.31,83.494,89.8,100.0,100.0,False,,87.8,94.71,-2.359999999999996,-5.760000000000002,-9.620000000000001,46.474,60.0,-2.0,-0.03,30.202,5.0,20.37,92.784,89.698,100.0,100.0,77.246,100.0,100.0,14.0,12.08,93.976,89.875,100.0,100.0,70.34,100.0,100.0,1.68,3.754,86.056,85.471,89.99,HIGH
300,2026-06-04 03:00:00+00:00,3,3,0.707107,0.707107,0.433884,-0.900969,False,False,NIGHT,0.0,1.0,2.0,16.0,56.0,405.0,27.6,2.79,0.1011,5.739,5.524,66.01,7.47,89.207,93.436,7.99,0.53,4.18,12.52,100.0,100.0,7.88,10.54,3.58,3.32,83.721,89.63,100.0,100.0,False,,76.7,94.848,-3.41,-5.769999999999996,-11.61,44.449,57.63,-6.0,-0.35,29.307,5.0,18.04,92.801,89.923,100.0,100.0,77.451,100.0,100.0,14.0,9.79,92.672,89.887,100.0,100.0,68.259,100.0,95.797,6.849,3.718,88.219,86.295,90.0,HIGH
301,2026-06-04 03:15:00+00:00,3,3,0.707107,0.707107,0.433884,-0.900969,False,False,NIGHT,2.0,2.0,3.0,18.0,55.0,407.0,26.19,2.48,0.0948,5.728,5.969,65.93,7.5,89.092,93.746,8.07,0.5,4.18,12.52,100.0,100.0,7.68,10.2,4.12,3.22,81.264,89.79,100.0,100.0,False,,73.0,94.663,-1.4100000000000001,-4.82,-10.580000000000002,42.484,56.23,-1.0,-0.18,28.995,5.0,14.74,93.423,89.612,100.0,100.0,75.252,100.0,100.0,14.0,8.48,92.0,89.977,100.0,100.0,63.655,100.0,87.698,6.595,4.395,88.821,86.973,90.0,HIGH
302,2026-06-04 03:30:00+00:00,3,3,0.707107,0.707107,0.433884,-0.900969,False,False,NIGHT,0.0,2.0,3.0,14.0,54.0,405.0,22.76,2.36,0.1035,5.755,5.168,66.12,7.45,89.357,93.133,7.88,0.55,3.82,11.73,100.0,100.0,7.8,9.8,4.4,3.17,79.99,89.62,100.0,100.0,False,,63.1,93.051,-3.4299999999999997,-4.84,-10.609999999999996,40.392,53.84,0.0,-0.19,28.095,7.0,14.4,93.951,89.789,100.0,100.0,71.63,100.0,100.0,15.0,8.19,91.809,89.988,100.0,100.0,63.307,100.0,85.847,1.676,4.002,87.416,86.34,89.83,HIGH
303,2026-06-04 03:45:00+00:00,3,3,0.707107,0.707107,0.433884,-0.900969,False,False,NIGHT,1.0,1.0,3.0,13.0,52.0,403.0,20.37,2.05,0.1005,5.691,4.794,66.38,7.42,89.698,92.784,7.62,0.58,4.18,12.52,100.0,100.0,7.61,9.39,5.01,3.06,77.246,89.61,100.0,100.0,False,,57.1,91.279,-2.3900000000000006,-5.82,-10.64,38.301,52.42,-1.0,-0.19,27.495,7.0,12.08,93.976,89.875,100.0,100.0,70.34,100.0,100.0,12.0,7.89,92.218,89.685,100.0,100.0,61.878,100.0,84.237,5.04,5.169,87.514,86.285,90.0,HIGH
304,2026-06-04 04:00:00+00:00,4,3,0.866025,0.5,0.433884,-0.900969,False,False,NIGHT,1.0,2.0,4.0,14.0,45.0,404.0,18.04,1.83,0.1017,5.603,4.931,66.54,7.42,89.923,92.801,7.46,0.58,4.18,12.52,100.0,100.0,8.06,8.98,4.96,3.07,77.451,89.61,100.0,100.0,False,,51.4,89.859,-2.330000000000002,-4.720000000000002,-9.560000000000002,36.152,49.72,2.0,-0.02,26.912,9.0,9.79,92.672,89.887,100.0,100.0,68.259,100.0,95.797,10.0,4.55,91.517,89.738,97.495,87.502,60.944,100.0,63.907,11.255,4.628,93.158,87.914,90.0,HIGH
305,2026-06-04 04:15:00+00:00,4,3,0.866025,0.5,0.433884,-0.900969,False,False,NIGHT,0.0,1.0,2.0,9.0,41.0,403.0,14.74,1.62,0.1101,5.541,6.262,66.31,7.47,89.612,93.423,7.69,0.53,4.18,12.52,100.0,100.0,8.02,8.53,5.44,2.98,75.252,89.44,100.0,100.0,False,,42.5,87.606,-3.299999999999999,-5.630000000000001,-11.450000000000001,34.008,49.72,-1.0,-0.35,26.045,8.0,8.48,92.0,89.977,100.0,100.0,63.655,100.0,87.698,14.0,3.21,92.077,89.832,89.593,80.921,60.791,100.0,56.1,10.367,4.692,97.47,89.365,90.0,HIGH
306,2026-06-04 04:30:00+00:00,4,3,0.866025,0.5,0.433884,-0.900969,False,False,NIGHT,3.0,3.0,5.0,11.0,36.0,404.0,14.4,1.33,0.0921,5.618,4.925,66.44,7.52,89.789,93.951,7.56,0.48,3.25,10.46,100.0,100.0,7.59,8.17,6.24,2.84,71.63,89.75,100.0,100.0,False,,40.9,87.206,-0.33999999999999986,-3.639999999999999,-8.360000000000001,31.8,48.29,2.0,0.13,26.038,8.0,8.19,91.809,89.988,100.0,100.0,63.307,100.0,85.847,15.0,1.89,91.353,89.254,88.93,80.273,60.09,100.0,47.898,9.592,5.309,100.0,90.454,90.0,HIGH
307,2026-06-04 04:45:00+00:00,4,3,0.866025,0.5,0.433884,-0.900969,False,False,NIGHT,1.0,4.0,5.0,12.0,35.0,403.0,12.08,1.3,0.1072,5.562,5.298,66.51,7.52,89.875,93.976,7.49,0.48,4.18,12.52,100.0,100.0,7.68,7.8,6.53,2.79,70.34,89.75,100.0,100.0,False,,34.7,85.63,-2.3200000000000003,-2.66,-8.290000000000001,29.537,46.51,2.0,0.14,25.458,7.0,7.89,92.218,89.685,100.0,100.0,61.878,100.0,84.237,15.0,0.0,91.189,88.869,86.747,78.35,57.261,100.0,36.475,9.027,5.221,100.0,91.625,90.0,HIGH
308,2026-06-04 05:00:00+00:00,5,3,0.965926,0.258819,0.433884,-0.900969,False,False,NIGHT,1.0,2.0,5.0,11.0,31.0,403.0,9.79,1.09,0.1111,5.538,5.921,66.52,7.41,89.887,92.672,7.48,0.59,4.06,12.25,100.0,100.0,7.61,7.41,6.98,2.7,68.259,89.74,100.0,95.797,False,,28.2,83.718,-2.290000000000001,-4.610000000000001,-8.25,27.344,46.51,1.0,0.13,24.882,5.0,4.55,91.517,89.738,97.495,87.502,60.944,100.0,63.907,15.0,0.0,90.297,87.534,85.444,77.174,54.867,100.0,36.119,8.481,6.641,100.0,92.053,90.0,MODERATE
309,2026-06-04 05:15:00+00:00,5,3,0.965926,0.258819,0.433884,-0.900969,False,False,NIGHT,2.0,3.0,7.0,12.0,32.0,405.0,8.48,0.88,0.1038,5.552,5.502,66.58,7.36,89.977,92.0,7.42,0.64,3.32,10.63,100.0,100.0,6.96,7.04,8.0,2.52,63.655,89.89,100.0,87.698,False,,24.4,82.351,-1.3099999999999987,-3.5999999999999996,-6.26,24.968,44.04,5.0,0.45,24.592,6.0,3.21,92.077,89.832,89.593,80.921,60.791,100.0,56.1,19.0,0.0,90.271,87.425,85.338,77.077,52.781,100.0,36.109,8.282,6.11,100.0,92.515,90.0,MODERATE
310,2026-06-04 05:30:00+00:00,5,3,0.965926,0.258819,0.433884,-0.900969,False,False,NIGHT,3.0,5.0,7.0,15.0,33.0,407.0,8.19,0.76,0.0933,5.537,5.566,66.59,7.34,89.988,91.809,7.41,0.66,4.18,12.52,100.0,100.0,7.19,6.74,8.07,2.51,63.307,90.0,100.0,85.847,False,,23.6,82.098,-0.2900000000000009,-1.5999999999999996,-6.210000000000001,22.727,40.63,2.0,0.25,24.548,7.0,1.89,91.353,89.254,88.93,80.273,60.09,100.0,47.898,20.0,0.0,86.713,86.341,84.28,76.122,52.725,100.0,34.685,8.067,7.639,100.0,92.425,90.0,MODERATE
311,2026-06-04 05:45:00+00:00,5,3,0.965926,0.258819,0.433884,-0.900969,False,False,NIGHT,3.0,6.0,9.0,17.0,35.0,409.0,7.89,0.74,0.0934,5.537,6.303,66.37,7.38,89.685,92.218,7.63,0.62,4.18,12.52,100.0,100.0,7.13,6.48,8.39,2.45,61.878,90.0,100.0,84.237,False,,22.7,81.793,-0.2999999999999998,-0.5900000000000007,-4.19,20.681,39.21,4.0,0.25,24.472,5.0,0.0,91.189,88.869,86.747,78.35,57.261,100.0,36.475,20.0,0.0,85.975,85.766,90.007,80.811,50.114,100.0,34.39,8.108,6.92,100.0,92.772,90.0,MODERATE
312,2026-06-04 06:00:00+00:00,6,3,1.0,0.0,0.433884,-0.900969,False,False,MORNING,0.0,3.0,8.0,17.0,33.0,409.0,4.55,0.71,0.1561,5.614,5.679,66.41,7.32,89.738,91.517,7.59,0.68,7.39,17.78,97.495,87.502,7.25,6.16,8.59,2.41,60.944,89.83,100.0,63.907,False,,12.9,77.642,-3.34,-3.6399999999999997,-5.239999999999999,18.514,36.77,3.0,0.09,23.595,5.0,0.0,90.297,87.534,85.444,77.174,54.867,100.0,36.119,22.0,0.0,87.237,86.682,87.289,78.641,48.638,100.0,34.895,7.947,8.148,100.0,92.528,90.0,MODERATE
313,2026-06-04 06:15:00+00:00,6,3,1.0,0.0,0.433884,-0.900969,False,False,MORNING,2.0,2.0,8.0,17.0,35.0,411.0,3.21,0.41,0.1275,5.609,5.153,66.48,7.37,89.832,92.077,7.52,0.63,7.98,19.08,89.593,80.921,7.52,5.85,8.63,2.41,60.791,89.99,100.0,56.1,False,,9.1,75.166,-1.3399999999999999,-4.68,-5.2700000000000005,16.417,33.37,1.0,0.1,23.3,8.0,0.0,90.271,87.425,85.338,77.077,52.781,100.0,36.109,30.0,0.0,88.446,86.038,83.984,75.855,47.55,100.0,35.378,8.061,5.657,100.0,93.162,90.0,MODERATE
314,2026-06-04 06:30:00+00:00,6,3,1.0,0.0,0.433884,-0.900969,False,False,MORNING,2.0,4.0,7.0,19.0,33.0,411.0,1.89,0.29,0.1527,5.576,7.518,66.05,7.31,89.254,91.353,7.95,0.69,7.92,18.94,88.93,80.273,7.67,5.55,8.78,2.38,60.09,90.0,100.0,47.898,False,,5.4,73.829,-1.32,-2.66,-6.3,14.449,31.01,0.0,0.0,22.972,8.0,0.0,86.713,86.341,84.28,76.122,52.725,100.0,34.685,41.0,0.0,87.346,86.033,83.979,75.85,46.552,100.0,34.938,7.765,5.124,100.0,93.901,90.0,MODERATE
315,2026-06-04 06:45:00+00:00,6,3,1.0,0.0,0.433884,-0.900969,False,False,MORNING,1.0,3.0,5.0,19.0,32.0,410.0,0.0,0.17,0.1704,4.86,6.052,65.76,7.3,88.869,91.189,8.24,0.7,7.98,19.08,86.747,78.35,7.35,5.24,9.4,2.27,57.261,89.99,100.0,36.475,False,,0.0,71.754,-1.89,-3.21,-7.89,12.511,27.6,-4.0,-0.01,22.498,10.0,0.0,85.975,85.766,90.007,80.811,50.114,100.0,34.39,51.0,0.0,86.056,85.471,92.954,83.2,44.903,100.0,34.423,7.421,7.132,100.0,93.871,90.0,MODERATE
316,2026-06-04 07:00:00+00:00,7,3,0.965926,-0.258819,0.433884,-0.900969,False,False,MORNING,1.0,2.0,6.0,19.0,33.0,411.0,0.0,0.0,0.0,1.68,5.915,64.78,7.22,87.534,90.297,9.22,0.78,7.98,19.08,85.444,77.174,7.08,4.99,9.93,2.17,54.867,89.99,100.0,36.119,False,,0.0,70.769,0.0,-1.89,-4.55,10.786,26.19,-2.0,0.16,22.498,10.0,0.0,87.237,86.682,87.289,78.641,48.638,100.0,34.895,53.0,0.92,88.219,86.295,89.203,80.236,46.738,100.0,40.827,4.364,8.544,97.108,92.772,90.0,MODERATE
317,2026-06-04 07:15:00+00:00,7,3,0.965926,-0.258819,0.433884,-0.900969,False,False,MORNING,3.0,4.0,7.0,22.0,31.0,411.0,0.0,0.0,0.0,5.04,5.372,64.69,7.22,87.425,90.271,9.31,0.78,7.98,19.08,85.338,77.077,6.83,4.79,10.39,2.09,52.781,90.0,100.0,36.109,False,,0.0,70.528,0.0,0.0,-3.21,9.149,22.76,-1.0,0.01,22.5,11.0,0.0,88.446,86.038,83.984,75.855,47.55,100.0,35.378,56.0,1.0,88.821,86.973,85.489,77.214,47.127,100.0,41.515,4.704,7.646,95.997,91.898,90.0,MODERATE
318,2026-06-04 07:30:00+00:00,7,3,0.965926,-0.258819,0.433884,-0.900969,False,False,MORNING,0.0,3.0,5.0,19.0,30.0,411.0,0.0,0.0,0.0,0.0,4.346,63.89,6.94,86.341,86.713,10.11,1.06,7.98,19.08,84.28,76.122,7.01,4.59,10.4,2.09,52.725,89.83,100.0,34.685,False,,0.0,69.331,0.0,0.0,-1.89,7.727,20.37,-2.0,-0.17,22.458,12.0,0.0,87.346,86.033,83.979,75.85,46.552,100.0,34.938,63.0,0.0,87.416,86.34,84.278,76.12,45.103,100.0,34.967,4.958,5.734,95.498,91.69,90.0,NORMAL
319,2026-06-04 07:45:00+00:00,7,3,0.965926,-0.258819,0.433884,-0.900969,False,False,MORNING,1.0,1.0,5.0,19.0,31.0,409.0,0.0,0.0,0.0,1.68,3.621,63.47,6.88,85.766,85.975,10.53,1.12,7.42,17.85,90.007,80.811,6.59,4.43,10.98,1.98,50.114,89.83,100.0,34.39,False,,0.0,70.072,0.0,0.0,0.0,6.454,18.04,0.0,-0.16,22.458,10.0,0.0,86.056,85.471,92.954,83.2,44.903,100.0,34.423,79.0,0.0,87.514,86.285,85.377,77.029,48.611,100.0,35.006,5.021,6.866,95.015,91.119,90.0,MODERATE
320,2026-06-04 08:00:00+00:00,8,3,0.866025,-0.5,0.433884,-0.900969,False,False,MORNING,4.0,5.0,8.0,22.0,33.0,410.0,0.0,0.0,0.0,6.72,3.603,64.14,6.98,86.682,87.237,9.86,1.02,7.74,18.54,87.289,78.641,6.39,4.31,11.3,1.93,48.638,90.0,100.0,34.895,False,,0.0,69.806,0.0,0.0,0.0,5.326,14.74,2.0,0.01,22.5,12.0,0.92,88.219,86.295,89.203,80.236,46.738,100.0,40.827,81.0,6.69,93.158,87.914,95.787,89.096,50.942,100.0,77.409,5.184,3.599,94.47,91.713,89.83,NORMAL
321,2026-06-04 08:15:00+00:00,8,3,0.866025,-0.5,0.433884,-0.900969,False,False,MORNING,3.0,7.0,8.0,23.0,35.0,408.0,0.0,0.0,0.0,5.04,6.559,63.67,7.08,86.038,88.446,10.33,0.92,7.98,19.08,83.984,75.855,6.23,4.23,11.54,1.88,47.55,90.0,100.0,35.378,False,,0.0,69.078,0.0,0.0,0.0,4.405,14.4,1.0,0.0,22.5,19.0,1.0,88.821,86.973,85.489,77.214,47.127,100.0,41.515,73.0,15.8,97.47,89.365,100.0,99.465,54.262,100.0,100.0,5.029,6.388,93.226,91.388,90.0,NORMAL
322,2026-06-04 08:30:00+00:00,8,3,0.866025,-0.5,0.433884,-0.900969,False,False,MORNING,2.0,5.0,10.0,22.0,37.0,408.0,0.0,0.0,0.0,3.36,3.728,63.66,6.99,86.033,87.346,10.34,1.01,7.98,19.08,83.979,75.85,6.09,4.15,11.76,1.84,46.552,90.0,100.0,34.938,False,,0.0,68.766,0.0,0.0,0.0,3.505,12.08,5.0,0.17,22.5,29.0,0.0,87.416,86.34,84.278,76.12,45.103,100.0,34.967,63.0,23.28,100.0,90.454,100.0,100.0,57.139,100.0,100.0,5.134,5.989,92.801,91.146,90.0,NORMAL
323,2026-06-04 08:45:00+00:00,8,3,0.866025,-0.5,0.433884,-0.900969,False,False,MORNING,1.0,3.0,10.0,20.0,37.0,406.0,0.0,0.0,0.0,1.68,3.754,63.25,6.88,85.471,86.056,10.75,1.12,7.16,17.28,92.954,83.2,5.8,4.08,12.12,1.78,44.903,89.99,100.0,34.423,False,,0.0,70.195,0.0,0.0,0.0,2.75,9.79,5.0,0.16,22.498,41.0,0.0,87.514,86.285,85.377,77.029,48.611,100.0,35.006,57.0,22.02,100.0,91.625,100.0,100.0,58.895,100.0,100.0,5.206,6.533,91.986,90.786,90.0,MODERATE
324,2026-06-04 09:00:00+00:00,9,3,0.707107,-0.707107,0.433884,-0.900969,False,False,MORNING,5.0,6.0,11.0,25.0,42.0,404.0,0.92,0.0,0.0,6.849,3.718,63.86,7.06,86.295,88.219,10.14,0.94,7.58,18.21,89.203,80.236,6.21,4.07,11.72,1.85,46.738,90.0,100.0,40.827,False,,2.2,70.757,0.92,0.92,0.92,2.196,8.48,3.0,0.0,22.73,41.0,6.69,93.158,87.914,95.787,89.096,50.942,100.0,77.409,62.0,26.02,100.0,92.053,100.0,100.0,64.455,100.0,100.0,5.316,7.19,92.092,90.141,90.0,MODERATE
325,2026-06-04 09:15:00+00:00,9,3,0.707107,-0.707107,0.433884,-0.900969,False,False,MORNING,4.0,9.0,12.0,27.0,44.0,399.0,1.0,0.08,0.0831,6.595,4.395,64.36,7.11,86.973,88.821,9.64,0.89,7.98,19.08,85.489,77.214,6.29,4.08,11.63,1.87,47.127,90.0,100.0,41.515,False,,2.4,70.304,0.07999999999999996,1.0,1.0,1.728,8.19,4.0,0.0,22.75,37.0,15.8,97.47,89.365,100.0,99.465,54.262,100.0,100.0,57.0,33.11,100.0,92.515,100.0,100.0,66.866,100.0,100.0,5.491,5.782,92.003,90.052,90.0,MODERATE
326,2026-06-04 09:30:00+00:00,9,3,0.707107,-0.707107,0.433884,-0.900969,False,False,MORNING,0.0,4.0,10.0,25.0,44.0,386.0,0.0,0.09,0.0898,1.676,4.002,63.89,6.99,86.34,87.416,10.11,1.01,7.98,19.08,84.278,76.12,5.89,4.03,12.08,1.79,45.103,89.83,100.0,34.967,False,,0.0,68.785,-1.0,-0.92,0.0,1.216,7.89,0.0,-0.17,22.458,34.0,23.28,100.0,90.454,100.0,100.0,57.139,100.0,100.0,50.0,45.31,100.0,92.425,100.0,100.0,71.879,100.0,100.0,5.516,4.322,91.512,90.509,90.0,NORMAL
327,2026-06-04 09:45:00+00:00,9,3,0.707107,-0.707107,0.433884,-0.900969,False,False,MORNING,3.0,3.0,12.0,27.0,46.0,375.0,0.0,0.0,0.0,5.04,5.169,63.85,7.0,86.285,87.514,10.15,1.0,7.87,18.84,85.377,77.029,6.7,3.99,11.31,1.92,48.611,90.0,100.0,35.006,False,,0.0,69.349,0.0,-1.0,0.0,0.723,4.55,2.0,0.01,22.5,38.0,22.02,100.0,91.625,100.0,100.0,58.895,100.0,100.0,37.0,46.48,100.0,92.772,100.0,100.0,75.877,100.0,100.0,5.398,5.88,90.487,90.457,90.0,NORMAL
328,2026-06-04 10:00:00+00:00,10,3,0.5,-0.866025,0.433884,-0.900969,False,False,MORNING,12.0,15.0,19.0,38.0,57.0,377.0,6.69,0.0,0.0,11.255,4.628,65.06,7.45,87.914,93.158,8.94,0.55,7.98,19.08,95.787,89.096,6.95,4.26,10.79,2.02,50.942,90.0,100.0,77.409,True,FESTIVAL_ACCIDENTS,12.0,78.025,6.69,6.69,5.7700000000000005,0.857,6.69,8.0,0.0,24.172,40.0,26.02,100.0,92.053,100.0,100.0,64.455,100.0,100.0,37.0,46.73,100.0,92.528,100.0,100.0,77.621,100.0,100.0,5.426,5.316,89.897,90.558,90.0,MODERATE
329,2026-06-04 10:15:00+00:00,10,3,0.5,-0.866025,0.433884,-0.900969,False,False,MORNING,14.0,26.0,29.0,49.0,71.0,386.0,15.8,0.81,0.0514,10.367,4.692,66.13,7.8,89.365,97.47,7.87,0.2,7.58,18.2,100.0,99.465,7.09,4.85,10.06,2.15,54.262,90.0,100.0,100.0,True,FESTIVAL_ACCIDENTS,30.7,87.086,9.11,15.8,14.8,1.644,15.8,17.0,0.0,26.45,36.0,33.11,100.0,92.515,100.0,100.0,66.866,100.0,100.0,33.0,46.93,100.0,93.162,100.0,100.0,81.99,100.0,100.0,5.406,7.763,89.592,89.795,90.0,HIGH
330,2026-06-04 10:30:00+00:00,10,3,0.5,-0.866025,0.433884,-0.900969,False,False,MORNING,12.0,26.0,41.0,61.0,80.0,388.0,23.28,1.92,0.0825,9.592,5.309,66.94,8.0,90.454,100.0,7.06,0.0,6.59,16.02,100.0,100.0,6.94,5.63,9.43,2.26,57.139,90.0,100.0,100.0,True,FESTIVAL_ACCIDENTS,48.9,92.942,7.48,16.59,23.28,2.981,23.28,31.0,0.17,28.32,29.0,45.31,100.0,92.425,100.0,100.0,71.879,100.0,100.0,32.0,49.27,100.0,93.901,100.0,100.0,86.372,100.0,100.0,5.619,6.025,90.501,89.559,90.0,HIGH
331,2026-06-04 10:45:00+00:00,10,3,0.5,-0.866025,0.433884,-0.900969,False,False,MORNING,3.0,15.0,41.0,63.0,82.0,381.0,22.02,2.83,0.1284,9.027,5.221,67.8,8.0,91.625,100.0,6.2,0.0,7.98,19.08,100.0,100.0,6.72,6.24,9.04,2.33,58.895,90.0,100.0,100.0,True,FESTIVAL_ACCIDENTS,49.1,92.551,-1.2600000000000016,6.219999999999999,22.02,4.357,23.28,29.0,0.0,28.005,19.0,46.48,100.0,92.772,100.0,100.0,75.877,100.0,100.0,28.0,53.77,100.0,93.871,100.0,100.0,86.625,100.0,100.0,5.671,6.088,91.702,89.289,90.0,HIGH
332,2026-06-04 11:00:00+00:00,11,3,0.258819,-0.965926,0.433884,-0.900969,False,False,MORNING,8.0,11.0,37.0,67.0,89.0,381.0,26.02,2.68,0.1028,8.481,6.641,68.12,8.0,92.053,100.0,5.88,0.0,7.17,17.3,100.0,100.0,7.32,6.86,7.82,2.55,64.455,90.0,100.0,100.0,True,FESTIVAL_ACCIDENTS,61.8,95.053,4.0,2.7399999999999984,19.33,5.983,26.02,18.0,0.0,29.005,22.0,46.73,100.0,92.528,100.0,100.0,77.621,100.0,100.0,23.0,54.17,97.108,92.772,100.0,100.0,84.727,100.0,100.0,5.729,5.908,92.816,89.108,90.0,CRITICAL
333,2026-06-04 11:15:00+00:00,11,3,0.258819,-0.965926,0.433884,-0.900969,False,False,MORNING,11.0,19.0,34.0,75.0,98.0,381.0,33.11,3.16,0.0955,8.282,6.11,68.46,8.0,92.515,100.0,5.54,0.0,7.98,19.08,100.0,100.0,7.09,7.62,7.29,2.65,66.866,90.0,100.0,100.0,True,FESTIVAL_ACCIDENTS,80.5,95.371,7.09,11.09,17.31,8.052,33.11,5.0,0.0,30.778,21.0,46.93,100.0,93.162,100.0,100.0,81.99,100.0,100.0,23.0,55.37,95.997,91.898,100.0,100.0,82.09,100.0,100.0,5.764,6.085,91.994,89.088,90.0,CRITICAL
334,2026-06-04 11:30:00+00:00,11,3,0.258819,-0.965926,0.433884,-0.900969,False,False,MORNING,16.0,27.0,38.0,89.0,111.0,388.0,45.31,4.02,0.0888,8.067,7.639,68.39,8.0,92.425,100.0,5.61,0.0,7.98,19.08,100.0,100.0,7.32,8.5,6.19,2.85,71.879,90.0,100.0,100.0,True,FESTIVAL_ACCIDENTS,113.1,95.803,12.200000000000003,19.290000000000003,22.03,10.884,45.31,-3.0,0.0,33.828,21.0,49.27,100.0,93.901,100.0,100.0,86.372,100.0,100.0,22.0,55.42,95.498,91.69,100.0,100.0,85.358,100.0,100.0,5.78,6.551,91.647,88.865,90.0,CRITICAL
335,2026-06-04 11:45:00+00:00,11,3,0.258819,-0.965926,0.433884,-0.900969,False,False,MORNING,5.0,21.0,40.0,93.0,113.0,385.0,46.48,5.5,0.1184,8.108,6.92,68.65,8.0,92.772,100.0,5.35,0.0,7.98,19.08,100.0,100.0,7.5,9.2,5.31,3.0,75.877,90.0,100.0,100.0,True,FESTIVAL_ACCIDENTS,115.5,96.239,1.1699999999999946,13.369999999999997,24.459999999999997,13.789,46.48,-1.0,0.0,34.12,18.0,53.77,100.0,93.871,100.0,100.0,86.625,100.0,100.0,21.0,57.43,95.015,91.119,100.0,100.0,86.424,100.0,100.0,5.846,5.163,92.066,89.05,90.0,CRITICAL
336,2026-06-04 12:00:00+00:00,12,3,0.0,-1.0,0.433884,-0.900969,False,False,MORNING,4.0,9.0,36.0,92.0,117.0,382.0,46.73,5.65,0.1208,7.947,8.148,68.47,8.0,92.528,100.0,5.53,0.0,7.98,19.08,100.0,100.0,7.32,9.76,4.92,3.07,77.621,90.0,100.0,100.0,True,FESTIVAL_ACCIDENTS,118.4,96.342,0.25,1.4199999999999946,20.709999999999997,16.71,46.73,-1.0,0.0,34.182,15.0,54.17,97.108,92.772,100.0,100.0,84.727,100.0,100.0,18.0,54.34,94.47,91.713,100.0,100.0,88.413,100.0,100.0,5.789,6.472,92.037,88.823,90.0,CRITICAL
337,2026-06-04 12:15:00+00:00,12,3,0.0,-1.0,0.433884,-0.900969,False,False,MORNING,4.0,8.0,29.0,92.0,119.0,377.0,46.93,5.68,0.121,8.061,5.657,68.94,8.0,93.162,100.0,5.06,0.0,7.98,19.08,100.0,100.0,7.83,10.21,3.96,3.25,81.99,90.0,100.0,100.0,True,FESTIVAL_ACCIDENTS,117.3,96.875,0.20000000000000284,0.45000000000000284,13.82,19.643,46.93,-5.0,0.0,34.232,12.0,55.37,95.997,91.898,100.0,100.0,82.09,100.0,100.0,24.0,54.35,93.226,91.388,100.0,100.0,87.958,100.0,100.0,5.852,6.604,92.478,88.521,90.0,CRITICAL
338,2026-06-04 12:30:00+00:00,12,3,0.0,-1.0,0.433884,-0.900969,False,False,MORNING,6.0,10.0,19.0,98.0,123.0,377.0,49.27,5.7,0.1157,7.765,5.124,69.49,8.0,93.901,100.0,4.51,0.0,7.98,19.08,100.0,100.0,8.44,10.57,3.0,3.42,86.372,90.0,100.0,100.0,True,FESTIVAL_ACCIDENTS,127.8,97.432,2.3400000000000034,2.5400000000000063,3.960000000000001,22.722,49.27,-19.0,0.0,34.818,11.0,55.42,95.498,91.69,100.0,100.0,85.358,100.0,100.0,25.0,53.29,92.801,91.146,100.0,100.0,89.395,100.0,100.0,5.929,4.42,91.679,89.117,90.0,CRITICAL
339,2026-06-04 12:45:00+00:00,12,3,0.0,-1.0,0.433884,-0.900969,False,False,MORNING,8.0,14.0,22.0,103.0,130.0,380.0,53.77,5.99,0.1113,7.421,7.132,69.46,8.0,93.871,100.0,4.54,0.0,6.95,16.8,100.0,100.0,8.21,10.85,2.94,3.43,86.625,90.0,100.0,100.0,True,FESTIVAL_ACCIDENTS,145.9,97.448,4.5,6.840000000000003,7.290000000000006,26.083,53.77,-18.0,0.0,35.942,10.0,57.43,95.015,91.119,100.0,100.0,86.424,100.0,100.0,30.0,53.19,91.986,90.786,100.0,100.0,88.632,100.0,100.0,5.776,6.435,92.553,88.8,89.99,CRITICAL
340,2026-06-04 13:00:00+00:00,13,3,-0.258819,-0.965926,0.433884,-0.900969,False,False,MORNING,3.0,11.0,21.0,94.0,132.0,375.0,54.17,4.84,0.0893,4.364,8.544,68.65,7.77,92.772,97.108,5.35,0.23,7.98,19.08,100.0,100.0,7.56,11.08,3.36,3.36,84.727,90.0,100.0,100.0,False,,198.1,96.457,0.3999999999999986,4.899999999999999,7.440000000000005,29.411,54.17,-15.0,0.0,36.043,8.0,54.34,94.47,91.713,100.0,100.0,88.413,100.0,100.0,30.0,53.03,92.092,90.141,100.0,100.0,88.327,100.0,100.0,5.851,5.473,91.729,89.017,90.0,CRITICAL
341,2026-06-04 13:15:00+00:00,13,3,-0.258819,-0.965926,0.433884,-0.900969,False,False,MORNING,4.0,7.0,21.0,84.0,133.0,374.0,55.37,4.88,0.088,4.704,7.646,68.0,7.68,91.898,95.997,6.0,0.32,7.98,19.08,100.0,100.0,6.79,11.27,3.94,3.25,82.09,90.0,100.0,100.0,False,,187.9,95.805,1.1999999999999957,1.5999999999999943,8.439999999999998,32.809,55.37,-8.0,0.0,36.342,11.0,54.35,93.226,91.388,100.0,100.0,87.958,100.0,100.0,30.0,52.76,92.003,90.052,100.0,100.0,89.368,100.0,100.0,5.803,5.288,92.446,89.113,90.0,CRITICAL
342,2026-06-04 13:30:00+00:00,13,3,-0.258819,-0.965926,0.433884,-0.900969,False,False,MORNING,3.0,7.0,18.0,75.0,136.0,371.0,55.42,4.98,0.0899,4.958,5.734,67.85,7.64,91.69,95.498,6.15,0.36,7.98,19.08,100.0,100.0,7.37,11.41,3.22,3.38,85.358,90.0,100.0,100.0,False,,178.4,95.954,0.05000000000000426,1.25,6.149999999999999,36.273,55.42,-1.0,0.0,36.355,11.0,53.29,92.801,91.146,100.0,100.0,89.395,100.0,100.0,29.0,51.48,91.512,90.509,100.0,100.0,88.799,100.0,100.0,5.767,5.663,92.701,89.121,90.0,CRITICAL
343,2026-06-04 13:45:00+00:00,13,3,-0.258819,-0.965926,0.433884,-0.900969,False,False,MORNING,5.0,8.0,15.0,77.0,140.0,365.0,57.43,4.99,0.0868,5.021,6.866,67.43,7.6,91.119,95.015,6.57,0.4,7.98,19.08,100.0,100.0,7.48,11.53,2.99,3.42,86.424,90.0,100.0,100.0,False,,182.5,95.827,2.009999999999998,2.0600000000000023,3.6599999999999966,39.862,57.43,-7.0,0.0,36.858,11.0,53.19,91.986,90.786,100.0,100.0,88.632,100.0,100.0,31.0,50.27,90.487,90.457,100.0,100.0,89.278,100.0,100.0,5.762,6.235,93.468,88.878,90.0,CRITICAL
344,2026-06-04 14:00:00+00:00,14,3,-0.5,-0.866025,0.433884,-0.900969,False,False,EVENING,0.0,5.0,12.0,69.0,136.0,356.0,54.34,5.17,0.0951,5.184,3.599,67.87,7.56,91.713,94.47,6.13,0.44,6.84,16.21,100.0,100.0,7.83,11.62,2.55,3.5,88.413,89.83,100.0,100.0,False,,167.3,96.028,-3.0899999999999963,-1.0799999999999983,0.1700000000000017,42.841,57.43,-9.0,-0.17,36.043,10.0,53.03,92.092,90.141,100.0,100.0,88.327,100.0,100.0,37.0,53.04,89.897,90.558,100.0,100.0,89.349,100.0,100.0,5.818,4.628,92.81,89.351,90.0,CRITICAL
345,2026-06-04 14:15:00+00:00,14,3,-0.5,-0.866025,0.433884,-0.900969,False,False,EVENING,3.0,3.0,11.0,61.0,136.0,352.0,54.35,4.89,0.09,5.029,6.388,67.63,7.46,91.388,93.226,6.37,0.54,6.84,16.21,100.0,100.0,7.65,11.7,2.65,3.48,87.958,90.0,100.0,100.0,False,,172.5,95.667,0.00999999999999801,-3.0799999999999983,-1.019999999999996,45.25,57.43,-10.0,0.0,36.088,13.0,52.76,92.003,90.052,100.0,100.0,89.368,100.0,100.0,33.0,53.82,89.592,89.795,100.0,100.0,90.531,100.0,100.0,5.697,4.882,92.467,89.663,90.0,CRITICAL
346,2026-06-04 14:30:00+00:00,14,3,-0.5,-0.866025,0.433884,-0.900969,False,False,EVENING,2.0,5.0,10.0,47.0,136.0,350.0,53.29,4.89,0.0918,5.134,5.989,67.45,7.42,91.146,92.801,6.55,0.58,6.49,15.44,100.0,100.0,7.91,11.76,2.33,3.54,89.395,90.0,100.0,100.0,False,,165.7,95.658,-1.0600000000000023,-1.0500000000000043,-2.1300000000000026,47.126,57.43,-8.0,0.0,35.822,14.0,51.48,91.512,90.509,100.0,100.0,88.799,100.0,100.0,34.0,57.47,90.501,89.559,100.0,100.0,91.205,100.0,100.0,5.616,5.679,92.651,89.622,90.0,CRITICAL
347,2026-06-04 14:45:00+00:00,14,3,-0.5,-0.866025,0.433884,-0.900969,False,False,EVENING,3.0,5.0,8.0,45.0,138.0,346.0,53.19,4.8,0.0902,5.206,6.533,67.18,7.36,90.786,91.986,6.82,0.64,5.61,13.49,100.0,100.0,7.69,11.81,2.5,3.51,88.632,90.0,100.0,100.0,False,,163.1,95.347,-0.10000000000000142,-1.1600000000000037,-4.240000000000002,49.074,57.43,-7.0,0.0,35.798,19.0,50.27,90.487,90.457,100.0,100.0,89.278,100.0,100.0,31.0,57.1,91.702,89.289,100.0,100.0,92.643,100.0,100.0,5.625,5.598,92.844,89.611,90.0,CRITICAL
348,2026-06-04 15:00:00+00:00,15,3,-0.707107,-0.707107,0.433884,-0.900969,False,False,EVENING,3.0,6.0,11.0,44.0,136.0,335.0,53.03,4.79,0.0903,5.316,7.19,66.7,7.37,90.141,92.092,7.3,0.63,6.84,16.21,100.0,100.0,7.59,11.85,2.57,3.5,88.327,90.0,100.0,100.0,False,,159.2,95.199,-0.1599999999999966,-0.259999999999998,-1.3100000000000023,50.762,57.43,-1.0,0.17,35.758,20.0,53.04,89.897,90.558,100.0,100.0,89.349,100.0,100.0,29.0,56.69,92.816,89.108,100.0,100.0,94.197,100.0,100.0,5.626,6.778,91.573,89.359,90.0,CRITICAL
349,2026-06-04 15:15:00+00:00,15,3,-0.707107,-0.707107,0.433884,-0.900969,False,False,EVENING,3.0,6.0,11.0,43.0,135.0,334.0,52.76,4.77,0.0905,5.491,5.782,66.64,7.36,90.052,92.003,7.36,0.64,6.84,16.21,100.0,100.0,7.78,11.88,2.34,3.54,89.368,90.0,100.0,100.0,False,,153.4,95.255,-0.2700000000000031,-0.4299999999999997,-1.5900000000000034,51.99,57.43,0.0,0.0,35.69,17.0,53.82,89.592,89.795,100.0,100.0,90.531,100.0,100.0,28.0,55.26,91.994,89.088,100.0,100.0,92.512,100.0,100.0,5.712,5.728,91.446,89.367,90.0,CRITICAL
350,2026-06-04 15:30:00+00:00,15,3,-0.707107,-0.707107,0.433884,-0.900969,False,False,EVENING,2.0,5.0,11.0,39.0,137.0,330.0,51.48,4.75,0.0922,5.516,4.322,66.98,7.32,90.509,91.512,7.02,0.68,6.84,16.21,100.0,100.0,7.63,11.9,2.46,3.52,88.799,90.0,100.0,100.0,False,,148.9,95.206,-1.2800000000000011,-1.5500000000000043,-1.8100000000000023,52.376,57.43,1.0,0.0,35.37,15.0,57.47,90.501,89.559,100.0,100.0,91.205,100.0,100.0,30.0,55.82,91.647,88.865,100.0,100.0,90.856,100.0,100.0,5.711,5.983,90.56,89.371,90.0,CRITICAL
351,2026-06-04 15:45:00+00:00,15,3,-0.707107,-0.707107,0.433884,-0.900969,False,False,EVENING,2.0,4.0,10.0,33.0,136.0,330.0,50.27,4.63,0.0922,5.398,5.88,66.94,7.24,90.457,90.487,7.06,0.76,6.84,16.21,100.0,100.0,7.72,11.92,2.36,3.54,89.278,90.0,100.0,100.0,False,,148.6,95.033,-1.2099999999999937,-2.489999999999995,-2.9199999999999946,52.612,57.43,2.0,0.0,35.068,12.0,57.1,91.702,89.289,100.0,100.0,92.643,100.0,100.0,30.0,60.0,92.066,89.05,100.0,100.0,91.003,100.0,100.0,5.722,4.171,91.072,89.84,90.0,CRITICAL
352,2026-06-04 16:00:00+00:00,16,3,-0.866025,-0.5,0.433884,-0.900969,False,False,EVENING,6.0,8.0,13.0,36.0,130.0,333.0,53.04,4.52,0.0853,5.426,5.316,67.01,7.19,90.558,89.897,6.99,0.81,5.91,14.17,100.0,100.0,7.72,11.94,2.34,3.54,89.349,90.0,100.0,100.0,False,,156.0,94.944,2.769999999999996,1.5600000000000023,0.00999999999999801,53.007,57.43,2.0,0.0,35.76,17.0,56.69,92.816,89.108,100.0,100.0,94.197,100.0,100.0,28.0,58.55,92.037,88.823,100.0,100.0,90.492,100.0,100.0,5.587,6.319,90.89,89.612,89.99,HIGH
353,2026-06-04 16:15:00+00:00,16,3,-0.866025,-0.5,0.433884,-0.900969,False,False,EVENING,4.0,10.0,14.0,36.0,120.0,333.0,53.82,4.77,0.0887,5.406,7.763,66.45,7.17,89.795,89.592,7.55,0.83,6.84,16.21,100.0,100.0,7.97,11.95,2.08,3.59,90.531,90.0,100.0,100.0,False,,158.9,94.821,0.7800000000000011,3.549999999999997,1.0600000000000023,53.438,57.43,3.0,0.0,35.955,16.0,55.26,91.994,89.088,100.0,100.0,92.512,100.0,100.0,30.0,60.0,92.478,88.521,100.0,100.0,90.251,100.0,100.0,5.652,4.549,90.318,90.046,89.83,HIGH
354,2026-06-04 16:30:00+00:00,16,3,-0.866025,-0.5,0.433884,-0.900969,False,False,EVENING,7.0,11.0,19.0,40.0,115.0,335.0,57.47,4.84,0.0843,5.619,6.025,66.27,7.24,89.559,90.501,7.73,0.76,6.84,16.21,100.0,100.0,8.11,11.96,1.93,3.61,91.205,90.0,100.0,100.0,False,,163.2,95.012,3.6499999999999986,4.43,5.990000000000002,53.95,57.47,8.0,0.0,36.868,19.0,55.82,91.647,88.865,100.0,100.0,90.856,100.0,100.0,30.0,60.0,91.679,89.117,100.0,100.0,89.516,100.0,100.0,5.541,6.901,90.106,89.609,90.0,CRITICAL
355,2026-06-04 16:45:00+00:00,16,3,-0.866025,-0.5,0.433884,-0.900969,False,False,EVENING,3.0,10.0,20.0,38.0,115.0,332.0,57.1,5.17,0.0906,5.671,6.088,66.07,7.34,89.289,91.702,7.93,0.66,6.54,15.55,100.0,100.0,8.41,11.97,1.62,3.67,92.643,90.0,100.0,100.0,False,,160.7,95.322,-0.36999999999999744,3.280000000000001,6.829999999999998,54.158,57.47,10.0,0.0,36.775,19.0,60.0,92.066,89.05,100.0,100.0,91.003,100.0,100.0,33.0,57.56,92.553,88.8,100.0,100.0,87.804,100.0,100.0,5.663,5.342,89.909,89.739,89.99,CRITICAL
356,2026-06-04 17:00:00+00:00,17,3,-0.965926,-0.258819,0.433884,-0.900969,False,False,EVENING,3.0,6.0,17.0,41.0,110.0,333.0,56.69,5.14,0.0907,5.729,5.908,65.94,7.43,89.108,92.816,8.06,0.57,6.07,14.52,100.0,100.0,8.75,11.97,1.28,3.73,94.197,90.0,100.0,100.0,False,,157.9,95.645,-0.4100000000000037,-0.7800000000000011,3.6499999999999986,54.316,57.47,4.0,0.0,36.672,12.0,58.55,92.037,88.823,100.0,100.0,90.492,100.0,100.0,34.0,56.08,91.729,89.017,100.0,100.0,84.292,100.0,100.0,5.63,5.772,90.064,89.675,89.83,CRITICAL
357,2026-06-04 17:15:00+00:00,17,3,-0.965926,-0.258819,0.433884,-0.900969,False,False,EVENING,2.0,5.0,15.0,40.0,101.0,331.0,55.26,5.1,0.0923,5.764,6.085,65.93,7.36,89.088,91.994,8.07,0.64,5.96,14.27,100.0,100.0,8.37,11.98,1.65,3.66,92.512,90.0,100.0,100.0,False,,153.0,95.324,-1.4299999999999997,-1.8400000000000034,1.4399999999999977,54.309,57.47,1.0,0.0,36.315,12.0,60.0,92.478,88.521,100.0,100.0,90.251,100.0,100.0,36.0,56.62,92.446,89.113,100.0,100.0,83.431,100.0,100.0,5.646,5.91,91.857,89.391,89.82,CRITICAL
358,2026-06-04 17:30:00+00:00,17,3,-0.965926,-0.258819,0.433884,-0.900969,False,False,EVENING,4.0,6.0,12.0,42.0,89.0,331.0,55.82,4.97,0.0891,5.78,6.551,65.76,7.33,88.865,91.647,8.24,0.67,6.84,16.21,100.0,100.0,8.0,11.98,2.01,3.6,90.856,90.0,100.0,100.0,False,,154.1,95.057,0.5600000000000023,-0.8699999999999974,-1.6499999999999986,54.334,57.47,-7.0,0.0,36.455,11.0,60.0,91.679,89.117,100.0,100.0,89.516,100.0,100.0,35.0,57.19,92.701,89.121,100.0,100.0,85.345,100.0,100.0,5.699,4.985,92.798,89.531,89.97,CRITICAL
359,2026-06-04 17:45:00+00:00,17,3,-0.965926,-0.258819,0.433884,-0.900969,False,False,EVENING,8.0,12.0,17.0,47.0,92.0,336.0,60.0,5.02,0.0837,5.846,5.163,65.9,7.37,89.05,92.066,8.1,0.63,5.28,12.77,100.0,100.0,8.03,11.99,1.98,3.6,91.003,90.0,100.0,100.0,False,,163.8,95.194,4.18,4.740000000000002,2.8999999999999986,54.494,60.0,-3.0,0.0,37.5,11.0,57.56,92.553,88.8,100.0,100.0,87.804,100.0,100.0,33.0,59.76,93.468,88.878,100.0,100.0,86.573,100.0,100.0,5.648,6.322,91.7,89.422,90.0,CRITICAL
360,2026-06-04 18:00:00+00:00,18,3,-1.0,-0.0,0.433884,-0.900969,False,False,EVENING,2.0,10.0,16.0,46.0,90.0,334.0,58.55,5.4,0.0922,5.789,6.472,65.73,7.36,88.823,92.037,8.27,0.64,6.83,16.18,100.0,100.0,7.92,11.99,2.09,3.58,90.492,90.0,100.0,100.0,False,,161.4,95.093,-1.4500000000000028,2.729999999999997,1.8599999999999994,54.758,60.0,-1.0,0.0,37.138,16.0,56.08,91.729,89.017,100.0,100.0,84.292,100.0,100.0,30.0,60.0,92.81,89.351,100.0,100.0,84.923,100.0,100.0,5.693,5.772,93.182,89.235,89.99,CRITICAL
361,2026-06-04 18:15:00+00:00,18,3,-1.0,-0.0,0.433884,-0.900969,False,False,EVENING,5.0,7.0,19.0,48.0,91.0,334.0,60.0,5.27,0.0878,5.852,6.604,65.51,7.4,88.521,92.478,8.49,0.6,6.4,15.24,100.0,100.0,7.86,11.99,2.14,3.57,90.251,90.0,100.0,100.0,False,,163.6,95.093,1.4500000000000028,0.0,4.740000000000002,55.111,60.0,4.0,0.0,37.5,18.0,56.62,92.446,89.113,100.0,100.0,83.431,100.0,100.0,27.0,60.0,92.467,89.663,100.0,100.0,85.663,100.0,100.0,5.724,3.773,92.614,89.955,89.99,CRITICAL
362,2026-06-04 18:30:00+00:00,18,3,-1.0,-0.0,0.433884,-0.900969,False,False,EVENING,4.0,9.0,19.0,50.0,89.0,334.0,60.0,5.4,0.09,5.929,4.42,65.95,7.33,89.117,91.679,8.05,0.67,6.84,16.21,100.0,100.0,7.7,11.99,2.31,3.54,89.516,90.0,100.0,100.0,False,,161.5,94.998,0.0,1.4500000000000028,4.18,55.53,60.0,7.0,0.0,37.5,19.0,57.19,92.701,89.121,100.0,100.0,85.345,100.0,100.0,22.0,60.0,92.651,89.622,100.0,100.0,85.068,100.0,100.0,5.534,6.932,92.452,89.501,90.0,HIGH
363,2026-06-04 18:45:00+00:00,18,3,-1.0,-0.0,0.433884,-0.900969,False,False,EVENING,1.0,5.0,12.0,49.0,82.0,333.0,57.56,5.4,0.0938,5.776,6.435,65.71,7.4,88.8,92.553,8.29,0.6,6.84,16.21,100.0,100.0,7.32,11.99,2.68,3.48,87.804,89.99,100.0,100.0,False,,159.0,94.949,-2.4399999999999977,-2.4399999999999977,-2.4399999999999977,55.803,60.0,-5.0,-0.01,36.888,22.0,59.76,93.468,88.878,100.0,100.0,86.573,100.0,100.0,19.0,58.65,92.844,89.611,100.0,100.0,88.433,100.0,100.0,5.661,6.074,93.149,89.286,89.99,HIGH
364,2026-06-04 19:00:00+00:00,19,3,-0.965926,0.258819,0.433884,-0.900969,False,False,EVENING,2.0,3.0,12.0,45.0,81.0,332.0,56.08,5.18,0.0924,5.851,5.473,65.87,7.34,89.017,91.729,8.13,0.66,6.84,16.21,100.0,100.0,6.55,12.0,3.46,3.34,84.292,90.0,100.0,100.0,False,,153.0,94.516,-1.480000000000004,-3.9200000000000017,-2.469999999999999,55.994,60.0,-4.0,0.0,36.52,18.0,60.0,92.81,89.351,100.0,100.0,84.923,100.0,100.0,18.0,59.3,91.573,89.359,100.0,100.0,88.965,100.0,100.0,5.71,5.215,93.941,89.368,89.99,HIGH
365,2026-06-04 19:15:00+00:00,19,3,-0.965926,0.258819,0.433884,-0.900969,False,False,EVENING,4.0,6.0,11.0,45.0,81.0,330.0,56.62,5.05,0.0891,5.803,5.288,65.94,7.4,89.113,92.446,8.06,0.6,4.84,11.81,100.0,100.0,6.36,12.0,3.65,3.3,83.431,90.0,100.0,100.0,False,,155.7,94.603,0.5399999999999991,-0.9400000000000048,-3.3800000000000026,56.235,60.0,-8.0,0.0,36.655,18.0,60.0,92.467,89.663,100.0,100.0,85.663,100.0,100.0,14.0,58.9,91.446,89.367,100.0,100.0,89.071,100.0,100.0,5.677,5.553,94.226,89.379,89.98,HIGH
366,2026-06-04 19:30:00+00:00,19,3,-0.965926,0.258819,0.433884,-0.900969,False,False,EVENING,4.0,8.0,11.0,42.0,82.0,330.0,57.19,5.1,0.0891,5.767,5.663,65.95,7.42,89.121,92.701,8.05,0.58,6.8,16.11,100.0,100.0,6.78,12.0,3.22,3.38,85.345,90.0,100.0,100.0,False,,158.3,94.828,0.5700000000000003,1.1099999999999994,-2.8100000000000023,56.592,60.0,-8.0,0.0,36.798,16.0,60.0,92.651,89.622,100.0,100.0,85.068,100.0,100.0,12.0,57.5,90.56,89.371,100.0,100.0,88.865,100.0,100.0,5.671,5.718,94.622,89.32,90.0,HIGH
367,2026-06-04 19:45:00+00:00,19,3,-0.965926,0.258819,0.433884,-0.900969,False,False,EVENING,6.0,10.0,16.0,45.0,83.0,326.0,59.76,5.15,0.0861,5.762,6.235,65.77,7.48,88.878,93.468,8.23,0.52,6.84,16.21,100.0,100.0,7.05,12.0,2.95,3.43,86.573,90.0,100.0,100.0,False,,165.5,95.038,2.5700000000000003,3.1400000000000006,2.1999999999999957,57.185,60.0,4.0,0.01,37.44,11.0,58.65,92.844,89.611,100.0,100.0,88.433,100.0,100.0,12.0,57.1,91.072,89.84,100.0,100.0,89.44,100.0,100.0,5.681,4.844,94.399,89.627,89.83,CRITICAL
368,2026-06-04 20:00:00+00:00,20,3,-0.866025,0.5,0.433884,-0.900969,False,False,EVENING,4.0,10.0,18.0,46.0,87.0,326.0,60.0,5.38,0.0896,5.818,4.628,66.12,7.42,89.351,92.81,7.88,0.58,6.84,16.21,100.0,100.0,6.68,12.0,3.32,3.36,84.923,90.0,100.0,100.0,False,,164.6,94.862,0.240000000000002,2.8100000000000023,3.9200000000000017,57.62,60.0,6.0,0.0,37.5,12.0,59.3,91.573,89.359,100.0,100.0,88.965,100.0,100.0,12.0,54.77,90.89,89.612,100.0,100.0,87.573,100.0,100.0,5.6,4.158,93.517,90.21,89.99,HIGH
369,2026-06-04 20:15:00+00:00,20,3,-0.866025,0.5,0.433884,-0.900969,False,False,EVENING,5.0,9.0,19.0,49.0,89.0,328.0,60.0,5.4,0.09,5.697,4.882,66.35,7.4,89.663,92.467,7.65,0.6,5.83,13.99,100.0,100.0,6.85,12.0,3.15,3.39,85.663,90.0,100.0,100.0,False,,168.1,94.929,0.0,0.240000000000002,3.3800000000000026,58.006,60.0,8.0,0.0,37.5,9.0,58.9,91.446,89.367,100.0,100.0,89.071,100.0,100.0,12.0,51.41,90.318,90.046,100.0,100.0,89.221,100.0,100.0,5.453,5.977,92.721,90.119,89.82,HIGH
370,2026-06-04 20:30:00+00:00,20,3,-0.866025,0.5,0.433884,-0.900969,False,False,EVENING,7.0,12.0,22.0,52.0,94.0,331.0,60.0,5.4,0.09,5.616,5.679,66.32,7.41,89.622,92.651,7.68,0.59,6.84,16.21,100.0,100.0,6.72,12.0,3.28,3.37,85.068,90.0,100.0,100.0,False,,170.5,94.903,0.0,0.0,2.8100000000000023,58.164,60.0,11.0,0.0,37.5,6.0,57.5,90.56,89.371,100.0,100.0,88.865,100.0,100.0,13.0,52.11,90.106,89.609,100.0,100.0,89.532,100.0,100.0,5.488,6.5,92.73,89.776,89.65,HIGH
371,2026-06-04 20:45:00+00:00,20,3,-0.866025,0.5,0.433884,-0.900969,False,False,EVENING,2.0,9.0,18.0,46.0,93.0,330.0,58.65,5.4,0.0921,5.625,5.598,66.31,7.43,89.611,92.844,7.69,0.57,6.84,16.21,100.0,100.0,7.46,12.0,2.54,3.5,88.433,90.0,100.0,100.0,False,,166.4,95.242,-1.3500000000000014,-1.3500000000000014,-1.1099999999999994,58.261,60.0,2.0,0.0,37.162,8.0,57.1,91.072,89.84,100.0,100.0,89.44,100.0,100.0,11.0,49.74,89.909,89.739,100.0,100.0,89.445,100.0,100.0,5.582,5.707,92.26,89.785,89.81,CRITICAL
372,2026-06-04 21:00:00+00:00,21,3,-0.707107,0.707107,0.433884,-0.900969,False,False,EVENING,4.0,6.0,18.0,48.0,94.0,328.0,59.3,5.28,0.089,5.626,6.778,66.13,7.33,89.359,91.573,7.87,0.67,6.72,15.94,100.0,100.0,7.57,12.0,2.43,3.52,88.965,90.0,100.0,100.0,False,,168.2,94.98,0.6499999999999986,-0.7000000000000028,-0.7000000000000028,58.424,60.0,0.0,0.0,37.325,6.0,54.77,90.89,89.612,100.0,100.0,87.573,100.0,100.0,11.0,46.39,90.064,89.675,100.0,100.0,91.947,100.0,100.0,5.586,7.039,92.759,89.24,89.64,HIGH
373,2026-06-04 21:15:00+00:00,21,3,-0.707107,0.707107,0.433884,-0.900969,False,False,EVENING,3.0,7.0,16.0,46.0,94.0,328.0,58.9,5.34,0.0906,5.712,5.728,66.13,7.32,89.367,91.446,7.87,0.68,6.84,16.21,100.0,100.0,7.6,12.0,2.4,3.53,89.071,90.0,100.0,100.0,False,,164.6,94.966,-0.3999999999999986,0.25,-1.1000000000000014,58.652,60.0,-3.0,0.0,37.225,5.0,51.41,90.318,90.046,100.0,100.0,89.221,100.0,100.0,12.0,44.03,91.857,89.391,100.0,100.0,92.734,100.0,100.0,5.728,4.555,92.805,89.631,89.47,HIGH
374,2026-06-04 21:30:00+00:00,21,3,-0.707107,0.707107,0.433884,-0.900969,False,False,EVENING,2.0,5.0,11.0,44.0,94.0,329.0,57.5,5.3,0.0922,5.711,5.983,66.13,7.24,89.371,90.56,7.87,0.76,6.84,16.21,100.0,100.0,7.55,12.0,2.45,3.52,88.865,90.0,100.0,100.0,False,,160.7,94.771,-1.3999999999999986,-1.7999999999999972,-2.5,58.757,60.0,-11.0,0.0,36.875,6.0,52.11,90.106,89.609,100.0,100.0,89.532,100.0,100.0,12.0,42.64,92.798,89.531,100.0,100.0,91.589,100.0,100.0,5.621,6.763,92.398,89.289,89.63,HIGH
375,2026-06-04 21:45:00+00:00,21,3,-0.707107,0.707107,0.433884,-0.900969,False,False,EVENING,3.0,5.0,12.0,46.0,95.0,329.0,57.1,5.18,0.0906,5.722,4.171,66.48,7.29,89.84,91.072,7.52,0.71,6.84,16.21,100.0,100.0,7.68,12.0,2.32,3.54,89.44,90.0,100.0,100.0,False,,159.3,95.029,-0.3999999999999986,-1.7999999999999972,-1.5499999999999972,58.576,60.0,-6.0,0.0,36.775,4.0,49.74,89.909,89.739,100.0,100.0,89.445,100.0,100.0,12.0,42.27,91.7,89.422,100.0,100.0,89.001,100.0,100.0,5.72,5.793,91.808,89.328,89.62,CRITICAL
376,2026-06-04 22:00:00+00:00,22,3,-0.5,0.866025,0.433884,-0.900969,False,False,NIGHT,1.0,4.0,9.0,45.0,90.0,322.0,54.77,5.14,0.0938,5.587,6.319,66.31,7.27,89.612,90.89,7.69,0.73,4.18,12.52,100.0,100.0,7.27,12.0,2.73,3.47,87.573,89.99,100.0,100.0,False,,156.5,94.774,-2.3299999999999983,-2.729999999999997,-4.529999999999994,58.339,60.0,-9.0,-0.01,36.19,6.0,46.39,90.064,89.675,100.0,100.0,91.947,100.0,100.0,9.0,39.88,93.182,89.235,100.0,100.0,87.855,100.0,100.0,5.717,5.281,90.978,89.565,89.61,HIGH
377,2026-06-04 22:15:00+00:00,22,3,-0.5,0.866025,0.433884,-0.900969,False,False,NIGHT,0.0,1.0,6.0,41.0,86.0,318.0,51.41,4.93,0.0959,5.652,4.549,66.63,7.23,90.046,90.318,7.37,0.77,4.18,12.52,100.0,100.0,7.63,12.0,2.37,3.53,89.221,89.83,100.0,100.0,False,,145.2,94.904,-3.3600000000000065,-5.690000000000005,-7.490000000000002,57.802,60.0,-10.0,-0.17,35.31,7.0,44.03,91.857,89.391,100.0,100.0,92.734,100.0,100.0,10.0,37.48,92.614,89.955,100.0,100.0,84.448,100.0,100.0,5.413,5.437,91.087,89.545,89.61,HIGH
378,2026-06-04 22:30:00+00:00,22,3,-0.5,0.866025,0.433884,-0.900969,False,False,NIGHT,4.0,4.0,8.0,41.0,83.0,314.0,52.11,4.63,0.0888,5.541,6.901,66.31,7.21,89.609,90.106,7.69,0.79,3.58,11.19,100.0,100.0,7.7,12.0,2.3,3.55,89.532,90.0,100.0,100.0,False,,150.1,94.793,0.7000000000000028,-2.6600000000000037,-5.390000000000001,57.309,60.0,-3.0,0.0,35.528,7.0,42.64,92.798,89.531,100.0,100.0,91.589,100.0,100.0,9.0,36.18,92.452,89.501,100.0,100.0,85.369,100.0,100.0,0.0,6.149,88.427,87.755,89.44,HIGH
379,2026-06-04 22:45:00+00:00,22,3,-0.5,0.866025,0.433884,-0.900969,False,False,NIGHT,1.0,5.0,6.0,36.0,81.0,313.0,49.74,4.69,0.0943,5.663,5.342,66.41,7.19,89.739,89.909,7.59,0.81,3.91,11.92,100.0,100.0,7.68,12.0,2.32,3.54,89.445,89.99,100.0,100.0,False,,140.2,94.774,-2.3699999999999974,-1.6699999999999946,-7.359999999999999,56.821,60.0,-6.0,-0.01,34.932,7.0,42.27,91.7,89.422,100.0,100.0,89.001,100.0,100.0,7.0,33.81,93.149,89.286,100.0,100.0,85.997,100.0,100.0,0.0,3.098,84.879,87.092,89.27,HIGH
380,2026-06-04 23:00:00+00:00,23,3,-0.258819,0.965926,0.433884,-0.900969,False,False,NIGHT,0.0,1.0,5.0,32.0,78.0,308.0,46.39,4.48,0.0965,5.63,5.772,66.36,7.21,89.675,90.064,7.64,0.79,2.27,8.3,100.0,100.0,8.23,12.0,1.77,3.64,91.947,89.83,100.0,100.0,False,,131.5,95.017,-3.3500000000000014,-5.719999999999999,-8.380000000000003,56.215,60.0,-4.0,-0.16,34.055,5.0,39.88,93.182,89.235,100.0,100.0,87.855,100.0,100.0,8.0,31.41,93.941,89.368,100.0,100.0,84.653,100.0,100.0,1.68,5.394,84.45,85.884,89.27,CRITICAL
381,2026-06-04 23:15:00+00:00,23,3,-0.258819,0.965926,0.433884,-0.900969,False,False,NIGHT,1.0,1.0,6.0,28.0,77.0,308.0,44.03,4.17,0.0948,5.646,5.91,66.15,7.35,89.391,91.857,7.85,0.65,4.18,12.52,100.0,100.0,8.41,11.99,1.6,3.67,92.734,89.82,100.0,100.0,False,,124.5,95.383,-2.3599999999999994,-5.710000000000001,-7.3799999999999955,55.428,60.0,0.0,-0.01,33.462,5.0,37.48,92.614,89.955,100.0,100.0,84.448,100.0,100.0,7.0,29.04,94.226,89.379,100.0,100.0,82.511,100.0,100.0,1.68,3.116,82.616,85.597,89.26,CRITICAL
382,2026-06-04 23:30:00+00:00,23,3,-0.258819,0.965926,0.433884,-0.900969,False,False,NIGHT,2.0,3.0,4.0,23.0,75.0,308.0,42.64,3.96,0.0929,5.699,4.985,66.25,7.42,89.531,92.798,7.75,0.58,2.96,9.83,100.0,100.0,8.2,11.95,1.85,3.63,91.589,89.97,100.0,100.0,False,,119.4,95.499,-1.3900000000000006,-3.75,-9.469999999999999,54.519,60.0,-4.0,-0.03,33.152,5.0,36.18,92.452,89.501,100.0,100.0,85.369,100.0,100.0,6.0,27.66,94.622,89.32,100.0,100.0,81.536,100.0,100.0,3.36,5.113,82.527,85.015,89.41,CRITICAL
383,2026-06-04 23:45:00+00:00,23,3,-0.258819,0.965926,0.433884,-0.900969,False,False,NIGHT,3.0,5.0,6.0,24.0,70.0,310.0,42.27,3.84,0.0908,5.648,6.322,66.17,7.34,89.422,91.7,7.83,0.66,4.18,12.52,100.0,100.0,7.69,11.89,2.42,3.52,89.001,90.0,100.0,100.0,False,,119.5,95.023,-0.36999999999999744,-1.759999999999998,-7.469999999999999,53.426,60.0,0.0,0.01,33.068,5.0,33.81,93.149,89.286,100.0,100.0,85.997,100.0,100.0,6.0,24.28,94.399,89.627,100.0,100.0,79.953,100.0,100.0,3.36,3.955,83.252,84.735,89.57,CRITICAL
384,2026-06-05 00:00:00+00:00,0,4,0.0,1.0,-0.433884,-0.900969,False,False,NIGHT,1.0,4.0,7.0,21.0,69.0,309.0,39.88,3.8,0.0954,5.693,5.772,66.03,7.45,89.235,93.182,7.97,0.55,4.18,12.52,100.0,100.0,7.56,11.76,2.67,3.48,87.855,89.99,100.0,100.0,False,,111.8,95.175,-2.3900000000000006,-2.759999999999998,-6.509999999999998,52.168,60.0,2.0,0.16,32.468,4.0,31.41,93.941,89.368,100.0,100.0,84.653,100.0,100.0,7.0,22.94,93.517,90.21,100.0,100.0,78.891,100.0,100.0,3.36,3.357,83.589,84.7,89.72,CRITICAL
385,2026-06-05 00:15:00+00:00,0,4,0.0,1.0,-0.433884,-0.900969,False,False,NIGHT,1.0,2.0,7.0,19.0,65.0,310.0,37.48,3.59,0.0958,5.724,3.773,66.57,7.41,89.955,92.614,7.43,0.59,3.05,10.03,100.0,100.0,7.0,11.58,3.42,3.34,84.448,89.99,100.0,100.0,False,,104.5,94.913,-2.4000000000000057,-4.790000000000006,-6.550000000000004,50.761,60.0,1.0,0.17,31.868,5.0,29.04,94.226,89.379,100.0,100.0,82.511,100.0,100.0,6.0,19.7,92.721,90.119,100.0,100.0,77.425,100.0,100.0,1.68,4.429,84.01,83.726,89.71,HIGH
386,2026-06-05 00:30:00+00:00,0,4,0.0,1.0,-0.433884,-0.900969,False,False,NIGHT,2.0,3.0,7.0,19.0,63.0,308.0,36.18,3.37,0.0932,5.534,6.932,66.23,7.4,89.501,92.452,7.77,0.6,3.86,11.81,100.0,100.0,7.4,11.38,3.22,3.38,85.369,90.0,100.0,100.0,False,,104.3,94.864,-1.2999999999999972,-3.700000000000003,-6.460000000000001,49.272,59.3,3.0,0.03,31.545,4.0,27.66,94.622,89.32,100.0,100.0,81.536,100.0,100.0,7.0,16.43,92.73,89.776,100.0,100.0,75.755,100.0,100.0,1.68,4.121,83.379,82.969,89.71,HIGH
387,2026-06-05 00:45:00+00:00,0,4,0.0,1.0,-0.433884,-0.900969,False,False,NIGHT,1.0,3.0,5.0,17.0,63.0,307.0,33.81,3.26,0.0963,5.661,6.074,66.07,7.45,89.286,93.149,7.93,0.55,3.94,11.99,100.0,100.0,7.78,11.14,3.08,3.41,85.997,89.99,100.0,100.0,False,,95.3,95.012,-2.3699999999999974,-3.6699999999999946,-8.46,47.719,59.3,-1.0,-0.01,30.95,2.0,24.28,94.399,89.627,100.0,100.0,79.953,100.0,100.0,7.0,15.11,92.26,89.785,100.0,100.0,70.465,100.0,100.0,7.569,2.84,85.259,84.364,90.0,CRITICAL
388,2026-06-05 01:00:00+00:00,1,4,0.258819,0.965926,-0.433884,-0.900969,False,False,NIGHT,1.0,2.0,5.0,17.0,62.0,308.0,31.41,3.04,0.0969,5.71,5.215,66.13,7.52,89.368,93.941,7.87,0.48,3.65,11.35,100.0,100.0,7.76,10.87,3.38,3.35,84.653,89.99,100.0,100.0,False,,87.8,95.068,-2.400000000000002,-4.77,-8.470000000000002,45.976,58.9,-2.0,0.0,30.35,4.0,22.94,93.517,90.21,100.0,100.0,78.891,100.0,100.0,5.0,11.78,92.759,89.24,100.0,100.0,67.042,100.0,100.0,7.163,4.254,86.739,85.186,90.0,CRITICAL
389,2026-06-05 01:15:00+00:00,1,4,0.258819,0.965926,-0.433884,-0.900969,False,False,NIGHT,1.0,2.0,5.0,18.0,59.0,304.0,29.04,2.83,0.0974,5.677,5.553,66.14,7.54,89.379,94.226,7.86,0.46,4.18,12.52,100.0,100.0,7.58,10.57,3.85,3.27,82.511,89.98,100.0,100.0,False,,81.6,94.935,-2.370000000000001,-4.770000000000003,-8.439999999999998,44.11,57.5,-2.0,-0.01,29.755,2.0,19.7,92.721,90.119,100.0,100.0,77.425,100.0,100.0,6.0,8.37,92.805,89.631,100.0,100.0,65.396,100.0,87.371,5.428,4.276,87.405,85.503,90.0,HIGH
390,2026-06-05 01:30:00+00:00,1,4,0.258819,0.965926,-0.433884,-0.900969,False,False,NIGHT,2.0,3.0,5.0,16.0,57.0,305.0,27.66,2.61,0.0945,5.671,5.718,66.1,7.57,89.32,94.622,7.9,0.43,2.6,9.03,100.0,100.0,7.65,10.28,4.06,3.23,81.536,90.0,100.0,100.0,False,,77.9,94.913,-1.379999999999999,-3.75,-8.52,42.245,57.1,-2.0,0.0,29.415,2.0,16.43,92.73,89.776,100.0,100.0,75.755,100.0,100.0,7.0,7.03,92.398,89.289,100.0,100.0,64.722,100.0,79.135,1.68,3.724,86.181,84.945,89.99,HIGH
391,2026-06-05 01:45:00+00:00,1,4,0.258819,0.965926,-0.433884,-0.900969,False,False,NIGHT,0.0,2.0,4.0,15.0,51.0,305.0,24.28,2.49,0.1025,5.681,4.844,66.32,7.55,89.627,94.399,7.68,0.45,4.18,12.52,100.0,100.0,7.66,9.93,4.41,3.17,79.953,89.83,100.0,100.0,False,,68.2,94.333,-3.379999999999999,-4.759999999999998,-9.530000000000001,40.194,54.77,-1.0,-0.16,28.528,4.0,15.11,92.26,89.785,100.0,100.0,70.465,100.0,100.0,7.0,4.62,91.808,89.328,100.0,100.0,60.961,100.0,64.472,5.04,3.639,86.755,85.357,90.0,HIGH
392,2026-06-05 02:00:00+00:00,2,4,0.5,0.866025,-0.433884,-0.900969,False,False,NIGHT,2.0,2.0,5.0,17.0,49.0,305.0,22.94,2.19,0.0952,5.6,4.158,66.76,7.48,90.21,93.517,7.24,0.52,3.67,11.4,100.0,100.0,7.76,9.59,4.64,3.12,78.891,89.99,100.0,100.0,False,,65.4,93.331,-1.3399999999999999,-4.719999999999999,-8.469999999999999,38.204,52.11,0.0,0.0,28.232,3.0,11.78,92.759,89.24,100.0,100.0,67.042,100.0,100.0,8.0,2.22,90.978,89.565,100.0,100.0,61.481,100.0,49.723,5.04,2.96,87.038,86.029,90.0,HIGH
393,2026-06-05 02:15:00+00:00,2,4,0.5,0.866025,-0.433884,-0.900969,False,False,NIGHT,0.0,2.0,4.0,16.0,44.0,304.0,19.7,2.07,0.1048,5.453,5.977,66.69,7.42,90.119,92.721,7.31,0.58,4.18,12.52,100.0,100.0,7.83,9.2,4.97,3.07,77.425,89.82,100.0,100.0,False,,57.7,90.947,-3.240000000000002,-4.580000000000002,-9.34,36.222,52.11,-1.0,-0.16,27.38,4.0,8.37,92.805,89.631,100.0,100.0,65.396,100.0,87.371,9.0,0.0,91.087,89.545,100.0,100.0,59.214,100.0,36.435,3.36,4.814,86.952,85.547,90.0,HIGH
394,2026-06-05 02:30:00+00:00,2,4,0.5,0.866025,-0.433884,-0.900969,False,False,NIGHT,0.0,0.0,2.0,14.0,37.0,304.0,16.43,1.77,0.1079,5.488,6.5,66.43,7.42,89.776,92.73,7.57,0.58,4.18,12.52,100.0,100.0,7.9,8.77,5.33,3.0,75.755,89.65,100.0,100.0,False,,47.8,88.63,-3.2699999999999996,-6.510000000000002,-11.23,33.993,49.74,-3.0,-0.35,26.52,5.0,7.03,92.398,89.289,100.0,100.0,64.722,100.0,79.135,9.0,0.0,88.427,87.755,100.0,100.0,57.974,100.0,35.371,5.04,4.238,87.092,85.802,90.0,HIGH
395,2026-06-05 02:45:00+00:00,2,4,0.5,0.866025,-0.433884,-0.900969,False,False,NIGHT,2.0,2.0,4.0,13.0,37.0,305.0,15.11,1.48,0.0979,5.582,5.707,66.44,7.38,89.785,92.26,7.56,0.62,4.18,12.52,100.0,100.0,7.13,8.37,6.5,2.79,70.465,89.81,100.0,100.0,False,,43.2,87.217,-1.3200000000000003,-4.59,-9.170000000000002,31.828,46.39,0.0,-0.02,26.23,3.0,4.62,91.808,89.328,100.0,100.0,60.961,100.0,64.472,10.0,0.0,84.879,87.092,100.0,100.0,56.732,100.0,33.952,5.04,4.048,86.514,86.2,90.0,HIGH
396,2026-06-05 03:00:00+00:00,3,4,0.707107,0.707107,-0.433884,-0.900969,False,False,NIGHT,0.0,2.0,2.0,12.0,33.0,305.0,11.78,1.36,0.1154,5.586,7.039,66.04,7.42,89.24,92.759,7.96,0.58,4.05,12.22,100.0,100.0,6.81,7.94,7.25,2.65,67.042,89.64,100.0,100.0,False,,33.7,84.758,-3.33,-4.65,-11.160000000000002,29.665,44.03,-3.0,-0.35,25.355,2.0,2.22,90.978,89.565,100.0,100.0,61.481,100.0,49.723,16.0,0.0,84.45,85.884,100.0,100.0,55.117,100.0,33.78,1.68,4.545,84.956,85.4,89.99,MODERATE
397,2026-06-05 03:15:00+00:00,3,4,0.707107,0.707107,-0.433884,-0.900969,False,False,NIGHT,0.0,0.0,2.0,11.0,30.0,303.0,8.37,1.06,0.1266,5.728,4.555,66.33,7.42,89.631,92.805,7.67,0.58,4.18,12.52,100.0,100.0,6.92,7.47,7.61,2.59,65.396,89.47,100.0,87.371,False,,23.3,82.522,-3.41,-6.74,-11.33,27.436,42.64,-2.0,-0.35,24.46,2.0,0.0,91.087,89.545,100.0,100.0,59.214,100.0,36.435,18.0,0.0,82.616,85.597,100.0,100.0,53.665,100.0,33.046,6.883,4.989,87.955,85.716,90.0,MODERATE
398,2026-06-05 03:30:00+00:00,3,4,0.707107,0.707107,-0.433884,-0.900969,False,False,NIGHT,2.0,2.0,4.0,11.0,30.0,305.0,7.03,0.75,0.1072,5.621,6.763,66.07,7.39,89.289,92.398,7.93,0.61,4.18,12.52,100.0,100.0,7.2,7.04,7.76,2.56,64.722,89.63,100.0,79.135,False,,20.0,81.447,-1.339999999999999,-4.749999999999999,-9.399999999999999,25.211,42.27,2.0,-0.02,24.165,2.0,0.0,88.427,87.755,100.0,100.0,57.974,100.0,35.371,20.0,0.0,82.527,85.015,100.0,100.0,51.264,100.0,33.011,6.757,3.228,88.751,86.822,90.0,MODERATE
399,2026-06-05 03:45:00+00:00,3,4,0.707107,0.707107,-0.433884,-0.900969,False,False,NIGHT,1.0,3.0,3.0,11.0,28.0,305.0,4.62,0.63,0.1368,5.72,5.793,66.1,7.34,89.328,91.808,7.9,0.66,3.69,11.44,100.0,100.0,6.8,6.61,8.59,2.41,60.961,89.62,100.0,64.472,False,,12.9,79.457,-2.41,-3.749999999999999,-10.489999999999998,22.858,39.88,-1.0,-0.19,23.56,4.0,0.0,84.879,87.092,100.0,100.0,56.732,100.0,33.952,19.0,0.0,83.252,84.735,100.0,100.0,49.395,100.0,33.301,4.84,4.163,88.765,87.05,89.99,MODERATE
400,2026-06-05 04:00:00+00:00,4,4,0.866025,0.5,-0.433884,-0.900969,False,False,NIGHT,1.0,2.0,4.0,11.0,28.0,305.0,2.22,0.42,0.1873,5.717,5.281,66.28,7.28,89.565,90.978,7.72,0.72,3.93,11.97,100.0,100.0,7.36,6.17,8.47,2.43,61.481,89.61,100.0,49.723,False,,6.2,77.854,-2.4,-4.8100000000000005,-9.559999999999999,20.504,37.48,2.0,-0.03,22.958,6.0,0.0,84.45,85.884,100.0,100.0,55.117,100.0,33.78,20.0,0.0,83.589,84.7,100.0,89.931,49.784,100.0,33.436,6.381,5.335,89.148,87.362,90.0,MODERATE
401,2026-06-05 04:15:00+00:00,4,4,0.866025,0.5,-0.433884,-0.900969,False,False,NIGHT,1.0,2.0,5.0,11.0,29.0,306.0,0.0,0.2,0.2,5.413,5.437,66.26,7.29,89.545,91.087,7.74,0.71,3.67,11.4,100.0,100.0,7.29,5.73,8.97,2.34,59.214,89.61,100.0,36.435,False,,0.0,76.247,-2.22,-4.62,-8.37,18.161,36.18,3.0,0.14,22.402,7.0,0.0,82.616,85.597,100.0,100.0,53.665,100.0,33.046,21.0,0.0,84.01,83.726,82.611,74.551,48.124,100.0,33.604,3.699,5.455,88.599,86.828,90.0,MODERATE
402,2026-06-05 04:30:00+00:00,4,4,0.866025,0.5,-0.433884,-0.900969,False,False,NIGHT,0.0,1.0,3.0,9.0,25.0,303.0,0.0,0.0,0.0,0.0,6.149,64.94,7.07,87.755,88.427,9.06,0.93,2.85,9.59,100.0,100.0,7.39,5.37,9.25,2.3,57.974,89.44,100.0,35.371,False,,0.0,75.209,0.0,-2.22,-7.03,15.9,33.81,-1.0,-0.19,22.36,7.0,0.0,82.527,85.015,100.0,100.0,51.264,100.0,33.011,22.0,0.0,83.379,82.969,88.95,79.716,47.858,100.0,33.351,6.444,4.395,90.019,87.366,90.0,MODERATE
403,2026-06-05 04:45:00+00:00,4,4,0.866025,0.5,-0.433884,-0.900969,False,False,NIGHT,0.0,0.0,2.0,9.0,24.0,302.0,0.0,0.0,0.0,0.0,3.098,64.45,6.79,87.092,84.879,9.55,1.21,4.18,12.52,100.0,100.0,7.44,5.04,9.52,2.25,56.732,89.27,100.0,33.952,False,,0.0,74.242,0.0,0.0,-4.62,13.787,31.41,-1.0,-0.35,22.318,6.0,0.0,83.252,84.735,100.0,100.0,49.395,100.0,33.301,24.0,1.49,85.259,84.364,83.236,75.18,47.715,100.0,43.07,6.278,4.522,90.225,87.937,90.0,MODERATE
404,2026-06-05 05:00:00+00:00,5,4,0.965926,0.258819,-0.433884,-0.900969,False,False,NIGHT,1.0,1.0,2.0,8.0,25.0,302.0,0.0,0.0,0.0,1.68,5.394,63.55,6.76,85.884,84.45,10.45,1.24,3.77,11.61,100.0,100.0,7.35,4.77,9.87,2.18,55.117,89.27,100.0,33.78,False,,0.0,73.745,0.0,0.0,-2.22,11.824,29.04,-2.0,-0.34,22.318,10.0,0.0,83.589,84.7,100.0,89.931,49.784,100.0,33.436,21.0,0.23,86.739,85.186,84.167,75.956,47.009,100.0,36.081,6.119,5.227,89.77,88.288,90.0,MODERATE
405,2026-06-05 05:15:00+00:00,5,4,0.965926,0.258819,-0.433884,-0.900969,False,False,NIGHT,1.0,2.0,2.0,9.0,25.0,301.0,0.0,0.0,0.0,1.68,3.116,63.34,6.61,85.597,82.616,10.66,1.39,3.8,11.67,100.0,100.0,7.26,4.55,10.19,2.13,53.665,89.26,100.0,33.046,False,,0.0,73.184,0.0,0.0,0.0,10.009,27.66,-3.0,-0.35,22.315,11.0,0.0,84.01,83.726,82.611,74.551,48.124,100.0,33.604,19.0,0.0,87.405,85.503,83.462,75.383,47.219,100.0,34.962,4.68,5.943,89.84,87.853,90.0,MODERATE
406,2026-06-05 05:30:00+00:00,5,4,0.965926,0.258819,-0.433884,-0.900969,False,False,NIGHT,2.0,3.0,4.0,11.0,25.0,300.0,0.0,0.0,0.0,3.36,5.113,62.91,6.6,85.015,82.527,11.09,1.4,2.2,8.16,100.0,100.0,6.91,4.36,10.72,2.03,51.264,89.41,100.0,33.011,False,,0.0,72.822,0.0,0.0,0.0,8.28,24.28,1.0,-0.03,22.352,13.0,0.0,83.379,82.969,88.95,79.716,47.858,100.0,33.351,24.0,0.0,86.181,84.945,85.572,77.093,47.347,100.0,34.473,6.147,5.511,89.791,88.074,90.0,MODERATE
407,2026-06-05 05:45:00+00:00,5,4,0.965926,0.258819,-0.433884,-0.900969,False,False,NIGHT,2.0,4.0,6.0,11.0,24.0,299.0,0.0,0.0,0.0,3.36,3.955,62.7,6.66,84.735,83.252,11.3,1.34,3.47,10.94,100.0,100.0,6.64,4.22,11.13,1.96,49.395,89.57,100.0,33.301,False,,0.0,72.738,0.0,0.0,0.0,6.762,22.94,4.0,0.3,22.392,13.0,1.49,85.259,84.364,83.236,75.18,47.715,100.0,43.07,25.0,0.0,86.755,85.357,84.539,76.267,48.21,100.0,34.702,2.253,5.32,88.3,87.199,89.99,MODERATE
408,2026-06-05 06:00:00+00:00,6,4,1.0,0.0,-0.433884,-0.900969,False,False,MORNING,2.0,4.0,7.0,13.0,25.0,301.0,0.0,0.0,0.0,3.36,3.357,62.68,6.69,84.7,83.589,11.32,1.31,6.51,15.84,100.0,89.931,6.84,4.11,11.05,1.97,49.784,89.72,100.0,33.436,False,,0.0,71.624,0.0,0.0,0.0,5.329,19.7,5.0,0.45,22.43,10.0,0.23,86.739,85.186,84.167,75.956,47.009,100.0,36.081,23.0,0.0,87.038,86.029,83.975,75.846,47.557,100.0,34.815,0.0,6.096,86.76,85.306,89.83,MODERATE
409,2026-06-05 06:15:00+00:00,6,4,1.0,0.0,-0.433884,-0.900969,False,False,MORNING,1.0,3.0,7.0,14.0,25.0,300.0,0.0,0.0,0.0,1.68,4.429,61.96,6.72,83.726,84.01,12.04,1.28,7.89,18.89,82.611,74.551,6.56,4.03,11.41,1.91,48.124,89.71,100.0,33.604,False,,0.0,67.412,0.0,0.0,0.0,4.098,16.43,5.0,0.45,22.428,10.0,0.0,87.405,85.503,83.462,75.383,47.219,100.0,34.962,24.0,0.0,86.952,85.547,84.006,75.838,47.22,100.0,34.781,6.885,5.054,88.348,85.753,90.0,NORMAL
410,2026-06-05 06:30:00+00:00,6,4,1.0,0.0,-0.433884,-0.900969,False,False,MORNING,1.0,2.0,6.0,13.0,24.0,299.0,0.0,0.0,0.0,1.68,4.121,61.4,6.67,82.969,83.379,12.6,1.33,7.27,17.5,88.95,79.716,6.57,3.96,11.47,1.9,47.858,89.71,100.0,33.351,False,,0.0,68.476,0.0,0.0,0.0,3.071,15.11,2.0,0.3,22.428,9.0,0.0,86.181,84.945,85.572,77.093,47.347,100.0,34.473,24.0,0.0,87.092,85.802,100.0,90.812,47.25,100.0,34.837,6.741,3.192,88.526,86.932,90.0,NORMAL
411,2026-06-05 06:45:00+00:00,6,4,1.0,0.0,-0.433884,-0.900969,False,False,MORNING,6.0,7.0,10.0,18.0,29.0,304.0,1.49,0.0,0.0,7.569,2.84,62.43,6.82,84.364,85.259,11.57,1.18,7.98,19.08,83.236,75.18,6.53,3.97,11.5,1.89,47.715,90.0,100.0,43.07,False,,3.2,68.87,1.49,1.49,1.49,2.219,11.78,4.0,0.43,22.872,11.0,0.0,86.755,85.357,84.539,76.267,48.21,100.0,34.702,26.0,0.0,86.514,86.2,84.142,75.997,47.349,100.0,34.606,4.854,5.0,88.076,86.932,89.83,NORMAL
412,2026-06-05 07:00:00+00:00,7,4,0.965926,-0.258819,-0.433884,-0.900969,False,False,MORNING,3.0,9.0,11.0,20.0,31.0,306.0,0.23,0.13,0.1345,7.163,4.254,63.04,6.94,85.186,86.739,10.96,1.06,7.9,18.89,84.167,75.956,6.39,3.95,11.66,1.86,47.009,90.0,100.0,36.081,False,,0.5,68.681,-1.26,0.23,0.23,1.497,8.37,4.0,0.28,22.558,11.0,0.0,87.038,86.029,83.975,75.846,47.557,100.0,34.815,27.0,0.0,84.956,85.4,89.92,80.711,49.239,100.0,33.983,3.36,4.684,87.438,86.553,89.99,NORMAL
413,2026-06-05 07:15:00+00:00,7,4,0.965926,-0.258819,-0.433884,-0.900969,False,False,MORNING,3.0,6.0,13.0,22.0,33.0,306.0,0.0,0.02,0.0208,5.428,4.276,63.27,6.99,85.503,87.405,10.73,1.01,7.98,19.08,83.462,75.383,6.46,3.93,11.61,1.87,47.219,90.0,100.0,34.962,False,,0.0,68.603,-0.23,-1.49,0.0,0.974,7.03,6.0,0.29,22.5,9.0,0.0,86.952,85.547,84.006,75.838,47.22,100.0,34.781,29.0,3.9,87.955,85.716,85.987,77.663,48.469,100.0,58.599,6.535,3.354,88.37,87.527,90.0,NORMAL
414,2026-06-05 07:30:00+00:00,7,4,0.965926,-0.258819,-0.433884,-0.900969,False,False,MORNING,1.0,4.0,13.0,23.0,32.0,307.0,0.0,0.0,0.0,1.68,3.724,62.86,6.89,84.945,86.181,11.14,1.11,7.73,18.53,85.572,77.093,6.52,3.9,11.58,1.87,47.347,89.99,100.0,34.473,False,,0.0,68.705,0.0,-0.23,0.0,0.535,4.62,7.0,0.28,22.498,15.0,0.0,87.092,85.802,100.0,90.812,47.25,100.0,34.837,23.0,1.88,88.751,86.822,100.0,100.0,49.01,100.0,46.787,1.865,4.513,87.046,86.776,89.99,NORMAL
415,2026-06-05 07:45:00+00:00,7,4,0.965926,-0.258819,-0.433884,-0.900969,False,False,MORNING,3.0,4.0,10.0,26.0,35.0,309.0,0.0,0.0,0.0,5.04,3.639,63.16,6.94,85.357,86.755,10.84,1.06,7.86,18.82,84.539,76.267,6.72,3.88,11.39,1.91,48.21,90.0,100.0,34.702,False,,0.0,68.765,0.0,0.0,-1.49,0.246,2.22,0.0,0.0,22.5,14.0,0.0,86.514,86.2,84.142,75.997,47.349,100.0,34.606,25.0,0.0,88.765,87.05,84.971,76.746,46.675,100.0,35.506,6.479,3.304,88.179,87.726,90.0,NORMAL
416,2026-06-05 08:00:00+00:00,8,4,0.866025,-0.5,-0.433884,-0.900969,False,False,MORNING,3.0,6.0,10.0,28.0,36.0,308.0,0.0,0.0,0.0,5.04,2.96,63.66,6.96,86.029,87.038,10.34,1.04,7.98,19.08,83.975,75.846,6.59,3.87,11.54,1.88,47.557,90.0,100.0,34.815,False,,0.0,68.793,0.0,0.0,-0.23,0.108,1.49,-1.0,0.0,22.5,12.0,0.0,84.956,85.4,89.92,80.711,49.239,100.0,33.983,25.0,0.2,89.148,87.362,90.007,80.947,44.942,100.0,36.87,5.281,5.523,88.952,87.561,90.0,NORMAL
417,2026-06-05 08:15:00+00:00,8,4,0.866025,-0.5,-0.433884,-0.900969,False,False,MORNING,2.0,5.0,9.0,29.0,38.0,307.0,0.0,0.0,0.0,3.36,4.814,63.3,6.96,85.547,86.952,10.7,1.04,7.93,18.97,84.006,75.838,6.52,3.86,11.61,1.87,47.22,90.0,100.0,34.781,False,,0.0,68.642,0.0,0.0,0.0,0.108,1.49,-4.0,0.0,22.5,15.0,3.9,87.955,85.716,85.987,77.663,48.469,100.0,58.599,21.0,0.0,88.599,86.828,84.755,76.551,43.78,100.0,35.44,3.36,4.343,87.602,87.374,90.0,NORMAL
418,2026-06-05 08:30:00+00:00,8,4,0.866025,-0.5,-0.433884,-0.900969,False,False,MORNING,3.0,5.0,11.0,30.0,41.0,308.0,0.0,0.0,0.0,5.04,4.238,63.49,6.97,85.802,87.092,10.51,1.03,6.53,15.89,100.0,90.812,6.54,3.86,11.6,1.87,47.25,90.0,100.0,34.837,False,,0.0,72.445,0.0,0.0,0.0,0.108,1.49,-2.0,0.01,22.5,9.0,1.88,88.751,86.822,100.0,100.0,49.01,100.0,46.787,26.0,1.16,90.019,87.366,85.971,77.65,45.855,100.0,42.994,1.68,4.494,85.893,86.609,89.99,MODERATE
419,2026-06-05 08:45:00+00:00,8,4,0.866025,-0.5,-0.433884,-0.900969,False,False,MORNING,3.0,6.0,11.0,31.0,42.0,310.0,0.0,0.0,0.0,5.04,4.048,63.79,6.92,86.2,86.514,10.21,1.08,7.98,19.08,84.142,75.997,6.57,3.85,11.58,1.88,47.349,90.0,100.0,34.606,False,,0.0,68.745,0.0,0.0,0.0,0.108,1.49,1.0,0.0,22.5,12.0,0.0,88.765,87.05,84.971,76.746,46.675,100.0,35.506,25.0,1.43,90.225,87.937,86.685,78.294,48.021,100.0,44.656,3.36,2.855,85.273,86.846,90.0,NORMAL
420,2026-06-05 09:00:00+00:00,9,4,0.707107,-0.707107,-0.433884,-0.900969,False,False,MORNING,1.0,4.0,9.0,30.0,43.0,306.0,0.0,0.0,0.0,1.68,4.545,63.2,6.8,85.4,84.956,10.8,1.2,7.4,17.8,89.92,80.711,7.01,3.83,11.17,1.95,49.239,89.99,100.0,33.983,False,,0.0,69.686,0.0,0.0,0.0,0.108,1.49,-1.0,-0.01,22.498,15.0,0.2,89.148,87.362,90.007,80.947,44.942,100.0,36.87,21.0,0.79,89.77,88.288,86.646,78.259,49.572,100.0,40.622,5.04,4.533,85.489,86.994,90.0,NORMAL
421,2026-06-05 09:15:00+00:00,9,4,0.707107,-0.707107,-0.433884,-0.900969,False,False,MORNING,8.0,9.0,15.0,37.0,51.0,310.0,3.9,0.0,0.0,6.883,4.989,63.43,7.04,85.716,87.955,10.57,0.96,7.98,19.08,85.987,77.663,6.69,3.97,11.34,1.92,48.469,90.0,100.0,58.599,False,,9.0,71.945,3.9,3.9,3.9,0.351,3.9,6.0,0.0,23.475,14.0,0.0,88.599,86.828,84.755,76.551,43.78,100.0,35.44,20.0,0.0,89.84,87.853,85.756,77.455,48.815,100.0,35.936,3.36,4.905,85.062,86.518,90.0,MODERATE
422,2026-06-05 09:30:00+00:00,9,4,0.707107,-0.707107,-0.433884,-0.900969,False,False,MORNING,2.0,10.0,14.0,38.0,51.0,312.0,1.88,0.35,0.1867,6.757,3.228,64.25,7.1,86.822,88.751,9.75,0.9,4.73,11.93,100.0,100.0,6.75,4.03,11.22,1.94,49.01,90.0,100.0,46.787,False,,4.4,75.465,-2.02,1.88,1.88,0.469,3.9,3.0,0.0,22.97,14.0,1.16,90.019,87.366,85.971,77.65,45.855,100.0,42.994,22.0,0.34,89.791,88.074,87.493,78.928,48.97,100.0,37.964,1.68,4.175,83.763,85.816,89.99,MODERATE
423,2026-06-05 09:45:00+00:00,9,4,0.707107,-0.707107,-0.433884,-0.900969,False,False,MORNING,1.0,3.0,12.0,33.0,51.0,310.0,0.0,0.17,0.1693,4.84,4.163,64.42,7.1,87.05,88.765,9.58,0.9,7.98,19.08,84.971,76.746,6.26,4.0,11.73,1.85,46.675,89.99,100.0,35.506,False,,0.0,69.511,-1.88,-3.9,0.0,0.469,3.9,1.0,-0.01,22.498,13.0,1.43,90.225,87.937,86.685,78.294,48.021,100.0,44.656,19.0,0.0,88.3,87.199,85.117,76.878,50.189,100.0,35.32,1.68,3.193,82.49,85.443,89.99,NORMAL
424,2026-06-05 10:00:00+00:00,10,4,0.5,-0.866025,-0.433884,-0.900969,False,False,MORNING,4.0,5.0,15.0,34.0,54.0,302.0,0.2,0.0,0.0,6.381,5.335,64.65,7.13,87.362,89.148,9.35,0.87,7.57,18.18,90.007,80.947,5.89,3.99,12.11,1.78,44.942,90.0,100.0,36.87,False,,0.5,70.737,0.2,-1.68,0.2,0.481,3.9,6.0,0.01,22.55,10.0,0.79,89.77,88.288,86.646,78.259,49.572,100.0,40.622,22.0,0.0,86.76,85.306,83.269,75.209,47.689,100.0,34.704,11.763,4.991,89.312,86.993,90.0,MODERATE
425,2026-06-05 10:15:00+00:00,10,4,0.5,-0.866025,-0.433884,-0.900969,False,False,MORNING,2.0,6.0,9.0,33.0,55.0,290.0,0.0,0.02,0.0182,3.699,5.455,64.25,7.09,86.828,88.599,9.75,0.91,7.98,19.08,84.755,76.551,5.66,3.98,12.37,1.73,43.78,90.0,100.0,35.44,False,,0.0,69.119,-0.2,0.0,-3.9,0.481,3.9,-6.0,0.0,22.5,7.0,0.0,89.84,87.853,85.756,77.455,48.815,100.0,35.936,25.0,2.9,88.348,85.753,85.428,77.159,50.456,100.0,52.751,10.884,4.025,95.411,88.651,90.0,NORMAL
426,2026-06-05 10:30:00+00:00,10,4,0.5,-0.866025,-0.433884,-0.900969,False,False,MORNING,5.0,7.0,12.0,37.0,60.0,283.0,1.16,0.0,0.0,6.444,4.395,64.65,7.2,87.366,90.019,9.35,0.8,7.98,19.08,85.971,77.65,6.07,4.01,11.91,1.82,45.855,90.0,100.0,42.994,False,,2.9,70.728,1.16,0.96,-0.72,0.554,3.9,-2.0,0.0,22.79,12.0,0.34,89.791,88.074,87.493,78.928,48.97,100.0,37.964,20.0,2.89,88.526,86.932,100.0,92.009,51.007,100.0,52.745,9.972,5.125,98.782,89.924,90.0,MODERATE
427,2026-06-05 10:45:00+00:00,10,4,0.5,-0.866025,-0.433884,-0.900969,False,False,MORNING,4.0,9.0,15.0,38.0,64.0,284.0,1.43,0.1,0.0734,6.278,4.522,65.07,7.22,87.937,90.225,8.93,0.78,7.98,19.08,86.685,78.294,6.51,4.06,11.44,1.9,48.021,90.0,100.0,44.656,False,,3.6,71.426,0.27,1.43,1.43,0.55,3.9,3.0,0.01,22.858,12.0,0.0,88.3,87.199,85.117,76.878,50.189,100.0,35.32,17.0,0.0,88.076,86.932,87.968,79.222,51.089,100.0,35.23,9.302,5.205,100.0,91.05,90.0,MODERATE
428,2026-06-05 11:00:00+00:00,11,4,0.258819,-0.965926,-0.433884,-0.900969,False,False,MORNING,3.0,7.0,14.0,38.0,66.0,279.0,0.79,0.13,0.1285,6.119,5.227,65.33,7.18,88.288,89.77,8.67,0.82,7.98,19.08,86.646,78.259,6.84,4.06,11.09,1.96,49.572,90.0,100.0,40.622,False,,2.0,71.133,-0.6399999999999999,-0.3699999999999999,0.5900000000000001,0.585,3.9,-1.0,0.0,22.698,11.0,0.0,86.76,85.306,83.269,75.209,47.689,100.0,34.704,19.0,0.0,87.438,86.553,84.487,76.309,48.479,100.0,34.975,8.749,3.956,100.0,92.46,90.0,MODERATE
429,2026-06-05 11:15:00+00:00,11,4,0.258819,-0.965926,-0.433884,-0.900969,False,False,MORNING,2.0,5.0,14.0,38.0,67.0,270.0,0.0,0.07,0.0707,4.68,5.943,65.01,7.19,87.853,89.84,8.99,0.81,7.98,19.08,85.756,77.455,6.7,4.04,11.26,1.93,48.815,90.0,100.0,35.936,False,,0.0,70.274,-0.79,-1.43,0.0,0.585,3.9,5.0,0.0,22.5,13.0,2.9,88.348,85.753,85.428,77.159,50.456,100.0,52.751,20.0,0.11,88.37,87.527,85.503,77.227,48.59,100.0,36.01,8.092,6.007,100.0,92.987,90.0,MODERATE
430,2026-06-05 11:30:00+00:00,11,4,0.258819,-0.965926,-0.433884,-0.900969,False,False,MORNING,4.0,6.0,13.0,39.0,69.0,258.0,0.34,0.0,0.0,6.147,5.511,65.17,7.18,88.074,89.791,8.83,0.82,7.86,18.81,87.493,78.928,6.74,4.04,11.23,1.94,48.97,90.0,100.0,37.964,False,,0.9,70.93,0.34,-0.45,-0.8199999999999998,0.606,3.9,1.0,0.0,22.585,10.0,2.89,88.526,86.932,100.0,92.009,51.007,100.0,52.745,18.0,0.0,87.046,86.776,100.0,99.218,48.487,100.0,34.818,7.847,6.048,100.0,93.497,90.0,MODERATE
431,2026-06-05 11:45:00+00:00,11,4,0.258819,-0.965926,-0.433884,-0.900969,False,False,MORNING,1.0,5.0,10.0,37.0,68.0,254.0,0.0,0.03,0.0307,2.253,5.32,64.53,7.06,87.199,88.3,9.47,0.94,7.98,19.08,85.117,76.878,7.04,4.01,10.96,1.99,50.189,89.99,100.0,35.32,False,,0.0,69.8,-0.34,0.0,-1.43,0.606,3.9,-5.0,-0.01,22.498,7.0,0.0,88.076,86.932,87.968,79.222,51.089,100.0,35.23,18.0,0.14,88.179,87.726,91.696,82.363,49.184,100.0,36.133,7.609,8.403,100.0,93.093,90.0,NORMAL
432,2026-06-05 12:00:00+00:00,12,4,0.0,-1.0,-0.433884,-0.900969,False,False,MORNING,0.0,1.0,7.0,36.0,66.0,250.0,0.0,0.0,0.0,0.0,6.096,63.13,6.94,85.306,86.76,10.87,1.06,7.98,19.08,83.269,75.209,6.52,3.97,11.51,1.89,47.689,89.83,100.0,34.704,False,,0.0,68.429,0.0,-0.34,-0.79,0.606,3.9,-7.0,-0.17,22.458,11.0,0.0,87.438,86.553,84.487,76.309,48.479,100.0,34.975,15.0,0.0,88.952,87.561,100.0,100.0,48.618,100.0,35.581,7.797,6.57,100.0,93.395,90.0,NORMAL
433,2026-06-05 12:15:00+00:00,12,4,0.0,-1.0,-0.433884,-0.900969,False,False,MORNING,7.0,7.0,12.0,35.0,72.0,253.0,2.9,0.0,0.0,6.885,5.054,63.46,7.07,85.753,88.348,10.54,0.93,7.98,19.08,85.428,77.159,7.04,4.06,10.9,2.0,50.456,90.0,100.0,52.751,False,,6.7,71.443,2.9,2.9,2.9,0.787,3.9,-2.0,0.0,23.225,12.0,0.11,88.37,87.527,85.503,77.227,48.59,100.0,36.01,23.0,0.0,87.602,87.374,100.0,92.244,49.266,100.0,35.041,7.657,7.695,100.0,93.282,90.0,MODERATE
434,2026-06-05 12:30:00+00:00,12,4,0.0,-1.0,-0.433884,-0.900969,False,False,MORNING,4.0,11.0,12.0,37.0,75.0,251.0,2.89,0.26,0.0904,6.741,3.192,64.33,7.08,86.932,88.526,9.67,0.92,6.68,16.21,100.0,92.009,7.09,4.13,10.78,2.02,51.007,90.0,100.0,52.745,False,,6.8,75.312,-0.009999999999999787,2.89,2.5500000000000003,0.968,3.9,-1.0,0.0,23.222,10.0,0.0,87.046,86.776,100.0,99.218,48.487,100.0,34.818,27.0,0.0,85.893,86.609,100.0,99.804,50.879,100.0,34.357,7.709,8.097,100.0,92.936,90.0,MODERATE
435,2026-06-05 12:45:00+00:00,12,4,0.0,-1.0,-0.433884,-0.900969,False,False,MORNING,0.0,4.0,11.0,36.0,69.0,243.0,0.0,0.26,0.26,4.854,5.0,64.33,7.05,86.932,88.076,9.67,0.95,7.7,18.45,87.968,79.222,7.16,4.08,10.76,2.02,51.089,89.83,100.0,35.23,False,,0.0,70.401,-2.89,-2.9,0.0,0.968,3.9,1.0,-0.16,22.458,10.0,0.14,88.179,87.726,91.696,82.363,49.184,100.0,36.133,33.0,0.0,85.273,86.846,100.0,100.0,50.005,100.0,34.109,7.87,6.715,100.0,93.273,90.0,MODERATE
436,2026-06-05 13:00:00+00:00,13,4,-0.258819,-0.965926,-0.433884,-0.900969,False,False,MORNING,2.0,2.0,13.0,34.0,68.0,242.0,0.0,0.0,0.0,3.36,4.684,64.05,7.0,86.553,87.438,9.95,1.0,7.98,19.08,84.487,76.309,6.63,4.03,11.33,1.92,48.479,89.99,100.0,34.975,False,,0.0,69.188,0.0,-2.89,0.0,0.968,3.9,6.0,0.16,22.498,8.0,0.0,88.952,87.561,100.0,100.0,48.618,100.0,35.581,44.0,0.0,85.489,86.994,100.0,95.289,47.893,100.0,34.195,7.714,7.632,100.0,93.167,90.0,NORMAL
437,2026-06-05 13:15:00+00:00,13,4,-0.258819,-0.965926,-0.433884,-0.900969,False,False,MORNING,4.0,6.0,10.0,36.0,69.0,242.0,0.11,0.0,0.0,6.535,3.354,64.77,7.07,87.527,88.37,9.23,0.93,7.98,19.08,85.503,77.227,6.68,4.01,11.31,1.92,48.59,90.0,100.0,36.01,False,,0.3,69.901,0.11,0.11,-2.79,0.731,2.9,-2.0,0.0,22.528,8.0,0.0,87.602,87.374,100.0,92.244,49.266,100.0,35.041,46.0,0.0,85.062,86.518,98.528,89.776,47.471,100.0,34.025,7.763,6.797,100.0,93.421,90.0,NORMAL
438,2026-06-05 13:30:00+00:00,13,4,-0.258819,-0.965926,-0.433884,-0.900969,False,False,MORNING,1.0,5.0,7.0,32.0,69.0,240.0,0.0,0.01,0.0099,1.865,4.513,64.21,6.96,86.776,87.046,9.79,1.04,6.0,14.71,100.0,99.218,6.7,3.97,11.33,1.92,48.487,89.99,100.0,34.818,False,,0.0,73.77,-0.11,0.0,-2.89,0.614,2.9,-5.0,-0.01,22.498,8.0,0.0,85.893,86.609,100.0,99.804,50.879,100.0,34.357,57.0,0.0,83.763,85.816,100.0,100.0,46.405,100.0,33.505,7.645,6.777,100.0,93.645,90.0,MODERATE
439,2026-06-05 13:45:00+00:00,13,4,-0.258819,-0.965926,-0.433884,-0.900969,False,False,MORNING,4.0,5.0,11.0,32.0,70.0,239.0,0.14,0.0,0.0,6.479,3.304,64.92,7.05,87.726,88.179,9.08,0.95,7.46,17.93,91.696,82.363,6.86,3.96,11.18,1.95,49.184,90.0,100.0,36.133,False,,0.4,71.339,0.14,0.030000000000000013,0.14,0.622,2.9,0.0,0.17,22.535,8.0,0.0,85.273,86.846,100.0,100.0,50.005,100.0,34.109,61.0,0.0,82.49,85.443,98.33,89.527,45.18,100.0,32.996,7.54,7.666,100.0,93.534,90.0,MODERATE
440,2026-06-05 14:00:00+00:00,14,4,-0.5,-0.866025,-0.433884,-0.900969,False,False,EVENING,3.0,7.0,12.0,32.0,70.0,242.0,0.0,0.01,0.0129,5.281,5.523,64.79,7.12,87.561,88.952,9.21,0.88,6.12,14.62,100.0,100.0,6.75,3.95,11.3,1.93,48.618,90.0,100.0,35.581,False,,0.0,74.429,-0.14,0.0,0.0,0.61,2.9,-1.0,0.01,22.5,7.0,0.0,85.489,86.994,100.0,95.289,47.893,100.0,34.195,67.0,5.45,89.312,86.993,100.0,100.0,46.831,100.0,68.434,4.456,6.74,97.963,92.983,90.0,MODERATE
441,2026-06-05 14:15:00+00:00,14,4,-0.5,-0.866025,-0.433884,-0.900969,False,False,EVENING,2.0,5.0,10.0,32.0,70.0,241.0,0.0,0.0,0.0,3.36,4.343,64.66,7.01,87.374,87.602,9.34,0.99,6.71,15.93,100.0,92.244,6.91,3.93,11.16,1.95,49.266,90.0,100.0,35.041,False,,0.0,73.246,0.0,-0.14,-0.11,0.61,2.9,0.0,0.0,22.5,15.0,0.0,85.062,86.518,98.528,89.776,47.471,100.0,34.025,64.0,6.32,95.411,88.651,100.0,100.0,49.457,100.0,76.068,4.635,6.355,96.186,92.594,89.83,MODERATE
442,2026-06-05 14:30:00+00:00,14,4,-0.5,-0.866025,-0.433884,-0.900969,False,False,EVENING,1.0,3.0,10.0,29.0,68.0,240.0,0.0,0.0,0.0,1.68,4.494,64.09,6.87,86.609,85.893,9.91,1.13,6.11,14.59,100.0,99.804,7.29,3.9,10.81,2.01,50.879,89.99,100.0,34.357,False,,0.0,73.788,0.0,0.0,0.0,0.538,2.9,3.0,0.0,22.498,19.0,0.0,83.763,85.816,100.0,100.0,46.405,100.0,33.505,67.0,8.61,98.782,89.924,100.0,100.0,52.14,100.0,91.193,4.765,6.946,94.884,91.998,89.99,MODERATE
443,2026-06-05 14:45:00+00:00,14,4,-0.5,-0.866025,-0.433884,-0.900969,False,False,EVENING,2.0,3.0,8.0,30.0,67.0,239.0,0.0,0.0,0.0,3.36,2.855,64.27,6.82,86.846,85.273,9.73,1.18,4.96,12.07,100.0,100.0,7.13,3.87,11.0,1.98,50.005,90.0,100.0,34.109,False,,0.0,73.661,0.0,0.0,-0.14,0.448,2.9,-3.0,0.0,22.5,25.0,0.0,82.49,85.443,98.33,89.527,45.18,100.0,32.996,67.0,17.23,100.0,91.05,100.0,100.0,54.454,100.0,100.0,4.945,5.845,93.974,91.792,90.0,MODERATE
444,2026-06-05 15:00:00+00:00,15,4,-0.707107,-0.707107,-0.433884,-0.900969,False,False,EVENING,3.0,5.0,8.0,33.0,69.0,239.0,0.0,0.0,0.0,5.04,4.533,64.38,6.84,86.994,85.489,9.62,1.16,6.45,15.35,100.0,95.289,6.69,3.85,11.46,1.9,47.893,90.0,100.0,34.195,False,,0.0,72.982,0.0,0.0,0.0,0.399,2.9,-4.0,0.0,22.5,37.0,5.45,89.312,86.993,100.0,100.0,46.831,100.0,68.434,64.0,18.1,100.0,92.46,100.0,100.0,62.043,100.0,100.0,5.014,6.527,93.15,91.37,90.0,MODERATE
445,2026-06-05 15:15:00+00:00,15,4,-0.707107,-0.707107,-0.433884,-0.900969,False,False,EVENING,2.0,5.0,8.0,28.0,63.0,238.0,0.0,0.0,0.0,3.36,4.905,64.02,6.8,86.518,85.062,9.98,1.2,6.84,16.21,98.528,89.776,6.62,3.83,11.56,1.88,47.471,90.0,100.0,34.025,False,,0.0,71.915,0.0,0.0,0.0,0.399,2.9,-2.0,0.0,22.5,31.0,6.32,95.411,88.651,100.0,100.0,49.457,100.0,76.068,69.0,27.28,100.0,92.987,100.0,100.0,66.812,100.0,100.0,5.14,7.005,93.372,90.716,89.83,MODERATE
446,2026-06-05 15:30:00+00:00,15,4,-0.707107,-0.707107,-0.433884,-0.900969,False,False,EVENING,1.0,3.0,8.0,25.0,62.0,237.0,0.0,0.0,0.0,1.68,4.175,63.5,6.7,85.816,83.763,10.5,1.3,3.7,9.3,100.0,100.0,6.41,3.8,11.79,1.84,46.405,89.99,100.0,33.505,False,,0.0,72.809,0.0,0.0,0.0,0.377,2.9,-2.0,0.0,22.498,38.0,8.61,98.782,89.924,100.0,100.0,52.14,100.0,91.193,69.0,28.58,100.0,93.497,100.0,100.0,70.391,100.0,100.0,5.316,3.8,92.923,91.277,90.0,MODERATE
447,2026-06-05 15:45:00+00:00,15,4,-0.707107,-0.707107,-0.433884,-0.900969,False,False,EVENING,1.0,2.0,7.0,26.0,62.0,236.0,0.0,0.0,0.0,1.68,3.193,63.23,6.6,85.443,82.49,10.77,1.4,6.77,16.05,98.33,89.527,6.17,3.77,12.06,1.79,45.18,89.99,100.0,32.996,False,,0.0,70.905,0.0,0.0,0.0,0.377,2.9,-1.0,-0.01,22.498,36.0,17.23,100.0,91.05,100.0,100.0,54.454,100.0,100.0,68.0,31.99,100.0,93.093,100.0,100.0,72.564,100.0,100.0,5.169,5.627,92.637,91.153,90.0,MODERATE
448,2026-06-05 16:00:00+00:00,16,4,-0.866025,-0.5,-0.433884,-0.900969,False,False,EVENING,11.0,12.0,15.0,35.0,69.0,241.0,5.45,0.0,0.0,11.763,4.991,64.37,7.14,86.993,89.312,9.63,0.86,6.84,16.21,100.0,100.0,6.31,3.99,11.7,1.85,46.831,90.0,100.0,68.434,True,MASS_CASUALTY_INTAKE,9.3,77.704,5.45,5.45,5.45,0.718,5.45,7.0,0.0,23.862,30.0,18.1,100.0,92.46,100.0,100.0,62.043,100.0,100.0,69.0,36.31,100.0,93.395,100.0,100.0,77.702,100.0,100.0,5.207,6.995,92.273,90.588,89.99,MODERATE
449,2026-06-05 16:15:00+00:00,16,4,-0.866025,-0.5,-0.433884,-0.900969,False,False,EVENING,6.0,17.0,19.0,37.0,73.0,243.0,6.32,0.66,0.1048,10.884,4.025,65.6,7.63,88.651,95.411,8.4,0.37,6.84,16.21,100.0,100.0,6.6,4.28,11.12,1.96,49.457,90.0,100.0,76.068,True,MASS_CASUALTY_INTAKE,11.7,80.081,0.8700000000000001,6.32,6.32,0.932,6.32,11.0,0.0,24.08,33.0,27.28,100.0,92.987,100.0,100.0,66.812,100.0,100.0,69.0,41.7,100.0,93.282,100.0,100.0,77.452,100.0,100.0,5.366,6.709,92.09,90.154,90.0,MODERATE
450,2026-06-05 16:30:00+00:00,16,4,-0.866025,-0.5,-0.433884,-0.900969,False,False,EVENING,7.0,13.0,25.0,43.0,75.0,243.0,8.61,0.77,0.0891,9.972,5.125,66.54,7.9,89.924,98.782,7.46,0.1,6.84,16.21,100.0,100.0,6.86,4.62,10.53,2.06,52.14,90.0,100.0,91.193,True,MASS_CASUALTY_INTAKE,17.4,82.743,2.289999999999999,3.1599999999999993,8.61,1.289,8.61,17.0,0.01,24.652,29.0,28.58,100.0,93.497,100.0,100.0,70.391,100.0,100.0,60.0,45.06,100.0,92.936,100.0,100.0,79.443,100.0,100.0,5.487,6.114,92.025,89.949,89.83,MODERATE
451,2026-06-05 16:45:00+00:00,16,4,-0.866025,-0.5,-0.433884,-0.900969,False,False,EVENING,13.0,20.0,37.0,52.0,84.0,253.0,17.23,1.05,0.0608,9.302,5.205,67.38,8.0,91.05,100.0,6.62,0.0,6.57,15.62,100.0,100.0,6.77,5.21,10.02,2.16,54.454,90.0,100.0,100.0,True,MASS_CASUALTY_INTAKE,37.3,88.959,8.620000000000001,10.91,17.23,2.366,17.23,30.0,0.01,26.808,31.0,31.99,100.0,93.093,100.0,100.0,72.564,100.0,100.0,55.0,51.35,100.0,93.273,100.0,100.0,83.281,100.0,100.0,5.544,6.886,91.803,89.52,90.0,HIGH
452,2026-06-05 17:00:00+00:00,17,4,-0.965926,-0.258819,-0.433884,-0.900969,False,False,EVENING,5.0,18.0,31.0,54.0,86.0,255.0,18.1,2.09,0.1156,8.749,3.956,68.42,8.0,92.46,100.0,5.58,0.0,6.84,16.21,100.0,100.0,7.91,5.74,8.35,2.46,62.043,90.0,100.0,100.0,True,MASS_CASUALTY_INTAKE,41.7,90.509,0.870000000000001,9.490000000000002,12.650000000000002,3.498,18.1,16.0,0.0,27.025,34.0,36.31,100.0,93.395,100.0,100.0,77.702,100.0,100.0,47.0,57.71,100.0,93.167,100.0,100.0,86.698,100.0,100.0,5.664,6.33,91.959,89.279,90.0,HIGH
453,2026-06-05 17:15:00+00:00,17,4,-0.965926,-0.258819,-0.433884,-0.900969,False,False,EVENING,13.0,18.0,38.0,65.0,97.0,266.0,27.28,2.2,0.0806,8.092,6.007,68.81,8.0,92.987,100.0,5.19,0.0,6.84,16.21,100.0,100.0,8.2,6.5,7.3,2.65,66.812,90.0,100.0,100.0,True,MASS_CASUALTY_INTAKE,67.9,95.47,9.18,10.05,20.96,5.196,27.28,19.0,0.0,29.32,36.0,41.7,100.0,93.282,100.0,100.0,77.452,100.0,100.0,42.0,60.0,100.0,93.421,100.0,100.0,90.112,100.0,100.0,5.728,4.523,92.8,89.595,89.83,CRITICAL
454,2026-06-05 17:30:00+00:00,17,4,-0.965926,-0.258819,-0.433884,-0.900969,False,False,EVENING,5.0,18.0,36.0,69.0,98.0,267.0,28.58,3.31,0.116,7.847,6.048,69.19,8.0,93.497,100.0,4.81,0.0,5.93,14.22,100.0,100.0,8.31,7.17,6.51,2.79,70.391,90.0,100.0,100.0,True,MASS_CASUALTY_INTAKE,73.4,95.905,1.2999999999999972,10.479999999999997,19.97,6.982,28.58,11.0,0.0,29.645,40.0,45.06,100.0,92.936,100.0,100.0,79.443,100.0,100.0,29.0,60.0,100.0,93.645,100.0,100.0,93.575,100.0,100.0,5.631,6.332,91.697,89.477,89.99,CRITICAL
455,2026-06-05 17:45:00+00:00,17,4,-0.965926,-0.258819,-0.433884,-0.900969,False,False,EVENING,7.0,12.0,30.0,74.0,104.0,266.0,31.99,3.47,0.1085,7.609,8.403,68.89,8.0,93.093,100.0,5.11,0.0,6.84,16.21,100.0,100.0,8.12,7.84,6.04,2.87,72.564,90.0,100.0,100.0,True,MASS_CASUALTY_INTAKE,84.7,96.011,3.41,4.709999999999997,14.759999999999998,8.972,31.99,-7.0,0.0,30.498,37.0,51.35,100.0,93.273,100.0,100.0,83.281,100.0,100.0,28.0,60.0,100.0,93.534,100.0,100.0,92.147,100.0,100.0,5.678,4.802,92.356,89.702,89.98,CRITICAL
456,2026-06-05 18:00:00+00:00,18,4,-1.0,-0.0,-0.433884,-0.900969,False,False,EVENING,8.0,15.0,33.0,79.0,112.0,272.0,36.31,3.89,0.107,7.797,6.57,69.11,8.0,93.395,100.0,4.89,0.0,6.84,16.21,100.0,100.0,8.56,8.54,4.91,3.08,77.702,90.0,100.0,100.0,True,MASS_CASUALTY_INTAKE,93.8,96.54,4.320000000000004,7.730000000000004,18.21,11.242,36.31,2.0,0.0,31.578,35.0,57.71,100.0,93.167,100.0,100.0,86.698,100.0,100.0,24.0,60.0,97.963,92.983,100.0,100.0,93.181,100.0,100.0,5.607,7.135,91.594,89.268,90.0,CRITICAL
457,2026-06-05 18:15:00+00:00,18,4,-1.0,-0.0,-0.433884,-0.900969,False,False,EVENING,9.0,17.0,29.0,86.0,114.0,276.0,41.7,4.41,0.1058,7.657,7.695,69.03,8.0,93.282,100.0,4.97,0.0,6.84,16.21,100.0,100.0,7.81,9.23,4.96,3.07,77.452,90.0,100.0,100.0,True,MASS_CASUALTY_INTAKE,109.7,96.493,5.390000000000001,9.710000000000004,14.420000000000002,13.848,41.7,-9.0,0.0,32.925,33.0,60.0,100.0,93.421,100.0,100.0,90.112,100.0,100.0,17.0,57.24,96.186,92.594,100.0,100.0,93.492,100.0,100.0,5.736,6.073,91.856,89.125,89.89,CRITICAL
458,2026-06-05 18:30:00+00:00,18,4,-1.0,-0.0,-0.433884,-0.900969,False,False,EVENING,7.0,16.0,31.0,92.0,117.0,279.0,45.06,5.07,0.1124,7.709,8.097,68.77,8.0,92.936,100.0,5.23,0.0,6.64,15.78,100.0,100.0,7.69,9.78,4.52,3.15,79.443,90.0,100.0,100.0,True,MASS_CASUALTY_INTAKE,117.7,96.596,3.3599999999999994,8.75,16.480000000000004,16.664,45.06,-5.0,0.0,33.765,20.0,60.0,100.0,93.645,100.0,100.0,93.575,100.0,100.0,21.0,56.41,94.884,91.998,100.0,100.0,95.097,100.0,100.0,5.772,4.507,91.771,89.562,89.62,CRITICAL
459,2026-06-05 18:45:00+00:00,18,4,-1.0,-0.0,-0.433884,-0.900969,False,False,EVENING,10.0,17.0,34.0,101.0,127.0,288.0,51.35,5.48,0.1066,7.87,6.715,69.02,8.0,93.273,100.0,4.98,0.0,6.84,16.21,100.0,100.0,8.1,10.23,3.68,3.3,83.281,90.0,100.0,100.0,True,MASS_CASUALTY_INTAKE,131.4,97.015,6.289999999999999,9.649999999999999,19.360000000000003,19.874,51.35,4.0,0.0,35.338,18.0,60.0,100.0,93.534,100.0,100.0,92.147,100.0,100.0,19.0,55.46,93.974,91.792,100.0,100.0,92.334,100.0,100.0,5.653,5.596,92.083,89.548,89.67,CRITICAL
460,2026-06-05 19:00:00+00:00,19,4,-0.965926,0.258819,-0.433884,-0.900969,False,False,EVENING,10.0,20.0,36.0,100.0,135.0,296.0,57.71,6.24,0.1081,7.714,7.632,68.94,8.0,93.167,100.0,5.06,0.0,6.77,16.05,100.0,100.0,8.49,10.58,2.93,3.43,86.698,90.0,100.0,100.0,True,MASS_CASUALTY_INTAKE,150.7,97.3,6.359999999999999,12.649999999999999,21.4,23.481,57.71,3.0,0.0,36.928,12.0,60.0,97.963,92.983,100.0,100.0,93.181,100.0,100.0,20.0,57.48,93.15,91.37,100.0,100.0,90.332,100.0,100.0,5.653,6.372,91.824,89.333,89.72,CRITICAL
461,2026-06-05 19:15:00+00:00,19,4,-0.965926,0.258819,-0.433884,-0.900969,False,False,EVENING,13.0,23.0,40.0,107.0,144.0,305.0,60.0,7.01,0.1169,7.763,6.797,69.13,8.0,93.421,100.0,4.87,0.0,6.84,16.21,100.0,100.0,8.96,10.87,2.18,3.57,90.112,90.0,100.0,100.0,True,MASS_CASUALTY_INTAKE,155.7,97.663,2.289999999999999,8.649999999999999,18.299999999999997,27.231,60.0,11.0,0.0,37.5,9.0,57.24,96.186,92.594,100.0,100.0,93.492,100.0,100.0,20.0,54.42,93.372,90.716,100.0,100.0,89.213,100.0,100.0,5.715,4.297,91.99,89.794,89.93,CRITICAL
462,2026-06-05 19:30:00+00:00,19,4,-0.965926,0.258819,-0.433884,-0.900969,False,False,EVENING,4.0,17.0,37.0,104.0,147.0,305.0,60.0,7.29,0.1215,7.645,6.777,69.3,8.0,93.645,100.0,4.7,0.0,5.73,13.76,100.0,100.0,9.49,11.09,1.41,3.71,93.575,90.0,100.0,100.0,True,MASS_CASUALTY_INTAKE,158.1,98.024,0.0,2.289999999999999,14.939999999999998,30.981,60.0,6.0,0.0,37.5,9.0,56.41,94.884,91.998,100.0,100.0,95.097,100.0,100.0,20.0,54.25,92.923,91.277,100.0,100.0,89.761,100.0,100.0,5.587,6.158,90.927,89.716,89.66,CRITICAL
463,2026-06-05 19:45:00+00:00,19,4,-0.965926,0.258819,-0.433884,-0.900969,False,False,EVENING,8.0,12.0,35.0,99.0,151.0,307.0,60.0,7.29,0.1215,7.54,7.666,69.22,8.0,93.534,100.0,4.78,0.0,6.84,16.21,100.0,100.0,9.0,11.27,1.73,3.65,92.147,90.0,100.0,100.0,True,MASS_CASUALTY_INTAKE,160.3,97.871,0.0,0.0,8.649999999999999,34.731,60.0,1.0,0.0,37.5,10.0,55.46,93.974,91.792,100.0,100.0,92.334,100.0,100.0,19.0,55.18,92.637,91.153,100.0,100.0,91.228,100.0,100.0,5.623,4.64,90.516,90.093,89.7,CRITICAL
464,2026-06-05 20:00:00+00:00,20,4,-0.866025,0.5,-0.433884,-0.900969,False,False,EVENING,8.0,16.0,33.0,102.0,156.0,311.0,60.0,5.4,0.09,4.456,6.74,68.81,7.84,92.983,97.963,5.19,0.16,6.51,15.47,100.0,100.0,9.08,11.42,1.5,3.69,93.181,90.0,100.0,100.0,False,,214.9,97.435,0.0,0.0,2.289999999999999,38.14,60.0,-3.0,0.0,37.5,12.0,57.48,93.15,91.37,100.0,100.0,90.332,100.0,100.0,16.0,53.08,92.273,90.588,100.0,100.0,92.208,100.0,100.0,5.525,5.81,90.304,90.019,89.59,CRITICAL
465,2026-06-05 20:15:00+00:00,20,4,-0.866025,0.5,-0.433884,-0.900969,False,False,EVENING,0.0,8.0,20.0,89.0,154.0,306.0,57.24,5.4,0.0943,4.635,6.355,68.52,7.69,92.594,96.186,5.48,0.31,6.21,14.83,100.0,100.0,9.03,11.54,1.43,3.7,93.492,89.83,100.0,100.0,False,,197.1,97.022,-2.759999999999998,-2.759999999999998,-2.759999999999998,41.323,60.0,-20.0,-0.17,36.768,8.0,54.42,93.372,90.716,100.0,100.0,89.213,100.0,100.0,17.0,53.88,92.09,90.154,100.0,100.0,90.537,100.0,100.0,5.548,6.356,90.361,89.74,89.48,CRITICAL
466,2026-06-05 20:30:00+00:00,20,4,-0.866025,0.5,-0.433884,-0.900969,False,False,EVENING,2.0,2.0,18.0,86.0,155.0,301.0,56.41,5.15,0.0913,4.765,6.946,68.08,7.59,91.998,94.884,5.92,0.41,6.84,16.21,100.0,100.0,9.29,11.63,1.08,3.77,95.097,89.99,100.0,100.0,False,,188.9,96.775,-0.8300000000000054,-3.5900000000000034,-3.5900000000000034,44.31,60.0,-19.0,-0.01,36.6,12.0,54.25,92.923,91.277,100.0,100.0,89.761,100.0,100.0,14.0,50.62,92.025,89.949,100.0,100.0,91.112,100.0,100.0,5.624,5.548,91.402,89.653,89.53,CRITICAL
467,2026-06-05 20:45:00+00:00,20,4,-0.866025,0.5,-0.433884,-0.900969,False,False,EVENING,2.0,4.0,12.0,81.0,155.0,301.0,55.46,5.08,0.0915,4.945,5.845,67.93,7.52,91.792,93.974,6.07,0.48,6.84,16.21,100.0,100.0,8.61,11.7,1.69,3.66,92.334,90.0,100.0,100.0,False,,179.0,96.299,-0.9499999999999957,-1.7800000000000011,-4.539999999999999,46.699,60.0,-23.0,0.0,36.365,9.0,55.18,92.637,91.153,100.0,100.0,91.228,100.0,100.0,14.0,50.32,91.803,89.52,100.0,100.0,92.103,100.0,100.0,5.633,5.589,91.799,89.626,89.26,CRITICAL
468,2026-06-05 21:00:00+00:00,21,4,-0.707107,0.707107,-0.433884,-0.900969,False,False,EVENING,5.0,7.0,9.0,78.0,157.0,302.0,57.48,4.99,0.0868,5.014,6.527,67.61,7.45,91.37,93.15,6.39,0.55,6.37,15.17,100.0,100.0,8.11,11.76,2.13,3.58,90.332,90.0,100.0,100.0,False,,183.0,95.861,2.019999999999996,1.0700000000000003,-2.520000000000003,49.161,60.0,-24.0,0.0,36.87,8.0,53.08,92.273,90.588,100.0,100.0,92.208,100.0,100.0,13.0,51.94,91.959,89.279,100.0,100.0,88.543,100.0,100.0,5.636,5.819,92.287,89.511,89.15,CRITICAL
469,2026-06-05 21:15:00+00:00,21,4,-0.707107,0.707107,-0.433884,-0.900969,False,False,EVENING,0.0,5.0,9.0,69.0,155.0,299.0,54.42,5.17,0.0951,5.14,7.005,67.13,7.47,90.716,93.372,6.87,0.53,6.84,16.21,100.0,100.0,7.82,11.81,2.37,3.53,89.213,89.83,100.0,100.0,False,,169.0,95.661,-3.059999999999995,-1.0399999999999991,-2.8200000000000003,50.857,60.0,-11.0,0.0,36.062,12.0,53.88,92.09,90.154,100.0,100.0,90.537,100.0,100.0,10.0,48.54,92.8,89.595,100.0,100.0,90.234,100.0,100.0,5.66,5.073,91.233,89.823,88.88,CRITICAL
470,2026-06-05 21:30:00+00:00,21,4,-0.707107,0.707107,-0.433884,-0.900969,False,False,EVENING,3.0,3.0,10.0,65.0,157.0,300.0,54.25,4.9,0.0903,5.316,3.8,67.54,7.43,91.277,92.923,6.46,0.57,6.84,16.21,100.0,100.0,7.9,11.85,2.25,3.55,89.761,90.0,100.0,100.0,False,,162.9,95.744,-0.1700000000000017,-3.229999999999997,-2.1599999999999966,52.461,60.0,-8.0,0.01,36.062,8.0,50.62,92.025,89.949,100.0,100.0,91.112,100.0,100.0,13.0,47.18,91.697,89.477,100.0,100.0,88.032,100.0,100.0,5.589,4.527,90.713,90.238,88.93,CRITICAL
471,2026-06-05 21:45:00+00:00,21,4,-0.707107,0.707107,-0.433884,-0.900969,False,False,EVENING,4.0,7.0,12.0,59.0,160.0,301.0,55.18,4.88,0.0885,5.169,5.627,67.45,7.41,91.153,92.637,6.55,0.59,6.14,14.67,100.0,100.0,8.19,11.88,1.93,3.61,91.228,90.0,100.0,100.0,False,,170.4,95.792,0.9299999999999997,0.759999999999998,-0.28000000000000114,53.911,60.0,0.0,0.0,36.295,10.0,50.32,91.803,89.52,100.0,100.0,92.103,100.0,100.0,11.0,44.8,92.356,89.702,100.0,100.0,87.442,100.0,100.0,5.483,6.243,90.141,90.043,88.66,CRITICAL
472,2026-06-05 22:00:00+00:00,22,4,-0.5,0.866025,-0.433884,-0.900969,False,False,NIGHT,1.0,5.0,8.0,50.0,150.0,301.0,53.08,4.97,0.0936,5.207,6.995,67.04,7.38,90.588,92.273,6.96,0.62,4.18,12.52,100.0,100.0,8.38,11.9,1.71,3.65,92.208,89.99,100.0,100.0,False,,162.7,95.683,-2.1000000000000014,-1.1700000000000017,-4.399999999999999,54.959,60.0,-1.0,-0.01,35.768,8.0,51.94,91.959,89.279,100.0,100.0,88.543,100.0,100.0,12.0,43.47,91.594,89.268,100.0,100.0,86.636,100.0,100.0,5.544,5.237,90.46,90.112,88.87,CRITICAL
473,2026-06-05 22:15:00+00:00,22,4,-0.5,0.866025,-0.433884,-0.900969,False,False,NIGHT,4.0,5.0,12.0,41.0,148.0,305.0,53.88,4.78,0.0887,5.366,6.709,66.71,7.37,90.154,92.09,7.29,0.63,4.18,12.52,100.0,100.0,8.0,11.92,2.08,3.59,90.537,90.0,100.0,100.0,False,,160.3,95.4,0.8000000000000043,-1.2999999999999972,-0.5399999999999991,55.72,60.0,3.0,0.17,35.97,5.0,48.54,92.8,89.595,100.0,100.0,90.234,100.0,100.0,11.0,41.05,91.856,89.125,100.0,100.0,85.926,100.0,100.0,5.521,5.948,90.493,89.964,88.92,CRITICAL
474,2026-06-05 22:30:00+00:00,22,4,-0.5,0.866025,-0.433884,-0.900969,False,False,NIGHT,0.0,4.0,9.0,37.0,141.0,301.0,50.62,4.85,0.0958,5.487,6.114,66.56,7.36,89.949,92.025,7.44,0.64,3.37,10.73,100.0,100.0,8.11,11.94,1.96,3.61,91.112,89.83,100.0,100.0,False,,147.2,95.394,-3.260000000000005,-2.460000000000001,-3.6300000000000026,56.068,60.0,-1.0,-0.17,35.112,6.0,47.18,91.697,89.477,100.0,100.0,88.032,100.0,100.0,11.0,37.62,91.771,89.562,100.0,100.0,84.322,100.0,100.0,5.561,6.091,90.748,89.757,88.65,CRITICAL
475,2026-06-05 22:45:00+00:00,22,4,-0.5,0.866025,-0.433884,-0.900969,False,False,NIGHT,3.0,3.0,8.0,32.0,131.0,303.0,50.32,4.56,0.0905,5.544,6.886,66.24,7.34,89.52,91.803,7.76,0.66,4.18,12.52,100.0,100.0,8.31,11.95,1.74,3.65,92.103,90.0,100.0,100.0,False,,144.8,95.344,-0.29999999999999716,-3.5600000000000023,-4.859999999999999,56.003,60.0,-4.0,0.0,35.08,4.0,44.8,92.356,89.702,100.0,100.0,87.442,100.0,100.0,13.0,36.25,92.083,89.548,100.0,100.0,82.309,100.0,100.0,5.614,6.165,90.447,89.604,88.37,CRITICAL
476,2026-06-05 23:00:00+00:00,23,4,-0.258819,0.965926,-0.433884,-0.900969,False,False,NIGHT,5.0,8.0,12.0,29.0,131.0,308.0,51.94,4.53,0.0872,5.664,6.33,66.07,7.36,89.279,91.959,7.93,0.64,4.18,12.52,100.0,100.0,7.52,11.96,2.52,3.51,88.543,90.0,100.0,100.0,False,,146.4,95.002,1.6199999999999974,1.3200000000000003,-1.1400000000000006,55.642,60.0,4.0,0.01,35.485,5.0,43.47,91.594,89.268,100.0,100.0,86.636,100.0,100.0,11.0,34.89,91.824,89.333,100.0,100.0,83.412,100.0,100.0,5.66,5.56,90.566,89.625,88.42,CRITICAL
477,2026-06-05 23:15:00+00:00,23,4,-0.258819,0.965926,-0.433884,-0.900969,False,False,NIGHT,0.0,5.0,8.0,29.0,118.0,307.0,48.54,4.68,0.0963,5.728,4.523,66.3,7.42,89.595,92.8,7.7,0.58,4.18,12.52,100.0,100.0,7.88,11.97,2.15,3.57,90.234,89.83,100.0,100.0,False,,135.2,95.392,-3.3999999999999986,-1.7800000000000011,-5.340000000000003,54.926,60.0,-4.0,-0.17,34.592,5.0,41.05,91.856,89.125,100.0,100.0,85.926,100.0,100.0,10.0,34.48,91.99,89.794,100.0,100.0,84.016,100.0,100.0,2.687,6.191,91.086,88.384,88.31,CRITICAL
478,2026-06-05 23:30:00+00:00,23,4,-0.258819,0.965926,-0.433884,-0.900969,False,False,NIGHT,2.0,2.0,10.0,29.0,115.0,307.0,47.18,4.37,0.0926,5.631,6.332,66.21,7.34,89.477,91.697,7.79,0.66,4.18,12.52,100.0,100.0,7.39,11.97,2.63,3.49,88.032,89.99,100.0,100.0,False,,133.7,94.947,-1.3599999999999994,-4.759999999999998,-3.4399999999999977,54.125,60.0,1.0,0.16,34.292,7.0,37.62,91.771,89.562,100.0,100.0,84.322,100.0,100.0,7.0,31.16,90.927,89.716,100.0,100.0,82.172,100.0,100.0,3.36,4.641,90.252,88.042,88.36,HIGH
479,2026-06-05 23:45:00+00:00,23,4,-0.258819,0.965926,-0.433884,-0.900969,False,False,NIGHT,1.0,3.0,8.0,28.0,109.0,305.0,44.8,4.25,0.0948,5.678,4.802,66.38,7.39,89.702,92.356,7.62,0.61,3.68,11.41,100.0,100.0,7.26,11.98,2.76,3.46,87.442,89.98,100.0,100.0,False,,125.9,95.075,-2.3800000000000026,-3.740000000000002,-5.520000000000003,53.175,60.0,0.0,-0.02,33.695,7.0,36.25,92.083,89.548,100.0,100.0,82.309,100.0,100.0,9.0,29.81,90.516,90.093,100.0,100.0,80.986,100.0,100.0,0.0,4.275,87.265,86.921,88.09,CRITICAL
480,2026-06-06 00:00:00+00:00,0,5,0.0,1.0,-0.974928,-0.222521,True,False,NIGHT,2.0,3.0,5.0,25.0,103.0,306.0,43.47,4.03,0.0928,5.607,7.135,66.06,7.33,89.268,91.594,7.94,0.67,2.78,9.44,100.0,100.0,7.11,11.95,2.94,3.43,86.636,90.0,100.0,100.0,False,,123.7,94.755,-1.3299999999999983,-3.710000000000001,-8.469999999999999,52.142,57.48,-7.0,0.0,33.368,7.0,34.89,91.824,89.333,100.0,100.0,83.412,100.0,100.0,7.0,27.52,90.304,90.019,100.0,100.0,77.824,100.0,100.0,6.436,3.956,89.701,87.495,88.46,HIGH
481,2026-06-06 00:15:00+00:00,0,5,0.0,1.0,-0.974928,-0.222521,True,False,NIGHT,1.0,3.0,6.0,26.0,95.0,306.0,41.05,3.91,0.0953,5.736,6.073,65.95,7.35,89.125,91.856,8.05,0.65,2.21,8.19,100.0,100.0,7.05,11.85,3.1,3.4,85.926,89.89,100.0,100.0,False,,114.2,94.712,-2.4200000000000017,-3.75,-7.490000000000002,51.13,57.48,-2.0,0.06,32.735,6.0,34.48,91.99,89.794,100.0,100.0,84.016,100.0,100.0,9.0,25.22,90.361,89.74,100.0,100.0,77.585,100.0,100.0,5.324,4.672,90.582,87.62,88.67,HIGH
482,2026-06-06 00:30:00+00:00,0,5,0.0,1.0,-0.974928,-0.222521,True,False,NIGHT,0.0,1.0,4.0,23.0,88.0,304.0,37.62,3.69,0.0982,5.772,4.507,66.28,7.34,89.562,91.771,7.72,0.66,2.51,8.85,100.0,100.0,6.91,11.64,3.45,3.34,84.322,89.62,100.0,100.0,False,,104.0,94.647,-3.4299999999999997,-5.850000000000001,-9.560000000000002,49.956,57.48,-6.0,-0.37,31.81,4.0,31.16,90.927,89.716,100.0,100.0,82.172,100.0,100.0,10.0,23.87,91.402,89.653,100.0,100.0,76.719,100.0,100.0,1.68,3.251,87.085,87.468,88.56,HIGH
483,2026-06-06 00:45:00+00:00,0,5,0.0,1.0,-0.974928,-0.222521,True,False,NIGHT,2.0,2.0,5.0,21.0,80.0,305.0,36.25,3.39,0.0934,5.653,5.596,66.27,7.37,89.548,92.083,7.73,0.63,4.18,12.52,100.0,100.0,6.68,11.43,3.89,3.26,82.309,89.67,100.0,100.0,False,,102.3,94.525,-1.3699999999999974,-4.799999999999997,-8.549999999999997,48.755,57.48,-3.0,-0.31,31.48,6.0,29.81,90.516,90.093,100.0,100.0,80.986,100.0,100.0,8.0,20.52,91.799,89.626,100.0,100.0,74.548,100.0,100.0,0.0,4.783,84.48,86.133,88.29,HIGH
484,2026-06-06 01:00:00+00:00,1,5,0.258819,0.965926,-0.974928,-0.222521,True,False,NIGHT,2.0,4.0,5.0,22.0,72.0,306.0,34.89,3.26,0.0935,5.653,6.372,66.11,7.35,89.333,91.824,7.89,0.65,4.18,12.52,100.0,100.0,7.14,11.21,3.65,3.3,83.412,89.72,100.0,100.0,False,,98.5,94.525,-1.3599999999999994,-2.729999999999997,-8.579999999999998,47.343,55.18,0.0,-0.28,31.152,4.0,27.52,90.304,90.019,100.0,100.0,77.824,100.0,100.0,8.0,18.17,92.287,89.511,100.0,100.0,72.628,100.0,100.0,1.68,5.094,83.522,85.084,88.18,HIGH
485,2026-06-06 01:15:00+00:00,1,5,0.258819,0.965926,-0.974928,-0.222521,True,False,NIGHT,3.0,5.0,7.0,21.0,62.0,308.0,34.48,3.14,0.091,5.715,4.297,66.45,7.36,89.794,91.99,7.55,0.64,3.66,11.37,100.0,100.0,7.47,11.02,3.52,3.33,84.016,89.93,100.0,100.0,False,,96.3,94.714,-0.4100000000000037,-1.7700000000000031,-6.57,46.097,55.18,1.0,0.04,31.102,4.0,25.22,90.361,89.74,100.0,100.0,77.585,100.0,100.0,9.0,14.8,91.233,89.823,100.0,100.0,68.565,100.0,100.0,1.68,2.785,82.939,84.773,88.07,HIGH
486,2026-06-06 01:30:00+00:00,1,5,0.258819,0.965926,-0.974928,-0.222521,True,False,NIGHT,0.0,3.0,7.0,21.0,58.0,306.0,31.16,3.1,0.0996,5.587,6.158,66.39,7.27,89.716,90.927,7.61,0.73,4.18,12.52,100.0,100.0,7.34,10.74,3.92,3.25,82.172,89.66,100.0,100.0,False,,89.0,94.318,-3.3199999999999967,-3.7300000000000004,-6.459999999999997,44.654,55.18,3.0,0.04,30.205,3.0,23.87,91.402,89.653,100.0,100.0,76.719,100.0,100.0,10.0,13.47,90.713,90.238,100.0,100.0,67.929,100.0,100.0,5.04,3.374,84.331,85.186,88.28,HIGH
487,2026-06-06 01:45:00+00:00,1,5,0.258819,0.965926,-0.974928,-0.222521,True,False,NIGHT,2.0,2.0,7.0,20.0,52.0,308.0,29.81,2.8,0.0941,5.623,4.64,66.67,7.24,90.093,90.516,7.33,0.76,2.39,8.59,100.0,100.0,7.36,10.46,4.18,3.21,80.986,89.7,100.0,100.0,False,,84.6,94.212,-1.3500000000000014,-4.669999999999998,-6.440000000000001,43.068,53.88,2.0,0.03,29.878,3.0,20.52,91.799,89.626,100.0,100.0,74.548,100.0,100.0,10.0,10.21,90.141,90.043,100.0,100.0,64.752,100.0,97.29,6.95,4.665,86.398,85.734,88.8,HIGH
488,2026-06-06 02:00:00+00:00,2,5,0.5,0.866025,-0.974928,-0.222521,True,False,NIGHT,1.0,3.0,6.0,16.0,45.0,307.0,27.52,2.68,0.0975,5.525,5.81,66.61,7.22,90.019,90.304,7.39,0.78,4.18,12.52,100.0,100.0,6.97,10.15,4.88,3.08,77.824,89.59,100.0,100.0,False,,79.5,93.869,-2.289999999999999,-3.6400000000000006,-7.370000000000001,41.471,53.88,1.0,-0.13,29.278,3.0,18.17,92.287,89.511,100.0,100.0,72.628,100.0,100.0,10.0,9.91,90.46,90.112,100.0,100.0,63.991,100.0,95.618,6.49,2.765,86.987,86.929,89.01,HIGH
489,2026-06-06 02:15:00+00:00,2,5,0.5,0.866025,-0.974928,-0.222521,True,False,NIGHT,1.0,2.0,4.0,17.0,46.0,308.0,25.22,2.48,0.0982,5.548,6.356,66.41,7.23,89.74,90.361,7.59,0.77,2.2,8.16,100.0,100.0,7.24,9.82,4.93,3.07,77.585,89.48,100.0,100.0,False,,72.6,93.798,-2.3000000000000007,-4.59,-9.259999999999998,39.679,51.94,-3.0,-0.45,28.675,5.0,14.8,91.233,89.823,100.0,100.0,68.565,100.0,100.0,11.0,8.62,90.493,89.964,100.0,100.0,62.694,100.0,87.915,6.438,3.869,88.133,87.673,89.38,HIGH
490,2026-06-06 02:30:00+00:00,2,5,0.5,0.866025,-0.974928,-0.222521,True,False,NIGHT,2.0,3.0,6.0,17.0,46.0,310.0,23.87,2.27,0.0951,5.624,5.548,66.34,7.31,89.653,91.402,7.66,0.69,3.6,11.23,100.0,100.0,7.35,9.52,5.12,3.04,76.719,89.53,100.0,100.0,False,,67.8,93.186,-1.3499999999999979,-3.6499999999999986,-7.289999999999999,38.008,51.94,-1.0,-0.13,28.35,7.0,13.47,90.713,90.238,100.0,100.0,67.929,100.0,100.0,12.0,5.31,90.748,89.757,100.0,100.0,59.348,100.0,68.157,6.219,5.793,88.681,87.758,89.75,HIGH
491,2026-06-06 02:45:00+00:00,2,5,0.5,0.866025,-0.974928,-0.222521,True,False,NIGHT,0.0,2.0,4.0,16.0,44.0,308.0,20.52,2.15,0.1047,5.633,5.589,66.32,7.34,89.626,91.799,7.68,0.66,4.18,12.52,100.0,100.0,7.24,9.17,5.6,2.95,74.548,89.26,100.0,100.0,False,,58.1,90.92,-3.3500000000000014,-4.699999999999999,-9.29,36.145,51.94,-3.0,-0.44,27.445,5.0,10.21,90.141,90.043,100.0,100.0,64.752,100.0,97.29,13.0,1.97,90.447,89.604,100.0,100.0,57.846,100.0,47.988,6.188,3.694,89.238,88.54,90.0,HIGH
492,2026-06-06 03:00:00+00:00,3,5,0.707107,0.707107,-0.974928,-0.222521,True,False,NIGHT,1.0,1.0,4.0,15.0,40.0,309.0,18.17,1.85,0.1017,5.636,5.819,66.24,7.38,89.511,92.287,7.76,0.62,4.18,12.52,100.0,100.0,7.18,8.8,6.02,2.88,72.628,89.15,100.0,100.0,False,,51.4,89.315,-2.349999999999998,-5.699999999999999,-9.349999999999998,34.034,48.54,-2.0,-0.44,26.83,5.0,9.91,90.46,90.112,100.0,100.0,63.991,100.0,95.618,13.0,0.6,90.566,89.625,100.0,100.0,56.9,100.0,39.821,5.967,4.767,90.089,88.854,90.0,HIGH
493,2026-06-06 03:15:00+00:00,3,5,0.707107,0.707107,-0.974928,-0.222521,True,False,NIGHT,0.0,1.0,3.0,14.0,40.0,309.0,14.8,1.63,0.1105,5.66,5.073,66.47,7.3,89.823,91.233,7.53,0.7,2.62,9.08,100.0,100.0,6.71,8.37,6.92,2.72,68.565,88.88,100.0,100.0,False,,41.7,86.651,-3.370000000000001,-5.719999999999999,-10.419999999999998,31.926,47.18,-1.0,-0.6,25.92,4.0,8.62,90.493,89.964,100.0,100.0,62.694,100.0,87.915,12.0,0.0,91.086,88.384,100.0,100.0,57.491,100.0,36.434,5.87,6.119,89.993,88.78,90.0,HIGH
494,2026-06-06 03:30:00+00:00,3,5,0.707107,0.707107,-0.974928,-0.222521,True,False,NIGHT,2.0,2.0,3.0,16.0,39.0,309.0,13.47,1.33,0.0989,5.589,4.527,66.78,7.26,90.238,90.713,7.22,0.74,4.18,12.52,100.0,100.0,6.96,7.98,7.06,2.69,67.929,88.93,100.0,100.0,False,,38.5,85.729,-1.33,-4.700000000000001,-10.4,29.819,44.8,-3.0,-0.6,25.6,3.0,5.31,90.748,89.757,100.0,100.0,59.348,100.0,68.157,12.0,0.0,90.252,88.042,100.0,100.0,55.327,100.0,36.101,5.891,5.225,89.324,89.077,90.0,HIGH
495,2026-06-06 03:45:00+00:00,3,5,0.707107,0.707107,-0.974928,-0.222521,True,False,NIGHT,0.0,2.0,3.0,14.0,35.0,308.0,10.21,1.21,0.1188,5.483,6.243,66.63,7.21,90.043,90.141,7.37,0.79,4.18,12.52,100.0,100.0,6.7,7.55,7.75,2.56,64.752,88.66,100.0,97.29,False,,29.7,83.2,-3.26,-4.59,-10.309999999999999,27.657,43.47,-1.0,-0.6,24.718,5.0,1.97,90.447,89.604,100.0,100.0,57.846,100.0,47.988,13.0,0.0,87.265,86.921,100.0,100.0,52.826,100.0,34.906,5.819,5.483,89.697,89.15,90.0,MODERATE
496,2026-06-06 04:00:00+00:00,4,5,0.866025,0.5,-0.974928,-0.222521,True,False,NIGHT,3.0,3.0,5.0,15.0,37.0,310.0,9.91,0.92,0.0927,5.544,5.237,66.68,7.24,90.112,90.46,7.32,0.76,4.18,12.52,100.0,100.0,6.89,7.19,7.92,2.53,63.991,88.87,100.0,95.618,False,,28.5,83.018,-0.3000000000000007,-3.5600000000000005,-8.260000000000002,25.559,41.05,1.0,-0.28,24.695,5.0,0.6,90.566,89.625,100.0,100.0,56.9,100.0,39.821,18.0,0.17,89.701,87.495,98.865,88.198,51.281,100.0,36.893,5.794,5.346,89.855,89.284,90.0,MODERATE
497,2026-06-06 04:15:00+00:00,4,5,0.866025,0.5,-0.974928,-0.222521,True,False,NIGHT,2.0,5.0,7.0,14.0,35.0,311.0,8.62,0.89,0.1034,5.521,5.948,66.57,7.24,89.964,90.493,7.43,0.76,2.69,9.23,100.0,100.0,6.93,6.86,8.21,2.48,62.694,88.92,100.0,87.915,False,,24.9,82.05,-1.290000000000001,-1.5900000000000016,-6.1800000000000015,23.532,37.62,4.0,0.04,24.385,7.0,0.0,91.086,88.384,100.0,100.0,57.491,100.0,36.434,17.0,0.0,90.582,87.62,85.528,77.25,48.948,100.0,36.233,5.755,6.297,90.751,89.004,90.0,MODERATE
498,2026-06-06 04:30:00+00:00,4,5,0.866025,0.5,-0.974928,-0.222521,True,False,NIGHT,0.0,2.0,5.0,14.0,35.0,311.0,5.31,0.78,0.1461,5.561,6.091,66.42,7.26,89.757,90.748,7.58,0.74,3.33,10.66,100.0,100.0,6.58,6.48,8.94,2.35,59.348,88.65,100.0,68.157,False,,15.2,79.636,-3.3099999999999996,-4.6000000000000005,-8.16,21.513,36.25,2.0,-0.28,23.49,9.0,0.0,90.252,88.042,100.0,100.0,55.327,100.0,36.101,18.0,0.0,87.085,87.468,90.35,81.228,50.025,100.0,34.834,5.82,5.759,89.853,89.122,90.0,MODERATE
499,2026-06-06 04:45:00+00:00,4,5,0.866025,0.5,-0.974928,-0.222521,True,False,NIGHT,0.0,0.0,5.0,12.0,32.0,311.0,1.97,0.48,0.2428,5.614,6.165,66.31,7.24,89.604,90.447,7.69,0.76,2.2,8.16,100.0,100.0,6.68,6.05,9.27,2.29,57.846,88.37,100.0,47.988,False,,5.6,77.269,-3.34,-6.6499999999999995,-8.24,19.371,34.89,2.0,-0.29,22.585,8.0,0.0,87.265,86.921,100.0,100.0,52.826,100.0,34.906,21.0,0.0,84.48,86.133,94.561,84.568,47.817,100.0,33.792,5.8,5.394,89.898,89.254,90.0,MODERATE
500,2026-06-06 05:00:00+00:00,5,5,0.965926,0.258819,-0.974928,-0.222521,True,False,NIGHT,2.0,2.0,4.0,13.0,29.0,312.0,0.6,0.18,0.1771,5.66,5.56,66.32,7.25,89.625,90.566,7.68,0.75,4.02,12.16,100.0,100.0,6.86,5.66,9.48,2.25,56.9,88.42,100.0,39.821,False,,1.7,76.336,-1.37,-4.71,-9.31,17.228,34.48,-1.0,-0.45,22.255,8.0,0.17,89.701,87.495,98.865,88.198,51.281,100.0,36.893,25.0,0.0,83.522,85.084,99.952,88.837,47.692,100.0,33.409,5.763,3.849,89.952,89.895,89.89,MODERATE
501,2026-06-06 05:15:00+00:00,5,5,0.965926,0.258819,-0.974928,-0.222521,True,False,NIGHT,1.0,3.0,3.0,13.0,30.0,312.0,0.0,0.05,0.0539,2.687,6.191,65.4,7.29,88.384,91.086,8.6,0.71,2.94,9.8,100.0,100.0,7.32,5.33,9.35,2.28,57.491,88.31,100.0,36.434,False,,0.0,75.836,-0.6,-1.97,-8.62,15.072,31.16,-4.0,-0.61,22.078,5.0,0.0,90.582,87.62,85.528,77.25,48.948,100.0,36.233,27.0,0.0,82.939,84.773,82.749,74.74,46.294,100.0,33.176,5.587,6.532,91.582,89.399,90.0,MODERATE
502,2026-06-06 05:30:00+00:00,5,5,0.965926,0.258819,-0.974928,-0.222521,True,False,NIGHT,2.0,3.0,5.0,13.0,30.0,312.0,0.0,0.0,0.0,3.36,4.641,65.15,7.22,88.042,90.252,8.85,0.78,4.18,12.52,100.0,100.0,7.12,5.06,9.83,2.19,55.327,88.36,100.0,36.101,False,,0.0,75.399,0.0,-0.6,-5.31,13.125,29.81,0.0,-0.29,22.09,3.0,0.0,87.085,87.468,90.35,81.228,50.025,100.0,34.834,32.0,0.0,84.331,85.186,83.152,75.103,45.624,100.0,33.732,5.7,5.168,91.831,89.552,90.0,MODERATE
503,2026-06-06 05:45:00+00:00,5,5,0.965926,0.258819,-0.974928,-0.222521,True,False,NIGHT,0.0,2.0,5.0,13.0,29.0,310.0,0.0,0.0,0.0,0.0,4.275,64.32,6.98,86.921,87.265,9.68,1.02,4.18,12.52,100.0,100.0,6.81,4.81,10.38,2.09,52.826,88.09,100.0,34.906,False,,0.0,74.33,0.0,0.0,-1.97,11.262,27.52,0.0,-0.28,22.022,5.0,0.0,84.48,86.133,94.561,84.568,47.817,100.0,33.792,34.0,0.86,86.398,85.734,84.2,76.05,47.592,100.0,39.737,5.655,6.036,92.872,89.311,90.0,MODERATE
504,2026-06-06 06:00:00+00:00,6,5,1.0,0.0,-0.974928,-0.222521,True,False,MORNING,4.0,4.0,7.0,16.0,31.0,312.0,0.17,0.0,0.0,6.436,3.956,64.75,7.18,87.495,89.701,9.25,0.82,6.9,16.7,98.865,88.198,6.64,4.65,10.72,2.03,51.281,88.46,100.0,36.893,False,,0.4,73.361,0.17,0.17,-0.42999999999999994,9.552,25.22,3.0,0.04,22.158,10.0,0.0,83.522,85.084,99.952,88.837,47.692,100.0,33.409,36.0,0.0,86.987,86.929,100.0,91.208,47.729,100.0,34.795,5.707,4.766,92.932,89.623,89.73,MODERATE
505,2026-06-06 06:15:00+00:00,6,5,1.0,0.0,-0.974928,-0.222521,True,False,MORNING,3.0,7.0,9.0,19.0,33.0,314.0,0.0,0.02,0.0152,5.324,4.672,64.84,7.25,87.62,90.582,9.16,0.75,7.98,19.08,85.528,77.25,6.26,4.51,11.23,1.94,48.948,88.67,100.0,36.233,False,,0.0,70.331,-0.17,0.0,0.0,7.976,23.87,6.0,0.36,22.168,12.0,0.0,82.939,84.773,82.749,74.74,46.294,100.0,33.176,38.0,0.17,88.133,87.673,85.679,77.386,48.198,100.0,36.261,5.621,5.585,93.545,89.569,89.78,MODERATE
506,2026-06-06 06:30:00+00:00,6,5,1.0,0.0,-0.974928,-0.222521,True,False,MORNING,1.0,4.0,8.0,18.0,34.0,314.0,0.0,0.0,0.0,1.68,3.251,64.73,6.97,87.468,87.085,9.27,1.03,7.54,18.11,90.35,81.228,6.63,4.38,10.99,1.98,50.025,88.56,100.0,34.834,False,,0.0,70.752,0.0,-0.17,0.0,6.484,20.52,3.0,0.2,22.14,15.0,0.0,84.331,85.186,83.152,75.103,45.624,100.0,33.732,38.0,0.47,88.681,87.758,88.122,79.431,47.852,100.0,38.27,5.628,4.489,92.775,90.037,89.83,MODERATE
507,2026-06-06 06:45:00+00:00,6,5,1.0,0.0,-0.974928,-0.222521,True,False,MORNING,0.0,1.0,8.0,18.0,32.0,308.0,0.0,0.0,0.0,0.0,4.783,63.74,6.76,86.133,84.48,10.26,1.24,7.1,17.13,94.561,84.568,6.27,4.25,11.48,1.89,47.817,88.29,100.0,33.792,False,,0.0,70.644,0.0,0.0,0.0,5.202,18.17,3.0,0.2,22.072,16.0,0.86,86.398,85.734,84.2,76.05,47.592,100.0,39.737,38.0,0.78,89.238,88.54,86.891,78.48,48.006,100.0,40.39,5.51,6.67,92.875,89.634,90.0,MODERATE
508,2026-06-06 07:00:00+00:00,7,5,0.965926,-0.258819,-0.974928,-0.222521,True,False,MORNING,1.0,1.0,5.0,16.0,31.0,306.0,0.0,0.0,0.0,1.68,5.094,62.96,6.68,85.084,83.522,11.04,1.32,6.63,16.11,99.952,88.837,6.36,4.13,11.51,1.89,47.692,88.18,100.0,33.409,False,,0.0,71.37,0.0,0.0,-0.17,4.066,14.8,-2.0,-0.28,22.045,15.0,0.0,86.987,86.929,100.0,91.208,47.729,100.0,34.795,37.0,0.23,90.089,88.854,86.869,78.461,47.563,100.0,37.42,5.619,6.018,92.62,89.527,90.0,MODERATE
509,2026-06-06 07:15:00+00:00,7,5,0.965926,-0.258819,-0.974928,-0.222521,True,False,MORNING,1.0,2.0,3.0,15.0,29.0,304.0,0.0,0.0,0.0,1.68,2.785,62.73,6.64,84.773,82.939,11.27,1.36,7.98,19.08,82.749,74.74,6.15,4.03,11.82,1.83,46.294,88.07,100.0,33.176,False,,0.0,67.303,0.0,0.0,0.0,3.141,13.47,-6.0,-0.6,22.018,15.0,0.17,88.133,87.673,85.679,77.386,48.198,100.0,36.261,35.0,2.74,89.993,88.78,92.65,83.354,47.661,100.0,52.418,5.652,5.835,93.723,89.346,90.0,NORMAL
510,2026-06-06 07:30:00+00:00,7,5,0.965926,-0.258819,-0.974928,-0.222521,True,False,MORNING,3.0,4.0,5.0,18.0,32.0,306.0,0.0,0.0,0.0,5.04,3.374,63.04,6.75,85.186,84.331,10.96,1.25,7.98,19.08,83.152,75.103,6.07,3.97,11.96,1.81,45.624,88.28,100.0,33.732,False,,0.0,67.704,0.0,0.0,0.0,2.299,10.21,-3.0,-0.28,22.07,17.0,0.47,88.681,87.758,88.122,79.431,47.852,100.0,38.27,37.0,4.23,89.324,89.077,97.485,87.424,47.929,100.0,61.111,5.686,5.837,93.902,89.275,90.0,NORMAL
511,2026-06-06 07:45:00+00:00,7,5,0.965926,-0.258819,-0.974928,-0.222521,True,False,MORNING,5.0,8.0,10.0,23.0,35.0,308.0,0.86,0.0,0.0,6.95,4.665,63.44,6.91,85.734,86.398,10.56,1.09,7.98,19.08,84.2,76.05,6.5,3.97,11.53,1.88,47.592,88.8,100.0,39.737,False,,2.0,69.205,0.86,0.86,0.86,1.715,9.91,2.0,0.51,22.415,18.0,0.78,89.238,88.54,86.891,78.48,48.006,100.0,40.39,39.0,7.77,89.697,89.15,100.0,93.16,49.697,100.0,82.478,5.703,5.035,93.497,89.545,90.0,NORMAL
512,2026-06-06 08:00:00+00:00,8,5,0.866025,-0.5,-0.974928,-0.222521,True,False,MORNING,3.0,8.0,12.0,24.0,37.0,308.0,0.0,0.08,0.0777,6.49,2.765,64.33,6.96,86.929,86.987,9.67,1.04,6.6,16.03,100.0,91.208,6.56,3.94,11.5,1.89,47.729,89.01,100.0,34.795,False,,0.0,72.762,-0.86,0.0,0.0,1.096,8.62,7.0,0.83,22.252,21.0,0.23,90.089,88.854,86.869,78.461,47.563,100.0,37.42,36.0,9.32,89.855,89.284,92.684,83.712,51.522,100.0,91.848,5.635,5.983,93.244,89.455,90.0,MODERATE
513,2026-06-06 08:15:00+00:00,8,5,0.866025,-0.5,-0.974928,-0.222521,True,False,MORNING,4.0,7.0,15.0,27.0,40.0,310.0,0.17,0.0,0.0,6.438,3.869,64.88,7.05,87.673,88.133,9.12,0.95,7.98,19.08,85.679,77.386,6.67,3.93,11.4,1.91,48.198,89.38,100.0,36.261,False,,0.4,69.929,0.17,-0.69,0.17,0.568,5.31,12.0,1.31,22.388,23.0,2.74,89.993,88.78,92.65,83.354,47.661,100.0,52.418,31.0,9.89,90.751,89.004,100.0,98.461,53.173,100.0,95.653,5.663,5.457,92.727,89.58,90.0,NORMAL
514,2026-06-06 08:30:00+00:00,8,5,0.866025,-0.5,-0.974928,-0.222521,True,False,MORNING,4.0,8.0,16.0,29.0,42.0,311.0,0.47,0.02,0.0151,6.219,5.793,64.94,7.09,87.758,88.681,9.06,0.91,7.78,18.64,88.122,79.431,6.58,3.94,11.47,1.89,47.852,89.75,100.0,38.27,False,,1.2,70.757,0.29999999999999993,0.47,0.47,0.265,1.97,11.0,1.47,22.555,21.0,4.23,89.324,89.077,97.485,87.424,47.929,100.0,61.111,29.0,10.43,89.853,89.122,95.68,86.234,51.616,100.0,98.509,5.636,6.319,92.392,89.386,90.0,MODERATE
515,2026-06-06 08:45:00+00:00,8,5,0.866025,-0.5,-0.974928,-0.222521,True,False,MORNING,4.0,8.0,15.0,33.0,46.0,312.0,0.78,0.04,0.042,6.188,3.694,65.52,7.14,88.54,89.238,8.48,0.86,7.98,19.08,86.891,78.48,6.59,3.97,11.44,1.9,48.006,90.0,100.0,40.39,False,,2.0,70.991,0.31000000000000005,0.61,-0.07999999999999996,0.191,0.86,5.0,1.2,22.695,20.0,7.77,89.697,89.15,100.0,93.16,49.697,100.0,82.478,27.0,9.98,89.898,89.254,93.045,84.039,52.203,100.0,95.814,5.693,7.31,92.255,88.854,90.0,MODERATE
516,2026-06-06 09:00:00+00:00,9,5,0.707107,-0.707107,-0.974928,-0.222521,True,False,MORNING,3.0,7.0,15.0,32.0,48.0,314.0,0.23,0.07,0.0704,5.967,4.767,65.75,7.21,88.854,90.089,8.25,0.79,7.98,19.08,86.869,78.461,6.49,3.98,11.54,1.88,47.563,90.0,100.0,37.42,False,,0.6,70.833,-0.55,-0.23999999999999996,0.23,0.168,0.86,3.0,0.99,22.558,16.0,9.32,89.855,89.284,92.684,83.712,51.522,100.0,91.848,29.0,7.55,89.952,89.895,92.228,83.301,53.884,100.0,81.254,5.84,5.995,92.87,88.736,90.0,MODERATE
517,2026-06-06 09:15:00+00:00,9,5,0.707107,-0.707107,-0.974928,-0.222521,True,False,MORNING,6.0,9.0,17.0,35.0,54.0,312.0,2.74,0.02,0.0076,5.87,6.119,65.7,7.2,88.78,89.993,8.3,0.8,7.6,18.25,92.65,83.354,6.41,4.07,11.51,1.89,47.661,90.0,100.0,52.418,False,,7.4,73.694,2.5100000000000002,1.9600000000000002,2.5700000000000003,0.339,2.74,2.0,0.62,23.185,12.0,9.89,90.751,89.004,100.0,98.461,53.173,100.0,95.653,30.0,12.22,91.582,89.399,97.928,88.196,52.842,100.0,100.0,5.865,6.579,92.372,88.548,90.0,MODERATE
518,2026-06-06 09:30:00+00:00,9,5,0.707107,-0.707107,-0.974928,-0.222521,True,False,MORNING,5.0,11.0,18.0,39.0,57.0,315.0,4.23,0.25,0.0582,5.891,5.225,65.92,7.15,89.077,89.324,8.08,0.85,7.32,17.63,97.485,87.424,6.35,4.2,11.46,1.9,47.929,90.0,100.0,61.111,False,,11.5,75.672,1.4900000000000002,4.0,3.7600000000000007,0.603,4.23,2.0,0.25,23.558,16.0,10.43,89.853,89.122,95.68,86.234,51.616,100.0,98.509,24.0,15.83,91.831,89.552,96.809,87.438,53.852,100.0,100.0,5.923,5.162,91.313,88.92,90.0,MODERATE
519,2026-06-06 09:45:00+00:00,9,5,0.707107,-0.707107,-0.974928,-0.222521,True,False,MORNING,7.0,12.0,21.0,46.0,64.0,321.0,7.77,0.38,0.049,5.819,5.483,65.97,7.18,89.15,89.697,8.03,0.82,7.01,16.95,100.0,93.16,6.51,4.43,11.07,1.97,49.697,90.0,100.0,82.478,False,,21.3,79.177,3.539999999999999,5.029999999999999,6.989999999999999,1.089,7.77,6.0,0.0,24.442,19.0,9.98,89.898,89.254,93.045,84.039,52.203,100.0,95.814,19.0,16.46,92.872,89.311,96.95,87.565,52.28,100.0,100.0,5.835,5.449,90.96,89.088,89.89,MODERATE
520,2026-06-06 10:00:00+00:00,10,5,0.5,-0.866025,-0.974928,-0.222521,True,False,MORNING,5.0,12.0,23.0,50.0,66.0,322.0,9.32,0.7,0.075,5.794,5.346,66.07,7.19,89.284,89.855,7.93,0.81,7.98,19.08,92.684,83.712,6.67,4.67,10.67,2.04,51.522,90.0,100.0,91.848,False,,25.7,78.383,1.5500000000000007,5.09,9.09,1.661,9.32,8.0,0.0,24.83,20.0,7.55,89.952,89.895,92.228,83.301,53.884,100.0,81.254,20.0,13.06,92.932,89.623,100.0,97.174,53.657,100.0,100.0,5.794,5.788,91.455,89.037,90.0,MODERATE
521,2026-06-06 10:15:00+00:00,10,5,0.5,-0.866025,-0.974928,-0.222521,True,False,MORNING,4.0,9.0,21.0,53.0,68.0,324.0,9.89,0.84,0.0848,5.755,6.297,65.86,7.26,89.004,90.751,8.14,0.74,6.69,16.23,100.0,98.461,6.81,4.89,10.3,2.11,53.173,90.0,100.0,95.653,False,,27.4,81.662,0.5700000000000003,2.120000000000001,7.15,2.279,9.89,4.0,0.0,24.972,19.0,12.22,91.582,89.399,97.928,88.196,52.842,100.0,100.0,23.0,11.72,93.545,89.569,95.568,86.232,54.576,100.0,100.0,5.801,4.669,91.611,89.402,90.0,MODERATE
522,2026-06-06 10:30:00+00:00,10,5,0.5,-0.866025,-0.974928,-0.222521,True,False,MORNING,4.0,8.0,20.0,54.0,72.0,323.0,10.43,0.89,0.0854,5.82,5.759,65.95,7.19,89.122,89.853,8.05,0.81,7.77,18.62,95.68,86.234,6.28,5.08,10.64,2.04,51.616,90.0,100.0,98.509,False,,28.6,79.728,0.5399999999999991,1.1099999999999994,6.199999999999999,2.931,10.43,2.0,0.0,25.108,13.0,15.83,91.831,89.552,96.809,87.438,53.852,100.0,100.0,23.0,10.37,92.775,90.037,94.041,84.938,56.866,100.0,99.317,5.699,6.508,91.767,89.112,90.0,MODERATE
523,2026-06-06 10:45:00+00:00,10,5,0.5,-0.866025,-0.974928,-0.222521,True,False,MORNING,3.0,7.0,16.0,52.0,75.0,322.0,9.98,0.94,0.0941,5.8,5.394,66.05,7.19,89.254,89.898,7.95,0.81,7.98,19.08,93.045,84.039,6.27,5.21,10.52,2.07,52.203,90.0,100.0,95.814,False,,27.5,78.951,-0.4499999999999993,0.08999999999999986,2.210000000000001,3.554,10.43,-5.0,0.0,24.995,8.0,16.46,92.872,89.311,96.95,87.565,52.28,100.0,100.0,25.0,12.09,92.875,89.634,94.669,85.506,56.52,100.0,100.0,5.776,5.532,92.778,89.086,90.0,MODERATE
524,2026-06-06 11:00:00+00:00,11,5,0.258819,-0.965926,-0.974928,-0.222521,True,False,MORNING,1.0,4.0,12.0,50.0,74.0,320.0,7.55,0.9,0.119,5.763,3.849,66.52,7.2,89.895,89.952,7.48,0.8,7.98,19.08,92.228,83.301,6.62,5.23,10.15,2.13,53.884,89.89,100.0,81.254,False,,20.9,77.512,-2.4300000000000006,-2.88,-1.7700000000000005,4.026,10.43,-11.0,-0.11,24.36,9.0,13.06,92.932,89.623,100.0,97.174,53.657,100.0,100.0,22.0,10.74,92.62,89.527,100.0,90.834,58.955,100.0,100.0,5.77,4.666,93.25,89.408,90.0,MODERATE
525,2026-06-06 11:15:00+00:00,11,5,0.258819,-0.965926,-0.974928,-0.222521,True,False,MORNING,8.0,9.0,16.0,54.0,81.0,326.0,12.22,0.68,0.0556,5.587,6.532,66.16,7.33,89.399,91.582,7.84,0.67,7.7,18.46,97.928,88.196,6.19,5.43,10.37,2.09,52.842,90.0,100.0,100.0,False,,34.9,81.896,4.670000000000001,2.24,2.33,4.79,12.22,-5.0,0.0,25.555,11.0,11.72,93.545,89.569,95.568,86.232,54.576,100.0,100.0,27.0,9.38,93.723,89.346,92.78,83.799,59.109,100.0,93.764,5.676,6.307,93.007,89.221,90.0,MODERATE
526,2026-06-06 11:30:00+00:00,11,5,0.258819,-0.965926,-0.974928,-0.222521,True,False,MORNING,7.0,15.0,19.0,57.0,86.0,329.0,15.83,1.1,0.0695,5.7,5.168,66.27,7.35,89.552,91.831,7.73,0.65,7.98,19.08,96.809,87.438,6.12,5.72,10.15,2.13,53.852,90.0,100.0,100.0,False,,44.3,84.155,3.6099999999999994,8.280000000000001,5.4,5.779,15.83,-1.0,0.0,26.458,11.0,10.37,92.775,90.037,94.041,84.938,56.866,100.0,99.317,29.0,7.99,93.902,89.275,100.0,91.037,58.786,100.0,85.527,5.73,5.183,92.101,89.503,90.0,MODERATE
527,2026-06-06 11:45:00+00:00,11,5,0.258819,-0.965926,-0.974928,-0.222521,True,False,MORNING,4.0,11.0,20.0,57.0,90.0,332.0,16.46,1.42,0.0865,5.655,6.036,66.09,7.43,89.311,92.872,7.91,0.57,7.98,19.08,96.95,87.565,5.51,5.99,10.5,2.07,52.28,90.0,100.0,100.0,False,,46.5,84.604,0.6300000000000008,4.24,6.48,6.754,16.46,4.0,0.0,26.615,11.0,12.09,92.875,89.634,94.669,85.506,56.52,100.0,100.0,36.0,9.6,93.497,89.545,100.0,100.0,57.132,100.0,94.997,5.665,5.343,90.976,89.734,90.0,MODERATE
528,2026-06-06 12:00:00+00:00,12,5,0.0,-1.0,-0.974928,-0.222521,True,False,MORNING,0.0,4.0,19.0,54.0,86.0,332.0,13.06,1.48,0.1134,5.707,4.766,66.32,7.43,89.623,92.932,7.68,0.57,6.98,16.89,100.0,97.174,5.73,6.08,10.2,2.12,53.657,89.73,100.0,100.0,False,,36.5,84.152,-3.4000000000000004,-2.7699999999999996,5.510000000000001,7.571,16.46,7.0,-0.16,25.698,11.0,10.74,92.62,89.527,100.0,90.834,58.955,100.0,100.0,32.0,9.25,93.244,89.455,100.0,100.0,57.397,100.0,92.771,5.617,6.1,92.232,89.435,89.89,MODERATE
529,2026-06-06 12:15:00+00:00,12,5,0.0,-1.0,-0.974928,-0.222521,True,False,MORNING,2.0,2.0,13.0,50.0,85.0,327.0,11.72,1.18,0.1003,5.621,5.585,66.28,7.48,89.569,93.545,7.72,0.52,7.88,18.86,95.568,86.232,5.9,6.11,9.99,2.16,54.576,89.78,100.0,100.0,False,,33.3,81.643,-1.3399999999999999,-4.74,-0.5,8.292,16.46,-3.0,-0.22,25.375,12.0,9.38,93.723,89.346,92.78,83.799,59.109,100.0,93.764,36.0,7.87,92.727,89.58,100.0,100.0,55.864,100.0,84.339,5.682,7.33,91.41,88.967,90.0,MODERATE
530,2026-06-06 12:30:00+00:00,12,5,0.0,-1.0,-0.974928,-0.222521,True,False,MORNING,2.0,4.0,8.0,47.0,86.0,325.0,10.37,1.05,0.1017,5.628,4.489,66.63,7.42,90.037,92.775,7.37,0.58,7.98,19.08,94.041,84.938,6.43,6.08,9.49,2.25,56.866,89.83,100.0,99.317,False,,29.4,80.595,-1.3500000000000014,-2.6900000000000013,-5.460000000000001,8.911,16.46,-11.0,-0.17,25.05,12.0,7.99,93.902,89.275,100.0,91.037,58.786,100.0,85.527,36.0,8.52,92.392,89.386,100.0,98.127,53.702,100.0,88.078,5.821,3.583,92.171,89.641,90.0,MODERATE
531,2026-06-06 12:45:00+00:00,12,5,0.0,-1.0,-0.974928,-0.222521,True,False,MORNING,5.0,7.0,9.0,45.0,91.0,330.0,12.09,0.93,0.0772,5.51,6.67,66.33,7.43,89.634,92.875,7.67,0.57,7.98,19.08,94.669,85.506,6.32,6.11,9.57,2.24,56.52,90.0,100.0,100.0,False,,35.0,81.74,1.7200000000000006,0.3699999999999992,-4.370000000000001,9.618,16.46,-11.0,0.0,25.522,14.0,9.6,93.497,89.545,100.0,100.0,57.132,100.0,94.997,38.0,7.13,92.255,88.854,100.0,96.699,52.228,100.0,79.69,5.626,5.508,91.884,89.712,90.0,MODERATE
532,2026-06-06 13:00:00+00:00,13,5,-0.258819,-0.965926,-0.974928,-0.222521,True,False,MORNING,2.0,7.0,11.0,42.0,92.0,330.0,10.74,1.09,0.1013,5.619,6.018,66.25,7.41,89.527,92.62,7.75,0.59,7.39,17.79,100.0,90.834,6.88,6.09,9.03,2.33,58.955,90.0,100.0,100.0,False,,30.5,82.3,-1.3499999999999996,0.370000000000001,-2.3200000000000003,10.275,16.46,-8.0,0.27,25.185,11.0,9.25,93.244,89.455,100.0,100.0,57.397,100.0,92.771,40.0,10.65,92.87,88.736,100.0,100.0,52.303,100.0,100.0,5.611,5.736,92.6,89.592,90.0,MODERATE
533,2026-06-06 13:15:00+00:00,13,5,-0.258819,-0.965926,-0.974928,-0.222521,True,False,MORNING,2.0,4.0,11.0,40.0,93.0,328.0,9.38,0.97,0.1031,5.652,5.835,66.12,7.5,89.346,93.723,7.88,0.5,7.98,19.08,92.78,83.799,6.97,6.04,9.0,2.34,59.109,90.0,100.0,93.764,False,,26.5,79.913,-1.3599999999999994,-2.709999999999999,-2.34,10.69,16.46,-2.0,0.22,24.845,15.0,7.87,92.727,89.58,100.0,100.0,55.864,100.0,84.339,37.0,11.16,92.372,88.548,100.0,100.0,54.363,100.0,100.0,5.634,6.049,92.262,89.488,90.0,MODERATE
534,2026-06-06 13:30:00+00:00,13,5,-0.258819,-0.965926,-0.974928,-0.222521,True,False,MORNING,2.0,4.0,11.0,38.0,92.0,329.0,7.99,0.84,0.1056,5.686,5.837,66.06,7.51,89.275,93.902,7.94,0.49,7.21,17.39,100.0,91.037,6.99,5.94,9.07,2.33,58.786,90.0,100.0,85.527,False,,22.4,80.75,-1.3900000000000006,-2.75,-2.379999999999999,10.925,16.46,3.0,0.17,24.498,17.0,8.52,92.392,89.386,100.0,98.127,53.702,100.0,88.078,39.0,16.64,91.313,88.92,100.0,100.0,55.755,100.0,100.0,5.667,4.535,92.563,89.838,90.0,MODERATE
535,2026-06-06 13:45:00+00:00,13,5,-0.258819,-0.965926,-0.974928,-0.222521,True,False,MORNING,5.0,7.0,11.0,40.0,92.0,330.0,9.6,0.72,0.075,5.703,5.035,66.26,7.48,89.545,93.497,7.74,0.52,6.5,15.83,100.0,100.0,6.65,5.92,9.43,2.26,57.132,90.0,100.0,94.997,False,,26.9,82.685,1.6099999999999994,0.21999999999999886,-2.49,11.039,16.46,2.0,0.0,24.9,22.0,7.13,92.255,88.854,100.0,96.699,52.228,100.0,79.69,33.0,14.17,90.96,89.088,100.0,100.0,57.379,100.0,100.0,5.567,6.165,92.904,89.6,90.0,MODERATE
536,2026-06-06 14:00:00+00:00,14,5,-0.5,-0.866025,-0.974928,-0.222521,True,False,EVENING,3.0,8.0,12.0,42.0,92.0,330.0,9.25,0.86,0.0934,5.635,5.983,66.2,7.46,89.455,93.244,7.8,0.54,5.95,14.26,100.0,100.0,6.74,5.89,9.37,2.27,57.397,90.0,100.0,92.771,False,,26.2,82.415,-0.34999999999999964,1.2599999999999998,-1.4900000000000002,11.035,16.46,1.0,0.0,24.812,21.0,10.65,92.87,88.736,100.0,100.0,52.303,100.0,100.0,34.0,17.72,91.455,89.037,100.0,100.0,60.128,100.0,100.0,5.628,5.364,92.017,89.784,90.0,MODERATE
537,2026-06-06 14:15:00+00:00,14,5,-0.5,-0.866025,-0.974928,-0.222521,True,False,EVENING,2.0,5.0,12.0,36.0,90.0,330.0,7.87,0.83,0.1057,5.663,5.457,66.29,7.42,89.58,92.727,7.71,0.58,5.66,13.62,100.0,100.0,6.48,5.81,9.71,2.21,55.864,90.0,100.0,84.339,False,,22.2,81.318,-1.38,-1.7299999999999995,-1.5100000000000007,10.909,16.46,1.0,0.0,24.468,21.0,11.16,92.372,88.548,100.0,100.0,54.363,100.0,100.0,28.0,16.26,91.611,89.402,100.0,100.0,64.292,100.0,100.0,5.589,5.297,91.557,89.933,90.0,MODERATE
538,2026-06-06 14:30:00+00:00,14,5,-0.5,-0.866025,-0.974928,-0.222521,True,False,EVENING,4.0,6.0,14.0,33.0,90.0,333.0,8.52,0.71,0.0832,5.636,6.319,66.15,7.39,89.386,92.392,7.85,0.61,6.84,16.21,100.0,98.127,6.04,5.77,10.19,2.13,53.702,90.0,100.0,88.078,False,,24.1,81.205,0.6499999999999995,-0.7300000000000004,0.5299999999999994,10.789,16.46,3.0,0.0,24.63,19.0,16.64,91.313,88.92,100.0,100.0,55.755,100.0,100.0,29.0,18.87,91.767,89.112,100.0,100.0,64.391,100.0,100.0,5.555,5.846,90.586,89.94,89.89,MODERATE
539,2026-06-06 14:45:00+00:00,14,5,-0.5,-0.866025,-0.974928,-0.222521,True,False,EVENING,2.0,6.0,11.0,31.0,88.0,333.0,7.13,0.77,0.1075,5.693,7.31,65.75,7.38,88.854,92.255,8.25,0.62,6.84,16.21,100.0,96.699,5.81,5.68,10.51,2.07,52.228,90.0,100.0,79.69,False,,20.0,79.866,-1.3899999999999997,-0.7400000000000002,-2.4699999999999998,10.611,16.46,0.0,0.0,24.282,16.0,14.17,90.96,89.088,100.0,100.0,57.379,100.0,100.0,27.0,19.43,92.778,89.086,100.0,100.0,65.02,100.0,100.0,5.566,4.776,89.496,90.325,90.0,MODERATE
540,2026-06-06 15:00:00+00:00,15,5,-0.707107,-0.707107,-0.974928,-0.222521,True,False,EVENING,7.0,9.0,15.0,38.0,92.0,337.0,10.65,0.64,0.0602,5.84,5.995,65.66,7.43,88.736,92.87,8.34,0.57,3.91,9.75,100.0,100.0,5.76,5.75,10.49,2.07,52.303,90.0,100.0,100.0,False,,29.1,82.619,3.5200000000000005,2.130000000000001,1.4000000000000004,10.805,16.46,3.0,0.0,25.162,19.0,17.72,91.455,89.037,100.0,100.0,60.128,100.0,100.0,27.0,20.0,93.25,89.408,100.0,100.0,63.098,100.0,100.0,5.475,5.939,89.245,90.195,90.0,MODERATE
541,2026-06-06 15:15:00+00:00,15,5,-0.707107,-0.707107,-0.974928,-0.222521,True,False,EVENING,4.0,11.0,17.0,40.0,90.0,339.0,11.16,0.96,0.0859,5.865,6.579,65.53,7.39,88.548,92.372,8.47,0.61,5.82,13.97,100.0,100.0,6.15,5.81,10.04,2.15,54.363,90.0,100.0,100.0,False,,30.4,82.99,0.5099999999999998,4.03,3.29,10.739,16.46,5.0,0.0,25.29,16.0,16.26,91.611,89.402,100.0,100.0,64.292,100.0,100.0,27.0,22.62,93.007,89.221,100.0,100.0,64.446,100.0,100.0,5.514,6.665,89.522,89.776,90.0,MODERATE
542,2026-06-06 15:30:00+00:00,15,5,-0.707107,-0.707107,-0.974928,-0.222521,True,False,EVENING,9.0,13.0,22.0,47.0,94.0,347.0,16.64,1.0,0.0604,5.923,5.162,65.8,7.31,88.92,91.313,8.2,0.69,6.59,15.65,100.0,100.0,6.21,6.05,9.73,2.21,55.755,90.0,100.0,100.0,False,,44.8,86.493,5.48,5.99,8.120000000000001,10.789,16.64,8.0,0.0,26.66,20.0,18.87,91.767,89.112,100.0,100.0,64.391,100.0,100.0,30.0,22.21,92.101,89.503,100.0,100.0,64.328,100.0,100.0,5.625,4.698,89.974,90.041,90.0,HIGH
543,2026-06-06 15:45:00+00:00,15,5,-0.707107,-0.707107,-0.974928,-0.222521,True,False,EVENING,1.0,10.0,21.0,43.0,88.0,347.0,14.17,1.5,0.1057,5.835,5.449,65.93,7.28,89.088,90.96,8.07,0.72,6.84,16.21,100.0,100.0,6.47,6.15,9.38,2.27,57.379,89.89,100.0,100.0,False,,38.7,85.024,-2.4700000000000006,3.01,7.04,10.646,16.64,10.0,-0.11,26.015,17.0,19.43,92.778,89.086,100.0,100.0,65.02,100.0,100.0,32.0,20.84,90.976,89.734,100.0,100.0,64.63,100.0,100.0,5.547,5.69,91.091,89.872,90.0,HIGH
544,2026-06-06 16:00:00+00:00,16,5,-0.866025,-0.5,-0.974928,-0.222521,True,False,EVENING,7.0,8.0,21.0,48.0,90.0,343.0,17.72,1.27,0.072,5.794,5.788,65.89,7.32,89.037,91.455,8.11,0.68,5.02,12.2,100.0,100.0,6.86,6.37,8.77,2.38,60.128,90.0,100.0,100.0,False,,48.8,87.631,3.549999999999999,1.0799999999999983,7.0699999999999985,10.938,17.72,6.0,0.0,26.93,15.0,20.0,93.25,89.408,100.0,100.0,63.098,100.0,100.0,38.0,18.49,92.232,89.435,100.0,100.0,64.411,100.0,100.0,5.578,5.289,90.731,90.008,90.0,HIGH
545,2026-06-06 16:15:00+00:00,16,5,-0.866025,-0.5,-0.974928,-0.222521,True,False,EVENING,2.0,9.0,19.0,48.0,88.0,339.0,16.26,1.59,0.098,5.801,4.669,66.16,7.33,89.402,91.611,7.84,0.67,6.84,16.21,100.0,100.0,7.66,6.48,7.86,2.55,64.292,90.0,100.0,100.0,False,,44.7,87.183,-1.4599999999999973,2.0900000000000016,5.100000000000001,11.221,17.72,2.0,0.0,26.565,12.0,22.62,93.007,89.221,100.0,100.0,64.446,100.0,100.0,44.0,18.11,91.41,88.967,100.0,100.0,63.278,100.0,100.0,5.545,6.395,91.568,89.631,89.89,HIGH
546,2026-06-06 16:30:00+00:00,16,5,-0.866025,-0.5,-0.974928,-0.222521,True,False,EVENING,6.0,8.0,16.0,52.0,90.0,338.0,18.87,1.46,0.0776,5.699,6.508,65.94,7.34,89.112,91.767,8.06,0.66,6.84,16.21,100.0,100.0,7.49,6.67,7.83,2.55,64.391,90.0,100.0,100.0,False,,52.8,88.83,2.6099999999999994,1.1500000000000021,2.2300000000000004,11.752,18.87,-6.0,0.0,27.218,9.0,22.21,92.101,89.503,100.0,100.0,64.328,100.0,100.0,44.0,18.65,92.171,89.641,100.0,100.0,65.366,100.0,100.0,5.637,7.044,92.825,89.02,90.0,HIGH
547,2026-06-06 16:45:00+00:00,16,5,-0.866025,-0.5,-0.974928,-0.222521,True,False,EVENING,4.0,10.0,19.0,51.0,91.0,329.0,19.43,1.7,0.0874,5.776,5.532,65.92,7.42,89.086,92.778,8.08,0.58,5.43,13.11,100.0,100.0,7.45,6.86,7.7,2.57,65.02,90.0,100.0,100.0,False,,53.7,89.442,0.5599999999999987,3.169999999999998,5.26,12.211,19.43,-2.0,0.11,27.358,10.0,20.84,90.976,89.734,100.0,100.0,64.63,100.0,100.0,41.0,19.3,91.884,89.712,100.0,100.0,65.556,100.0,100.0,5.788,6.51,93.184,88.737,90.0,HIGH
548,2026-06-06 17:00:00+00:00,17,5,-0.965926,-0.258819,-0.974928,-0.222521,True,False,EVENING,4.0,8.0,16.0,52.0,94.0,328.0,20.0,1.75,0.0875,5.77,4.666,66.16,7.46,89.408,93.25,7.84,0.54,6.84,16.21,100.0,100.0,6.86,7.02,8.12,2.5,63.098,90.0,100.0,100.0,False,,55.3,89.799,0.5700000000000003,1.129999999999999,2.280000000000001,12.79,20.0,-5.0,0.0,27.5,12.0,18.49,92.232,89.435,100.0,100.0,64.411,100.0,100.0,40.0,19.96,92.6,89.592,100.0,100.0,67.915,100.0,100.0,5.86,6.288,93.385,88.571,90.0,HIGH
549,2026-06-06 17:15:00+00:00,17,5,-0.965926,-0.258819,-0.974928,-0.222521,True,False,EVENING,6.0,10.0,20.0,56.0,92.0,321.0,22.62,1.8,0.0796,5.676,6.307,66.02,7.44,89.221,93.007,7.98,0.56,6.84,16.21,100.0,100.0,6.93,7.25,7.82,2.55,64.446,90.0,100.0,100.0,False,,63.6,91.507,2.620000000000001,3.1900000000000013,6.359999999999999,13.618,22.62,1.0,0.0,28.155,15.0,18.11,91.41,88.967,100.0,100.0,63.278,100.0,100.0,38.0,25.6,92.262,89.488,100.0,100.0,70.584,100.0,100.0,5.903,6.451,92.289,88.504,90.0,HIGH
550,2026-06-06 17:30:00+00:00,17,5,-0.965926,-0.258819,-0.974928,-0.222521,True,False,EVENING,3.0,9.0,17.0,55.0,88.0,319.0,22.21,2.04,0.0917,5.73,5.183,66.23,7.37,89.503,92.101,7.77,0.63,6.84,16.21,100.0,100.0,6.74,7.41,7.85,2.55,64.328,90.0,100.0,100.0,False,,61.9,91.115,-0.41000000000000014,2.210000000000001,3.34,14.506,22.62,1.0,0.0,28.053,21.0,18.65,92.171,89.641,100.0,100.0,65.366,100.0,100.0,32.0,27.23,92.563,89.838,100.0,100.0,71.18,100.0,100.0,5.936,4.02,91.721,89.213,89.73,HIGH
551,2026-06-06 17:45:00+00:00,17,5,-0.965926,-0.258819,-0.974928,-0.222521,True,False,EVENING,2.0,5.0,15.0,55.0,86.0,314.0,20.84,2.0,0.0959,5.665,5.343,66.4,7.28,89.734,90.976,7.6,0.72,6.84,16.21,100.0,100.0,6.74,7.48,7.78,2.56,64.63,90.0,100.0,100.0,False,,58.7,90.091,-1.370000000000001,-1.7800000000000011,1.4100000000000001,15.209,22.62,-4.0,0.0,27.71,22.0,19.3,91.884,89.712,100.0,100.0,65.556,100.0,100.0,30.0,31.92,92.904,89.6,100.0,100.0,72.437,100.0,100.0,5.75,5.592,90.815,89.364,89.62,HIGH
552,2026-06-06 18:00:00+00:00,18,5,-1.0,-0.0,-0.974928,-0.222521,True,False,EVENING,1.0,3.0,12.0,49.0,87.0,307.0,18.49,1.88,0.1014,5.617,6.1,66.18,7.38,89.435,92.232,7.82,0.62,5.38,13.0,100.0,100.0,6.71,7.46,7.83,2.55,64.411,89.89,100.0,100.0,False,,52.5,88.753,-2.3500000000000014,-3.7200000000000024,-1.5100000000000016,15.786,22.62,-4.0,-0.11,27.095,26.0,19.96,92.6,89.592,100.0,100.0,67.915,100.0,100.0,27.0,35.57,92.017,89.784,100.0,100.0,75.475,100.0,100.0,,,,,,HIGH
553,2026-06-06 18:15:00+00:00,18,5,-1.0,-0.0,-0.974928,-0.222521,True,False,EVENING,3.0,4.0,9.0,48.0,88.0,301.0,18.11,1.66,0.0919,5.682,7.33,65.84,7.31,88.967,91.41,8.16,0.69,6.84,16.21,100.0,100.0,6.5,7.43,8.08,2.51,63.278,90.0,100.0,100.0,False,,50.9,88.14,-0.379999999999999,-2.7300000000000004,-4.510000000000002,16.426,22.62,-11.0,0.0,27.028,29.0,25.6,92.262,89.488,100.0,100.0,70.584,100.0,100.0,22.0,35.24,91.557,89.933,100.0,100.0,76.903,100.0,100.0,,,,,,HIGH
554,2026-06-06 18:30:00+00:00,18,5,-1.0,-0.0,-0.974928,-0.222521,True,False,EVENING,4.0,7.0,10.0,43.0,90.0,298.0,18.65,1.63,0.0874,5.821,3.583,66.33,7.37,89.641,92.171,7.67,0.63,6.14,14.68,100.0,100.0,6.96,7.42,7.62,2.59,65.366,90.0,100.0,100.0,False,,51.1,88.974,0.5399999999999991,0.16000000000000014,-3.5600000000000023,17.059,22.62,-7.0,0.0,27.162,23.0,27.23,92.563,89.838,100.0,100.0,71.18,100.0,100.0,20.0,32.93,90.586,89.94,100.0,100.0,78.122,100.0,100.0,,,,,,HIGH
555,2026-06-06 18:45:00+00:00,18,5,-1.0,-0.0,-0.974928,-0.222521,True,False,EVENING,4.0,8.0,12.0,46.0,89.0,292.0,19.3,1.68,0.087,5.626,5.508,66.39,7.35,89.712,91.884,7.61,0.65,6.84,16.21,100.0,100.0,6.98,7.44,7.58,2.6,65.556,90.0,100.0,100.0,False,,54.7,89.365,0.6500000000000021,1.1900000000000013,-1.5399999999999991,17.82,22.62,-3.0,0.0,27.325,19.0,31.92,92.904,89.6,100.0,100.0,72.437,100.0,100.0,24.0,32.62,89.496,90.325,100.0,100.0,76.153,100.0,100.0,,,,,,HIGH
556,2026-06-06 19:00:00+00:00,19,5,-0.965926,0.258819,-0.974928,-0.222521,True,False,EVENING,4.0,8.0,15.0,43.0,91.0,286.0,19.96,1.74,0.087,5.611,5.736,66.3,7.41,89.592,92.6,7.7,0.59,5.03,12.23,100.0,100.0,7.45,7.49,7.06,2.69,67.915,90.0,100.0,100.0,False,,56.8,90.117,0.6600000000000001,1.3100000000000023,1.4700000000000024,18.402,22.62,3.0,0.11,27.49,14.0,35.57,92.017,89.784,100.0,100.0,75.475,100.0,100.0,24.0,31.36,89.245,90.195,100.0,100.0,77.297,100.0,100.0,,,,,,HIGH
557,2026-06-06 19:15:00+00:00,19,5,-0.965926,0.258819,-0.974928,-0.222521,True,False,EVENING,9.0,13.0,21.0,50.0,98.0,282.0,25.6,1.8,0.0702,5.634,6.049,66.22,7.38,89.488,92.262,7.78,0.62,6.84,16.21,100.0,100.0,7.81,7.72,6.47,2.8,70.584,90.0,100.0,100.0,False,,72.5,93.492,5.640000000000001,6.300000000000001,7.490000000000002,19.304,25.6,12.0,0.0,28.9,9.0,35.24,91.557,89.933,100.0,100.0,76.903,100.0,100.0,24.0,31.08,89.522,89.776,100.0,100.0,77.69,100.0,100.0,,,,,,HIGH
558,2026-06-06 19:30:00+00:00,19,5,-0.965926,0.258819,-0.974928,-0.222521,True,False,EVENING,5.0,14.0,22.0,49.0,101.0,283.0,27.23,2.3,0.0846,5.667,4.535,66.48,7.41,89.838,92.563,7.52,0.59,6.84,16.21,100.0,100.0,7.69,7.97,6.34,2.82,71.18,90.0,100.0,100.0,False,,76.7,93.683,1.629999999999999,7.27,8.580000000000002,19.966,27.23,12.0,0.0,29.308,9.0,32.93,90.586,89.94,100.0,100.0,78.122,100.0,100.0,23.0,30.73,89.974,90.041,100.0,100.0,75.753,100.0,100.0,,,,,,HIGH
559,2026-06-06 19:45:00+00:00,19,5,-0.965926,0.258819,-0.974928,-0.222521,True,False,EVENING,8.0,13.0,26.0,53.0,104.0,283.0,31.92,2.45,0.0768,5.567,6.165,66.3,7.43,89.6,92.904,7.7,0.57,4.89,11.92,100.0,100.0,7.59,8.35,6.06,2.87,72.437,90.0,100.0,100.0,False,,91.5,93.812,4.690000000000001,6.32,12.620000000000001,21.076,31.92,14.0,0.0,30.48,11.0,32.62,89.496,90.325,100.0,100.0,76.153,100.0,100.0,20.0,32.43,91.091,89.872,100.0,100.0,77.856,100.0,100.0,,,,,,HIGH
560,2026-06-06 20:00:00+00:00,20,5,-0.866025,0.5,-0.974928,-0.222521,True,False,EVENING,7.0,15.0,29.0,56.0,108.0,282.0,35.57,2.87,0.0808,5.628,5.364,66.44,7.36,89.784,92.017,7.56,0.64,6.84,16.21,100.0,100.0,7.84,8.77,5.4,2.99,75.475,90.0,100.0,100.0,False,,100.9,93.949,3.6499999999999986,8.34,15.61,22.191,35.57,14.0,0.0,31.392,13.0,31.36,89.245,90.195,100.0,100.0,77.297,100.0,100.0,16.0,31.11,90.731,90.008,100.0,100.0,80.016,100.0,100.0,,,,,,HIGH
561,2026-06-06 20:15:00+00:00,20,5,-0.866025,0.5,-0.974928,-0.222521,True,False,EVENING,3.0,10.0,23.0,53.0,109.0,285.0,35.24,3.2,0.0908,5.589,5.297,66.55,7.32,89.933,91.557,7.45,0.68,6.46,15.38,100.0,100.0,7.83,9.09,5.08,3.05,76.903,90.0,100.0,100.0,False,,100.6,94.018,-0.3299999999999983,3.3200000000000003,9.64,23.377,35.57,2.0,0.0,31.31,13.0,31.08,89.522,89.776,100.0,100.0,77.69,100.0,100.0,14.0,28.81,91.568,89.631,100.0,100.0,79.272,100.0,100.0,,,,,,HIGH
562,2026-06-06 20:30:00+00:00,20,5,-0.866025,0.5,-0.974928,-0.222521,True,False,EVENING,1.0,4.0,19.0,51.0,106.0,284.0,32.93,3.17,0.0963,5.555,5.846,66.56,7.25,89.94,90.586,7.44,0.75,4.99,12.15,100.0,100.0,7.93,9.25,4.81,3.09,78.122,89.89,100.0,100.0,False,,94.6,93.935,-2.3100000000000023,-2.6400000000000006,5.699999999999999,24.256,35.57,-3.0,-0.11,30.705,11.0,30.73,89.974,90.041,100.0,100.0,75.753,100.0,100.0,13.0,30.45,92.825,89.02,100.0,100.0,78.161,100.0,100.0,,,,,,HIGH
563,2026-06-06 20:45:00+00:00,20,5,-0.866025,0.5,-0.974928,-0.222521,True,False,EVENING,3.0,4.0,14.0,52.0,107.0,285.0,32.62,2.96,0.0909,5.566,4.776,66.84,7.16,90.325,89.496,7.16,0.84,4.39,10.81,100.0,100.0,7.39,9.36,5.25,3.02,76.153,90.0,100.0,100.0,False,,93.5,93.624,-0.3100000000000023,-2.6200000000000045,0.6999999999999957,25.081,35.57,-12.0,0.0,30.655,13.0,32.43,91.091,89.872,100.0,100.0,77.856,100.0,100.0,8.0,30.01,93.184,88.737,100.0,100.0,78.172,100.0,100.0,,,,,,HIGH
564,2026-06-06 21:00:00+00:00,21,5,-0.707107,0.707107,-0.974928,-0.222521,True,False,EVENING,2.0,5.0,9.0,53.0,102.0,282.0,31.36,2.94,0.0936,5.475,5.939,66.74,7.14,90.195,89.245,7.26,0.86,5.22,12.65,100.0,100.0,7.6,9.41,4.99,3.06,77.297,90.0,100.0,100.0,False,,91.4,93.649,-1.259999999999998,-1.5700000000000003,-4.210000000000001,25.791,35.57,-20.0,0.0,30.34,11.0,31.11,90.731,90.008,100.0,100.0,80.016,100.0,100.0,5.0,28.52,93.385,88.571,100.0,100.0,76.823,100.0,100.0,,,,,,HIGH
565,2026-06-06 21:15:00+00:00,21,5,-0.707107,0.707107,-0.974928,-0.222521,True,False,EVENING,3.0,5.0,9.0,53.0,101.0,285.0,31.08,2.82,0.0908,5.514,6.665,66.43,7.16,89.776,89.522,7.57,0.84,6.84,16.21,100.0,100.0,7.66,9.43,4.91,3.08,77.69,90.0,100.0,100.0,False,,90.0,93.647,-0.28000000000000114,-1.5399999999999991,-4.160000000000004,26.319,35.57,-14.0,0.0,30.27,11.0,28.81,91.568,89.631,100.0,100.0,79.272,100.0,100.0,3.0,27.01,92.289,88.504,100.0,100.0,74.752,100.0,100.0,,,,,,HIGH
566,2026-06-06 21:30:00+00:00,21,5,-0.707107,0.707107,-0.974928,-0.222521,True,False,EVENING,3.0,6.0,11.0,52.0,95.0,285.0,30.73,2.8,0.091,5.625,4.698,66.63,7.2,90.041,89.974,7.37,0.8,6.84,16.21,100.0,100.0,7.22,9.44,5.33,3.0,75.753,90.0,100.0,100.0,False,,87.2,93.622,-0.34999999999999787,-0.629999999999999,-2.1999999999999993,26.852,35.57,-8.0,0.11,30.182,12.0,30.45,92.825,89.02,100.0,100.0,78.161,100.0,100.0,1.0,23.47,91.721,89.213,100.0,100.0,71.897,100.0,100.0,,,,,,HIGH
567,2026-06-06 21:45:00+00:00,21,5,-0.707107,0.707107,-0.974928,-0.222521,True,False,EVENING,5.0,8.0,13.0,53.0,99.0,286.0,32.43,2.77,0.0853,5.547,5.69,66.5,7.29,89.872,91.091,7.5,0.71,6.84,16.21,100.0,100.0,7.6,9.52,4.87,3.08,77.856,90.0,100.0,100.0,False,,93.3,93.997,1.6999999999999993,1.3500000000000014,-0.18999999999999773,27.576,35.57,-1.0,0.0,30.608,7.0,30.01,93.184,88.737,100.0,100.0,78.172,100.0,100.0,1.0,21.05,90.815,89.364,100.0,100.0,71.096,100.0,100.0,,,,,,HIGH
568,2026-06-06 22:00:00+00:00,22,5,-0.5,0.866025,-0.974928,-0.222521,True,False,NIGHT,2.0,7.0,13.0,51.0,94.0,287.0,31.11,2.92,0.0938,5.578,5.289,66.61,7.26,90.008,90.731,7.39,0.74,3.74,11.55,100.0,100.0,8.07,9.54,4.4,3.17,80.016,90.0,100.0,100.0,False,,89.0,94.149,-1.3200000000000003,0.379999999999999,-0.25,28.365,35.57,4.0,0.0,30.278,5.0,28.52,93.385,88.571,100.0,100.0,76.823,100.0,100.0,,,,,,,,,,,,,,,HIGH
569,2026-06-06 22:15:00+00:00,22,5,-0.5,0.866025,-0.974928,-0.222521,True,False,NIGHT,1.0,3.0,11.0,43.0,93.0,284.0,28.81,2.8,0.0972,5.545,6.395,66.33,7.33,89.631,91.568,7.67,0.67,2.76,9.4,100.0,100.0,7.97,9.47,4.56,3.14,79.272,89.89,100.0,100.0,False,,82.9,94.167,-2.3000000000000007,-3.620000000000001,-2.2699999999999996,29.034,35.57,2.0,-0.11,29.675,3.0,27.01,92.289,88.504,100.0,100.0,74.752,100.0,100.0,,,,,,,,,,,,,,,HIGH
570,2026-06-06 22:30:00+00:00,22,5,-0.5,0.866025,-0.974928,-0.222521,True,False,NIGHT,5.0,6.0,13.0,43.0,92.0,289.0,30.45,2.59,0.0851,5.637,7.044,65.87,7.43,89.02,92.825,8.13,0.57,4.18,12.52,100.0,100.0,7.7,9.49,4.8,3.1,78.161,90.0,100.0,100.0,False,,86.2,94.184,1.6400000000000006,-0.6600000000000001,-0.28000000000000114,29.771,35.57,2.0,0.0,30.112,1.0,23.47,91.721,89.213,100.0,100.0,71.897,100.0,100.0,,,,,,,,,,,,,,,HIGH
571,2026-06-06 22:45:00+00:00,22,5,-0.5,0.866025,-0.974928,-0.222521,True,False,NIGHT,3.0,8.0,11.0,38.0,91.0,289.0,30.01,2.74,0.0913,5.788,6.51,65.67,7.45,88.737,93.184,8.33,0.55,4.18,12.52,100.0,100.0,7.7,9.49,4.8,3.1,78.172,90.0,100.0,100.0,False,,82.7,94.194,-0.4399999999999977,1.2000000000000028,-2.419999999999998,30.441,35.57,-2.0,0.0,30.002,1.0,21.05,90.815,89.364,100.0,100.0,71.096,100.0,100.0,,,,,,,,,,,,,,,HIGH
572,2026-06-06 23:00:00+00:00,23,5,-0.258819,0.965926,-0.974928,-0.222521,True,False,NIGHT,2.0,5.0,11.0,33.0,89.0,286.0,28.52,2.7,0.0947,5.86,6.288,65.54,7.47,88.571,93.385,8.46,0.53,3.63,11.31,100.0,100.0,7.46,9.44,5.1,3.04,76.823,90.0,100.0,100.0,False,,77.7,94.077,-1.490000000000002,-1.9299999999999997,-2.59,30.976,35.57,-2.0,0.0,29.63,,,,,,,,,,,,,,,,,,,,,,,,HIGH
573,2026-06-06 23:15:00+00:00,23,5,-0.258819,0.965926,-0.974928,-0.222521,True,False,NIGHT,2.0,4.0,12.0,32.0,85.0,288.0,27.01,2.57,0.095,5.903,6.451,65.49,7.38,88.504,92.289,8.51,0.62,4.18,12.52,100.0,100.0,7.11,9.34,5.55,2.96,74.752,90.0,100.0,100.0,False,,73.0,93.656,-1.509999999999998,-3.0,-1.7999999999999972,31.064,35.57,1.0,0.11,29.252,,,,,,,,,,,,,,,,,,,,,,,,HIGH
574,2026-06-06 23:30:00+00:00,23,5,-0.258819,0.965926,-0.974928,-0.222521,True,False,NIGHT,0.0,2.0,7.0,31.0,82.0,286.0,23.47,2.43,0.1035,5.936,4.02,66.02,7.34,89.213,91.721,7.98,0.66,4.18,12.52,100.0,100.0,6.69,9.12,6.18,2.85,71.897,89.73,100.0,100.0,False,,63.1,92.463,-3.5400000000000027,-5.050000000000001,-6.98,30.829,35.57,-6.0,-0.27,28.3,,,,,,,,,,,,,,,,,,,,,,,,HIGH
575,2026-06-06 23:45:00+00:00,23,5,-0.258819,0.965926,-0.974928,-0.222521,True,False,NIGHT,1.0,1.0,5.0,29.0,81.0,286.0,21.05,2.11,0.1004,5.75,5.592,66.13,7.27,89.364,90.815,7.87,0.73,4.18,12.52,100.0,100.0,6.79,8.86,6.36,2.82,71.096,89.62,100.0,100.0,False,,58.4,90.694,-2.419999999999998,-5.960000000000001,-8.96,30.149,35.57,-6.0,-0.38,27.668,,,,,,,,,,,,,,,,,,,,,,,,HIGH
