step,timestamp,hour_of_day,day_of_week,hour_sin,hour_cos,dow_sin,dow_cos,is_weekend,is_holiday,shift_block,arrivals_15m,arrivals_30m,arrivals_1h,arrivals_3h,arrivals_6h,arrivals_24h,current_queue,critical_queue,priority_mix_critical,admissions_rate_1h,discharge_rate_1h,occupied_beds,occupied_icu,bed_occupancy,icu_occupancy,available_beds,available_icu,available_doctors,available_nurses,doctor_utilisation,nurse_utilisation,ventilators_in_use,monitors_in_use,available_equipment,reserved_equipment,equipment_utilisation,ot_backlog,ot_utilisation,emergency_resource_pressure,surge_active,surge_kind,waiting_minutes_mean,pressure_index,queue_change_15m,queue_change_30m,queue_change_1h,rolling_queue_mean,rolling_queue_max,arrival_rate_trend,ot_backlog_change_1h,queue_backlog_pressure,target_arrivals_1h,target_queue_1h,target_icu_occupancy_1h,target_bed_occupancy_1h,target_doctor_utilisation_1h,target_nurse_utilisation_1h,target_equipment_utilisation_1h,target_ot_utilisation_1h,target_emergency_resource_pressure_1h,target_arrivals_2h,target_queue_2h,target_icu_occupancy_2h,target_bed_occupancy_2h,target_doctor_utilisation_2h,target_nurse_utilisation_2h,target_equipment_utilisation_2h,target_ot_utilisation_2h,target_emergency_resource_pressure_2h,target_admissions_6h,target_discharges_6h,target_icu_occupancy_6h,target_bed_occupancy_6h,target_ot_backlog_6h,pressure_label
0,2026-06-01 00:00:00+00:00,0,0,0.0,1.0,0.0,1.0,False,False,NIGHT,1.0,1.0,1.0,1.0,1.0,1.0,2.16,0.72,0.3333,11.491,0.684,80.25,6.45,80.25,64.516,19.75,3.55,4.92,15.03,100.0,100.0,5.66,4.79,16.55,1.88,38.705,5.68,100.0,38.766,False,,3.0,68.424,0.0,0.0,0.0,2.16,2.16,0.0,0.0,1.96,3.0,0.0,67.479,79.681,100.0,100.0,38.179,100.0,26.991,9.0,0.0,63.783,78.232,100.0,98.811,37.587,77.008,25.513,1.68,1.131,66.948,79.064,0.0,NORMAL
1,2026-06-01 00:15:00+00:00,0,0,0.0,1.0,0.0,1.0,False,False,NIGHT,1.0,2.0,2.0,2.0,2.0,2.0,0.0,0.19,0.1944,5.309,3.382,80.51,6.67,80.511,66.726,19.49,3.33,6.27,17.99,100.0,100.0,5.86,4.56,16.58,1.88,38.596,5.36,100.0,26.691,False,,0.0,67.531,-2.16,0.0,0.0,1.08,2.16,0.0,0.0,1.34,2.0,0.0,66.456,79.158,100.0,100.0,36.409,62.583,26.582,9.0,0.0,64.396,78.718,100.0,99.425,37.187,100.0,25.758,0.0,1.318,65.445,78.885,0.0,NORMAL
2,2026-06-01 00:30:00+00:00,0,0,0.0,1.0,0.0,1.0,False,False,NIGHT,0.0,1.0,2.0,2.0,2.0,2.0,0.0,0.0,0.0,0.0,2.077,80.08,6.58,80.08,65.845,19.92,3.42,6.16,17.76,100.0,100.0,5.78,4.38,16.85,1.83,37.597,4.88,72.158,26.338,False,,0.0,64.665,0.0,-2.16,0.0,0.72,2.16,0.0,0.0,1.22,4.0,0.0,64.582,78.674,100.0,99.369,36.418,57.792,25.833,9.0,0.0,64.506,78.45,100.0,99.085,35.741,72.225,25.803,1.68,2.651,66.159,78.571,0.0,NORMAL
3,2026-06-01 00:45:00+00:00,0,0,0.0,1.0,0.0,1.0,False,False,NIGHT,1.0,1.0,3.0,3.0,3.0,3.0,0.0,0.0,0.0,1.68,2.945,79.69,6.66,79.692,66.559,20.31,3.34,6.27,17.99,100.0,100.0,5.77,4.23,17.0,1.8,37.03,4.56,94.567,26.624,False,,0.0,66.688,0.0,0.0,0.0,0.54,2.16,0.0,0.0,1.14,5.0,0.0,64.603,78.365,100.0,100.0,36.508,80.2,25.841,8.0,0.0,63.563,78.386,100.0,100.0,35.037,41.833,25.425,1.68,0.859,66.549,78.737,0.0,NORMAL
4,2026-06-01 01:00:00+00:00,1,0,0.258819,0.965926,0.0,1.0,False,False,NIGHT,2.0,3.0,4.0,5.0,5.0,5.0,0.0,0.0,0.0,3.36,3.037,79.68,6.75,79.681,67.479,20.32,3.25,6.27,17.99,100.0,100.0,6.18,4.13,16.69,1.86,38.179,4.4,100.0,26.991,False,,0.0,67.462,0.0,0.0,-2.16,0.432,2.16,3.0,-1.28,1.1,4.0,0.0,63.783,78.232,100.0,98.811,37.587,77.008,25.513,9.0,0.0,64.959,79.056,100.0,100.0,34.414,100.0,25.984,1.68,1.696,67.263,78.662,0.0,NORMAL
5,2026-06-01 01:15:00+00:00,1,0,0.258819,0.965926,0.0,1.0,False,False,NIGHT,0.0,2.0,3.0,5.0,5.0,5.0,0.0,0.0,0.0,0.0,2.5,79.16,6.65,79.158,66.456,20.84,3.35,5.44,16.17,100.0,100.0,5.8,4.03,17.17,1.77,36.409,3.92,62.583,26.582,False,,0.0,63.615,0.0,0.0,0.0,0.36,2.16,1.0,-1.44,0.98,6.0,0.0,64.396,78.718,100.0,99.425,37.187,100.0,25.758,8.0,0.0,64.723,78.675,100.0,99.371,34.133,37.05,25.889,5.04,2.719,68.972,79.071,0.0,NORMAL
6,2026-06-01 01:30:00+00:00,1,0,0.258819,0.965926,0.0,1.0,False,False,NIGHT,0.0,0.0,3.0,5.0,5.0,5.0,0.0,0.0,0.0,0.0,2.684,78.67,6.46,78.674,64.582,21.33,3.54,6.27,17.99,100.0,99.369,5.9,3.94,17.17,1.77,36.418,3.45,57.792,25.833,False,,0.0,62.628,0.0,0.0,0.0,0.309,2.16,1.0,-1.43,0.862,4.0,0.0,64.506,78.45,100.0,99.085,35.741,72.225,25.803,10.0,0.0,64.217,78.31,100.0,98.909,34.306,59.458,25.687,0.0,0.68,68.497,78.948,0.0,NORMAL
7,2026-06-01 01:45:00+00:00,1,0,0.258819,0.965926,0.0,1.0,False,False,NIGHT,1.0,1.0,3.0,6.0,6.0,6.0,0.0,0.0,0.0,1.68,2.907,78.37,6.46,78.365,64.603,21.63,3.54,5.94,17.27,100.0,100.0,6.0,3.86,17.14,1.77,36.508,3.13,80.2,25.841,False,,0.0,64.665,0.0,0.0,0.0,0.27,2.16,0.0,-1.43,0.782,4.0,0.0,63.563,78.386,100.0,100.0,35.037,41.833,25.425,10.0,0.0,64.708,78.293,100.0,98.887,36.711,56.267,25.883,3.36,0.4,69.104,79.628,0.0,NORMAL
8,2026-06-01 02:00:00+00:00,2,0,0.5,0.866025,0.0,1.0,False,False,NIGHT,1.0,2.0,2.0,7.0,7.0,7.0,0.0,0.0,0.0,1.68,2.54,78.23,6.38,78.232,63.783,21.77,3.62,6.27,17.99,100.0,98.811,6.36,3.79,16.85,1.83,37.587,2.81,77.008,25.513,False,,0.0,64.139,0.0,0.0,0.0,0.24,2.16,-2.0,-1.59,0.702,5.0,0.0,64.959,79.056,100.0,100.0,34.414,100.0,25.984,10.0,0.0,64.116,78.491,100.0,99.138,36.441,53.075,25.646,8.4,2.105,71.719,80.94,0.32,NORMAL
9,2026-06-01 02:15:00+00:00,2,0,0.5,0.866025,0.0,1.0,False,False,NIGHT,2.0,3.0,4.0,9.0,9.0,9.0,0.0,0.0,0.0,3.36,1.172,78.72,6.44,78.718,64.396,21.28,3.56,6.27,17.99,100.0,99.425,6.3,3.74,16.96,1.81,37.187,2.65,100.0,25.758,False,,0.0,66.475,0.0,0.0,0.0,0.216,2.16,1.0,-1.27,0.662,3.0,0.0,64.723,78.675,100.0,99.371,34.133,37.05,25.889,10.0,0.0,64.631,78.886,100.0,99.637,36.444,77.083,25.852,3.36,2.752,73.147,80.949,0.16,NORMAL
10,2026-06-01 02:30:00+00:00,2,0,0.5,0.866025,0.0,1.0,False,False,NIGHT,1.0,3.0,5.0,10.0,10.0,10.0,0.0,0.0,0.0,1.68,2.71,78.45,6.45,78.45,64.506,21.55,3.55,6.27,17.99,100.0,99.085,5.95,3.7,17.35,1.74,35.741,2.33,72.225,25.803,False,,0.0,63.767,0.0,0.0,0.0,0.196,2.16,2.0,-1.12,0.582,5.0,0.0,64.217,78.31,100.0,98.909,34.306,59.458,25.687,8.0,0.0,64.631,78.437,100.0,99.07,35.734,23.333,25.852,1.68,1.5,72.934,81.015,0.0,NORMAL
11,2026-06-01 02:45:00+00:00,2,0,0.5,0.866025,0.0,1.0,False,False,NIGHT,0.0,1.0,4.0,10.0,10.0,10.0,0.0,0.0,0.0,0.0,0.633,78.39,6.36,78.386,63.563,21.61,3.64,6.03,17.47,100.0,100.0,5.8,3.66,17.54,1.7,35.037,1.85,41.833,25.425,False,,0.0,60.876,0.0,0.0,0.0,0.18,2.16,1.0,-1.28,0.462,4.0,0.0,64.708,78.293,100.0,98.887,36.711,56.267,25.883,9.0,0.0,64.754,78.522,100.0,99.177,35.878,48.933,25.902,1.68,1.74,73.044,80.989,0.0,NORMAL
12,2026-06-01 03:00:00+00:00,3,0,0.707107,0.707107,0.0,1.0,False,False,NIGHT,3.0,3.0,6.0,12.0,13.0,13.0,0.0,0.0,0.0,5.04,1.799,79.06,6.5,79.056,64.959,20.94,3.5,6.13,17.68,100.0,100.0,5.65,3.64,17.71,1.67,34.414,1.85,100.0,25.984,False,,0.0,66.481,0.0,0.0,0.0,0.166,2.16,4.0,-0.96,0.462,4.0,0.0,64.116,78.491,100.0,99.138,36.441,53.075,25.646,9.0,0.0,65.583,78.752,100.0,100.0,38.35,74.533,26.233,1.68,2.4,72.539,80.86,0.0,NORMAL
13,2026-06-01 03:15:00+00:00,3,0,0.707107,0.707107,0.0,1.0,False,False,NIGHT,0.0,3.0,4.0,11.0,13.0,13.0,0.0,0.0,0.0,0.0,1.619,78.68,6.47,78.675,64.723,21.32,3.53,6.27,17.99,100.0,99.371,5.59,3.63,17.78,1.66,34.133,1.37,37.05,25.889,False,,0.0,60.584,0.0,0.0,0.0,0.154,2.16,0.0,-1.28,0.342,5.0,0.0,64.631,78.886,100.0,99.637,36.444,77.083,25.852,8.0,0.0,66.751,78.817,100.0,100.0,38.203,74.533,26.7,0.0,3.254,71.374,80.163,0.0,NORMAL
14,2026-06-01 03:30:00+00:00,3,0,0.707107,0.707107,0.0,1.0,False,False,NIGHT,1.0,1.0,4.0,12.0,14.0,14.0,0.0,0.0,0.0,1.68,3.343,78.31,6.42,78.31,64.217,21.69,3.58,6.27,17.99,100.0,98.909,5.66,3.61,17.74,1.67,34.306,1.05,59.458,25.687,False,,0.0,62.379,0.0,0.0,0.0,0.144,2.16,-1.0,-1.28,0.262,5.0,0.0,64.631,78.437,100.0,99.07,35.734,23.333,25.852,9.0,0.0,67.09,78.789,100.0,100.0,38.193,48.933,26.836,1.68,2.001,71.613,80.059,0.0,NORMAL
15,2026-06-01 03:45:00+00:00,3,0,0.707107,0.707107,0.0,1.0,False,False,NIGHT,1.0,2.0,5.0,12.0,15.0,15.0,0.0,0.0,0.0,1.68,1.553,78.29,6.47,78.293,64.708,21.71,3.53,6.27,17.99,100.0,98.887,6.31,3.6,17.09,1.78,36.711,0.73,56.267,25.883,False,,0.0,62.401,0.0,0.0,0.0,0.135,2.16,1.0,-1.12,0.182,6.0,0.0,64.754,78.522,100.0,99.177,35.878,48.933,25.902,8.0,0.0,66.234,78.998,100.0,99.779,37.748,48.933,26.494,1.68,1.291,70.551,80.262,0.0,NORMAL
16,2026-06-01 04:00:00+00:00,4,0,0.866025,0.5,0.0,1.0,False,False,NIGHT,1.0,2.0,3.0,11.0,16.0,16.0,0.0,0.0,0.0,1.68,1.123,78.49,6.41,78.491,64.116,21.51,3.59,6.27,17.99,100.0,99.138,6.26,3.58,17.16,1.77,36.441,0.41,53.075,25.646,False,,0.0,62.044,0.0,0.0,0.0,0.0,0.0,-3.0,-1.44,0.102,6.0,0.0,65.583,78.752,100.0,100.0,38.35,74.533,26.233,9.0,0.0,66.948,79.064,69.528,65.547,37.495,48.933,26.779,1.68,2.671,70.675,80.002,0.0,NORMAL
17,2026-06-01 04:15:00+00:00,4,0,0.866025,0.5,0.0,1.0,False,False,NIGHT,2.0,3.0,5.0,13.0,18.0,18.0,0.0,0.0,0.0,3.36,1.575,78.89,6.46,78.886,64.631,21.11,3.54,6.27,17.99,100.0,99.637,6.26,3.58,17.16,1.77,36.444,0.25,77.083,25.852,False,,0.0,64.455,0.0,0.0,0.0,0.0,0.0,1.0,-1.12,0.062,5.0,0.0,66.751,78.817,100.0,100.0,38.203,74.533,26.7,13.0,0.0,65.445,78.885,82.568,77.262,37.99,23.333,26.178,5.04,4.059,72.687,80.046,0.0,NORMAL
18,2026-06-01 04:30:00+00:00,4,0,0.866025,0.5,0.0,1.0,False,False,NIGHT,0.0,2.0,4.0,13.0,18.0,18.0,0.0,0.0,0.0,0.0,1.796,78.44,6.46,78.437,64.631,21.56,3.54,6.27,17.99,100.0,99.07,6.08,3.57,17.35,1.74,35.734,0.0,23.333,25.852,False,,0.0,59.387,0.0,0.0,0.0,0.0,0.0,0.0,-1.05,0.0,3.0,0.0,67.09,78.789,100.0,100.0,38.193,48.933,26.836,15.0,0.0,66.159,78.571,69.094,65.138,38.52,48.933,26.464,1.68,1.678,72.955,80.02,0.0,NORMAL
19,2026-06-01 04:45:00+00:00,4,0,0.866025,0.5,0.0,1.0,False,False,NIGHT,1.0,1.0,4.0,13.0,19.0,19.0,0.0,0.0,0.0,1.68,1.292,78.52,6.48,78.522,64.754,21.48,3.52,6.27,17.99,100.0,99.177,6.12,3.57,17.31,1.74,35.878,0.0,48.933,25.902,False,,0.0,61.76,0.0,0.0,0.0,0.0,0.0,-1.0,-0.73,0.0,3.0,0.0,66.234,78.998,100.0,99.779,37.748,48.933,26.494,15.0,0.0,66.549,78.737,82.268,76.987,39.311,48.933,26.619,5.04,3.951,74.556,80.132,0.0,NORMAL
20,2026-06-01 05:00:00+00:00,5,0,0.965926,0.258819,0.0,1.0,False,False,NIGHT,2.0,3.0,5.0,14.0,21.0,21.0,0.0,0.0,0.0,3.36,2.109,78.75,6.56,78.752,65.583,21.25,3.44,5.64,16.62,100.0,100.0,6.78,3.58,16.65,1.86,38.35,0.0,74.533,26.233,False,,0.0,64.602,0.0,0.0,0.0,0.0,0.0,2.0,-0.41,0.0,3.0,0.0,66.948,79.064,69.528,65.547,37.495,48.933,26.779,15.0,0.0,67.263,78.662,78.265,73.403,40.627,48.933,26.905,3.36,1.772,74.85,80.5,0.0,NORMAL
21,2026-06-01 05:15:00+00:00,5,0,0.965926,0.258819,0.0,1.0,False,False,NIGHT,2.0,4.0,5.0,14.0,23.0,23.0,0.0,0.0,0.0,3.36,2.633,78.82,6.68,78.817,66.751,21.18,3.32,5.74,16.83,100.0,100.0,6.72,3.6,16.69,1.86,38.203,0.0,74.533,26.7,False,,0.0,64.836,0.0,0.0,0.0,0.0,0.0,0.0,-0.25,0.0,3.0,0.0,65.445,78.885,82.568,77.262,37.99,23.333,26.178,15.0,0.0,68.972,79.071,69.534,65.553,40.273,100.0,27.589,1.68,1.592,74.915,80.515,0.0,NORMAL
22,2026-06-01 05:30:00+00:00,5,0,0.965926,0.258819,0.0,1.0,False,False,NIGHT,1.0,3.0,6.0,14.0,24.0,24.0,0.0,0.0,0.0,1.68,1.655,78.79,6.71,78.789,67.09,21.21,3.29,5.44,16.18,100.0,100.0,6.7,3.62,16.69,1.86,38.193,0.0,48.933,26.836,False,,0.0,62.593,0.0,0.0,0.0,0.0,0.0,2.0,0.0,0.0,6.0,0.0,66.159,78.571,69.094,65.138,38.52,48.933,26.464,12.0,0.0,68.497,78.948,85.249,79.653,39.986,23.333,27.399,1.68,1.475,74.85,80.573,0.0,NORMAL
23,2026-06-01 05:45:00+00:00,5,0,0.965926,0.258819,0.0,1.0,False,False,NIGHT,1.0,2.0,6.0,15.0,25.0,25.0,0.0,0.0,0.0,1.68,1.185,79.0,6.62,78.998,66.234,21.0,3.38,6.27,17.99,100.0,99.779,6.57,3.62,16.81,1.83,37.748,0.0,48.933,26.494,False,,0.0,62.401,0.0,0.0,0.0,0.0,0.0,2.0,0.0,0.0,5.0,0.0,66.549,78.737,82.268,76.987,39.311,48.933,26.619,13.0,0.0,69.104,79.628,70.024,66.014,39.917,74.533,27.642,1.68,2.71,74.816,80.319,0.0,NORMAL
24,2026-06-01 06:00:00+00:00,6,0,1.0,0.0,0.0,1.0,False,False,MORNING,1.0,2.0,5.0,13.0,25.0,26.0,0.0,0.0,0.0,1.68,1.131,79.06,6.69,79.064,66.948,20.94,3.31,11.97,27.41,69.528,65.547,6.49,3.63,16.88,1.82,37.495,0.0,48.933,26.779,False,,0.0,54.771,0.0,0.0,0.0,0.0,0.0,0.0,0.0,0.0,6.0,0.0,67.263,78.662,78.265,73.403,40.627,48.933,26.905,12.0,0.0,71.719,80.94,75.806,71.283,39.057,100.0,28.687,8.4,2.76,76.981,81.512,0.32,NORMAL
25,2026-06-01 06:15:00+00:00,6,0,1.0,0.0,0.0,1.0,False,False,MORNING,0.0,1.0,3.0,13.0,24.0,26.0,0.0,0.0,0.0,0.0,1.318,78.88,6.54,78.885,65.445,21.12,3.46,10.06,23.2,82.568,77.262,6.63,3.63,16.74,1.85,37.99,0.0,23.333,26.178,False,,0.0,55.142,0.0,0.0,0.0,0.0,0.0,-2.0,0.0,0.0,10.0,0.0,68.972,79.071,69.534,65.553,40.273,100.0,27.589,8.0,0.0,73.147,80.949,71.186,67.11,39.974,76.15,29.259,5.04,4.148,78.146,81.619,0.32,NORMAL
26,2026-06-01 06:30:00+00:00,6,0,1.0,0.0,0.0,1.0,False,False,MORNING,1.0,1.0,3.0,13.0,25.0,27.0,0.0,0.0,0.0,1.68,2.651,78.57,6.62,78.571,66.159,21.43,3.38,11.97,27.41,69.094,65.138,6.77,3.63,16.6,1.87,38.52,0.0,48.933,26.464,False,,0.0,54.496,0.0,0.0,0.0,0.0,0.0,-3.0,0.0,0.0,9.0,0.0,68.497,78.948,85.249,79.653,39.986,23.333,27.399,9.0,0.0,72.934,81.015,74.822,70.399,38.625,48.933,29.174,0.0,2.146,77.556,81.141,0.0,NORMAL
27,2026-06-01 06:45:00+00:00,6,0,1.0,0.0,0.0,1.0,False,False,MORNING,1.0,2.0,3.0,13.0,25.0,28.0,0.0,0.0,0.0,1.68,0.859,78.74,6.65,78.737,66.549,21.26,3.35,10.07,23.24,82.268,76.987,6.98,3.64,16.39,1.91,39.311,0.0,48.933,26.619,False,,0.0,57.684,0.0,0.0,0.0,0.0,0.0,-3.0,0.0,0.0,10.0,0.0,69.104,79.628,70.024,66.014,39.917,74.533,27.642,9.0,0.0,73.044,80.989,79.327,74.451,38.78,48.933,29.218,6.72,2.181,80.17,82.015,0.16,NORMAL
28,2026-06-01 07:00:00+00:00,7,0,0.965926,-0.258819,0.0,1.0,False,False,MORNING,1.0,2.0,3.0,13.0,24.0,29.0,0.0,0.0,0.0,1.68,1.696,78.66,6.73,78.662,67.263,21.34,3.27,10.58,24.36,78.265,73.403,7.32,3.65,16.03,1.97,40.627,0.0,48.933,26.905,False,,0.0,57.019,0.0,0.0,0.0,0.0,0.0,-2.0,0.0,0.0,9.0,0.0,71.719,80.94,75.806,71.283,39.057,100.0,28.687,11.0,0.0,72.539,80.86,74.034,69.682,39.364,48.933,29.015,1.68,2.941,79.44,81.772,0.0,NORMAL
29,2026-06-01 07:15:00+00:00,7,0,0.965926,-0.258819,0.0,1.0,False,False,MORNING,3.0,4.0,6.0,14.0,27.0,32.0,0.0,0.0,0.0,5.04,2.719,79.07,6.9,79.071,68.972,20.93,3.1,11.97,27.41,69.534,65.553,7.2,3.68,16.13,1.96,40.273,0.0,100.0,27.589,False,,0.0,60.025,0.0,0.0,0.0,0.0,0.0,3.0,0.0,0.0,5.0,0.0,73.147,80.949,71.186,67.11,39.974,76.15,29.259,12.0,0.0,71.374,80.163,70.495,66.458,38.03,23.333,28.549,0.0,3.101,78.989,81.042,0.0,NORMAL
30,2026-06-01 07:30:00+00:00,7,0,0.965926,-0.258819,0.0,1.0,False,False,MORNING,0.0,3.0,5.0,14.0,27.0,32.0,0.0,0.0,0.0,0.0,0.68,78.95,6.85,78.948,68.497,21.05,3.15,9.75,22.53,85.249,79.653,7.1,3.7,16.2,1.94,39.986,0.0,23.333,27.399,False,,0.0,56.555,0.0,0.0,0.0,0.0,0.0,2.0,0.0,0.0,3.0,0.0,72.934,81.015,74.822,70.399,38.625,48.933,29.174,13.0,0.0,71.613,80.059,70.403,66.372,38.424,48.933,28.645,3.36,3.14,78.824,81.114,0.0,NORMAL
31,2026-06-01 07:45:00+00:00,7,0,0.965926,-0.258819,0.0,1.0,False,False,MORNING,2.0,2.0,6.0,15.0,28.0,34.0,0.0,0.0,0.0,3.36,0.4,79.63,6.91,79.628,69.104,20.37,3.09,11.97,27.41,70.024,66.014,7.06,3.72,16.22,1.94,39.917,0.0,74.533,27.642,False,,0.0,57.964,0.0,0.0,0.0,0.0,0.0,3.0,0.0,0.0,3.0,0.0,73.044,80.989,79.327,74.451,38.78,48.933,29.218,13.0,0.0,70.551,80.262,76.8,72.152,38.348,48.933,28.221,6.72,1.886,80.453,82.159,0.16,NORMAL
32,2026-06-01 08:00:00+00:00,8,0,0.866025,-0.5,0.0,1.0,False,False,MORNING,5.0,7.0,10.0,18.0,32.0,39.0,0.0,0.0,0.0,8.4,2.105,80.94,7.17,80.94,71.719,19.06,2.83,11.24,25.81,75.806,71.283,6.78,3.76,16.45,1.9,39.057,0.32,100.0,28.687,False,,0.0,62.316,0.0,0.0,0.0,0.0,0.0,7.0,0.32,0.08,3.0,0.0,72.539,80.86,74.034,69.682,39.364,48.933,29.015,13.0,0.0,70.675,80.002,70.353,66.325,37.033,48.933,28.27,5.04,3.419,81.959,82.414,0.16,NORMAL
33,2026-06-01 08:15:00+00:00,8,0,0.866025,-0.5,0.0,1.0,False,False,MORNING,2.0,7.0,9.0,18.0,32.0,41.0,0.0,0.0,0.0,3.36,2.752,80.95,7.31,80.949,73.147,19.05,2.69,11.97,27.41,71.186,67.11,6.98,3.81,16.21,1.94,39.974,0.16,76.15,29.259,False,,0.0,59.485,0.0,0.0,0.0,0.0,0.0,3.0,0.16,0.04,3.0,0.0,71.374,80.163,70.495,66.458,38.03,23.333,28.549,17.0,0.0,72.687,80.046,81.761,76.592,39.634,100.0,29.075,3.36,2.256,83.387,82.547,0.0,NORMAL
34,2026-06-01 08:30:00+00:00,8,0,0.866025,-0.5,0.0,1.0,False,False,MORNING,1.0,3.0,10.0,18.0,32.0,42.0,0.0,0.0,0.0,1.68,1.5,81.02,7.29,81.015,72.934,18.98,2.71,11.4,26.15,74.822,70.399,6.58,3.85,16.57,1.88,38.625,0.0,48.933,29.174,False,,0.0,57.717,0.0,0.0,0.0,0.0,0.0,5.0,0.0,0.0,6.0,0.0,71.613,80.059,70.403,66.372,38.424,48.933,28.645,17.0,0.0,72.955,80.02,70.369,66.34,41.344,48.933,29.182,3.36,4.007,82.871,82.437,0.0,NORMAL
35,2026-06-01 08:45:00+00:00,8,0,0.866025,-0.5,0.0,1.0,False,False,MORNING,1.0,2.0,9.0,18.0,33.0,43.0,0.0,0.0,0.0,1.68,1.74,80.99,7.3,80.989,73.044,19.01,2.7,10.75,24.72,79.327,74.451,6.58,3.89,16.53,1.88,38.78,0.0,48.933,29.218,False,,0.0,58.774,0.0,0.0,0.0,0.0,0.0,3.0,0.0,0.0,6.0,0.0,70.551,80.262,76.8,72.152,38.348,48.933,28.221,16.0,0.0,74.556,80.132,75.168,70.678,40.498,100.0,29.823,3.36,1.792,82.299,82.886,0.0,NORMAL
36,2026-06-01 09:00:00+00:00,9,0,0.707107,-0.707107,0.0,1.0,False,False,MORNING,1.0,2.0,5.0,18.0,31.0,44.0,0.0,0.0,0.0,1.68,2.4,80.86,7.25,80.86,72.539,19.14,2.75,11.5,26.37,74.034,69.682,6.72,3.91,16.37,1.91,39.364,0.0,48.933,29.015,False,,0.0,57.49,0.0,0.0,0.0,0.0,0.0,-5.0,-0.32,0.0,8.0,0.0,70.675,80.002,70.353,66.325,37.033,48.933,28.27,17.0,0.0,74.85,80.5,70.875,66.814,41.445,74.533,29.94,1.68,2.858,81.056,82.716,0.0,NORMAL
37,2026-06-01 09:15:00+00:00,9,0,0.707107,-0.707107,0.0,1.0,False,False,MORNING,0.0,1.0,3.0,18.0,31.0,44.0,0.0,0.0,0.0,0.0,3.254,80.16,7.14,80.163,71.374,19.84,2.86,11.97,27.41,70.495,66.458,6.36,3.91,16.73,1.85,38.03,0.0,23.333,28.549,False,,0.0,53.868,0.0,0.0,0.0,0.0,0.0,-6.0,-0.16,0.0,9.0,0.0,72.687,80.046,81.761,76.592,39.634,100.0,29.075,16.0,0.0,74.915,80.515,70.804,66.75,41.747,48.933,29.966,5.04,4.806,81.713,82.709,0.0,NORMAL
38,2026-06-01 09:30:00+00:00,9,0,0.707107,-0.707107,0.0,1.0,False,False,MORNING,1.0,1.0,3.0,18.0,31.0,45.0,0.0,0.0,0.0,1.68,2.001,80.06,7.16,80.059,71.613,19.94,2.84,11.97,27.41,70.403,66.372,6.46,3.92,16.63,1.87,38.424,0.0,48.933,28.645,False,,0.0,56.211,0.0,0.0,0.0,0.0,0.0,-7.0,0.0,0.0,7.0,0.0,72.955,80.02,70.369,66.34,41.344,48.933,29.182,15.0,0.0,74.85,80.573,70.855,66.798,43.353,48.933,29.94,1.68,3.503,81.21,82.303,0.0,NORMAL
39,2026-06-01 09:45:00+00:00,9,0,0.707107,-0.707107,0.0,1.0,False,False,MORNING,1.0,2.0,3.0,18.0,31.0,46.0,0.0,0.0,0.0,1.68,1.291,80.26,7.06,80.262,70.551,19.74,2.94,11.0,25.28,76.8,72.152,6.44,3.91,16.65,1.86,38.348,0.0,48.933,28.221,False,,0.0,57.497,0.0,0.0,0.0,0.0,0.0,-6.0,0.0,0.0,7.0,0.0,74.556,80.132,75.168,70.678,40.498,100.0,29.823,16.0,0.0,74.816,80.319,85.973,80.363,42.106,48.933,29.926,6.72,3.927,82.859,82.837,0.16,NORMAL
40,2026-06-01 10:00:00+00:00,10,0,0.5,-0.866025,0.0,1.0,False,False,MORNING,1.0,2.0,3.0,18.0,31.0,47.0,0.0,0.0,0.0,1.68,2.671,80.0,7.07,80.002,70.675,20.0,2.93,11.97,27.41,70.353,66.325,6.09,3.9,17.0,1.8,37.033,0.0,48.933,28.27,False,,0.0,55.874,0.0,0.0,0.0,0.0,0.0,-2.0,0.0,0.0,5.0,0.0,74.85,80.5,70.875,66.814,41.445,74.533,29.94,19.0,0.0,76.981,81.512,71.681,67.577,41.637,100.0,30.793,1.68,4.667,82.443,82.131,0.0,NORMAL
41,2026-06-01 10:15:00+00:00,10,0,0.5,-0.866025,0.0,1.0,False,False,MORNING,3.0,4.0,6.0,18.0,32.0,50.0,0.0,0.0,0.0,5.04,4.059,80.05,7.27,80.046,72.687,19.95,2.73,10.31,23.75,81.761,76.592,6.78,3.92,16.3,1.93,39.634,0.0,100.0,29.075,False,,0.0,63.717,0.0,0.0,0.0,0.0,0.0,3.0,0.0,0.0,8.0,0.0,74.915,80.515,70.804,66.75,41.747,48.933,29.966,17.0,0.0,78.146,81.619,74.114,69.78,41.84,100.0,31.258,1.68,2.747,81.634,81.946,0.0,NORMAL
42,2026-06-01 10:30:00+00:00,10,0,0.5,-0.866025,0.0,1.0,False,False,MORNING,1.0,4.0,6.0,19.0,33.0,51.0,0.0,0.0,0.0,1.68,1.678,80.02,7.3,80.02,72.955,19.98,2.7,11.97,27.41,70.369,66.34,7.22,3.94,15.84,2.01,41.344,0.0,48.933,29.182,False,,0.0,56.725,0.0,0.0,0.0,0.0,0.0,3.0,0.0,0.0,10.0,0.0,74.85,80.573,70.855,66.798,43.353,48.933,29.94,16.0,0.0,77.556,81.141,80.308,75.338,40.771,23.333,31.022,3.36,3.914,82.282,81.742,0.0,NORMAL
43,2026-06-01 10:45:00+00:00,10,0,0.5,-0.866025,0.0,1.0,False,False,MORNING,3.0,4.0,8.0,20.0,35.0,54.0,0.0,0.0,0.0,5.04,3.951,80.13,7.46,80.132,74.556,19.87,2.54,11.22,25.77,75.168,70.678,6.96,3.97,16.07,1.97,40.498,0.0,100.0,29.823,False,,0.0,62.687,0.0,0.0,0.0,0.0,0.0,5.0,0.0,0.0,9.0,0.0,74.816,80.319,85.973,80.363,42.106,48.933,29.926,18.0,0.0,80.17,82.015,72.123,67.993,40.568,100.0,32.068,3.36,1.744,83.081,82.066,0.0,NORMAL
44,2026-06-01 11:00:00+00:00,11,0,0.258819,-0.965926,0.0,1.0,False,False,MORNING,2.0,5.0,9.0,17.0,35.0,56.0,0.0,0.0,0.0,3.36,1.772,80.5,7.48,80.5,74.85,19.5,2.52,11.96,27.38,70.875,66.814,7.19,4.0,15.81,2.01,41.445,0.0,74.533,29.94,False,,0.0,59.641,0.0,0.0,0.0,0.0,0.0,6.0,0.0,0.0,12.0,0.0,76.981,81.512,71.681,67.577,41.637,100.0,30.793,16.0,0.0,79.44,81.772,71.91,67.793,40.451,48.933,31.776,3.36,2.926,83.229,82.16,0.0,NORMAL
45,2026-06-01 11:15:00+00:00,11,0,0.258819,-0.965926,0.0,1.0,False,False,MORNING,1.0,3.0,7.0,16.0,34.0,57.0,0.0,0.0,0.0,1.68,1.592,80.52,7.49,80.515,74.915,19.48,2.51,11.97,27.41,70.804,66.75,7.25,4.03,15.73,2.03,41.747,0.0,48.933,29.966,False,,0.0,57.364,0.0,0.0,0.0,0.0,0.0,1.0,0.0,0.0,8.0,0.0,78.146,81.619,74.114,69.78,41.84,100.0,31.258,16.0,0.0,78.989,81.042,71.384,67.292,41.887,23.333,31.596,3.36,3.207,82.972,82.224,0.0,NORMAL
46,2026-06-01 11:30:00+00:00,11,0,0.258819,-0.965926,0.0,1.0,False,False,MORNING,1.0,2.0,7.0,16.0,34.0,58.0,0.0,0.0,0.0,1.68,1.475,80.57,7.49,80.573,74.85,19.43,2.51,11.97,27.41,70.855,66.798,7.66,4.04,15.29,2.11,43.353,0.0,48.933,29.94,False,,0.0,57.52,0.0,0.0,0.0,0.0,0.0,1.0,0.0,0.0,5.0,0.0,77.556,81.141,80.308,75.338,40.771,23.333,31.022,19.0,0.0,78.824,81.114,81.444,76.354,43.792,74.533,31.53,1.68,3.435,82.5,81.832,0.0,NORMAL
47,2026-06-01 11:45:00+00:00,11,0,0.258819,-0.965926,0.0,1.0,False,False,MORNING,1.0,2.0,5.0,16.0,34.0,59.0,0.0,0.0,0.0,1.68,2.71,80.32,7.48,80.319,74.816,19.68,2.52,9.83,22.71,85.973,80.363,7.31,4.06,15.63,2.05,42.106,0.0,48.933,29.926,False,,0.0,60.787,0.0,0.0,0.0,0.0,0.0,-3.0,0.0,0.0,7.0,0.0,80.17,82.015,72.123,67.993,40.568,100.0,32.068,18.0,0.0,80.453,82.159,72.25,68.113,43.311,100.0,32.181,1.68,3.439,81.285,81.514,0.0,NORMAL
48,2026-06-01 12:00:00+00:00,12,0,0.0,-1.0,0.0,1.0,False,False,MORNING,5.0,6.0,8.0,20.0,38.0,64.0,0.0,0.0,0.0,8.4,2.76,81.51,7.7,81.512,76.981,18.49,2.3,11.97,27.41,71.681,67.577,7.15,4.09,15.76,2.02,41.637,0.32,100.0,30.793,False,,0.0,62.787,0.0,0.0,0.0,0.0,0.0,-1.0,0.32,0.08,7.0,0.0,79.44,81.772,71.91,67.793,40.451,48.933,31.776,18.0,0.0,81.959,82.414,88.709,84.241,43.446,100.0,32.784,3.36,1.968,81.79,81.812,0.0,NORMAL
49,2026-06-01 12:15:00+00:00,12,0,0.0,-1.0,0.0,1.0,False,False,MORNING,3.0,8.0,10.0,23.0,41.0,67.0,0.0,0.0,0.0,5.04,4.148,81.62,7.81,81.619,78.146,18.38,2.19,11.59,26.58,74.114,69.78,7.16,4.13,15.7,2.03,41.84,0.32,100.0,31.258,False,,0.0,63.618,0.0,0.0,0.0,0.0,0.0,3.0,0.32,0.08,9.0,0.0,78.989,81.042,71.384,67.292,41.887,23.333,31.596,16.0,0.0,83.387,82.547,84.69,80.546,42.614,74.558,33.355,5.04,3.168,82.857,82.173,0.0,NORMAL
50,2026-06-01 12:30:00+00:00,12,0,0.0,-1.0,0.0,1.0,False,False,MORNING,0.0,3.0,9.0,22.0,40.0,67.0,0.0,0.0,0.0,0.0,2.146,81.14,7.76,81.141,77.556,18.86,2.24,10.64,24.48,80.308,75.338,6.85,4.16,15.99,1.98,40.771,0.0,23.333,31.022,False,,0.0,57.809,0.0,0.0,0.0,0.0,0.0,2.0,0.0,0.0,11.0,0.0,78.824,81.114,81.444,76.354,43.792,74.533,31.53,15.0,0.0,82.871,82.437,91.002,86.346,43.719,74.533,33.148,6.72,1.975,84.536,83.191,0.16,NORMAL
51,2026-06-01 12:45:00+00:00,12,0,0.0,-1.0,0.0,1.0,False,False,MORNING,4.0,4.0,12.0,25.0,43.0,71.0,0.0,0.0,0.0,6.72,2.181,82.01,8.02,82.015,80.17,17.99,1.98,11.97,27.41,72.123,67.993,6.74,4.21,16.05,1.97,40.568,0.16,100.0,32.068,False,,0.0,63.542,0.0,0.0,0.0,0.0,0.0,7.0,0.16,0.04,11.0,0.0,80.453,82.159,72.25,68.113,43.311,100.0,32.181,15.0,0.0,82.299,82.886,95.419,90.409,43.386,74.533,32.92,1.68,4.766,82.837,82.59,0.0,NORMAL
52,2026-06-01 13:00:00+00:00,13,0,-0.258819,-0.965926,0.0,1.0,False,False,MORNING,1.0,5.0,8.0,25.0,43.0,72.0,0.0,0.0,0.0,1.68,2.941,81.77,7.94,81.772,79.44,18.23,2.06,11.97,27.41,71.91,67.793,6.68,4.24,16.08,1.97,40.451,0.0,48.933,31.776,False,,0.0,58.687,0.0,0.0,0.0,0.0,0.0,0.0,-0.32,0.0,9.0,0.0,81.959,82.414,88.709,84.241,43.446,100.0,32.784,15.0,0.0,81.056,82.716,89.953,85.393,44.233,48.933,32.422,5.04,4.282,84.105,82.652,0.0,NORMAL
53,2026-06-01 13:15:00+00:00,13,0,-0.258819,-0.965926,0.0,1.0,False,False,MORNING,0.0,1.0,5.0,22.0,40.0,72.0,0.0,0.0,0.0,0.0,3.101,81.04,7.9,81.042,78.989,18.96,2.1,11.95,27.37,71.384,67.292,7.05,4.26,15.69,2.04,41.887,0.0,23.333,31.596,False,,0.0,56.138,0.0,0.0,0.0,0.0,0.0,-5.0,-0.32,0.0,7.0,0.0,83.387,82.547,84.69,80.546,42.614,74.558,33.355,16.0,0.0,81.713,82.709,84.855,80.703,43.46,100.0,32.685,0.0,3.985,81.67,81.9,0.0,NORMAL
54,2026-06-01 13:30:00+00:00,13,0,-0.258819,-0.965926,0.0,1.0,False,False,MORNING,2.0,2.0,7.0,23.0,42.0,74.0,0.0,0.0,0.0,3.36,3.14,81.11,7.88,81.114,78.824,18.89,2.12,10.48,24.14,81.444,76.354,7.55,4.28,15.18,2.13,43.792,0.0,74.533,31.53,False,,0.0,63.195,0.0,0.0,0.0,0.0,0.0,-2.0,0.0,0.0,8.0,0.0,82.871,82.437,91.002,86.346,43.719,74.533,33.148,15.0,0.0,81.21,82.303,90.054,85.472,44.661,48.933,32.484,3.36,3.42,81.804,81.871,0.0,NORMAL
55,2026-06-01 13:45:00+00:00,13,0,-0.258819,-0.965926,0.0,1.0,False,False,MORNING,4.0,6.0,7.0,24.0,44.0,78.0,0.0,0.0,0.0,6.72,1.886,82.16,8.05,82.159,80.453,17.84,1.95,11.97,27.41,72.25,68.113,7.39,4.31,15.31,2.1,43.311,0.16,100.0,32.181,False,,0.0,63.907,0.0,0.0,0.0,0.0,0.0,-5.0,0.0,0.04,7.0,0.0,82.299,82.886,95.419,90.409,43.386,74.533,32.92,15.0,0.0,82.859,82.837,85.358,81.17,43.469,100.0,33.143,5.04,2.711,82.748,82.359,0.0,NORMAL
56,2026-06-01 14:00:00+00:00,14,0,-0.5,-0.866025,0.0,1.0,False,False,EVENING,3.0,7.0,9.0,25.0,42.0,81.0,0.0,0.0,0.0,5.04,3.419,82.41,8.2,82.414,81.959,17.59,1.8,9.78,22.23,88.709,84.241,7.38,4.35,15.27,2.11,43.446,0.16,100.0,32.784,False,,0.0,68.187,0.0,0.0,0.0,0.0,0.0,1.0,0.16,0.04,9.0,0.0,81.056,82.716,89.953,85.393,44.233,48.933,32.422,12.0,0.0,82.443,82.131,84.263,80.14,43.074,48.933,32.977,3.36,2.973,83.153,82.416,0.0,NORMAL
57,2026-06-01 14:15:00+00:00,14,0,-0.5,-0.866025,0.0,1.0,False,False,EVENING,2.0,5.0,11.0,26.0,42.0,83.0,0.0,0.0,0.0,3.36,2.256,82.55,8.34,82.547,83.387,17.45,1.66,10.26,23.29,84.69,80.546,7.11,4.39,15.49,2.07,42.614,0.0,74.558,33.355,False,,0.0,65.212,0.0,0.0,0.0,0.0,0.0,6.0,0.0,0.0,9.0,0.0,81.713,82.709,84.855,80.703,43.46,100.0,32.685,13.0,0.0,81.634,81.946,85.01,80.823,44.077,48.933,32.653,3.36,3.53,83.736,82.315,0.0,NORMAL
58,2026-06-01 14:30:00+00:00,14,0,-0.5,-0.866025,0.0,1.0,False,False,EVENING,2.0,4.0,11.0,27.0,43.0,85.0,0.0,0.0,0.0,3.36,4.007,82.44,8.29,82.437,82.871,17.56,1.71,9.54,21.7,91.002,86.346,7.38,4.43,15.2,2.12,43.719,0.0,74.533,33.148,False,,0.0,66.635,0.0,0.0,0.0,0.0,0.0,4.0,0.0,0.0,7.0,0.0,81.21,82.303,90.054,85.472,44.661,48.933,32.484,15.0,0.0,82.282,81.742,100.0,95.493,43.582,74.533,32.913,5.04,2.226,83.546,83.037,0.0,NORMAL
59,2026-06-01 14:45:00+00:00,14,0,-0.5,-0.866025,0.0,1.0,False,False,EVENING,2.0,4.0,9.0,28.0,44.0,87.0,0.0,0.0,0.0,3.36,1.792,82.89,8.23,82.886,82.299,17.11,1.77,9.14,20.84,95.419,90.409,7.27,4.45,15.29,2.11,43.386,0.0,74.533,32.92,False,,0.0,67.607,0.0,0.0,0.0,0.0,0.0,2.0,-0.16,0.0,8.0,0.0,82.859,82.837,85.358,81.17,43.469,100.0,33.143,17.0,0.0,83.081,82.066,92.876,88.051,44.51,74.533,33.232,1.68,2.433,82.653,82.938,0.0,NORMAL
60,2026-06-01 15:00:00+00:00,15,0,-0.707107,-0.707107,0.0,1.0,False,False,EVENING,1.0,3.0,7.0,24.0,44.0,88.0,0.0,0.0,0.0,1.68,2.858,82.72,8.11,82.716,81.056,17.28,1.89,9.68,22.01,89.953,85.393,7.49,4.45,15.06,2.15,44.233,0.0,48.933,32.422,False,,0.0,63.835,0.0,0.0,0.0,0.0,0.0,-2.0,-0.16,0.0,6.0,0.0,82.443,82.131,84.263,80.14,43.074,48.933,32.977,16.0,0.0,83.229,82.16,84.292,80.168,44.007,74.533,33.292,3.36,5.517,82.985,82.366,0.0,NORMAL
61,2026-06-01 15:15:00+00:00,15,0,-0.707107,-0.707107,0.0,1.0,False,False,EVENING,3.0,4.0,8.0,24.0,47.0,91.0,0.0,0.0,0.0,5.04,4.806,82.71,8.17,82.709,81.713,17.29,1.83,10.26,23.29,84.855,80.703,7.28,4.46,15.27,2.11,43.46,0.0,100.0,32.685,False,,0.0,67.317,0.0,0.0,0.0,0.0,0.0,-3.0,0.0,0.0,7.0,0.0,81.634,81.946,85.01,80.823,44.077,48.933,32.653,17.0,0.0,82.972,82.224,90.146,85.554,45.614,74.533,33.189,5.04,3.256,83.757,82.735,0.0,NORMAL
62,2026-06-01 15:30:00+00:00,15,0,-0.707107,-0.707107,0.0,1.0,False,False,EVENING,1.0,4.0,7.0,25.0,47.0,92.0,0.0,0.0,0.0,1.68,3.503,82.3,8.12,82.303,81.21,17.7,1.88,9.62,21.88,90.054,85.472,7.6,4.46,14.94,2.17,44.661,0.0,48.933,32.484,False,,0.0,63.835,0.0,0.0,0.0,0.0,0.0,-4.0,0.0,0.0,8.0,0.0,82.282,81.742,100.0,95.493,43.582,74.533,32.913,15.0,0.0,82.5,81.832,88.613,84.133,43.715,48.933,33.0,3.36,2.522,83.161,83.004,0.0,NORMAL
63,2026-06-01 15:45:00+00:00,15,0,-0.707107,-0.707107,0.0,1.0,False,False,EVENING,4.0,5.0,9.0,25.0,50.0,96.0,0.0,0.0,0.0,6.72,3.927,82.84,8.29,82.837,82.859,17.16,1.71,10.22,23.19,85.358,81.17,7.26,4.48,15.26,2.11,43.469,0.16,100.0,33.143,False,,0.0,67.692,0.0,0.0,0.0,0.0,0.0,0.0,0.16,0.04,7.0,0.0,83.081,82.066,92.876,88.051,44.51,74.533,33.232,16.0,0.0,81.285,81.514,83.63,79.538,44.405,48.933,32.514,3.36,4.281,82.714,82.818,0.0,NORMAL
64,2026-06-01 16:00:00+00:00,16,0,-0.866025,-0.5,0.0,1.0,False,False,EVENING,1.0,5.0,9.0,25.0,50.0,97.0,0.0,0.0,0.0,1.68,4.667,82.13,8.24,82.131,82.443,17.87,1.76,10.26,23.29,84.263,80.14,7.14,4.49,15.37,2.09,43.074,0.0,48.933,32.977,False,,0.0,62.566,0.0,0.0,0.0,0.0,0.0,2.0,0.0,0.0,6.0,0.0,83.229,82.16,84.292,80.168,44.007,74.533,33.292,18.0,0.0,81.79,81.812,83.935,79.828,44.791,74.533,32.716,3.36,3.87,83.326,82.63,0.0,NORMAL
65,2026-06-01 16:15:00+00:00,16,0,-0.866025,-0.5,0.0,1.0,False,False,EVENING,1.0,2.0,7.0,26.0,48.0,98.0,0.0,0.0,0.0,1.68,2.747,81.95,8.16,81.946,81.634,18.05,1.84,10.15,23.04,85.01,80.823,7.41,4.49,15.1,2.14,44.077,0.0,48.933,32.653,False,,0.0,62.626,0.0,0.0,0.0,0.0,0.0,-1.0,0.0,0.0,6.0,0.0,82.972,82.224,90.146,85.554,45.614,74.533,33.189,18.0,0.0,82.857,82.173,84.306,80.181,45.518,100.0,33.143,5.04,4.083,84.466,82.755,0.0,NORMAL
66,2026-06-01 16:30:00+00:00,16,0,-0.866025,-0.5,0.0,1.0,False,False,EVENING,2.0,3.0,8.0,26.0,49.0,100.0,0.0,0.0,0.0,3.36,3.914,81.74,8.23,81.742,82.282,18.26,1.77,8.52,19.45,100.0,95.493,7.27,4.5,15.23,2.12,43.582,0.0,74.533,32.913,False,,0.0,68.529,0.0,0.0,0.0,0.0,0.0,1.0,0.0,0.0,7.0,0.0,82.5,81.832,88.613,84.133,43.715,48.933,33.0,17.0,0.0,84.536,83.191,86.35,82.095,46.814,100.0,33.814,0.0,4.873,81.764,81.807,0.0,NORMAL
67,2026-06-01 16:45:00+00:00,16,0,-0.866025,-0.5,0.0,1.0,False,False,EVENING,2.0,4.0,6.0,24.0,48.0,102.0,0.0,0.0,0.0,3.36,1.744,82.07,8.31,82.066,83.081,17.93,1.69,9.3,21.18,92.876,88.051,7.51,4.51,14.98,2.16,44.51,0.0,74.533,33.232,False,,0.0,67.096,0.0,0.0,0.0,0.0,0.0,-3.0,-0.16,0.0,10.0,0.0,81.285,81.514,83.63,79.538,44.405,48.933,32.514,16.0,0.0,82.837,82.59,84.734,80.587,47.578,48.933,33.135,1.68,2.173,80.469,81.813,0.0,NORMAL
68,2026-06-01 17:00:00+00:00,17,0,-0.965926,-0.258819,0.0,1.0,False,False,EVENING,2.0,4.0,7.0,23.0,48.0,104.0,0.0,0.0,0.0,3.36,2.926,82.16,8.32,82.16,83.229,17.84,1.68,10.26,23.29,84.292,80.168,7.36,4.52,15.12,2.14,44.007,0.0,74.533,33.292,False,,0.0,65.125,0.0,0.0,0.0,0.0,0.0,-2.0,0.0,0.0,10.0,0.0,81.79,81.812,83.935,79.828,44.791,74.533,32.716,16.0,0.0,84.105,82.652,84.798,80.649,48.153,100.0,33.642,1.68,1.36,80.38,81.902,0.0,NORMAL
69,2026-06-01 17:15:00+00:00,17,0,-0.965926,-0.258819,0.0,1.0,False,False,EVENING,2.0,4.0,8.0,23.0,49.0,106.0,0.0,0.0,0.0,3.36,3.207,82.22,8.3,82.224,82.972,17.78,1.7,9.6,21.84,90.146,85.554,7.78,4.53,14.68,2.22,45.614,0.0,74.533,33.189,False,,0.0,66.581,0.0,0.0,0.0,0.0,0.0,1.0,0.0,0.0,11.0,0.0,82.857,82.173,84.306,80.181,45.518,100.0,33.143,15.0,0.0,81.67,81.9,84.026,79.914,47.915,23.333,32.668,3.36,1.714,80.822,82.269,0.0,NORMAL
70,2026-06-01 17:30:00+00:00,17,0,-0.965926,-0.258819,0.0,1.0,False,False,EVENING,1.0,3.0,7.0,22.0,49.0,107.0,0.0,0.0,0.0,1.68,3.435,81.83,8.25,81.832,82.5,18.17,1.75,9.72,22.11,88.613,84.133,7.27,4.53,15.2,2.12,43.715,0.0,48.933,33.0,False,,0.0,63.571,0.0,0.0,0.0,0.0,0.0,-1.0,0.0,0.0,8.0,0.0,84.536,83.191,86.35,82.095,46.814,100.0,33.814,18.0,0.0,81.804,81.871,95.798,90.716,47.31,74.533,32.722,3.36,2.947,80.162,82.438,0.0,NORMAL
71,2026-06-01 17:45:00+00:00,17,0,-0.965926,-0.258819,0.0,1.0,False,False,EVENING,1.0,2.0,6.0,21.0,49.0,108.0,0.0,0.0,0.0,1.68,3.439,81.51,8.13,81.514,81.285,18.49,1.87,10.26,23.29,83.63,79.538,7.47,4.52,15.01,2.16,44.405,0.0,48.933,32.514,False,,0.0,62.171,0.0,0.0,0.0,0.0,0.0,0.0,0.0,0.0,6.0,0.0,82.837,82.59,84.734,80.587,47.578,48.933,33.135,18.0,0.0,82.748,82.359,87.909,83.503,47.282,100.0,33.099,1.68,2.108,80.266,82.321,0.0,NORMAL
72,2026-06-01 18:00:00+00:00,18,0,-1.0,-0.0,0.0,1.0,False,False,EVENING,2.0,3.0,6.0,22.0,46.0,110.0,0.0,0.0,0.0,3.36,1.968,81.81,8.18,81.812,81.79,18.19,1.82,10.26,23.29,83.935,79.828,7.58,4.52,14.91,2.18,44.791,0.0,74.533,32.716,False,,0.0,64.747,0.0,0.0,0.0,0.0,0.0,-1.0,0.0,0.0,8.0,0.0,84.105,82.652,84.798,80.649,48.153,100.0,33.642,17.0,0.0,83.153,82.416,100.0,100.0,45.537,74.533,33.261,1.68,3.769,80.216,81.804,0.0,NORMAL
73,2026-06-01 18:15:00+00:00,18,0,-1.0,-0.0,0.0,1.0,False,False,EVENING,3.0,5.0,7.0,22.0,46.0,113.0,0.0,0.0,0.0,5.04,3.168,82.17,8.29,82.173,82.857,17.83,1.71,10.26,23.29,84.306,80.181,7.77,4.52,14.71,2.21,45.518,0.0,100.0,33.143,False,,0.0,67.485,0.0,0.0,0.0,0.0,0.0,-1.0,0.0,0.0,7.0,0.0,81.67,81.9,84.026,79.914,47.915,23.333,32.668,17.0,0.0,83.736,82.315,84.451,80.319,45.127,74.533,33.494,5.04,3.014,81.086,82.223,0.0,NORMAL
74,2026-06-01 18:30:00+00:00,18,0,-1.0,-0.0,0.0,1.0,False,False,EVENING,4.0,7.0,10.0,25.0,50.0,117.0,0.0,0.0,0.0,6.72,1.975,83.19,8.45,83.191,84.536,16.81,1.55,10.14,23.03,86.35,82.095,8.09,4.55,14.36,2.28,46.814,0.16,100.0,33.814,False,,0.0,68.636,0.0,0.0,0.0,0.0,0.0,3.0,0.16,0.04,9.0,0.0,81.804,81.871,95.798,90.716,47.31,74.533,32.722,18.0,0.0,83.546,83.037,85.521,81.327,45.415,100.0,33.418,5.04,3.602,81.739,82.517,0.0,NORMAL
75,2026-06-01 18:45:00+00:00,18,0,-1.0,-0.0,0.0,1.0,False,False,EVENING,1.0,5.0,10.0,22.0,47.0,118.0,0.0,0.0,0.0,1.68,4.766,82.59,8.28,82.59,82.837,17.41,1.72,10.26,23.29,84.734,80.587,8.3,4.55,14.15,2.31,47.578,0.0,48.933,33.135,False,,0.0,63.262,0.0,0.0,0.0,0.0,0.0,4.0,0.0,0.0,10.0,0.0,82.748,82.359,87.909,83.503,47.282,100.0,33.099,15.0,0.0,82.653,82.938,85.091,80.927,44.867,48.933,33.061,0.0,3.121,80.813,81.83,0.0,NORMAL
76,2026-06-01 19:00:00+00:00,19,0,-0.965926,0.258819,0.0,1.0,False,False,EVENING,3.0,4.0,11.0,24.0,49.0,121.0,0.0,0.0,0.0,5.04,4.282,82.65,8.41,82.652,84.105,17.35,1.59,10.26,23.29,84.798,80.649,8.44,4.57,14.0,2.34,48.153,0.0,100.0,33.642,False,,0.0,68.192,0.0,0.0,0.0,0.0,0.0,5.0,0.0,0.0,8.0,0.0,83.153,82.416,100.0,100.0,45.537,74.533,33.261,15.0,0.0,82.985,82.366,96.921,91.762,43.891,74.533,33.194,0.0,2.94,79.628,81.213,0.0,NORMAL
77,2026-06-01 19:15:00+00:00,19,0,-0.965926,0.258819,0.0,1.0,False,False,EVENING,0.0,3.0,8.0,23.0,49.0,121.0,0.0,0.0,0.0,0.0,3.985,81.9,8.17,81.9,81.67,18.1,1.83,10.26,23.29,84.026,79.914,8.39,4.55,14.06,2.33,47.915,0.0,23.333,32.668,False,,0.0,60.437,0.0,0.0,0.0,0.0,0.0,1.0,0.0,0.0,8.0,0.0,83.736,82.315,84.451,80.319,45.127,74.533,33.494,14.0,0.0,83.757,82.735,84.882,80.729,42.868,100.0,33.503,3.36,2.953,80.56,81.222,0.0,NORMAL
78,2026-06-01 19:30:00+00:00,19,0,-0.965926,0.258819,0.0,1.0,False,False,EVENING,2.0,2.0,6.0,23.0,49.0,123.0,0.0,0.0,0.0,3.36,3.42,81.87,8.18,81.871,81.804,18.13,1.82,9.0,20.51,95.798,90.716,8.23,4.54,14.23,2.3,47.31,0.0,74.533,32.722,False,,0.0,67.72,0.0,0.0,0.0,0.0,0.0,-4.0,-0.16,0.0,9.0,0.0,83.546,83.037,85.521,81.327,45.415,100.0,33.418,13.0,0.0,83.161,83.004,91.493,86.816,41.945,74.533,33.264,3.36,2.836,81.069,81.302,0.0,NORMAL
79,2026-06-01 19:45:00+00:00,19,0,-0.965926,0.258819,0.0,1.0,False,False,EVENING,3.0,5.0,8.0,24.0,48.0,126.0,0.0,0.0,0.0,5.04,2.711,82.36,8.27,82.359,82.748,17.64,1.73,9.86,22.42,87.909,83.503,8.22,4.54,14.23,2.3,47.282,0.0,100.0,33.099,False,,0.0,68.493,0.0,0.0,0.0,0.0,0.0,-2.0,0.0,0.0,8.0,0.0,82.653,82.938,85.091,80.927,44.867,48.933,33.061,13.0,0.0,82.714,82.818,84.968,80.81,41.104,74.533,33.085,1.68,2.654,80.872,81.078,0.0,NORMAL
80,2026-06-01 20:00:00+00:00,20,0,-0.866025,0.5,0.0,1.0,False,False,EVENING,2.0,5.0,7.0,24.0,47.0,128.0,0.0,0.0,0.0,3.36,2.973,82.42,8.32,82.416,83.153,17.58,1.68,8.13,18.61,100.0,100.0,7.75,4.55,14.7,2.21,45.537,0.0,74.533,33.261,False,,0.0,69.568,0.0,0.0,0.0,0.0,0.0,-4.0,0.0,0.0,9.0,0.0,82.985,82.366,96.921,91.762,43.891,74.533,33.194,12.0,0.0,83.326,82.63,100.0,100.0,39.872,74.533,33.33,3.36,1.391,81.337,81.524,0.0,NORMAL
81,2026-06-01 20:15:00+00:00,20,0,-0.866025,0.5,0.0,1.0,False,False,EVENING,2.0,4.0,9.0,24.0,47.0,130.0,0.0,0.0,0.0,3.36,3.53,82.31,8.37,82.315,83.736,17.69,1.63,10.26,23.29,84.451,80.319,7.62,4.56,14.82,2.19,45.127,0.0,74.533,33.494,False,,0.0,65.398,0.0,0.0,0.0,0.0,0.0,1.0,0.0,0.0,9.0,0.0,83.757,82.735,84.882,80.729,42.868,100.0,33.503,11.0,0.0,84.466,82.755,100.0,100.0,39.246,100.0,33.787,6.72,3.77,82.678,82.127,0.16,NORMAL
82,2026-06-01 20:30:00+00:00,20,0,-0.866025,0.5,0.0,1.0,False,False,EVENING,3.0,5.0,10.0,26.0,48.0,133.0,0.0,0.0,0.0,5.04,2.226,83.04,8.35,83.037,83.546,16.96,1.65,10.22,23.21,85.521,81.327,7.69,4.57,14.74,2.21,45.415,0.0,100.0,33.418,False,,0.0,68.086,0.0,0.0,0.0,0.0,0.0,4.0,0.0,0.0,9.0,0.0,83.161,83.004,91.493,86.816,41.945,74.533,33.264,11.0,0.0,81.764,81.807,100.0,100.0,39.415,23.333,32.706,1.68,3.224,81.531,81.856,0.0,NORMAL
83,2026-06-01 20:45:00+00:00,20,0,-0.866025,0.5,0.0,1.0,False,False,EVENING,1.0,4.0,8.0,26.0,47.0,134.0,0.0,0.0,0.0,1.68,2.433,82.94,8.27,82.938,82.653,17.06,1.73,10.26,23.29,85.091,80.927,7.55,4.56,14.89,2.18,44.867,0.0,48.933,33.061,False,,0.0,63.141,0.0,0.0,0.0,0.0,0.0,0.0,0.0,0.0,7.0,0.0,82.714,82.818,84.968,80.81,41.104,74.533,33.085,14.0,0.0,80.469,81.813,100.0,100.0,40.774,48.933,32.188,1.68,3.104,81.433,81.509,0.0,NORMAL
84,2026-06-01 21:00:00+00:00,21,0,-0.707107,0.707107,0.0,1.0,False,False,EVENING,2.0,3.0,8.0,26.0,48.0,136.0,0.0,0.0,0.0,3.36,5.517,82.37,8.3,82.366,82.985,17.63,1.7,8.95,20.4,96.921,91.762,7.29,4.56,15.15,2.13,43.891,0.0,74.533,33.194,False,,0.0,68.018,0.0,0.0,0.0,0.0,0.0,1.0,0.0,0.0,6.0,0.0,83.326,82.63,100.0,100.0,39.872,74.533,33.33,13.0,0.0,80.38,81.902,100.0,100.0,40.069,48.933,32.152,3.36,2.542,81.738,81.683,0.0,NORMAL
85,2026-06-01 21:15:00+00:00,21,0,-0.707107,0.707107,0.0,1.0,False,False,EVENING,3.0,5.0,9.0,26.0,48.0,139.0,0.0,0.0,0.0,5.04,3.256,82.73,8.38,82.735,83.757,17.27,1.62,10.26,23.29,84.882,80.729,7.0,4.57,15.43,2.08,42.868,0.0,100.0,33.503,False,,0.0,67.685,0.0,0.0,0.0,0.0,0.0,0.0,0.0,0.0,5.0,0.0,84.466,82.755,100.0,100.0,39.246,100.0,33.787,12.0,0.0,80.822,82.269,100.0,100.0,41.014,74.533,32.329,3.36,2.627,81.765,81.864,0.0,NORMAL
86,2026-06-01 21:30:00+00:00,21,0,-0.707107,0.707107,0.0,1.0,False,False,EVENING,2.0,5.0,8.0,24.0,49.0,141.0,0.0,0.0,0.0,3.36,2.522,83.0,8.32,83.004,83.161,17.0,1.68,9.55,21.73,91.493,86.816,6.75,4.57,15.67,2.04,41.945,0.0,74.533,33.264,False,,0.0,66.773,0.0,0.0,0.0,0.0,0.0,-2.0,0.0,0.0,4.0,0.0,81.764,81.807,100.0,100.0,39.415,23.333,32.706,12.0,0.0,80.162,82.438,100.0,100.0,41.279,74.533,32.065,1.68,3.467,81.407,81.453,0.0,NORMAL
87,2026-06-01 21:45:00+00:00,21,0,-0.707107,0.707107,0.0,1.0,False,False,EVENING,2.0,4.0,9.0,25.0,47.0,143.0,0.0,0.0,0.0,3.36,4.281,82.82,8.27,82.818,82.714,17.18,1.73,10.26,23.29,84.968,80.81,6.53,4.57,15.9,2.0,41.104,0.0,74.533,33.085,False,,0.0,65.063,0.0,0.0,0.0,0.0,0.0,1.0,0.0,0.0,6.0,0.0,80.469,81.813,100.0,100.0,40.774,48.933,32.188,12.0,0.0,80.266,82.321,100.0,100.0,40.769,48.933,32.106,0.0,3.697,79.251,80.744,0.0,NORMAL
88,2026-06-01 22:00:00+00:00,22,0,-0.5,0.866025,0.0,1.0,False,False,NIGHT,2.0,4.0,9.0,24.0,48.0,145.0,0.0,0.0,0.0,3.36,3.87,82.63,8.33,82.63,83.326,17.37,1.67,6.27,17.99,100.0,100.0,6.19,4.57,16.23,1.94,39.872,0.0,74.533,33.33,False,,0.0,69.14,0.0,0.0,0.0,0.0,0.0,1.0,0.0,0.0,6.0,0.0,80.38,81.902,100.0,100.0,40.069,48.933,32.152,12.0,0.0,80.216,81.804,100.0,100.0,44.249,48.933,32.086,0.0,1.066,78.089,80.594,0.0,NORMAL
89,2026-06-01 22:15:00+00:00,22,0,-0.5,0.866025,0.0,1.0,False,False,NIGHT,3.0,5.0,9.0,27.0,50.0,148.0,0.0,0.0,0.0,5.04,4.083,82.75,8.45,82.755,84.466,17.25,1.55,6.27,17.99,100.0,100.0,6.01,4.59,16.4,1.91,39.246,0.0,100.0,33.787,False,,0.0,71.631,0.0,0.0,0.0,0.0,0.0,0.0,0.0,0.0,6.0,0.0,80.822,82.269,100.0,100.0,41.014,74.533,32.329,13.0,0.0,81.086,82.223,100.0,100.0,43.774,100.0,32.434,0.0,3.677,77.846,79.699,0.0,MODERATE
90,2026-06-01 22:30:00+00:00,22,0,-0.5,0.866025,0.0,1.0,False,False,NIGHT,0.0,3.0,7.0,25.0,48.0,148.0,0.0,0.0,0.0,0.0,4.873,81.81,8.18,81.807,81.764,18.19,1.82,6.27,17.99,100.0,100.0,6.07,4.57,16.36,1.92,39.415,0.0,23.333,32.706,False,,0.0,63.998,0.0,0.0,0.0,0.0,0.0,-1.0,0.0,0.0,7.0,0.0,80.162,82.438,100.0,100.0,41.279,74.533,32.065,14.0,0.0,81.739,82.517,100.0,100.0,42.741,100.0,32.696,0.0,1.721,77.542,79.299,0.0,NORMAL
91,2026-06-01 22:45:00+00:00,22,0,-0.5,0.866025,0.0,1.0,False,False,NIGHT,1.0,1.0,6.0,23.0,47.0,149.0,0.0,0.0,0.0,1.68,2.173,81.81,8.05,81.813,80.469,18.19,1.95,6.27,17.99,100.0,100.0,6.47,4.54,15.99,1.98,40.774,0.0,48.933,32.188,False,,0.0,66.166,0.0,0.0,0.0,0.0,0.0,-3.0,0.0,0.0,8.0,0.0,80.266,82.321,100.0,100.0,40.769,48.933,32.106,12.0,0.0,80.813,81.83,100.0,100.0,42.327,23.333,32.325,1.68,1.857,76.962,79.313,0.0,NORMAL
92,2026-06-01 23:00:00+00:00,23,0,-0.258819,0.965926,0.0,1.0,False,False,NIGHT,1.0,2.0,5.0,22.0,46.0,150.0,0.0,0.0,0.0,1.68,1.36,81.9,8.04,81.902,80.38,18.1,1.96,6.27,17.99,100.0,100.0,6.3,4.52,16.18,1.95,40.069,0.0,48.933,32.152,False,,0.0,66.105,0.0,0.0,0.0,0.0,0.0,-4.0,0.0,0.0,7.0,0.0,80.216,81.804,100.0,100.0,44.249,48.933,32.086,13.0,0.0,79.628,81.213,100.0,100.0,43.2,23.333,31.851,0.0,2.588,76.818,78.68,0.0,NORMAL
93,2026-06-01 23:15:00+00:00,23,0,-0.258819,0.965926,0.0,1.0,False,False,NIGHT,2.0,3.0,4.0,22.0,46.0,152.0,0.0,0.0,0.0,3.36,1.714,82.27,8.08,82.269,80.822,17.73,1.92,4.85,14.87,100.0,100.0,6.57,4.5,15.93,1.99,41.014,0.0,74.533,32.329,False,,0.0,68.663,0.0,0.0,0.0,0.0,0.0,-5.0,0.0,0.0,6.0,0.0,81.086,82.223,100.0,100.0,43.774,100.0,32.434,15.0,0.0,80.56,81.222,100.0,100.0,43.059,74.533,32.224,1.68,1.657,76.817,78.686,0.0,NORMAL
94,2026-06-01 23:30:00+00:00,23,0,-0.258819,0.965926,0.0,1.0,False,False,NIGHT,2.0,4.0,6.0,21.0,47.0,154.0,0.0,0.0,0.0,3.36,2.947,82.44,8.02,82.438,80.162,17.56,1.98,5.25,15.75,100.0,100.0,6.66,4.48,15.85,2.01,41.279,0.0,74.533,32.065,False,,0.0,68.592,0.0,0.0,0.0,0.0,0.0,-1.0,0.0,0.0,5.0,0.0,81.739,82.517,100.0,100.0,42.741,100.0,32.696,15.0,0.0,81.069,81.302,100.0,100.0,43.068,74.533,32.428,1.68,1.545,76.911,78.711,0.0,NORMAL
95,2026-06-01 23:45:00+00:00,23,0,-0.258819,0.965926,0.0,1.0,False,False,NIGHT,1.0,3.0,6.0,21.0,47.0,155.0,0.0,0.0,0.0,1.68,2.108,82.32,8.03,82.321,80.266,17.68,1.97,6.17,17.77,100.0,100.0,6.54,4.47,15.99,1.98,40.769,0.0,48.933,32.106,False,,0.0,66.237,0.0,0.0,0.0,0.0,0.0,0.0,0.0,0.0,4.0,0.0,80.813,81.83,100.0,100.0,42.327,23.333,32.325,14.0,0.0,80.872,81.078,100.0,100.0,43.434,48.933,32.349,0.0,1.079,76.023,78.529,0.0,NORMAL
96,2026-06-02 00:00:00+00:00,0,1,0.0,1.0,0.781831,0.62349,False,False,NIGHT,1.0,2.0,6.0,20.0,46.0,155.0,0.0,0.0,0.0,1.68,3.769,81.8,8.02,81.804,80.216,18.2,1.98,6.27,17.99,100.0,100.0,7.49,4.46,15.05,2.15,44.249,0.0,48.933,32.086,False,,0.0,66.426,0.0,0.0,0.0,0.0,0.0,1.0,0.0,0.0,5.0,0.0,79.628,81.213,100.0,100.0,43.2,23.333,31.851,13.0,0.0,81.337,81.524,100.0,100.0,43.813,74.533,32.535,0.0,0.015,75.751,78.553,0.0,NORMAL
97,2026-06-02 00:15:00+00:00,0,1,0.0,1.0,0.781831,0.62349,False,False,NIGHT,3.0,4.0,7.0,20.0,46.0,157.0,0.0,0.0,0.0,5.04,3.014,82.22,8.11,82.223,81.086,17.78,1.89,6.27,17.99,100.0,100.0,7.36,4.46,15.18,2.13,43.774,0.0,100.0,32.434,False,,0.0,71.246,0.0,0.0,0.0,0.0,0.0,3.0,0.0,0.0,7.0,0.0,80.56,81.222,100.0,100.0,43.059,74.533,32.224,11.0,0.0,82.678,82.127,100.0,100.0,43.494,100.0,33.071,0.0,1.882,75.296,78.128,0.0,MODERATE
98,2026-06-02 00:30:00+00:00,0,1,0.0,1.0,0.781831,0.62349,False,False,NIGHT,3.0,6.0,8.0,21.0,45.0,160.0,0.0,0.0,0.0,5.04,3.602,82.52,8.17,82.517,81.739,17.48,1.83,6.27,17.99,100.0,100.0,7.07,4.47,15.46,2.08,42.741,0.0,100.0,32.696,False,,0.0,71.348,0.0,0.0,0.0,0.0,0.0,2.0,0.0,0.0,9.0,0.0,81.069,81.302,100.0,100.0,43.068,74.533,32.428,7.0,0.0,81.531,81.856,100.0,100.0,43.79,48.933,32.612,1.68,1.402,74.805,78.247,0.0,MODERATE
99,2026-06-02 00:45:00+00:00,0,1,0.0,1.0,0.781831,0.62349,False,False,NIGHT,0.0,3.0,7.0,19.0,44.0,159.0,0.0,0.0,0.0,0.0,3.121,81.83,8.08,81.83,80.813,18.17,1.92,6.27,17.99,100.0,100.0,6.97,4.46,15.57,2.06,42.327,0.0,23.333,32.325,False,,0.0,64.075,0.0,0.0,0.0,0.0,0.0,1.0,0.0,0.0,8.0,0.0,80.872,81.078,100.0,100.0,43.434,48.933,32.349,6.0,0.0,81.433,81.509,100.0,100.0,44.211,48.933,32.573,1.68,2.387,75.519,77.998,0.0,NORMAL
100,2026-06-02 01:00:00+00:00,1,1,0.258819,0.965926,0.781831,0.62349,False,False,NIGHT,0.0,0.0,6.0,17.0,41.0,157.0,0.0,0.0,0.0,0.0,2.94,81.21,7.96,81.213,79.628,18.79,2.04,6.27,17.99,100.0,100.0,7.22,4.45,15.34,2.1,43.2,0.0,23.333,31.851,False,,0.0,63.78,0.0,0.0,0.0,0.0,0.0,0.0,0.0,0.0,8.0,0.0,81.337,81.524,100.0,100.0,43.813,74.533,32.535,6.0,0.0,81.738,81.683,100.0,100.0,44.738,74.533,32.695,0.0,1.859,74.775,77.608,0.0,NORMAL
101,2026-06-02 01:15:00+00:00,1,1,0.258819,0.965926,0.781831,0.62349,False,False,NIGHT,2.0,2.0,5.0,16.0,43.0,159.0,0.0,0.0,0.0,3.36,2.953,81.22,8.06,81.222,80.56,18.78,1.94,5.74,16.83,100.0,100.0,7.18,4.44,15.37,2.09,43.059,0.0,74.533,32.224,False,,0.0,68.564,0.0,0.0,0.0,0.0,0.0,-2.0,0.0,0.0,8.0,0.0,82.678,82.127,100.0,100.0,43.494,100.0,33.071,4.0,0.0,81.765,81.864,100.0,100.0,45.242,74.533,32.706,3.36,3.039,75.373,77.629,0.0,NORMAL
102,2026-06-02 01:30:00+00:00,1,1,0.258819,0.965926,0.781831,0.62349,False,False,NIGHT,2.0,4.0,4.0,18.0,43.0,161.0,0.0,0.0,0.0,3.36,2.836,81.3,8.11,81.302,81.069,18.7,1.89,6.27,17.99,100.0,100.0,7.18,4.45,15.37,2.09,43.068,0.0,74.533,32.428,False,,0.0,68.684,0.0,0.0,0.0,0.0,0.0,-4.0,0.0,0.0,6.0,0.0,81.531,81.856,100.0,100.0,43.79,48.933,32.612,3.0,0.0,81.407,81.453,100.0,100.0,45.298,48.933,32.563,1.68,2.866,75.819,77.288,0.0,NORMAL
103,2026-06-02 01:45:00+00:00,1,1,0.258819,0.965926,0.781831,0.62349,False,False,NIGHT,1.0,3.0,5.0,18.0,41.0,161.0,0.0,0.0,0.0,1.68,2.654,81.08,8.09,81.078,80.872,18.92,1.91,6.27,17.99,100.0,100.0,7.28,4.45,15.27,2.11,43.434,0.0,48.933,32.349,False,,0.0,66.325,0.0,0.0,0.0,0.0,0.0,-2.0,0.0,0.0,6.0,0.0,81.433,81.509,100.0,100.0,44.211,48.933,32.573,3.0,0.0,79.251,80.744,100.0,100.0,42.97,23.333,31.7,3.36,2.489,76.585,77.429,0.0,NORMAL
104,2026-06-02 02:00:00+00:00,2,1,0.5,0.866025,0.781831,0.62349,False,False,NIGHT,2.0,3.0,7.0,19.0,41.0,162.0,0.0,0.0,0.0,3.36,1.391,81.52,8.13,81.524,81.337,18.48,1.87,5.24,15.73,100.0,100.0,7.38,4.45,15.17,2.13,43.813,0.0,74.533,32.535,False,,0.0,68.854,0.0,0.0,0.0,0.0,0.0,1.0,0.0,0.0,5.0,0.0,81.738,81.683,100.0,100.0,44.738,74.533,32.695,3.0,0.0,78.089,80.594,100.0,100.0,41.633,23.333,31.235,6.72,1.392,77.815,78.638,0.16,NORMAL
105,2026-06-02 02:15:00+00:00,2,1,0.5,0.866025,0.781831,0.62349,False,False,NIGHT,4.0,6.0,9.0,21.0,43.0,164.0,0.0,0.0,0.0,6.72,3.77,82.13,8.27,82.127,82.678,17.87,1.73,6.27,17.99,100.0,100.0,7.27,4.47,15.26,2.11,43.494,0.16,100.0,33.071,False,,0.0,71.518,0.0,0.0,0.0,0.0,0.0,4.0,0.16,0.04,3.0,0.0,81.765,81.864,100.0,100.0,45.242,74.533,32.706,3.0,0.0,77.846,79.699,100.0,100.0,42.718,23.333,31.139,1.68,2.473,78.238,78.397,0.0,MODERATE
106,2026-06-02 02:30:00+00:00,2,1,0.5,0.866025,0.781831,0.62349,False,False,NIGHT,1.0,5.0,8.0,20.0,41.0,164.0,0.0,0.0,0.0,1.68,3.224,81.86,8.15,81.856,81.531,18.14,1.85,4.58,14.27,100.0,100.0,7.35,4.47,15.18,2.13,43.79,0.0,48.933,32.612,False,,0.0,66.66,0.0,0.0,0.0,0.0,0.0,4.0,0.0,0.0,1.0,0.0,81.407,81.453,100.0,100.0,45.298,48.933,32.563,3.0,0.0,77.542,79.299,100.0,100.0,42.912,23.333,31.017,0.0,0.0,77.898,78.431,0.0,NORMAL
107,2026-06-02 02:45:00+00:00,2,1,0.5,0.866025,0.781831,0.62349,False,False,NIGHT,1.0,2.0,8.0,20.0,41.0,165.0,0.0,0.0,0.0,1.68,3.104,81.51,8.14,81.509,81.433,18.49,1.86,6.27,17.99,100.0,100.0,7.46,4.47,15.06,2.15,44.211,0.0,48.933,32.573,False,,0.0,66.602,0.0,0.0,0.0,0.0,0.0,3.0,0.0,0.0,0.0,0.0,79.251,80.744,100.0,100.0,42.97,23.333,31.7,4.0,0.0,76.962,79.313,100.0,100.0,44.902,48.933,30.785,5.04,0.295,78.505,79.557,0.0,NORMAL
108,2026-06-02 03:00:00+00:00,3,1,0.707107,0.707107,0.781831,0.62349,False,False,NIGHT,2.0,3.0,8.0,21.0,41.0,164.0,0.0,0.0,0.0,3.36,2.542,81.68,8.17,81.683,81.738,18.32,1.83,4.77,14.69,100.0,100.0,7.6,4.48,14.92,2.17,44.738,0.0,74.533,32.695,False,,0.0,69.052,0.0,0.0,0.0,0.0,0.0,1.0,0.0,0.0,1.0,0.0,78.089,80.594,100.0,100.0,41.633,23.333,31.235,4.0,0.0,76.818,78.68,100.0,99.377,43.644,23.333,30.727,6.72,1.522,80.954,80.611,0.16,NORMAL
109,2026-06-02 03:15:00+00:00,3,1,0.707107,0.707107,0.781831,0.62349,False,False,NIGHT,2.0,4.0,6.0,20.0,40.0,166.0,0.0,0.0,0.0,3.36,2.627,81.86,8.18,81.864,81.765,18.14,1.82,4.31,13.68,100.0,100.0,7.73,4.48,14.78,2.2,45.242,0.0,74.533,32.706,False,,0.0,69.143,0.0,0.0,0.0,0.0,0.0,-3.0,-0.16,0.0,1.0,0.0,77.846,79.699,100.0,100.0,42.718,23.333,31.139,4.0,0.0,76.817,78.686,100.0,100.0,44.049,48.933,30.727,5.04,1.753,82.538,81.275,0.16,NORMAL
110,2026-06-02 03:30:00+00:00,3,1,0.707107,0.707107,0.781831,0.62349,False,False,NIGHT,1.0,3.0,6.0,18.0,39.0,166.0,0.0,0.0,0.0,1.68,3.467,81.45,8.14,81.453,81.407,18.55,1.86,6.27,17.99,100.0,100.0,7.75,4.48,14.77,2.2,45.298,0.0,48.933,32.563,False,,0.0,66.682,0.0,0.0,0.0,0.0,0.0,-2.0,0.0,0.0,2.0,0.0,77.542,79.299,100.0,100.0,42.912,23.333,31.017,5.0,0.0,76.911,78.711,100.0,100.0,43.903,48.933,30.765,6.72,3.197,84.595,81.95,0.32,NORMAL
111,2026-06-02 03:45:00+00:00,3,1,0.707107,0.707107,0.781831,0.62349,False,False,NIGHT,0.0,1.0,5.0,18.0,37.0,165.0,0.0,0.0,0.0,0.0,3.697,80.74,7.93,80.744,79.251,19.26,2.07,6.27,17.99,100.0,100.0,7.15,4.46,15.4,2.09,42.97,0.0,23.333,31.7,False,,0.0,63.581,0.0,0.0,0.0,0.0,0.0,-3.0,0.0,0.0,3.0,0.0,76.962,79.313,100.0,100.0,44.902,48.933,30.785,5.0,0.0,76.023,78.529,100.0,99.186,43.575,23.333,30.409,1.68,3.133,84.036,81.642,0.0,NORMAL
112,2026-06-02 04:00:00+00:00,4,1,0.866025,0.5,0.781831,0.62349,False,False,NIGHT,0.0,0.0,3.0,18.0,35.0,164.0,0.0,0.0,0.0,0.0,1.066,80.59,7.81,80.594,78.089,19.41,2.19,6.24,17.92,100.0,100.0,6.82,4.42,15.76,2.02,41.633,0.0,23.333,31.235,False,,0.0,63.195,0.0,0.0,0.0,0.0,0.0,-5.0,0.0,0.0,2.0,0.0,76.818,78.68,100.0,99.377,43.644,23.333,30.727,7.0,0.0,75.751,78.553,70.364,66.286,43.496,23.333,30.3,3.36,3.145,83.248,81.775,0.0,NORMAL
113,2026-06-02 04:15:00+00:00,4,1,0.866025,0.5,0.781831,0.62349,False,False,NIGHT,0.0,0.0,1.0,16.0,32.0,162.0,0.0,0.0,0.0,0.0,3.677,79.7,7.78,79.699,77.846,20.3,2.22,5.39,16.05,100.0,100.0,7.14,4.4,15.47,2.08,42.718,0.0,23.333,31.139,False,,0.0,63.048,0.0,0.0,0.0,0.0,0.0,-5.0,0.0,0.0,2.0,0.0,76.817,78.686,100.0,100.0,44.049,48.933,30.727,11.0,0.0,75.296,78.128,68.705,64.771,43.538,23.333,30.118,3.36,5.734,83.612,81.145,0.0,NORMAL
114,2026-06-02 04:30:00+00:00,4,1,0.866025,0.5,0.781831,0.62349,False,False,NIGHT,0.0,0.0,0.0,14.0,32.0,162.0,0.0,0.0,0.0,0.0,1.721,79.3,7.75,79.299,77.542,20.7,2.25,5.76,16.88,100.0,100.0,7.22,4.37,15.41,2.09,42.912,0.0,23.333,31.017,False,,0.0,62.916,0.0,0.0,0.0,0.0,0.0,-6.0,0.0,0.0,1.0,0.0,76.911,78.711,100.0,100.0,43.903,48.933,30.765,12.0,0.0,74.805,78.247,68.809,64.869,42.398,48.933,29.922,5.04,4.404,83.6,81.305,0.0,NORMAL
115,2026-06-02 04:45:00+00:00,4,1,0.866025,0.5,0.781831,0.62349,False,False,NIGHT,1.0,1.0,1.0,14.0,32.0,162.0,0.0,0.0,0.0,1.68,1.857,79.31,7.7,79.313,76.962,20.69,2.3,5.4,16.07,100.0,100.0,7.78,4.34,14.88,2.18,44.902,0.0,48.933,30.785,False,,0.0,65.286,0.0,0.0,0.0,0.0,0.0,-4.0,0.0,0.0,1.0,0.0,76.023,78.529,100.0,99.186,43.575,23.333,30.409,11.0,0.0,75.519,77.998,71.696,67.47,40.872,48.933,30.208,6.72,2.664,83.956,82.283,0.16,NORMAL
116,2026-06-02 05:00:00+00:00,5,1,0.965926,0.258819,0.781831,0.62349,False,False,NIGHT,0.0,1.0,1.0,12.0,31.0,160.0,0.0,0.0,0.0,0.0,2.588,78.68,7.68,78.68,76.818,21.32,2.32,6.27,17.99,100.0,99.377,7.47,4.32,15.22,2.12,43.644,0.0,23.333,30.727,False,,0.0,62.626,0.0,0.0,0.0,0.0,0.0,-2.0,0.0,0.0,2.0,0.0,75.751,78.553,70.364,66.286,43.496,23.333,30.3,13.0,0.0,74.775,77.608,74.391,69.884,41.628,23.333,29.91,5.04,3.982,84.532,82.49,0.16,NORMAL
117,2026-06-02 05:15:00+00:00,5,1,0.965926,0.258819,0.781831,0.62349,False,False,NIGHT,1.0,1.0,2.0,9.0,30.0,159.0,0.0,0.0,0.0,1.68,1.657,78.69,7.68,78.686,76.817,21.31,2.32,5.41,16.09,100.0,100.0,7.59,4.3,15.11,2.14,44.049,0.0,48.933,30.727,False,,0.0,65.043,0.0,0.0,0.0,0.0,0.0,1.0,0.0,0.0,2.0,0.0,75.296,78.128,68.705,64.771,43.538,23.333,30.118,17.0,0.0,75.373,77.629,74.596,70.069,40.301,74.533,30.149,5.04,3.402,85.31,82.822,0.16,NORMAL
118,2026-06-02 05:30:00+00:00,5,1,0.965926,0.258819,0.781831,0.62349,False,False,NIGHT,1.0,2.0,3.0,9.0,29.0,159.0,0.0,0.0,0.0,1.68,1.545,78.71,7.69,78.711,76.911,21.29,2.31,4.49,14.08,100.0,100.0,7.57,4.29,15.15,2.13,43.903,0.0,48.933,30.765,False,,0.0,65.054,0.0,0.0,0.0,0.0,0.0,3.0,0.0,0.0,4.0,0.0,74.805,78.247,68.809,64.869,42.398,48.933,29.922,18.0,0.0,75.819,77.288,69.242,65.229,40.691,48.933,30.327,3.36,2.384,84.45,83.152,0.0,NORMAL
119,2026-06-02 05:45:00+00:00,5,1,0.965926,0.258819,0.781831,0.62349,False,False,NIGHT,0.0,1.0,2.0,8.0,28.0,158.0,0.0,0.0,0.0,0.0,1.079,78.53,7.6,78.529,76.023,21.47,2.4,6.27,17.99,100.0,99.186,7.5,4.27,15.23,2.12,43.575,0.0,23.333,30.409,False,,0.0,62.405,0.0,0.0,0.0,0.0,0.0,1.0,0.0,0.0,4.0,0.0,75.519,77.998,71.696,67.47,40.872,48.933,30.208,21.0,0.0,76.585,77.429,80.758,75.58,40.489,74.533,30.634,0.0,3.977,83.648,82.238,0.0,NORMAL
120,2026-06-02 06:00:00+00:00,6,1,1.0,0.0,0.781831,0.62349,False,False,MORNING,0.0,0.0,2.0,6.0,27.0,157.0,0.0,0.0,0.0,0.0,0.015,78.55,7.58,78.553,75.751,21.45,2.42,11.75,26.93,70.364,66.286,7.5,4.25,15.26,2.11,43.496,0.0,23.333,30.3,False,,0.0,54.844,0.0,0.0,0.0,0.0,0.0,1.0,0.0,0.0,5.0,0.0,74.775,77.608,74.391,69.884,41.628,23.333,29.91,20.0,0.0,77.815,78.638,78.167,73.315,40.57,100.0,31.126,3.36,3.506,84.229,82.143,0.0,NORMAL
121,2026-06-02 06:15:00+00:00,6,1,1.0,0.0,0.781831,0.62349,False,False,MORNING,0.0,0.0,1.0,4.0,24.0,157.0,0.0,0.0,0.0,0.0,1.882,78.13,7.53,78.128,75.296,21.87,2.47,11.97,27.41,68.705,64.771,7.53,4.22,15.24,2.12,43.538,0.0,23.333,30.118,False,,0.0,54.283,0.0,0.0,0.0,0.0,0.0,-1.0,0.0,0.0,9.0,0.0,75.373,77.629,74.596,70.069,40.301,74.533,30.149,18.0,0.0,78.238,78.397,72.301,68.031,39.346,48.933,31.295,6.72,1.577,86.151,83.237,0.16,NORMAL
122,2026-06-02 06:30:00+00:00,6,1,1.0,0.0,0.781831,0.62349,False,False,MORNING,1.0,1.0,1.0,4.0,22.0,157.0,0.0,0.0,0.0,1.68,1.402,78.25,7.48,78.247,74.805,21.75,2.52,11.97,27.41,68.809,64.869,7.24,4.2,15.55,2.06,42.398,0.0,48.933,29.922,False,,0.0,56.436,0.0,0.0,0.0,0.0,0.0,-2.0,0.0,0.0,8.0,0.0,75.819,77.288,69.242,65.229,40.691,48.933,30.327,19.0,0.0,77.898,78.431,75.539,70.947,39.415,23.333,31.159,5.04,4.698,86.299,83.308,0.16,NORMAL
123,2026-06-02 06:45:00+00:00,6,1,1.0,0.0,0.781831,0.62349,False,False,MORNING,1.0,2.0,2.0,5.0,23.0,157.0,0.0,0.0,0.0,1.68,2.387,78.0,7.55,77.998,75.519,22.0,2.45,11.45,26.27,71.696,67.47,6.84,4.19,15.96,1.99,40.872,0.0,48.933,30.208,False,,0.0,57.046,0.0,0.0,0.0,0.0,0.0,0.0,0.0,0.0,7.0,0.0,76.585,77.429,80.758,75.58,40.489,74.533,30.634,22.0,0.0,78.505,79.557,69.962,65.956,40.604,100.0,31.402,1.68,3.573,85.604,82.904,0.0,NORMAL
124,2026-06-02 07:00:00+00:00,7,1,0.965926,-0.258819,0.781831,0.62349,False,False,MORNING,0.0,1.0,2.0,5.0,23.0,156.0,0.0,0.0,0.0,0.0,1.859,77.61,7.48,77.608,74.775,22.39,2.52,10.98,25.24,74.391,69.884,7.06,4.18,15.76,2.02,41.628,0.0,23.333,29.91,False,,0.0,55.188,0.0,0.0,0.0,0.0,0.0,0.0,0.0,0.0,8.0,0.0,77.815,78.638,78.167,73.315,40.57,100.0,31.126,23.0,0.0,80.954,80.611,70.889,66.83,41.03,100.0,32.382,1.68,3.485,84.393,82.574,0.0,NORMAL
125,2026-06-02 07:15:00+00:00,7,1,0.965926,-0.258819,0.781831,0.62349,False,False,MORNING,2.0,2.0,4.0,7.0,23.0,155.0,0.0,0.0,0.0,3.36,3.039,77.63,7.54,77.629,75.373,22.37,2.46,10.95,25.18,74.596,70.069,6.71,4.17,16.12,1.96,40.301,0.0,74.533,30.149,False,,0.0,59.848,0.0,0.0,0.0,0.0,0.0,3.0,0.0,0.0,8.0,0.0,78.238,78.397,72.301,68.031,39.346,48.933,31.295,22.0,0.0,82.538,81.275,71.472,67.38,40.78,100.0,33.015,1.68,2.966,83.691,82.323,0.0,NORMAL
126,2026-06-02 07:30:00+00:00,7,1,0.965926,-0.258819,0.781831,0.62349,False,False,MORNING,1.0,3.0,4.0,8.0,22.0,156.0,0.0,0.0,0.0,1.68,2.866,77.29,7.58,77.288,75.819,22.71,2.42,11.75,26.93,69.242,65.229,6.82,4.17,16.01,1.98,40.691,0.0,48.933,30.327,False,,0.0,56.37,0.0,0.0,0.0,0.0,0.0,3.0,0.0,0.0,10.0,0.0,77.898,78.431,75.539,70.947,39.415,23.333,31.159,22.0,0.0,84.595,81.95,77.149,72.53,41.039,100.0,33.838,1.68,3.419,82.252,82.032,0.0,NORMAL
127,2026-06-02 07:45:00+00:00,7,1,0.965926,-0.258819,0.781831,0.62349,False,False,MORNING,2.0,3.0,5.0,9.0,23.0,156.0,0.0,0.0,0.0,3.36,2.489,77.43,7.66,77.429,76.585,22.57,2.34,10.09,23.28,80.758,75.58,6.75,4.18,16.07,1.97,40.489,0.0,74.533,30.634,False,,0.0,61.464,0.0,0.0,0.0,0.0,0.0,3.0,0.0,0.0,14.0,0.0,78.505,79.557,69.962,65.956,40.604,100.0,31.402,20.0,0.0,84.036,81.642,71.796,67.685,43.085,48.975,33.615,5.04,2.911,83.456,82.443,0.0,NORMAL
128,2026-06-02 08:00:00+00:00,8,1,0.866025,-0.5,0.781831,0.62349,False,False,MORNING,4.0,6.0,9.0,13.0,25.0,155.0,0.0,0.0,0.0,6.72,1.392,78.64,7.78,78.638,77.815,21.36,2.22,10.59,24.38,78.167,73.315,6.75,4.2,16.05,1.97,40.57,0.16,100.0,31.126,False,,0.0,63.693,0.0,0.0,0.0,0.0,0.0,7.0,0.16,0.04,12.0,0.0,80.954,80.611,70.889,66.83,41.03,100.0,32.382,19.0,0.0,83.248,81.775,81.165,76.132,44.831,74.533,33.299,0.0,3.641,82.129,81.666,0.0,NORMAL
129,2026-06-02 08:15:00+00:00,8,1,0.866025,-0.5,0.781831,0.62349,False,False,MORNING,1.0,5.0,8.0,13.0,22.0,154.0,0.0,0.0,0.0,1.68,2.473,78.4,7.82,78.397,78.238,21.6,2.18,11.41,26.19,72.301,68.031,6.4,4.22,16.38,1.91,39.346,0.0,48.933,31.295,False,,0.0,57.68,0.0,0.0,0.0,0.0,0.0,4.0,0.0,0.0,10.0,0.0,82.538,81.275,71.472,67.38,40.78,100.0,33.015,19.0,0.0,83.612,81.145,83.294,78.011,45.172,74.533,33.445,1.68,2.724,81.498,81.468,0.0,NORMAL
130,2026-06-02 08:30:00+00:00,8,1,0.866025,-0.5,0.781831,0.62349,False,False,MORNING,0.0,1.0,7.0,12.0,21.0,153.0,0.0,0.0,0.0,0.0,0.0,78.43,7.79,78.431,77.898,21.57,2.21,10.93,25.12,75.539,70.947,6.41,4.23,16.36,1.92,39.415,0.0,23.333,31.159,False,,0.0,56.06,0.0,0.0,0.0,0.0,0.0,3.0,0.0,0.0,9.0,0.0,84.595,81.95,77.149,72.53,41.039,100.0,33.838,21.0,0.0,83.6,81.305,81.356,76.283,45.7,100.0,33.44,5.04,3.437,83.09,81.71,0.0,NORMAL
131,2026-06-02 08:45:00+00:00,8,1,0.866025,-0.5,0.781831,0.62349,False,False,MORNING,3.0,3.0,8.0,15.0,23.0,155.0,0.0,0.0,0.0,5.04,0.295,79.56,7.85,79.557,78.505,20.44,2.15,11.97,27.41,69.962,65.956,6.71,4.25,16.04,1.97,40.604,0.0,100.0,31.402,False,,0.0,62.168,0.0,0.0,0.0,0.0,0.0,3.0,0.0,0.0,8.0,0.0,84.036,81.642,71.796,67.685,43.085,48.975,33.615,21.0,0.0,83.956,82.283,72.426,68.276,43.853,100.0,33.583,1.68,2.678,81.649,81.604,0.0,NORMAL
132,2026-06-02 09:00:00+00:00,9,1,0.707107,-0.707107,0.781831,0.62349,False,False,MORNING,4.0,7.0,8.0,19.0,25.0,158.0,0.0,0.0,0.0,6.72,1.522,80.61,8.1,80.611,80.954,19.39,1.9,11.97,27.41,70.889,66.83,6.79,4.29,15.92,1.99,41.03,0.16,100.0,32.382,False,,0.0,63.144,0.0,0.0,0.0,0.0,0.0,-1.0,0.0,0.04,11.0,0.0,83.248,81.775,81.165,76.132,44.831,74.533,33.299,18.0,0.0,84.532,82.49,72.541,68.388,44.978,100.0,33.813,0.0,2.073,80.451,81.206,0.0,NORMAL
133,2026-06-02 09:15:00+00:00,9,1,0.707107,-0.707107,0.781831,0.62349,False,False,MORNING,3.0,7.0,10.0,22.0,26.0,161.0,0.0,0.0,0.0,5.04,1.753,81.27,8.25,81.275,82.538,18.73,1.75,11.97,27.41,71.472,67.38,6.67,4.34,15.99,1.98,40.78,0.16,100.0,33.015,False,,0.0,63.721,0.0,0.0,0.0,0.0,0.0,2.0,0.16,0.04,12.0,0.0,83.612,81.145,83.294,78.011,45.172,74.533,33.445,16.0,0.0,85.31,82.822,76.938,72.372,44.0,100.0,34.124,3.36,3.704,80.93,81.072,0.0,NORMAL
134,2026-06-02 09:30:00+00:00,9,1,0.707107,-0.707107,0.781831,0.62349,False,False,MORNING,4.0,7.0,14.0,25.0,29.0,164.0,0.0,0.0,0.0,6.72,3.197,81.95,8.46,81.95,84.595,18.05,1.54,11.18,25.68,77.149,72.53,6.68,4.4,15.92,1.99,41.039,0.32,100.0,33.838,False,,0.0,65.603,0.0,0.0,0.0,0.0,0.0,7.0,0.32,0.08,13.0,0.0,83.6,81.305,81.356,76.283,45.7,100.0,33.44,14.0,0.0,84.45,83.152,98.23,91.369,45.579,74.575,33.78,1.68,3.067,80.532,80.765,0.0,NORMAL
135,2026-06-02 09:45:00+00:00,9,1,0.707107,-0.707107,0.781831,0.62349,False,False,MORNING,1.0,5.0,12.0,25.0,30.0,164.0,0.0,0.0,0.0,1.68,3.133,81.64,8.4,81.642,84.036,18.36,1.6,11.97,27.41,71.796,67.685,7.19,4.45,15.37,2.09,43.085,0.0,48.975,33.615,False,,0.0,59.792,0.0,0.0,0.0,0.0,0.0,4.0,0.0,0.0,12.0,0.0,83.956,82.283,72.426,68.276,43.853,100.0,33.583,13.0,0.0,83.648,82.238,84.868,79.465,45.699,23.333,33.459,8.4,2.407,83.076,82.009,0.32,NORMAL
136,2026-06-02 10:00:00+00:00,10,1,0.5,-0.866025,0.781831,0.62349,False,False,MORNING,2.0,3.0,10.0,27.0,32.0,165.0,0.0,0.0,0.0,3.36,3.145,81.77,8.32,81.775,83.248,18.23,1.68,10.61,24.41,81.165,76.132,7.63,4.47,14.9,2.18,44.831,0.0,74.533,33.299,False,,0.0,64.259,0.0,0.0,0.0,0.0,0.0,2.0,-0.16,0.0,8.0,0.0,84.532,82.49,72.541,68.388,44.978,100.0,33.813,16.0,0.0,84.229,82.143,79.429,74.589,46.771,74.533,33.691,1.68,3.066,81.681,81.802,0.0,NORMAL
137,2026-06-02 10:15:00+00:00,10,1,0.5,-0.866025,0.781831,0.62349,False,False,MORNING,2.0,4.0,9.0,27.0,34.0,164.0,0.0,0.0,0.0,3.36,5.734,81.14,8.36,81.145,83.612,18.86,1.64,10.25,23.64,83.294,78.011,7.7,4.5,14.8,2.2,45.172,0.0,74.533,33.445,False,,0.0,64.704,0.0,0.0,0.0,0.0,0.0,-1.0,-0.16,0.0,7.0,0.0,85.31,82.822,76.938,72.372,44.0,100.0,34.124,14.0,0.0,86.151,83.237,79.104,74.339,45.856,100.0,34.46,5.04,2.566,82.18,82.37,0.0,NORMAL
138,2026-06-02 10:30:00+00:00,10,1,0.5,-0.866025,0.781831,0.62349,False,False,MORNING,3.0,5.0,8.0,29.0,37.0,166.0,0.0,0.0,0.0,5.04,4.404,81.31,8.36,81.305,83.6,18.69,1.64,10.52,24.22,81.356,76.283,7.82,4.52,14.66,2.22,45.7,0.0,100.0,33.44,False,,0.0,66.637,0.0,0.0,0.0,0.0,0.0,-6.0,-0.32,0.0,8.0,0.0,84.45,83.152,98.23,91.369,45.579,74.575,33.78,11.0,0.0,86.299,83.308,76.555,72.044,45.676,100.0,34.52,3.36,3.037,81.868,82.482,0.0,NORMAL
139,2026-06-02 10:45:00+00:00,10,1,0.5,-0.866025,0.781831,0.62349,False,False,MORNING,4.0,7.0,11.0,31.0,40.0,167.0,0.0,0.0,0.0,6.72,2.664,82.28,8.4,82.283,83.956,17.72,1.6,11.96,27.39,72.426,68.276,7.3,4.54,15.16,2.13,43.853,0.16,100.0,33.583,False,,0.0,64.724,0.0,0.0,0.0,0.0,0.0,-1.0,0.16,0.04,9.0,0.0,83.648,82.238,84.868,79.465,45.699,23.333,33.459,11.0,0.0,85.604,82.904,72.905,68.731,44.357,48.933,34.242,1.68,2.501,81.798,82.284,0.0,NORMAL
140,2026-06-02 11:00:00+00:00,11,1,0.258819,-0.965926,0.781831,0.62349,False,False,MORNING,3.0,7.0,12.0,30.0,43.0,168.0,0.0,0.0,0.0,5.04,3.982,82.49,8.45,82.49,84.532,17.51,1.55,11.97,27.41,72.541,68.388,7.58,4.56,14.86,2.19,44.978,0.16,100.0,33.813,False,,0.0,65.014,0.0,0.0,0.0,0.0,0.0,2.0,0.16,0.04,10.0,0.0,84.229,82.143,79.429,74.589,46.771,74.533,33.691,11.0,0.0,84.393,82.574,73.43,69.195,42.686,48.933,33.757,6.72,3.284,84.006,82.922,0.16,NORMAL
141,2026-06-02 11:15:00+00:00,11,1,0.258819,-0.965926,0.781831,0.62349,False,False,MORNING,3.0,6.0,13.0,32.0,45.0,170.0,0.0,0.0,0.0,5.04,3.402,82.82,8.53,82.822,85.31,17.18,1.47,11.33,26.01,76.938,72.372,7.29,4.59,15.12,2.14,44.0,0.16,100.0,34.124,False,,0.0,66.16,0.0,0.0,0.0,0.0,0.0,4.0,0.16,0.04,9.0,0.0,86.151,83.237,79.104,74.339,45.856,100.0,34.46,10.0,0.0,83.691,82.323,72.394,68.249,44.24,48.933,33.476,5.04,3.157,83.735,83.42,0.16,NORMAL
142,2026-06-02 11:30:00+00:00,11,1,0.258819,-0.965926,0.781831,0.62349,False,False,MORNING,2.0,5.0,12.0,34.0,46.0,171.0,0.0,0.0,0.0,3.36,2.384,83.15,8.45,83.152,84.45,16.85,1.55,8.91,20.68,98.23,91.369,7.71,4.6,14.69,2.22,45.579,0.0,74.575,33.78,False,,0.0,68.749,0.0,0.0,0.0,0.0,0.0,4.0,0.0,0.0,6.0,0.0,86.299,83.308,76.555,72.044,45.676,100.0,34.52,11.0,0.0,82.252,82.032,72.138,68.007,45.192,48.933,32.901,0.0,3.414,82.696,82.67,0.0,NORMAL
143,2026-06-02 11:45:00+00:00,11,1,0.258819,-0.965926,0.781831,0.62349,False,False,MORNING,0.0,2.0,8.0,31.0,46.0,170.0,0.0,0.0,0.0,0.0,3.977,82.24,8.36,82.238,83.648,17.76,1.64,10.2,23.52,84.868,79.465,7.74,4.6,14.66,2.22,45.699,0.0,23.333,33.459,False,,0.0,60.755,0.0,0.0,0.0,0.0,0.0,-3.0,-0.16,0.0,4.0,0.0,85.604,82.904,72.905,68.731,44.357,48.933,34.242,11.0,0.0,83.456,82.443,72.5,68.349,46.339,100.0,33.382,3.36,3.368,82.281,82.71,0.0,NORMAL
144,2026-06-02 12:00:00+00:00,12,1,0.0,-1.0,0.781831,0.62349,False,False,MORNING,2.0,2.0,7.0,29.0,48.0,167.0,0.0,0.0,0.0,3.36,3.506,82.14,8.42,82.143,84.229,17.86,1.58,10.89,25.03,79.429,74.589,8.02,4.61,14.37,2.27,46.771,0.0,74.533,33.691,False,,0.0,64.317,0.0,0.0,0.0,0.0,0.0,-5.0,-0.16,0.0,6.0,0.0,84.393,82.574,73.43,69.195,42.686,48.933,33.757,13.0,0.0,82.129,81.666,100.0,100.0,47.465,23.333,32.852,6.72,3.156,84.425,83.386,0.16,NORMAL
145,2026-06-02 12:15:00+00:00,12,1,0.0,-1.0,0.781831,0.62349,False,False,MORNING,4.0,6.0,8.0,30.0,52.0,168.0,0.0,0.0,0.0,6.72,1.577,83.24,8.62,83.237,86.151,16.76,1.38,11.08,25.45,79.104,74.339,7.75,4.63,14.62,2.23,45.856,0.16,100.0,34.46,False,,0.0,67.083,0.0,0.0,0.0,0.0,0.0,-5.0,0.0,0.04,5.0,0.0,83.691,82.323,72.394,68.249,44.24,48.933,33.476,14.0,0.0,81.498,81.468,85.608,81.358,46.589,48.933,32.599,3.36,3.432,84.239,83.387,0.0,NORMAL
146,2026-06-02 12:30:00+00:00,12,1,0.0,-1.0,0.781831,0.62349,False,False,MORNING,3.0,7.0,9.0,29.0,54.0,171.0,0.0,0.0,0.0,5.04,4.698,83.31,8.63,83.308,86.299,16.69,1.37,11.45,26.28,76.555,72.044,7.68,4.65,14.67,2.22,45.676,0.16,100.0,34.52,False,,0.0,66.53,0.0,0.0,0.0,0.0,0.0,-3.0,0.16,0.04,5.0,0.0,82.252,82.032,72.138,68.007,45.192,48.933,32.901,16.0,0.0,83.09,81.71,83.83,79.728,47.242,100.0,33.236,8.4,3.515,86.284,84.404,0.32,NORMAL
147,2026-06-02 12:45:00+00:00,12,1,0.0,-1.0,0.781831,0.62349,False,False,MORNING,1.0,4.0,10.0,29.0,54.0,168.0,0.0,0.0,0.0,1.68,3.573,82.9,8.56,82.904,85.604,17.1,1.44,11.97,27.41,72.905,68.731,7.31,4.67,15.02,2.16,44.357,0.0,48.933,34.242,False,,0.0,60.752,0.0,0.0,0.0,0.0,0.0,2.0,0.0,0.0,7.0,0.0,83.456,82.443,72.5,68.349,46.339,100.0,33.382,15.0,0.0,81.649,81.604,83.722,79.626,47.353,48.933,32.659,3.36,4.293,85.169,84.282,0.16,NORMAL
148,2026-06-02 13:00:00+00:00,13,1,-0.258819,-0.965926,0.781831,0.62349,False,False,MORNING,1.0,2.0,9.0,28.0,55.0,168.0,0.0,0.0,0.0,1.68,3.485,82.57,8.44,82.574,84.393,17.43,1.56,11.84,27.12,73.43,69.195,6.86,4.66,15.47,2.07,42.686,0.0,48.933,33.757,False,,0.0,60.406,0.0,0.0,0.0,0.0,0.0,2.0,0.0,0.0,5.0,0.0,82.129,81.666,100.0,100.0,47.465,23.333,32.852,15.0,0.0,80.451,81.206,83.314,79.237,46.459,23.333,32.18,8.746,4.789,86.967,85.092,0.64,NORMAL
149,2026-06-02 13:15:00+00:00,13,1,-0.258819,-0.965926,0.781831,0.62349,False,False,MORNING,1.0,2.0,6.0,27.0,54.0,169.0,0.0,0.0,0.0,1.68,2.966,82.32,8.37,82.323,83.691,17.68,1.63,11.97,27.41,72.394,68.249,7.3,4.65,15.06,2.15,44.24,0.0,48.933,33.476,False,,0.0,60.112,0.0,0.0,0.0,0.0,0.0,-2.0,-0.16,0.0,5.0,0.0,81.498,81.468,85.608,81.358,46.589,48.933,32.599,19.0,0.0,80.93,81.072,96.41,91.243,46.443,74.533,32.372,3.014,3.177,86.129,85.135,0.33,NORMAL
150,2026-06-02 13:30:00+00:00,13,1,-0.258819,-0.965926,0.781831,0.62349,False,False,MORNING,1.0,2.0,4.0,25.0,54.0,168.0,0.0,0.0,0.0,1.68,3.419,82.03,8.23,82.032,82.252,17.97,1.77,11.97,27.41,72.138,68.007,7.58,4.62,14.8,2.2,45.192,0.0,48.933,32.901,False,,0.0,59.786,0.0,0.0,0.0,0.0,0.0,-5.0,-0.16,0.0,6.0,0.0,83.09,81.71,83.83,79.728,47.242,100.0,33.236,20.0,0.0,80.532,80.765,82.861,78.807,45.168,48.933,32.213,3.36,5.328,86.055,84.65,0.17,NORMAL
151,2026-06-02 13:45:00+00:00,13,1,-0.258819,-0.965926,0.781831,0.62349,False,False,MORNING,3.0,4.0,6.0,24.0,55.0,167.0,0.0,0.0,0.0,5.04,2.911,82.44,8.35,82.443,83.456,17.56,1.65,11.97,27.41,72.5,68.349,7.89,4.62,14.49,2.25,46.339,0.0,100.0,33.382,False,,0.0,64.901,0.0,0.0,0.0,0.0,0.0,-4.0,0.0,0.0,4.0,0.0,81.649,81.604,83.722,79.626,47.353,48.933,32.659,19.0,0.0,83.076,82.009,94.434,89.475,46.457,100.0,33.231,5.04,5.381,87.296,84.441,0.17,NORMAL
152,2026-06-02 14:00:00+00:00,14,1,-0.5,-0.866025,0.781831,0.62349,False,False,EVENING,0.0,3.0,5.0,21.0,51.0,164.0,0.0,0.0,0.0,0.0,3.641,81.67,8.21,81.666,82.129,18.33,1.79,7.68,17.61,100.0,100.0,8.22,4.6,14.18,2.31,47.465,0.0,23.333,32.852,False,,0.0,64.764,0.0,0.0,0.0,0.0,0.0,-4.0,0.0,0.0,8.0,0.0,80.451,81.206,83.314,79.237,46.459,23.333,32.18,16.0,0.0,81.681,81.802,96.148,91.033,44.527,48.95,32.673,3.36,3.973,85.846,84.433,0.01,NORMAL
153,2026-06-02 14:15:00+00:00,14,1,-0.5,-0.866025,0.781831,0.62349,False,False,EVENING,1.0,1.0,5.0,19.0,51.0,163.0,0.0,0.0,0.0,1.68,2.724,81.47,8.15,81.468,81.498,18.53,1.85,10.02,22.76,85.608,81.358,8.0,4.57,14.42,2.26,46.589,0.0,48.933,32.599,False,,0.0,62.855,0.0,0.0,0.0,0.0,0.0,-1.0,0.0,0.0,9.0,0.0,80.93,81.072,96.41,91.243,46.443,74.533,32.372,19.0,0.0,82.18,82.37,86.855,82.534,43.032,100.0,32.872,3.36,4.712,84.691,84.21,0.0,NORMAL
154,2026-06-02 14:30:00+00:00,14,1,-0.5,-0.866025,0.781831,0.62349,False,False,EVENING,3.0,4.0,7.0,20.0,54.0,164.0,0.0,0.0,0.0,5.04,3.437,81.71,8.31,81.71,83.09,18.29,1.69,10.26,23.29,83.83,79.728,8.18,4.57,14.24,2.3,47.242,0.0,100.0,33.236,False,,0.0,67.473,0.0,0.0,0.0,0.0,0.0,3.0,0.0,0.0,10.0,0.0,80.532,80.765,82.861,78.807,45.168,48.933,32.213,18.0,0.0,81.868,82.482,85.375,81.175,44.017,74.533,32.747,6.72,3.868,86.393,84.753,0.16,NORMAL
155,2026-06-02 14:45:00+00:00,14,1,-0.5,-0.866025,0.781831,0.62349,False,False,EVENING,1.0,4.0,5.0,21.0,52.0,163.0,0.0,0.0,0.0,1.68,2.678,81.6,8.16,81.604,81.649,18.4,1.84,10.26,23.29,83.722,79.626,8.23,4.56,14.21,2.3,47.353,0.0,48.933,32.659,False,,0.0,62.55,0.0,0.0,0.0,0.0,0.0,-1.0,0.0,0.0,11.0,0.0,83.076,82.009,94.434,89.475,46.457,100.0,33.231,21.0,0.0,81.798,82.284,84.42,80.289,44.733,48.933,32.719,5.04,2.613,86.882,85.311,0.16,NORMAL
156,2026-06-02 15:00:00+00:00,15,1,-0.707107,-0.707107,0.781831,0.62349,False,False,EVENING,0.0,1.0,5.0,19.0,48.0,162.0,0.0,0.0,0.0,0.0,2.073,81.21,8.05,81.206,80.451,18.79,1.95,10.26,23.29,83.314,79.237,8.01,4.53,14.46,2.26,46.459,0.0,23.333,32.18,False,,0.0,59.743,0.0,0.0,0.0,0.0,0.0,0.0,0.0,0.0,7.0,0.0,81.681,81.802,96.148,91.033,44.527,48.95,32.673,22.0,0.0,84.006,82.922,100.0,97.094,44.123,100.0,33.603,1.68,3.924,87.023,84.736,0.0,NORMAL
157,2026-06-02 15:15:00+00:00,15,1,-0.707107,-0.707107,0.781831,0.62349,False,False,EVENING,2.0,2.0,6.0,17.0,47.0,161.0,0.0,0.0,0.0,3.36,3.704,81.07,8.09,81.072,80.93,18.93,1.91,8.85,20.19,96.41,91.243,8.03,4.51,14.46,2.26,46.443,0.0,74.533,32.372,False,,0.0,67.428,0.0,0.0,0.0,0.0,0.0,1.0,0.0,0.0,10.0,0.0,82.18,82.37,86.855,82.534,43.032,100.0,32.872,24.0,0.0,83.735,83.42,96.873,91.758,42.805,100.0,33.494,3.36,4.454,86.968,84.468,0.0,NORMAL
158,2026-06-02 15:30:00+00:00,15,1,-0.707107,-0.707107,0.781831,0.62349,False,False,EVENING,1.0,3.0,4.0,15.0,44.0,161.0,0.0,0.0,0.0,1.68,3.067,80.76,8.05,80.765,80.532,19.24,1.95,10.26,23.29,82.861,78.807,7.7,4.5,14.8,2.2,45.168,0.0,48.933,32.213,False,,0.0,61.744,0.0,0.0,0.0,0.0,0.0,-3.0,0.0,0.0,10.0,0.0,81.868,82.482,85.375,81.175,44.017,74.533,32.747,22.0,0.0,82.696,82.67,87.461,83.101,45.011,23.333,33.078,8.648,4.651,88.23,85.341,0.48,NORMAL
159,2026-06-02 15:45:00+00:00,15,1,-0.707107,-0.707107,0.781831,0.62349,False,False,EVENING,5.0,6.0,8.0,19.0,48.0,162.0,0.0,0.0,0.0,8.4,2.407,82.01,8.31,82.009,83.076,17.99,1.69,9.14,20.83,94.434,89.475,8.03,4.51,14.46,2.26,46.457,0.32,100.0,33.231,False,,0.0,69.907,0.0,0.0,0.0,0.0,0.0,3.0,0.32,0.08,8.0,0.0,81.798,82.284,84.42,80.289,44.733,48.933,32.719,24.0,0.0,82.281,82.71,84.857,80.705,43.698,74.533,32.912,3.112,4.631,86.852,85.099,0.16,NORMAL
160,2026-06-02 16:00:00+00:00,16,1,-0.866025,-0.5,0.781831,0.62349,False,False,EVENING,1.0,6.0,9.0,19.0,47.0,162.0,0.0,0.0,0.0,1.68,3.066,81.8,8.17,81.802,81.681,18.2,1.83,8.96,20.42,96.148,91.033,7.51,4.51,14.98,2.16,44.527,0.0,48.95,32.673,False,,0.0,65.207,0.0,0.0,0.0,0.0,0.0,4.0,0.0,0.0,9.0,0.0,84.006,82.922,100.0,97.094,44.123,100.0,33.603,25.0,0.0,84.425,83.386,90.846,86.235,44.739,100.0,33.77,3.36,4.091,86.005,85.001,0.0,NORMAL
161,2026-06-02 16:15:00+00:00,16,1,-0.866025,-0.5,0.781831,0.62349,False,False,EVENING,3.0,4.0,10.0,21.0,48.0,164.0,0.0,0.0,0.0,5.04,2.566,82.37,8.22,82.37,82.18,17.63,1.78,9.98,22.68,86.855,82.534,7.11,4.51,15.38,2.09,43.032,0.0,100.0,32.872,False,,0.0,67.757,0.0,0.0,0.0,0.0,0.0,4.0,0.0,0.0,9.0,0.0,83.735,83.42,96.873,91.758,42.805,100.0,33.494,23.0,0.0,84.239,83.387,85.551,81.365,45.114,74.55,33.696,1.68,5.482,85.188,84.132,0.0,NORMAL
162,2026-06-02 16:30:00+00:00,16,1,-0.866025,-0.5,0.781831,0.62349,False,False,EVENING,2.0,5.0,11.0,22.0,47.0,164.0,0.0,0.0,0.0,3.36,3.037,82.48,8.19,82.482,81.868,17.52,1.81,10.17,23.09,85.375,81.175,7.38,4.51,15.12,2.14,44.017,0.0,74.533,32.747,False,,0.0,65.175,0.0,0.0,0.0,0.0,0.0,7.0,0.0,0.0,8.0,0.0,82.696,82.67,87.461,83.101,45.011,23.333,33.078,23.0,0.0,86.284,84.404,86.595,82.357,45.123,100.0,34.514,3.36,4.211,84.431,83.995,0.0,NORMAL
163,2026-06-02 16:45:00+00:00,16,1,-0.866025,-0.5,0.781831,0.62349,False,False,EVENING,1.0,3.0,7.0,20.0,44.0,163.0,0.0,0.0,0.0,1.68,2.501,82.28,8.18,82.284,81.798,17.72,1.82,10.26,23.29,84.42,80.289,7.57,4.51,14.92,2.17,44.733,0.0,48.933,32.719,False,,0.0,62.657,0.0,0.0,0.0,0.0,0.0,-1.0,-0.32,0.0,13.0,0.0,82.281,82.71,84.857,80.705,43.698,74.533,32.912,22.0,0.0,85.169,84.282,86.47,82.239,46.908,76.167,34.067,3.36,3.04,85.067,84.011,0.0,NORMAL
164,2026-06-02 17:00:00+00:00,17,1,-0.965926,-0.258819,0.781831,0.62349,False,False,EVENING,4.0,5.0,10.0,24.0,45.0,165.0,0.0,0.0,0.0,6.72,3.284,82.92,8.4,82.922,84.006,17.08,1.6,8.5,19.41,100.0,97.094,7.38,4.53,15.09,2.14,44.123,0.16,100.0,33.603,False,,0.0,71.666,0.0,0.0,0.0,0.0,0.0,1.0,0.16,0.04,13.0,0.0,84.425,83.386,90.846,86.235,44.739,100.0,33.77,23.0,0.79,86.967,85.092,99.805,94.517,46.284,100.0,39.55,1.68,4.778,83.926,83.351,0.0,MODERATE
165,2026-06-02 17:15:00+00:00,17,1,-0.965926,-0.258819,0.781831,0.62349,False,False,EVENING,3.0,7.0,10.0,26.0,45.0,166.0,0.0,0.0,0.0,5.04,3.157,83.42,8.37,83.42,83.735,16.58,1.63,9.06,20.66,96.873,91.758,7.01,4.54,15.44,2.08,42.805,0.16,100.0,33.494,False,,0.0,70.588,0.0,0.0,0.0,0.0,0.0,0.0,0.16,0.04,15.0,0.0,84.239,83.387,85.551,81.365,45.114,74.55,33.696,18.0,0.0,86.129,85.135,100.0,100.0,45.404,52.183,34.451,0.0,3.863,82.527,82.525,0.0,MODERATE
166,2026-06-02 17:30:00+00:00,17,1,-0.965926,-0.258819,0.781831,0.62349,False,False,EVENING,0.0,3.0,8.0,23.0,43.0,165.0,0.0,0.0,0.0,0.0,3.414,82.67,8.27,82.67,82.696,17.33,1.73,9.95,22.61,87.461,83.101,7.61,4.55,14.85,2.19,45.011,0.0,23.333,33.078,False,,0.0,61.345,0.0,0.0,0.0,0.0,0.0,-3.0,0.0,0.0,14.0,0.0,86.284,84.404,86.595,82.357,45.123,100.0,34.514,19.0,0.0,86.055,84.65,86.848,82.598,46.654,76.192,34.422,1.68,2.996,81.362,82.313,0.0,NORMAL
167,2026-06-02 17:45:00+00:00,17,1,-0.965926,-0.258819,0.781831,0.62349,False,False,EVENING,2.0,2.0,9.0,24.0,45.0,166.0,0.0,0.0,0.0,3.36,3.368,82.71,8.23,82.71,82.281,17.29,1.77,10.26,23.29,84.857,80.705,7.26,4.54,15.2,2.12,43.698,0.0,74.533,32.912,False,,0.0,65.161,0.0,0.0,0.0,0.0,0.0,2.0,0.0,0.0,11.0,0.0,85.169,84.282,86.47,82.239,46.908,76.167,34.067,23.0,0.0,87.296,84.441,100.0,100.0,46.805,100.0,34.919,0.0,3.931,80.213,81.445,0.0,NORMAL
168,2026-06-02 18:00:00+00:00,18,1,-1.0,-0.0,0.781831,0.62349,False,False,EVENING,4.0,6.0,9.0,28.0,47.0,168.0,0.0,0.0,0.0,6.72,3.156,83.39,8.44,83.386,84.425,16.61,1.56,9.66,21.98,90.846,86.235,7.52,4.56,14.92,2.17,44.739,0.16,100.0,33.77,False,,0.0,69.506,0.0,0.0,0.0,0.0,0.0,-1.0,0.0,0.04,12.0,0.79,86.967,85.092,99.805,94.517,46.284,100.0,39.55,21.0,0.0,85.846,84.433,92.171,87.488,47.782,74.608,34.339,1.68,4.001,80.115,80.874,0.0,NORMAL
169,2026-06-02 18:15:00+00:00,18,1,-1.0,-0.0,0.781831,0.62349,False,False,EVENING,2.0,6.0,8.0,28.0,45.0,167.0,0.0,0.0,0.0,3.36,3.432,83.39,8.42,83.387,84.239,16.61,1.58,10.26,23.29,85.551,81.365,7.6,4.58,14.82,2.19,45.114,0.0,74.55,33.696,False,,0.0,65.993,0.0,0.0,0.0,0.0,0.0,-2.0,-0.16,0.0,8.0,0.0,86.129,85.135,100.0,100.0,45.404,52.183,34.451,21.0,0.0,84.691,84.21,86.396,82.168,47.321,74.533,33.876,3.36,2.533,81.161,80.976,0.0,NORMAL
170,2026-06-02 18:30:00+00:00,18,1,-1.0,-0.0,0.781831,0.62349,False,False,EVENING,5.0,7.0,13.0,32.0,47.0,168.0,0.0,0.0,0.0,8.4,3.515,84.4,8.63,84.404,86.284,15.6,1.37,10.26,23.29,86.595,82.357,7.57,4.61,14.82,2.19,45.123,0.32,100.0,34.514,False,,0.0,69.161,0.0,0.0,0.0,0.0,0.0,5.0,0.32,0.08,9.0,0.0,86.055,84.65,86.848,82.598,46.654,76.192,34.422,20.0,0.0,86.393,84.753,86.953,82.698,47.308,100.0,34.557,1.68,2.756,80.164,80.807,0.0,NORMAL
171,2026-06-02 18:45:00+00:00,18,1,-1.0,-0.0,0.781831,0.62349,False,False,EVENING,2.0,7.0,13.0,29.0,48.0,169.0,0.0,0.0,0.0,3.36,4.293,84.28,8.52,84.282,85.169,15.72,1.48,10.26,23.29,86.47,82.239,8.04,4.62,14.33,2.28,46.908,0.16,76.167,34.067,False,,0.0,66.898,0.0,0.0,0.0,0.0,0.0,4.0,0.16,0.04,11.0,0.0,87.296,84.441,100.0,100.0,46.805,100.0,34.919,18.0,0.0,86.882,85.311,87.525,83.242,45.975,100.0,34.753,0.0,1.637,78.903,80.524,0.0,NORMAL
172,2026-06-02 19:00:00+00:00,19,1,-0.965926,0.258819,0.781831,0.62349,False,False,EVENING,6.0,8.0,15.0,34.0,53.0,172.0,0.79,0.0,0.0,8.746,4.789,85.09,8.7,85.092,86.967,14.91,1.3,9.01,20.55,99.805,94.517,7.81,4.69,14.5,2.25,46.284,0.64,100.0,39.55,False,,1.4,73.103,0.79,0.79,0.79,0.049,0.79,6.0,0.48,0.358,11.0,0.0,85.846,84.433,92.171,87.488,47.782,74.608,34.339,17.0,0.0,87.023,84.736,100.0,99.389,44.455,48.933,34.809,0.0,1.97,78.901,80.032,0.0,MODERATE
173,2026-06-02 19:15:00+00:00,19,1,-0.965926,0.258819,0.781831,0.62349,False,False,EVENING,1.0,7.0,14.0,32.0,53.0,173.0,0.0,0.07,0.0714,3.014,3.177,85.13,8.61,85.135,86.129,14.87,1.39,7.85,17.99,100.0,100.0,7.56,4.7,14.74,2.21,45.404,0.33,52.183,34.451,False,,0.0,68.738,-0.79,0.0,0.0,0.049,0.79,6.0,0.33,0.082,10.0,0.0,84.691,84.21,86.396,82.168,47.321,74.533,33.876,17.0,0.0,86.968,84.468,86.66,82.42,43.061,74.533,34.787,0.0,2.269,78.507,79.504,0.0,NORMAL
174,2026-06-02 19:30:00+00:00,19,1,-0.965926,0.258819,0.781831,0.62349,False,False,EVENING,2.0,3.0,11.0,32.0,54.0,173.0,0.0,0.0,0.0,3.36,5.328,84.65,8.61,84.65,86.055,15.35,1.39,10.26,23.29,86.848,82.598,7.89,4.7,14.4,2.27,46.654,0.17,76.192,34.422,False,,0.0,67.224,0.0,-0.79,0.0,0.049,0.79,-2.0,-0.15,0.042,10.0,0.0,86.393,84.753,86.953,82.698,47.308,100.0,34.557,15.0,0.85,88.23,85.341,100.0,96.547,41.182,100.0,40.407,1.68,1.617,77.711,79.599,0.0,NORMAL
175,2026-06-02 19:45:00+00:00,19,1,-0.965926,0.258819,0.781831,0.62349,False,False,EVENING,3.0,5.0,12.0,34.0,54.0,173.0,0.0,0.0,0.0,5.04,5.381,84.44,8.73,84.441,87.296,15.56,1.27,8.28,18.93,100.0,100.0,7.91,4.72,14.36,2.27,46.805,0.17,100.0,34.919,False,,0.0,73.249,0.0,0.0,0.0,0.049,0.79,-1.0,0.01,0.042,12.0,0.0,86.882,85.311,87.525,83.242,45.975,100.0,34.753,10.0,0.0,86.852,85.099,87.308,83.036,41.462,50.55,34.741,0.0,1.131,76.998,79.388,0.0,MODERATE
176,2026-06-02 20:00:00+00:00,20,1,-0.866025,0.5,0.781831,0.62349,False,False,EVENING,2.0,5.0,8.0,32.0,56.0,173.0,0.0,0.0,0.0,3.36,3.973,84.43,8.58,84.433,85.846,15.57,1.42,9.64,21.93,92.171,87.488,8.18,4.72,14.1,2.32,47.782,0.01,74.608,34.339,False,,0.0,68.319,0.0,0.0,-0.79,0.049,0.79,-7.0,-0.63,0.002,10.0,0.0,87.023,84.736,100.0,99.389,44.455,48.933,34.809,9.0,0.0,86.005,85.001,100.0,100.0,43.168,74.558,34.402,3.36,1.702,76.387,79.863,0.0,NORMAL
177,2026-06-02 20:15:00+00:00,20,1,-0.866025,0.5,0.781831,0.62349,False,False,EVENING,2.0,4.0,9.0,31.0,57.0,173.0,0.0,0.0,0.0,3.36,4.712,84.21,8.47,84.21,84.691,15.79,1.53,10.26,23.29,86.396,82.168,8.07,4.71,14.22,2.3,47.321,0.0,74.533,33.876,False,,0.0,66.659,0.0,0.0,0.0,0.049,0.79,-5.0,-0.33,0.0,11.0,0.0,86.968,84.468,86.66,82.42,43.061,74.533,34.787,8.0,0.0,85.188,84.132,100.0,100.0,43.753,48.933,34.075,1.68,1.474,77.101,79.843,0.0,NORMAL
178,2026-06-02 20:30:00+00:00,20,1,-0.866025,0.5,0.781831,0.62349,False,False,EVENING,4.0,6.0,11.0,35.0,58.0,174.0,0.0,0.0,0.0,6.72,3.868,84.75,8.64,84.753,86.393,15.25,1.36,10.26,23.29,86.953,82.698,8.06,4.72,14.23,2.3,47.308,0.16,100.0,34.557,False,,0.0,69.54,0.0,0.0,0.0,0.049,0.79,0.0,-0.01,0.04,10.0,0.85,88.23,85.341,100.0,96.547,41.182,100.0,40.407,9.0,0.0,84.431,83.995,100.0,100.0,43.12,74.533,33.772,0.0,2.088,75.689,79.463,0.0,NORMAL
179,2026-06-02 20:45:00+00:00,20,1,-0.866025,0.5,0.781831,0.62349,False,False,EVENING,3.0,7.0,11.0,36.0,60.0,176.0,0.0,0.0,0.0,5.04,2.613,85.31,8.69,85.311,86.882,14.69,1.31,10.26,23.29,87.525,83.242,7.68,4.73,14.59,2.23,45.975,0.16,100.0,34.753,False,,0.0,69.775,0.0,0.0,0.0,0.049,0.79,-1.0,-0.01,0.04,6.0,0.0,86.852,85.099,87.308,83.036,41.462,50.55,34.741,8.0,0.0,85.067,84.011,100.0,100.0,43.351,74.533,34.027,0.0,1.619,75.689,79.058,0.0,NORMAL
180,2026-06-02 21:00:00+00:00,21,1,-0.707107,0.707107,0.781831,0.62349,False,False,EVENING,1.0,4.0,10.0,33.0,61.0,175.0,0.0,0.0,0.0,1.68,3.924,84.74,8.7,84.736,87.023,15.26,1.3,8.48,19.38,100.0,99.389,7.26,4.74,15.0,2.16,44.455,0.0,48.933,34.809,False,,0.0,68.378,0.0,0.0,0.0,0.049,0.79,2.0,-0.01,0.0,7.0,0.0,86.005,85.001,100.0,100.0,43.168,74.558,34.402,6.0,0.0,83.926,83.351,100.0,100.0,46.287,48.933,33.57,3.36,0.898,76.113,79.631,0.0,NORMAL
181,2026-06-02 21:15:00+00:00,21,1,-0.707107,0.707107,0.781831,0.62349,False,False,EVENING,2.0,3.0,10.0,33.0,61.0,174.0,0.0,0.0,0.0,3.36,4.454,84.47,8.7,84.468,86.968,15.53,1.3,10.26,23.29,86.66,82.42,6.88,4.75,15.37,2.09,43.061,0.0,74.533,34.787,False,,0.0,66.85,0.0,0.0,0.0,0.049,0.79,1.0,0.0,0.0,6.0,0.0,85.188,84.132,100.0,100.0,43.753,48.933,34.075,5.0,0.0,82.527,82.525,100.0,100.0,45.274,23.333,33.011,0.0,1.749,74.458,79.359,0.0,NORMAL
182,2026-06-02 21:30:00+00:00,21,1,-0.707107,0.707107,0.781831,0.62349,False,False,EVENING,6.0,8.0,12.0,34.0,66.0,178.0,0.85,0.0,0.0,8.648,4.651,85.34,8.82,85.341,88.23,14.66,1.18,8.85,20.18,100.0,96.547,6.32,4.8,15.88,2.0,41.182,0.48,100.0,40.407,False,,1.6,73.257,0.85,0.85,0.85,0.103,0.85,1.0,0.32,0.332,5.0,0.0,84.431,83.995,100.0,100.0,43.12,74.533,33.772,5.0,0.0,81.362,82.313,100.0,100.0,46.246,48.933,32.545,3.36,1.944,75.459,79.613,0.0,MODERATE
183,2026-06-02 21:45:00+00:00,21,1,-0.707107,0.707107,0.781831,0.62349,False,False,EVENING,1.0,7.0,10.0,33.0,62.0,177.0,0.0,0.08,0.0767,3.112,4.631,85.1,8.69,85.099,86.852,14.9,1.31,10.26,23.29,87.308,83.036,6.4,4.8,15.81,2.02,41.462,0.16,50.55,34.741,False,,0.0,64.815,-0.85,0.0,0.0,0.103,0.85,-1.0,0.0,0.04,4.0,0.0,85.067,84.011,100.0,100.0,43.351,74.533,34.027,5.0,0.0,80.213,81.445,100.0,100.0,46.402,23.333,32.085,0.0,1.847,75.023,79.195,0.0,NORMAL
184,2026-06-02 22:00:00+00:00,22,1,-0.5,0.866025,0.781831,0.62349,False,False,NIGHT,2.0,3.0,11.0,29.0,63.0,177.0,0.0,0.0,0.0,3.36,4.091,85.0,8.6,85.001,86.005,15.0,1.4,6.27,17.99,100.0,100.0,6.87,4.78,15.34,2.1,43.168,0.0,74.558,34.402,False,,0.0,70.497,0.0,-0.85,0.0,0.103,0.85,1.0,0.0,0.0,2.0,0.0,83.926,83.351,100.0,100.0,46.287,48.933,33.57,5.0,0.0,80.115,80.874,100.0,100.0,46.605,48.933,32.046,6.72,2.826,77.879,79.883,0.16,MODERATE
185,2026-06-02 22:15:00+00:00,22,1,-0.5,0.866025,0.781831,0.62349,False,False,NIGHT,1.0,3.0,10.0,29.0,61.0,175.0,0.0,0.0,0.0,1.68,5.482,84.13,8.52,84.132,85.188,15.87,1.48,5.76,16.87,100.0,100.0,7.05,4.76,15.19,2.13,43.753,0.0,48.933,34.075,False,,0.0,67.888,0.0,0.0,0.0,0.103,0.85,0.0,0.0,0.0,2.0,0.0,82.527,82.525,100.0,100.0,45.274,23.333,33.011,6.0,0.0,81.161,80.976,100.0,100.0,45.232,74.533,32.464,0.0,2.741,76.342,79.351,0.0,NORMAL
186,2026-06-02 22:30:00+00:00,22,1,-0.5,0.866025,0.781831,0.62349,False,False,NIGHT,2.0,3.0,6.0,29.0,61.0,177.0,0.0,0.0,0.0,3.36,4.211,83.99,8.44,83.995,84.431,16.01,1.56,6.27,17.99,100.0,100.0,6.9,4.74,15.36,2.1,43.12,0.0,74.533,33.772,False,,0.0,69.954,0.0,0.0,-0.85,0.103,0.85,-6.0,-0.48,0.0,4.0,0.0,81.362,82.313,100.0,100.0,46.246,48.933,32.545,5.0,0.0,80.164,80.807,100.0,100.0,45.785,48.933,32.066,5.04,2.831,77.773,79.76,0.0,NORMAL
187,2026-06-02 22:45:00+00:00,22,1,-0.5,0.866025,0.781831,0.62349,False,False,NIGHT,2.0,4.0,7.0,28.0,62.0,178.0,0.0,0.0,0.0,3.36,3.04,84.01,8.51,84.011,85.067,15.99,1.49,6.27,17.99,100.0,100.0,6.98,4.73,15.3,2.11,43.351,0.0,74.533,34.027,False,,0.0,70.105,0.0,0.0,0.0,0.103,0.85,-3.0,-0.16,0.0,4.0,0.0,80.213,81.445,100.0,100.0,46.402,23.333,32.085,4.0,0.0,78.903,80.524,100.0,100.0,45.778,23.333,31.561,1.68,2.809,78.487,79.407,0.0,MODERATE
188,2026-06-02 23:00:00+00:00,23,1,-0.258819,0.965926,0.781831,0.62349,False,False,NIGHT,1.0,3.0,6.0,27.0,59.0,178.0,0.0,0.0,0.0,1.68,4.778,83.35,8.39,83.351,83.926,16.65,1.61,6.27,17.99,100.0,100.0,7.79,4.71,14.5,2.25,46.287,0.0,48.933,33.57,False,,0.0,67.692,0.0,0.0,0.0,0.053,0.85,-5.0,0.0,0.0,4.0,0.0,80.115,80.874,100.0,100.0,46.605,48.933,32.046,4.0,0.0,78.901,80.032,100.0,100.0,46.786,23.333,31.56,1.68,2.435,78.013,79.265,0.0,NORMAL
189,2026-06-02 23:15:00+00:00,23,1,-0.258819,0.965926,0.781831,0.62349,False,False,NIGHT,0.0,1.0,5.0,25.0,56.0,176.0,0.0,0.0,0.0,0.0,3.863,82.53,8.25,82.525,82.527,17.47,1.75,5.41,16.1,100.0,100.0,7.55,4.67,14.78,2.2,45.274,0.0,23.333,33.011,False,,0.0,64.836,0.0,0.0,0.0,0.053,0.85,-5.0,0.0,0.0,3.0,0.0,81.161,80.976,100.0,100.0,45.232,74.533,32.464,6.0,0.0,78.507,79.504,100.0,100.0,47.813,23.333,31.403,3.36,2.655,78.551,79.388,0.0,NORMAL
190,2026-06-02 23:30:00+00:00,23,1,-0.258819,0.965926,0.781831,0.62349,False,False,NIGHT,1.0,1.0,4.0,22.0,57.0,175.0,0.0,0.0,0.0,1.68,2.996,82.31,8.14,82.313,81.362,17.69,1.86,6.27,17.99,100.0,100.0,7.85,4.63,14.51,2.25,46.246,0.0,48.933,32.545,False,,0.0,66.947,0.0,0.0,0.0,0.053,0.85,-2.0,0.0,0.0,1.0,0.0,80.164,80.807,100.0,100.0,45.785,48.933,32.066,6.0,0.0,77.711,79.599,100.0,100.0,48.359,48.933,31.084,0.0,1.831,77.356,79.049,0.0,NORMAL
191,2026-06-02 23:45:00+00:00,23,1,-0.258819,0.965926,0.781831,0.62349,False,False,NIGHT,0.0,1.0,2.0,19.0,55.0,174.0,0.0,0.0,0.0,0.0,3.931,81.44,8.02,81.445,80.213,18.56,1.98,6.27,17.99,100.0,100.0,7.94,4.59,14.47,2.26,46.402,0.0,23.333,32.085,False,,0.0,64.237,0.0,0.0,0.0,0.053,0.85,-5.0,0.0,0.0,1.0,0.0,78.903,80.524,100.0,100.0,45.778,23.333,31.561,7.0,0.0,76.998,79.388,100.0,100.0,48.612,23.333,30.799,0.0,1.184,76.165,78.872,0.0,NORMAL
192,2026-06-03 00:00:00+00:00,0,2,0.0,1.0,0.974928,-0.222521,False,False,NIGHT,1.0,1.0,2.0,19.0,52.0,174.0,0.0,0.0,0.0,1.68,4.001,80.87,8.01,80.874,80.115,19.13,1.99,5.6,16.52,100.0,100.0,8.03,4.55,14.42,2.27,46.605,0.0,48.933,32.046,False,,0.0,66.414,0.0,0.0,0.0,0.053,0.85,-4.0,0.0,0.0,1.0,0.0,78.901,80.032,100.0,100.0,46.786,23.333,31.56,7.0,0.0,76.387,79.863,100.0,100.0,46.875,74.533,30.555,3.36,2.358,76.713,79.068,0.0,NORMAL
193,2026-06-03 00:15:00+00:00,0,2,0.0,1.0,0.974928,-0.222521,False,False,NIGHT,2.0,3.0,4.0,19.0,52.0,173.0,0.0,0.0,0.0,3.36,2.533,80.98,8.12,80.976,81.161,19.02,1.88,6.27,17.99,100.0,100.0,7.68,4.53,14.79,2.2,45.232,0.0,74.533,32.464,False,,0.0,68.826,0.0,0.0,0.0,0.053,0.85,-1.0,0.0,0.0,3.0,0.0,78.507,79.504,100.0,100.0,47.813,23.333,31.403,9.0,0.0,77.101,79.843,100.0,100.0,45.679,48.933,30.841,3.36,2.835,76.818,79.189,0.0,NORMAL
194,2026-06-03 00:30:00+00:00,0,2,0.0,1.0,0.974928,-0.222521,False,False,NIGHT,1.0,3.0,4.0,14.0,48.0,171.0,0.0,0.0,0.0,1.68,2.756,80.81,8.02,80.807,80.164,19.19,1.98,6.27,17.99,100.0,100.0,7.85,4.51,14.64,2.23,45.785,0.0,48.933,32.066,False,,0.0,66.335,0.0,0.0,0.0,0.053,0.85,0.0,0.0,0.0,4.0,0.0,77.711,79.599,100.0,100.0,48.359,48.933,31.084,8.0,0.0,75.689,79.463,100.0,100.0,43.817,23.333,30.276,1.68,2.13,76.98,79.06,0.0,NORMAL
195,2026-06-03 00:45:00+00:00,0,2,0.0,1.0,0.974928,-0.222521,False,False,NIGHT,0.0,1.0,4.0,13.0,46.0,171.0,0.0,0.0,0.0,0.0,1.637,80.52,7.89,80.524,78.903,19.48,2.11,6.27,17.99,100.0,100.0,7.88,4.48,14.64,2.22,45.778,0.0,23.333,31.561,False,,0.0,63.716,0.0,0.0,0.0,0.053,0.85,2.0,0.0,0.0,3.0,0.0,76.998,79.388,100.0,100.0,48.612,23.333,30.799,11.0,0.0,75.689,79.058,100.0,99.854,42.964,23.333,30.276,3.36,1.853,77.905,79.345,0.0,NORMAL
196,2026-06-03 01:00:00+00:00,1,2,0.258819,0.965926,0.974928,-0.222521,False,False,NIGHT,0.0,0.0,3.0,11.0,40.0,171.0,0.0,0.0,0.0,0.0,1.97,80.03,7.89,80.032,78.901,19.97,2.11,5.4,16.07,100.0,100.0,8.18,4.45,14.37,2.27,46.786,0.0,23.333,31.56,False,,0.0,63.698,0.0,0.0,0.0,0.053,0.85,1.0,0.0,0.0,3.0,0.0,76.387,79.863,100.0,100.0,46.875,74.533,30.555,12.0,0.0,76.113,79.631,100.0,100.0,42.049,74.533,30.445,1.68,2.182,78.619,79.148,0.0,NORMAL
197,2026-06-03 01:15:00+00:00,1,2,0.258819,0.965926,0.974928,-0.222521,False,False,NIGHT,0.0,0.0,1.0,10.0,39.0,169.0,0.0,0.0,0.0,0.0,2.269,79.5,7.85,79.504,78.507,20.5,2.15,6.27,17.99,100.0,100.0,8.49,4.42,14.09,2.32,47.813,0.0,23.333,31.403,False,,0.0,63.595,0.0,0.0,0.0,0.053,0.85,-3.0,0.0,0.0,3.0,0.0,77.101,79.843,100.0,100.0,45.679,48.933,30.841,11.0,0.0,74.458,79.359,100.0,100.0,40.058,23.333,29.783,5.04,1.608,80.761,79.792,0.0,NORMAL
198,2026-06-03 01:30:00+00:00,1,2,0.258819,0.965926,0.974928,-0.222521,False,False,NIGHT,1.0,1.0,1.0,9.0,38.0,168.0,0.0,0.0,0.0,1.68,1.617,79.6,7.77,79.599,77.711,20.4,2.23,6.27,17.99,100.0,100.0,8.66,4.39,13.94,2.35,48.359,0.0,48.933,31.084,False,,0.0,65.81,0.0,0.0,0.0,0.0,0.0,-3.0,0.0,0.0,2.0,0.0,75.689,79.463,100.0,100.0,43.817,23.333,30.276,13.0,0.0,75.459,79.613,100.0,100.0,39.902,74.533,30.184,3.36,1.543,81.004,80.222,0.0,NORMAL
199,2026-06-03 01:45:00+00:00,1,2,0.258819,0.965926,0.974928,-0.222521,False,False,NIGHT,0.0,1.0,1.0,7.0,35.0,167.0,0.0,0.0,0.0,0.0,1.131,79.39,7.7,79.388,76.998,20.61,2.3,5.64,16.61,100.0,100.0,8.76,4.36,13.87,2.36,48.612,0.0,23.333,30.799,False,,0.0,63.34,0.0,0.0,0.0,0.0,0.0,-3.0,0.0,0.0,4.0,0.0,75.689,79.058,100.0,99.854,42.964,23.333,30.276,11.0,0.0,75.023,79.195,100.0,100.0,40.938,23.333,30.009,1.68,0.858,81.718,80.356,0.0,NORMAL
200,2026-06-03 02:00:00+00:00,2,2,0.5,0.866025,0.974928,-0.222521,False,False,NIGHT,2.0,2.0,3.0,8.0,35.0,167.0,0.0,0.0,0.0,3.36,1.702,79.86,7.64,79.863,76.387,20.14,2.36,6.27,17.99,100.0,100.0,8.33,4.33,14.34,2.28,46.875,0.0,74.533,30.555,False,,0.0,67.774,0.0,0.0,0.0,0.0,0.0,0.0,0.0,0.0,4.0,0.0,76.113,79.631,100.0,100.0,42.049,74.533,30.445,11.0,0.0,77.879,79.883,100.0,100.0,42.456,100.0,31.152,6.72,1.453,82.426,81.602,0.16,NORMAL
201,2026-06-03 02:15:00+00:00,2,2,0.5,0.866025,0.974928,-0.222521,False,False,NIGHT,1.0,3.0,4.0,9.0,34.0,164.0,0.0,0.0,0.0,1.68,1.474,79.84,7.71,79.843,77.101,20.16,2.29,6.27,17.99,100.0,100.0,8.02,4.31,14.67,2.22,45.679,0.0,48.933,30.841,False,,0.0,65.501,0.0,0.0,0.0,0.0,0.0,3.0,0.0,0.0,6.0,0.0,74.458,79.359,100.0,100.0,40.058,23.333,29.783,9.0,0.0,76.342,79.351,100.0,100.0,43.287,23.333,30.537,5.04,3.021,84.102,81.939,0.16,NORMAL
202,2026-06-03 02:30:00+00:00,2,2,0.5,0.866025,0.974928,-0.222521,False,False,NIGHT,0.0,1.0,3.0,8.0,30.0,163.0,0.0,0.0,0.0,0.0,2.088,79.46,7.57,79.463,75.689,20.54,2.43,6.27,17.99,100.0,100.0,7.55,4.28,15.17,2.13,43.817,0.0,23.333,30.276,False,,0.0,62.663,0.0,0.0,0.0,0.0,0.0,2.0,0.0,0.0,6.0,0.0,75.459,79.613,100.0,100.0,39.902,74.533,30.184,11.0,0.0,77.773,79.76,100.0,100.0,43.176,100.0,31.109,8.4,4.023,86.635,82.78,0.48,NORMAL
203,2026-06-03 02:45:00+00:00,2,2,0.5,0.866025,0.974928,-0.222521,False,False,NIGHT,0.0,0.0,3.0,8.0,27.0,162.0,0.0,0.0,0.0,0.0,1.619,79.06,7.57,79.058,75.689,20.94,2.43,6.27,17.99,100.0,99.854,7.34,4.26,15.4,2.09,42.964,0.0,23.333,30.276,False,,0.0,62.48,0.0,0.0,0.0,0.0,0.0,2.0,0.0,0.0,7.0,0.0,75.023,79.195,100.0,100.0,40.938,23.333,30.009,9.0,0.0,78.487,79.407,100.0,100.0,44.147,48.933,31.395,1.68,3.364,85.735,82.449,0.16,NORMAL
204,2026-06-03 03:00:00+00:00,3,2,0.707107,0.707107,0.974928,-0.222521,False,False,NIGHT,2.0,2.0,3.0,9.0,28.0,162.0,0.0,0.0,0.0,3.36,0.898,79.63,7.61,79.631,76.113,20.37,2.39,5.5,16.3,100.0,100.0,7.11,4.24,15.65,2.04,42.049,0.0,74.533,30.445,False,,0.0,67.234,0.0,0.0,0.0,0.0,0.0,0.0,0.0,0.0,8.0,0.0,77.879,79.883,100.0,100.0,42.456,100.0,31.152,10.0,0.0,78.013,79.265,100.0,100.0,44.635,48.933,31.205,3.36,3.377,85.4,82.478,0.0,NORMAL
205,2026-06-03 03:15:00+00:00,3,2,0.707107,0.707107,0.974928,-0.222521,False,False,NIGHT,0.0,2.0,2.0,7.0,26.0,160.0,0.0,0.0,0.0,0.0,1.749,79.36,7.45,79.359,74.458,20.64,2.55,4.86,14.89,100.0,100.0,6.6,4.21,16.18,1.95,40.058,0.0,23.333,29.783,False,,0.0,62.056,0.0,0.0,0.0,0.0,0.0,-2.0,0.0,0.0,5.0,0.0,76.342,79.351,100.0,100.0,43.287,23.333,30.537,10.0,0.0,78.551,79.388,100.0,100.0,43.972,74.533,31.421,1.68,2.936,84.087,82.295,0.0,NORMAL
206,2026-06-03 03:30:00+00:00,3,2,0.707107,0.707107,0.974928,-0.222521,False,False,NIGHT,2.0,2.0,4.0,8.0,22.0,161.0,0.0,0.0,0.0,3.36,1.944,79.61,7.55,79.613,75.459,20.39,2.45,6.03,17.47,100.0,100.0,6.57,4.2,16.23,1.94,39.902,0.0,74.533,30.184,False,,0.0,66.906,0.0,0.0,0.0,0.0,0.0,1.0,0.0,0.0,7.0,0.0,77.773,79.76,100.0,100.0,43.176,100.0,31.109,11.0,0.0,77.356,79.049,100.0,100.0,43.124,23.333,30.942,1.68,3.633,82.538,81.962,0.0,NORMAL
207,2026-06-03 03:45:00+00:00,3,2,0.707107,0.707107,0.974928,-0.222521,False,False,NIGHT,0.0,2.0,4.0,8.0,21.0,161.0,0.0,0.0,0.0,0.0,1.847,79.19,7.5,79.195,75.023,20.81,2.5,6.27,17.99,100.0,100.0,6.87,4.19,15.95,1.99,40.938,0.0,23.333,30.009,False,,0.0,62.212,0.0,0.0,0.0,0.0,0.0,1.0,0.0,0.0,4.0,0.0,78.487,79.407,100.0,100.0,44.147,48.933,31.395,13.0,0.0,76.165,78.872,100.0,100.0,43.062,23.333,30.466,0.0,3.118,81.228,81.313,0.0,NORMAL
208,2026-06-03 04:00:00+00:00,4,2,0.866025,0.5,0.974928,-0.222521,False,False,NIGHT,4.0,4.0,6.0,12.0,23.0,165.0,0.0,0.0,0.0,6.72,2.826,79.88,7.79,79.883,77.879,20.12,2.21,5.12,15.47,100.0,100.0,7.26,4.21,15.54,2.06,42.456,0.16,100.0,31.152,False,,0.0,69.971,0.0,0.0,0.0,0.0,0.0,3.0,0.16,0.04,3.0,0.0,78.013,79.265,100.0,100.0,44.635,48.933,31.205,14.0,0.0,76.713,79.068,69.532,65.551,43.787,74.533,30.685,6.72,2.126,81.974,82.387,0.16,NORMAL
209,2026-06-03 04:15:00+00:00,4,2,0.866025,0.5,0.974928,-0.222521,False,False,NIGHT,0.0,4.0,6.0,12.0,22.0,165.0,0.0,0.0,0.0,0.0,2.741,79.35,7.63,79.351,76.342,20.65,2.37,6.08,17.57,100.0,100.0,7.48,4.2,15.31,2.1,43.287,0.0,23.333,30.537,False,,0.0,62.721,0.0,0.0,0.0,0.0,0.0,4.0,0.0,0.0,4.0,0.0,78.551,79.388,100.0,100.0,43.972,74.533,31.421,16.0,0.0,76.818,79.189,69.638,65.651,43.891,74.533,30.727,3.36,4.573,81.696,82.112,0.0,NORMAL
210,2026-06-03 04:30:00+00:00,4,2,0.866025,0.5,0.974928,-0.222521,False,False,NIGHT,3.0,3.0,7.0,14.0,23.0,168.0,0.0,0.0,0.0,5.04,2.831,79.76,7.78,79.76,77.773,20.24,2.22,6.27,17.99,100.0,100.0,7.44,4.22,15.34,2.1,43.176,0.0,100.0,31.109,False,,0.0,69.988,0.0,0.0,0.0,0.0,0.0,3.0,0.0,0.0,4.0,0.0,77.356,79.049,100.0,100.0,43.124,23.333,30.942,17.0,0.0,76.98,79.06,80.495,75.417,45.246,48.933,30.792,5.04,2.875,82.715,82.551,0.0,NORMAL
211,2026-06-03 04:45:00+00:00,4,2,0.866025,0.5,0.974928,-0.222521,False,False,NIGHT,1.0,4.0,8.0,15.0,22.0,168.0,0.0,0.0,0.0,1.68,2.809,79.41,7.85,79.407,78.487,20.59,2.15,6.17,17.78,100.0,100.0,7.68,4.24,15.08,2.15,44.147,0.0,48.933,31.395,False,,0.0,65.544,0.0,0.0,0.0,0.0,0.0,4.0,0.0,0.0,5.0,0.0,76.165,78.872,100.0,100.0,43.062,23.333,30.466,21.0,0.0,77.905,79.345,80.83,75.729,44.658,74.533,31.162,1.68,2.689,82.492,82.321,0.0,NORMAL
212,2026-06-03 05:00:00+00:00,5,2,0.965926,0.258819,0.974928,-0.222521,False,False,NIGHT,1.0,2.0,5.0,14.0,22.0,169.0,0.0,0.0,0.0,1.68,2.435,79.27,7.8,79.265,78.013,20.73,2.2,6.2,17.83,100.0,100.0,7.8,4.25,14.95,2.17,44.635,0.0,48.933,31.205,False,,0.0,65.462,0.0,0.0,0.0,0.0,0.0,-1.0,-0.16,0.0,7.0,0.0,76.713,79.068,69.532,65.551,43.787,74.533,30.685,20.0,0.0,78.619,79.148,77.251,72.514,45.174,48.933,31.448,1.68,2.584,82.558,82.089,0.0,NORMAL
213,2026-06-03 05:15:00+00:00,5,2,0.965926,0.258819,0.974928,-0.222521,False,False,NIGHT,2.0,3.0,7.0,15.0,24.0,170.0,0.0,0.0,0.0,3.36,2.655,79.39,7.86,79.388,78.551,20.61,2.14,5.76,16.86,100.0,100.0,7.61,4.26,15.13,2.14,43.972,0.0,74.533,31.421,False,,0.0,67.841,0.0,0.0,0.0,0.0,0.0,1.0,0.0,0.0,6.0,0.0,76.818,79.189,69.638,65.651,43.891,74.533,30.727,21.0,0.0,80.761,79.792,71.976,67.786,45.506,100.0,32.305,5.04,3.709,83.444,82.333,0.0,NORMAL
214,2026-06-03 05:30:00+00:00,5,2,0.965926,0.258819,0.974928,-0.222521,False,False,NIGHT,0.0,2.0,4.0,15.0,23.0,169.0,0.0,0.0,0.0,0.0,1.831,79.05,7.74,79.049,77.356,20.95,2.26,6.0,17.41,100.0,100.0,7.38,4.26,15.36,2.1,43.124,0.0,23.333,30.942,False,,0.0,62.843,0.0,0.0,0.0,0.0,0.0,-3.0,0.0,0.0,7.0,0.0,76.98,79.06,80.495,75.417,45.246,48.933,30.792,19.0,0.0,81.004,80.222,71.929,67.758,44.199,74.533,32.401,3.36,3.451,83.192,82.335,0.0,NORMAL
215,2026-06-03 05:45:00+00:00,5,2,0.965926,0.258819,0.974928,-0.222521,False,False,NIGHT,0.0,0.0,3.0,15.0,23.0,169.0,0.0,0.0,0.0,0.0,1.184,78.87,7.62,78.872,76.165,21.13,2.38,6.17,17.78,100.0,100.0,7.38,4.25,15.37,2.09,43.062,0.0,23.333,30.466,False,,0.0,62.56,0.0,0.0,0.0,0.0,0.0,-5.0,0.0,0.0,8.0,0.0,77.905,79.345,80.83,75.729,44.658,74.533,31.162,18.0,0.0,81.718,80.356,70.664,66.618,43.756,48.933,32.687,5.04,2.013,83.69,83.042,0.0,NORMAL
216,2026-06-03 06:00:00+00:00,6,2,1.0,0.0,0.974928,-0.222521,False,False,MORNING,2.0,2.0,4.0,15.0,24.0,171.0,0.0,0.0,0.0,3.36,2.358,79.07,7.67,79.068,76.713,20.93,2.33,11.97,27.41,69.532,65.551,7.58,4.24,15.18,2.13,43.787,0.0,74.533,30.685,False,,0.0,59.596,0.0,0.0,0.0,0.0,0.0,-1.0,0.0,0.0,7.0,0.0,78.619,79.148,77.251,72.514,45.174,48.933,31.448,17.0,0.0,82.426,81.602,76.362,71.809,44.023,100.0,32.97,6.72,3.157,85.677,83.734,0.16,NORMAL
217,2026-06-03 06:15:00+00:00,6,2,1.0,0.0,0.974928,-0.222521,False,False,MORNING,2.0,4.0,4.0,17.0,24.0,173.0,0.0,0.0,0.0,3.36,2.835,79.19,7.68,79.189,76.818,20.81,2.32,11.97,27.41,69.638,65.651,7.61,4.24,15.15,2.13,43.891,0.0,74.533,30.727,False,,0.0,59.678,0.0,0.0,0.0,0.0,0.0,-3.0,0.0,0.0,10.0,0.0,80.761,79.792,71.976,67.786,45.506,100.0,32.305,17.0,0.0,84.102,81.939,85.332,79.866,45.702,100.0,33.641,1.68,4.239,83.193,83.343,0.0,NORMAL
218,2026-06-03 06:30:00+00:00,6,2,1.0,0.0,0.974928,-0.222521,False,False,MORNING,1.0,3.0,5.0,16.0,24.0,173.0,0.0,0.0,0.0,1.68,2.13,79.06,7.7,79.06,76.98,20.94,2.3,10.34,23.83,80.495,75.417,7.98,4.24,14.78,2.2,45.246,0.0,48.933,30.792,False,,0.0,59.975,0.0,0.0,0.0,0.0,0.0,1.0,0.0,0.0,10.0,0.0,81.004,80.222,71.929,67.758,44.199,74.533,32.401,16.0,0.0,86.635,82.78,72.796,68.628,45.155,100.0,34.654,0.0,3.85,81.111,82.589,0.0,NORMAL
219,2026-06-03 06:45:00+00:00,6,2,1.0,0.0,0.974928,-0.222521,False,False,MORNING,2.0,3.0,7.0,18.0,26.0,174.0,0.0,0.0,0.0,3.36,1.853,79.34,7.79,79.345,77.905,20.66,2.21,10.33,23.81,80.83,75.729,7.81,4.25,14.94,2.17,44.658,0.0,74.533,31.162,False,,0.0,62.551,0.0,0.0,0.0,0.0,0.0,4.0,0.0,0.0,13.0,0.0,81.718,80.356,70.664,66.618,43.756,48.933,32.687,14.0,0.0,85.735,82.449,74.896,70.516,45.678,50.567,34.294,3.36,4.113,81.299,82.382,0.0,NORMAL
220,2026-06-03 07:00:00+00:00,7,2,0.965926,-0.258819,0.974928,-0.222521,False,False,MORNING,1.0,3.0,6.0,15.0,27.0,175.0,0.0,0.0,0.0,1.68,2.182,79.15,7.86,79.148,78.619,20.85,2.14,10.78,24.81,77.251,72.514,7.93,4.26,14.8,2.2,45.174,0.0,48.933,31.448,False,,0.0,59.578,0.0,0.0,0.0,0.0,0.0,2.0,0.0,0.0,13.0,0.0,82.426,81.602,76.362,71.809,44.023,100.0,32.97,14.0,0.0,85.4,82.478,72.531,68.378,46.285,74.575,34.16,9.514,3.69,83.568,83.611,0.48,NORMAL
221,2026-06-03 07:15:00+00:00,7,2,0.965926,-0.258819,0.974928,-0.222521,False,False,MORNING,3.0,4.0,7.0,18.0,30.0,176.0,0.0,0.0,0.0,5.04,1.608,79.79,8.08,79.792,80.761,20.21,1.92,11.67,26.75,71.976,67.786,7.99,4.3,14.71,2.21,45.506,0.0,100.0,32.305,False,,0.0,63.573,0.0,0.0,0.0,0.0,0.0,3.0,0.0,0.0,11.0,0.0,84.102,81.939,85.332,79.866,45.702,100.0,33.641,13.0,0.0,84.087,82.295,79.782,74.912,46.629,48.933,33.635,3.926,4.305,83.555,83.517,0.32,NORMAL
222,2026-06-03 07:30:00+00:00,7,2,0.965926,-0.258819,0.974928,-0.222521,False,False,MORNING,2.0,5.0,8.0,17.0,31.0,177.0,0.0,0.0,0.0,3.36,1.543,80.22,8.1,80.222,81.004,19.78,1.9,11.74,26.91,71.929,67.758,7.6,4.33,15.07,2.15,44.199,0.0,74.533,32.401,False,,0.0,61.298,0.0,0.0,0.0,0.0,0.0,3.0,0.0,0.0,9.0,0.0,86.635,82.78,72.796,68.628,45.155,100.0,34.654,15.0,0.0,82.538,81.962,76.307,71.771,47.174,48.933,33.015,0.0,3.966,81.282,82.753,0.0,NORMAL
223,2026-06-03 07:45:00+00:00,7,2,0.965926,-0.258819,0.974928,-0.222521,False,False,MORNING,1.0,3.0,7.0,17.0,32.0,176.0,0.0,0.0,0.0,1.68,0.858,80.36,8.17,80.356,81.718,19.64,1.83,11.97,27.41,70.664,66.618,7.45,4.36,15.19,2.13,43.756,0.0,48.933,32.687,False,,0.0,58.838,0.0,0.0,0.0,0.0,0.0,0.0,0.0,0.0,5.0,0.0,85.735,82.449,74.896,70.516,45.678,50.567,34.294,16.0,0.0,81.228,81.313,71.506,67.412,48.515,23.333,32.491,1.68,3.128,80.583,82.461,0.0,NORMAL
224,2026-06-03 08:00:00+00:00,8,2,0.866025,-0.5,0.974928,-0.222521,False,False,MORNING,4.0,5.0,10.0,20.0,34.0,176.0,0.0,0.0,0.0,6.72,1.453,81.6,8.24,81.602,82.426,18.4,1.76,11.25,25.83,76.362,71.809,7.49,4.4,15.11,2.14,44.023,0.16,100.0,32.97,False,,0.0,65.18,0.0,0.0,0.0,0.0,0.0,4.0,0.16,0.04,4.0,0.0,85.4,82.478,72.531,68.378,46.285,74.575,34.16,19.0,0.0,81.974,82.387,72.451,68.302,48.387,100.0,32.79,3.36,4.481,81.226,82.117,0.0,NORMAL
225,2026-06-03 08:15:00+00:00,8,2,0.866025,-0.5,0.974928,-0.222521,False,False,MORNING,3.0,7.0,10.0,21.0,36.0,178.0,0.0,0.0,0.0,5.04,3.021,81.94,8.41,81.939,84.102,18.06,1.59,10.11,23.32,85.332,79.866,7.9,4.44,14.66,2.22,45.702,0.16,100.0,33.641,False,,0.0,67.784,0.0,0.0,0.0,0.0,0.0,3.0,0.16,0.04,6.0,0.0,84.087,82.295,79.782,74.912,46.629,48.933,33.635,19.0,0.0,81.696,82.112,72.209,68.074,47.747,74.55,32.678,1.68,2.67,80.759,81.916,0.0,NORMAL
226,2026-06-03 08:30:00+00:00,8,2,0.866025,-0.5,0.974928,-0.222521,False,False,MORNING,5.0,8.0,13.0,26.0,41.0,183.0,0.0,0.0,0.0,8.4,4.023,82.78,8.66,82.78,86.635,17.22,1.34,11.97,27.41,72.796,68.628,7.68,4.51,14.81,2.19,45.155,0.48,100.0,34.654,False,,0.0,65.573,0.0,0.0,0.0,0.0,0.0,5.0,0.48,0.12,7.0,0.0,82.538,81.962,76.307,71.771,47.174,48.933,33.015,18.0,0.0,82.715,82.551,73.325,69.099,47.884,100.0,33.086,1.68,2.854,80.626,81.635,0.0,NORMAL
227,2026-06-03 08:45:00+00:00,8,2,0.866025,-0.5,0.974928,-0.222521,False,False,MORNING,1.0,6.0,13.0,27.0,42.0,181.0,0.0,0.0,0.0,1.68,3.364,82.45,8.57,82.449,85.735,17.55,1.43,11.59,26.57,74.896,70.516,7.78,4.55,14.67,2.22,45.678,0.16,50.567,34.294,False,,0.0,61.397,0.0,0.0,0.0,0.0,0.0,6.0,0.16,0.04,9.0,0.0,81.228,81.313,71.506,67.412,48.515,23.333,32.491,15.0,0.0,82.492,82.321,76.924,72.341,47.678,48.933,32.997,3.36,3.154,80.406,81.709,0.0,NORMAL
228,2026-06-03 09:00:00+00:00,9,2,0.707107,-0.707107,0.974928,-0.222521,False,False,MORNING,2.0,3.0,11.0,27.0,42.0,179.0,0.0,0.0,0.0,3.36,3.377,82.48,8.54,82.478,85.4,17.52,1.46,11.97,27.41,72.531,68.378,7.92,4.58,14.5,2.25,46.285,0.0,74.575,34.16,False,,0.0,63.012,0.0,0.0,0.0,0.0,0.0,1.0,-0.16,0.0,10.0,0.0,81.974,82.387,72.451,68.302,48.387,100.0,32.79,16.0,0.0,82.558,82.089,72.188,68.055,48.726,48.933,33.023,1.68,2.848,80.287,81.429,0.0,NORMAL
229,2026-06-03 09:15:00+00:00,9,2,0.707107,-0.707107,0.974928,-0.222521,False,False,MORNING,1.0,3.0,9.0,26.0,43.0,177.0,0.0,0.0,0.0,1.68,2.936,82.3,8.41,82.295,84.087,17.7,1.59,10.86,24.97,79.782,74.912,8.0,4.59,14.41,2.27,46.629,0.0,48.933,33.635,False,,0.0,62.086,0.0,0.0,0.0,0.0,0.0,-1.0,-0.16,0.0,7.0,0.0,81.696,82.112,72.209,68.074,47.747,74.55,32.678,21.0,0.0,83.444,82.333,73.935,69.643,46.634,100.0,33.378,3.36,1.102,80.364,81.986,0.0,NORMAL
230,2026-06-03 09:30:00+00:00,9,2,0.707107,-0.707107,0.974928,-0.222521,False,False,MORNING,1.0,2.0,5.0,26.0,42.0,174.0,0.0,0.0,0.0,1.68,3.633,81.96,8.25,81.962,82.538,18.04,1.75,11.31,25.95,76.307,71.771,8.16,4.58,14.26,2.29,47.174,0.0,48.933,33.015,False,,0.0,60.958,0.0,0.0,0.0,0.0,0.0,-8.0,-0.48,0.0,8.0,0.0,82.715,82.551,73.325,69.099,47.884,100.0,33.086,20.0,0.0,83.192,82.335,72.405,68.259,46.633,74.533,33.277,3.36,3.171,80.135,82.056,0.0,NORMAL
231,2026-06-03 09:45:00+00:00,9,2,0.707107,-0.707107,0.974928,-0.222521,False,False,MORNING,0.0,1.0,4.0,24.0,42.0,173.0,0.0,0.0,0.0,0.0,3.118,81.31,8.12,81.313,81.228,18.69,1.88,11.97,27.41,71.506,67.412,8.54,4.56,13.9,2.36,48.515,0.0,23.333,32.491,False,,0.0,57.271,0.0,0.0,0.0,0.0,0.0,-9.0,-0.16,0.0,7.0,0.0,82.492,82.321,76.924,72.341,47.678,48.933,32.997,18.0,0.0,83.69,83.042,73.027,68.845,46.443,100.0,33.476,3.36,3.052,80.575,82.089,0.0,NORMAL
232,2026-06-03 10:00:00+00:00,10,2,0.5,-0.866025,0.974928,-0.222521,False,False,MORNING,4.0,4.0,6.0,27.0,42.0,175.0,0.0,0.0,0.0,6.72,2.126,82.39,8.2,82.387,81.974,17.61,1.8,11.97,27.41,72.451,68.302,8.52,4.55,13.94,2.35,48.387,0.16,100.0,32.79,False,,0.0,64.765,0.0,0.0,0.0,0.0,0.0,-5.0,0.16,0.04,9.0,0.0,82.558,82.089,72.188,68.055,48.726,48.933,33.023,16.0,0.0,85.677,83.734,77.693,73.086,46.464,100.0,34.271,0.0,1.809,79.438,81.75,0.0,NORMAL
233,2026-06-03 10:15:00+00:00,10,2,0.5,-0.866025,0.974928,-0.222521,False,False,MORNING,2.0,6.0,7.0,26.0,44.0,175.0,0.0,0.0,0.0,3.36,4.573,82.11,8.17,82.112,81.696,17.89,1.83,11.97,27.41,72.209,68.074,8.36,4.54,14.11,2.32,47.747,0.0,74.55,32.678,False,,0.0,62.245,0.0,0.0,0.0,0.0,0.0,-2.0,0.0,0.0,12.0,0.0,83.444,82.333,73.935,69.643,46.634,100.0,33.378,14.0,0.0,83.193,83.343,73.291,69.095,46.621,48.933,33.277,5.04,2.853,80.698,82.171,0.0,NORMAL
234,2026-06-03 10:30:00+00:00,10,2,0.5,-0.866025,0.974928,-0.222521,False,False,MORNING,3.0,5.0,9.0,27.0,44.0,175.0,0.0,0.0,0.0,5.04,2.875,82.55,8.27,82.551,82.715,17.45,1.73,11.85,27.15,73.325,69.099,8.39,4.54,14.07,2.33,47.884,0.0,100.0,33.086,False,,0.0,65.105,0.0,0.0,0.0,0.0,0.0,4.0,0.0,0.0,10.0,0.0,83.192,82.335,72.405,68.259,46.633,74.533,33.277,14.0,0.0,81.111,82.589,72.628,68.469,45.188,23.333,32.444,0.0,3.488,79.127,81.456,0.0,NORMAL
235,2026-06-03 10:45:00+00:00,10,2,0.5,-0.866025,0.974928,-0.222521,False,False,MORNING,1.0,4.0,10.0,27.0,44.0,172.0,0.0,0.0,0.0,1.68,2.689,82.32,8.25,82.321,82.492,17.68,1.75,11.26,25.86,76.924,72.341,8.33,4.54,14.13,2.32,47.678,0.0,48.933,32.997,False,,0.0,61.216,0.0,0.0,0.0,0.0,0.0,6.0,0.0,0.0,8.0,0.0,83.69,83.042,73.027,68.845,46.443,100.0,33.476,15.0,0.0,81.299,82.382,72.568,68.409,44.708,74.533,32.52,5.04,2.973,79.844,81.901,0.0,NORMAL
236,2026-06-03 11:00:00+00:00,11,2,0.258819,-0.965926,0.974928,-0.222521,False,False,MORNING,1.0,2.0,7.0,24.0,44.0,170.0,0.0,0.0,0.0,1.68,2.584,82.09,8.26,82.089,82.558,17.91,1.74,11.97,27.41,72.188,68.055,8.62,4.54,13.84,2.37,48.726,0.0,48.933,33.023,False,,0.0,60.19,0.0,0.0,0.0,0.0,0.0,1.0,-0.16,0.0,7.0,0.0,85.677,83.734,77.693,73.086,46.464,100.0,34.271,15.0,0.34,83.568,83.611,85.47,80.07,43.067,100.0,35.449,5.04,3.704,80.86,82.134,0.0,NORMAL
237,2026-06-03 11:15:00+00:00,11,2,0.258819,-0.965926,0.974928,-0.222521,False,False,MORNING,3.0,4.0,8.0,24.0,45.0,170.0,0.0,0.0,0.0,5.04,3.709,82.33,8.34,82.333,83.444,17.67,1.66,11.72,26.87,73.935,69.643,8.04,4.55,14.41,2.27,46.634,0.0,100.0,33.378,False,,0.0,65.228,0.0,0.0,0.0,0.0,0.0,1.0,0.0,0.0,9.0,0.0,83.193,83.343,73.291,69.095,46.621,48.933,33.277,10.0,0.0,83.555,83.517,87.447,81.825,41.658,77.75,33.422,6.72,2.425,81.732,83.121,0.16,NORMAL
238,2026-06-03 11:30:00+00:00,11,2,0.258819,-0.965926,0.974928,-0.222521,False,False,MORNING,2.0,5.0,7.0,21.0,47.0,170.0,0.0,0.0,0.0,3.36,3.451,82.34,8.32,82.335,83.192,17.66,1.68,11.97,27.41,72.405,68.259,8.04,4.55,14.41,2.27,46.633,0.0,74.533,33.277,False,,0.0,62.537,0.0,0.0,0.0,0.0,0.0,-2.0,0.0,0.0,10.0,0.0,81.111,82.589,72.628,68.469,45.188,23.333,32.444,10.0,0.0,81.282,82.753,77.025,72.448,40.494,23.333,32.513,0.0,2.973,80.842,82.466,0.0,NORMAL
239,2026-06-03 11:45:00+00:00,11,2,0.258819,-0.965926,0.974928,-0.222521,False,False,MORNING,3.0,5.0,9.0,23.0,50.0,173.0,0.0,0.0,0.0,5.04,2.013,83.04,8.37,83.042,83.69,16.96,1.63,11.97,27.41,73.027,68.845,7.98,4.56,14.46,2.26,46.443,0.0,100.0,33.476,False,,0.0,65.212,0.0,0.0,0.0,0.0,0.0,-1.0,0.0,0.0,10.0,0.0,81.299,82.382,72.568,68.409,44.708,74.533,32.52,12.0,0.0,80.583,82.461,72.516,68.363,41.318,48.933,32.233,3.36,4.416,80.449,82.242,0.0,NORMAL
240,2026-06-03 12:00:00+00:00,12,2,0.0,-1.0,0.974928,-0.222521,False,False,MORNING,4.0,7.0,12.0,25.0,52.0,175.0,0.0,0.0,0.0,6.72,3.157,83.73,8.57,83.734,85.677,16.27,1.43,11.34,26.04,77.693,73.086,7.95,4.59,14.45,2.26,46.464,0.16,100.0,34.271,False,,0.0,66.832,0.0,0.0,0.0,0.0,0.0,5.0,0.16,0.04,9.0,0.34,83.568,83.611,85.47,80.07,43.067,100.0,35.449,13.0,0.0,81.226,82.117,88.483,84.023,41.896,74.533,32.491,1.68,2.029,80.309,82.168,0.0,NORMAL
241,2026-06-03 12:15:00+00:00,12,2,0.0,-1.0,0.974928,-0.222521,False,False,MORNING,1.0,5.0,10.0,25.0,51.0,172.0,0.0,0.0,0.0,1.68,4.239,83.34,8.32,83.343,83.193,16.66,1.68,11.97,27.41,73.291,69.095,8.0,4.59,14.41,2.27,46.621,0.0,48.933,33.277,False,,0.0,60.66,0.0,0.0,0.0,0.0,0.0,2.0,0.0,0.0,5.0,0.0,83.555,83.517,87.447,81.825,41.658,77.75,33.422,11.0,0.0,80.759,81.916,84.757,80.588,41.613,48.933,32.304,1.68,2.757,80.087,81.921,0.0,NORMAL
242,2026-06-03 12:30:00+00:00,12,2,0.0,-1.0,0.974928,-0.222521,False,False,MORNING,0.0,1.0,8.0,24.0,50.0,169.0,0.0,0.0,0.0,0.0,3.85,82.59,8.11,82.589,81.111,17.41,1.89,11.97,27.41,72.628,68.469,7.64,4.56,14.8,2.2,45.188,0.0,23.333,32.444,False,,0.0,57.49,0.0,0.0,0.0,0.0,0.0,1.0,0.0,0.0,4.0,0.0,81.282,82.753,77.025,72.448,40.494,23.333,32.513,13.0,0.0,80.626,81.635,100.0,95.011,43.1,48.933,32.251,1.68,3.21,79.712,81.576,0.0,NORMAL
243,2026-06-03 12:45:00+00:00,12,2,0.0,-1.0,0.974928,-0.222521,False,False,MORNING,2.0,2.0,7.0,26.0,50.0,170.0,0.0,0.0,0.0,3.36,4.113,82.38,8.13,82.382,81.299,17.62,1.87,11.95,27.37,72.568,68.409,7.53,4.55,14.93,2.17,44.708,0.0,74.533,32.52,False,,0.0,62.033,0.0,0.0,0.0,0.0,0.0,-2.0,0.0,0.0,5.0,0.0,80.583,82.461,72.516,68.363,41.318,48.933,32.233,12.0,0.0,80.406,81.709,89.438,84.886,40.981,74.533,32.162,5.04,4.492,80.843,81.6,0.0,NORMAL
244,2026-06-03 13:00:00+00:00,13,2,-0.258819,-0.965926,0.974928,-0.222521,False,False,MORNING,6.0,8.0,9.0,28.0,55.0,175.0,0.34,0.0,0.0,9.514,3.69,83.61,8.36,83.611,83.568,16.39,1.64,10.32,23.78,85.47,80.07,7.06,4.57,15.37,2.09,43.067,0.48,100.0,35.449,False,,0.6,68.066,0.34,0.34,0.34,0.021,0.34,-3.0,0.32,0.205,6.0,0.0,81.226,82.117,88.483,84.023,41.896,74.533,32.491,13.0,0.0,80.287,81.429,96.676,91.501,41.812,48.933,32.115,1.68,3.123,80.715,81.252,0.0,NORMAL
245,2026-06-03 13:15:00+00:00,13,2,-0.258819,-0.965926,0.974928,-0.222521,False,False,MORNING,2.0,8.0,10.0,28.0,54.0,176.0,0.0,0.03,0.0303,3.926,4.305,83.52,8.36,83.517,83.555,16.48,1.64,10.05,23.2,87.447,81.825,6.67,4.57,15.75,2.02,41.658,0.32,77.75,33.422,False,,0.0,66.144,-0.34,0.0,0.0,0.021,0.34,0.0,0.32,0.08,5.0,0.0,80.759,81.916,84.757,80.588,41.613,48.933,32.304,15.0,0.0,80.364,81.986,84.114,79.998,40.409,74.533,32.146,5.04,2.778,82.28,81.661,0.0,NORMAL
246,2026-06-03 13:30:00+00:00,13,2,-0.258819,-0.965926,0.974928,-0.222521,False,False,MORNING,0.0,2.0,10.0,25.0,52.0,175.0,0.0,0.0,0.0,0.0,3.966,82.75,8.13,82.753,81.282,17.25,1.87,11.31,25.96,77.025,72.448,6.38,4.55,16.07,1.97,40.494,0.0,23.333,32.513,False,,0.0,58.143,0.0,-0.34,0.0,0.021,0.34,2.0,0.0,0.0,6.0,0.0,80.626,81.635,100.0,95.011,43.1,48.933,32.251,17.0,0.0,80.135,82.056,84.186,80.067,41.618,74.533,32.054,1.68,4.267,82.319,81.011,0.0,NORMAL
247,2026-06-03 13:45:00+00:00,13,2,-0.258819,-0.965926,0.974928,-0.222521,False,False,MORNING,1.0,1.0,9.0,25.0,52.0,173.0,0.0,0.0,0.0,1.68,3.128,82.46,8.06,82.461,80.583,17.54,1.94,11.97,27.41,72.516,68.363,6.63,4.53,15.84,2.01,41.318,0.0,48.933,32.233,False,,0.0,59.286,0.0,0.0,0.0,0.021,0.34,2.0,0.0,0.0,7.0,0.0,80.406,81.709,89.438,84.886,40.981,74.533,32.162,15.0,0.0,80.575,82.089,84.22,80.099,41.539,74.533,32.23,6.72,1.888,83.724,82.078,0.16,NORMAL
248,2026-06-03 14:00:00+00:00,14,2,-0.5,-0.866025,0.974928,-0.222521,False,False,EVENING,2.0,3.0,5.0,26.0,50.0,175.0,0.0,0.0,0.0,3.36,4.481,82.12,8.12,82.117,81.226,17.88,1.88,9.77,22.21,88.483,84.023,6.8,4.52,15.69,2.04,41.896,0.0,74.533,32.491,False,,0.0,65.49,0.0,0.0,-0.34,0.021,0.34,-4.0,-0.48,0.0,7.0,0.0,80.287,81.429,96.676,91.501,41.812,48.933,32.115,15.0,0.0,79.438,81.75,83.872,79.768,40.583,23.333,31.775,5.04,3.839,85.07,82.244,0.16,NORMAL
249,2026-06-03 14:15:00+00:00,14,2,-0.5,-0.866025,0.974928,-0.222521,False,False,EVENING,1.0,3.0,4.0,24.0,48.0,175.0,0.0,0.0,0.0,1.68,2.67,81.92,8.08,81.916,80.759,18.08,1.92,10.17,23.1,84.757,80.588,6.73,4.5,15.76,2.02,41.613,0.0,48.933,32.304,False,,0.0,62.164,0.0,0.0,0.0,0.021,0.34,-6.0,-0.32,0.0,6.0,0.0,80.364,81.986,84.114,79.998,40.409,74.533,32.146,16.0,0.0,80.698,82.171,91.307,86.617,43.302,100.0,32.279,5.04,1.822,85.276,83.028,0.16,NORMAL
250,2026-06-03 14:30:00+00:00,14,2,-0.5,-0.866025,0.974928,-0.222521,False,False,EVENING,1.0,2.0,5.0,23.0,44.0,173.0,0.0,0.0,0.0,1.68,2.854,81.64,8.06,81.635,80.626,18.36,1.94,8.55,19.53,100.0,95.011,7.15,4.49,15.36,2.09,43.1,0.0,48.933,32.251,False,,0.0,65.769,0.0,0.0,0.0,0.021,0.34,-5.0,0.0,0.0,7.0,0.0,80.135,82.056,84.186,80.067,41.618,74.533,32.054,14.0,0.0,79.127,81.456,87.666,83.251,42.165,23.333,31.651,1.68,2.793,84.658,82.811,0.0,NORMAL
251,2026-06-03 14:45:00+00:00,14,2,-0.5,-0.866025,0.974928,-0.222521,False,False,EVENING,2.0,3.0,6.0,22.0,45.0,174.0,0.0,0.0,0.0,3.36,3.154,81.71,8.04,81.709,80.406,18.29,1.96,9.62,21.88,89.438,84.886,6.59,4.47,15.94,1.99,40.981,0.0,74.533,32.162,False,,0.0,65.372,0.0,0.0,0.0,0.021,0.34,-3.0,0.0,0.0,5.0,0.0,80.575,82.089,84.22,80.099,41.539,74.533,32.23,15.0,0.0,79.844,81.901,84.027,79.916,45.529,100.0,31.938,3.36,3.144,84.915,82.84,0.0,NORMAL
252,2026-06-03 15:00:00+00:00,15,2,-0.707107,-0.707107,0.974928,-0.222521,False,False,EVENING,1.0,3.0,5.0,19.0,44.0,175.0,0.0,0.0,0.0,1.68,2.848,81.43,8.03,81.429,80.287,18.57,1.97,8.87,20.23,96.676,91.501,6.83,4.46,15.71,2.03,41.812,0.0,48.933,32.115,False,,0.0,64.72,0.0,0.0,0.0,0.021,0.34,0.0,0.0,0.0,6.0,0.0,79.438,81.75,83.872,79.768,40.583,23.333,31.775,15.0,0.0,80.86,82.134,84.266,80.143,42.394,100.0,32.344,8.4,3.867,86.588,83.806,0.32,NORMAL
253,2026-06-03 15:15:00+00:00,15,2,-0.707107,-0.707107,0.974928,-0.222521,False,False,EVENING,2.0,3.0,6.0,20.0,45.0,175.0,0.0,0.0,0.0,3.36,1.102,81.99,8.04,81.986,80.364,18.01,1.96,10.26,23.29,84.114,79.998,6.46,4.45,16.09,1.96,40.409,0.0,74.533,32.146,False,,0.0,64.148,0.0,0.0,0.0,0.021,0.34,2.0,0.0,0.0,9.0,0.0,80.698,82.171,91.307,86.617,43.302,100.0,32.279,13.0,0.0,81.732,83.121,85.278,81.105,43.291,100.0,32.693,5.04,5.269,86.204,83.787,0.32,NORMAL
254,2026-06-03 15:30:00+00:00,15,2,-0.707107,-0.707107,0.974928,-0.222521,False,False,EVENING,2.0,4.0,7.0,22.0,46.0,176.0,0.0,0.0,0.0,3.36,3.171,82.06,8.01,82.056,80.135,17.94,1.99,10.26,23.29,84.186,80.067,6.79,4.45,15.76,2.02,41.618,0.0,74.533,32.054,False,,0.0,64.243,0.0,0.0,0.0,0.021,0.34,2.0,0.0,0.0,10.0,0.0,79.127,81.456,87.666,83.251,42.165,23.333,31.651,12.0,0.0,80.842,82.466,84.607,80.467,44.458,23.333,32.337,3.36,4.555,84.833,83.625,0.16,NORMAL
255,2026-06-03 15:45:00+00:00,15,2,-0.707107,-0.707107,0.974928,-0.222521,False,False,EVENING,2.0,4.0,7.0,22.0,48.0,173.0,0.0,0.0,0.0,3.36,3.052,82.09,8.06,82.089,80.575,17.91,1.94,10.26,23.29,84.22,80.099,6.77,4.44,15.78,2.02,41.539,0.0,74.533,32.23,False,,0.0,64.339,0.0,0.0,0.0,0.021,0.34,1.0,0.0,0.0,10.0,0.0,79.844,81.901,84.027,79.916,45.529,100.0,31.938,13.0,0.0,80.449,82.242,94.551,89.59,43.21,74.533,32.179,6.72,3.669,86.495,84.222,0.32,NORMAL
256,2026-06-03 16:00:00+00:00,16,2,-0.866025,-0.5,0.974928,-0.222521,False,False,EVENING,0.0,2.0,6.0,16.0,44.0,172.0,0.0,0.0,0.0,0.0,1.809,81.75,7.94,81.75,79.438,18.25,2.06,10.26,23.29,83.872,79.768,6.53,4.43,16.04,1.97,40.583,0.0,23.333,31.775,False,,0.0,59.262,0.0,0.0,0.0,0.021,0.34,1.0,0.0,0.0,9.0,0.0,80.86,82.134,84.266,80.143,42.394,100.0,32.344,15.0,0.0,80.309,82.168,100.0,98.002,46.062,48.933,32.124,0.0,4.886,84.251,83.225,0.0,NORMAL
257,2026-06-03 16:15:00+00:00,16,2,-0.866025,-0.5,0.974928,-0.222521,False,False,EVENING,3.0,3.0,7.0,17.0,45.0,172.0,0.0,0.0,0.0,5.04,2.853,82.17,8.07,82.171,80.698,17.83,1.93,9.47,21.56,91.307,86.617,7.26,4.43,15.31,2.1,43.302,0.0,100.0,32.279,False,,0.0,68.465,0.0,0.0,0.0,0.021,0.34,1.0,0.0,0.0,7.0,0.0,81.732,83.121,85.278,81.105,43.291,100.0,32.693,17.0,0.0,80.087,81.921,90.171,85.566,45.062,48.933,32.035,3.36,4.204,83.186,83.12,0.0,NORMAL
258,2026-06-03 16:30:00+00:00,16,2,-0.866025,-0.5,0.974928,-0.222521,False,False,EVENING,0.0,3.0,5.0,17.0,42.0,170.0,0.0,0.0,0.0,0.0,3.488,81.46,7.91,81.456,79.127,18.54,2.09,9.78,22.24,87.666,83.251,6.97,4.41,15.62,2.05,42.165,0.0,23.333,31.651,False,,0.0,60.151,0.0,0.0,0.0,0.021,0.34,-2.0,0.0,0.0,4.0,0.0,80.842,82.466,84.607,80.467,44.458,23.333,32.337,19.0,0.0,79.712,81.576,86.582,82.258,44.017,48.933,31.885,3.36,3.739,83.29,83.015,0.0,NORMAL
259,2026-06-03 16:45:00+00:00,16,2,-0.866025,-0.5,0.974928,-0.222521,False,False,EVENING,3.0,3.0,6.0,19.0,44.0,172.0,0.0,0.0,0.0,5.04,2.973,81.9,7.98,81.901,79.844,18.1,2.02,10.26,23.29,84.027,79.916,7.88,4.41,14.71,2.21,45.529,0.0,100.0,31.938,False,,0.0,66.758,0.0,0.0,0.0,0.021,0.34,-1.0,0.0,0.0,5.0,0.0,80.449,82.242,94.551,89.59,43.21,74.533,32.179,19.0,0.0,80.843,81.6,83.718,79.622,41.367,100.0,32.337,3.36,3.35,83.65,82.981,0.0,NORMAL
260,2026-06-03 17:00:00+00:00,17,2,-0.965926,-0.258819,0.974928,-0.222521,False,False,EVENING,3.0,6.0,9.0,20.0,46.0,171.0,0.0,0.0,0.0,5.04,3.704,82.13,8.09,82.134,80.86,17.87,1.91,10.26,23.29,84.266,80.143,7.03,4.42,15.55,2.06,42.394,0.0,100.0,32.344,False,,0.0,66.786,0.0,0.0,0.0,0.0,0.0,3.0,0.0,0.0,6.0,0.0,80.309,82.168,100.0,98.002,46.062,48.933,32.124,18.0,0.0,80.715,81.252,91.904,87.131,43.078,48.933,32.286,1.68,2.1,82.224,83.019,0.0,NORMAL
261,2026-06-03 17:15:00+00:00,17,2,-0.965926,-0.258819,0.974928,-0.222521,False,False,EVENING,4.0,7.0,10.0,23.0,47.0,172.0,0.0,0.0,0.0,6.72,2.425,83.12,8.17,83.121,81.732,16.88,1.83,10.26,23.29,85.278,81.105,7.26,4.43,15.31,2.1,43.291,0.16,100.0,32.693,False,,0.0,67.495,0.0,0.0,0.0,0.0,0.0,3.0,0.16,0.04,6.0,0.0,80.087,81.921,90.171,85.566,45.062,48.933,32.035,22.0,0.0,82.28,81.661,92.057,87.286,45.489,100.0,32.912,1.68,4.498,81.425,82.394,0.0,NORMAL
262,2026-06-03 17:30:00+00:00,17,2,-0.965926,-0.258819,0.974928,-0.222521,False,False,EVENING,0.0,4.0,10.0,22.0,45.0,172.0,0.0,0.0,0.0,0.0,2.973,82.47,8.08,82.466,80.842,17.53,1.92,10.26,23.29,84.607,80.467,7.57,4.44,15.0,2.16,44.458,0.0,23.333,32.337,False,,0.0,60.221,0.0,0.0,0.0,0.0,0.0,5.0,0.0,0.0,8.0,0.0,79.712,81.576,86.582,82.258,44.017,48.933,31.885,22.0,0.0,82.319,81.011,87.054,82.673,46.036,48.933,32.927,3.36,3.735,81.678,82.275,0.0,NORMAL
263,2026-06-03 17:45:00+00:00,17,2,-0.965926,-0.258819,0.974928,-0.222521,False,False,EVENING,2.0,2.0,9.0,22.0,44.0,172.0,0.0,0.0,0.0,3.36,4.416,82.24,8.04,82.242,80.449,17.76,1.96,9.16,20.86,94.551,89.59,7.23,4.43,15.33,2.1,43.21,0.0,74.533,32.179,False,,0.0,66.877,0.0,0.0,0.0,0.0,0.0,3.0,0.0,0.0,8.0,0.0,80.843,81.6,83.718,79.622,41.367,100.0,32.337,23.0,0.0,83.724,82.078,86.892,82.559,45.338,100.0,33.49,0.0,3.558,80.609,81.493,0.0,NORMAL
264,2026-06-03 18:00:00+00:00,18,2,-1.0,-0.0,0.974928,-0.222521,False,False,EVENING,1.0,3.0,7.0,22.0,41.0,169.0,0.0,0.0,0.0,1.68,2.029,82.17,8.03,82.168,80.309,17.83,1.97,8.33,19.06,100.0,98.002,8.01,4.43,14.56,2.24,46.062,0.0,48.933,32.124,False,,0.0,66.449,0.0,0.0,0.0,0.0,0.0,-2.0,0.0,0.0,9.0,0.0,80.715,81.252,91.904,87.131,43.078,48.933,32.286,23.0,0.0,85.07,82.244,95.767,90.702,45.017,100.0,34.028,1.68,3.057,80.647,81.145,0.0,NORMAL
265,2026-06-03 18:15:00+00:00,18,2,-1.0,-0.0,0.974928,-0.222521,False,False,EVENING,1.0,2.0,4.0,21.0,41.0,168.0,0.0,0.0,0.0,1.68,2.757,81.92,8.01,81.921,80.087,18.08,1.99,9.56,21.76,90.171,85.566,7.74,4.43,14.83,2.19,45.062,0.0,48.933,32.035,False,,0.0,63.588,0.0,0.0,0.0,0.0,0.0,-6.0,-0.16,0.0,11.0,0.0,82.28,81.661,92.057,87.286,45.489,100.0,32.912,20.0,0.0,85.276,83.028,85.183,81.015,45.436,100.0,34.11,3.36,2.974,81.187,81.187,0.0,NORMAL
266,2026-06-03 18:30:00+00:00,18,2,-1.0,-0.0,0.974928,-0.222521,False,False,EVENING,1.0,2.0,5.0,20.0,42.0,164.0,0.0,0.0,0.0,1.68,3.21,81.58,7.97,81.576,79.712,18.42,2.03,9.92,22.54,86.582,82.258,7.47,4.42,15.12,2.14,44.017,0.0,48.933,31.885,False,,0.0,62.515,0.0,0.0,0.0,0.0,0.0,-5.0,0.0,0.0,11.0,0.0,82.319,81.011,87.054,82.673,46.036,48.933,32.927,19.0,0.0,84.658,82.811,84.961,80.803,44.082,48.933,33.863,0.0,1.735,79.746,80.897,0.0,NORMAL
267,2026-06-03 18:45:00+00:00,18,2,-1.0,-0.0,0.974928,-0.222521,False,False,EVENING,3.0,4.0,6.0,21.0,43.0,165.0,0.0,0.0,0.0,5.04,4.492,81.6,8.08,81.6,80.843,18.4,1.92,10.26,23.29,83.718,79.622,6.75,4.42,15.83,2.01,41.367,0.0,100.0,32.337,False,,0.0,66.444,0.0,0.0,0.0,0.0,0.0,-3.0,0.0,0.0,11.0,0.0,83.724,82.078,86.892,82.559,45.338,100.0,33.49,20.0,0.0,84.915,82.84,84.99,80.831,44.267,74.533,33.966,1.68,2.116,79.666,80.796,0.0,NORMAL
268,2026-06-03 19:00:00+00:00,19,2,-0.965926,0.258819,0.974928,-0.222521,False,False,EVENING,1.0,4.0,6.0,22.0,38.0,160.0,0.0,0.0,0.0,1.68,3.123,81.25,8.07,81.252,80.715,18.75,1.93,9.31,21.19,91.904,87.131,7.2,4.43,15.37,2.09,43.078,0.0,48.933,32.286,False,,0.0,63.784,0.0,0.0,0.0,0.0,0.0,-1.0,0.0,0.0,9.0,0.0,85.07,82.244,95.767,90.702,45.017,100.0,34.028,20.0,0.0,86.588,83.806,85.981,81.774,43.57,100.0,34.635,3.36,2.028,79.9,81.106,0.0,NORMAL
269,2026-06-03 19:15:00+00:00,19,2,-0.965926,0.258819,0.974928,-0.222521,False,False,EVENING,3.0,4.0,8.0,22.0,39.0,162.0,0.0,0.0,0.0,5.04,2.778,81.66,8.23,81.661,82.28,18.34,1.77,9.34,21.26,92.057,87.286,7.84,4.45,14.72,2.21,45.489,0.0,100.0,32.912,False,,0.0,69.037,0.0,0.0,0.0,0.0,0.0,4.0,0.0,0.0,11.0,0.0,85.276,83.028,85.183,81.015,45.436,100.0,34.11,16.0,0.0,86.204,83.787,85.962,81.755,43.448,100.0,34.481,1.68,1.544,79.635,81.166,0.0,NORMAL
270,2026-06-03 19:30:00+00:00,19,2,-0.965926,0.258819,0.974928,-0.222521,False,False,EVENING,1.0,4.0,8.0,23.0,40.0,161.0,0.0,0.0,0.0,1.68,4.267,81.01,8.23,81.011,82.319,18.99,1.77,9.8,22.27,87.054,82.673,7.97,4.46,14.57,2.24,46.036,0.0,48.933,32.927,False,,0.0,63.201,0.0,0.0,0.0,0.0,0.0,3.0,0.0,0.0,11.0,0.0,84.658,82.811,84.961,80.803,44.082,48.933,33.863,14.0,0.0,84.833,83.625,95.925,90.899,44.075,76.158,33.933,1.68,2.22,79.524,81.043,0.0,NORMAL
271,2026-06-03 19:45:00+00:00,19,2,-0.965926,0.258819,0.974928,-0.222521,False,False,EVENING,4.0,5.0,9.0,24.0,43.0,162.0,0.0,0.0,0.0,6.72,1.888,82.08,8.37,82.078,83.724,17.92,1.63,9.94,22.59,86.892,82.559,7.75,4.49,14.76,2.2,45.338,0.16,100.0,33.49,False,,0.0,68.216,0.0,0.0,0.0,0.0,0.0,3.0,0.16,0.04,12.0,0.0,84.915,82.84,84.99,80.831,44.267,74.533,33.966,14.0,0.0,86.495,84.222,98.089,92.901,43.982,100.0,34.598,5.04,2.798,80.886,81.467,0.0,NORMAL
272,2026-06-03 20:00:00+00:00,20,2,-0.866025,0.5,0.974928,-0.222521,False,False,EVENING,3.0,7.0,11.0,24.0,44.0,163.0,0.0,0.0,0.0,5.04,3.839,82.24,8.51,82.244,85.07,17.76,1.49,9.04,20.61,95.767,90.702,7.63,4.53,14.85,2.19,45.017,0.16,100.0,34.028,False,,0.0,70.535,0.0,0.0,0.0,0.0,0.0,5.0,0.16,0.04,14.0,0.0,86.588,83.806,85.981,81.774,43.57,100.0,34.635,10.0,0.0,84.251,83.225,100.0,100.0,43.832,23.333,33.7,0.0,2.009,79.655,81.088,0.0,MODERATE
273,2026-06-03 20:15:00+00:00,20,2,-0.866025,0.5,0.974928,-0.222521,False,False,EVENING,3.0,6.0,11.0,23.0,46.0,164.0,0.0,0.0,0.0,5.04,1.822,83.03,8.53,83.028,85.276,16.97,1.47,10.26,23.29,85.183,81.015,7.71,4.56,14.73,2.21,45.436,0.16,100.0,34.11,False,,0.0,68.354,0.0,0.0,0.0,0.0,0.0,3.0,0.16,0.04,9.0,0.0,86.204,83.787,85.962,81.755,43.448,100.0,34.481,11.0,0.0,83.186,83.12,100.0,100.0,43.159,74.533,33.274,1.68,3.068,79.085,80.798,0.0,NORMAL
274,2026-06-03 20:30:00+00:00,20,2,-0.866025,0.5,0.974928,-0.222521,False,False,EVENING,1.0,4.0,11.0,24.0,46.0,161.0,0.0,0.0,0.0,1.68,2.793,82.81,8.47,82.811,84.658,17.19,1.53,10.26,23.29,84.961,80.803,7.32,4.58,15.1,2.14,44.082,0.0,48.933,33.863,False,,0.0,63.413,0.0,0.0,0.0,0.0,0.0,3.0,0.0,0.0,8.0,0.0,84.833,83.625,95.925,90.899,44.075,76.158,33.933,11.0,0.0,83.29,83.015,100.0,100.0,42.264,74.533,33.316,0.0,2.212,78.605,80.293,0.0,NORMAL
275,2026-06-03 20:45:00+00:00,20,2,-0.866025,0.5,0.974928,-0.222521,False,False,EVENING,2.0,3.0,9.0,24.0,46.0,160.0,0.0,0.0,0.0,3.36,3.144,82.84,8.49,82.84,84.915,17.16,1.51,10.26,23.29,84.99,80.831,7.35,4.6,15.05,2.15,44.267,0.0,74.533,33.966,False,,0.0,65.798,0.0,0.0,0.0,0.0,0.0,0.0,-0.16,0.0,8.0,0.0,86.495,84.222,98.089,92.901,43.982,100.0,34.598,9.0,0.0,83.65,82.981,100.0,100.0,42.285,74.533,33.46,1.68,3.058,78.936,79.915,0.0,NORMAL
276,2026-06-03 21:00:00+00:00,21,2,-0.707107,0.707107,0.974928,-0.222521,False,False,EVENING,5.0,7.0,11.0,28.0,50.0,164.0,0.0,0.0,0.0,8.4,3.867,83.81,8.66,83.806,86.588,16.19,1.34,10.26,23.29,85.981,81.774,7.13,4.63,15.24,2.12,43.57,0.32,100.0,34.635,False,,0.0,68.807,0.0,0.0,0.0,0.0,0.0,0.0,0.16,0.08,6.0,0.0,84.251,83.225,100.0,100.0,43.832,23.333,33.7,8.0,0.0,82.224,83.019,100.0,100.0,42.494,48.933,32.89,0.0,3.392,77.506,79.21,0.0,NORMAL
277,2026-06-03 21:15:00+00:00,21,2,-0.707107,0.707107,0.974928,-0.222521,False,False,EVENING,3.0,8.0,11.0,30.0,51.0,165.0,0.0,0.0,0.0,5.04,5.269,83.79,8.62,83.787,86.204,16.21,1.38,10.26,23.29,85.962,81.755,7.08,4.65,15.27,2.11,43.448,0.32,100.0,34.481,False,,0.0,68.71,0.0,0.0,0.0,0.0,0.0,0.0,0.16,0.08,7.0,0.0,83.186,83.12,100.0,100.0,43.159,74.533,33.274,9.0,0.0,81.425,82.394,100.0,100.0,39.321,48.933,32.57,0.0,1.902,77.403,78.745,0.0,NORMAL
278,2026-06-03 21:30:00+00:00,21,2,-0.707107,0.707107,0.974928,-0.222521,False,False,EVENING,2.0,5.0,12.0,31.0,51.0,161.0,0.0,0.0,0.0,3.36,4.555,83.63,8.48,83.625,84.833,16.37,1.52,9.18,20.91,95.925,90.899,7.24,4.66,15.1,2.14,44.075,0.16,76.158,33.933,False,,0.0,68.604,0.0,0.0,0.0,0.0,0.0,1.0,0.16,0.04,6.0,0.0,83.29,83.015,100.0,100.0,42.264,74.533,33.316,9.0,0.0,81.678,82.275,100.0,100.0,38.699,74.533,32.671,1.68,1.141,76.969,78.923,0.0,NORMAL
279,2026-06-03 21:45:00+00:00,21,2,-0.707107,0.707107,0.974928,-0.222521,False,False,EVENING,4.0,6.0,14.0,32.0,53.0,164.0,0.0,0.0,0.0,6.72,3.669,84.22,8.65,84.222,86.495,15.78,1.35,9.04,20.6,98.089,92.901,7.2,4.68,15.12,2.14,43.982,0.32,100.0,34.598,False,,0.0,71.705,0.0,0.0,0.0,0.0,0.0,5.0,0.32,0.08,6.0,0.0,83.65,82.981,100.0,100.0,42.285,74.533,33.46,8.0,0.0,80.609,81.493,100.0,100.0,39.314,23.333,32.244,3.36,0.888,78.091,79.429,0.0,MODERATE
280,2026-06-03 22:00:00+00:00,22,2,-0.5,0.866025,0.974928,-0.222521,False,False,NIGHT,0.0,4.0,9.0,31.0,53.0,162.0,0.0,0.0,0.0,0.0,4.886,83.22,8.43,83.225,84.251,16.78,1.57,6.27,17.99,100.0,100.0,7.17,4.67,15.17,2.13,43.832,0.0,23.333,33.7,False,,0.0,65.205,0.0,0.0,0.0,0.0,0.0,-2.0,-0.32,0.0,4.0,0.0,82.224,83.019,100.0,100.0,42.494,48.933,32.89,11.0,0.0,80.647,81.145,100.0,100.0,39.226,48.933,32.259,3.36,1.55,78.314,79.859,0.0,NORMAL
281,2026-06-03 22:15:00+00:00,22,2,-0.5,0.866025,0.974928,-0.222521,False,False,NIGHT,2.0,2.0,8.0,30.0,52.0,163.0,0.0,0.0,0.0,3.36,4.204,83.12,8.32,83.12,83.186,16.88,1.68,6.27,17.99,100.0,100.0,7.0,4.65,15.35,2.1,43.159,0.0,74.533,33.274,False,,0.0,69.516,0.0,0.0,0.0,0.0,0.0,-3.0,-0.32,0.0,4.0,0.0,81.425,82.394,100.0,100.0,39.321,48.933,32.57,10.0,0.0,81.187,81.187,100.0,100.0,40.245,74.533,32.475,1.68,2.231,78.264,79.727,0.0,NORMAL
282,2026-06-03 22:30:00+00:00,22,2,-0.5,0.866025,0.974928,-0.222521,False,False,NIGHT,2.0,4.0,8.0,31.0,54.0,163.0,0.0,0.0,0.0,3.36,3.739,83.01,8.33,83.015,83.29,16.99,1.67,6.27,17.99,100.0,100.0,6.78,4.64,15.59,2.05,42.264,0.0,74.533,33.316,False,,0.0,69.433,0.0,0.0,0.0,0.0,0.0,-4.0,-0.16,0.0,5.0,0.0,81.678,82.275,100.0,100.0,38.699,74.533,32.671,9.0,0.0,79.746,80.897,100.0,100.0,41.065,23.333,31.899,1.68,2.139,78.298,79.608,0.0,NORMAL
283,2026-06-03 22:45:00+00:00,22,2,-0.5,0.866025,0.974928,-0.222521,False,False,NIGHT,2.0,4.0,6.0,29.0,53.0,163.0,0.0,0.0,0.0,3.36,3.35,82.98,8.37,82.981,83.65,17.02,1.63,4.73,14.6,100.0,100.0,6.79,4.63,15.58,2.06,42.285,0.0,74.533,33.46,False,,0.0,69.499,0.0,0.0,0.0,0.0,0.0,-8.0,-0.32,0.0,3.0,0.0,80.609,81.493,100.0,100.0,39.314,23.333,32.244,9.0,0.0,79.666,80.796,100.0,100.0,40.804,48.933,31.867,0.0,2.808,76.946,79.042,0.0,NORMAL
284,2026-06-03 23:00:00+00:00,23,2,-0.258819,0.965926,0.974928,-0.222521,False,False,NIGHT,1.0,3.0,7.0,27.0,51.0,163.0,0.0,0.0,0.0,1.68,2.1,83.02,8.22,83.019,82.224,16.98,1.78,6.27,17.99,100.0,100.0,6.87,4.61,15.53,2.07,42.494,0.0,48.933,32.89,False,,0.0,66.937,0.0,0.0,0.0,0.0,0.0,-2.0,0.0,0.0,4.0,0.0,80.647,81.145,100.0,100.0,39.226,48.933,32.259,9.0,0.0,79.9,81.106,100.0,100.0,42.349,74.533,31.96,1.68,0.683,76.754,79.31,0.0,NORMAL
285,2026-06-03 23:15:00+00:00,23,2,-0.258819,0.965926,0.974928,-0.222521,False,False,NIGHT,1.0,2.0,6.0,25.0,48.0,164.0,0.0,0.0,0.0,1.68,4.498,82.39,8.14,82.394,81.425,17.61,1.86,5.38,16.04,100.0,100.0,6.04,4.58,16.38,1.91,39.321,0.0,48.933,32.57,False,,0.0,66.355,0.0,0.0,0.0,0.0,0.0,-2.0,0.0,0.0,5.0,0.0,81.187,81.187,100.0,100.0,40.245,74.533,32.475,7.0,0.0,79.635,81.166,100.0,100.0,43.254,48.933,31.854,3.36,1.265,77.899,79.719,0.0,NORMAL
286,2026-06-03 23:30:00+00:00,23,2,-0.258819,0.965926,0.974928,-0.222521,False,False,NIGHT,2.0,3.0,6.0,26.0,50.0,165.0,0.0,0.0,0.0,3.36,3.735,82.28,8.17,82.275,81.678,17.72,1.83,5.42,16.12,100.0,100.0,5.89,4.56,16.55,1.88,38.699,0.0,74.533,32.671,False,,0.0,68.627,0.0,0.0,0.0,0.0,0.0,-2.0,0.0,0.0,4.0,0.0,79.746,80.897,100.0,100.0,41.065,23.333,31.899,6.0,0.0,79.524,81.043,100.0,100.0,40.744,48.933,31.81,1.68,3.522,77.314,79.317,0.0,NORMAL
287,2026-06-03 23:45:00+00:00,23,2,-0.258819,0.965926,0.974928,-0.222521,False,False,NIGHT,0.0,2.0,4.0,24.0,48.0,165.0,0.0,0.0,0.0,0.0,3.558,81.49,8.06,81.493,80.609,18.51,1.94,6.27,17.99,100.0,100.0,6.08,4.54,16.39,1.91,39.314,0.0,23.333,32.244,False,,0.0,63.688,0.0,0.0,0.0,0.0,0.0,-2.0,0.0,0.0,5.0,0.0,79.666,80.796,100.0,100.0,40.804,48.933,31.867,6.0,0.0,80.886,81.467,100.0,100.0,41.907,100.0,32.354,3.36,1.113,78.192,79.791,0.0,NORMAL
288,2026-06-04 00:00:00+00:00,0,3,0.0,1.0,0.433884,-0.900969,False,False,NIGHT,1.0,1.0,4.0,20.0,48.0,165.0,0.0,0.0,0.0,1.68,3.057,81.14,8.06,81.145,80.647,18.86,1.94,5.36,15.99,100.0,100.0,6.07,4.52,16.41,1.91,39.226,0.0,48.933,32.259,False,,0.0,65.916,0.0,0.0,0.0,0.0,0.0,-3.0,0.0,0.0,7.0,0.0,79.9,81.106,100.0,100.0,42.349,74.533,31.96,5.0,0.0,79.655,81.088,100.0,100.0,43.462,23.333,31.862,0.0,2.929,78.192,79.059,0.0,NORMAL
289,2026-06-04 00:15:00+00:00,0,3,0.0,1.0,0.433884,-0.900969,False,False,NIGHT,2.0,3.0,5.0,19.0,49.0,165.0,0.0,0.0,0.0,3.36,2.974,81.19,8.12,81.187,81.187,18.81,1.88,5.54,16.4,100.0,100.0,6.36,4.51,16.13,1.96,40.245,0.0,74.533,32.475,False,,0.0,68.429,0.0,0.0,0.0,0.0,0.0,-1.0,0.0,0.0,5.0,0.0,79.635,81.166,100.0,100.0,43.254,48.933,31.854,7.0,0.0,79.085,80.798,100.0,100.0,41.664,48.933,31.634,3.36,1.063,79.259,79.527,0.0,NORMAL
290,2026-06-04 00:30:00+00:00,0,3,0.0,1.0,0.433884,-0.900969,False,False,NIGHT,0.0,2.0,3.0,17.0,48.0,164.0,0.0,0.0,0.0,0.0,1.735,80.9,7.97,80.897,79.746,19.1,2.03,6.27,17.99,100.0,100.0,6.6,4.48,15.91,2.0,41.065,0.0,23.333,31.899,False,,0.0,63.542,0.0,0.0,0.0,0.0,0.0,-3.0,0.0,0.0,5.0,0.0,79.524,81.043,100.0,100.0,40.744,48.933,31.81,7.0,0.0,78.605,80.293,100.0,100.0,41.547,23.333,31.442,6.72,0.514,81.7,80.834,0.16,NORMAL
291,2026-06-04 00:45:00+00:00,0,3,0.0,1.0,0.433884,-0.900969,False,False,NIGHT,1.0,1.0,4.0,14.0,46.0,165.0,0.0,0.0,0.0,1.68,2.116,80.8,7.97,80.796,79.666,19.2,2.03,6.27,17.99,100.0,100.0,6.55,4.46,15.98,1.98,40.804,0.0,48.933,31.867,False,,0.0,65.785,0.0,0.0,0.0,0.0,0.0,0.0,0.0,0.0,4.0,0.0,80.886,81.467,100.0,100.0,41.907,100.0,32.354,8.0,0.0,78.936,79.915,100.0,100.0,42.141,48.933,31.574,1.68,1.988,79.704,80.957,0.0,NORMAL
292,2026-06-04 01:00:00+00:00,1,3,0.258819,0.965926,0.433884,-0.900969,False,False,NIGHT,2.0,3.0,5.0,16.0,47.0,167.0,0.0,0.0,0.0,3.36,2.028,81.11,7.99,81.106,79.9,18.89,2.01,6.26,17.97,100.0,100.0,6.99,4.45,15.57,2.06,42.349,0.0,74.533,31.96,False,,0.0,68.343,0.0,0.0,0.0,0.0,0.0,1.0,0.0,0.0,2.0,0.0,79.655,81.088,100.0,100.0,43.462,23.333,31.862,7.0,0.0,77.506,79.21,100.0,100.0,41.988,23.333,31.002,0.0,2.399,78.951,80.432,0.0,NORMAL
293,2026-06-04 01:15:00+00:00,1,3,0.258819,0.965926,0.433884,-0.900969,False,False,NIGHT,1.0,3.0,4.0,15.0,45.0,168.0,0.0,0.0,0.0,1.68,1.544,81.17,7.96,81.166,79.635,18.83,2.04,6.0,17.4,100.0,100.0,7.24,4.44,15.32,2.1,43.254,0.0,48.933,31.854,False,,0.0,66.08,0.0,0.0,0.0,0.0,0.0,-1.0,0.0,0.0,2.0,0.0,79.085,80.798,100.0,100.0,41.664,48.933,31.634,8.0,0.0,77.403,78.745,100.0,100.0,41.711,23.333,30.961,0.0,2.93,78.002,79.795,0.0,NORMAL
294,2026-06-04 01:30:00+00:00,1,3,0.258819,0.965926,0.433884,-0.900969,False,False,NIGHT,1.0,2.0,5.0,14.0,45.0,168.0,0.0,0.0,0.0,1.68,2.22,81.04,7.95,81.043,79.524,18.96,2.05,6.27,17.99,100.0,100.0,6.58,4.42,16.0,1.98,40.744,0.0,48.933,31.81,False,,0.0,65.805,0.0,0.0,0.0,0.0,0.0,2.0,0.0,0.0,1.0,0.0,78.605,80.293,100.0,100.0,41.547,23.333,31.442,10.0,0.0,76.969,78.923,100.0,99.684,42.167,48.933,30.787,0.0,0.0,77.163,79.879,0.0,NORMAL
295,2026-06-04 01:45:00+00:00,1,3,0.258819,0.965926,0.433884,-0.900969,False,False,NIGHT,3.0,4.0,7.0,15.0,44.0,171.0,0.0,0.0,0.0,5.04,2.798,81.47,8.09,81.467,80.886,18.53,1.91,5.42,16.12,100.0,100.0,6.89,4.43,15.69,2.04,41.907,0.0,100.0,32.354,False,,0.0,70.872,0.0,0.0,0.0,0.0,0.0,3.0,0.0,0.0,2.0,0.0,78.936,79.915,100.0,100.0,42.141,48.933,31.574,10.0,0.0,78.091,79.429,100.0,100.0,40.03,74.533,31.236,0.0,2.335,76.077,79.403,0.0,MODERATE
296,2026-06-04 02:00:00+00:00,2,3,0.5,0.866025,0.433884,-0.900969,False,False,NIGHT,0.0,3.0,5.0,14.0,41.0,169.0,0.0,0.0,0.0,0.0,2.009,81.09,7.97,81.088,79.655,18.91,2.03,6.27,17.99,100.0,100.0,7.32,4.42,15.27,2.11,43.462,0.0,23.333,31.862,False,,0.0,63.782,0.0,0.0,0.0,0.0,0.0,0.0,0.0,0.0,3.0,0.0,77.506,79.21,100.0,100.0,41.988,23.333,31.002,10.0,0.0,78.314,79.859,100.0,100.0,40.248,74.533,31.326,0.0,0.794,74.436,79.369,0.0,NORMAL
297,2026-06-04 02:15:00+00:00,2,3,0.5,0.866025,0.433884,-0.900969,False,False,NIGHT,1.0,1.0,5.0,14.0,39.0,169.0,0.0,0.0,0.0,1.68,3.068,80.8,7.91,80.798,79.085,19.2,2.09,6.0,17.4,100.0,100.0,6.84,4.4,15.75,2.02,41.664,0.0,48.933,31.634,False,,0.0,65.746,0.0,0.0,0.0,0.0,0.0,1.0,0.0,0.0,5.0,0.0,77.403,78.745,100.0,100.0,41.711,23.333,30.961,8.0,0.0,78.264,79.727,100.0,100.0,42.987,48.933,31.306,1.68,2.182,74.911,79.196,0.0,NORMAL
298,2026-06-04 02:30:00+00:00,2,3,0.5,0.866025,0.433884,-0.900969,False,False,NIGHT,0.0,1.0,4.0,12.0,38.0,169.0,0.0,0.0,0.0,0.0,2.212,80.29,7.86,80.293,78.605,19.71,2.14,6.27,17.99,100.0,100.0,6.83,4.39,15.78,2.02,41.547,0.0,23.333,31.442,False,,0.0,63.225,0.0,0.0,0.0,0.0,0.0,-1.0,0.0,0.0,6.0,0.0,76.969,78.923,100.0,99.684,42.167,48.933,30.787,9.0,0.0,78.298,79.608,100.0,100.0,43.967,48.933,31.319,3.36,2.387,76.339,79.297,0.0,NORMAL
299,2026-06-04 02:45:00+00:00,2,3,0.5,0.866025,0.433884,-0.900969,False,False,NIGHT,1.0,1.0,2.0,13.0,37.0,170.0,0.0,0.0,0.0,1.68,3.058,79.92,7.89,79.915,78.936,20.08,2.11,4.04,13.09,100.0,100.0,7.0,4.38,15.62,2.05,42.141,0.0,48.933,31.574,False,,0.0,65.565,0.0,0.0,0.0,0.0,0.0,-5.0,0.0,0.0,6.0,0.0,78.091,79.429,100.0,100.0,40.03,74.533,31.236,12.0,0.0,76.946,79.042,100.0,100.0,42.509,23.333,30.778,5.04,0.853,78.147,80.163,0.0,NORMAL
300,2026-06-04 03:00:00+00:00,3,3,0.707107,0.707107,0.433884,-0.900969,False,False,NIGHT,0.0,1.0,2.0,12.0,32.0,168.0,0.0,0.0,0.0,0.0,3.392,79.21,7.75,79.21,77.506,20.79,2.25,5.98,17.35,100.0,100.0,6.98,4.36,15.66,2.04,41.988,0.0,23.333,31.002,False,,0.0,62.806,0.0,0.0,0.0,0.0,0.0,-3.0,0.0,0.0,4.0,0.0,78.314,79.859,100.0,100.0,40.248,74.533,31.326,13.0,0.0,76.754,79.31,100.0,100.0,41.189,48.933,30.702,0.0,2.623,76.944,79.627,0.0,NORMAL
301,2026-06-04 03:15:00+00:00,3,3,0.707107,0.707107,0.433884,-0.900969,False,False,NIGHT,0.0,0.0,1.0,10.0,29.0,168.0,0.0,0.0,0.0,0.0,1.902,78.74,7.74,78.745,77.403,21.26,2.26,5.59,16.49,100.0,100.0,6.93,4.34,15.74,2.03,41.711,0.0,23.333,30.961,False,,0.0,62.658,0.0,0.0,0.0,0.0,0.0,-4.0,0.0,0.0,3.0,0.0,78.264,79.727,100.0,100.0,42.987,48.933,31.306,12.0,0.0,77.899,79.719,100.0,100.0,41.025,74.533,31.16,8.4,2.455,79.759,80.832,0.32,NORMAL
302,2026-06-04 03:30:00+00:00,3,3,0.707107,0.707107,0.433884,-0.900969,False,False,NIGHT,1.0,1.0,2.0,11.0,28.0,167.0,0.0,0.0,0.0,1.68,1.141,78.92,7.7,78.923,76.969,21.08,2.3,6.27,17.99,100.0,99.684,7.07,4.32,15.61,2.05,42.167,0.0,48.933,30.787,False,,0.0,64.918,0.0,0.0,0.0,0.0,0.0,-2.0,0.0,0.0,4.0,0.0,78.298,79.608,100.0,100.0,43.967,48.933,31.319,10.0,0.0,77.314,79.317,100.0,100.0,39.968,48.933,30.926,0.0,3.601,79.297,79.978,0.0,NORMAL
303,2026-06-04 03:45:00+00:00,3,3,0.707107,0.707107,0.433884,-0.900969,False,False,NIGHT,2.0,3.0,3.0,12.0,26.0,169.0,0.0,0.0,0.0,3.36,0.888,79.43,7.81,79.429,78.091,20.57,2.19,6.27,17.99,100.0,100.0,6.5,4.31,16.19,1.95,40.03,0.0,74.533,31.236,False,,0.0,67.403,0.0,0.0,0.0,0.0,0.0,1.0,0.0,0.0,4.0,0.0,76.946,79.042,100.0,100.0,42.509,23.333,30.778,9.0,0.0,78.192,79.791,100.0,100.0,40.451,74.533,31.277,1.68,1.632,79.154,80.004,0.0,NORMAL
304,2026-06-04 04:00:00+00:00,4,3,0.866025,0.5,0.433884,-0.900969,False,False,NIGHT,2.0,4.0,5.0,12.0,28.0,167.0,0.0,0.0,0.0,3.36,1.55,79.86,7.83,79.859,78.314,20.14,2.17,5.72,16.78,100.0,100.0,6.56,4.31,16.13,1.96,40.248,0.0,74.533,31.326,False,,0.0,67.562,0.0,0.0,0.0,0.0,0.0,3.0,0.0,0.0,6.0,0.0,76.754,79.31,100.0,100.0,41.189,48.933,30.702,7.0,0.0,78.192,79.059,69.524,65.543,40.81,23.333,31.277,1.68,0.0,79.366,80.403,0.0,NORMAL
305,2026-06-04 04:15:00+00:00,4,3,0.866025,0.5,0.433884,-0.900969,False,False,NIGHT,1.0,3.0,6.0,12.0,27.0,168.0,0.0,0.0,0.0,1.68,2.231,79.73,7.83,79.727,78.264,20.27,2.17,5.63,16.58,100.0,100.0,7.3,4.31,15.39,2.09,42.987,0.0,48.933,31.306,False,,0.0,65.466,0.0,0.0,0.0,0.0,0.0,5.0,0.0,0.0,5.0,0.0,77.899,79.719,100.0,100.0,41.025,74.533,31.16,7.0,0.0,79.259,79.527,69.935,65.931,42.549,74.533,31.704,1.68,2.815,79.285,80.127,0.0,NORMAL
306,2026-06-04 04:30:00+00:00,4,3,0.866025,0.5,0.433884,-0.900969,False,False,NIGHT,1.0,2.0,6.0,12.0,26.0,166.0,0.0,0.0,0.0,1.68,2.139,79.61,7.83,79.608,78.298,20.39,2.17,5.91,17.21,100.0,100.0,7.56,4.31,15.13,2.14,43.967,0.0,48.933,31.319,False,,0.0,65.534,0.0,0.0,0.0,0.0,0.0,4.0,0.0,0.0,5.0,0.0,77.314,79.317,100.0,100.0,39.968,48.933,30.926,6.0,0.0,81.7,80.834,71.085,67.015,42.288,100.0,32.68,0.0,2.831,78.891,79.459,0.0,NORMAL
307,2026-06-04 04:45:00+00:00,4,3,0.866025,0.5,0.433884,-0.900969,False,False,NIGHT,0.0,1.0,4.0,9.0,24.0,165.0,0.0,0.0,0.0,0.0,2.808,79.04,7.69,79.042,76.946,20.96,2.31,4.87,14.91,100.0,100.0,7.18,4.29,15.52,2.07,42.509,0.0,23.333,30.778,False,,0.0,62.704,0.0,0.0,0.0,0.0,0.0,1.0,0.0,0.0,8.0,0.0,78.192,79.791,100.0,100.0,40.451,74.533,31.277,4.0,0.0,79.704,80.957,71.193,67.116,43.941,48.933,31.881,6.72,2.415,80.56,80.368,0.16,NORMAL
308,2026-06-04 05:00:00+00:00,5,3,0.965926,0.258819,0.433884,-0.900969,False,False,NIGHT,1.0,1.0,3.0,10.0,24.0,165.0,0.0,0.0,0.0,1.68,0.683,79.31,7.68,79.31,76.754,20.69,2.32,6.21,17.86,100.0,100.0,6.84,4.28,15.88,2.0,41.189,0.0,48.933,30.702,False,,0.0,64.91,0.0,0.0,0.0,0.0,0.0,-2.0,0.0,0.0,7.0,0.0,78.192,79.059,69.524,65.543,40.81,23.333,31.277,6.0,0.0,78.951,80.432,73.375,69.072,43.9,23.333,31.58,3.36,2.216,80.993,80.611,0.0,NORMAL
309,2026-06-04 05:15:00+00:00,5,3,0.965926,0.258819,0.433884,-0.900969,False,False,NIGHT,2.0,3.0,4.0,11.0,25.0,165.0,0.0,0.0,0.0,3.36,1.265,79.72,7.79,79.719,77.899,20.28,2.21,5.91,17.21,100.0,100.0,6.8,4.28,15.92,1.99,41.025,0.0,74.533,31.16,False,,0.0,67.518,0.0,0.0,0.0,0.0,0.0,-2.0,0.0,0.0,7.0,0.0,79.259,79.527,69.935,65.931,42.549,74.533,31.704,6.0,0.0,78.002,79.795,70.171,66.153,44.765,23.333,31.201,1.68,1.787,80.017,80.682,0.0,NORMAL
310,2026-06-04 05:30:00+00:00,5,3,0.965926,0.258819,0.433884,-0.900969,False,False,NIGHT,1.0,3.0,4.0,12.0,24.0,166.0,0.0,0.0,0.0,1.68,3.522,79.32,7.73,79.317,77.314,20.68,2.27,5.75,16.84,100.0,100.0,6.52,4.27,16.21,1.94,39.968,0.0,48.933,30.926,False,,0.0,64.914,0.0,0.0,0.0,0.0,0.0,-2.0,0.0,0.0,5.0,0.0,81.7,80.834,71.085,67.015,42.288,100.0,32.68,11.0,0.0,77.163,79.879,70.245,66.222,46.344,23.333,30.865,5.04,0.756,81.763,81.578,0.0,NORMAL
311,2026-06-04 05:45:00+00:00,5,3,0.965926,0.258819,0.433884,-0.900969,False,False,NIGHT,2.0,3.0,6.0,13.0,26.0,168.0,0.0,0.0,0.0,3.36,1.113,79.79,7.82,79.791,78.192,20.21,2.18,6.27,17.99,100.0,100.0,6.64,4.28,16.08,1.97,40.451,0.0,74.533,31.277,False,,0.0,67.541,0.0,0.0,0.0,0.0,0.0,2.0,0.0,0.0,1.0,0.0,79.704,80.957,71.193,67.116,43.941,48.933,31.881,11.0,0.0,76.077,79.403,72.882,68.59,44.18,23.333,30.431,1.68,3.134,80.765,81.314,0.0,NORMAL
312,2026-06-04 06:00:00+00:00,6,3,1.0,0.0,0.433884,-0.900969,False,False,MORNING,0.0,2.0,5.0,13.0,25.0,166.0,0.0,0.0,0.0,0.0,2.929,79.06,7.82,79.059,78.192,20.94,2.18,11.97,27.41,69.524,65.543,6.73,4.28,15.98,1.98,40.81,0.0,23.333,31.277,False,,0.0,55.012,0.0,0.0,0.0,0.0,0.0,2.0,0.0,0.0,0.0,0.0,78.951,80.432,73.375,69.072,43.9,23.333,31.58,12.0,0.0,74.436,79.369,71.596,67.428,43.436,23.333,29.774,5.04,1.79,82.169,81.987,0.0,NORMAL
313,2026-06-04 06:15:00+00:00,6,3,1.0,0.0,0.433884,-0.900969,False,False,MORNING,2.0,2.0,5.0,15.0,25.0,166.0,0.0,0.0,0.0,3.36,1.063,79.53,7.93,79.527,79.259,20.47,2.07,11.97,27.41,69.935,65.931,7.19,4.3,15.51,2.07,42.549,0.0,74.533,31.704,False,,0.0,60.189,0.0,0.0,0.0,0.0,0.0,1.0,0.0,0.0,0.0,0.0,78.002,79.795,70.171,66.153,44.765,23.333,31.201,13.0,0.0,74.911,79.196,69.645,65.657,43.168,48.933,29.964,3.36,3.885,83.421,81.73,0.0,NORMAL
314,2026-06-04 06:30:00+00:00,6,3,1.0,0.0,0.433884,-0.900969,False,False,MORNING,4.0,6.0,8.0,18.0,29.0,169.0,0.0,0.0,0.0,6.72,0.514,80.83,8.17,80.834,81.7,19.17,1.83,11.97,27.41,71.085,67.015,7.08,4.34,15.58,2.06,42.288,0.16,100.0,32.68,False,,0.0,63.501,0.0,0.0,0.0,0.0,0.0,4.0,0.16,0.04,1.0,0.0,77.163,79.879,70.245,66.222,46.344,23.333,30.865,13.0,0.0,76.339,79.297,71.384,67.234,43.385,74.533,30.535,6.72,2.772,85.384,82.521,0.16,NORMAL
315,2026-06-04 06:45:00+00:00,6,3,1.0,0.0,0.433884,-0.900969,False,False,MORNING,1.0,5.0,7.0,17.0,29.0,168.0,0.0,0.0,0.0,1.68,1.988,80.96,7.97,80.957,79.704,19.04,2.03,11.97,27.41,71.193,67.116,7.52,4.35,15.14,2.14,43.941,0.0,48.933,31.881,False,,0.0,58.707,0.0,0.0,0.0,0.0,0.0,1.0,0.0,0.0,3.0,0.0,76.077,79.403,72.882,68.59,44.18,23.333,30.431,11.0,0.0,78.147,80.163,70.494,66.458,41.574,100.0,31.259,1.68,3.36,84.283,82.211,0.0,NORMAL
316,2026-06-04 07:00:00+00:00,7,3,0.965926,-0.258819,0.433884,-0.900969,False,False,MORNING,0.0,1.0,7.0,15.0,27.0,167.0,0.0,0.0,0.0,0.0,2.399,80.43,7.9,80.432,78.951,19.57,2.1,11.54,26.47,73.375,69.072,7.51,4.35,15.15,2.13,43.9,0.0,23.333,31.58,False,,0.0,56.63,0.0,0.0,0.0,0.0,0.0,2.0,0.0,0.0,6.0,0.0,74.436,79.369,71.596,67.428,43.436,23.333,29.774,12.0,0.0,76.944,79.627,70.024,66.014,40.913,23.333,30.778,6.72,2.7,85.637,83.081,0.16,NORMAL
317,2026-06-04 07:15:00+00:00,7,3,0.965926,-0.258819,0.433884,-0.900969,False,False,MORNING,0.0,0.0,5.0,14.0,26.0,164.0,0.0,0.0,0.0,0.0,2.93,79.79,7.8,79.795,78.002,20.21,2.2,11.97,27.41,70.171,66.153,7.75,4.33,14.91,2.18,44.765,0.0,23.333,31.201,False,,0.0,55.643,0.0,0.0,0.0,0.0,0.0,0.0,0.0,0.0,6.0,0.0,74.911,79.196,69.645,65.657,43.168,48.933,29.964,14.0,0.0,79.759,80.832,71.083,67.013,41.026,100.0,31.904,5.04,3.436,86.357,83.41,0.16,NORMAL
318,2026-06-04 07:30:00+00:00,7,3,0.965926,-0.258819,0.433884,-0.900969,False,False,MORNING,0.0,0.0,1.0,13.0,25.0,162.0,0.0,0.0,0.0,0.0,0.0,79.88,7.72,79.879,77.163,20.12,2.28,11.97,27.41,70.245,66.222,8.2,4.32,14.49,2.25,46.344,0.0,23.333,30.865,False,,0.0,55.653,0.0,0.0,0.0,0.0,0.0,-7.0,-0.16,0.0,10.0,0.0,76.339,79.297,71.384,67.234,43.385,74.533,30.535,10.0,0.0,79.297,79.978,70.332,66.305,41.954,23.333,31.719,5.04,5.344,87.191,83.25,0.16,NORMAL
319,2026-06-04 07:45:00+00:00,7,3,0.965926,-0.258819,0.433884,-0.900969,False,False,MORNING,0.0,0.0,0.0,13.0,22.0,161.0,0.0,0.0,0.0,0.0,2.335,79.4,7.61,79.403,76.077,20.6,2.39,11.47,26.31,72.882,68.59,7.64,4.29,15.07,2.15,44.18,0.0,23.333,30.431,False,,0.0,55.737,0.0,0.0,0.0,0.0,0.0,-7.0,0.0,0.0,8.0,0.0,78.147,80.163,70.494,66.458,41.574,100.0,31.259,13.0,0.0,79.154,80.004,72.181,67.979,42.106,48.933,31.662,3.36,3.315,86.891,83.292,0.0,NORMAL
320,2026-06-04 08:00:00+00:00,8,3,0.866025,-0.5,0.433884,-0.900969,False,False,MORNING,0.0,0.0,0.0,12.0,22.0,157.0,0.0,0.0,0.0,0.0,0.794,79.37,7.44,79.369,74.436,20.63,2.56,11.67,26.75,71.596,67.428,7.48,4.25,15.27,2.11,43.436,0.0,23.333,29.774,False,,0.0,55.04,0.0,0.0,0.0,0.0,0.0,-7.0,0.0,0.0,6.0,0.0,76.944,79.627,70.024,66.014,40.913,23.333,30.778,13.0,0.0,79.366,80.403,70.706,66.657,41.953,48.933,31.747,3.36,2.54,86.161,83.57,0.0,NORMAL
321,2026-06-04 08:15:00+00:00,8,3,0.866025,-0.5,0.433884,-0.900969,False,False,MORNING,1.0,1.0,1.0,11.0,22.0,155.0,0.0,0.0,0.0,1.68,2.182,79.2,7.49,79.196,74.911,20.8,2.51,11.97,27.41,69.645,65.657,7.43,4.22,15.34,2.1,43.168,0.0,48.933,29.964,False,,0.0,56.931,0.0,0.0,0.0,0.0,0.0,-4.0,0.0,0.0,7.0,0.0,79.759,80.832,71.083,67.013,41.026,100.0,31.904,15.0,0.0,79.285,80.127,72.876,68.611,43.189,48.933,31.714,6.72,3.341,86.849,84.345,0.16,NORMAL
322,2026-06-04 08:30:00+00:00,8,3,0.866025,-0.5,0.433884,-0.900969,False,False,MORNING,2.0,3.0,3.0,12.0,24.0,152.0,0.0,0.0,0.0,3.36,2.387,79.3,7.63,79.297,76.339,20.7,2.37,11.69,26.8,71.384,67.234,7.49,4.22,15.29,2.11,43.385,0.0,74.533,30.535,False,,0.0,59.96,0.0,0.0,0.0,0.0,0.0,2.0,0.0,0.0,3.0,0.0,79.297,79.978,70.332,66.305,41.954,23.333,31.719,16.0,0.0,78.891,79.459,69.875,65.874,42.681,23.333,31.556,6.72,4.875,87.307,84.761,0.32,NORMAL
323,2026-06-04 08:45:00+00:00,8,3,0.866025,-0.5,0.433884,-0.900969,False,False,MORNING,3.0,5.0,6.0,13.0,26.0,154.0,0.0,0.0,0.0,5.04,0.853,80.16,7.81,80.163,78.147,19.84,2.19,11.97,27.41,70.494,66.458,6.99,4.24,15.78,2.02,41.574,0.0,100.0,31.259,False,,0.0,62.441,0.0,0.0,0.0,0.0,0.0,6.0,0.0,0.0,3.0,0.0,79.154,80.004,72.181,67.979,42.106,48.933,31.662,20.0,0.0,80.56,80.368,70.675,66.628,43.695,100.0,32.224,5.04,4.299,87.484,84.928,0.32,NORMAL
324,2026-06-04 09:00:00+00:00,9,3,0.707107,-0.707107,0.433884,-0.900969,False,False,MORNING,0.0,3.0,6.0,13.0,26.0,152.0,0.0,0.0,0.0,0.0,2.623,79.63,7.69,79.627,76.944,20.37,2.31,11.97,27.41,70.024,66.014,6.81,4.23,15.95,1.99,40.913,0.0,23.333,30.778,False,,0.0,55.013,0.0,0.0,0.0,0.0,0.0,6.0,0.0,0.0,6.0,0.0,79.366,80.403,70.706,66.657,41.953,48.933,31.747,17.0,0.0,80.993,80.611,70.889,66.83,41.7,74.55,32.397,0.0,3.535,85.335,84.26,0.0,NORMAL
325,2026-06-04 09:15:00+00:00,9,3,0.707107,-0.707107,0.433884,-0.900969,False,False,MORNING,5.0,5.0,10.0,16.0,31.0,156.0,0.0,0.0,0.0,8.4,2.455,80.83,7.98,80.832,79.759,19.17,2.02,11.97,27.41,71.083,67.013,6.81,4.27,15.92,1.99,41.026,0.32,100.0,31.904,False,,0.0,62.999,0.0,0.0,0.0,0.0,0.0,9.0,0.32,0.08,7.0,0.0,79.285,80.127,72.876,68.611,43.189,48.933,31.714,19.0,0.0,80.017,80.682,70.951,66.888,42.224,48.933,32.007,0.0,4.326,82.823,83.429,0.0,NORMAL
326,2026-06-04 09:30:00+00:00,9,3,0.707107,-0.707107,0.433884,-0.900969,False,False,MORNING,0.0,5.0,8.0,12.0,30.0,155.0,0.0,0.0,0.0,0.0,3.601,79.98,7.93,79.978,79.297,20.02,2.07,11.97,27.41,70.332,66.305,7.04,4.28,15.67,2.04,41.954,0.0,23.333,31.719,False,,0.0,55.727,0.0,0.0,0.0,0.0,0.0,5.0,0.0,0.0,7.0,0.0,78.891,79.459,69.875,65.874,42.681,23.333,31.556,21.0,0.0,81.763,81.578,71.739,67.631,42.507,100.0,32.705,3.36,3.475,82.91,83.392,0.0,NORMAL
327,2026-06-04 09:45:00+00:00,9,3,0.707107,-0.707107,0.433884,-0.900969,False,False,MORNING,1.0,1.0,6.0,12.0,29.0,156.0,0.0,0.0,0.0,1.68,1.632,80.0,7.92,80.004,79.154,20.0,2.08,11.67,26.75,72.181,67.979,7.07,4.3,15.63,2.05,42.106,0.0,48.933,31.662,False,,0.0,58.444,0.0,0.0,0.0,0.0,0.0,0.0,0.0,0.0,10.0,0.0,80.56,80.368,70.675,66.628,43.695,100.0,32.224,21.0,0.0,80.765,81.314,71.507,67.413,42.451,48.933,32.306,9.114,4.463,84.924,84.353,0.48,NORMAL
328,2026-06-04 10:00:00+00:00,10,3,0.5,-0.866025,0.433884,-0.900969,False,False,MORNING,1.0,2.0,7.0,13.0,28.0,153.0,0.0,0.0,0.0,1.68,0.0,80.4,7.94,80.403,79.366,19.6,2.06,11.97,27.41,70.706,66.657,7.02,4.31,15.67,2.04,41.953,0.0,48.933,31.747,False,,0.0,58.225,0.0,0.0,0.0,0.0,0.0,1.0,0.0,0.0,7.0,0.0,80.993,80.611,70.889,66.83,41.7,74.55,32.397,22.0,0.0,82.169,81.987,80.623,75.654,43.34,100.0,32.868,4.326,4.127,84.713,84.424,0.32,NORMAL
329,2026-06-04 10:15:00+00:00,10,3,0.5,-0.866025,0.433884,-0.900969,False,False,MORNING,1.0,2.0,3.0,14.0,28.0,152.0,0.0,0.0,0.0,1.68,2.815,80.13,7.93,80.127,79.285,19.87,2.07,11.57,26.54,72.876,68.611,7.34,4.32,15.34,2.1,43.189,0.0,48.933,31.714,False,,0.0,58.754,0.0,0.0,0.0,0.0,0.0,-7.0,-0.32,0.0,8.0,0.0,80.017,80.682,70.951,66.888,42.224,48.933,32.007,21.0,0.0,83.421,81.73,90.012,84.023,42.365,74.533,33.369,1.68,3.916,83.395,83.997,0.0,NORMAL
330,2026-06-04 10:30:00+00:00,10,3,0.5,-0.866025,0.433884,-0.900969,False,False,MORNING,0.0,1.0,3.0,14.0,27.0,149.0,0.0,0.0,0.0,0.0,2.831,79.46,7.89,79.459,78.891,20.54,2.11,11.97,27.41,69.875,65.874,7.2,4.32,15.48,2.07,42.681,0.0,23.333,31.556,False,,0.0,55.49,0.0,0.0,0.0,0.0,0.0,-5.0,0.0,0.0,9.0,0.0,81.763,81.578,71.739,67.631,42.507,100.0,32.705,23.0,0.0,85.384,82.521,72.568,68.413,41.526,100.0,34.154,8.882,3.998,85.545,85.003,0.48,NORMAL
331,2026-06-04 10:45:00+00:00,10,3,0.5,-0.866025,0.433884,-0.900969,False,False,MORNING,4.0,4.0,6.0,18.0,31.0,152.0,0.0,0.0,0.0,6.72,2.415,80.37,8.06,80.368,80.56,19.63,1.94,11.97,27.41,70.675,66.628,7.45,4.35,15.2,2.12,43.695,0.16,100.0,32.224,False,,0.0,63.202,0.0,0.0,0.0,0.0,0.0,0.0,0.16,0.04,10.0,0.0,80.765,81.314,71.507,67.413,42.451,48.933,32.306,23.0,0.0,84.283,82.211,72.296,68.156,41.865,48.933,33.713,4.558,4.583,84.401,85.111,0.32,NORMAL
332,2026-06-04 11:00:00+00:00,11,3,0.258819,-0.965926,0.433884,-0.900969,False,False,MORNING,2.0,6.0,7.0,20.0,32.0,153.0,0.0,0.0,0.0,3.36,2.216,80.61,8.1,80.611,80.993,19.39,1.9,11.97,27.41,70.889,66.83,6.89,4.37,15.74,2.03,41.7,0.0,74.55,32.397,False,,0.0,60.922,0.0,0.0,0.0,0.0,0.0,0.0,0.0,0.0,10.0,0.0,82.169,81.987,80.623,75.654,43.34,100.0,32.868,25.0,0.0,85.637,83.081,73.06,68.877,43.534,100.0,34.255,8.453,5.77,86.339,85.588,0.8,NORMAL
333,2026-06-04 11:15:00+00:00,11,3,0.258819,-0.965926,0.433884,-0.900969,False,False,MORNING,1.0,3.0,7.0,20.0,31.0,151.0,0.0,0.0,0.0,1.68,1.787,80.68,8.0,80.682,80.017,19.32,2.0,11.97,27.41,70.951,66.888,7.03,4.37,15.6,2.05,42.224,0.0,48.933,32.007,False,,0.0,58.498,0.0,0.0,0.0,0.0,0.0,4.0,0.0,0.0,11.0,0.0,83.421,81.73,90.012,84.023,42.365,74.533,33.369,21.0,0.0,86.357,83.41,75.739,71.311,44.509,100.0,34.543,1.627,5.449,84.779,84.788,0.33,NORMAL
334,2026-06-04 11:30:00+00:00,11,3,0.258819,-0.965926,0.433884,-0.900969,False,False,MORNING,3.0,4.0,10.0,21.0,33.0,152.0,0.0,0.0,0.0,5.04,0.756,81.58,8.18,81.578,81.763,18.42,1.82,11.97,27.41,71.739,67.631,7.08,4.4,15.52,2.07,42.507,0.0,100.0,32.705,False,,0.0,63.85,0.0,0.0,0.0,0.0,0.0,7.0,0.0,0.0,12.0,0.0,85.384,82.521,72.568,68.413,41.526,100.0,34.154,18.0,0.0,87.191,83.25,73.21,69.018,45.588,100.0,34.876,3.36,4.551,84.3,84.538,0.17,NORMAL
335,2026-06-04 11:45:00+00:00,11,3,0.258819,-0.965926,0.433884,-0.900969,False,False,MORNING,1.0,4.0,7.0,19.0,32.0,150.0,0.0,0.0,0.0,1.68,3.134,81.31,8.08,81.314,80.765,18.69,1.92,11.97,27.41,71.507,67.413,7.05,4.41,15.54,2.06,42.451,0.0,48.933,32.306,False,,0.0,58.937,0.0,0.0,0.0,0.0,0.0,1.0,-0.16,0.0,11.0,0.0,84.283,82.211,72.296,68.156,41.865,48.933,33.713,17.0,0.0,86.891,83.292,73.246,69.052,46.898,74.567,34.756,1.68,4.934,82.988,83.856,0.0,NORMAL
336,2026-06-04 12:00:00+00:00,12,3,0.0,-1.0,0.433884,-0.900969,False,False,MORNING,3.0,4.0,8.0,22.0,35.0,149.0,0.0,0.0,0.0,5.04,1.79,81.99,8.22,81.987,82.169,18.01,1.78,10.7,24.63,80.623,75.654,7.27,4.43,15.3,2.11,43.34,0.0,100.0,32.868,False,,0.0,66.125,0.0,0.0,0.0,0.0,0.0,1.0,0.0,0.0,12.0,0.0,85.637,83.081,73.06,68.877,43.534,100.0,34.255,21.0,0.0,86.161,83.57,100.0,95.495,45.192,74.533,34.464,8.941,2.698,85.903,85.125,0.48,NORMAL
337,2026-06-04 12:15:00+00:00,12,3,0.0,-1.0,0.433884,-0.900969,False,False,MORNING,2.0,5.0,9.0,19.0,35.0,150.0,0.0,0.0,0.0,3.36,3.885,81.73,8.34,81.73,83.421,18.27,1.66,9.56,22.11,90.012,84.023,6.98,4.46,15.56,2.06,42.365,0.0,74.533,33.369,False,,0.0,66.07,0.0,0.0,0.0,0.0,0.0,2.0,0.0,0.0,10.0,0.0,86.357,83.41,75.739,71.311,44.509,100.0,34.543,21.0,0.0,86.849,84.345,91.726,87.076,45.854,100.0,34.74,8.423,5.25,87.674,85.741,0.96,NORMAL
338,2026-06-04 12:30:00+00:00,12,3,0.0,-1.0,0.433884,-0.900969,False,False,MORNING,4.0,6.0,10.0,23.0,35.0,154.0,0.0,0.0,0.0,6.72,2.772,82.52,8.54,82.521,85.384,17.48,1.46,11.97,27.41,72.568,68.413,6.7,4.51,15.79,2.02,41.526,0.16,100.0,34.154,False,,0.0,64.886,0.0,0.0,0.0,0.0,0.0,0.0,0.16,0.04,11.0,0.0,87.191,83.25,73.21,69.018,45.588,100.0,34.876,18.0,0.0,87.307,84.761,87.856,83.53,49.06,100.0,34.923,7.837,5.871,89.022,86.098,0.96,NORMAL
339,2026-06-04 12:45:00+00:00,12,3,0.0,-1.0,0.433884,-0.900969,False,False,MORNING,1.0,5.0,10.0,23.0,35.0,153.0,0.0,0.0,0.0,1.68,3.36,82.21,8.43,82.211,84.283,17.79,1.57,11.97,27.41,72.296,68.156,6.77,4.53,15.7,2.03,41.865,0.0,48.933,33.713,False,,0.0,59.969,0.0,0.0,0.0,0.0,0.0,3.0,0.0,0.0,12.0,0.0,86.891,83.292,73.246,69.052,46.898,74.567,34.756,20.0,0.0,87.484,84.928,88.543,84.169,47.65,100.0,34.994,8.011,7.359,89.714,86.192,1.6,NORMAL
340,2026-06-04 13:00:00+00:00,13,3,-0.258819,-0.965926,0.433884,-0.900969,False,False,MORNING,4.0,5.0,11.0,26.0,39.0,151.0,0.0,0.0,0.0,6.72,2.7,83.08,8.56,83.081,85.637,16.92,1.44,11.97,27.41,73.06,68.877,7.19,4.57,15.25,2.12,43.534,0.16,100.0,34.255,False,,0.0,65.356,0.0,0.0,0.0,0.0,0.0,3.0,0.16,0.04,13.0,0.0,86.161,83.57,100.0,95.495,45.192,74.533,34.464,19.0,0.0,85.335,84.26,89.073,84.635,47.085,23.333,34.134,7.964,5.469,90.688,86.718,1.6,NORMAL
341,2026-06-04 13:15:00+00:00,13,3,-0.258819,-0.965926,0.433884,-0.900969,False,False,MORNING,3.0,7.0,12.0,28.0,42.0,152.0,0.0,0.0,0.0,5.04,3.436,83.41,8.64,83.41,86.357,16.59,1.36,11.59,26.58,75.739,71.311,7.41,4.61,14.98,2.16,44.509,0.16,100.0,34.543,False,,0.0,66.273,0.0,0.0,0.0,0.0,0.0,3.0,0.16,0.04,11.0,0.0,86.849,84.345,91.726,87.076,45.854,100.0,34.74,25.0,0.0,82.823,83.429,93.895,89.033,46.278,23.333,33.129,0.825,6.182,88.102,85.637,1.12,NORMAL
342,2026-06-04 13:30:00+00:00,13,3,-0.258819,-0.965926,0.433884,-0.900969,False,False,MORNING,3.0,6.0,11.0,31.0,45.0,155.0,0.0,0.0,0.0,5.04,5.344,83.25,8.72,83.25,87.191,16.75,1.28,11.97,27.41,73.21,69.018,7.67,4.64,14.69,2.22,45.588,0.16,100.0,34.876,False,,0.0,65.923,0.0,0.0,0.0,0.0,0.0,1.0,0.0,0.04,7.0,0.0,87.307,84.761,87.856,83.53,49.06,100.0,34.923,25.0,0.0,82.91,83.392,85.556,81.37,46.838,74.533,33.164,8.196,5.414,89.459,86.197,1.45,NORMAL
343,2026-06-04 13:45:00+00:00,13,3,-0.258819,-0.965926,0.433884,-0.900969,False,False,MORNING,2.0,5.0,12.0,29.0,47.0,156.0,0.0,0.0,0.0,3.36,3.315,83.29,8.69,83.292,86.891,16.71,1.31,11.97,27.41,73.246,69.052,7.99,4.67,14.34,2.28,46.898,0.0,74.567,34.756,False,,0.0,63.71,0.0,0.0,0.0,0.0,0.0,2.0,0.0,0.0,5.0,0.0,87.484,84.928,88.543,84.169,47.65,100.0,34.994,25.0,0.58,84.924,84.353,86.808,82.56,46.996,100.0,37.421,1.884,4.654,87.927,85.658,1.13,NORMAL
344,2026-06-04 14:00:00+00:00,14,3,-0.5,-0.866025,0.433884,-0.900969,False,False,EVENING,2.0,4.0,10.0,29.0,49.0,156.0,0.0,0.0,0.0,3.36,2.54,83.57,8.62,83.57,86.161,16.43,1.38,8.71,19.89,100.0,95.495,7.52,4.68,14.8,2.2,45.192,0.0,74.533,34.464,False,,0.0,69.852,0.0,0.0,0.0,0.0,0.0,-1.0,-0.16,0.0,8.0,0.0,85.335,84.26,89.073,84.635,47.085,23.333,34.134,20.0,0.0,84.713,84.424,86.615,82.377,48.685,77.75,33.885,3.36,4.152,87.324,85.52,0.97,NORMAL
345,2026-06-04 14:15:00+00:00,14,3,-0.5,-0.866025,0.433884,-0.900969,False,False,EVENING,4.0,6.0,11.0,32.0,52.0,159.0,0.0,0.0,0.0,6.72,3.341,84.35,8.68,84.345,86.849,15.65,1.32,9.68,22.01,91.726,87.076,7.68,4.7,14.62,2.23,45.854,0.16,100.0,34.74,False,,0.0,70.509,0.0,0.0,0.0,0.0,0.0,-1.0,0.0,0.04,10.0,0.0,82.823,83.429,93.895,89.033,46.278,23.333,33.129,24.0,0.0,83.395,83.997,86.177,81.96,47.247,48.958,33.358,8.253,4.381,88.353,86.385,1.29,MODERATE
346,2026-06-04 14:30:00+00:00,14,3,-0.5,-0.866025,0.433884,-0.900969,False,False,EVENING,4.0,8.0,12.0,33.0,54.0,162.0,0.0,0.0,0.0,6.72,4.875,84.76,8.73,84.761,87.307,15.24,1.27,10.16,23.06,87.856,83.53,8.52,4.72,13.75,2.38,49.06,0.32,100.0,34.923,False,,0.0,70.091,0.0,0.0,0.0,0.0,0.0,1.0,0.16,0.08,11.0,0.0,82.91,83.392,85.556,81.37,46.838,74.533,33.164,29.0,0.71,85.545,85.003,88.539,84.176,47.296,100.0,38.497,1.827,5.237,86.488,85.719,0.97,MODERATE
347,2026-06-04 14:45:00+00:00,14,3,-0.5,-0.866025,0.433884,-0.900969,False,False,EVENING,3.0,7.0,13.0,35.0,54.0,163.0,0.0,0.0,0.0,5.04,4.299,84.93,8.75,84.928,87.484,15.07,1.25,10.1,22.93,88.543,84.169,8.13,4.74,14.13,2.32,47.65,0.32,100.0,34.994,False,,0.0,70.195,0.0,0.0,0.0,0.0,0.0,1.0,0.32,0.08,15.0,0.58,84.924,84.353,86.808,82.56,46.996,100.0,37.421,26.0,0.0,84.401,85.111,87.32,83.047,48.421,77.775,33.76,8.193,5.735,88.796,86.103,1.29,MODERATE
348,2026-06-04 15:00:00+00:00,15,3,-0.707107,-0.707107,0.433884,-0.900969,False,False,EVENING,0.0,3.0,11.0,32.0,54.0,162.0,0.0,0.0,0.0,0.0,3.535,84.26,8.53,84.26,85.335,15.74,1.47,9.96,22.63,89.073,84.635,7.98,4.73,14.29,2.29,47.085,0.0,23.333,34.134,False,,0.0,62.787,0.0,0.0,0.0,0.0,0.0,1.0,0.0,0.0,11.0,0.0,84.713,84.424,86.615,82.377,48.685,77.75,33.885,31.0,0.97,86.339,85.588,92.488,87.832,48.603,100.0,40.346,0.207,5.307,86.854,85.022,0.81,NORMAL
349,2026-06-04 15:15:00+00:00,15,3,-0.707107,-0.707107,0.433884,-0.900969,False,False,EVENING,0.0,0.0,7.0,30.0,49.0,160.0,0.0,0.0,0.0,0.0,4.326,83.43,8.28,83.429,82.823,16.57,1.72,9.35,21.3,93.895,89.033,7.8,4.7,14.51,2.25,46.278,0.0,23.333,33.129,False,,0.0,63.135,0.0,0.0,0.0,0.0,0.0,-4.0,-0.16,0.0,15.0,0.0,83.395,83.997,86.177,81.96,47.247,48.958,33.358,28.0,0.0,84.779,84.788,94.202,89.363,46.694,26.592,33.912,1.68,4.405,85.536,84.473,0.49,NORMAL
350,2026-06-04 15:30:00+00:00,15,3,-0.707107,-0.707107,0.433884,-0.900969,False,False,EVENING,2.0,2.0,5.0,28.0,51.0,160.0,0.0,0.0,0.0,3.36,3.475,83.39,8.29,83.392,82.91,16.61,1.71,10.26,23.29,85.556,81.37,7.98,4.67,14.35,2.28,46.838,0.0,74.533,33.164,False,,0.0,65.883,0.0,0.0,0.0,0.0,0.0,-7.0,-0.32,0.0,14.0,0.71,85.545,85.003,88.539,84.176,47.296,100.0,38.497,28.0,0.0,84.3,84.538,86.733,82.489,47.334,76.2,33.72,1.68,3.714,83.515,84.166,0.17,NORMAL
351,2026-06-04 15:45:00+00:00,15,3,-0.707107,-0.707107,0.433884,-0.900969,False,False,EVENING,6.0,8.0,8.0,33.0,56.0,164.0,0.58,0.0,0.0,9.114,4.463,84.35,8.49,84.353,84.924,15.65,1.51,10.26,23.29,86.808,82.56,8.0,4.69,14.31,2.28,46.996,0.48,100.0,37.421,False,,1.0,69.467,0.58,0.58,0.58,0.036,0.58,-5.0,0.16,0.265,10.0,0.0,84.401,85.111,87.32,83.047,48.421,77.775,33.76,31.0,0.0,82.988,83.856,86.033,81.823,46.181,48.933,33.195,1.68,4.783,82.433,83.499,0.0,NORMAL
352,2026-06-04 16:00:00+00:00,16,3,-0.866025,-0.5,0.433884,-0.900969,False,False,EVENING,2.0,8.0,10.0,31.0,57.0,166.0,0.0,0.05,0.0518,4.326,4.127,84.42,8.47,84.424,84.713,15.58,1.53,10.26,23.29,86.615,82.377,8.46,4.68,13.86,2.37,48.685,0.32,77.75,33.885,False,,0.0,67.174,-0.58,0.0,0.0,0.036,0.58,-1.0,0.32,0.08,9.0,0.97,86.339,85.588,92.488,87.832,48.603,100.0,40.346,31.0,0.68,85.903,85.125,89.587,85.145,45.352,100.0,38.43,5.04,4.46,83.656,83.522,0.0,NORMAL
353,2026-06-04 16:15:00+00:00,16,3,-0.866025,-0.5,0.433884,-0.900969,False,False,EVENING,1.0,3.0,11.0,29.0,57.0,164.0,0.0,0.0,0.0,1.68,3.916,84.0,8.34,83.997,83.395,16.0,1.66,10.26,23.29,86.177,81.96,8.09,4.66,14.24,2.3,47.247,0.0,48.958,33.358,False,,0.0,63.993,0.0,-0.58,0.0,0.036,0.58,4.0,0.0,0.0,9.0,0.0,84.779,84.788,94.202,89.363,46.694,26.592,33.912,27.0,1.66,87.674,85.741,100.0,100.0,44.289,100.0,45.059,0.0,2.478,82.597,83.008,0.0,NORMAL
354,2026-06-04 16:30:00+00:00,16,3,-0.866025,-0.5,0.433884,-0.900969,False,False,EVENING,6.0,7.0,15.0,32.0,63.0,170.0,0.71,0.0,0.0,8.882,3.998,85.0,8.55,85.003,85.545,15.0,1.45,10.14,23.04,88.539,84.176,8.07,4.7,14.23,2.3,47.296,0.48,100.0,38.497,False,,1.3,70.246,0.71,0.71,0.71,0.081,0.71,10.0,0.48,0.298,15.0,0.0,84.3,84.538,86.733,82.489,47.334,76.2,33.72,26.0,0.0,89.022,86.098,100.0,96.98,43.624,100.0,35.609,1.68,3.326,81.818,82.674,0.0,MODERATE
355,2026-06-04 16:45:00+00:00,16,3,-0.866025,-0.5,0.433884,-0.900969,False,False,EVENING,2.0,8.0,11.0,32.0,61.0,169.0,0.0,0.06,0.0642,4.558,4.583,85.11,8.44,85.111,84.401,14.89,1.56,10.26,23.29,87.32,83.047,8.39,4.69,13.93,2.35,48.421,0.32,77.775,33.76,False,,0.0,67.406,-0.71,0.0,-0.58,0.081,0.71,3.0,-0.16,0.08,16.0,0.0,82.988,83.856,86.033,81.823,46.181,48.933,33.195,24.0,2.23,89.714,86.192,95.749,90.866,44.095,100.0,49.276,5.04,3.868,83.05,82.844,0.0,NORMAL
356,2026-06-04 17:00:00+00:00,17,3,-0.965926,-0.258819,0.433884,-0.900969,False,False,EVENING,6.0,8.0,15.0,36.0,65.0,172.0,0.97,0.0,0.0,8.453,5.77,85.59,8.63,85.588,86.339,14.41,1.37,9.79,22.26,92.488,87.832,8.39,4.73,13.88,2.36,48.603,0.8,100.0,40.346,False,,1.8,71.731,0.97,0.26,0.97,0.141,0.97,5.0,0.48,0.442,22.0,0.68,85.903,85.125,89.587,85.145,45.352,100.0,38.43,22.0,0.49,90.688,86.718,89.196,84.831,43.818,100.0,39.221,0.0,3.469,81.071,82.175,0.0,MODERATE
357,2026-06-04 17:15:00+00:00,17,3,-0.965926,-0.258819,0.433884,-0.900969,False,False,EVENING,0.0,6.0,14.0,32.0,64.0,168.0,0.0,0.09,0.0872,1.627,5.449,84.79,8.48,84.788,84.779,15.21,1.52,9.47,21.56,94.202,89.363,7.89,4.72,14.39,2.27,46.694,0.33,26.592,33.912,False,,0.0,64.233,-0.97,0.0,0.0,0.141,0.97,3.0,0.33,0.082,19.0,1.66,87.674,85.741,100.0,100.0,44.289,100.0,45.059,19.0,0.0,88.102,85.637,87.86,83.561,44.416,34.583,35.241,1.68,2.848,80.987,81.891,0.0,NORMAL
358,2026-06-04 17:30:00+00:00,17,3,-0.965926,-0.258819,0.433884,-0.900969,False,False,EVENING,2.0,2.0,10.0,30.0,63.0,170.0,0.0,0.0,0.0,3.36,4.551,84.54,8.43,84.538,84.3,15.46,1.57,10.26,23.29,86.733,82.489,8.08,4.7,14.22,2.3,47.334,0.17,76.2,33.72,False,,0.0,66.883,0.0,-0.97,-0.71,0.141,0.97,-5.0,-0.31,0.042,13.0,0.0,89.022,86.098,100.0,96.98,43.624,100.0,35.609,20.0,0.12,89.459,86.197,88.49,84.16,44.449,100.0,36.511,0.0,4.658,80.038,80.822,0.0,NORMAL
359,2026-06-04 17:45:00+00:00,17,3,-0.965926,-0.258819,0.433884,-0.900969,False,False,EVENING,1.0,3.0,9.0,28.0,63.0,169.0,0.0,0.0,0.0,1.68,4.934,83.86,8.3,83.856,82.988,16.14,1.7,10.26,23.29,86.033,81.823,7.79,4.68,14.53,2.24,46.181,0.0,48.933,33.195,False,,0.0,63.749,0.0,0.0,0.0,0.141,0.97,-2.0,-0.32,0.0,15.0,2.23,89.714,86.192,95.749,90.866,44.095,100.0,49.276,16.0,0.0,87.927,85.658,87.881,83.581,45.29,60.2,35.171,1.68,2.069,79.596,80.769,0.0,NORMAL
360,2026-06-04 18:00:00+00:00,18,3,-1.0,-0.0,0.433884,-0.900969,False,False,EVENING,6.0,7.0,9.0,34.0,66.0,174.0,0.68,0.0,0.0,8.941,2.698,85.13,8.59,85.125,85.903,14.87,1.41,10.04,22.8,89.587,85.145,7.54,4.71,14.76,2.2,45.352,0.48,100.0,38.43,False,,1.2,70.393,0.68,0.68,-0.2899999999999999,0.184,0.97,-6.0,-0.32,0.29,9.0,0.49,90.688,86.718,89.196,84.831,43.818,100.0,39.221,16.0,0.0,87.324,85.52,99.765,94.483,47.182,84.208,34.93,1.68,3.263,78.489,80.484,0.0,MODERATE
361,2026-06-04 18:15:00+00:00,18,3,-1.0,-0.0,0.433884,-0.900969,False,False,EVENING,6.0,12.0,15.0,40.0,70.0,179.0,1.66,0.06,0.0367,8.423,5.25,85.74,8.77,85.741,87.674,14.26,1.23,7.96,18.23,100.0,100.0,7.17,4.79,15.04,2.15,44.289,0.96,100.0,45.059,False,,3.2,74.446,0.9799999999999999,1.66,1.66,0.288,1.66,1.0,0.63,0.655,8.0,0.0,88.102,85.637,87.86,83.561,44.416,34.583,35.241,17.0,0.09,88.353,86.385,88.758,84.412,46.16,100.0,35.867,0.0,1.799,78.252,80.058,0.0,MODERATE
362,2026-06-04 18:30:00+00:00,18,3,-1.0,-0.0,0.433884,-0.900969,False,False,EVENING,3.0,9.0,16.0,41.0,69.0,181.0,0.0,0.15,0.1498,7.837,5.871,86.1,8.9,86.098,89.022,13.9,1.1,8.84,20.18,100.0,96.98,6.97,4.81,15.22,2.12,43.624,0.96,100.0,35.609,False,,0.0,73.31,-1.66,-0.68,0.0,0.288,1.66,6.0,0.79,0.24,13.0,0.12,89.459,86.197,88.49,84.16,44.449,100.0,36.511,12.0,0.0,86.488,85.719,91.103,86.549,46.809,58.625,34.595,1.68,2.477,78.308,79.853,0.0,MODERATE
363,2026-06-04 18:45:00+00:00,18,3,-1.0,-0.0,0.433884,-0.900969,False,False,EVENING,7.0,10.0,22.0,42.0,75.0,185.0,2.23,0.0,0.0,8.011,7.359,86.19,8.97,86.192,89.714,13.81,1.03,9.59,21.81,95.749,90.866,6.99,4.92,15.09,2.14,44.095,1.6,100.0,49.276,False,,4.4,73.695,2.23,0.5700000000000001,2.23,0.427,2.23,13.0,1.6,0.958,9.0,0.0,87.927,85.658,87.881,83.581,45.29,60.2,35.171,12.0,0.12,88.796,86.103,88.395,84.069,45.767,100.0,36.257,0.0,1.463,76.954,79.622,0.0,MODERATE
364,2026-06-04 19:00:00+00:00,19,3,-0.965926,0.258819,0.433884,-0.900969,False,False,EVENING,3.0,10.0,19.0,43.0,74.0,187.0,0.49,0.2,0.2009,7.964,5.469,86.72,9.07,86.718,90.688,13.28,0.93,10.26,23.29,89.196,84.831,6.88,4.95,15.17,2.13,43.818,1.6,100.0,39.221,False,,1.0,71.356,-1.74,0.49,-0.19000000000000006,0.458,2.23,10.0,1.12,0.522,13.0,0.0,87.324,85.52,99.765,94.483,47.182,84.208,34.93,10.0,0.0,86.854,85.022,100.0,100.0,46.366,31.442,34.741,1.68,1.195,77.442,79.695,0.0,MODERATE
365,2026-06-04 19:15:00+00:00,19,3,-0.965926,0.258819,0.433884,-0.900969,False,False,EVENING,0.0,3.0,13.0,42.0,71.0,184.0,0.0,0.04,0.0442,0.825,6.182,85.64,8.81,85.637,88.102,14.36,1.19,10.26,23.29,87.86,83.561,7.06,4.93,15.01,2.16,44.416,1.12,34.583,35.241,False,,0.0,64.141,-0.49,-2.23,-1.66,0.458,2.23,-2.0,0.16,0.28,11.0,0.09,88.353,86.385,88.758,84.412,46.16,100.0,35.867,10.0,0.0,85.536,84.473,86.665,82.425,45.307,53.85,34.215,1.68,2.093,76.794,79.656,0.0,NORMAL
366,2026-06-04 19:30:00+00:00,19,3,-0.965926,0.258819,0.433884,-0.900969,False,False,EVENING,5.0,5.0,15.0,41.0,73.0,188.0,0.12,0.0,0.0,8.196,5.414,86.2,8.95,86.197,89.459,13.8,1.05,10.26,23.29,88.49,84.16,7.07,4.93,15.0,2.16,44.449,1.45,100.0,36.511,False,,0.2,70.65,0.12,-0.37,0.12,0.465,2.23,-1.0,0.49,0.392,7.0,0.0,86.488,85.719,91.103,86.549,46.809,58.625,34.595,10.0,0.0,83.515,84.166,86.351,82.126,46.524,50.658,33.406,0.0,1.41,76.438,79.34,0.0,MODERATE
367,2026-06-04 19:45:00+00:00,19,3,-0.965926,0.258819,0.433884,-0.900969,False,False,EVENING,1.0,6.0,9.0,40.0,72.0,185.0,0.0,0.01,0.0109,1.884,4.654,85.66,8.79,85.658,87.927,14.34,1.21,10.26,23.29,87.881,83.581,7.32,4.91,14.77,2.2,45.29,1.13,60.2,35.171,False,,0.0,66.5,-0.12,0.0,-2.23,0.429,2.23,-13.0,-0.47,0.282,7.0,0.12,88.796,86.103,88.395,84.069,45.767,100.0,36.257,9.0,0.0,82.433,83.499,85.666,81.474,44.928,48.933,32.973,3.36,0.868,77.503,79.856,0.0,NORMAL
368,2026-06-04 20:00:00+00:00,20,3,-0.866025,0.5,0.433884,-0.900969,False,False,EVENING,2.0,3.0,8.0,36.0,72.0,184.0,0.0,0.0,0.0,3.36,4.152,85.52,8.73,85.52,87.324,14.48,1.27,9.02,20.57,99.765,94.483,7.85,4.89,14.26,2.29,47.182,0.97,84.208,34.93,False,,0.0,71.414,0.0,-0.12,-0.49,0.429,2.23,-11.0,-0.63,0.242,3.0,0.0,86.854,85.022,100.0,100.0,46.366,31.442,34.741,9.0,0.0,83.656,83.522,100.0,100.0,45.677,100.0,33.462,0.0,1.828,77.124,79.437,0.0,MODERATE
369,2026-06-04 20:15:00+00:00,20,3,-0.866025,0.5,0.433884,-0.900969,False,False,EVENING,5.0,7.0,13.0,41.0,73.0,186.0,0.09,0.0,0.0,8.253,4.381,86.39,8.84,86.385,88.353,13.61,1.16,10.25,23.27,88.758,84.412,7.58,4.89,14.54,2.24,46.16,1.29,100.0,35.867,False,,0.2,70.668,0.09,0.09,0.09,0.434,2.23,0.0,0.17,0.345,6.0,0.0,85.536,84.473,86.665,82.425,45.307,53.85,34.215,7.0,0.0,82.597,83.008,100.0,100.0,46.598,23.333,33.039,0.0,1.798,76.082,79.092,0.0,MODERATE
370,2026-06-04 20:30:00+00:00,20,3,-0.866025,0.5,0.433884,-0.900969,False,False,EVENING,1.0,6.0,9.0,40.0,70.0,186.0,0.0,0.01,0.0079,1.827,5.237,85.72,8.65,85.719,86.488,14.28,1.35,9.9,22.51,91.103,86.549,7.78,4.86,14.36,2.27,46.809,0.97,58.625,34.595,False,,0.0,66.963,-0.09,0.0,-0.12,0.39,2.23,-6.0,-0.48,0.242,5.0,0.0,83.515,84.166,86.351,82.126,46.524,50.658,33.406,7.0,0.0,81.818,82.674,100.0,100.0,46.978,48.933,32.727,1.68,0.489,76.575,79.34,0.0,NORMAL
371,2026-06-04 20:45:00+00:00,20,3,-0.866025,0.5,0.433884,-0.900969,False,False,EVENING,5.0,6.0,13.0,44.0,72.0,189.0,0.12,0.0,0.0,8.193,5.735,86.1,8.88,86.103,88.796,13.9,1.12,10.26,23.29,88.395,84.069,7.49,4.87,14.64,2.22,45.767,1.29,100.0,36.257,False,,0.2,70.593,0.12,0.03,0.12,0.398,2.23,4.0,0.16,0.353,5.0,0.0,82.433,83.499,85.666,81.474,44.928,48.933,32.973,7.0,0.0,83.05,82.844,100.0,100.0,46.46,100.0,33.22,1.68,1.656,77.103,79.293,0.0,MODERATE
372,2026-06-04 21:00:00+00:00,21,3,-0.707107,0.707107,0.433884,-0.900969,False,False,EVENING,0.0,5.0,11.0,38.0,72.0,184.0,0.0,0.01,0.0111,0.207,5.307,85.02,8.69,85.022,86.854,14.98,1.31,8.19,18.75,100.0,100.0,7.67,4.85,14.48,2.25,46.366,0.81,31.442,34.741,False,,0.0,67.078,-0.12,0.0,0.0,0.337,2.23,3.0,-0.16,0.202,7.0,0.0,83.656,83.522,100.0,100.0,45.677,100.0,33.462,4.0,0.0,81.071,82.175,100.0,100.0,46.537,23.333,32.428,0.0,2.287,76.453,78.786,0.0,NORMAL
373,2026-06-04 21:15:00+00:00,21,3,-0.707107,0.707107,0.433884,-0.900969,False,False,EVENING,1.0,1.0,7.0,33.0,73.0,182.0,0.0,0.0,0.0,1.68,4.405,84.47,8.55,84.473,85.536,15.53,1.45,10.26,23.29,86.665,82.425,7.41,4.82,14.77,2.2,45.307,0.49,53.85,34.215,False,,0.0,64.906,0.0,-0.12,-0.09,0.337,2.23,-6.0,-0.8,0.122,4.0,0.0,82.597,83.008,100.0,100.0,46.598,23.333,33.039,5.0,0.0,80.987,81.891,100.0,100.0,44.993,48.933,32.395,0.0,2.487,75.744,78.235,0.0,NORMAL
374,2026-06-04 21:30:00+00:00,21,3,-0.707107,0.707107,0.433884,-0.900969,False,False,EVENING,1.0,2.0,7.0,31.0,72.0,181.0,0.0,0.0,0.0,1.68,3.714,84.17,8.35,84.166,83.515,15.83,1.65,10.26,23.29,86.351,82.126,7.79,4.78,14.44,2.26,46.524,0.17,50.658,33.406,False,,0.0,64.183,0.0,0.0,0.0,0.337,2.23,-2.0,-0.8,0.042,5.0,0.0,81.818,82.674,100.0,100.0,46.978,48.933,32.727,5.0,0.0,80.038,80.822,100.0,100.0,44.651,23.333,32.015,1.68,0.687,75.237,78.534,0.0,NORMAL
375,2026-06-04 21:45:00+00:00,21,3,-0.707107,0.707107,0.433884,-0.900969,False,False,EVENING,1.0,2.0,3.0,25.0,67.0,178.0,0.0,0.0,0.0,1.68,4.783,83.5,8.24,83.499,82.433,16.5,1.76,10.26,23.29,85.666,81.474,7.4,4.73,14.87,2.18,44.928,0.0,48.933,32.973,False,,0.0,63.361,0.0,0.0,-0.12,0.337,2.23,-10.0,-1.29,0.0,4.0,0.0,83.05,82.844,100.0,100.0,46.46,100.0,33.22,5.0,0.0,79.596,80.769,100.0,100.0,43.462,48.933,31.839,0.0,1.964,74.048,78.162,0.0,NORMAL
376,2026-06-04 22:00:00+00:00,22,3,-0.5,0.866025,0.433884,-0.900969,False,False,NIGHT,3.0,4.0,6.0,25.0,68.0,181.0,0.0,0.0,0.0,5.04,4.46,83.52,8.37,83.522,83.656,16.48,1.63,5.79,16.94,100.0,100.0,7.63,4.7,14.67,2.22,45.677,0.0,100.0,33.462,False,,0.0,72.217,0.0,0.0,0.0,0.294,2.23,-5.0,-0.81,0.0,2.0,0.0,81.071,82.175,100.0,100.0,46.537,23.333,32.428,6.0,0.0,78.489,80.484,100.0,100.0,42.943,48.933,31.396,3.36,0.954,74.419,78.727,0.0,MODERATE
377,2026-06-04 22:15:00+00:00,22,3,-0.5,0.866025,0.433884,-0.900969,False,False,NIGHT,0.0,3.0,5.0,25.0,67.0,179.0,0.0,0.0,0.0,0.0,2.478,83.01,8.26,83.008,82.597,16.99,1.74,5.47,16.24,100.0,100.0,7.91,4.67,14.42,2.26,46.598,0.0,23.333,33.039,False,,0.0,65.075,0.0,0.0,0.0,0.191,2.23,-2.0,-0.49,0.0,3.0,0.0,80.987,81.891,100.0,100.0,44.993,48.933,32.395,5.0,0.0,78.252,80.058,100.0,100.0,43.177,23.333,31.301,3.36,0.698,75.284,79.306,0.0,NORMAL
378,2026-06-04 22:30:00+00:00,22,3,-0.5,0.866025,0.433884,-0.900969,False,False,NIGHT,1.0,1.0,5.0,21.0,62.0,178.0,0.0,0.0,0.0,1.68,3.326,82.67,8.18,82.674,81.818,17.33,1.82,6.27,17.99,100.0,100.0,8.05,4.64,14.32,2.28,46.978,0.0,48.933,32.727,False,,0.0,67.184,0.0,0.0,0.0,0.191,2.23,-2.0,-0.17,0.0,2.0,0.0,80.038,80.822,100.0,100.0,44.651,23.333,32.015,5.0,0.0,78.308,79.853,100.0,100.0,42.335,48.933,31.323,3.36,2.653,75.884,79.422,0.0,NORMAL
379,2026-06-04 22:45:00+00:00,22,3,-0.5,0.866025,0.433884,-0.900969,False,False,NIGHT,3.0,4.0,7.0,23.0,63.0,179.0,0.0,0.0,0.0,5.04,3.868,82.84,8.31,82.844,83.05,17.16,1.69,6.27,17.99,100.0,100.0,7.92,4.62,14.46,2.26,46.46,0.0,100.0,33.22,False,,0.0,72.017,0.0,0.0,0.0,0.051,0.49,4.0,0.0,0.0,3.0,0.0,79.596,80.769,100.0,100.0,43.462,48.933,31.839,5.0,0.0,76.954,79.622,100.0,100.0,43.111,23.333,30.782,1.68,0.707,75.049,79.749,0.0,MODERATE
380,2026-06-04 23:00:00+00:00,23,3,-0.258819,0.965926,0.433884,-0.900969,False,False,NIGHT,0.0,3.0,4.0,21.0,57.0,178.0,0.0,0.0,0.0,0.0,3.469,82.17,8.11,82.175,81.071,17.83,1.89,5.68,16.7,100.0,100.0,7.97,4.59,14.44,2.26,46.537,0.0,23.333,32.428,False,,0.0,64.581,0.0,0.0,0.0,0.021,0.12,-2.0,0.0,0.0,2.0,0.0,78.489,80.484,100.0,100.0,42.943,48.933,31.396,6.0,0.0,77.442,79.695,100.0,100.0,41.741,48.933,30.977,0.0,0.844,74.275,79.616,0.0,NORMAL
381,2026-06-04 23:15:00+00:00,23,3,-0.258819,0.965926,0.433884,-0.900969,False,False,NIGHT,1.0,1.0,5.0,17.0,58.0,178.0,0.0,0.0,0.0,1.68,2.848,81.89,8.1,81.891,80.987,18.11,1.9,6.27,17.99,100.0,100.0,7.59,4.56,14.85,2.19,44.993,0.0,48.933,32.395,False,,0.0,66.667,0.0,0.0,0.0,0.021,0.12,0.0,0.0,0.0,2.0,0.0,78.252,80.058,100.0,100.0,43.177,23.333,31.301,5.0,0.0,76.794,79.656,100.0,100.0,41.89,48.933,30.718,0.0,1.599,73.705,79.273,0.0,NORMAL
382,2026-06-04 23:30:00+00:00,23,3,-0.258819,0.965926,0.433884,-0.900969,False,False,NIGHT,0.0,1.0,4.0,16.0,56.0,176.0,0.0,0.0,0.0,0.0,4.658,80.82,8.0,80.822,80.038,19.18,2.0,6.27,17.99,100.0,100.0,7.53,4.53,14.94,2.17,44.651,0.0,23.333,32.015,False,,0.0,63.907,0.0,0.0,0.0,0.013,0.12,-1.0,0.0,0.0,3.0,0.0,78.308,79.853,100.0,100.0,42.335,48.933,31.323,4.0,0.0,76.438,79.34,100.0,100.0,41.532,23.333,30.575,1.68,2.012,74.087,79.152,0.0,NORMAL
383,2026-06-04 23:45:00+00:00,23,3,-0.258819,0.965926,0.433884,-0.900969,False,False,NIGHT,1.0,1.0,2.0,12.0,56.0,177.0,0.0,0.0,0.0,1.68,2.069,80.77,7.96,80.769,79.596,19.23,2.04,5.17,15.57,100.0,100.0,7.23,4.5,15.27,2.11,43.462,0.0,48.933,31.839,False,,0.0,66.004,0.0,0.0,0.0,0.013,0.12,-5.0,0.0,0.0,2.0,0.0,76.954,79.622,100.0,100.0,43.111,23.333,30.782,5.0,0.0,77.503,79.856,100.0,100.0,39.25,74.533,31.001,5.04,1.551,75.91,79.842,0.0,NORMAL
384,2026-06-05 00:00:00+00:00,0,4,0.0,1.0,-0.433884,-0.900969,False,False,NIGHT,1.0,2.0,3.0,13.0,51.0,177.0,0.0,0.0,0.0,1.68,3.263,80.48,7.85,80.484,78.489,19.52,2.15,6.27,17.99,100.0,100.0,7.13,4.46,15.41,2.09,42.943,0.0,48.933,31.396,False,,0.0,65.673,0.0,0.0,0.0,0.013,0.12,-1.0,0.0,0.0,4.0,0.0,77.442,79.695,100.0,100.0,41.741,48.933,30.977,3.0,0.0,77.124,79.437,100.0,100.0,40.348,23.333,30.85,0.0,0.999,75.424,79.641,0.0,NORMAL
385,2026-06-05 00:15:00+00:00,0,4,0.0,1.0,-0.433884,-0.900969,False,False,NIGHT,0.0,1.0,2.0,12.0,45.0,175.0,0.0,0.0,0.0,0.0,1.799,80.06,7.83,80.058,78.252,19.94,2.17,6.27,17.99,100.0,100.0,7.23,4.43,15.34,2.1,43.177,0.0,23.333,31.301,False,,0.0,63.249,0.0,0.0,0.0,0.008,0.12,-3.0,0.0,0.0,3.0,0.0,76.794,79.656,100.0,100.0,41.89,48.933,30.718,5.0,0.0,76.082,79.092,100.0,100.0,39.867,23.333,30.433,0.0,0.953,75.292,79.416,0.0,NORMAL
386,2026-06-05 00:30:00+00:00,0,4,0.0,1.0,-0.433884,-0.900969,False,False,NIGHT,1.0,1.0,3.0,12.0,43.0,176.0,0.0,0.0,0.0,1.68,2.477,79.85,7.83,79.853,78.308,20.15,2.17,6.27,17.99,100.0,100.0,7.02,4.41,15.57,2.06,42.335,0.0,48.933,31.323,False,,0.0,65.443,0.0,0.0,0.0,0.008,0.12,-1.0,0.0,0.0,2.0,0.0,76.438,79.34,100.0,100.0,41.532,23.333,30.575,7.0,0.0,76.575,79.34,100.0,100.0,41.335,48.933,30.63,1.68,1.18,75.518,79.518,0.0,NORMAL
387,2026-06-05 00:45:00+00:00,0,4,0.0,1.0,-0.433884,-0.900969,False,False,NIGHT,0.0,1.0,2.0,11.0,36.0,175.0,0.0,0.0,0.0,0.0,1.463,79.62,7.7,79.622,76.954,20.38,2.3,6.27,17.99,100.0,100.0,7.27,4.37,15.36,2.1,43.111,0.0,23.333,30.782,False,,0.0,62.888,0.0,0.0,0.0,0.0,0.0,0.0,0.0,0.0,3.0,0.0,77.503,79.856,100.0,100.0,39.25,74.533,31.001,8.0,0.0,77.103,79.293,100.0,100.0,42.419,48.933,30.841,3.36,2.483,76.236,79.665,0.0,NORMAL
388,2026-06-05 01:00:00+00:00,1,4,0.258819,0.965926,-0.433884,-0.900969,False,False,NIGHT,1.0,1.0,2.0,9.0,34.0,174.0,0.0,0.0,0.0,1.68,1.195,79.69,7.74,79.695,77.442,20.31,2.26,5.71,16.77,100.0,100.0,6.92,4.35,15.73,2.03,41.741,0.0,48.933,30.977,False,,0.0,65.182,0.0,0.0,0.0,0.0,0.0,-1.0,0.0,0.0,2.0,0.0,77.124,79.437,100.0,100.0,40.348,23.333,30.85,8.0,0.0,76.453,78.786,100.0,100.0,42.399,23.333,30.581,0.0,0.43,76.128,79.569,0.0,NORMAL
389,2026-06-05 01:15:00+00:00,1,4,0.258819,0.965926,-0.433884,-0.900969,False,False,NIGHT,1.0,2.0,3.0,10.0,35.0,174.0,0.0,0.0,0.0,1.68,2.093,79.66,7.68,79.656,76.794,20.34,2.32,6.27,17.99,100.0,100.0,6.99,4.32,15.69,2.04,41.89,0.0,48.933,30.718,False,,0.0,65.057,0.0,0.0,0.0,0.0,0.0,1.0,0.0,0.0,2.0,0.0,76.082,79.092,100.0,100.0,39.867,23.333,30.433,8.0,0.0,75.744,78.235,100.0,100.0,42.215,23.333,30.298,3.36,1.459,76.763,79.98,0.0,NORMAL
390,2026-06-05 01:30:00+00:00,1,4,0.258819,0.965926,-0.433884,-0.900969,False,False,NIGHT,0.0,1.0,2.0,9.0,30.0,173.0,0.0,0.0,0.0,0.0,1.41,79.34,7.64,79.34,76.438,20.66,2.36,5.84,17.05,100.0,100.0,6.91,4.3,15.79,2.02,41.532,0.0,23.333,30.575,False,,0.0,62.58,0.0,0.0,0.0,0.0,0.0,-1.0,0.0,0.0,2.0,0.0,76.575,79.34,100.0,100.0,41.335,48.933,30.63,8.0,0.0,75.237,78.534,100.0,99.193,42.084,48.933,30.095,3.36,0.76,77.929,80.514,0.0,NORMAL
391,2026-06-05 01:45:00+00:00,1,4,0.258819,0.965926,-0.433884,-0.900969,False,False,NIGHT,2.0,2.0,4.0,8.0,31.0,172.0,0.0,0.0,0.0,3.36,0.868,79.86,7.75,79.856,77.503,20.14,2.25,3.4,11.67,100.0,100.0,6.3,4.29,16.4,1.91,39.25,0.0,74.533,31.001,False,,0.0,67.309,0.0,0.0,0.0,0.0,0.0,2.0,0.0,0.0,2.0,0.0,77.103,79.293,100.0,100.0,42.419,48.933,30.841,8.0,0.0,74.048,78.162,100.0,98.723,42.176,23.333,29.619,6.72,1.647,80.267,81.548,0.16,NORMAL
392,2026-06-05 02:00:00+00:00,2,4,0.5,0.866025,-0.433884,-0.900969,False,False,NIGHT,0.0,2.0,3.0,8.0,29.0,172.0,0.0,0.0,0.0,0.0,1.828,79.44,7.71,79.437,77.124,20.56,2.29,6.27,17.99,100.0,100.0,6.61,4.28,16.11,1.96,40.348,0.0,23.333,30.85,False,,0.0,62.632,0.0,0.0,0.0,0.0,0.0,1.0,0.0,0.0,1.0,0.0,76.453,78.786,100.0,100.0,42.399,23.333,30.581,11.0,0.0,74.419,78.727,100.0,99.436,41.449,74.533,29.767,6.72,0.701,81.64,82.916,0.32,NORMAL
393,2026-06-05 02:15:00+00:00,2,4,0.5,0.866025,-0.433884,-0.900969,False,False,NIGHT,0.0,0.0,2.0,7.0,24.0,171.0,0.0,0.0,0.0,0.0,1.798,79.09,7.61,79.092,76.082,20.91,2.39,5.98,17.35,100.0,100.0,6.5,4.26,16.24,1.94,39.867,0.0,23.333,30.433,False,,0.0,62.305,0.0,0.0,0.0,0.0,0.0,-1.0,0.0,0.0,3.0,0.0,75.744,78.235,100.0,100.0,42.215,23.333,30.298,9.0,0.0,75.284,79.306,100.0,100.0,40.777,74.533,30.113,3.36,3.11,82.274,82.915,0.16,NORMAL
394,2026-06-05 02:30:00+00:00,2,4,0.5,0.866025,-0.433884,-0.900969,False,False,NIGHT,1.0,1.0,3.0,8.0,24.0,172.0,0.0,0.0,0.0,1.68,0.489,79.34,7.66,79.34,76.575,20.66,2.34,6.27,17.99,100.0,100.0,6.91,4.25,15.84,2.01,41.335,0.0,48.933,30.63,False,,0.0,64.894,0.0,0.0,0.0,0.0,0.0,1.0,0.0,0.0,5.0,0.0,75.237,78.534,100.0,99.193,42.084,48.933,30.095,7.0,0.0,75.884,79.422,100.0,100.0,41.669,74.533,30.354,5.04,2.955,83.878,83.275,0.16,NORMAL
395,2026-06-05 02:45:00+00:00,2,4,0.5,0.866025,-0.433884,-0.900969,False,False,NIGHT,1.0,2.0,2.0,8.0,20.0,172.0,0.0,0.0,0.0,1.68,1.656,79.29,7.71,79.293,77.103,20.71,2.29,5.87,17.12,100.0,100.0,7.2,4.25,15.55,2.06,42.419,0.0,48.933,30.841,False,,0.0,65.087,0.0,0.0,0.0,0.0,0.0,-2.0,0.0,0.0,6.0,0.0,74.048,78.162,100.0,98.723,42.176,23.333,29.619,6.0,0.0,75.049,79.749,100.0,100.0,41.752,48.933,30.02,1.68,4.877,83.185,82.546,0.0,NORMAL
396,2026-06-05 03:00:00+00:00,3,4,0.707107,0.707107,-0.433884,-0.900969,False,False,NIGHT,0.0,1.0,2.0,7.0,20.0,172.0,0.0,0.0,0.0,0.0,2.287,78.79,7.65,78.786,76.453,21.21,2.35,5.33,15.93,100.0,100.0,7.21,4.24,15.55,2.06,42.399,0.0,23.333,30.581,False,,0.0,62.539,0.0,0.0,0.0,0.0,0.0,-1.0,0.0,0.0,7.0,0.0,74.419,78.727,100.0,99.436,41.449,74.533,29.767,7.0,0.0,74.275,79.616,100.0,100.0,41.084,23.333,29.71,3.36,2.894,83.151,82.666,0.0,NORMAL
397,2026-06-05 03:15:00+00:00,3,4,0.707107,0.707107,-0.433884,-0.900969,False,False,NIGHT,0.0,0.0,2.0,7.0,19.0,172.0,0.0,0.0,0.0,0.0,2.487,78.24,7.57,78.235,75.744,21.76,2.43,6.15,17.73,100.0,100.0,7.17,4.23,15.6,2.05,42.215,0.0,23.333,30.298,False,,0.0,62.26,0.0,0.0,0.0,0.0,0.0,0.0,0.0,0.0,5.0,0.0,75.284,79.306,100.0,100.0,40.777,74.533,30.113,7.0,0.0,73.705,79.273,100.0,100.0,40.905,23.333,29.482,3.36,3.341,83.271,82.658,0.0,NORMAL
398,2026-06-05 03:30:00+00:00,3,4,0.707107,0.707107,-0.433884,-0.900969,False,False,NIGHT,1.0,1.0,2.0,7.0,19.0,172.0,0.0,0.0,0.0,1.68,0.687,78.53,7.52,78.534,75.237,21.47,2.48,6.27,17.99,100.0,99.193,7.15,4.21,15.64,2.05,42.084,0.0,48.933,30.095,False,,0.0,64.42,0.0,0.0,0.0,0.0,0.0,-1.0,0.0,0.0,3.0,0.0,75.884,79.422,100.0,100.0,41.669,74.533,30.354,9.0,0.0,74.087,79.152,100.0,100.0,42.65,48.933,29.635,3.36,3.15,82.427,82.795,0.0,NORMAL
399,2026-06-05 03:45:00+00:00,3,4,0.707107,0.707107,-0.433884,-0.900969,False,False,NIGHT,0.0,1.0,1.0,7.0,18.0,170.0,0.0,0.0,0.0,0.0,1.964,78.16,7.4,78.162,74.048,21.84,2.6,6.27,17.99,100.0,98.723,7.21,4.18,15.61,2.05,42.176,0.0,23.333,29.619,False,,0.0,61.748,0.0,0.0,0.0,0.0,0.0,-1.0,0.0,0.0,2.0,0.0,75.049,79.749,100.0,100.0,41.752,48.933,30.02,10.0,0.0,75.91,79.842,100.0,100.0,43.679,100.0,30.364,3.36,2.667,82.015,83.01,0.0,NORMAL
400,2026-06-05 04:00:00+00:00,4,4,0.866025,0.5,-0.433884,-0.900969,False,False,NIGHT,2.0,2.0,3.0,8.0,17.0,170.0,0.0,0.0,0.0,3.36,0.954,78.73,7.44,78.727,74.419,21.27,2.56,6.27,17.99,100.0,99.436,7.03,4.16,15.81,2.01,41.449,0.0,74.533,29.767,False,,0.0,66.574,0.0,0.0,0.0,0.0,0.0,1.0,0.0,0.0,4.0,0.0,74.275,79.616,100.0,100.0,41.084,23.333,29.71,11.0,0.0,75.424,79.641,70.035,66.025,43.853,23.333,30.17,0.0,3.23,80.855,82.318,0.0,NORMAL
401,2026-06-05 04:15:00+00:00,4,4,0.866025,0.5,-0.433884,-0.900969,False,False,NIGHT,2.0,4.0,5.0,9.0,19.0,171.0,0.0,0.0,0.0,3.36,0.698,79.31,7.53,79.306,75.284,20.69,2.47,4.61,14.34,100.0,100.0,6.85,4.16,15.99,1.98,40.777,0.0,74.533,30.113,False,,0.0,66.882,0.0,0.0,0.0,0.0,0.0,3.0,0.0,0.0,4.0,0.0,73.705,79.273,100.0,100.0,40.905,23.333,29.482,15.0,0.0,75.292,79.416,70.163,66.134,45.056,23.333,30.117,1.68,3.348,80.6,81.927,0.0,NORMAL
402,2026-06-05 04:30:00+00:00,4,4,0.866025,0.5,-0.433884,-0.900969,False,False,NIGHT,2.0,4.0,6.0,11.0,20.0,172.0,0.0,0.0,0.0,3.36,2.653,79.42,7.59,79.422,75.884,20.58,2.41,5.67,16.67,100.0,100.0,7.09,4.16,15.75,2.03,41.669,0.0,74.533,30.354,False,,0.0,67.108,0.0,0.0,0.0,0.0,0.0,4.0,0.0,0.0,4.0,0.0,74.087,79.152,100.0,100.0,42.65,48.933,29.635,17.0,0.0,75.518,79.518,69.927,65.923,44.245,48.933,30.207,0.0,2.108,78.998,81.56,0.0,NORMAL
403,2026-06-05 04:45:00+00:00,4,4,0.866025,0.5,-0.433884,-0.900969,False,False,NIGHT,1.0,3.0,7.0,10.0,18.0,173.0,0.0,0.0,0.0,1.68,0.707,79.75,7.5,79.749,75.049,20.25,2.5,6.27,17.99,100.0,100.0,7.12,4.16,15.73,2.03,41.752,0.0,48.933,30.02,False,,0.0,64.716,0.0,0.0,0.0,0.0,0.0,6.0,0.0,0.0,4.0,0.0,75.91,79.842,100.0,100.0,43.679,100.0,30.364,19.0,0.0,76.236,79.665,70.365,66.324,43.552,74.533,30.495,1.68,3.392,79.105,81.121,0.0,NORMAL
404,2026-06-05 05:00:00+00:00,5,4,0.965926,0.258819,-0.433884,-0.900969,False,False,NIGHT,0.0,1.0,5.0,10.0,18.0,172.0,0.0,0.0,0.0,0.0,0.844,79.62,7.43,79.616,74.275,20.38,2.57,5.34,15.94,100.0,100.0,6.95,4.14,15.91,2.0,41.084,0.0,23.333,29.71,False,,0.0,62.168,0.0,0.0,0.0,0.0,0.0,2.0,0.0,0.0,3.0,0.0,75.424,79.641,70.035,66.025,43.853,23.333,30.17,18.0,0.0,76.128,79.569,80.823,75.732,45.535,23.333,30.451,1.68,2.936,79.819,80.736,0.0,NORMAL
405,2026-06-05 05:15:00+00:00,5,4,0.965926,0.258819,-0.433884,-0.900969,False,False,NIGHT,0.0,0.0,3.0,10.0,17.0,170.0,0.0,0.0,0.0,0.0,1.599,79.27,7.37,79.273,73.705,20.73,2.63,5.87,17.12,100.0,100.0,6.92,4.12,15.96,1.99,40.905,0.0,23.333,29.482,False,,0.0,61.962,0.0,0.0,0.0,0.0,0.0,-2.0,0.0,0.0,3.0,0.0,75.292,79.416,70.163,66.134,45.056,23.333,30.117,20.0,0.0,76.763,79.98,70.334,66.307,44.604,74.533,30.705,5.04,1.696,80.975,81.456,0.0,NORMAL
406,2026-06-05 05:30:00+00:00,5,4,0.965926,0.258819,-0.433884,-0.900969,False,False,NIGHT,1.0,1.0,2.0,10.0,18.0,170.0,0.0,0.0,0.0,1.68,2.012,79.15,7.41,79.152,74.087,20.85,2.59,5.94,17.26,100.0,100.0,7.4,4.11,15.48,2.07,42.65,0.0,48.933,29.635,False,,0.0,64.473,0.0,0.0,0.0,0.0,0.0,-4.0,0.0,0.0,5.0,0.0,75.518,79.518,69.927,65.923,44.245,48.933,30.207,20.0,0.0,77.929,80.514,70.803,66.749,44.671,74.533,31.172,5.04,1.555,83.117,82.113,0.0,NORMAL
407,2026-06-05 05:45:00+00:00,5,4,0.965926,0.258819,-0.433884,-0.900969,False,False,NIGHT,3.0,4.0,4.0,12.0,20.0,171.0,0.0,0.0,0.0,5.04,1.551,79.84,7.59,79.842,75.91,20.16,2.41,6.27,17.99,100.0,100.0,7.67,4.13,15.21,2.12,43.679,0.0,100.0,30.364,False,,0.0,69.678,0.0,0.0,0.0,0.0,0.0,-3.0,0.0,0.0,6.0,0.0,76.236,79.665,70.365,66.324,43.552,74.533,30.495,20.0,0.0,80.267,81.548,71.713,67.607,45.366,100.0,32.107,0.0,3.234,81.221,81.495,0.0,NORMAL
408,2026-06-05 06:00:00+00:00,6,4,1.0,0.0,-0.433884,-0.900969,False,False,MORNING,0.0,3.0,4.0,12.0,19.0,171.0,0.0,0.0,0.0,0.0,0.999,79.64,7.54,79.641,75.424,20.36,2.46,11.97,27.41,70.035,66.025,7.71,4.13,15.16,2.13,43.853,0.0,23.333,30.17,False,,0.0,54.98,0.0,0.0,0.0,0.0,0.0,-1.0,0.0,0.0,8.0,0.0,76.128,79.569,80.823,75.732,45.535,23.333,30.451,18.0,0.0,81.64,82.916,72.915,68.74,43.796,100.0,32.656,1.68,2.262,80.217,81.449,0.0,NORMAL
409,2026-06-05 06:15:00+00:00,6,4,1.0,0.0,-0.433884,-0.900969,False,False,MORNING,0.0,0.0,4.0,12.0,19.0,169.0,0.0,0.0,0.0,0.0,0.953,79.42,7.53,79.416,75.292,20.58,2.47,11.91,27.29,70.163,66.134,8.03,4.13,14.83,2.19,45.056,0.0,23.333,30.117,False,,0.0,55.041,0.0,0.0,0.0,0.0,0.0,1.0,0.0,0.0,12.0,0.0,76.763,79.98,70.334,66.307,44.604,74.533,30.705,14.0,0.0,82.274,82.915,77.183,72.596,43.794,76.158,32.91,0.0,2.258,79.262,80.98,0.0,NORMAL
410,2026-06-05 06:30:00+00:00,6,4,1.0,0.0,-0.433884,-0.900969,False,False,MORNING,1.0,1.0,4.0,12.0,19.0,166.0,0.0,0.0,0.0,1.68,1.18,79.52,7.55,79.518,75.518,20.48,2.45,11.97,27.41,69.927,65.923,7.81,4.14,15.05,2.15,44.245,0.0,48.933,30.207,False,,0.0,57.286,0.0,0.0,0.0,0.0,0.0,2.0,0.0,0.0,12.0,0.0,77.929,80.514,70.803,66.749,44.671,74.533,31.172,13.0,0.0,83.878,83.275,73.232,69.039,44.602,100.0,33.551,5.04,2.636,80.207,81.487,0.0,NORMAL
411,2026-06-05 06:45:00+00:00,6,4,1.0,0.0,-0.433884,-0.900969,False,False,MORNING,2.0,3.0,3.0,14.0,21.0,167.0,0.0,0.0,0.0,3.36,2.483,79.67,7.62,79.665,76.236,20.33,2.38,11.92,27.3,70.365,66.324,7.61,4.15,15.24,2.12,43.552,0.0,74.533,30.495,False,,0.0,59.804,0.0,0.0,0.0,0.0,0.0,-1.0,0.0,0.0,13.0,0.0,80.267,81.548,71.713,67.607,45.366,100.0,32.107,10.0,0.0,83.185,82.546,72.59,68.434,43.001,48.933,33.274,5.04,3.736,81.581,81.675,0.0,NORMAL
412,2026-06-05 07:00:00+00:00,7,4,0.965926,-0.258819,-0.433884,-0.900969,False,False,MORNING,0.0,2.0,3.0,12.0,20.0,167.0,0.0,0.0,0.0,0.0,0.43,79.57,7.61,79.569,76.128,20.43,2.39,10.36,23.88,80.823,75.732,8.14,4.16,14.71,2.21,45.535,0.0,23.333,30.451,False,,0.0,57.715,0.0,0.0,0.0,0.0,0.0,-1.0,0.0,0.0,10.0,0.0,81.64,82.916,72.915,68.74,43.796,100.0,32.656,10.0,0.0,83.151,82.666,72.695,68.533,41.529,74.533,33.26,5.04,2.709,82.51,82.165,0.0,NORMAL
413,2026-06-05 07:15:00+00:00,7,4,0.965926,-0.258819,-0.433884,-0.900969,False,False,MORNING,2.0,2.0,5.0,12.0,21.0,169.0,0.0,0.0,0.0,3.36,1.459,79.98,7.68,79.98,76.763,20.02,2.32,11.97,27.41,70.334,66.307,7.87,4.17,14.96,2.17,44.604,0.0,74.533,30.705,False,,0.0,60.067,0.0,0.0,0.0,0.0,0.0,1.0,0.0,0.0,8.0,0.0,82.274,82.915,77.183,72.596,43.794,76.158,32.91,9.0,0.0,83.271,82.658,72.689,68.527,42.258,74.533,33.308,3.36,1.567,82.229,82.641,0.0,NORMAL
414,2026-06-05 07:30:00+00:00,7,4,0.965926,-0.258819,-0.433884,-0.900969,False,False,MORNING,2.0,4.0,6.0,12.0,23.0,171.0,0.0,0.0,0.0,3.36,0.76,80.51,7.79,80.514,77.929,19.49,2.21,11.97,27.41,70.803,66.749,7.87,4.19,14.94,2.17,44.671,0.0,74.533,31.172,False,,0.0,60.533,0.0,0.0,0.0,0.0,0.0,2.0,0.0,0.0,8.0,0.0,83.878,83.275,73.232,69.039,44.602,100.0,33.551,10.0,0.0,82.427,82.795,72.81,68.641,40.921,74.533,32.971,3.36,3.205,81.553,82.748,0.0,NORMAL
415,2026-06-05 07:45:00+00:00,7,4,0.965926,-0.258819,-0.433884,-0.900969,False,False,MORNING,4.0,6.0,8.0,15.0,25.0,175.0,0.0,0.0,0.0,6.72,1.647,81.55,8.03,81.548,80.267,18.45,1.97,11.97,27.41,71.713,67.607,8.01,4.24,14.75,2.2,45.366,0.16,100.0,32.107,False,,0.0,63.795,0.0,0.0,0.0,0.0,0.0,5.0,0.16,0.04,7.0,0.0,83.185,82.546,72.59,68.434,43.001,48.933,33.274,11.0,0.0,82.015,83.01,76.465,71.952,41.057,74.533,32.806,8.4,4.152,84.334,83.532,0.32,NORMAL
416,2026-06-05 08:00:00+00:00,8,4,0.866025,-0.5,-0.433884,-0.900969,False,False,MORNING,4.0,8.0,12.0,19.0,29.0,179.0,0.0,0.0,0.0,6.72,0.701,82.92,8.16,82.916,81.64,17.08,1.84,11.97,27.41,72.915,68.74,7.54,4.29,15.18,2.13,43.796,0.32,100.0,32.656,False,,0.0,64.51,0.0,0.0,0.0,0.0,0.0,9.0,0.32,0.08,8.0,0.0,83.151,82.666,72.695,68.533,41.529,74.533,33.26,9.0,0.0,80.855,82.318,79.229,74.416,40.254,23.333,32.342,6.72,3.755,84.441,84.262,0.48,NORMAL
417,2026-06-05 08:15:00+00:00,8,4,0.866025,-0.5,-0.433884,-0.900969,False,False,MORNING,2.0,6.0,12.0,21.0,31.0,180.0,0.0,0.0,0.0,3.36,3.11,82.91,8.23,82.915,82.274,17.09,1.77,11.31,25.96,77.183,72.596,7.49,4.34,15.18,2.13,43.794,0.16,76.158,32.91,False,,0.0,63.465,0.0,0.0,0.0,0.0,0.0,7.0,0.16,0.04,6.0,0.0,83.271,82.658,72.689,68.527,42.258,74.533,33.308,10.0,0.0,80.6,81.927,78.749,73.969,42.126,48.933,32.24,3.36,2.741,83.132,84.548,0.32,NORMAL
418,2026-06-05 08:30:00+00:00,8,4,0.866025,-0.5,-0.433884,-0.900969,False,False,MORNING,3.0,5.0,13.0,23.0,33.0,181.0,0.0,0.0,0.0,5.04,2.955,83.28,8.39,83.275,83.878,16.72,1.61,11.97,27.41,73.232,69.039,7.65,4.39,14.96,2.17,44.602,0.16,100.0,33.551,False,,0.0,65.183,0.0,0.0,0.0,0.0,0.0,7.0,0.16,0.04,5.0,0.0,82.427,82.795,72.81,68.641,40.921,74.533,32.971,9.0,0.0,78.998,81.56,71.723,67.616,42.595,23.333,31.599,5.04,4.744,84.221,84.513,0.32,NORMAL
419,2026-06-05 08:45:00+00:00,8,4,0.866025,-0.5,-0.433884,-0.900969,False,False,MORNING,1.0,4.0,10.0,21.0,33.0,179.0,0.0,0.0,0.0,1.68,4.877,82.55,8.32,82.546,83.185,17.45,1.68,11.97,27.41,72.59,68.434,7.18,4.43,15.39,2.09,43.001,0.0,48.933,33.274,False,,0.0,59.994,0.0,0.0,0.0,0.0,0.0,2.0,-0.16,0.0,3.0,0.0,82.015,83.01,76.465,71.952,41.057,74.533,32.806,12.0,0.0,79.105,81.121,71.337,67.253,39.428,48.933,31.642,5.04,4.887,85.462,84.427,0.32,NORMAL
420,2026-06-05 09:00:00+00:00,9,4,0.707107,-0.707107,-0.433884,-0.900969,False,False,MORNING,2.0,3.0,8.0,23.0,35.0,181.0,0.0,0.0,0.0,3.36,2.894,82.67,8.32,82.666,83.151,17.33,1.68,11.97,27.41,72.695,68.533,6.76,4.46,15.79,2.02,41.529,0.0,74.533,33.26,False,,0.0,62.21,0.0,0.0,0.0,0.0,0.0,-4.0,-0.32,0.0,2.0,0.0,80.855,82.318,79.229,74.416,40.254,23.333,32.342,14.0,0.0,79.819,80.736,70.998,66.933,38.76,48.933,31.927,1.68,5.029,83.922,83.744,0.01,NORMAL
421,2026-06-05 09:15:00+00:00,9,4,0.707107,-0.707107,-0.433884,-0.900969,False,False,MORNING,2.0,4.0,8.0,25.0,37.0,178.0,0.0,0.0,0.0,3.36,3.341,82.66,8.33,82.658,83.271,17.34,1.67,11.97,27.41,72.689,68.527,6.93,4.48,15.59,2.05,42.258,0.0,74.533,33.308,False,,0.0,62.296,0.0,0.0,0.0,0.0,0.0,-4.0,-0.16,0.0,3.0,0.0,80.6,81.927,78.749,73.969,42.126,48.933,32.24,16.0,0.0,80.975,81.456,71.632,67.53,39.833,100.0,32.39,3.36,3.426,83.299,83.789,0.0,NORMAL
422,2026-06-05 09:30:00+00:00,9,4,0.707107,-0.707107,-0.433884,-0.900969,False,False,MORNING,2.0,4.0,7.0,26.0,38.0,180.0,0.0,0.0,0.0,3.36,3.15,82.8,8.24,82.795,82.427,17.2,1.76,11.97,27.41,72.81,68.641,6.56,4.49,15.95,1.99,40.921,0.0,74.533,32.971,False,,0.0,62.065,0.0,0.0,0.0,0.0,0.0,-6.0,-0.16,0.0,5.0,0.0,78.998,81.56,71.723,67.616,42.595,23.333,31.599,15.0,0.0,83.117,82.113,72.21,68.075,40.212,100.0,33.247,0.0,5.283,82.172,82.581,0.0,NORMAL
423,2026-06-05 09:45:00+00:00,9,4,0.707107,-0.707107,-0.433884,-0.900969,False,False,MORNING,2.0,4.0,8.0,26.0,40.0,181.0,0.0,0.0,0.0,3.36,2.667,83.01,8.2,83.01,82.015,16.99,1.8,11.43,26.22,76.465,71.952,6.59,4.5,15.91,2.0,41.057,0.0,74.533,32.806,False,,0.0,62.878,0.0,0.0,0.0,0.0,0.0,-2.0,0.0,0.0,8.0,0.0,79.105,81.121,71.337,67.253,39.428,48.933,31.642,14.0,0.0,81.221,81.495,71.666,67.562,43.452,23.333,32.488,1.68,4.443,81.235,81.984,0.0,NORMAL
424,2026-06-05 10:00:00+00:00,10,4,0.5,-0.866025,-0.433884,-0.900969,False,False,MORNING,0.0,2.0,6.0,26.0,38.0,180.0,0.0,0.0,0.0,0.0,3.23,82.32,8.09,82.318,80.855,17.68,1.91,10.94,25.14,79.229,74.416,6.38,4.49,16.13,1.96,40.254,0.0,23.333,32.342,False,,0.0,58.441,0.0,0.0,0.0,0.0,0.0,-2.0,0.0,0.0,7.0,0.0,79.819,80.736,70.998,66.933,38.76,48.933,31.927,19.0,0.0,80.217,81.449,76.719,72.125,41.956,48.933,32.087,8.4,2.787,83.839,83.127,0.32,NORMAL
425,2026-06-05 10:15:00+00:00,10,4,0.5,-0.866025,-0.433884,-0.900969,False,False,MORNING,1.0,1.0,5.0,25.0,37.0,180.0,0.0,0.0,0.0,1.68,3.348,81.93,8.06,81.927,80.6,18.07,1.94,10.95,25.17,78.749,73.969,6.9,4.48,15.63,2.05,42.126,0.0,48.933,32.24,False,,0.0,60.665,0.0,0.0,0.0,0.0,0.0,-3.0,0.0,0.0,7.0,0.0,80.975,81.456,71.632,67.53,39.833,100.0,32.39,22.0,0.0,79.262,80.98,73.359,69.077,42.876,23.333,31.705,0.0,3.875,83.102,82.232,0.0,NORMAL
426,2026-06-05 10:30:00+00:00,10,4,0.5,-0.866025,-0.433884,-0.900969,False,False,MORNING,0.0,1.0,3.0,23.0,35.0,180.0,0.0,0.0,0.0,0.0,2.108,81.56,7.9,81.56,78.998,18.44,2.1,11.97,27.41,71.723,67.616,7.05,4.45,15.5,2.07,42.595,0.0,23.333,31.599,False,,0.0,56.397,0.0,0.0,0.0,0.0,0.0,-4.0,0.0,0.0,4.0,0.0,83.117,82.113,72.21,68.075,40.212,100.0,33.247,24.0,0.0,80.207,81.487,79.893,74.979,42.184,100.0,32.083,0.0,4.181,81.557,81.341,0.0,NORMAL
427,2026-06-05 10:45:00+00:00,10,4,0.5,-0.866025,-0.433884,-0.900969,False,False,MORNING,1.0,1.0,2.0,20.0,35.0,177.0,0.0,0.0,0.0,1.68,3.392,81.12,7.91,81.121,79.105,18.88,2.09,11.97,27.41,71.337,67.253,6.22,4.43,16.35,1.92,39.428,0.0,48.933,31.642,False,,0.0,58.251,0.0,0.0,0.0,0.0,0.0,-6.0,0.0,0.0,4.0,0.0,81.221,81.495,71.666,67.562,43.452,23.333,32.488,24.0,0.0,81.581,81.675,71.825,67.712,42.0,100.0,32.632,3.36,2.898,81.525,81.46,0.0,NORMAL
428,2026-06-05 11:00:00+00:00,11,4,0.258819,-0.965926,-0.433884,-0.900969,False,False,MORNING,1.0,2.0,3.0,17.0,36.0,176.0,0.0,0.0,0.0,1.68,2.936,80.74,7.98,80.736,79.819,19.26,2.02,11.97,27.41,70.998,66.933,6.04,4.42,16.53,1.88,38.76,0.0,48.933,31.927,False,,0.0,58.17,0.0,0.0,0.0,0.0,0.0,-3.0,0.0,0.0,7.0,0.0,80.217,81.449,76.719,72.125,41.956,48.933,32.087,24.0,0.0,82.51,82.165,72.255,68.118,42.992,100.0,33.004,3.36,2.63,81.982,81.597,0.0,NORMAL
429,2026-06-05 11:15:00+00:00,11,4,0.258819,-0.965926,-0.433884,-0.900969,False,False,MORNING,3.0,4.0,5.0,18.0,39.0,178.0,0.0,0.0,0.0,5.04,1.696,81.46,8.1,81.456,80.975,18.54,1.9,11.97,27.41,71.632,67.53,6.33,4.43,16.25,1.94,39.833,0.0,100.0,32.39,False,,0.0,63.4,0.0,0.0,0.0,0.0,0.0,0.0,0.0,0.0,9.0,0.0,79.262,80.98,73.359,69.077,42.876,23.333,31.705,22.0,0.0,82.229,82.641,72.674,68.513,42.644,74.533,32.892,3.36,2.47,82.555,81.762,0.0,NORMAL
430,2026-06-05 11:30:00+00:00,11,4,0.258819,-0.965926,-0.433884,-0.900969,False,False,MORNING,3.0,6.0,8.0,18.0,41.0,178.0,0.0,0.0,0.0,5.04,1.555,82.11,8.31,82.113,83.117,17.89,1.69,11.97,27.41,72.21,68.075,6.4,4.46,16.14,1.95,40.212,0.0,100.0,33.247,False,,0.0,64.142,0.0,0.0,0.0,0.0,0.0,5.0,0.0,0.0,11.0,0.0,80.207,81.487,79.893,74.979,42.184,100.0,32.083,22.0,0.0,81.553,82.748,72.768,68.601,43.127,74.533,32.621,1.68,3.663,81.911,81.33,0.0,NORMAL
431,2026-06-05 11:45:00+00:00,11,4,0.258819,-0.965926,-0.433884,-0.900969,False,False,MORNING,0.0,3.0,7.0,17.0,38.0,177.0,0.0,0.0,0.0,0.0,3.234,81.49,8.12,81.495,81.221,18.51,1.88,11.97,27.41,71.666,67.562,7.27,4.46,15.27,2.11,43.452,0.0,23.333,32.488,False,,0.0,56.891,0.0,0.0,0.0,0.0,0.0,5.0,0.0,0.0,10.0,0.0,81.581,81.675,71.825,67.712,42.0,100.0,32.632,20.0,0.0,84.334,83.532,78.164,73.503,44.582,100.0,33.734,3.36,3.246,82.305,81.32,0.0,NORMAL
432,2026-06-05 12:00:00+00:00,12,4,0.0,-1.0,-0.433884,-0.900969,False,False,MORNING,1.0,1.0,7.0,16.0,39.0,175.0,0.0,0.0,0.0,1.68,2.262,81.45,8.02,81.449,80.217,18.55,1.98,11.18,25.67,76.719,72.125,6.88,4.45,15.67,2.04,41.956,0.0,48.933,32.087,False,,0.0,60.003,0.0,0.0,0.0,0.0,0.0,4.0,0.0,0.0,12.0,0.0,82.51,82.165,72.255,68.118,42.992,100.0,33.004,16.0,0.0,84.441,84.262,100.0,100.0,45.444,100.0,33.776,1.68,2.488,82.152,81.133,0.0,NORMAL
433,2026-06-05 12:15:00+00:00,12,4,0.0,-1.0,-0.433884,-0.900969,False,False,MORNING,0.0,1.0,4.0,14.0,39.0,173.0,0.0,0.0,0.0,0.0,2.258,80.98,7.93,80.98,79.262,19.02,2.07,11.62,26.64,73.359,69.077,7.15,4.43,15.42,2.08,42.876,0.0,23.333,31.705,False,,0.0,56.719,0.0,0.0,0.0,0.0,0.0,-1.0,0.0,0.0,13.0,0.0,82.229,82.641,72.674,68.513,42.644,74.533,32.892,17.0,0.0,83.132,84.548,100.0,97.737,44.678,77.758,33.253,3.36,1.858,82.201,81.503,0.0,NORMAL
434,2026-06-05 12:30:00+00:00,12,4,0.0,-1.0,-0.433884,-0.900969,False,False,MORNING,3.0,3.0,4.0,15.0,41.0,172.0,0.0,0.0,0.0,5.04,2.636,81.49,8.02,81.487,80.207,18.51,1.98,10.74,24.7,79.893,74.979,6.96,4.43,15.61,2.05,42.184,0.0,100.0,32.083,False,,0.0,65.35,0.0,0.0,0.0,0.0,0.0,-4.0,0.0,0.0,13.0,0.0,81.553,82.748,72.768,68.601,43.127,74.533,32.621,15.0,0.0,84.221,84.513,86.706,82.464,45.412,100.0,33.688,5.04,3.088,83.282,81.883,0.0,NORMAL
435,2026-06-05 12:45:00+00:00,12,4,0.0,-1.0,-0.433884,-0.900969,False,False,MORNING,3.0,6.0,7.0,16.0,42.0,174.0,0.0,0.0,0.0,5.04,3.736,81.68,8.16,81.675,81.581,18.32,1.84,11.97,27.41,71.825,67.712,6.9,4.44,15.66,2.04,42.0,0.0,100.0,32.632,False,,0.0,63.809,0.0,0.0,0.0,0.0,0.0,0.0,0.0,0.0,14.0,0.0,84.334,83.532,78.164,73.503,44.582,100.0,33.734,12.0,0.0,85.462,84.427,89.23,84.785,46.749,100.0,34.185,3.36,3.163,83.451,81.915,0.0,NORMAL
436,2026-06-05 13:00:00+00:00,13,4,-0.258819,-0.965926,-0.433884,-0.900969,False,False,MORNING,3.0,6.0,9.0,19.0,45.0,173.0,0.0,0.0,0.0,5.04,2.709,82.17,8.25,82.165,82.51,17.83,1.75,11.97,27.41,72.255,68.118,7.15,4.46,15.39,2.09,42.992,0.0,100.0,33.004,False,,0.0,64.292,0.0,0.0,0.0,0.0,0.0,2.0,0.0,0.0,12.0,0.0,84.441,84.262,100.0,100.0,45.444,100.0,33.776,11.0,0.0,83.922,83.744,85.917,81.713,46.818,48.983,33.569,5.04,3.578,84.93,82.133,0.0,NORMAL
437,2026-06-05 13:15:00+00:00,13,4,-0.258819,-0.965926,-0.433884,-0.900969,False,False,MORNING,2.0,5.0,11.0,20.0,45.0,172.0,0.0,0.0,0.0,3.36,1.567,82.64,8.22,82.641,82.229,17.36,1.78,11.97,27.41,72.674,68.513,7.04,4.47,15.49,2.07,42.644,0.0,74.533,32.892,False,,0.0,62.115,0.0,0.0,0.0,0.0,0.0,7.0,0.0,0.0,9.0,0.0,83.132,84.548,100.0,97.737,44.678,77.758,33.253,12.0,0.0,83.299,83.789,96.513,91.443,47.156,74.533,33.32,3.36,2.323,84.084,82.477,0.0,NORMAL
438,2026-06-05 13:30:00+00:00,13,4,-0.258819,-0.965926,-0.433884,-0.900969,False,False,MORNING,2.0,4.0,10.0,22.0,45.0,171.0,0.0,0.0,0.0,3.36,3.205,82.75,8.16,82.748,81.553,17.25,1.84,11.97,27.41,72.768,68.601,7.17,4.47,15.36,2.1,43.127,0.0,74.533,32.621,False,,0.0,62.069,0.0,0.0,0.0,0.0,0.0,6.0,0.0,0.0,9.0,0.0,84.221,84.513,86.706,82.464,45.412,100.0,33.688,12.0,0.0,82.172,82.581,84.725,80.579,47.601,23.333,32.869,3.36,4.096,83.072,82.394,0.0,NORMAL
439,2026-06-05 13:45:00+00:00,13,4,-0.258819,-0.965926,-0.433884,-0.900969,False,False,MORNING,5.0,7.0,12.0,26.0,46.0,174.0,0.0,0.0,0.0,8.4,4.152,83.53,8.43,83.532,84.334,16.47,1.57,11.25,25.83,78.164,73.503,7.53,4.51,14.96,2.17,44.582,0.32,100.0,33.734,False,,0.0,66.456,0.0,0.0,0.0,0.0,0.0,5.0,0.32,0.08,6.0,0.0,85.462,84.427,89.23,84.785,46.749,100.0,34.185,13.0,0.0,81.235,81.984,84.112,79.996,45.871,48.933,32.494,5.04,3.22,83.971,82.759,0.0,NORMAL
440,2026-06-05 14:00:00+00:00,14,4,-0.5,-0.866025,-0.433884,-0.900969,False,False,EVENING,4.0,9.0,13.0,29.0,46.0,176.0,0.0,0.0,0.0,6.72,3.755,84.26,8.44,84.262,84.441,15.74,1.56,7.72,17.7,100.0,100.0,7.74,4.53,14.73,2.21,45.444,0.48,100.0,33.776,False,,0.0,72.516,0.0,0.0,0.0,0.0,0.0,4.0,0.48,0.12,4.0,0.0,83.922,83.744,85.917,81.713,46.818,48.983,33.569,14.0,0.0,83.839,83.127,85.285,81.112,47.159,100.0,33.536,1.68,1.498,83.1,82.892,0.0,MODERATE
441,2026-06-05 14:15:00+00:00,14,4,-0.5,-0.866025,-0.433884,-0.900969,False,False,EVENING,2.0,6.0,13.0,28.0,46.0,174.0,0.0,0.0,0.0,3.36,2.741,84.55,8.31,84.548,83.132,15.45,1.69,8.61,19.66,100.0,97.737,7.52,4.54,14.94,2.17,44.678,0.32,77.758,33.253,False,,0.0,69.975,0.0,0.0,0.0,0.0,0.0,2.0,0.32,0.08,8.0,0.0,83.299,83.789,96.513,91.443,47.156,74.533,33.32,10.0,0.0,83.102,82.232,84.367,80.238,46.666,23.333,33.241,3.36,4.502,82.238,82.693,0.0,NORMAL
442,2026-06-05 14:30:00+00:00,14,4,-0.5,-0.866025,-0.433884,-0.900969,False,False,EVENING,3.0,5.0,14.0,28.0,46.0,173.0,0.0,0.0,0.0,5.04,4.744,84.51,8.42,84.513,84.221,15.49,1.58,10.26,23.29,86.706,82.464,7.7,4.56,14.74,2.21,45.412,0.32,100.0,33.688,False,,0.0,68.825,0.0,0.0,0.0,0.0,0.0,4.0,0.32,0.08,6.0,0.0,82.172,82.581,84.725,80.579,47.601,23.333,32.869,12.0,0.0,81.557,81.341,83.559,79.467,45.769,23.333,32.623,5.04,4.341,82.662,82.825,0.0,NORMAL
443,2026-06-05 14:45:00+00:00,14,4,-0.5,-0.866025,-0.433884,-0.900969,False,False,EVENING,3.0,6.0,12.0,31.0,48.0,173.0,0.0,0.0,0.0,5.04,4.887,84.43,8.55,84.427,85.462,15.57,1.45,9.96,22.63,89.23,84.785,8.03,4.59,14.38,2.27,46.749,0.32,100.0,34.185,False,,0.0,69.756,0.0,0.0,0.0,0.0,0.0,0.0,0.0,0.08,6.0,0.0,81.235,81.984,84.112,79.996,45.871,48.933,32.494,15.0,0.0,81.525,81.46,83.574,79.485,46.991,74.533,32.61,1.68,3.949,81.552,82.369,0.0,NORMAL
444,2026-06-05 15:00:00+00:00,15,4,-0.707107,-0.707107,-0.433884,-0.900969,False,False,EVENING,1.0,4.0,9.0,31.0,47.0,174.0,0.0,0.0,0.0,1.68,5.029,83.74,8.39,83.744,83.922,16.26,1.61,10.26,23.29,85.917,81.713,8.05,4.59,14.36,2.28,46.818,0.01,48.983,33.569,False,,0.0,63.946,0.0,0.0,0.0,0.0,0.0,-4.0,-0.47,0.002,7.0,0.0,83.839,83.127,85.285,81.112,47.159,100.0,33.536,15.0,0.0,81.982,81.597,83.715,79.618,44.379,74.533,32.793,3.36,4.373,81.292,82.142,0.0,NORMAL
445,2026-06-05 15:15:00+00:00,15,4,-0.707107,-0.707107,-0.433884,-0.900969,False,False,EVENING,2.0,3.0,9.0,33.0,47.0,176.0,0.0,0.0,0.0,3.36,3.426,83.79,8.33,83.789,83.299,16.21,1.67,9.14,20.82,96.513,91.443,8.14,4.59,14.27,2.29,47.156,0.0,74.533,33.32,False,,0.0,68.6,0.0,0.0,0.0,0.0,0.0,-4.0,-0.32,0.0,4.0,0.0,83.102,82.232,84.367,80.238,46.666,23.333,33.241,16.0,0.0,82.555,81.762,83.884,79.779,44.259,74.533,33.022,0.0,1.692,80.308,81.817,0.0,NORMAL
446,2026-06-05 15:30:00+00:00,15,4,-0.707107,-0.707107,-0.433884,-0.900969,False,False,EVENING,0.0,2.0,6.0,30.0,45.0,174.0,0.0,0.0,0.0,0.0,5.283,82.58,8.22,82.581,82.172,17.42,1.78,10.26,23.29,84.725,80.579,8.28,4.58,14.15,2.31,47.601,0.0,23.333,32.869,False,,0.0,60.823,0.0,0.0,0.0,0.0,0.0,-8.0,-0.32,0.0,6.0,0.0,81.557,81.341,83.559,79.467,45.769,23.333,32.623,16.0,0.0,81.911,81.33,83.441,79.359,44.548,48.933,32.764,1.68,3.456,79.77,81.427,0.0,NORMAL
447,2026-06-05 15:45:00+00:00,15,4,-0.707107,-0.707107,-0.433884,-0.900969,False,False,EVENING,1.0,1.0,4.0,28.0,44.0,169.0,0.0,0.0,0.0,1.68,4.443,81.98,8.12,81.984,81.235,18.02,1.88,10.26,23.29,84.112,79.996,7.83,4.56,14.61,2.23,45.871,0.0,48.933,32.494,False,,0.0,62.509,0.0,0.0,0.0,0.0,0.0,-8.0,-0.32,0.0,7.0,0.0,81.525,81.46,83.574,79.485,46.991,74.533,32.61,17.0,0.0,82.305,81.32,83.43,79.348,42.891,74.533,32.922,0.0,1.559,78.243,81.19,0.0,NORMAL
448,2026-06-05 16:00:00+00:00,16,4,-0.866025,-0.5,-0.433884,-0.900969,False,False,EVENING,5.0,6.0,8.0,30.0,49.0,172.0,0.0,0.0,0.0,8.4,2.787,83.13,8.38,83.127,83.839,16.87,1.62,10.26,23.29,85.285,81.112,8.17,4.57,14.27,2.29,47.159,0.32,100.0,33.536,False,,0.0,68.268,0.0,0.0,0.0,0.0,0.0,-1.0,0.31,0.08,7.0,0.0,81.982,81.597,83.715,79.618,44.379,74.533,32.793,18.0,0.0,82.152,81.133,100.0,97.618,41.496,48.933,32.861,3.36,4.086,78.682,80.965,0.0,NORMAL
449,2026-06-05 16:15:00+00:00,16,4,-0.866025,-0.5,-0.433884,-0.900969,False,False,EVENING,0.0,5.0,6.0,28.0,48.0,171.0,0.0,0.0,0.0,0.0,3.875,82.23,8.31,82.232,83.102,17.77,1.69,10.26,23.29,84.367,80.238,8.03,4.57,14.4,2.27,46.666,0.0,23.333,33.241,False,,0.0,60.764,0.0,0.0,0.0,0.0,0.0,-3.0,0.0,0.0,6.0,0.0,82.555,81.762,83.884,79.779,44.259,74.533,33.022,18.0,0.0,82.201,81.503,83.619,79.527,42.135,74.533,32.88,5.04,2.087,79.668,81.604,0.0,NORMAL
450,2026-06-05 16:30:00+00:00,16,4,-0.866025,-0.5,-0.433884,-0.900969,False,False,EVENING,0.0,0.0,6.0,26.0,48.0,165.0,0.0,0.0,0.0,0.0,4.181,81.34,8.16,81.341,81.557,18.66,1.84,10.25,23.26,83.559,79.467,7.81,4.55,14.64,2.22,45.769,0.0,23.333,32.623,False,,0.0,59.989,0.0,0.0,0.0,0.0,0.0,0.0,0.0,0.0,6.0,0.0,81.911,81.33,83.441,79.359,44.548,48.933,32.764,18.0,0.0,83.282,81.883,84.009,79.898,42.423,100.0,33.313,0.0,2.829,78.62,81.002,0.0,NORMAL
451,2026-06-05 16:45:00+00:00,16,4,-0.866025,-0.5,-0.433884,-0.900969,False,False,EVENING,2.0,2.0,7.0,23.0,49.0,165.0,0.0,0.0,0.0,3.36,2.898,81.46,8.15,81.46,81.525,18.54,1.85,10.26,23.29,83.574,79.485,8.15,4.54,14.31,2.28,46.991,0.0,74.533,32.61,False,,0.0,64.73,0.0,0.0,0.0,0.0,0.0,3.0,0.0,0.0,8.0,0.0,82.305,81.32,83.43,79.348,42.891,74.533,32.922,18.0,0.0,83.451,81.915,84.042,79.929,42.723,74.533,33.381,1.68,2.65,79.334,80.688,0.0,NORMAL
452,2026-06-05 17:00:00+00:00,17,4,-0.965926,-0.258819,-0.433884,-0.900969,False,False,EVENING,2.0,4.0,4.0,21.0,50.0,161.0,0.0,0.0,0.0,3.36,2.63,81.6,8.2,81.597,81.982,18.4,1.8,10.26,23.29,83.715,79.618,7.45,4.53,15.02,2.16,44.379,0.0,74.533,32.793,False,,0.0,64.65,0.0,0.0,0.0,0.0,0.0,-4.0,-0.32,0.0,8.0,0.0,82.152,81.133,100.0,97.618,41.496,48.933,32.861,17.0,0.0,84.93,82.133,84.265,80.142,42.14,100.0,33.972,1.68,3.186,79.549,80.29,0.0,NORMAL
453,2026-06-05 17:15:00+00:00,17,4,-0.965926,-0.258819,-0.433884,-0.900969,False,False,EVENING,2.0,4.0,6.0,21.0,49.0,163.0,0.0,0.0,0.0,3.36,2.47,81.76,8.26,81.762,82.555,18.24,1.74,10.26,23.29,83.884,79.779,7.42,4.53,15.05,2.15,44.259,0.0,74.533,33.022,False,,0.0,64.829,0.0,0.0,0.0,0.0,0.0,0.0,0.0,0.0,10.0,0.0,82.201,81.503,83.619,79.527,42.135,74.533,32.88,16.0,0.0,84.084,82.477,84.618,80.477,41.656,74.533,33.634,3.36,1.526,80.685,80.635,0.0,NORMAL
454,2026-06-05 17:30:00+00:00,17,4,-0.965926,-0.258819,-0.433884,-0.900969,False,False,EVENING,1.0,3.0,7.0,19.0,47.0,162.0,0.0,0.0,0.0,1.68,3.663,81.33,8.19,81.33,81.911,18.67,1.81,10.26,23.29,83.441,79.359,7.5,4.53,14.97,2.17,44.548,0.0,48.933,32.764,False,,0.0,62.224,0.0,0.0,0.0,0.0,0.0,1.0,0.0,0.0,10.0,0.0,83.282,81.883,84.009,79.898,42.423,100.0,33.313,14.0,0.0,83.072,82.394,91.988,87.249,40.508,74.533,33.229,5.04,2.408,82.827,81.079,0.0,NORMAL
455,2026-06-05 17:45:00+00:00,17,4,-0.965926,-0.258819,-0.433884,-0.900969,False,False,EVENING,2.0,3.0,7.0,18.0,49.0,163.0,0.0,0.0,0.0,3.36,3.246,81.32,8.23,81.32,82.305,18.68,1.77,10.26,23.29,83.43,79.348,7.05,4.53,15.42,2.08,42.891,0.0,74.533,32.922,False,,0.0,64.453,0.0,0.0,0.0,0.0,0.0,0.0,0.0,0.0,9.0,0.0,83.451,81.915,84.042,79.929,42.723,74.533,33.381,13.0,0.0,83.971,82.759,84.908,80.753,40.058,100.0,33.588,1.68,0.742,81.785,81.417,0.0,NORMAL
456,2026-06-05 18:00:00+00:00,18,4,-1.0,-0.0,-0.433884,-0.900969,False,False,EVENING,1.0,3.0,6.0,18.0,49.0,158.0,0.0,0.0,0.0,1.68,2.488,81.13,8.22,81.133,82.152,18.87,1.78,8.26,18.89,100.0,97.618,6.68,4.53,15.8,2.02,41.496,0.0,48.933,32.861,False,,0.0,66.132,0.0,0.0,0.0,0.0,0.0,2.0,0.0,0.0,10.0,0.0,84.93,82.133,84.265,80.142,42.14,100.0,33.972,10.0,0.0,83.1,82.892,93.202,88.379,40.189,48.933,33.24,3.36,3.79,81.96,81.292,0.0,NORMAL
457,2026-06-05 18:15:00+00:00,18,4,-1.0,-0.0,-0.433884,-0.900969,False,False,EVENING,2.0,3.0,6.0,18.0,51.0,154.0,0.0,0.0,0.0,3.36,1.858,81.5,8.22,81.503,82.201,18.5,1.78,10.26,23.29,83.619,79.527,6.85,4.52,15.62,2.05,42.135,0.0,74.533,32.88,False,,0.0,64.448,0.0,0.0,0.0,0.0,0.0,0.0,0.0,0.0,8.0,0.0,84.084,82.477,84.618,80.477,41.656,74.533,33.634,11.0,0.0,82.238,82.693,84.839,80.688,40.964,74.533,32.895,1.68,3.053,82.003,80.945,0.0,NORMAL
458,2026-06-05 18:30:00+00:00,18,4,-1.0,-0.0,-0.433884,-0.900969,False,False,EVENING,3.0,5.0,8.0,21.0,51.0,154.0,0.0,0.0,0.0,5.04,3.088,81.88,8.33,81.883,83.282,18.12,1.67,10.26,23.29,84.009,79.898,6.92,4.54,15.55,2.06,42.423,0.0,100.0,33.313,False,,0.0,67.158,0.0,0.0,0.0,0.0,0.0,1.0,0.0,0.0,8.0,0.0,83.072,82.394,91.988,87.249,40.508,74.533,33.229,12.0,0.0,82.662,82.825,84.975,80.817,40.744,100.0,33.065,0.0,2.831,80.893,80.348,0.0,NORMAL
459,2026-06-05 18:45:00+00:00,18,4,-1.0,-0.0,-0.433884,-0.900969,False,False,EVENING,2.0,5.0,8.0,22.0,50.0,149.0,0.0,0.0,0.0,3.36,3.163,81.92,8.35,81.915,83.451,18.08,1.65,10.26,23.29,84.042,79.929,6.99,4.55,15.46,2.08,42.723,0.0,74.533,33.381,False,,0.0,64.941,0.0,0.0,0.0,0.0,0.0,1.0,0.0,0.0,9.0,0.0,83.971,82.759,84.908,80.753,40.058,100.0,33.588,9.0,0.0,81.552,82.369,84.507,80.372,40.582,48.933,32.621,1.68,1.055,80.49,80.544,0.0,NORMAL
460,2026-06-05 19:00:00+00:00,19,4,-0.965926,0.258819,-0.433884,-0.900969,False,False,EVENING,3.0,5.0,10.0,20.0,50.0,149.0,0.0,0.0,0.0,5.04,3.578,82.13,8.49,82.133,84.93,17.87,1.51,10.26,23.29,84.265,80.142,6.81,4.57,15.62,2.05,42.14,0.0,100.0,33.972,False,,0.0,67.577,0.0,0.0,0.0,0.0,0.0,4.0,0.0,0.0,7.0,0.0,83.1,82.892,93.202,88.379,40.189,48.933,33.24,9.0,0.0,81.292,82.142,84.274,80.15,41.894,74.533,32.517,5.04,2.321,82.193,81.054,0.0,NORMAL
461,2026-06-05 19:15:00+00:00,19,4,-0.965926,0.258819,-0.433884,-0.900969,False,False,EVENING,2.0,5.0,10.0,22.0,50.0,151.0,0.0,0.0,0.0,3.36,2.323,82.48,8.41,82.477,84.084,17.52,1.59,10.26,23.29,84.618,80.477,6.66,4.58,15.75,2.02,41.656,0.0,74.533,33.634,False,,0.0,65.23,0.0,0.0,0.0,0.0,0.0,4.0,0.0,0.0,8.0,0.0,82.238,82.693,84.839,80.688,40.964,74.533,32.895,8.0,0.0,80.308,81.817,83.941,79.834,42.39,23.333,32.123,0.0,1.763,81.025,80.73,0.0,NORMAL
462,2026-06-05 19:30:00+00:00,19,4,-0.965926,0.258819,-0.433884,-0.900969,False,False,EVENING,2.0,4.0,9.0,24.0,50.0,148.0,0.0,0.0,0.0,3.36,4.096,82.39,8.31,82.394,83.072,17.61,1.69,9.43,21.46,91.988,87.249,6.36,4.58,16.06,1.97,40.508,0.0,74.533,33.229,False,,0.0,66.603,0.0,0.0,0.0,0.0,0.0,1.0,0.0,0.0,6.0,0.0,82.662,82.825,84.975,80.817,40.744,100.0,33.065,10.0,0.0,79.77,81.427,83.541,79.453,40.857,48.933,31.908,3.36,0.762,80.956,81.386,0.0,NORMAL
463,2026-06-05 19:45:00+00:00,19,4,-0.965926,0.258819,-0.433884,-0.900969,False,False,EVENING,3.0,5.0,10.0,25.0,48.0,150.0,0.0,0.0,0.0,5.04,3.22,82.76,8.4,82.759,83.971,17.24,1.6,10.26,23.29,84.908,80.753,6.23,4.59,16.18,1.95,40.058,0.0,100.0,33.588,False,,0.0,67.486,0.0,0.0,0.0,0.0,0.0,2.0,0.0,0.0,4.0,0.0,81.552,82.369,84.507,80.372,40.582,48.933,32.621,12.0,0.0,78.243,81.19,83.297,79.222,42.11,23.333,31.297,0.0,2.71,79.486,80.856,0.0,NORMAL
464,2026-06-05 20:00:00+00:00,20,4,-0.866025,0.5,-0.433884,-0.900969,False,False,EVENING,1.0,4.0,8.0,24.0,45.0,149.0,0.0,0.0,0.0,1.68,1.498,82.89,8.31,82.892,83.1,17.11,1.69,9.36,21.32,93.202,88.379,6.27,4.58,16.15,1.95,40.189,0.0,48.933,33.24,False,,0.0,64.667,0.0,0.0,0.0,0.0,0.0,-2.0,0.0,0.0,3.0,0.0,81.292,82.142,84.274,80.15,41.894,74.533,32.517,13.0,0.0,78.682,80.965,100.0,100.0,43.452,74.533,31.473,0.0,2.967,78.782,80.185,0.0,NORMAL
465,2026-06-05 20:15:00+00:00,20,4,-0.866025,0.5,-0.433884,-0.900969,False,False,EVENING,2.0,3.0,8.0,24.0,45.0,146.0,0.0,0.0,0.0,3.36,4.502,82.69,8.22,82.693,82.238,17.31,1.78,10.26,23.29,84.839,80.688,6.49,4.57,15.94,1.99,40.964,0.0,74.533,32.895,False,,0.0,64.898,0.0,0.0,0.0,0.0,0.0,-2.0,0.0,0.0,3.0,0.0,80.308,81.817,83.941,79.834,42.39,23.333,32.123,13.0,0.0,79.668,81.604,100.0,100.0,43.292,100.0,31.867,1.68,1.961,78.739,80.119,0.0,NORMAL
466,2026-06-05 20:30:00+00:00,20,4,-0.866025,0.5,-0.433884,-0.900969,False,False,EVENING,3.0,5.0,9.0,26.0,45.0,148.0,0.0,0.0,0.0,5.04,4.341,82.83,8.27,82.825,82.662,17.17,1.73,10.26,23.29,84.975,80.817,6.43,4.57,16.0,1.98,40.744,0.0,100.0,33.065,False,,0.0,67.316,0.0,0.0,0.0,0.0,0.0,0.0,0.0,0.0,6.0,0.0,79.77,81.427,83.541,79.453,40.857,48.933,31.908,11.0,0.0,78.62,81.002,100.0,100.0,45.191,23.333,31.448,1.68,3.226,79.161,79.69,0.0,NORMAL
467,2026-06-05 20:45:00+00:00,20,4,-0.866025,0.5,-0.433884,-0.900969,False,False,EVENING,1.0,4.0,7.0,25.0,43.0,144.0,0.0,0.0,0.0,1.68,3.949,82.37,8.16,82.369,81.552,17.63,1.84,10.26,23.29,84.507,80.372,6.41,4.55,16.04,1.97,40.582,0.0,48.933,32.621,False,,0.0,62.273,0.0,0.0,0.0,0.0,0.0,-3.0,0.0,0.0,5.0,0.0,78.243,81.19,83.297,79.222,42.11,23.333,31.297,11.0,0.0,79.334,80.688,100.0,100.0,45.783,48.933,31.734,0.0,0.901,78.443,79.537,0.0,NORMAL
468,2026-06-05 21:00:00+00:00,21,4,-0.707107,0.707107,-0.433884,-0.900969,False,False,EVENING,2.0,3.0,8.0,26.0,44.0,146.0,0.0,0.0,0.0,3.36,4.373,82.14,8.13,82.142,81.292,17.86,1.87,10.26,23.29,84.274,80.15,6.78,4.53,15.69,2.04,41.894,0.0,74.533,32.517,False,,0.0,64.539,0.0,0.0,0.0,0.0,0.0,0.0,0.0,0.0,6.0,0.0,78.682,80.965,100.0,100.0,43.452,74.533,31.473,11.0,0.0,79.549,80.29,100.0,100.0,43.598,48.933,31.82,3.36,2.94,78.961,79.59,0.0,NORMAL
469,2026-06-05 21:15:00+00:00,21,4,-0.707107,0.707107,-0.433884,-0.900969,False,False,EVENING,0.0,2.0,6.0,24.0,42.0,145.0,0.0,0.0,0.0,0.0,1.692,81.82,8.03,81.817,80.308,18.18,1.97,10.26,23.29,83.941,79.834,6.93,4.51,15.55,2.06,42.39,0.0,23.333,32.123,False,,0.0,59.629,0.0,0.0,0.0,0.0,0.0,-2.0,0.0,0.0,5.0,0.0,79.668,81.604,100.0,100.0,43.292,100.0,31.867,13.0,0.0,80.685,80.635,100.0,100.0,44.375,74.533,32.274,1.68,2.116,78.437,79.533,0.0,NORMAL
470,2026-06-05 21:30:00+00:00,21,4,-0.707107,0.707107,-0.433884,-0.900969,False,False,EVENING,1.0,1.0,4.0,22.0,43.0,145.0,0.0,0.0,0.0,1.68,3.456,81.43,7.98,81.427,79.77,18.57,2.02,10.26,23.29,83.541,79.453,6.55,4.49,15.97,1.99,40.857,0.0,48.933,31.908,False,,0.0,61.508,0.0,0.0,0.0,0.0,0.0,-5.0,0.0,0.0,4.0,0.0,78.62,81.002,100.0,100.0,45.191,23.333,31.448,11.0,0.0,82.827,81.079,100.0,100.0,43.92,100.0,33.131,0.0,2.08,77.885,79.068,0.0,NORMAL
471,2026-06-05 21:45:00+00:00,21,4,-0.707107,0.707107,-0.433884,-0.900969,False,False,EVENING,0.0,1.0,3.0,20.0,42.0,144.0,0.0,0.0,0.0,0.0,1.559,81.19,7.82,81.19,78.243,18.81,2.18,10.26,23.29,83.297,79.222,6.92,4.45,15.63,2.05,42.11,0.0,23.333,31.297,False,,0.0,58.903,0.0,0.0,0.0,0.0,0.0,-4.0,0.0,0.0,7.0,0.0,79.334,80.688,100.0,100.0,45.783,48.933,31.734,10.0,0.0,81.785,81.417,100.0,100.0,41.826,48.933,32.714,3.36,1.637,78.737,79.414,0.0,NORMAL
472,2026-06-05 22:00:00+00:00,22,4,-0.5,0.866025,-0.433884,-0.900969,False,False,NIGHT,2.0,2.0,3.0,19.0,39.0,143.0,0.0,0.0,0.0,3.36,4.086,80.96,7.87,80.965,78.682,19.04,2.13,6.27,17.99,100.0,100.0,7.31,4.43,15.27,2.11,43.452,0.0,74.533,31.473,False,,0.0,68.167,0.0,0.0,0.0,0.0,0.0,-5.0,0.0,0.0,7.0,0.0,79.549,80.29,100.0,100.0,43.598,48.933,31.82,9.0,0.0,81.96,81.292,100.0,100.0,43.353,57.867,32.784,0.0,2.362,78.138,78.883,0.0,NORMAL
473,2026-06-05 22:15:00+00:00,22,4,-0.5,0.866025,-0.433884,-0.900969,False,False,NIGHT,3.0,5.0,6.0,20.0,42.0,146.0,0.0,0.0,0.0,5.04,2.087,81.6,7.97,81.604,79.668,18.4,2.03,6.0,17.4,100.0,100.0,7.27,4.42,15.31,2.1,43.292,0.0,100.0,31.867,False,,0.0,70.783,0.0,0.0,0.0,0.0,0.0,0.0,0.0,0.0,8.0,0.0,80.685,80.635,100.0,100.0,44.375,74.533,32.274,7.0,0.0,82.003,80.945,100.0,100.0,44.773,32.267,32.801,0.0,0.063,76.576,79.024,0.0,MODERATE
474,2026-06-05 22:30:00+00:00,22,4,-0.5,0.866025,-0.433884,-0.900969,False,False,NIGHT,0.0,3.0,5.0,18.0,42.0,145.0,0.0,0.0,0.0,0.0,2.829,81.0,7.86,81.002,78.62,19.0,2.14,4.36,13.78,100.0,100.0,7.8,4.4,14.8,2.2,45.191,0.0,23.333,31.448,False,,0.0,63.712,0.0,0.0,0.0,0.0,0.0,1.0,0.0,0.0,7.0,0.0,82.827,81.079,100.0,100.0,43.92,100.0,33.131,7.0,0.0,80.893,80.348,100.0,100.0,42.787,8.0,32.357,1.68,2.641,77.072,78.734,0.0,NORMAL
475,2026-06-05 22:45:00+00:00,22,4,-0.5,0.866025,-0.433884,-0.900969,False,False,NIGHT,1.0,1.0,6.0,16.0,41.0,143.0,0.0,0.0,0.0,1.68,2.65,80.69,7.93,80.688,79.334,19.31,2.07,6.27,17.99,100.0,100.0,7.97,4.39,14.64,2.23,45.783,0.0,48.933,31.734,False,,0.0,66.143,0.0,0.0,0.0,0.0,0.0,3.0,0.0,0.0,4.0,0.0,81.785,81.417,100.0,100.0,41.826,48.933,32.714,8.0,0.0,80.49,80.544,100.0,100.0,41.732,32.267,32.196,0.0,2.167,77.037,78.196,0.0,NORMAL
476,2026-06-05 23:00:00+00:00,23,4,-0.258819,0.965926,-0.433884,-0.900969,False,False,NIGHT,1.0,2.0,5.0,16.0,40.0,144.0,0.0,0.0,0.0,1.68,3.186,80.29,7.95,80.29,79.549,19.71,2.05,6.27,17.99,100.0,100.0,7.38,4.39,15.23,2.12,43.598,0.0,48.933,31.82,False,,0.0,65.901,0.0,0.0,0.0,0.0,0.0,2.0,0.0,0.0,4.0,0.0,81.96,81.292,100.0,100.0,43.353,57.867,32.784,7.0,0.0,82.193,81.054,100.0,100.0,42.486,83.467,32.877,3.36,3.353,77.106,78.191,0.0,NORMAL
477,2026-06-05 23:15:00+00:00,23,4,-0.258819,0.965926,-0.433884,-0.900969,False,False,NIGHT,2.0,3.0,4.0,16.0,40.0,145.0,0.0,0.0,0.0,3.36,1.526,80.63,8.07,80.635,80.685,19.37,1.93,6.27,17.99,100.0,100.0,7.58,4.4,15.02,2.16,44.375,0.0,74.533,32.274,False,,0.0,68.578,0.0,0.0,0.0,0.0,0.0,-2.0,0.0,0.0,5.0,0.0,82.003,80.945,100.0,100.0,44.773,32.267,32.801,6.0,0.0,81.025,80.73,100.0,100.0,42.824,8.0,32.41,3.36,2.4,77.744,78.367,0.0,NORMAL
478,2026-06-05 23:30:00+00:00,23,4,-0.258819,0.965926,-0.433884,-0.900969,False,False,NIGHT,3.0,5.0,7.0,16.0,42.0,148.0,0.0,0.0,0.0,5.04,2.408,81.08,8.28,81.079,82.827,18.92,1.72,6.27,17.99,100.0,100.0,7.43,4.43,15.14,2.13,43.92,0.0,100.0,33.131,False,,0.0,71.356,0.0,0.0,0.0,0.0,0.0,2.0,0.0,0.0,4.0,0.0,80.893,80.348,100.0,100.0,42.787,8.0,32.357,7.0,0.0,80.956,81.386,100.0,100.0,43.547,57.867,32.382,0.0,2.656,77.161,77.761,0.0,MODERATE
479,2026-06-05 23:45:00+00:00,23,4,-0.258819,0.965926,-0.433884,-0.900969,False,False,NIGHT,1.0,4.0,7.0,16.0,41.0,148.0,0.0,0.0,0.0,1.68,0.742,81.42,8.18,81.417,81.785,18.58,1.82,5.14,15.5,100.0,100.0,6.85,4.44,15.71,2.03,41.826,0.0,48.933,32.714,False,,0.0,66.437,0.0,0.0,0.0,0.0,0.0,1.0,0.0,0.0,6.0,0.0,80.49,80.544,100.0,100.0,41.732,32.267,32.196,5.0,0.0,79.486,80.856,100.0,100.0,44.006,8.0,31.794,0.0,2.633,76.169,77.202,0.0,NORMAL
480,2026-06-06 00:00:00+00:00,0,5,0.0,1.0,-0.974928,-0.222521,True,False,NIGHT,2.0,3.0,8.0,16.0,42.0,149.0,0.0,0.0,0.0,3.36,3.79,81.29,8.2,81.292,81.96,18.71,1.8,5.95,17.29,100.0,100.0,7.25,4.46,15.29,2.11,43.353,0.0,57.867,32.784,False,,0.0,67.386,0.0,0.0,0.0,0.0,0.0,3.0,0.0,0.0,5.0,0.0,82.193,81.054,100.0,100.0,42.486,83.467,32.877,7.0,0.0,78.782,80.185,100.0,100.0,44.39,8.0,31.513,0.0,0.334,75.806,77.155,0.0,NORMAL
481,2026-06-06 00:15:00+00:00,0,5,0.0,1.0,-0.974928,-0.222521,True,False,NIGHT,1.0,3.0,7.0,17.0,41.0,150.0,0.0,0.0,0.0,1.68,3.053,80.94,8.2,80.945,82.003,19.06,1.8,6.03,17.47,100.0,100.0,7.62,4.47,14.91,2.18,44.773,0.0,32.267,32.801,False,,0.0,65.142,0.0,0.0,0.0,0.0,0.0,3.0,0.0,0.0,2.0,0.0,81.025,80.73,100.0,100.0,42.824,8.0,32.41,7.0,0.0,78.739,80.119,100.0,100.0,44.432,32.267,31.495,0.0,1.591,75.007,76.837,0.0,NORMAL
482,2026-06-06 00:30:00+00:00,0,5,0.0,1.0,-0.974928,-0.222521,True,False,NIGHT,0.0,1.0,4.0,16.0,38.0,149.0,0.0,0.0,0.0,0.0,2.831,80.35,8.09,80.348,80.893,19.65,1.91,6.27,17.99,100.0,100.0,7.09,4.46,15.45,2.08,42.787,0.0,8.0,32.357,False,,0.0,62.426,0.0,0.0,0.0,0.0,0.0,-3.0,0.0,0.0,3.0,0.0,80.956,81.386,100.0,100.0,43.547,57.867,32.382,6.0,0.0,79.161,79.69,100.0,100.0,42.944,32.267,31.664,3.36,2.469,75.812,76.979,0.0,NORMAL
483,2026-06-06 00:45:00+00:00,0,5,0.0,1.0,-0.974928,-0.222521,True,False,NIGHT,1.0,1.0,4.0,17.0,37.0,150.0,0.0,0.0,0.0,1.68,1.055,80.54,8.05,80.544,80.49,19.46,1.95,6.27,17.99,100.0,100.0,6.81,4.46,15.73,2.03,41.732,0.0,32.267,32.196,False,,0.0,64.478,0.0,0.0,0.0,0.0,0.0,-3.0,0.0,0.0,2.0,0.0,79.486,80.856,100.0,100.0,44.006,8.0,31.794,6.0,0.0,78.443,79.537,100.0,100.0,43.068,8.0,31.377,1.68,2.021,76.315,76.844,0.0,NORMAL
484,2026-06-06 01:00:00+00:00,1,5,0.258819,0.965926,-0.974928,-0.222521,True,False,NIGHT,3.0,4.0,5.0,18.0,37.0,152.0,0.0,0.0,0.0,5.04,2.321,81.05,8.22,81.054,82.193,18.95,1.78,4.69,14.51,100.0,100.0,7.0,4.47,15.53,2.06,42.486,0.0,83.467,32.877,False,,0.0,69.606,0.0,0.0,0.0,0.0,0.0,-3.0,0.0,0.0,2.0,0.0,78.782,80.185,100.0,100.0,44.39,8.0,31.513,6.0,0.0,78.961,79.59,100.0,100.0,43.986,57.867,31.584,0.0,2.63,75.345,76.283,0.0,NORMAL
485,2026-06-06 01:15:00+00:00,1,5,0.258819,0.965926,-0.974928,-0.222521,True,False,NIGHT,0.0,3.0,4.0,15.0,35.0,151.0,0.0,0.0,0.0,0.0,1.763,80.73,8.1,80.73,81.025,19.27,1.9,6.27,17.99,100.0,100.0,7.1,4.47,15.44,2.08,42.824,0.0,8.0,32.41,False,,0.0,62.54,0.0,0.0,0.0,0.0,0.0,-3.0,0.0,0.0,4.0,0.0,78.739,80.119,100.0,100.0,44.432,32.267,31.495,6.0,0.0,78.437,79.533,100.0,100.0,42.428,32.267,31.375,3.36,1.241,75.837,76.763,0.0,NORMAL
486,2026-06-06 01:30:00+00:00,1,5,0.258819,0.965926,-0.974928,-0.222521,True,False,NIGHT,2.0,2.0,6.0,17.0,35.0,153.0,0.0,0.0,0.0,3.36,0.762,81.39,8.1,81.386,80.956,18.61,1.9,5.76,16.88,100.0,100.0,7.29,4.46,15.24,2.12,43.547,0.0,57.867,32.382,False,,0.0,67.223,0.0,0.0,0.0,0.0,0.0,2.0,0.0,0.0,4.0,0.0,79.161,79.69,100.0,100.0,42.944,32.267,31.664,7.0,0.0,77.885,79.068,100.0,100.0,43.745,8.0,31.154,0.0,2.946,75.06,76.105,0.0,NORMAL
487,2026-06-06 01:45:00+00:00,1,5,0.258819,0.965926,-0.974928,-0.222521,True,False,NIGHT,0.0,2.0,5.0,16.0,32.0,151.0,0.0,0.0,0.0,0.0,2.71,80.86,7.95,80.856,79.486,19.14,2.05,6.27,17.99,100.0,100.0,7.44,4.45,15.12,2.14,44.006,0.0,8.0,31.794,False,,0.0,62.366,0.0,0.0,0.0,0.0,0.0,1.0,0.0,0.0,3.0,0.0,78.443,79.537,100.0,100.0,43.068,8.0,31.377,7.0,0.0,78.737,79.414,100.0,100.0,43.667,57.867,31.495,0.0,1.741,74.359,75.739,0.0,NORMAL
488,2026-06-06 02:00:00+00:00,2,5,0.5,0.866025,-0.974928,-0.222521,True,False,NIGHT,0.0,0.0,2.0,15.0,31.0,151.0,0.0,0.0,0.0,0.0,2.967,80.18,7.88,80.185,78.782,19.82,2.12,6.27,17.99,100.0,100.0,7.56,4.42,15.01,2.16,44.39,0.0,8.0,31.513,False,,0.0,62.112,0.0,0.0,0.0,0.0,0.0,-3.0,0.0,0.0,5.0,0.0,78.961,79.59,100.0,100.0,43.986,57.867,31.584,5.0,0.0,78.138,78.883,100.0,100.0,44.241,8.0,31.255,3.36,1.858,74.733,76.077,0.0,NORMAL
489,2026-06-06 02:15:00+00:00,2,5,0.5,0.866025,-0.974928,-0.222521,True,False,NIGHT,1.0,1.0,3.0,14.0,30.0,152.0,0.0,0.0,0.0,1.68,1.961,80.12,7.87,80.119,78.739,19.88,2.13,4.0,13.01,100.0,100.0,7.59,4.4,15.0,2.16,44.432,0.0,32.267,31.495,False,,0.0,64.277,0.0,0.0,0.0,0.0,0.0,-1.0,0.0,0.0,3.0,0.0,78.437,79.533,100.0,100.0,42.428,32.267,31.375,5.0,0.0,76.576,79.024,100.0,99.811,44.614,8.0,30.631,3.36,0.906,75.341,76.63,0.0,NORMAL
490,2026-06-06 02:30:00+00:00,2,5,0.5,0.866025,-0.974928,-0.222521,True,False,NIGHT,1.0,2.0,2.0,12.0,28.0,152.0,0.0,0.0,0.0,1.68,3.226,79.69,7.92,79.69,79.161,20.31,2.08,6.14,17.7,100.0,100.0,7.2,4.39,15.41,2.09,42.944,0.0,32.267,31.664,False,,0.0,64.133,0.0,0.0,0.0,0.0,0.0,-4.0,0.0,0.0,2.0,0.0,77.885,79.068,100.0,100.0,43.745,8.0,31.154,5.0,0.0,77.072,78.734,100.0,100.0,44.487,32.267,30.829,1.68,1.896,75.006,76.61,0.0,NORMAL
491,2026-06-06 02:45:00+00:00,2,5,0.5,0.866025,-0.974928,-0.222521,True,False,NIGHT,0.0,1.0,2.0,11.0,27.0,151.0,0.0,0.0,0.0,0.0,0.901,79.54,7.84,79.537,78.443,20.46,2.16,6.27,17.99,100.0,100.0,7.25,4.38,15.37,2.09,43.068,0.0,8.0,31.377,False,,0.0,61.783,0.0,0.0,0.0,0.0,0.0,-3.0,0.0,0.0,3.0,0.0,78.737,79.414,100.0,100.0,43.667,57.867,31.495,6.0,0.0,77.037,78.196,100.0,98.765,45.486,8.0,30.815,5.04,2.914,76.332,77.009,0.0,NORMAL
492,2026-06-06 03:00:00+00:00,3,5,0.707107,0.707107,-0.974928,-0.222521,True,False,NIGHT,2.0,2.0,4.0,11.0,27.0,153.0,0.0,0.0,0.0,3.36,2.94,79.59,7.9,79.59,78.961,20.41,2.1,6.27,17.99,100.0,100.0,7.51,4.37,15.12,2.14,43.986,0.0,57.867,31.584,False,,0.0,66.469,0.0,0.0,0.0,0.0,0.0,2.0,0.0,0.0,1.0,0.0,78.138,78.883,100.0,100.0,44.241,8.0,31.255,7.0,0.0,77.106,78.191,100.0,100.0,45.377,57.867,30.842,6.72,1.816,77.715,78.096,0.06,NORMAL
493,2026-06-06 03:15:00+00:00,3,5,0.707107,0.707107,-0.974928,-0.222521,True,False,NIGHT,1.0,3.0,4.0,11.0,28.0,154.0,0.0,0.0,0.0,1.68,2.116,79.53,7.84,79.533,78.437,20.47,2.16,5.78,16.92,100.0,100.0,7.1,4.36,15.54,2.06,42.428,0.0,32.267,31.375,False,,0.0,63.907,0.0,0.0,0.0,0.0,0.0,1.0,0.0,0.0,3.0,0.0,76.576,79.024,100.0,99.811,44.614,8.0,30.631,5.0,0.0,77.744,78.367,100.0,98.981,43.983,57.867,31.098,0.0,2.303,76.868,77.605,0.0,NORMAL
494,2026-06-06 03:30:00+00:00,3,5,0.707107,0.707107,-0.974928,-0.222521,True,False,NIGHT,0.0,1.0,3.0,11.0,27.0,153.0,0.0,0.0,0.0,0.0,2.08,79.07,7.79,79.068,77.885,20.93,2.21,5.6,16.52,100.0,100.0,7.47,4.34,15.19,2.13,43.745,0.0,8.0,31.154,False,,0.0,61.629,0.0,0.0,0.0,0.0,0.0,1.0,0.0,0.0,5.0,0.0,77.072,78.734,100.0,100.0,44.487,32.267,30.829,5.0,0.0,77.161,77.761,100.0,100.0,44.952,8.0,30.864,6.72,2.418,79.427,78.425,0.06,NORMAL
495,2026-06-06 03:45:00+00:00,3,5,0.707107,0.707107,-0.974928,-0.222521,True,False,NIGHT,2.0,2.0,5.0,12.0,29.0,155.0,0.0,0.0,0.0,3.36,1.637,79.41,7.87,79.414,78.737,20.59,2.13,5.76,16.88,100.0,100.0,7.45,4.34,15.21,2.12,43.667,0.0,57.867,31.495,False,,0.0,66.357,0.0,0.0,0.0,0.0,0.0,3.0,0.0,0.0,4.0,0.0,77.037,78.196,100.0,98.765,45.486,8.0,30.815,5.0,0.0,76.169,77.202,100.0,97.51,44.069,8.0,30.467,6.72,2.386,81.284,79.323,0.11,NORMAL
496,2026-06-06 04:00:00+00:00,4,5,0.866025,0.5,-0.974928,-0.222521,True,False,NIGHT,0.0,2.0,3.0,9.0,27.0,153.0,0.0,0.0,0.0,0.0,2.362,78.88,7.81,78.883,78.138,21.12,2.19,4.94,15.07,100.0,100.0,7.61,4.33,15.05,2.15,44.241,0.0,8.0,31.255,False,,0.0,61.684,0.0,0.0,0.0,0.0,0.0,-1.0,0.0,0.0,4.0,0.0,77.106,78.191,100.0,100.0,45.377,57.867,30.842,5.0,0.0,75.806,77.155,74.709,70.152,43.995,8.0,30.322,1.68,2.937,81.146,79.022,0.0,NORMAL
497,2026-06-06 04:15:00+00:00,4,5,0.866025,0.5,-0.974928,-0.222521,True,False,NIGHT,0.0,0.0,2.0,9.0,24.0,151.0,0.0,0.0,0.0,0.0,0.063,79.02,7.66,79.024,76.576,20.98,2.34,6.27,17.99,100.0,99.811,7.74,4.31,14.95,2.17,44.614,0.0,8.0,30.631,False,,0.0,61.413,0.0,0.0,0.0,0.0,0.0,-2.0,0.0,0.0,2.0,0.0,77.744,78.367,100.0,98.981,43.983,57.867,31.098,7.0,0.0,75.007,76.837,75.402,70.762,42.672,8.0,30.003,6.72,3.635,82.592,79.649,0.06,NORMAL
498,2026-06-06 04:30:00+00:00,4,5,0.866025,0.5,-0.974928,-0.222521,True,False,NIGHT,1.0,1.0,3.0,8.0,25.0,150.0,0.0,0.0,0.0,1.68,2.641,78.73,7.71,78.734,77.072,21.27,2.29,5.86,17.09,100.0,100.0,7.72,4.29,14.99,2.16,44.487,0.0,32.267,30.829,False,,0.0,63.644,0.0,0.0,0.0,0.0,0.0,0.0,0.0,0.0,0.0,0.0,77.161,77.761,100.0,100.0,44.952,8.0,30.864,9.0,0.0,75.812,76.979,67.695,63.819,41.374,57.867,30.325,1.68,1.447,80.916,79.875,0.0,NORMAL
499,2026-06-06 04:45:00+00:00,4,5,0.866025,0.5,-0.974928,-0.222521,True,False,NIGHT,0.0,1.0,1.0,8.0,24.0,149.0,0.0,0.0,0.0,0.0,2.167,78.2,7.7,78.196,77.037,21.8,2.3,6.27,17.99,100.0,98.765,8.0,4.28,14.72,2.21,45.486,0.0,8.0,30.815,False,,0.0,61.276,0.0,0.0,0.0,0.0,0.0,-4.0,0.0,0.0,2.0,0.0,76.169,77.202,100.0,97.51,44.069,8.0,30.467,8.0,0.0,76.315,76.844,67.639,63.764,41.596,32.267,30.526,5.04,1.74,82.406,80.551,0.0,NORMAL
500,2026-06-06 05:00:00+00:00,5,5,0.965926,0.258819,-0.974928,-0.222521,True,False,NIGHT,2.0,2.0,3.0,10.0,25.0,151.0,0.0,0.0,0.0,3.36,3.353,78.19,7.71,78.191,77.106,21.81,2.29,5.54,16.39,100.0,100.0,7.98,4.27,14.75,2.21,45.377,0.0,57.867,30.842,False,,0.0,65.915,0.0,0.0,0.0,0.0,0.0,0.0,0.0,0.0,3.0,0.0,75.806,77.155,74.709,70.152,43.995,8.0,30.322,10.0,0.0,75.345,76.283,67.552,63.667,40.992,8.0,30.138,3.36,1.589,81.997,81.035,0.0,NORMAL
501,2026-06-06 05:15:00+00:00,5,5,0.965926,0.258819,-0.974928,-0.222521,True,False,NIGHT,2.0,4.0,5.0,11.0,25.0,153.0,0.0,0.0,0.0,3.36,2.4,78.37,7.77,78.367,77.744,21.63,2.23,6.27,17.99,100.0,98.981,7.6,4.27,15.12,2.14,43.983,0.0,57.867,31.098,False,,0.0,65.834,0.0,0.0,0.0,0.0,0.0,3.0,0.0,0.0,3.0,0.0,75.007,76.837,75.402,70.762,42.672,8.0,30.003,14.0,0.0,75.837,76.763,67.505,63.64,41.014,57.867,30.335,5.04,2.259,82.487,81.681,0.0,NORMAL
502,2026-06-06 05:30:00+00:00,5,5,0.965926,0.258819,-0.974928,-0.222521,True,False,NIGHT,0.0,2.0,4.0,10.0,22.0,152.0,0.0,0.0,0.0,0.0,2.656,77.76,7.72,77.761,77.161,22.24,2.28,5.67,16.68,100.0,100.0,7.87,4.27,14.86,2.18,44.952,0.0,8.0,30.864,False,,0.0,61.305,0.0,0.0,0.0,0.0,0.0,1.0,0.0,0.0,5.0,0.0,75.812,76.979,67.695,63.819,41.374,57.867,30.325,12.0,0.0,75.06,76.105,66.926,63.094,40.588,8.0,30.024,5.04,3.092,82.462,82.171,0.0,NORMAL
503,2026-06-06 05:45:00+00:00,5,5,0.965926,0.258819,-0.974928,-0.222521,True,False,NIGHT,0.0,0.0,4.0,10.0,21.0,149.0,0.0,0.0,0.0,0.0,2.633,77.2,7.62,77.202,76.169,22.8,2.38,6.27,17.99,100.0,97.51,7.65,4.25,15.1,2.14,44.069,0.0,8.0,30.467,False,,0.0,60.606,0.0,0.0,0.0,0.0,0.0,3.0,0.0,0.0,3.0,0.0,76.315,76.844,67.639,63.764,41.596,32.267,30.526,16.0,0.0,74.359,75.739,68.19,64.226,40.943,8.0,29.744,3.36,3.939,82.699,82.002,0.0,NORMAL
504,2026-06-06 06:00:00+00:00,6,5,1.0,0.0,-0.974928,-0.222521,True,False,MORNING,0.0,0.0,2.0,8.0,19.0,149.0,0.0,0.0,0.0,0.0,0.334,77.15,7.58,77.155,75.806,22.85,2.42,10.87,25.0,74.709,70.152,7.64,4.24,15.12,2.14,43.995,0.0,8.0,30.322,False,,0.0,54.198,0.0,0.0,0.0,0.0,0.0,-1.0,0.0,0.0,2.0,0.0,75.345,76.283,67.552,63.667,40.992,8.0,30.138,20.0,0.0,74.733,76.077,66.902,63.071,40.644,57.867,29.893,5.04,3.138,83.052,82.442,0.0,NORMAL
505,2026-06-06 06:15:00+00:00,6,5,1.0,0.0,-0.974928,-0.222521,True,False,MORNING,0.0,0.0,0.0,7.0,18.0,149.0,0.0,0.0,0.0,0.0,1.591,76.84,7.5,76.837,75.007,23.16,2.5,10.73,24.68,75.402,70.762,7.31,4.21,15.48,2.07,42.672,0.0,8.0,30.003,False,,0.0,54.006,0.0,0.0,0.0,0.0,0.0,-5.0,0.0,0.0,4.0,0.0,75.837,76.763,67.505,63.64,41.014,57.867,30.335,19.0,0.0,75.341,76.63,67.388,63.529,40.354,57.867,30.137,1.68,3.234,82.097,82.149,0.0,NORMAL
506,2026-06-06 06:30:00+00:00,6,5,1.0,0.0,-0.974928,-0.222521,True,False,MORNING,2.0,2.0,2.0,9.0,20.0,150.0,0.0,0.0,0.0,3.36,2.469,76.98,7.58,76.979,75.812,23.02,2.42,11.97,27.41,67.695,63.819,6.97,4.21,15.83,2.01,41.374,0.0,57.867,30.325,False,,0.0,56.811,0.0,0.0,0.0,0.0,0.0,-2.0,0.0,0.0,4.0,0.0,75.06,76.105,66.926,63.094,40.588,8.0,30.024,21.0,0.0,75.006,76.61,67.37,63.513,39.747,32.267,30.002,1.68,4.542,82.187,81.425,0.0,NORMAL
507,2026-06-06 06:45:00+00:00,6,5,1.0,0.0,-0.974928,-0.222521,True,False,MORNING,1.0,3.0,3.0,8.0,20.0,149.0,0.0,0.0,0.0,1.68,2.021,76.84,7.63,76.844,76.315,23.16,2.37,11.96,27.39,67.639,63.764,7.03,4.2,15.77,2.02,41.596,0.0,32.267,30.526,False,,0.0,54.585,0.0,0.0,0.0,0.0,0.0,-1.0,0.0,0.0,5.0,0.0,74.359,75.739,68.19,64.226,40.943,8.0,29.744,21.0,0.0,76.332,77.009,79.158,74.132,40.525,83.467,30.533,8.4,2.68,83.663,82.707,0.22,NORMAL
508,2026-06-06 07:00:00+00:00,7,5,0.965926,-0.258819,-0.974928,-0.222521,True,False,MORNING,0.0,1.0,3.0,8.0,17.0,149.0,0.0,0.0,0.0,0.0,2.63,76.28,7.53,76.283,75.345,23.72,2.47,11.89,27.23,67.552,63.667,6.88,4.19,15.93,1.99,40.992,0.0,8.0,30.138,False,,0.0,52.007,0.0,0.0,0.0,0.0,0.0,1.0,0.0,0.0,8.0,0.0,74.733,76.077,66.902,63.071,40.644,57.867,29.893,21.0,0.0,77.715,78.096,68.677,64.745,40.974,100.0,31.086,6.72,4.402,85.463,83.107,0.27,NORMAL
509,2026-06-06 07:15:00+00:00,7,5,0.965926,-0.258819,-0.974928,-0.222521,True,False,MORNING,2.0,2.0,5.0,10.0,19.0,149.0,0.0,0.0,0.0,3.36,1.241,76.76,7.58,76.763,75.837,23.24,2.42,11.97,27.41,67.505,63.64,6.89,4.19,15.93,1.99,41.014,0.0,57.867,30.335,False,,0.0,56.692,0.0,0.0,0.0,0.0,0.0,5.0,0.0,0.0,10.0,0.0,75.341,76.63,67.388,63.529,40.354,57.867,30.137,19.0,0.0,76.868,77.605,72.321,68.02,41.549,8.0,30.747,1.68,4.107,83.838,82.663,0.0,NORMAL
510,2026-06-06 07:30:00+00:00,7,5,0.965926,-0.258819,-0.974928,-0.222521,True,False,MORNING,0.0,2.0,3.0,9.0,17.0,147.0,0.0,0.0,0.0,0.0,2.946,76.1,7.51,76.105,75.06,23.9,2.49,11.97,27.41,66.926,63.094,6.78,4.18,16.04,1.97,40.588,0.0,8.0,30.024,False,,0.0,51.73,0.0,0.0,0.0,0.0,0.0,1.0,0.0,0.0,8.0,0.0,75.006,76.61,67.37,63.513,39.747,32.267,30.002,22.0,0.0,79.427,78.425,71.757,67.541,43.089,100.0,31.771,1.68,2.901,82.848,82.456,0.0,NORMAL
511,2026-06-06 07:45:00+00:00,7,5,0.965926,-0.258819,-0.974928,-0.222521,True,False,MORNING,0.0,0.0,2.0,9.0,17.0,143.0,0.0,0.0,0.0,0.0,1.741,75.74,7.44,75.739,74.359,24.26,2.56,11.69,26.8,68.19,64.226,6.9,4.16,15.95,1.99,40.943,0.0,8.0,29.744,False,,0.0,51.829,0.0,0.0,0.0,0.0,0.0,-1.0,0.0,0.0,11.0,0.0,76.332,77.009,79.158,74.132,40.525,83.467,30.533,21.0,0.0,81.284,79.323,69.756,65.762,46.303,100.0,32.514,0.0,3.045,81.975,81.782,0.0,NORMAL
512,2026-06-06 08:00:00+00:00,8,5,0.866025,-0.5,-0.974928,-0.222521,True,False,MORNING,2.0,2.0,4.0,9.0,19.0,141.0,0.0,0.0,0.0,3.36,1.858,76.08,7.47,76.077,74.733,23.92,2.53,11.97,27.41,66.902,63.071,6.82,4.15,16.03,1.98,40.644,0.0,57.867,29.893,False,,0.0,56.146,0.0,0.0,0.0,0.0,0.0,1.0,0.0,0.0,12.0,0.0,77.715,78.096,68.677,64.745,40.974,100.0,31.086,19.0,0.0,81.146,79.022,71.393,67.233,45.62,32.267,32.459,0.0,1.864,80.457,81.468,0.0,NORMAL
513,2026-06-06 08:15:00+00:00,8,5,0.866025,-0.5,-0.974928,-0.222521,True,False,MORNING,2.0,4.0,4.0,9.0,20.0,141.0,0.0,0.0,0.0,3.36,0.906,76.63,7.53,76.63,75.341,23.37,2.47,11.97,27.41,67.388,63.529,6.75,4.15,16.1,1.96,40.354,0.0,57.867,30.137,False,,0.0,56.477,0.0,0.0,0.0,0.0,0.0,-1.0,0.0,0.0,9.0,0.0,76.868,77.605,72.321,68.02,41.549,8.0,30.747,21.0,0.0,82.592,79.649,70.093,66.078,45.746,100.0,33.037,0.0,4.189,79.575,80.509,0.0,NORMAL
514,2026-06-06 08:30:00+00:00,8,5,0.866025,-0.5,-0.974928,-0.222521,True,False,MORNING,1.0,3.0,5.0,10.0,20.0,139.0,0.0,0.0,0.0,1.68,1.896,76.61,7.5,76.61,75.006,23.39,2.5,11.97,27.41,67.37,63.513,6.59,4.14,16.27,1.93,39.747,0.0,32.267,30.002,False,,0.0,54.043,0.0,0.0,0.0,0.0,0.0,2.0,0.0,0.0,13.0,0.0,79.427,78.425,71.757,67.541,43.089,100.0,31.771,18.0,0.0,80.916,79.875,70.242,66.22,45.919,32.267,32.366,3.36,1.425,79.396,81.011,0.0,NORMAL
515,2026-06-06 08:45:00+00:00,8,5,0.866025,-0.5,-0.974928,-0.222521,True,False,MORNING,3.0,4.0,8.0,13.0,23.0,141.0,0.0,0.0,0.0,5.04,2.914,77.01,7.63,77.009,76.332,22.99,2.37,10.24,23.61,79.158,74.132,6.79,4.15,16.06,1.97,40.525,0.0,83.467,30.533,False,,0.0,61.762,0.0,0.0,0.0,0.0,0.0,6.0,0.0,0.0,10.0,0.0,81.284,79.323,69.756,65.762,46.303,100.0,32.514,18.0,0.0,82.406,80.551,78.82,73.978,46.372,83.467,32.962,3.36,3.223,80.176,80.967,0.0,NORMAL
516,2026-06-06 09:00:00+00:00,9,5,0.707107,-0.707107,-0.974928,-0.222521,True,False,MORNING,4.0,7.0,10.0,17.0,25.0,143.0,0.0,0.0,0.0,6.72,1.816,78.1,7.77,78.096,77.715,21.9,2.23,11.97,27.41,68.677,64.745,6.88,4.18,15.94,1.99,40.974,0.06,100.0,31.086,False,,0.0,61.422,0.0,0.0,0.0,0.0,0.0,6.0,0.06,0.015,9.0,0.0,81.146,79.022,71.393,67.233,45.62,32.267,32.459,20.0,0.0,81.997,81.035,71.261,67.181,46.154,57.867,32.799,0.0,1.954,79.239,80.572,0.0,NORMAL
517,2026-06-06 09:15:00+00:00,9,5,0.707107,-0.707107,-0.974928,-0.222521,True,False,MORNING,0.0,4.0,8.0,17.0,24.0,141.0,0.0,0.0,0.0,0.0,2.303,77.61,7.69,77.605,76.868,22.39,2.31,11.3,25.93,72.321,68.02,7.03,4.19,15.78,2.02,41.549,0.0,8.0,30.747,False,,0.0,53.747,0.0,0.0,0.0,0.0,0.0,4.0,0.0,0.0,10.0,0.0,82.592,79.649,70.093,66.078,45.746,100.0,33.037,22.0,0.0,82.487,81.681,71.83,67.717,47.015,83.467,32.995,1.68,1.733,78.61,80.622,0.0,NORMAL
518,2026-06-06 09:30:00+00:00,9,5,0.707107,-0.707107,-0.974928,-0.222521,True,False,MORNING,4.0,4.0,11.0,19.0,28.0,143.0,0.0,0.0,0.0,6.72,2.418,78.42,7.94,78.425,79.427,21.58,2.06,11.5,26.39,71.757,67.541,7.41,4.22,15.37,2.09,43.089,0.06,100.0,31.771,False,,0.0,62.733,0.0,0.0,0.0,0.0,0.0,6.0,0.06,0.015,9.0,0.0,80.916,79.875,70.242,66.22,45.919,32.267,32.366,20.0,0.0,82.462,82.171,72.26,68.123,47.651,83.467,32.985,1.68,1.99,78.333,80.572,0.0,NORMAL
519,2026-06-06 09:45:00+00:00,9,5,0.707107,-0.707107,-0.974928,-0.222521,True,False,MORNING,4.0,8.0,12.0,22.0,30.0,145.0,0.0,0.0,0.0,6.72,2.386,79.32,8.13,79.323,81.284,20.68,1.87,11.97,27.41,69.756,65.762,8.23,4.27,14.5,2.25,46.303,0.11,100.0,32.514,False,,0.0,63.137,0.0,0.0,0.0,0.0,0.0,4.0,0.11,0.028,11.0,0.0,82.406,80.551,78.82,73.978,46.372,83.467,32.962,18.0,0.0,82.699,82.002,72.112,67.983,46.649,57.867,33.08,3.36,0.648,78.748,81.209,0.0,NORMAL
520,2026-06-06 10:00:00+00:00,10,5,0.5,-0.866025,-0.974928,-0.222521,True,False,MORNING,1.0,5.0,9.0,23.0,31.0,146.0,0.0,0.0,0.0,1.68,2.937,79.02,8.11,79.022,81.146,20.98,1.89,11.65,26.71,71.393,67.233,8.01,4.31,14.68,2.22,45.62,0.0,32.267,32.459,False,,0.0,57.259,0.0,0.0,0.0,0.0,0.0,-1.0,-0.06,0.0,10.0,0.0,81.997,81.035,71.261,67.181,46.154,57.867,32.799,16.0,0.0,83.052,82.442,83.221,78.001,47.268,83.467,33.221,5.04,2.59,79.681,81.728,0.0,NORMAL
521,2026-06-06 10:15:00+00:00,10,5,0.5,-0.866025,-0.974928,-0.222521,True,False,MORNING,4.0,5.0,13.0,25.0,35.0,149.0,0.0,0.0,0.0,6.72,3.635,79.65,8.26,79.649,82.592,20.35,1.74,11.96,27.4,70.093,66.078,7.99,4.36,14.65,2.22,45.746,0.06,100.0,33.037,False,,0.0,63.499,0.0,0.0,0.0,0.0,0.0,5.0,0.06,0.015,11.0,0.0,82.487,81.681,71.83,67.717,47.015,83.467,32.995,13.0,0.0,82.097,82.149,72.241,68.105,46.637,32.267,32.839,3.36,3.197,79.975,81.739,0.0,NORMAL
522,2026-06-06 10:30:00+00:00,10,5,0.5,-0.866025,-0.974928,-0.222521,True,False,MORNING,1.0,5.0,10.0,26.0,35.0,150.0,0.0,0.0,0.0,1.68,1.447,79.88,8.09,79.875,80.916,20.12,1.91,11.97,27.41,70.242,66.22,8.02,4.38,14.6,2.23,45.919,0.0,32.267,32.366,False,,0.0,57.168,0.0,0.0,0.0,0.0,0.0,-1.0,-0.06,0.0,9.0,0.0,82.462,82.171,72.26,68.123,47.651,83.467,32.985,12.0,0.0,82.187,81.425,71.604,67.504,44.663,32.267,32.875,1.68,2.675,79.467,81.542,0.0,NORMAL
523,2026-06-06 10:45:00+00:00,10,5,0.5,-0.866025,-0.974928,-0.222521,True,False,MORNING,3.0,4.0,9.0,29.0,38.0,152.0,0.0,0.0,0.0,5.04,1.74,80.55,8.24,80.551,82.406,19.45,1.76,10.76,24.75,78.82,73.978,8.11,4.41,14.48,2.25,46.372,0.0,83.467,32.962,False,,0.0,64.224,0.0,0.0,0.0,0.0,0.0,-3.0,-0.11,0.0,7.0,0.0,82.699,82.002,72.112,67.983,46.649,57.867,33.08,13.0,0.0,83.663,82.707,72.732,68.567,44.437,100.0,33.465,1.68,1.877,78.891,81.55,0.0,NORMAL
524,2026-06-06 11:00:00+00:00,11,5,0.258819,-0.965926,-0.974928,-0.222521,True,False,MORNING,2.0,5.0,10.0,29.0,38.0,153.0,0.0,0.0,0.0,3.36,1.589,81.03,8.2,81.035,81.997,18.97,1.8,11.97,27.41,71.261,67.181,8.03,4.43,14.54,2.24,46.154,0.0,57.867,32.799,False,,0.0,60.202,0.0,0.0,0.0,0.0,0.0,1.0,0.0,0.0,10.0,0.0,83.052,82.442,83.221,78.001,47.268,83.467,33.221,10.0,0.0,85.463,83.107,73.083,68.899,46.235,100.0,34.185,6.72,2.505,79.479,82.545,0.06,NORMAL
525,2026-06-06 11:15:00+00:00,11,5,0.258819,-0.965926,-0.974928,-0.222521,True,False,MORNING,3.0,5.0,9.0,30.0,39.0,153.0,0.0,0.0,0.0,5.04,2.259,81.68,8.25,81.681,82.487,18.32,1.75,11.97,27.41,71.83,67.717,8.24,4.45,14.31,2.28,47.015,0.0,83.467,32.995,False,,0.0,62.956,0.0,0.0,0.0,0.0,0.0,-4.0,-0.06,0.0,11.0,0.0,82.097,82.149,72.241,68.105,46.637,32.267,32.839,6.0,0.0,83.838,82.663,74.448,70.119,46.578,32.267,33.535,1.68,2.284,78.621,82.48,0.0,NORMAL
526,2026-06-06 11:30:00+00:00,11,5,0.258819,-0.965926,-0.974928,-0.222521,True,False,MORNING,3.0,6.0,11.0,32.0,42.0,153.0,0.0,0.0,0.0,5.04,3.092,82.17,8.25,82.171,82.462,17.83,1.75,11.97,27.41,72.26,68.123,8.4,4.47,14.13,2.32,47.651,0.0,83.467,32.985,False,,0.0,63.217,0.0,0.0,0.0,0.0,0.0,1.0,0.0,0.0,11.0,0.0,82.187,81.425,71.604,67.504,44.663,32.267,32.875,6.0,0.0,82.848,82.456,78.041,73.352,46.162,32.267,33.139,0.0,3.451,76.976,81.781,0.0,NORMAL
527,2026-06-06 11:45:00+00:00,11,5,0.258819,-0.965926,-0.974928,-0.222521,True,False,MORNING,2.0,5.0,10.0,31.0,44.0,155.0,0.0,0.0,0.0,3.36,3.939,82.0,8.27,82.002,82.699,18.0,1.73,11.97,27.41,72.112,67.983,8.11,4.48,14.4,2.27,46.649,0.0,57.867,33.08,False,,0.0,60.798,0.0,0.0,0.0,0.0,0.0,1.0,0.0,0.0,11.0,0.0,83.663,82.707,72.732,68.567,44.437,100.0,33.465,6.0,0.0,81.975,81.782,71.919,67.801,45.635,8.0,32.79,3.36,2.348,78.404,81.892,0.0,NORMAL
528,2026-06-06 12:00:00+00:00,12,5,0.0,-1.0,-0.974928,-0.222521,True,False,MORNING,3.0,5.0,11.0,30.0,47.0,157.0,0.0,0.0,0.0,5.04,3.138,82.44,8.31,82.442,83.052,17.56,1.69,10.43,24.02,83.221,78.001,8.26,4.5,14.24,2.3,47.268,0.0,83.467,33.221,False,,0.0,65.86,0.0,0.0,0.0,0.0,0.0,1.0,0.0,0.0,6.0,0.0,85.463,83.107,73.083,68.899,46.235,100.0,34.185,8.0,0.0,80.457,81.468,83.583,79.493,45.434,8.0,32.183,0.0,4.072,77.885,80.926,0.0,NORMAL
529,2026-06-06 12:15:00+00:00,12,5,0.0,-1.0,-0.974928,-0.222521,True,False,MORNING,1.0,4.0,9.0,31.0,48.0,158.0,0.0,0.0,0.0,1.68,3.234,82.15,8.21,82.149,82.097,17.85,1.79,11.97,27.41,72.241,68.105,8.09,4.5,14.41,2.27,46.637,0.0,32.267,32.839,False,,0.0,58.435,0.0,0.0,0.0,0.0,0.0,0.0,0.0,0.0,2.0,0.0,83.838,82.663,74.448,70.119,46.578,32.267,33.535,11.0,0.0,79.575,80.509,89.116,84.55,44.67,8.0,31.83,5.04,2.663,79.264,81.382,0.0,NORMAL
530,2026-06-06 12:30:00+00:00,12,5,0.0,-1.0,-0.974928,-0.222521,True,False,MORNING,1.0,2.0,7.0,28.0,47.0,156.0,0.0,0.0,0.0,1.68,4.542,81.42,8.22,81.425,82.187,18.58,1.78,11.97,27.41,71.604,67.504,7.55,4.51,14.94,2.17,44.663,0.0,32.267,32.875,False,,0.0,57.968,0.0,0.0,0.0,0.0,0.0,-4.0,0.0,0.0,1.0,0.0,82.848,82.456,78.041,73.352,46.162,32.267,33.139,13.0,0.0,79.396,81.011,85.305,81.065,44.778,57.867,31.758,1.68,2.338,78.939,81.25,0.0,NORMAL
531,2026-06-06 12:45:00+00:00,12,5,0.0,-1.0,-0.974928,-0.222521,True,False,MORNING,5.0,6.0,10.0,29.0,51.0,158.0,0.0,0.0,0.0,8.4,2.68,82.71,8.37,82.707,83.663,17.29,1.63,11.97,27.41,72.732,68.567,7.47,4.53,15.0,2.16,44.437,0.22,100.0,33.465,False,,0.0,64.883,0.0,0.0,0.0,0.0,0.0,0.0,0.22,0.055,2.0,0.0,81.975,81.782,71.919,67.801,45.635,8.0,32.79,12.0,0.0,80.176,80.967,83.069,79.004,42.133,57.867,32.07,9.972,1.981,82.25,82.917,0.38,NORMAL
532,2026-06-06 13:00:00+00:00,13,5,-0.258819,-0.965926,-0.974928,-0.222521,True,False,MORNING,4.0,9.0,11.0,32.0,55.0,159.0,0.0,0.0,0.0,6.72,4.402,83.11,8.55,83.107,85.463,16.89,1.45,11.97,27.41,73.083,68.899,7.92,4.56,14.52,2.25,46.235,0.27,100.0,34.185,False,,0.0,65.575,0.0,0.0,0.0,0.0,0.0,0.0,0.27,0.068,4.0,0.0,80.457,81.468,83.583,79.493,45.434,8.0,32.183,11.0,0.0,79.239,80.572,90.03,85.389,41.47,8.0,31.696,0.108,4.783,80.47,81.926,0.0,NORMAL
533,2026-06-06 13:15:00+00:00,13,5,-0.258819,-0.965926,-0.974928,-0.222521,True,False,MORNING,1.0,5.0,11.0,29.0,54.0,158.0,0.0,0.0,0.0,1.68,4.107,82.66,8.38,82.663,83.838,17.34,1.62,11.69,26.79,74.448,70.119,8.01,4.57,14.42,2.26,46.578,0.0,32.267,33.535,False,,0.0,59.398,0.0,0.0,0.0,0.0,0.0,2.0,0.0,0.0,4.0,0.0,79.575,80.509,89.116,84.55,44.67,8.0,31.83,15.0,0.0,78.61,80.622,83.745,79.616,42.384,32.267,31.444,0.0,0.642,79.408,81.872,0.0,NORMAL
534,2026-06-06 13:30:00+00:00,13,5,-0.258819,-0.965926,-0.974928,-0.222521,True,False,MORNING,1.0,2.0,11.0,29.0,55.0,157.0,0.0,0.0,0.0,1.68,2.901,82.46,8.28,82.456,82.848,17.54,1.72,11.12,25.55,78.041,73.352,7.9,4.57,14.54,2.24,46.162,0.0,32.267,33.139,False,,0.0,59.936,0.0,0.0,0.0,0.0,0.0,4.0,0.0,0.0,5.0,0.0,79.396,81.011,85.305,81.065,44.778,57.867,31.758,15.0,0.0,78.333,80.572,89.027,84.469,44.112,32.267,31.333,6.72,4.008,81.675,82.323,0.06,NORMAL
535,2026-06-06 13:45:00+00:00,13,5,-0.258819,-0.965926,-0.974928,-0.222521,True,False,MORNING,0.0,1.0,6.0,26.0,55.0,152.0,0.0,0.0,0.0,0.0,3.045,81.78,8.2,81.782,81.975,18.22,1.8,11.97,27.41,71.919,67.801,7.77,4.56,14.68,2.22,45.635,0.0,8.0,32.79,False,,0.0,55.981,0.0,0.0,0.0,0.0,0.0,-4.0,-0.22,0.0,4.0,0.0,80.176,80.967,83.069,79.004,42.133,57.867,32.07,14.0,0.0,78.748,81.209,100.0,96.368,43.821,57.867,31.499,6.72,2.323,83.406,83.249,0.11,NORMAL
536,2026-06-06 14:00:00+00:00,14,5,-0.5,-0.866025,-0.974928,-0.222521,True,False,EVENING,0.0,0.0,2.0,24.0,53.0,148.0,0.0,0.0,0.0,0.0,1.864,81.47,8.05,81.468,80.457,18.53,1.95,10.26,23.29,83.583,79.493,7.74,4.53,14.73,2.21,45.434,0.0,8.0,32.183,False,,0.0,58.393,0.0,0.0,0.0,0.0,0.0,-9.0,-0.27,0.0,4.0,0.0,79.239,80.572,90.03,85.389,41.47,8.0,31.696,14.0,0.0,79.681,81.728,87.146,82.781,42.509,83.467,31.873,3.36,3.294,83.828,83.223,0.0,NORMAL
537,2026-06-06 14:15:00+00:00,14,5,-0.5,-0.866025,-0.974928,-0.222521,True,False,EVENING,0.0,0.0,1.0,21.0,51.0,146.0,0.0,0.0,0.0,0.0,4.189,80.51,7.96,80.509,79.575,19.49,2.04,9.51,21.64,89.116,84.55,7.56,4.5,14.94,2.17,44.67,0.0,8.0,31.83,False,,0.0,59.207,0.0,0.0,0.0,0.0,0.0,-10.0,0.0,0.0,7.0,0.0,78.61,80.622,83.745,79.616,42.384,32.267,31.444,11.0,0.0,79.975,81.739,83.861,79.758,42.557,57.867,31.99,1.68,2.563,83.008,83.085,0.0,NORMAL
538,2026-06-06 14:30:00+00:00,14,5,-0.5,-0.866025,-0.974928,-0.222521,True,False,EVENING,2.0,2.0,2.0,20.0,52.0,145.0,0.0,0.0,0.0,3.36,1.425,81.01,7.94,81.011,79.396,18.99,2.06,10.0,22.71,85.305,81.065,7.62,4.47,14.91,2.18,44.778,0.0,57.867,31.758,False,,0.0,62.904,0.0,0.0,0.0,0.0,0.0,-9.0,0.0,0.0,8.0,0.0,78.333,80.572,89.027,84.469,44.112,32.267,31.333,12.0,0.0,79.467,81.542,100.0,100.0,42.055,32.267,31.787,6.72,4.715,84.495,83.437,0.06,NORMAL
539,2026-06-06 14:45:00+00:00,14,5,-0.5,-0.866025,-0.974928,-0.222521,True,False,EVENING,2.0,4.0,4.0,20.0,51.0,144.0,0.0,0.0,0.0,3.36,3.223,80.97,8.02,80.967,80.176,19.03,1.98,10.26,23.29,83.069,79.004,6.92,4.46,15.62,2.05,42.133,0.0,57.867,32.07,False,,0.0,62.297,0.0,0.0,0.0,0.0,0.0,-2.0,0.0,0.0,8.0,0.0,78.748,81.209,100.0,96.368,43.821,57.867,31.499,12.0,0.0,78.891,81.55,84.254,80.113,41.395,32.267,31.556,5.04,3.896,84.589,83.714,0.0,NORMAL
540,2026-06-06 15:00:00+00:00,15,5,-0.707107,-0.707107,-0.974928,-0.222521,True,False,EVENING,0.0,2.0,4.0,17.0,47.0,143.0,0.0,0.0,0.0,0.0,1.954,80.57,7.92,80.572,79.239,19.43,2.08,9.42,21.45,90.03,85.389,6.76,4.44,15.8,2.02,41.47,0.0,8.0,31.696,False,,0.0,59.076,0.0,0.0,0.0,0.0,0.0,2.0,0.0,0.0,7.0,0.0,79.681,81.728,87.146,82.781,42.509,83.467,31.873,17.0,0.0,79.479,82.545,84.688,80.544,42.976,100.0,31.791,1.68,4.273,82.895,83.235,0.0,NORMAL
541,2026-06-06 15:15:00+00:00,15,5,-0.707107,-0.707107,-0.974928,-0.222521,True,False,EVENING,1.0,1.0,5.0,17.0,48.0,142.0,0.0,0.0,0.0,1.68,1.733,80.62,7.86,80.622,78.61,19.38,2.14,10.13,23.01,83.745,79.616,7.03,4.42,15.56,2.06,42.384,0.0,32.267,31.444,False,,0.0,59.781,0.0,0.0,0.0,0.0,0.0,4.0,0.0,0.0,8.0,0.0,79.975,81.739,83.861,79.758,42.557,57.867,31.99,13.0,0.0,78.621,82.48,84.621,80.48,43.069,32.267,31.448,3.36,3.378,82.277,83.292,0.0,NORMAL
542,2026-06-06 15:30:00+00:00,15,5,-0.707107,-0.707107,-0.974928,-0.222521,True,False,EVENING,1.0,2.0,4.0,17.0,45.0,143.0,0.0,0.0,0.0,1.68,1.99,80.57,7.83,80.572,78.333,19.43,2.17,9.53,21.68,89.027,84.469,7.52,4.39,15.09,2.14,44.112,0.0,32.267,31.333,False,,0.0,61.086,0.0,0.0,0.0,0.0,0.0,2.0,0.0,0.0,7.0,0.0,79.467,81.542,100.0,100.0,42.055,32.267,31.787,12.0,0.0,76.976,81.781,83.904,79.799,42.999,8.0,30.791,1.68,4.17,81.45,82.753,0.0,NORMAL
543,2026-06-06 15:45:00+00:00,15,5,-0.707107,-0.707107,-0.974928,-0.222521,True,False,EVENING,2.0,3.0,4.0,14.0,43.0,144.0,0.0,0.0,0.0,3.36,0.648,81.21,7.87,81.209,78.748,18.79,2.13,8.38,19.15,100.0,96.368,7.45,4.38,15.17,2.13,43.821,0.0,57.867,31.499,False,,0.0,66.332,0.0,0.0,0.0,0.0,0.0,0.0,0.0,0.0,6.0,0.0,78.891,81.55,84.254,80.113,41.395,32.267,31.556,16.0,0.0,78.404,81.892,84.017,79.906,43.135,57.867,31.362,1.68,3.881,80.582,82.289,0.0,NORMAL
544,2026-06-06 16:00:00+00:00,16,5,-0.866025,-0.5,-0.974928,-0.222521,True,False,EVENING,3.0,5.0,7.0,13.0,45.0,142.0,0.0,0.0,0.0,5.04,2.59,81.73,7.97,81.728,79.681,18.27,2.03,9.87,22.44,87.146,82.781,7.1,4.38,15.52,2.07,42.509,0.0,83.467,31.873,False,,0.0,65.645,0.0,0.0,0.0,0.0,0.0,3.0,0.0,0.0,7.0,0.0,79.479,82.545,84.688,80.544,42.976,100.0,31.791,18.0,0.0,77.885,80.926,83.026,78.963,44.202,8.0,31.154,0.0,3.358,78.964,81.612,0.0,NORMAL
545,2026-06-06 16:15:00+00:00,16,5,-0.866025,-0.5,-0.974928,-0.222521,True,False,EVENING,2.0,5.0,8.0,14.0,43.0,144.0,0.0,0.0,0.0,3.36,3.197,81.74,8.0,81.739,79.975,18.26,2.0,10.26,23.29,83.861,79.758,7.1,4.39,15.51,2.07,42.557,0.0,57.867,31.99,False,,0.0,62.65,0.0,0.0,0.0,0.0,0.0,3.0,0.0,0.0,3.0,0.0,78.621,82.48,84.621,80.48,43.069,32.267,31.448,20.0,0.0,79.264,81.382,83.494,79.409,42.926,83.467,31.706,5.04,2.365,80.415,82.135,0.0,NORMAL
546,2026-06-06 16:30:00+00:00,16,5,-0.866025,-0.5,-0.974928,-0.222521,True,False,EVENING,1.0,3.0,8.0,14.0,43.0,145.0,0.0,0.0,0.0,1.68,2.675,81.54,7.95,81.542,79.467,18.46,2.05,7.12,16.38,100.0,100.0,6.97,4.38,15.65,2.04,42.055,0.0,32.267,31.787,False,,0.0,64.522,0.0,0.0,0.0,0.0,0.0,4.0,0.0,0.0,5.0,0.0,76.976,81.781,83.904,79.799,42.999,8.0,30.791,18.0,0.0,78.939,81.25,83.359,79.28,44.795,32.267,31.576,1.68,3.12,80.719,81.745,0.0,NORMAL
547,2026-06-06 16:45:00+00:00,16,5,-0.866025,-0.5,-0.974928,-0.222521,True,False,EVENING,1.0,2.0,7.0,15.0,41.0,144.0,0.0,0.0,0.0,1.68,1.877,81.55,7.89,81.55,78.891,18.45,2.11,10.19,23.13,84.254,80.113,6.8,4.37,15.82,2.01,41.395,0.0,32.267,31.556,False,,0.0,60.073,0.0,0.0,0.0,0.0,0.0,3.0,0.0,0.0,6.0,0.0,78.404,81.892,84.017,79.906,43.135,57.867,31.362,21.0,0.06,82.25,82.917,87.369,83.025,43.663,100.0,33.286,1.68,2.789,80.078,81.532,0.0,NORMAL
548,2026-06-06 17:00:00+00:00,17,5,-0.965926,-0.258819,-0.974928,-0.222521,True,False,EVENING,4.0,5.0,8.0,19.0,43.0,146.0,0.0,0.0,0.0,6.72,2.505,82.54,7.95,82.545,79.479,17.46,2.05,10.26,23.29,84.688,80.544,7.23,4.37,15.4,2.09,42.976,0.06,100.0,31.791,False,,0.0,66.751,0.0,0.0,0.0,0.0,0.0,1.0,0.06,0.015,10.0,0.0,77.885,80.926,83.026,78.963,44.202,8.0,31.154,18.0,0.0,80.47,81.926,90.249,85.638,44.361,8.0,32.188,6.72,3.554,81.886,82.143,0.06,NORMAL
549,2026-06-06 17:15:00+00:00,17,5,-0.965926,-0.258819,-0.974928,-0.222521,True,False,EVENING,1.0,5.0,7.0,20.0,41.0,145.0,0.0,0.0,0.0,1.68,2.284,82.48,7.86,82.48,78.621,17.52,2.14,10.26,23.29,84.621,80.48,7.27,4.36,15.37,2.09,43.069,0.0,32.267,31.448,False,,0.0,60.462,0.0,0.0,0.0,0.0,0.0,-1.0,0.0,0.0,10.0,0.0,79.264,81.382,83.494,79.409,42.926,83.467,31.706,19.0,0.0,79.408,81.872,83.997,79.887,47.377,8.0,31.763,0.0,2.415,81.045,81.623,0.0,NORMAL
550,2026-06-06 17:30:00+00:00,17,5,-0.965926,-0.258819,-0.974928,-0.222521,True,False,EVENING,0.0,1.0,6.0,18.0,38.0,144.0,0.0,0.0,0.0,0.0,3.451,81.78,7.7,81.781,76.976,18.22,2.3,10.26,23.29,83.904,79.799,7.27,4.34,15.39,2.09,42.999,0.0,8.0,30.791,False,,0.0,57.621,0.0,0.0,0.0,0.0,0.0,-2.0,0.0,0.0,7.0,0.0,78.939,81.25,83.359,79.28,44.795,32.267,31.576,21.0,0.0,81.675,82.323,84.46,80.327,46.427,100.0,32.67,1.68,2.72,79.48,81.519,0.0,NORMAL
551,2026-06-06 17:45:00+00:00,17,5,-0.965926,-0.258819,-0.974928,-0.222521,True,False,EVENING,2.0,2.0,7.0,18.0,38.0,144.0,0.0,0.0,0.0,3.36,2.348,81.89,7.84,81.892,78.404,18.11,2.16,10.26,23.29,84.017,79.906,7.31,4.33,15.35,2.1,43.135,0.0,57.867,31.362,False,,0.0,62.458,0.0,0.0,0.0,0.0,0.0,0.0,0.0,0.0,10.0,0.06,82.25,82.917,87.369,83.025,43.663,100.0,33.286,18.0,0.0,83.406,83.249,85.41,81.231,47.032,100.0,33.362,6.72,2.353,80.986,82.461,0.06,NORMAL
552,2026-06-06 18:00:00+00:00,18,5,-1.0,-0.0,-0.974928,-0.222521,True,False,EVENING,0.0,2.0,3.0,18.0,35.0,143.0,0.0,0.0,0.0,0.0,4.072,80.93,7.79,80.926,77.885,19.07,2.21,10.26,23.29,83.026,78.963,7.61,4.32,15.07,2.15,44.202,0.0,8.0,31.154,False,,0.0,57.518,0.0,0.0,0.0,0.0,0.0,-5.0,-0.06,0.0,8.0,0.0,80.47,81.926,90.249,85.638,44.361,8.0,32.188,15.0,0.0,83.828,83.223,100.0,96.298,47.485,57.867,33.531,,,,,,NORMAL
553,2026-06-06 18:15:00+00:00,18,5,-1.0,-0.0,-0.974928,-0.222521,True,False,EVENING,3.0,3.0,5.0,20.0,37.0,144.0,0.0,0.0,0.0,5.04,2.663,81.38,7.93,81.382,79.264,18.62,2.07,10.26,23.29,83.494,79.409,7.26,4.33,15.41,2.09,42.926,0.0,83.467,31.706,False,,0.0,64.681,0.0,0.0,0.0,0.0,0.0,-2.0,0.0,0.0,10.0,0.0,79.408,81.872,83.997,79.887,47.377,8.0,31.763,13.0,0.0,83.008,83.085,88.085,83.689,45.728,32.267,33.203,,,,,,NORMAL
554,2026-06-06 18:30:00+00:00,18,5,-1.0,-0.0,-0.974928,-0.222521,True,False,EVENING,1.0,4.0,6.0,20.0,37.0,142.0,0.0,0.0,0.0,1.68,2.338,81.25,7.89,81.25,78.939,18.75,2.11,10.26,23.29,83.359,79.28,7.76,4.33,14.91,2.18,44.795,0.0,32.267,31.576,False,,0.0,60.115,0.0,0.0,0.0,0.0,0.0,0.0,0.0,0.0,11.0,0.0,81.675,82.323,84.46,80.327,46.427,100.0,32.67,15.0,0.0,84.495,83.437,85.603,81.414,44.856,100.0,33.798,,,,,,NORMAL
555,2026-06-06 18:45:00+00:00,18,5,-1.0,-0.0,-0.974928,-0.222521,True,False,EVENING,6.0,7.0,10.0,24.0,38.0,146.0,0.06,0.0,0.0,9.972,1.981,82.92,8.23,82.917,82.25,17.08,1.77,9.99,22.71,87.369,83.025,7.42,4.37,15.21,2.12,43.663,0.38,100.0,33.286,False,,0.1,68.107,0.06,0.06,0.06,0.004,0.06,3.0,0.38,0.11,11.0,0.0,83.406,83.249,85.41,81.231,47.032,100.0,33.362,12.0,0.0,84.589,83.714,87.512,83.181,45.861,83.467,33.836,,,,,,NORMAL
556,2026-06-06 19:00:00+00:00,19,5,-0.965926,0.258819,-0.974928,-0.222521,True,False,EVENING,0.0,6.0,10.0,21.0,34.0,143.0,0.0,0.01,0.0058,0.108,4.783,81.93,8.05,81.926,80.47,18.07,1.95,9.56,21.74,90.249,85.638,7.59,4.38,15.02,2.16,44.361,0.0,8.0,32.188,False,,0.0,59.937,-0.06,0.0,0.0,0.004,0.06,7.0,0.0,0.0,10.0,0.0,83.828,83.223,100.0,96.298,47.485,57.867,33.531,10.0,0.0,82.895,83.235,85.396,81.217,44.825,32.267,33.158,,,,,,NORMAL
557,2026-06-06 19:15:00+00:00,19,5,-0.965926,0.258819,-0.974928,-0.222521,True,False,EVENING,0.0,0.0,7.0,19.0,33.0,141.0,0.0,0.0,0.0,0.0,0.642,81.87,7.94,81.872,79.408,18.13,2.06,10.26,23.29,83.997,79.887,8.41,4.38,14.21,2.3,47.377,0.0,8.0,31.763,False,,0.0,58.543,0.0,-0.06,0.0,0.004,0.06,2.0,0.0,0.0,9.0,0.0,83.008,83.085,88.085,83.689,45.728,32.267,33.203,13.0,0.0,82.277,83.292,100.0,100.0,44.313,57.867,32.911,,,,,,NORMAL
558,2026-06-06 19:30:00+00:00,19,5,-0.965926,0.258819,-0.974928,-0.222521,True,False,EVENING,4.0,4.0,10.0,22.0,36.0,143.0,0.0,0.0,0.0,6.72,4.008,82.32,8.17,82.323,81.675,17.68,1.83,10.26,23.29,84.46,80.327,8.13,4.4,14.46,2.26,46.427,0.06,100.0,32.67,False,,0.0,67.399,0.0,0.0,0.0,0.004,0.06,4.0,0.06,0.015,10.0,0.0,84.495,83.437,85.603,81.414,44.856,100.0,33.798,11.0,0.0,81.45,82.753,84.901,80.746,41.373,32.267,32.58,,,,,,NORMAL
559,2026-06-06 19:45:00+00:00,19,5,-0.965926,0.258819,-0.974928,-0.222521,True,False,EVENING,4.0,8.0,8.0,25.0,40.0,144.0,0.0,0.0,0.0,6.72,2.323,83.25,8.34,83.249,83.406,16.75,1.66,10.26,23.29,85.41,81.231,8.26,4.44,14.3,2.29,47.032,0.11,100.0,33.362,False,,0.0,68.226,0.0,0.0,-0.06,0.004,0.06,-2.0,-0.27,0.028,7.0,0.0,84.589,83.714,87.512,83.181,45.861,83.467,33.836,11.0,0.0,80.582,82.289,99.047,93.699,40.562,32.267,32.233,,,,,,NORMAL
560,2026-06-06 20:00:00+00:00,20,5,-0.866025,0.5,-0.974928,-0.222521,True,False,EVENING,2.0,6.0,10.0,23.0,42.0,145.0,0.0,0.0,0.0,3.36,3.294,83.22,8.38,83.223,83.828,16.78,1.62,8.6,19.64,100.0,96.298,8.35,4.47,14.18,2.31,47.485,0.0,57.867,33.531,False,,0.0,68.112,0.0,0.0,0.0,0.004,0.06,0.0,0.0,0.0,5.0,0.0,82.895,83.235,85.396,81.217,44.825,32.267,33.158,14.0,0.0,78.964,81.612,100.0,100.0,39.475,8.0,31.585,,,,,,NORMAL
561,2026-06-06 20:15:00+00:00,20,5,-0.866025,0.5,-0.974928,-0.222521,True,False,EVENING,1.0,3.0,11.0,23.0,43.0,144.0,0.0,0.0,0.0,1.68,2.563,83.08,8.3,83.085,83.008,16.92,1.7,9.93,22.56,88.085,83.689,7.85,4.49,14.65,2.22,45.728,0.0,32.267,33.203,False,,0.0,62.513,0.0,0.0,0.0,0.004,0.06,4.0,0.0,0.0,4.0,0.0,82.277,83.292,100.0,100.0,44.313,57.867,32.911,14.0,0.0,80.415,82.135,100.0,100.0,39.938,83.467,32.166,,,,,,NORMAL
562,2026-06-06 20:30:00+00:00,20,5,-0.866025,0.5,-0.974928,-0.222521,True,False,EVENING,4.0,5.0,11.0,27.0,45.0,145.0,0.0,0.0,0.0,6.72,4.715,83.44,8.45,83.437,84.495,16.56,1.55,10.26,23.29,85.603,81.414,7.59,4.52,14.89,2.18,44.856,0.06,100.0,33.798,False,,0.0,68.334,0.0,0.0,0.0,0.004,0.06,1.0,0.0,0.015,5.0,0.0,81.45,82.753,84.901,80.746,41.373,32.267,32.58,11.0,0.0,80.719,81.745,100.0,100.0,39.975,32.267,32.287,,,,,,NORMAL
563,2026-06-06 20:45:00+00:00,20,5,-0.866025,0.5,-0.974928,-0.222521,True,False,EVENING,3.0,7.0,10.0,28.0,46.0,147.0,0.0,0.0,0.0,5.04,3.896,83.71,8.46,83.714,84.589,16.29,1.54,10.07,22.87,87.512,83.181,7.83,4.55,14.62,2.23,45.861,0.0,83.467,33.836,False,,0.0,67.458,0.0,0.0,0.0,0.004,0.06,2.0,-0.11,0.0,5.0,0.0,80.582,82.289,99.047,93.699,40.562,32.267,32.233,10.0,0.0,80.078,81.532,100.0,100.0,39.282,32.267,32.031,,,,,,NORMAL
564,2026-06-06 21:00:00+00:00,21,5,-0.707107,0.707107,-0.974928,-0.222521,True,False,EVENING,1.0,4.0,9.0,29.0,47.0,146.0,0.0,0.0,0.0,1.68,4.273,83.24,8.29,83.235,82.895,16.76,1.71,10.26,23.29,85.396,81.217,7.55,4.55,14.9,2.18,44.825,0.0,32.267,33.158,False,,0.0,61.823,0.0,0.0,0.0,0.004,0.06,-1.0,0.0,0.0,5.0,0.0,78.964,81.612,100.0,100.0,39.475,8.0,31.585,9.0,0.0,81.886,82.143,100.0,100.0,40.57,100.0,32.754,,,,,,NORMAL
565,2026-06-06 21:15:00+00:00,21,5,-0.707107,0.707107,-0.974928,-0.222521,True,False,EVENING,2.0,3.0,10.0,28.0,48.0,148.0,0.0,0.0,0.0,3.36,3.378,83.29,8.23,83.292,82.277,16.71,1.77,7.33,16.85,100.0,100.0,7.42,4.55,15.04,2.15,44.313,0.0,57.867,32.911,False,,0.0,67.976,0.0,0.0,0.0,0.004,0.06,-1.0,0.0,0.0,9.0,0.0,80.415,82.135,100.0,100.0,39.938,83.467,32.166,5.0,0.0,81.045,81.623,100.0,100.0,42.323,8.0,32.418,,,,,,NORMAL
566,2026-06-06 21:30:00+00:00,21,5,-0.707107,0.707107,-0.974928,-0.222521,True,False,EVENING,1.0,3.0,7.0,28.0,48.0,148.0,0.0,0.0,0.0,1.68,4.17,82.75,8.14,82.753,81.45,17.25,1.86,10.26,23.29,84.901,80.746,6.64,4.53,15.83,2.01,41.373,0.0,32.267,32.58,False,,0.0,61.001,0.0,0.0,0.0,0.004,0.06,-4.0,-0.06,0.0,6.0,0.0,80.719,81.745,100.0,100.0,39.975,32.267,32.287,5.0,0.0,79.48,81.519,100.0,100.0,42.132,32.267,31.792,,,,,,NORMAL
567,2026-06-06 21:45:00+00:00,21,5,-0.707107,0.707107,-0.974928,-0.222521,True,False,EVENING,1.0,2.0,5.0,23.0,47.0,149.0,0.0,0.0,0.0,1.68,3.881,82.29,8.06,82.289,80.582,17.71,1.94,8.75,19.96,99.047,93.699,6.44,4.51,16.05,1.97,40.562,0.0,32.267,32.233,False,,0.0,63.904,0.0,0.0,0.0,0.004,0.06,-5.0,0.0,0.0,6.0,0.0,80.078,81.532,100.0,100.0,39.282,32.267,32.031,4.0,0.0,80.986,82.461,100.0,100.0,43.626,100.0,32.395,,,,,,NORMAL
568,2026-06-06 22:00:00+00:00,22,5,-0.5,0.866025,-0.974928,-0.222521,True,False,NIGHT,0.0,1.0,4.0,23.0,44.0,147.0,0.0,0.0,0.0,0.0,3.358,81.61,7.9,81.612,78.964,18.39,2.1,6.27,17.99,100.0,100.0,6.18,4.48,16.34,1.92,39.475,0.0,8.0,31.585,False,,0.0,62.02,0.0,0.0,0.0,0.004,0.06,-5.0,0.0,0.0,9.0,0.0,81.886,82.143,100.0,100.0,40.57,100.0,32.754,,,,,,,,,,,,,,,NORMAL
569,2026-06-06 22:15:00+00:00,22,5,-0.5,0.866025,-0.974928,-0.222521,True,False,NIGHT,3.0,3.0,5.0,26.0,45.0,147.0,0.0,0.0,0.0,5.04,2.365,82.14,8.04,82.135,80.415,17.86,1.96,4.37,13.82,100.0,100.0,6.32,4.47,16.22,1.94,39.938,0.0,83.467,32.166,False,,0.0,69.259,0.0,0.0,0.0,0.004,0.06,-5.0,0.0,0.0,5.0,0.0,81.045,81.623,100.0,100.0,42.323,8.0,32.418,,,,,,,,,,,,,,,NORMAL
570,2026-06-06 22:30:00+00:00,22,5,-0.5,0.866025,-0.974928,-0.222521,True,False,NIGHT,1.0,4.0,5.0,23.0,45.0,148.0,0.0,0.0,0.0,1.68,3.12,81.74,8.07,81.745,80.719,18.26,1.93,6.27,17.99,100.0,100.0,6.33,4.46,16.21,1.94,39.975,0.0,32.267,32.287,False,,0.0,64.629,0.0,0.0,0.0,0.004,0.06,-2.0,0.0,0.0,5.0,0.0,79.48,81.519,100.0,100.0,42.132,32.267,31.792,,,,,,,,,,,,,,,NORMAL
571,2026-06-06 22:45:00+00:00,22,5,-0.5,0.866025,-0.974928,-0.222521,True,False,NIGHT,1.0,2.0,5.0,20.0,45.0,148.0,0.0,0.0,0.0,1.68,2.789,81.53,8.01,81.532,80.078,18.47,1.99,6.02,17.45,100.0,100.0,6.16,4.45,16.39,1.91,39.282,0.0,32.267,32.031,False,,0.0,64.392,0.0,0.0,0.0,0.0,0.0,0.0,0.0,0.0,4.0,0.0,80.986,82.461,100.0,100.0,43.626,100.0,32.395,,,,,,,,,,,,,,,NORMAL
572,2026-06-06 23:00:00+00:00,23,5,-0.258819,0.965926,-0.974928,-0.222521,True,False,NIGHT,4.0,5.0,9.0,22.0,45.0,151.0,0.0,0.0,0.0,6.72,3.554,82.14,8.19,82.143,81.886,17.86,1.81,6.27,17.99,100.0,100.0,6.49,4.46,16.05,1.97,40.57,0.06,100.0,32.754,False,,0.0,71.1,0.0,0.0,0.0,0.0,0.0,5.0,0.06,0.015,,,,,,,,,,,,,,,,,,,,,,,,MODERATE
573,2026-06-06 23:15:00+00:00,23,5,-0.258819,0.965926,-0.974928,-0.222521,True,False,NIGHT,0.0,4.0,6.0,21.0,44.0,149.0,0.0,0.0,0.0,0.0,2.415,81.62,8.1,81.623,81.045,18.38,1.9,5.36,16.0,100.0,100.0,6.97,4.46,15.57,2.06,42.323,0.0,8.0,32.418,False,,0.0,62.695,0.0,0.0,0.0,0.0,0.0,1.0,0.0,0.0,,,,,,,,,,,,,,,,,,,,,,,,NORMAL
574,2026-06-06 23:30:00+00:00,23,5,-0.258819,0.965926,-0.974928,-0.222521,True,False,NIGHT,1.0,1.0,6.0,18.0,45.0,147.0,0.0,0.0,0.0,1.68,2.72,81.52,7.95,81.519,79.48,18.48,2.05,5.89,17.17,100.0,100.0,6.93,4.44,15.62,2.05,42.132,0.0,32.267,31.792,False,,0.0,64.526,0.0,0.0,0.0,0.0,0.0,1.0,0.0,0.0,,,,,,,,,,,,,,,,,,,,,,,,NORMAL
575,2026-06-06 23:45:00+00:00,23,5,-0.258819,0.965926,-0.974928,-0.222521,True,False,NIGHT,4.0,5.0,9.0,19.0,47.0,150.0,0.0,0.0,0.0,6.72,2.353,82.46,8.1,82.461,80.986,17.54,1.9,6.27,17.99,100.0,100.0,7.33,4.44,15.22,2.12,43.626,0.06,100.0,32.395,False,,0.0,71.265,0.0,0.0,0.0,0.0,0.0,4.0,0.06,0.015,,,,,,,,,,,,,,,,,,,,,,,,MODERATE
