step,timestamp,hour_of_day,day_of_week,hour_sin,hour_cos,dow_sin,dow_cos,is_weekend,is_holiday,shift_block,arrivals_15m,arrivals_30m,arrivals_1h,arrivals_3h,arrivals_6h,arrivals_24h,current_queue,critical_queue,priority_mix_critical,admissions_rate_1h,discharge_rate_1h,occupied_beds,occupied_icu,bed_occupancy,icu_occupancy,available_beds,available_icu,available_doctors,available_nurses,doctor_utilisation,nurse_utilisation,ventilators_in_use,monitors_in_use,available_equipment,reserved_equipment,equipment_utilisation,ot_backlog,ot_utilisation,emergency_resource_pressure,surge_active,surge_kind,waiting_minutes_mean,pressure_index,queue_change_15m,queue_change_30m,queue_change_1h,rolling_queue_mean,rolling_queue_max,arrival_rate_trend,ot_backlog_change_1h,queue_backlog_pressure,target_arrivals_1h,target_queue_1h,target_icu_occupancy_1h,target_bed_occupancy_1h,target_doctor_utilisation_1h,target_nurse_utilisation_1h,target_equipment_utilisation_1h,target_ot_utilisation_1h,target_emergency_resource_pressure_1h,target_arrivals_2h,target_queue_2h,target_icu_occupancy_2h,target_bed_occupancy_2h,target_doctor_utilisation_2h,target_nurse_utilisation_2h,target_equipment_utilisation_2h,target_ot_utilisation_2h,target_emergency_resource_pressure_2h,target_admissions_6h,target_discharges_6h,target_icu_occupancy_6h,target_bed_occupancy_6h,target_ot_backlog_6h,pressure_label
0,2026-06-01 00:00:00+00:00,0,0,0.0,1.0,0.0,1.0,False,False,NIGHT,1.0,1.0,1.0,1.0,1.0,1.0,2.16,0.72,0.3333,11.491,1.187,80.19,6.39,80.191,63.853,19.81,3.61,5.73,9.53,100.0,100.0,6.2,4.78,16.02,1.98,40.661,5.68,100.0,38.501,False,,3.0,68.455,0.0,0.0,0.0,2.16,2.16,0.0,0.0,1.96,5.0,0.0,66.074,81.047,100.0,100.0,35.775,100.0,26.43,9.0,0.0,65.337,79.972,100.0,100.0,36.259,81.808,26.135,6.72,3.841,76.223,81.416,0.26,NORMAL
1,2026-06-01 00:15:00+00:00,0,0,0.0,1.0,0.0,1.0,False,False,NIGHT,1.0,2.0,2.0,2.0,2.0,2.0,0.0,0.19,0.1944,5.309,2.53,80.69,6.58,80.688,65.831,19.31,3.42,6.26,10.7,100.0,100.0,6.55,4.55,15.9,2.0,41.094,5.36,100.0,26.333,False,,0.0,67.616,-2.16,0.0,0.0,1.08,2.16,0.0,0.0,1.34,4.0,0.0,66.788,80.913,100.0,100.0,37.403,91.383,26.715,11.0,0.0,64.513,79.834,100.0,100.0,37.451,78.617,25.805,0.0,3.785,75.861,80.506,0.0,NORMAL
2,2026-06-01 00:30:00+00:00,0,0,0.0,1.0,0.0,1.0,False,False,NIGHT,0.0,1.0,2.0,2.0,2.0,2.0,0.0,0.0,0.0,0.0,1.256,80.45,6.51,80.445,65.117,19.55,3.49,6.27,10.71,100.0,100.0,6.22,4.35,16.43,1.9,39.158,4.88,72.158,26.047,False,,0.0,64.74,0.0,-2.16,0.0,0.72,2.16,0.0,0.0,1.22,4.0,0.0,67.197,80.955,100.0,100.0,35.847,100.0,26.879,12.0,0.0,65.123,80.315,100.0,100.0,37.141,100.0,26.049,1.68,1.741,75.049,80.572,0.0,NORMAL
3,2026-06-01 00:45:00+00:00,0,0,0.0,1.0,0.0,1.0,False,False,NIGHT,2.0,2.0,4.0,4.0,4.0,4.0,0.0,0.0,0.0,3.36,1.805,80.76,6.59,80.757,65.885,19.24,3.41,5.93,9.96,100.0,100.0,6.16,4.21,16.63,1.87,38.409,4.72,100.0,26.354,False,,0.0,67.4,0.0,0.0,0.0,0.54,2.16,0.0,0.0,1.18,4.0,0.0,65.32,80.332,100.0,100.0,36.029,59.4,26.128,10.0,0.0,65.23,79.998,100.0,100.0,35.769,73.833,26.092,5.04,2.04,77.191,81.108,0.0,NORMAL
4,2026-06-01 01:00:00+00:00,1,0,0.258819,0.965926,0.0,1.0,False,False,NIGHT,2.0,4.0,5.0,6.0,6.0,6.0,0.0,0.0,0.0,3.36,2.125,81.05,6.61,81.047,66.074,18.95,3.39,6.27,10.71,100.0,100.0,5.57,4.09,17.34,1.74,35.775,4.56,100.0,26.43,False,,0.0,67.265,0.0,0.0,-2.16,0.432,2.16,4.0,-1.12,1.14,5.0,0.0,65.337,79.972,100.0,100.0,36.259,81.808,26.135,9.0,0.0,64.282,79.929,100.0,100.0,35.123,43.442,25.713,6.72,2.235,79.294,82.019,0.16,NORMAL
5,2026-06-01 01:15:00+00:00,1,0,0.258819,0.965926,0.0,1.0,False,False,NIGHT,1.0,3.0,5.0,7.0,7.0,7.0,0.0,0.0,0.0,1.68,1.931,80.91,6.68,80.913,66.788,19.09,3.32,6.27,10.71,100.0,100.0,6.09,4.01,16.9,1.82,37.403,4.24,91.383,26.715,False,,0.0,66.749,0.0,0.0,0.0,0.36,2.16,3.0,-1.12,1.06,4.0,0.0,64.513,79.834,100.0,100.0,37.451,78.617,25.805,12.0,0.0,65.675,80.595,100.0,100.0,34.549,100.0,26.27,5.04,3.137,80.114,82.412,0.16,NORMAL
6,2026-06-01 01:30:00+00:00,1,0,0.258819,0.965926,0.0,1.0,False,False,NIGHT,2.0,3.0,7.0,9.0,9.0,9.0,0.0,0.0,0.0,3.36,3.027,80.96,6.72,80.955,67.197,19.04,3.28,5.44,8.89,100.0,100.0,5.73,3.95,17.32,1.74,35.847,4.09,100.0,26.879,False,,0.0,67.476,0.0,0.0,0.0,0.309,2.16,5.0,-0.79,1.022,6.0,0.0,65.123,80.315,100.0,100.0,37.141,100.0,26.049,15.0,0.0,65.436,80.126,100.0,100.0,34.306,38.658,26.175,8.4,3.914,82.998,83.246,0.48,NORMAL
7,2026-06-01 01:45:00+00:00,1,0,0.258819,0.965926,0.0,1.0,False,False,NIGHT,0.0,2.0,5.0,9.0,9.0,9.0,0.0,0.0,0.0,0.0,3.242,80.33,6.53,80.332,65.32,19.67,3.47,6.27,10.71,100.0,100.0,5.85,3.88,17.27,1.75,36.029,3.61,59.4,26.128,False,,0.0,63.326,0.0,0.0,0.0,0.27,2.16,1.0,-1.11,0.902,4.0,0.0,65.23,79.998,100.0,100.0,35.769,73.833,26.092,17.0,0.0,64.926,79.739,100.0,100.0,34.509,61.067,25.97,3.36,2.732,82.793,83.423,0.32,NORMAL
8,2026-06-01 02:00:00+00:00,2,0,0.5,0.866025,0.0,1.0,False,False,NIGHT,1.0,1.0,4.0,10.0,10.0,10.0,0.0,0.0,0.0,1.68,3.114,79.97,6.53,79.972,65.337,20.03,3.47,5.94,9.99,100.0,100.0,5.97,3.82,17.21,1.76,36.259,3.29,81.808,26.135,False,,0.0,65.287,0.0,0.0,0.0,0.24,2.16,-1.0,-1.27,0.822,4.0,0.0,64.282,79.929,100.0,100.0,35.123,43.442,25.713,17.0,0.0,66.784,79.93,100.0,100.0,33.981,100.0,26.714,1.68,4.04,82.962,82.816,0.01,NORMAL
9,2026-06-01 02:15:00+00:00,2,0,0.5,0.866025,0.0,1.0,False,False,NIGHT,1.0,2.0,4.0,11.0,11.0,11.0,0.0,0.0,0.0,1.68,2.561,79.83,6.45,79.834,64.513,20.17,3.55,6.27,10.71,100.0,100.0,6.35,3.77,16.89,1.82,37.451,2.97,78.617,25.805,False,,0.0,64.912,0.0,0.0,0.0,0.216,2.16,-1.0,-1.27,0.742,7.0,0.0,65.675,80.595,100.0,100.0,34.549,100.0,26.27,18.0,0.0,68.146,80.041,100.0,100.0,34.421,85.083,27.259,3.36,3.524,82.342,82.837,0.0,NORMAL
10,2026-06-01 02:30:00+00:00,2,0,0.5,0.866025,0.0,1.0,False,False,NIGHT,2.0,3.0,4.0,13.0,13.0,13.0,0.0,0.0,0.0,3.36,1.193,80.32,6.51,80.315,65.123,19.68,3.49,6.27,10.71,100.0,100.0,6.3,3.73,16.97,1.81,37.141,2.81,100.0,26.049,False,,0.0,67.037,0.0,0.0,0.0,0.196,2.16,-3.0,-1.28,0.702,6.0,0.0,65.436,80.126,100.0,100.0,34.306,38.658,26.175,16.0,0.0,67.445,79.507,100.0,100.0,33.534,29.092,26.978,8.4,3.459,83.953,83.912,0.32,NORMAL
11,2026-06-01 02:45:00+00:00,2,0,0.5,0.866025,0.0,1.0,False,False,NIGHT,1.0,3.0,5.0,14.0,14.0,14.0,0.0,0.0,0.0,1.68,2.907,80.0,6.52,79.998,65.23,20.0,3.48,6.27,10.71,100.0,100.0,5.96,3.7,17.34,1.74,35.769,2.49,73.833,26.092,False,,0.0,64.51,0.0,0.0,0.0,0.18,2.16,0.0,-1.12,0.622,6.0,0.0,64.926,79.739,100.0,100.0,34.509,61.067,25.97,17.0,0.0,67.081,79.452,100.0,100.0,32.493,24.3,26.832,0.0,5.002,81.781,82.878,0.0,NORMAL
12,2026-06-01 03:00:00+00:00,3,0,0.707107,0.707107,0.0,1.0,False,False,NIGHT,0.0,1.0,4.0,13.0,14.0,14.0,0.0,0.0,0.0,0.0,0.653,79.93,6.43,79.929,64.282,20.07,3.57,6.03,10.19,100.0,100.0,5.82,3.67,17.52,1.71,35.123,2.01,43.442,25.713,False,,0.0,61.512,0.0,0.0,0.0,0.166,2.16,0.0,-1.28,0.502,5.0,0.0,66.784,79.93,100.0,100.0,33.981,100.0,26.714,20.0,0.0,68.877,79.987,100.0,100.0,33.008,100.0,27.551,3.36,3.285,81.798,82.895,0.0,NORMAL
13,2026-06-01 03:15:00+00:00,3,0,0.707107,0.707107,0.0,1.0,False,False,NIGHT,3.0,3.0,6.0,15.0,17.0,17.0,0.0,0.0,0.0,5.04,1.818,80.6,6.57,80.595,65.675,19.4,3.43,6.13,10.4,100.0,100.0,5.67,3.66,17.67,1.68,34.549,2.01,100.0,26.27,False,,0.0,66.975,0.0,0.0,0.0,0.154,2.16,2.0,-0.96,0.502,5.0,0.0,68.146,80.041,100.0,100.0,34.421,85.083,27.259,21.0,0.0,72.886,81.444,100.0,100.0,34.358,100.0,29.154,8.4,3.506,85.104,83.788,0.32,NORMAL
14,2026-06-01 03:30:00+00:00,3,0,0.707107,0.707107,0.0,1.0,False,False,NIGHT,0.0,3.0,4.0,15.0,17.0,17.0,0.0,0.0,0.0,0.0,1.972,80.13,6.54,80.126,65.436,19.87,3.46,6.27,10.71,100.0,100.0,5.62,3.64,17.74,1.67,34.306,1.53,38.658,26.175,False,,0.0,61.282,0.0,0.0,0.0,0.144,2.16,0.0,-1.28,0.382,9.0,0.0,67.445,79.507,100.0,100.0,33.534,29.092,26.978,18.0,0.0,73.548,81.633,100.0,100.0,33.85,78.725,29.419,8.4,6.228,87.338,84.108,0.64,NORMAL
15,2026-06-01 03:45:00+00:00,3,0,0.707107,0.707107,0.0,1.0,False,False,NIGHT,1.0,1.0,4.0,14.0,18.0,18.0,0.0,0.0,0.0,1.68,3.433,79.74,6.49,79.739,64.926,20.26,3.51,6.27,10.71,100.0,100.0,5.69,3.63,17.68,1.68,34.509,1.21,61.067,25.97,False,,0.0,63.13,0.0,0.0,0.0,0.135,2.16,-1.0,-1.28,0.302,11.0,0.0,67.081,79.452,100.0,100.0,32.493,24.3,26.832,21.0,0.0,73.662,80.953,100.0,100.0,36.316,49.933,29.465,3.36,3.933,85.74,84.124,0.48,NORMAL
16,2026-06-01 04:00:00+00:00,4,0,0.866025,0.5,0.0,1.0,False,False,NIGHT,3.0,4.0,7.0,15.0,21.0,21.0,0.0,0.0,0.0,5.04,3.535,79.93,6.68,79.93,66.784,20.07,3.32,6.27,10.71,100.0,100.0,5.54,3.64,17.83,1.65,33.981,1.21,100.0,26.714,False,,0.0,67.0,0.0,0.0,0.0,0.0,0.0,3.0,-0.8,0.302,12.0,0.0,68.877,79.987,100.0,100.0,33.008,100.0,27.551,22.0,0.0,76.223,81.416,71.597,100.0,39.065,100.0,30.489,6.72,3.768,86.124,84.824,0.64,NORMAL
17,2026-06-01 04:15:00+00:00,4,0,0.866025,0.5,0.0,1.0,False,False,NIGHT,2.0,5.0,6.0,16.0,23.0,23.0,0.0,0.0,0.0,3.36,2.371,80.04,6.81,80.041,68.146,19.96,3.19,6.27,10.71,100.0,100.0,5.63,3.66,17.71,1.67,34.421,1.05,85.083,27.259,False,,0.0,65.994,0.0,0.0,0.0,0.0,0.0,0.0,-0.96,0.262,13.0,0.0,72.886,81.444,100.0,100.0,34.358,100.0,29.154,19.0,0.0,75.861,80.506,75.862,100.0,40.419,23.333,30.344,0.0,4.46,83.634,83.958,0.16,NORMAL
18,2026-06-01 04:30:00+00:00,4,0,0.866025,0.5,0.0,1.0,False,False,NIGHT,0.0,2.0,6.0,14.0,23.0,23.0,0.0,0.0,0.0,0.0,2.416,79.51,6.74,79.507,67.445,20.49,3.26,6.27,10.71,100.0,100.0,5.38,3.67,17.95,1.63,33.534,0.58,29.092,26.978,False,,0.0,60.617,0.0,0.0,0.0,0.0,0.0,2.0,-0.95,0.145,7.0,0.0,73.548,81.633,100.0,100.0,33.85,78.725,29.419,21.0,0.0,75.049,80.572,70.854,100.0,39.078,48.933,30.02,6.72,4.163,84.791,84.482,0.33,NORMAL
19,2026-06-01 04:45:00+00:00,4,0,0.866025,0.5,0.0,1.0,False,False,NIGHT,0.0,0.0,5.0,14.0,23.0,23.0,0.0,0.0,0.0,0.0,0.365,79.45,6.71,79.452,67.081,20.55,3.29,6.27,10.71,100.0,100.0,5.1,3.67,18.23,1.58,32.493,0.1,24.3,26.832,False,,0.0,60.007,0.0,0.0,0.0,0.0,0.0,1.0,-1.11,0.025,6.0,0.0,73.662,80.953,100.0,100.0,36.316,49.933,29.465,25.0,0.0,77.191,81.108,80.699,100.0,41.289,100.0,30.876,6.72,4.949,85.765,84.827,0.49,NORMAL
20,2026-06-01 05:00:00+00:00,5,0,0.965926,0.258819,0.0,1.0,False,False,NIGHT,3.0,3.0,5.0,16.0,26.0,26.0,0.0,0.0,0.0,5.04,2.183,79.99,6.89,79.987,68.877,20.01,3.11,6.1,10.35,100.0,100.0,5.22,3.7,18.09,1.6,33.008,0.1,100.0,27.551,False,,0.0,67.343,0.0,0.0,0.0,0.0,0.0,-2.0,-1.11,0.025,8.0,0.0,76.223,81.416,71.597,100.0,39.065,100.0,30.489,22.0,0.0,79.294,82.019,79.754,100.0,41.771,100.0,31.718,8.535,4.402,87.462,85.69,1.13,NORMAL
21,2026-06-01 05:15:00+00:00,5,0,0.965926,0.258819,0.0,1.0,False,False,NIGHT,6.0,9.0,9.0,21.0,32.0,32.0,0.0,0.0,0.0,10.08,2.649,81.44,7.29,81.444,72.886,18.56,2.71,5.74,9.55,100.0,100.0,5.52,3.76,17.72,1.67,34.358,0.58,100.0,29.154,False,,0.0,68.587,0.0,0.0,0.0,0.0,0.0,3.0,-0.47,0.145,8.0,0.0,75.861,80.506,75.862,100.0,40.419,23.333,30.344,20.0,0.0,80.114,82.412,80.299,100.0,40.297,100.0,32.046,8.187,4.104,88.101,86.647,1.29,NORMAL
22,2026-06-01 05:30:00+00:00,5,0,0.965926,0.258819,0.0,1.0,False,False,NIGHT,2.0,8.0,11.0,21.0,34.0,34.0,0.0,0.0,0.0,3.36,2.338,81.63,7.35,81.633,73.548,18.37,2.65,6.27,10.71,100.0,100.0,5.32,3.82,17.86,1.65,33.85,0.42,78.725,29.419,False,,0.0,66.801,0.0,0.0,0.0,0.0,0.0,5.0,-0.16,0.105,11.0,0.0,75.049,80.572,70.854,100.0,39.078,48.933,30.02,22.0,0.0,82.998,83.246,73.205,100.0,41.739,100.0,33.199,1.757,6.977,86.74,85.479,0.81,NORMAL
23,2026-06-01 05:45:00+00:00,5,0,0.965926,0.258819,0.0,1.0,False,False,NIGHT,1.0,3.0,12.0,21.0,35.0,35.0,0.0,0.0,0.0,1.68,4.356,80.95,7.37,80.953,73.662,19.05,2.63,6.27,10.71,100.0,100.0,5.94,3.86,17.19,1.76,36.316,0.1,49.933,29.465,False,,0.0,64.304,0.0,0.0,0.0,0.0,0.0,7.0,0.0,0.025,15.0,0.0,77.191,81.108,80.699,100.0,41.289,100.0,30.876,22.0,0.0,82.793,83.423,73.362,100.0,41.014,77.775,33.117,8.278,6.707,88.505,85.695,1.45,NORMAL
24,2026-06-01 06:00:00+00:00,6,0,1.0,0.0,0.0,1.0,False,False,MORNING,4.0,5.0,13.0,25.0,38.0,39.0,0.0,0.0,0.0,6.72,3.841,81.42,7.62,81.416,76.223,18.58,2.38,11.97,16.21,71.597,100.0,6.62,3.93,16.45,1.9,39.065,0.26,100.0,30.489,False,,0.0,66.264,0.0,0.0,0.0,0.0,0.0,8.0,0.16,0.065,14.0,0.0,79.294,82.019,79.754,100.0,41.771,100.0,31.718,22.0,0.0,82.962,82.816,78.251,100.0,42.16,48.983,33.185,8.168,4.428,89.059,86.575,1.45,NORMAL
25,2026-06-01 06:15:00+00:00,6,0,1.0,0.0,0.0,1.0,False,False,MORNING,0.0,4.0,7.0,22.0,37.0,39.0,0.0,0.0,0.0,0.0,3.785,80.51,7.59,80.506,75.861,19.49,2.41,11.17,14.46,75.862,100.0,6.94,3.98,16.09,1.96,40.419,0.0,23.333,30.344,False,,0.0,59.725,0.0,0.0,0.0,0.0,0.0,-2.0,-0.58,0.0,11.0,0.0,80.114,82.412,80.299,100.0,40.297,100.0,32.046,25.0,0.0,82.342,82.837,75.801,100.0,41.498,74.533,32.937,7.074,5.014,89.851,87.01,1.61,NORMAL
26,2026-06-01 06:30:00+00:00,6,0,1.0,0.0,0.0,1.0,False,False,MORNING,1.0,1.0,6.0,23.0,38.0,40.0,0.0,0.0,0.0,1.68,1.741,80.57,7.5,80.572,75.049,19.43,2.5,11.97,16.21,70.854,100.0,6.54,4.01,16.45,1.9,39.078,0.0,48.933,30.02,False,,0.0,61.159,0.0,0.0,0.0,0.0,0.0,-5.0,-0.42,0.0,10.0,0.0,82.998,83.246,73.205,100.0,41.739,100.0,33.199,23.0,0.0,83.953,83.912,76.828,100.0,42.568,100.0,33.581,3.36,6.586,88.818,86.307,1.45,NORMAL
27,2026-06-01 06:45:00+00:00,6,0,1.0,0.0,0.0,1.0,False,False,MORNING,3.0,4.0,8.0,25.0,39.0,43.0,0.0,0.0,0.0,5.04,2.04,81.11,7.72,81.108,77.191,18.89,2.28,10.58,13.16,80.699,100.0,7.09,4.06,15.85,2.01,41.289,0.0,100.0,30.876,False,,0.0,67.682,0.0,0.0,0.0,0.0,0.0,-4.0,-0.1,0.0,10.0,0.0,82.793,83.423,73.362,100.0,41.014,77.775,33.117,22.0,0.0,81.781,82.878,72.882,100.0,41.541,23.333,32.712,5.04,4.808,88.482,86.399,1.45,NORMAL
28,2026-06-01 07:00:00+00:00,7,0,0.965926,-0.258819,0.0,1.0,False,False,MORNING,4.0,7.0,8.0,26.0,41.0,47.0,0.0,0.0,0.0,6.72,2.235,82.02,7.93,82.019,79.294,17.98,2.07,10.83,13.7,79.754,100.0,7.16,4.12,15.72,2.03,41.771,0.16,100.0,31.718,False,,0.0,68.233,0.0,0.0,0.0,0.0,0.0,-5.0,-0.1,0.04,8.0,0.0,82.962,82.816,78.251,100.0,42.16,48.983,33.185,26.0,0.0,81.798,82.895,72.926,100.0,42.802,74.533,32.719,3.36,3.416,87.99,86.434,1.29,NORMAL
29,2026-06-01 07:15:00+00:00,7,0,0.965926,-0.258819,0.0,1.0,False,False,MORNING,3.0,7.0,11.0,27.0,43.0,50.0,0.0,0.0,0.0,5.04,3.137,82.41,8.01,82.412,80.114,17.59,1.99,10.8,13.65,80.299,100.0,6.71,4.17,16.12,1.96,40.297,0.16,100.0,32.046,False,,0.0,68.416,0.0,0.0,0.0,0.0,0.0,4.0,0.16,0.04,9.0,0.0,82.342,82.837,75.801,100.0,41.498,74.533,32.937,31.0,0.0,85.104,83.788,74.628,100.0,44.072,100.0,34.042,3.36,6.202,86.714,85.851,1.13,NORMAL
30,2026-06-01 07:30:00+00:00,7,0,0.965926,-0.258819,0.0,1.0,False,False,MORNING,5.0,8.0,15.0,32.0,46.0,55.0,0.0,0.0,0.0,8.4,3.914,83.25,8.3,83.246,82.998,16.75,1.7,11.97,16.21,73.205,100.0,7.02,4.25,15.73,2.03,41.739,0.48,100.0,33.199,False,,0.0,68.455,0.0,0.0,0.0,0.0,0.0,9.0,0.48,0.12,12.0,0.0,83.953,83.912,76.828,100.0,42.568,100.0,33.581,30.0,0.0,87.338,84.108,85.91,100.0,46.662,100.0,34.935,1.68,3.748,84.795,85.526,0.82,NORMAL
31,2026-06-01 07:45:00+00:00,7,0,0.965926,-0.258819,0.0,1.0,False,False,MORNING,2.0,7.0,14.0,34.0,48.0,57.0,0.0,0.0,0.0,3.36,2.732,83.42,8.28,83.423,82.793,16.58,1.72,11.97,16.21,73.362,100.0,6.76,4.31,15.93,1.99,41.014,0.32,77.775,33.117,False,,0.0,66.406,0.0,0.0,0.0,0.0,0.0,6.0,0.32,0.08,12.0,0.0,81.781,82.878,72.882,100.0,41.541,23.333,32.712,25.0,0.0,85.74,84.124,73.978,100.0,46.674,79.358,34.296,3.36,5.988,84.024,84.946,0.66,NORMAL
32,2026-06-01 08:00:00+00:00,8,0,0.866025,-0.5,0.0,1.0,False,False,MORNING,1.0,3.0,11.0,32.0,48.0,58.0,0.0,0.0,0.0,1.68,4.04,82.82,8.3,82.816,82.962,17.18,1.7,11.14,14.39,78.251,100.0,7.02,4.36,15.62,2.05,42.16,0.01,48.983,33.185,False,,0.0,64.405,0.0,0.0,0.0,0.0,0.0,3.0,-0.15,0.002,14.0,0.0,81.798,82.895,72.926,100.0,42.802,74.533,32.719,30.0,0.0,86.124,84.824,74.593,100.0,47.062,100.0,34.45,3.36,6.084,83.479,84.32,0.5,NORMAL
33,2026-06-01 08:15:00+00:00,8,0,0.866025,-0.5,0.0,1.0,False,False,MORNING,2.0,3.0,10.0,28.0,49.0,60.0,0.0,0.0,0.0,3.36,3.524,82.84,8.23,82.837,82.342,17.16,1.77,11.5,15.19,75.801,100.0,6.81,4.4,15.8,2.02,41.498,0.0,74.533,32.937,False,,0.0,66.231,0.0,0.0,0.0,0.0,0.0,-1.0,-0.16,0.0,16.0,0.0,85.104,83.788,74.628,100.0,44.072,100.0,34.042,29.0,0.0,83.634,83.958,73.92,100.0,47.559,24.975,33.454,3.36,4.268,82.758,84.165,0.34,NORMAL
34,2026-06-01 08:30:00+00:00,8,0,0.866025,-0.5,0.0,1.0,False,False,MORNING,5.0,7.0,10.0,31.0,52.0,65.0,0.0,0.0,0.0,8.4,3.459,83.91,8.4,83.912,83.953,16.09,1.6,11.5,15.17,76.828,100.0,7.05,4.44,15.51,2.07,42.568,0.32,100.0,33.581,False,,0.0,69.302,0.0,0.0,0.0,0.0,0.0,-5.0,-0.16,0.08,11.0,0.0,87.338,84.108,85.91,100.0,46.662,100.0,34.935,33.0,0.0,84.791,84.482,77.489,100.0,46.551,100.0,33.916,8.83,5.775,84.789,84.726,0.82,NORMAL
35,2026-06-01 08:45:00+00:00,8,0,0.866025,-0.5,0.0,1.0,False,False,MORNING,0.0,5.0,8.0,30.0,51.0,65.0,0.0,0.0,0.0,0.0,5.002,82.88,8.18,82.878,81.781,17.12,1.82,11.97,16.21,72.882,100.0,6.76,4.45,15.78,2.02,41.541,0.0,23.333,32.712,False,,0.0,61.174,0.0,0.0,0.0,0.0,0.0,-6.0,-0.32,0.0,10.0,0.0,85.74,84.124,73.978,100.0,46.674,79.358,34.296,31.0,0.0,85.765,84.827,90.799,100.0,45.657,100.0,34.306,6.29,4.693,85.905,85.013,0.82,NORMAL
36,2026-06-01 09:00:00+00:00,9,0,0.707107,-0.707107,0.0,1.0,False,False,MORNING,2.0,2.0,9.0,28.0,53.0,67.0,0.0,0.0,0.0,3.36,3.285,82.9,8.18,82.895,81.798,17.1,1.82,11.97,16.2,72.926,100.0,7.1,4.46,15.44,2.08,42.802,0.0,74.533,32.719,False,,0.0,65.908,0.0,0.0,0.0,0.0,0.0,-2.0,-0.01,0.0,12.0,0.0,86.124,84.824,74.593,100.0,47.062,100.0,34.45,30.0,1.92,87.462,85.69,88.203,100.0,45.444,100.0,46.502,5.04,5.671,86.563,84.79,0.82,NORMAL
37,2026-06-01 09:15:00+00:00,9,0,0.707107,-0.707107,0.0,1.0,False,False,MORNING,5.0,7.0,12.0,33.0,55.0,72.0,0.0,0.0,0.0,8.4,3.506,83.79,8.51,83.788,85.104,16.21,1.49,11.82,15.88,74.628,100.0,7.39,4.51,15.1,2.14,44.072,0.32,100.0,34.042,False,,0.0,69.376,0.0,0.0,0.0,0.0,0.0,2.0,0.32,0.08,15.0,0.0,83.634,83.958,73.92,100.0,47.559,24.975,33.454,25.0,1.05,88.101,86.647,77.499,100.0,44.918,100.0,41.517,5.04,3.446,86.244,85.22,0.82,NORMAL
38,2026-06-01 09:30:00+00:00,9,0,0.707107,-0.707107,0.0,1.0,False,False,MORNING,5.0,10.0,12.0,37.0,60.0,77.0,0.0,0.0,0.0,8.4,6.228,84.11,8.73,84.108,87.338,15.89,1.27,10.31,12.55,85.91,100.0,8.03,4.56,14.4,2.27,46.662,0.64,100.0,34.935,False,,0.0,71.48,0.0,0.0,0.0,0.0,0.0,2.0,0.32,0.16,19.0,0.0,84.791,84.482,77.489,100.0,46.551,100.0,33.916,23.0,0.0,86.74,85.479,75.169,100.0,44.946,31.417,34.696,3.36,4.523,85.863,84.967,0.66,MODERATE
39,2026-06-01 09:45:00+00:00,9,0,0.707107,-0.707107,0.0,1.0,False,False,MORNING,2.0,7.0,14.0,36.0,61.0,79.0,0.0,0.0,0.0,3.36,3.933,84.12,8.57,84.124,85.74,15.88,1.43,11.97,16.21,73.978,100.0,8.01,4.59,14.4,2.27,46.674,0.48,79.358,34.296,False,,0.0,67.876,0.0,0.0,0.0,0.0,0.0,6.0,0.48,0.12,15.0,0.0,85.765,84.827,90.799,100.0,45.657,100.0,34.306,24.0,2.07,88.505,85.695,76.18,100.0,45.408,100.0,47.838,5.04,5.929,85.708,84.761,0.66,NORMAL
40,2026-06-01 10:00:00+00:00,10,0,0.5,-0.866025,0.0,1.0,False,False,MORNING,4.0,6.0,16.0,36.0,62.0,83.0,0.0,0.0,0.0,6.72,3.768,84.82,8.61,84.824,86.124,15.18,1.39,11.97,16.21,74.593,100.0,8.08,4.62,14.29,2.29,47.062,0.64,100.0,34.45,False,,0.0,70.073,0.0,0.0,0.0,0.0,0.0,7.0,0.64,0.16,18.0,1.92,87.462,85.69,88.203,100.0,45.444,100.0,46.502,19.0,0.21,89.059,86.575,77.844,100.0,44.106,100.0,36.887,6.72,3.679,86.316,85.46,0.82,MODERATE
41,2026-06-01 10:15:00+00:00,10,0,0.5,-0.866025,0.0,1.0,False,False,MORNING,0.0,4.0,11.0,33.0,60.0,83.0,0.0,0.0,0.0,0.0,4.46,83.96,8.36,83.958,83.634,16.04,1.64,11.96,16.18,73.92,100.0,8.22,4.62,14.16,2.31,47.559,0.16,24.975,33.454,False,,0.0,62.596,0.0,0.0,0.0,0.0,0.0,-1.0,-0.16,0.04,14.0,1.05,88.101,86.647,77.499,100.0,44.918,100.0,41.517,18.0,0.0,89.851,87.01,90.915,100.0,46.391,100.0,35.94,5.04,4.229,86.706,85.624,0.82,NORMAL
42,2026-06-01 10:30:00+00:00,10,0,0.5,-0.866025,0.0,1.0,False,False,MORNING,4.0,4.0,10.0,32.0,64.0,87.0,0.0,0.0,0.0,6.72,4.163,84.48,8.48,84.482,84.791,15.52,1.52,11.48,15.13,77.489,100.0,7.94,4.63,14.43,2.26,46.551,0.33,100.0,33.916,False,,0.0,70.033,0.0,0.0,0.0,0.0,0.0,-2.0,-0.31,0.082,14.0,0.0,86.74,85.479,75.169,100.0,44.946,31.417,34.696,16.0,0.0,88.818,86.307,75.898,100.0,47.133,89.05,35.527,5.04,5.351,86.963,85.52,0.82,MODERATE
43,2026-06-01 10:45:00+00:00,10,0,0.5,-0.866025,0.0,1.0,False,False,MORNING,4.0,8.0,12.0,34.0,68.0,91.0,0.0,0.0,0.0,6.72,4.949,84.83,8.58,84.827,85.765,15.17,1.42,9.83,11.51,90.799,100.0,7.68,4.65,14.67,2.22,45.657,0.49,100.0,34.306,False,,0.0,71.82,0.0,0.0,0.0,0.0,0.0,-2.0,0.01,0.122,16.0,2.07,88.505,85.695,76.18,100.0,45.408,100.0,47.838,20.0,0.0,88.482,86.399,78.485,100.0,47.091,100.0,35.393,8.259,4.591,87.668,86.367,1.15,MODERATE
44,2026-06-01 11:00:00+00:00,11,0,0.258819,-0.965926,0.0,1.0,False,False,MORNING,7.0,11.0,15.0,40.0,72.0,98.0,1.92,0.0,0.0,8.535,4.402,85.69,8.75,85.69,87.462,14.31,1.25,10.33,12.61,88.203,100.0,7.52,4.75,14.73,2.21,45.444,1.13,100.0,46.502,False,,3.6,73.247,1.92,1.92,1.92,0.12,1.92,-1.0,0.49,0.762,12.0,0.21,89.059,86.575,77.844,100.0,44.106,100.0,36.887,20.0,0.0,87.99,86.434,76.009,100.0,46.467,87.467,35.196,1.821,6.609,85.589,85.378,0.83,MODERATE
45,2026-06-01 11:15:00+00:00,11,0,0.258819,-0.965926,0.0,1.0,False,False,MORNING,4.0,11.0,19.0,42.0,70.0,102.0,1.05,0.17,0.1651,8.187,4.104,86.65,8.81,86.647,88.101,13.35,1.19,11.83,15.91,77.499,100.0,7.32,4.8,14.87,2.18,44.918,1.29,100.0,41.517,False,,2.0,71.697,-0.8699999999999999,1.05,1.05,0.186,1.92,8.0,1.13,0.585,11.0,0.0,89.851,87.01,90.915,100.0,46.391,100.0,35.94,21.0,0.0,86.714,85.851,81.53,100.0,46.011,85.875,34.686,8.334,5.197,87.381,85.983,1.15,MODERATE
46,2026-06-01 11:30:00+00:00,11,0,0.258819,-0.965926,0.0,1.0,False,False,MORNING,0.0,4.0,15.0,37.0,68.0,102.0,0.0,0.09,0.0942,1.757,6.977,85.48,8.67,85.479,86.74,14.52,1.33,11.97,16.21,75.169,100.0,7.34,4.8,14.86,2.18,44.946,0.81,31.417,34.696,False,,0.0,64.046,-1.05,-1.92,0.0,0.186,1.92,5.0,0.48,0.202,9.0,0.0,88.818,86.307,75.898,100.0,47.133,89.05,35.527,22.0,0.0,84.795,85.526,82.946,100.0,45.454,57.083,33.918,6.786,5.759,88.03,86.175,1.31,NORMAL
47,2026-06-01 11:45:00+00:00,11,0,0.258819,-0.965926,0.0,1.0,False,False,MORNING,7.0,7.0,18.0,44.0,74.0,109.0,2.07,0.0,0.0,8.278,6.707,85.69,8.85,85.695,88.505,14.31,1.15,11.97,16.21,76.18,100.0,7.37,4.89,14.74,2.21,45.408,1.45,100.0,47.838,False,,4.0,72.107,2.07,1.0199999999999998,2.07,0.315,2.07,6.0,0.96,0.88,8.0,0.0,88.482,86.399,78.485,100.0,47.091,100.0,35.393,23.0,0.0,84.024,84.946,74.701,100.0,45.385,81.092,33.61,6.72,5.276,88.301,86.509,1.47,MODERATE
48,2026-06-01 12:00:00+00:00,12,0,0.0,-1.0,0.0,1.0,False,False,MORNING,3.0,10.0,14.0,45.0,73.0,112.0,0.21,0.19,0.1865,8.168,4.428,86.57,8.91,86.575,89.059,13.43,1.09,11.72,15.66,77.844,100.0,7.01,4.9,15.09,2.14,44.106,1.45,100.0,36.887,False,,0.4,71.304,-1.8599999999999999,0.21,-1.71,0.328,2.07,-1.0,0.32,0.415,7.0,0.0,87.99,86.434,76.009,100.0,46.467,87.467,35.196,24.0,0.0,83.479,84.32,86.509,100.0,44.537,79.5,33.392,1.68,5.35,87.077,85.714,1.15,MODERATE
49,2026-06-01 12:15:00+00:00,12,0,0.0,-1.0,0.0,1.0,False,False,MORNING,4.0,7.0,14.0,44.0,77.0,116.0,0.0,0.02,0.019,7.074,5.014,87.01,8.99,87.01,89.851,12.99,1.01,10.07,12.04,90.915,100.0,7.62,4.91,14.47,2.25,46.391,1.61,100.0,35.94,False,,0.0,73.197,-0.21,-2.07,-1.05,0.328,2.07,-5.0,0.32,0.402,7.0,0.0,86.714,85.851,81.53,100.0,46.011,85.875,34.686,26.0,0.0,82.758,84.165,86.9,100.0,46.078,77.908,33.103,6.72,4.996,88.247,86.028,1.31,MODERATE
50,2026-06-01 12:30:00+00:00,12,0,0.0,-1.0,0.0,1.0,False,False,MORNING,2.0,6.0,16.0,41.0,78.0,118.0,0.0,0.0,0.0,3.36,6.586,86.31,8.88,86.307,88.818,13.69,1.12,11.97,16.21,75.898,100.0,7.82,4.9,14.27,2.29,47.133,1.45,89.05,35.527,False,,0.0,70.115,0.0,-0.21,0.0,0.328,2.07,1.0,0.64,0.362,7.0,0.0,84.795,85.526,82.946,100.0,45.454,57.083,33.918,27.0,0.74,84.789,84.726,87.268,100.0,45.5,100.0,38.379,6.72,5.659,89.32,86.186,1.47,MODERATE
51,2026-06-01 12:45:00+00:00,12,0,0.0,-1.0,0.0,1.0,False,False,MORNING,3.0,5.0,12.0,42.0,78.0,121.0,0.0,0.0,0.0,5.04,4.808,86.4,8.85,86.399,88.482,13.6,1.15,11.59,15.37,78.485,100.0,7.82,4.89,14.29,2.29,47.091,1.45,100.0,35.393,False,,0.0,71.361,0.0,0.0,-2.07,0.328,2.07,-6.0,0.0,0.362,12.0,0.0,84.024,84.946,74.701,100.0,45.385,81.092,33.61,24.0,0.0,85.905,85.013,87.22,100.0,45.774,100.0,34.362,7.973,4.895,90.572,86.83,2.11,MODERATE
52,2026-06-01 13:00:00+00:00,13,0,-0.258819,-0.965926,0.0,1.0,False,False,MORNING,2.0,5.0,11.0,40.0,76.0,123.0,0.0,0.0,0.0,3.36,3.416,86.43,8.8,86.434,87.99,13.57,1.2,11.97,16.21,76.009,100.0,7.66,4.88,14.45,2.26,46.467,1.29,87.467,35.196,False,,0.0,69.789,0.0,0.0,-0.21,0.328,2.07,-3.0,-0.16,0.322,13.0,0.0,83.479,84.32,86.509,100.0,44.537,79.5,33.392,26.0,0.0,86.563,84.79,100.0,100.0,45.336,100.0,34.625,7.714,5.616,91.646,87.247,2.11,NORMAL
53,2026-06-01 13:15:00+00:00,13,0,-0.258819,-0.965926,0.0,1.0,False,False,MORNING,2.0,4.0,9.0,42.0,75.0,125.0,0.0,0.0,0.0,3.36,6.202,85.85,8.67,85.851,86.714,14.15,1.33,11.08,14.27,81.53,100.0,7.56,4.86,14.58,2.24,46.011,1.13,85.875,34.686,False,,0.0,69.883,0.0,0.0,0.0,0.328,2.07,-5.0,-0.48,0.282,14.0,0.0,82.758,84.165,86.9,100.0,46.078,77.908,33.103,24.0,0.0,86.244,85.22,87.432,100.0,44.975,100.0,34.497,7.542,5.397,91.752,87.773,2.27,NORMAL
54,2026-06-01 13:30:00+00:00,13,0,-0.258819,-0.965926,0.0,1.0,False,False,MORNING,1.0,3.0,8.0,39.0,71.0,126.0,0.0,0.0,0.0,1.68,3.748,85.53,8.48,85.526,84.795,14.47,1.52,10.85,13.76,82.946,100.0,7.45,4.82,14.73,2.21,45.454,0.82,57.083,33.918,False,,0.0,66.957,0.0,0.0,0.0,0.328,2.07,-8.0,-0.63,0.205,15.0,0.74,84.789,84.726,87.268,100.0,45.5,100.0,38.379,26.0,0.0,85.863,84.967,87.173,100.0,44.122,81.15,34.345,7.346,6.708,92.569,87.851,2.75,NORMAL
55,2026-06-01 13:45:00+00:00,13,0,-0.258819,-0.965926,0.0,1.0,False,False,MORNING,2.0,3.0,7.0,37.0,71.0,128.0,0.0,0.0,0.0,3.36,5.988,84.95,8.4,84.946,84.024,15.05,1.6,11.97,16.21,74.701,100.0,7.47,4.78,14.75,2.21,45.385,0.66,81.092,33.61,False,,0.0,67.84,0.0,0.0,0.0,0.328,2.07,-5.0,-0.79,0.165,11.0,0.0,85.905,85.013,87.22,100.0,45.774,100.0,34.362,28.0,0.0,85.708,84.761,89.832,100.0,43.892,100.0,34.283,7.303,5.52,93.322,88.221,2.92,NORMAL
56,2026-06-01 14:00:00+00:00,14,0,-0.5,-0.866025,0.0,1.0,False,False,EVENING,2.0,4.0,7.0,32.0,72.0,130.0,0.0,0.0,0.0,3.36,6.084,84.32,8.35,84.32,83.479,15.68,1.65,10.26,13.77,86.509,100.0,7.28,4.74,14.98,2.16,44.537,0.5,79.5,33.392,False,,0.0,68.791,0.0,0.0,0.0,0.328,2.07,-4.0,-0.79,0.125,11.0,0.0,86.563,84.79,100.0,100.0,45.336,100.0,34.625,29.0,0.0,86.316,85.46,87.678,100.0,45.324,100.0,34.526,7.154,5.847,92.449,88.635,3.24,NORMAL
57,2026-06-01 14:15:00+00:00,14,0,-0.5,-0.866025,0.0,1.0,False,False,EVENING,2.0,4.0,7.0,30.0,72.0,132.0,0.0,0.0,0.0,3.36,4.268,84.16,8.28,84.165,82.758,15.84,1.72,10.2,13.63,86.9,100.0,7.74,4.7,14.56,2.24,46.078,0.34,77.908,33.103,False,,0.0,68.655,0.0,0.0,0.0,0.328,2.07,-2.0,-0.79,0.085,12.0,0.0,86.244,85.22,87.432,100.0,44.975,100.0,34.497,26.0,0.0,86.706,85.624,87.846,100.0,45.966,100.0,34.682,7.015,6.026,91.728,88.955,3.24,NORMAL
58,2026-06-01 14:30:00+00:00,14,0,-0.5,-0.866025,0.0,1.0,False,False,EVENING,6.0,8.0,12.0,36.0,73.0,138.0,0.74,0.0,0.0,8.83,5.775,84.73,8.48,84.726,84.789,15.27,1.52,10.26,13.77,87.268,100.0,7.56,4.72,14.71,2.21,45.5,0.82,100.0,38.379,False,,1.3,71.638,0.74,0.74,0.74,0.374,2.07,4.0,0.0,0.39,12.0,0.0,85.863,84.967,87.173,100.0,44.122,81.15,34.345,27.0,0.0,86.963,85.52,87.74,100.0,46.828,100.0,34.785,6.909,7.763,92.822,88.632,3.72,MODERATE
59,2026-06-01 14:45:00+00:00,14,0,-0.5,-0.866025,0.0,1.0,False,False,EVENING,3.0,9.0,13.0,32.0,76.0,141.0,0.0,0.07,0.0669,6.29,4.693,85.01,8.59,85.013,85.905,14.99,1.41,10.26,13.77,87.22,100.0,7.64,4.72,14.64,2.22,45.774,0.82,100.0,34.362,False,,0.0,71.47,-0.74,0.0,0.0,0.374,2.07,6.0,0.16,0.205,13.0,0.0,85.708,84.761,89.832,100.0,43.892,100.0,34.283,28.0,0.08,87.668,86.367,88.648,100.0,46.659,100.0,35.572,6.564,6.454,92.486,88.693,3.4,MODERATE
60,2026-06-01 15:00:00+00:00,15,0,-0.707107,-0.707107,0.0,1.0,False,False,EVENING,3.0,6.0,14.0,32.0,77.0,144.0,0.0,0.0,0.0,5.04,5.671,84.79,8.66,84.79,86.563,15.21,1.34,8.52,9.93,100.0,100.0,7.51,4.73,14.76,2.2,45.336,0.82,100.0,34.625,False,,0.0,73.047,0.0,-0.74,0.0,0.254,2.07,7.0,0.32,0.205,15.0,0.0,86.316,85.46,87.678,100.0,45.324,100.0,34.526,30.0,0.0,85.589,85.378,100.0,100.0,47.213,57.2,34.236,3.36,6.659,91.141,88.003,3.24,MODERATE
61,2026-06-01 15:15:00+00:00,15,0,-0.707107,-0.707107,0.0,1.0,False,False,EVENING,3.0,6.0,15.0,31.0,75.0,147.0,0.0,0.0,0.0,5.04,3.446,85.22,8.62,85.22,86.244,14.78,1.38,10.26,13.77,87.432,100.0,7.41,4.73,14.86,2.19,44.975,0.82,100.0,34.497,False,,0.0,71.537,0.0,0.0,0.0,0.189,2.07,8.0,0.48,0.205,12.0,0.0,86.706,85.624,87.846,100.0,45.966,100.0,34.682,32.0,0.04,87.381,85.983,99.014,100.0,47.801,100.0,35.186,7.271,6.564,91.159,88.177,3.56,MODERATE
62,2026-06-01 15:30:00+00:00,15,0,-0.707107,-0.707107,0.0,1.0,False,False,EVENING,2.0,5.0,11.0,31.0,72.0,149.0,0.0,0.0,0.0,3.36,4.523,84.97,8.59,84.967,85.863,15.03,1.41,10.26,13.77,87.173,100.0,7.18,4.73,15.09,2.14,44.122,0.66,81.15,34.345,False,,0.0,69.601,0.0,0.0,-0.74,0.189,2.07,-1.0,-0.16,0.165,14.0,0.0,86.963,85.52,87.74,100.0,46.828,100.0,34.785,31.0,0.0,88.03,86.175,100.0,100.0,47.754,100.0,35.212,6.169,7.013,90.632,88.019,3.56,NORMAL
63,2026-06-01 15:45:00+00:00,15,0,-0.707107,-0.707107,0.0,1.0,False,False,EVENING,3.0,5.0,11.0,31.0,73.0,152.0,0.0,0.0,0.0,5.04,5.929,84.76,8.57,84.761,85.708,15.24,1.43,9.93,13.05,89.832,100.0,7.12,4.73,15.15,2.13,43.892,0.66,100.0,34.283,False,,0.0,71.519,0.0,0.0,0.0,0.059,0.74,-2.0,-0.16,0.165,15.0,0.08,87.668,86.367,88.648,100.0,46.659,100.0,35.572,33.0,0.0,88.301,86.509,88.754,100.0,47.462,100.0,35.32,3.36,6.125,89.436,87.448,3.4,MODERATE
64,2026-06-01 16:00:00+00:00,16,0,-0.866025,-0.5,0.0,1.0,False,False,EVENING,4.0,7.0,12.0,33.0,73.0,156.0,0.0,0.0,0.0,6.72,3.679,85.46,8.63,85.46,86.316,14.54,1.37,10.26,13.77,87.678,100.0,7.51,4.73,14.76,2.2,45.324,0.82,100.0,34.526,False,,0.0,71.665,0.0,0.0,0.0,0.046,0.74,-2.0,0.0,0.205,14.0,0.0,85.589,85.378,100.0,100.0,47.213,57.2,34.236,33.0,0.0,87.077,85.714,100.0,100.0,46.015,60.433,34.831,1.68,6.244,87.204,86.53,3.08,MODERATE
65,2026-06-01 16:15:00+00:00,16,0,-0.866025,-0.5,0.0,1.0,False,False,EVENING,3.0,7.0,12.0,34.0,76.0,159.0,0.0,0.0,0.0,5.04,4.229,85.62,8.67,85.624,86.706,14.38,1.33,10.26,13.77,87.846,100.0,7.67,4.74,14.59,2.23,45.966,0.82,100.0,34.682,False,,0.0,71.857,0.0,0.0,0.0,0.046,0.74,-3.0,0.0,0.205,14.0,0.04,87.381,85.983,99.014,100.0,47.801,100.0,35.186,37.0,0.0,88.247,86.028,88.261,100.0,47.529,100.0,35.299,1.68,5.999,86.173,85.553,2.76,MODERATE
66,2026-06-01 16:30:00+00:00,16,0,-0.866025,-0.5,0.0,1.0,False,False,EVENING,3.0,6.0,13.0,36.0,75.0,162.0,0.0,0.0,0.0,5.04,5.351,85.52,8.7,85.52,86.963,14.48,1.3,10.26,13.77,87.74,100.0,7.9,4.75,14.36,2.28,46.828,0.82,100.0,34.785,False,,0.0,71.95,0.0,0.0,0.0,0.046,0.74,2.0,0.16,0.205,13.0,0.0,88.03,86.175,100.0,100.0,47.754,100.0,35.212,36.0,0.0,89.32,86.186,100.0,100.0,46.973,100.0,35.728,6.72,5.056,87.382,85.848,2.92,MODERATE
67,2026-06-01 16:45:00+00:00,16,0,-0.866025,-0.5,0.0,1.0,False,False,EVENING,5.0,8.0,15.0,39.0,76.0,167.0,0.08,0.0,0.0,8.259,4.591,86.37,8.77,86.367,87.668,13.63,1.23,10.26,13.77,88.648,100.0,7.83,4.77,14.4,2.27,46.659,1.15,100.0,35.572,False,,0.2,72.423,0.08,0.08,0.08,0.051,0.74,4.0,0.49,0.308,13.0,0.0,88.301,86.509,88.754,100.0,47.462,100.0,35.32,38.0,2.25,90.572,86.83,100.0,100.0,48.626,100.0,49.754,3.36,4.01,86.475,85.776,2.77,MODERATE
68,2026-06-01 17:00:00+00:00,17,0,-0.965926,-0.258819,0.0,1.0,False,False,EVENING,1.0,6.0,12.0,38.0,70.0,168.0,0.0,0.01,0.0076,1.821,6.609,85.38,8.56,85.378,85.589,14.62,1.44,8.84,10.64,100.0,100.0,7.99,4.75,14.25,2.29,47.213,0.83,57.2,34.236,False,,0.0,69.298,-0.08,0.0,0.0,0.051,0.74,0.0,0.01,0.208,16.0,0.0,87.077,85.714,100.0,100.0,46.015,60.433,34.831,32.0,0.66,91.646,87.247,89.818,100.0,48.412,100.0,40.633,0.0,4.918,84.228,84.772,2.29,NORMAL
69,2026-06-01 17:15:00+00:00,17,0,-0.965926,-0.258819,0.0,1.0,False,False,EVENING,5.0,6.0,14.0,41.0,71.0,173.0,0.04,0.0,0.0,8.334,5.197,85.98,8.74,85.983,87.381,14.02,1.26,9.14,11.31,99.014,100.0,8.14,4.77,14.09,2.32,47.801,1.15,100.0,35.186,False,,0.1,73.602,0.04,-0.04,0.04,0.054,0.74,2.0,0.33,0.298,18.0,0.0,88.247,86.028,88.261,100.0,47.529,100.0,35.299,31.0,0.17,91.752,87.773,90.131,100.0,48.78,100.0,37.741,8.581,4.616,85.816,85.604,2.77,MODERATE
70,2026-06-01 17:30:00+00:00,17,0,-0.965926,-0.258819,0.0,1.0,False,False,EVENING,4.0,9.0,15.0,39.0,75.0,177.0,0.0,0.0,0.0035,6.786,5.759,86.17,8.8,86.175,88.03,13.83,1.2,9.0,10.99,100.0,100.0,8.11,4.78,14.11,2.32,47.754,1.31,100.0,35.212,False,,0.0,73.862,-0.04,0.0,0.0,0.054,0.74,2.0,0.49,0.328,18.0,0.0,89.32,86.186,100.0,100.0,46.973,100.0,35.728,32.0,1.8,92.569,87.851,90.962,100.0,47.197,100.0,47.833,4.859,4.637,86.481,85.593,2.61,MODERATE
71,2026-06-01 17:45:00+00:00,17,0,-0.965926,-0.258819,0.0,1.0,False,False,EVENING,4.0,8.0,14.0,40.0,72.0,181.0,0.0,0.0,0.0,6.72,5.276,86.51,8.83,86.509,88.301,13.49,1.17,10.26,13.77,88.754,100.0,8.02,4.8,14.19,2.31,47.462,1.47,100.0,35.32,False,,0.0,72.614,0.0,-0.04,-0.08,0.054,0.74,-1.0,0.32,0.368,20.0,2.25,90.572,86.83,100.0,100.0,48.626,100.0,49.754,29.0,1.45,93.322,88.221,100.0,100.0,48.924,100.0,46.051,6.72,4.881,87.382,85.963,2.77,MODERATE
72,2026-06-01 18:00:00+00:00,18,0,-1.0,-0.0,0.0,1.0,False,False,EVENING,1.0,5.0,14.0,38.0,70.0,182.0,0.0,0.0,0.0,1.68,5.35,85.71,8.71,85.714,87.077,14.29,1.29,8.13,9.09,100.0,100.0,7.63,4.79,14.58,2.24,46.015,1.15,60.433,34.831,False,,0.0,69.853,0.0,0.0,0.0,0.054,0.74,2.0,0.32,0.288,17.0,0.66,91.646,87.247,89.818,100.0,48.412,100.0,40.633,27.0,2.2,92.449,88.635,91.949,100.0,49.904,100.0,50.153,5.04,5.497,86.974,85.889,2.77,NORMAL
73,2026-06-01 18:15:00+00:00,18,0,-1.0,-0.0,0.0,1.0,False,False,EVENING,4.0,5.0,13.0,39.0,70.0,186.0,0.0,0.0,0.0,6.72,4.996,86.03,8.82,86.028,88.247,13.97,1.18,10.26,13.77,88.261,100.0,8.03,4.81,14.17,2.31,47.529,1.31,100.0,35.299,False,,0.0,72.444,0.0,0.0,-0.04,0.054,0.74,-1.0,0.16,0.328,19.0,0.17,91.752,87.773,90.131,100.0,48.78,100.0,37.741,23.0,1.02,91.728,88.955,91.734,100.0,49.683,100.0,42.81,0.0,5.773,85.044,84.639,2.29,MODERATE
74,2026-06-01 18:30:00+00:00,18,0,-1.0,-0.0,0.0,1.0,False,False,EVENING,4.0,8.0,13.0,41.0,72.0,190.0,0.0,0.0,0.0,6.72,5.659,86.19,8.93,86.186,89.32,13.81,1.07,8.69,10.32,100.0,100.0,7.86,4.83,14.32,2.28,46.973,1.47,100.0,35.728,False,,0.0,74.052,0.0,0.0,0.0,0.008,0.08,-2.0,0.16,0.368,18.0,1.8,92.569,87.851,90.962,100.0,47.197,100.0,47.833,21.0,2.91,92.822,88.632,92.274,100.0,50.911,100.0,54.571,0.0,5.522,82.289,83.534,1.81,MODERATE
75,2026-06-01 18:45:00+00:00,18,0,-1.0,-0.0,0.0,1.0,False,False,EVENING,7.0,11.0,16.0,45.0,76.0,197.0,2.25,0.0,0.0,7.973,4.895,86.83,9.06,86.83,90.572,13.17,0.94,7.61,7.94,100.0,100.0,8.19,4.94,13.87,2.36,48.626,2.11,100.0,49.754,False,,4.5,76.033,2.25,2.25,2.25,0.148,2.25,2.0,0.64,1.09,18.0,1.45,93.322,88.221,100.0,100.0,48.924,100.0,46.051,19.0,0.0,92.486,88.693,90.995,100.0,50.633,82.925,36.994,1.68,4.38,82.156,82.872,1.49,MODERATE
76,2026-06-01 19:00:00+00:00,19,0,-0.965926,0.258819,0.0,1.0,False,False,EVENING,3.0,10.0,18.0,44.0,77.0,200.0,0.66,0.2,0.2029,7.714,5.616,87.25,9.16,87.247,91.646,12.75,0.84,10.26,13.77,89.818,100.0,8.09,4.98,13.93,2.35,48.412,2.11,100.0,40.633,False,,1.4,74.081,-1.5899999999999999,0.66,0.66,0.189,2.25,4.0,0.96,0.692,15.0,2.2,92.449,88.635,91.949,100.0,49.904,100.0,50.153,20.0,0.0,91.141,88.003,90.287,100.0,50.863,100.0,36.456,0.0,2.834,80.296,82.35,1.01,MODERATE
77,2026-06-01 19:15:00+00:00,19,0,-0.965926,0.258819,0.0,1.0,False,False,EVENING,4.0,7.0,18.0,45.0,79.0,204.0,0.17,0.06,0.0596,7.542,5.397,87.77,9.18,87.773,91.752,12.23,0.82,10.26,13.77,90.131,100.0,8.17,5.0,13.83,2.37,48.78,2.27,100.0,37.741,False,,0.4,73.975,-0.49,-2.08,0.17,0.2,2.25,5.0,0.96,0.61,12.0,1.02,91.728,88.955,91.734,100.0,49.683,100.0,42.81,18.0,0.67,91.159,88.177,90.777,100.0,50.125,100.0,40.495,1.68,3.547,80.454,81.867,0.69,MODERATE
78,2026-06-01 19:30:00+00:00,19,0,-0.965926,0.258819,0.0,1.0,False,False,EVENING,6.0,10.0,20.0,48.0,84.0,210.0,1.8,0.02,0.0087,7.346,6.708,87.85,9.26,87.851,92.569,12.15,0.74,10.26,13.77,90.962,100.0,7.66,5.09,14.26,2.29,47.197,2.75,100.0,47.833,False,,3.9,75.156,1.6300000000000001,1.1400000000000001,1.8,0.312,2.25,7.0,1.28,1.138,14.0,2.91,92.822,88.632,92.274,100.0,50.911,100.0,54.571,19.0,0.0,90.632,88.019,90.304,100.0,48.692,100.0,36.253,3.36,2.597,81.164,81.987,0.53,MODERATE
79,2026-06-01 19:45:00+00:00,19,0,-0.965926,0.258819,0.0,1.0,False,False,EVENING,4.0,10.0,17.0,47.0,86.0,214.0,1.45,0.16,0.1115,7.303,5.52,88.22,9.33,88.221,93.322,11.78,0.67,9.33,11.74,100.0,100.0,8.06,5.15,13.79,2.38,48.924,2.92,100.0,46.051,False,,3.2,76.404,-0.3500000000000001,1.28,-0.8,0.403,2.25,1.0,0.81,1.092,11.0,0.0,92.486,88.693,90.995,100.0,50.633,82.925,36.994,18.0,0.0,89.436,87.448,89.717,100.0,47.663,100.0,35.774,0.0,2.914,79.951,81.38,0.06,MODERATE
80,2026-06-01 20:00:00+00:00,20,0,-0.866025,0.5,0.0,1.0,False,False,EVENING,5.0,9.0,19.0,51.0,89.0,219.0,2.2,0.13,0.0596,7.154,5.847,88.64,9.24,88.635,92.449,11.36,0.76,10.26,13.77,91.949,100.0,8.26,5.21,13.53,2.43,49.904,3.24,100.0,50.153,False,,4.9,75.923,0.7500000000000002,0.40000000000000013,1.54,0.541,2.25,1.0,1.13,1.36,12.0,0.0,91.141,88.003,90.287,100.0,50.863,100.0,36.456,20.0,0.0,87.204,86.53,100.0,100.0,45.124,79.767,34.882,5.04,3.987,81.311,81.507,0.06,MODERATE
81,2026-06-01 20:15:00+00:00,20,0,-0.866025,0.5,0.0,1.0,False,False,EVENING,3.0,8.0,18.0,49.0,90.0,222.0,1.02,0.2,0.1938,7.015,6.026,88.95,9.17,88.955,91.728,11.05,0.83,10.26,13.77,91.734,100.0,8.2,5.22,13.59,2.41,49.683,3.24,100.0,42.81,False,,2.3,75.048,-1.1800000000000002,-0.42999999999999994,0.85,0.604,2.25,0.0,0.97,1.065,11.0,0.67,91.159,88.177,90.777,100.0,50.125,100.0,40.495,22.0,0.0,86.173,85.553,100.0,100.0,45.091,76.575,34.469,0.0,0.611,80.596,81.426,0.0,MODERATE
82,2026-06-01 20:30:00+00:00,20,0,-0.866025,0.5,0.0,1.0,False,False,EVENING,6.0,9.0,18.0,51.0,90.0,228.0,2.91,0.09,0.0316,6.909,7.763,88.63,9.28,88.632,92.822,11.37,0.72,10.26,13.77,92.274,100.0,8.45,5.3,13.25,2.47,50.911,3.72,100.0,54.571,False,,6.7,76.581,1.8900000000000001,0.71,1.11,0.786,2.91,-2.0,0.97,1.658,7.0,0.0,90.632,88.019,90.304,100.0,48.692,100.0,36.253,21.0,0.0,87.382,85.848,100.0,100.0,45.365,100.0,34.953,1.68,0.851,80.6,81.633,0.0,MODERATE
83,2026-06-01 20:45:00+00:00,20,0,-0.866025,0.5,0.0,1.0,False,False,EVENING,1.0,7.0,15.0,48.0,88.0,229.0,0.0,0.26,0.2616,6.564,6.454,88.69,9.25,88.693,92.486,11.31,0.75,10.26,13.77,90.995,100.0,8.41,5.26,13.33,2.46,50.633,3.4,82.925,36.994,False,,0.0,72.949,-2.91,-1.02,-1.45,0.781,2.91,-2.0,0.48,0.85,8.0,0.0,89.436,87.448,89.717,100.0,47.663,100.0,35.774,17.0,0.0,86.475,85.776,100.0,100.0,45.841,100.0,34.59,0.0,2.835,79.706,81.013,0.0,MODERATE
84,2026-06-01 21:00:00+00:00,21,0,-0.707107,0.707107,0.0,1.0,False,False,EVENING,2.0,3.0,12.0,49.0,87.0,231.0,0.0,0.0,0.0,3.36,6.659,88.0,9.11,88.003,91.141,12.0,0.89,10.26,13.77,90.287,100.0,8.53,5.21,13.27,2.47,50.863,3.24,100.0,36.456,False,,0.0,74.001,0.0,-2.91,-2.2,0.781,2.91,-7.0,0.0,0.81,8.0,0.0,87.204,86.53,100.0,100.0,45.124,79.767,34.882,16.0,0.0,84.228,84.772,100.0,100.0,46.085,46.2,33.691,1.68,2.006,78.921,81.01,0.0,MODERATE
85,2026-06-01 21:15:00+00:00,21,0,-0.707107,0.707107,0.0,1.0,False,False,EVENING,5.0,7.0,14.0,50.0,89.0,236.0,0.67,0.0,0.0,7.271,6.564,88.18,9.12,88.177,91.159,11.82,0.88,10.26,13.77,90.777,100.0,8.34,5.19,13.47,2.44,50.125,3.56,100.0,40.495,False,,1.5,74.464,0.67,0.67,-0.35,0.821,2.91,-4.0,0.32,1.058,7.0,0.0,86.173,85.553,100.0,100.0,45.091,76.575,34.469,16.0,0.89,85.816,85.604,100.0,100.0,47.735,100.0,39.679,1.68,2.988,79.635,80.612,0.0,MODERATE
86,2026-06-01 21:30:00+00:00,21,0,-0.707107,0.707107,0.0,1.0,False,False,EVENING,3.0,8.0,11.0,49.0,90.0,239.0,0.0,0.06,0.0605,6.169,7.013,88.02,9.06,88.019,90.632,11.98,0.94,10.26,13.77,90.304,100.0,8.0,5.15,13.85,2.37,48.692,3.56,100.0,36.253,False,,0.0,73.709,-0.67,0.0,-2.91,0.821,2.91,-7.0,-0.16,0.89,12.0,0.0,87.382,85.848,100.0,100.0,45.365,100.0,34.953,11.0,0.0,86.481,85.593,100.0,100.0,47.585,100.0,34.592,0.0,2.235,78.61,80.155,0.0,MODERATE
87,2026-06-01 21:45:00+00:00,21,0,-0.707107,0.707107,0.0,1.0,False,False,EVENING,2.0,5.0,12.0,44.0,89.0,241.0,0.0,0.0,0.0,3.36,6.125,87.45,8.94,87.448,89.436,12.55,1.06,10.26,13.77,89.717,100.0,7.76,5.1,14.13,2.32,47.663,3.4,100.0,35.774,False,,0.0,73.181,0.0,-0.67,0.0,0.821,2.91,-3.0,0.0,0.85,10.0,0.0,86.475,85.776,100.0,100.0,45.841,100.0,34.59,11.0,0.0,87.382,85.963,100.0,100.0,47.978,100.0,34.953,1.68,2.732,77.821,79.971,0.0,MODERATE
88,2026-06-01 22:00:00+00:00,22,0,-0.5,0.866025,0.0,1.0,False,False,NIGHT,1.0,3.0,11.0,42.0,86.0,242.0,0.0,0.0,0.0,1.68,6.244,86.53,8.72,86.53,87.204,13.47,1.28,6.27,10.71,100.0,100.0,7.14,5.04,14.82,2.19,45.124,3.08,79.767,34.882,False,,0.0,71.718,0.0,0.0,0.0,0.821,2.91,-1.0,-0.16,0.77,12.0,0.0,84.228,84.772,100.0,100.0,46.085,46.2,33.691,7.0,0.0,86.974,85.889,100.0,100.0,48.607,100.0,34.79,3.36,2.896,78.969,79.973,0.0,MODERATE
89,2026-06-01 22:15:00+00:00,22,0,-0.5,0.866025,0.0,1.0,False,False,NIGHT,1.0,2.0,7.0,39.0,84.0,243.0,0.0,0.0,0.0,1.68,5.999,85.55,8.62,85.553,86.173,14.45,1.38,5.74,9.55,100.0,100.0,7.19,4.98,14.83,2.19,45.091,2.76,76.575,34.469,False,,0.0,71.006,0.0,0.0,-0.67,0.821,2.91,-7.0,-0.8,0.69,15.0,0.89,85.816,85.604,100.0,100.0,47.735,100.0,39.679,7.0,0.0,85.044,84.639,100.0,100.0,48.355,46.242,34.018,3.36,2.523,79.565,80.122,0.0,MODERATE
90,2026-06-01 22:30:00+00:00,22,0,-0.5,0.866025,0.0,1.0,False,False,NIGHT,4.0,5.0,8.0,37.0,85.0,247.0,0.0,0.0,0.0,6.72,5.056,85.85,8.74,85.848,87.382,14.15,1.26,6.27,10.71,100.0,100.0,7.3,4.95,14.75,2.2,45.365,2.92,100.0,34.953,False,,0.0,73.446,0.0,0.0,0.0,0.821,2.91,-3.0,-0.64,0.73,9.0,0.0,86.481,85.593,100.0,100.0,47.585,100.0,34.592,7.0,0.0,82.289,83.534,100.0,100.0,45.723,41.45,32.916,5.04,2.978,81.074,80.487,0.0,MODERATE
91,2026-06-01 22:45:00+00:00,22,0,-0.5,0.866025,0.0,1.0,False,False,NIGHT,2.0,6.0,8.0,35.0,82.0,249.0,0.0,0.0,0.0,3.36,4.01,85.78,8.65,85.776,86.475,14.22,1.35,5.92,9.95,100.0,100.0,7.47,4.91,14.62,2.23,45.841,2.77,100.0,34.59,False,,0.0,73.291,0.0,0.0,0.0,0.68,2.91,-4.0,-0.63,0.692,7.0,0.0,87.382,85.963,100.0,100.0,47.978,100.0,34.953,8.0,0.0,82.156,82.872,100.0,100.0,45.645,63.858,32.862,1.68,2.587,80.241,80.343,0.0,MODERATE
92,2026-06-01 23:00:00+00:00,23,0,-0.258819,0.965926,0.0,1.0,False,False,NIGHT,0.0,2.0,7.0,30.0,81.0,249.0,0.0,0.0,0.0,0.0,4.918,84.77,8.42,84.772,84.228,15.23,1.58,6.27,10.71,100.0,100.0,7.59,4.85,14.56,2.24,46.085,2.29,46.2,33.691,False,,0.0,67.801,0.0,0.0,0.0,0.639,2.91,-4.0,-0.79,0.572,4.0,0.0,86.974,85.889,100.0,100.0,48.607,100.0,34.79,7.0,0.0,80.296,82.35,100.0,100.0,44.658,33.467,32.118,0.0,2.857,80.241,79.629,0.0,NORMAL
93,2026-06-01 23:15:00+00:00,23,0,-0.258819,0.965926,0.0,1.0,False,False,NIGHT,6.0,6.0,12.0,33.0,82.0,255.0,0.89,0.0,0.0,8.581,4.616,85.6,8.58,85.604,85.816,14.4,1.42,6.27,10.71,100.0,100.0,8.03,4.86,14.11,2.32,47.735,2.77,100.0,39.679,False,,1.7,73.862,0.89,0.89,0.89,0.684,2.91,5.0,0.01,0.915,1.0,0.0,85.044,84.639,100.0,100.0,48.355,46.242,34.018,8.0,0.0,80.454,81.867,100.0,100.0,44.482,55.875,32.182,6.72,0.31,81.191,81.136,0.16,MODERATE
94,2026-06-01 23:30:00+00:00,23,0,-0.258819,0.965926,0.0,1.0,False,False,NIGHT,2.0,8.0,10.0,29.0,80.0,257.0,0.0,0.08,0.0803,4.859,4.637,85.59,8.65,85.593,86.481,14.41,1.35,6.09,10.31,100.0,100.0,8.01,4.84,14.15,2.31,47.585,2.61,100.0,34.592,False,,0.0,73.409,-0.89,0.0,0.0,0.571,2.91,2.0,-0.31,0.652,2.0,0.0,82.289,83.534,100.0,100.0,45.723,41.45,32.916,8.0,0.0,81.164,81.987,100.0,100.0,45.191,79.883,32.466,6.72,2.179,83.198,82.071,0.32,MODERATE
95,2026-06-01 23:45:00+00:00,23,0,-0.258819,0.965926,0.0,1.0,False,False,NIGHT,4.0,6.0,12.0,32.0,80.0,261.0,0.0,0.0,0.0,6.72,4.881,85.96,8.74,85.963,87.382,14.04,1.26,4.77,7.41,100.0,100.0,8.12,4.83,14.05,2.33,47.978,2.77,100.0,34.953,False,,0.0,73.706,0.0,-0.89,0.0,0.481,2.91,4.0,0.0,0.692,4.0,0.0,82.156,82.872,100.0,100.0,45.645,63.858,32.862,6.0,0.0,79.951,81.38,100.0,100.0,45.581,23.892,31.98,1.68,4.464,83.282,81.367,0.0,MODERATE
96,2026-06-02 00:00:00+00:00,0,1,0.0,1.0,0.781831,0.62349,False,False,NIGHT,3.0,7.0,15.0,33.0,82.0,263.0,0.0,0.0,0.0,5.04,5.497,85.89,8.7,85.889,86.974,14.11,1.3,6.27,10.71,100.0,100.0,8.3,4.82,13.88,2.36,48.607,2.77,100.0,34.79,False,,0.0,73.665,0.0,0.0,0.0,0.343,2.91,8.0,0.48,0.692,3.0,0.0,80.296,82.35,100.0,100.0,44.658,33.467,32.118,7.0,0.0,81.311,81.507,100.0,100.0,45.085,100.0,32.524,3.36,2.882,82.707,81.544,0.0,MODERATE
97,2026-06-02 00:15:00+00:00,0,1,0.0,1.0,0.781831,0.62349,False,False,NIGHT,0.0,3.0,9.0,28.0,78.0,262.0,0.0,0.0,0.0,0.0,5.773,84.64,8.5,84.639,85.044,15.36,1.5,6.27,10.71,100.0,100.0,8.26,4.79,13.94,2.35,48.355,2.29,46.242,34.018,False,,0.0,68.143,0.0,0.0,-0.89,0.279,2.91,-3.0,-0.48,0.572,6.0,0.0,80.454,81.867,100.0,100.0,44.482,55.875,32.182,6.0,0.0,80.596,81.426,100.0,100.0,45.185,23.333,32.238,1.68,2.397,82.134,81.422,0.0,NORMAL
98,2026-06-02 00:30:00+00:00,0,1,0.0,1.0,0.781831,0.62349,False,False,NIGHT,0.0,0.0,7.0,25.0,74.0,262.0,0.0,0.0,0.0,0.0,5.522,83.53,8.23,83.534,82.289,16.47,1.77,6.27,10.71,100.0,100.0,7.61,4.74,14.65,2.22,45.723,1.81,41.45,32.916,False,,0.0,66.681,0.0,0.0,0.0,0.098,0.89,-3.0,-0.8,0.452,5.0,0.0,81.164,81.987,100.0,100.0,45.191,79.883,32.466,8.0,0.0,80.6,81.633,100.0,100.0,45.229,48.933,32.24,3.36,2.627,81.626,81.656,0.0,NORMAL
99,2026-06-02 00:45:00+00:00,0,1,0.0,1.0,0.781831,0.62349,False,False,NIGHT,1.0,1.0,4.0,24.0,68.0,261.0,0.0,0.0,0.0,1.68,4.38,82.87,8.22,82.872,82.156,17.13,1.78,6.27,10.71,100.0,100.0,7.63,4.7,14.68,2.22,45.645,1.49,63.858,32.862,False,,0.0,68.518,0.0,0.0,0.0,0.098,0.89,-8.0,-1.28,0.372,4.0,0.0,79.951,81.38,100.0,100.0,45.581,23.892,31.98,10.0,0.0,79.706,81.013,100.0,100.0,45.332,23.333,31.882,3.36,3.5,81.536,81.63,0.0,NORMAL
100,2026-06-02 01:00:00+00:00,1,1,0.258819,0.965926,0.781831,0.62349,False,False,NIGHT,0.0,1.0,1.0,23.0,65.0,259.0,0.0,0.0,0.0,0.0,2.834,82.35,8.03,82.35,80.296,17.65,1.97,4.3,6.38,100.0,100.0,7.42,4.64,14.94,2.17,44.658,1.01,33.467,32.118,False,,0.0,65.207,0.0,0.0,0.0,0.098,0.89,-14.0,-1.76,0.252,4.0,0.0,81.311,81.507,100.0,100.0,45.085,100.0,32.524,11.0,0.0,78.921,81.01,100.0,100.0,44.216,48.933,31.568,9.788,3.892,83.286,82.929,0.48,NORMAL
101,2026-06-02 01:15:00+00:00,1,1,0.258819,0.965926,0.781831,0.62349,False,False,NIGHT,1.0,1.0,2.0,23.0,62.0,259.0,0.0,0.0,0.0,1.68,3.547,81.87,8.05,81.867,80.454,18.13,1.95,6.27,10.71,100.0,100.0,7.41,4.6,14.99,2.16,44.482,0.69,55.875,32.182,False,,0.0,67.134,0.0,0.0,0.0,0.056,0.89,-7.0,-1.6,0.172,2.0,0.0,80.596,81.426,100.0,100.0,45.185,23.333,32.238,10.0,0.0,79.635,80.612,100.0,100.0,42.71,48.933,31.854,1.972,3.923,81.631,82.606,0.16,NORMAL
102,2026-06-02 01:30:00+00:00,1,1,0.258819,0.965926,0.781831,0.62349,False,False,NIGHT,2.0,3.0,4.0,21.0,58.0,259.0,0.0,0.0,0.0,3.36,2.597,81.99,8.12,81.987,81.164,18.01,1.88,3.92,5.53,100.0,100.0,7.63,4.57,14.8,2.2,45.191,0.53,79.883,32.466,False,,0.0,69.527,0.0,0.0,0.0,0.056,0.89,-3.0,-1.28,0.132,3.0,0.0,80.6,81.633,100.0,100.0,45.229,48.933,32.24,13.0,0.0,78.61,80.155,100.0,100.0,43.459,23.333,31.444,1.68,2.14,80.23,82.631,0.0,NORMAL
103,2026-06-02 01:45:00+00:00,1,1,0.258819,0.965926,0.781831,0.62349,False,False,NIGHT,0.0,2.0,3.0,19.0,54.0,259.0,0.0,0.0,0.0,0.0,2.914,81.38,8.0,81.38,79.951,18.62,2.0,6.27,10.71,100.0,100.0,7.77,4.54,14.69,2.22,45.581,0.06,23.892,31.98,False,,0.0,64.146,0.0,0.0,0.0,0.056,0.89,-1.0,-1.43,0.015,2.0,0.0,79.706,81.013,100.0,100.0,45.332,23.333,31.882,17.0,0.0,77.821,79.971,100.0,100.0,43.514,48.933,31.128,1.68,4.181,79.991,82.03,0.0,NORMAL
104,2026-06-02 02:00:00+00:00,2,1,0.5,0.866025,0.781831,0.62349,False,False,NIGHT,3.0,3.0,6.0,22.0,52.0,261.0,0.0,0.0,0.0,5.04,3.987,81.51,8.13,81.507,81.311,18.49,1.87,6.13,10.4,100.0,100.0,7.65,4.52,14.83,2.19,45.085,0.06,100.0,32.524,False,,0.0,71.251,0.0,0.0,0.0,0.056,0.89,5.0,-0.95,0.015,3.0,0.0,78.921,81.01,100.0,100.0,44.216,48.933,31.568,17.0,0.0,78.969,79.973,100.0,100.0,43.59,74.533,31.588,6.72,2.448,82.338,82.863,0.16,MODERATE
105,2026-06-02 02:15:00+00:00,2,1,0.5,0.866025,0.781831,0.62349,False,False,NIGHT,0.0,3.0,5.0,16.0,49.0,260.0,0.0,0.0,0.0,0.0,0.611,81.43,8.06,81.426,80.596,18.57,1.94,6.19,10.54,100.0,100.0,7.7,4.5,14.8,2.2,45.185,0.0,23.333,32.238,False,,0.0,64.2,0.0,0.0,0.0,0.056,0.89,3.0,-0.69,0.0,4.0,0.0,79.635,80.612,100.0,100.0,42.71,48.933,31.854,17.0,0.0,79.565,80.122,100.0,100.0,43.115,74.533,31.826,1.68,2.408,81.254,82.79,0.0,NORMAL
106,2026-06-02 02:30:00+00:00,2,1,0.5,0.866025,0.781831,0.62349,False,False,NIGHT,1.0,1.0,4.0,15.0,44.0,259.0,0.0,0.0,0.0,1.68,0.851,81.63,8.06,81.633,80.6,18.37,1.94,6.05,10.23,100.0,100.0,7.72,4.49,14.79,2.2,45.229,0.0,48.933,32.24,False,,0.0,66.554,0.0,0.0,0.0,0.056,0.89,0.0,-0.53,0.0,5.0,0.0,78.61,80.155,100.0,100.0,43.459,23.333,31.444,16.0,0.0,81.074,80.487,100.0,100.0,45.196,100.0,32.43,0.0,3.77,80.979,81.875,0.0,NORMAL
107,2026-06-02 02:45:00+00:00,2,1,0.5,0.866025,0.781831,0.62349,False,False,NIGHT,0.0,1.0,4.0,11.0,43.0,258.0,0.0,0.0,0.0,0.0,2.835,81.01,7.97,81.013,79.706,18.99,2.03,6.27,10.71,100.0,100.0,7.77,4.47,14.76,2.2,45.332,0.0,23.333,31.882,False,,0.0,63.944,0.0,0.0,0.0,0.056,0.89,1.0,-0.06,0.0,8.0,0.0,77.821,79.971,100.0,100.0,43.514,48.933,31.128,15.0,0.0,80.241,80.343,100.0,100.0,43.975,48.933,32.096,5.04,1.765,81.376,82.654,0.0,NORMAL
108,2026-06-02 03:00:00+00:00,3,1,0.707107,0.707107,0.781831,0.62349,False,False,NIGHT,1.0,1.0,2.0,9.0,42.0,259.0,0.0,0.0,0.0,1.68,2.006,81.01,7.89,81.01,78.921,18.99,2.11,6.27,10.71,100.0,100.0,7.49,4.44,15.06,2.15,44.216,0.0,48.933,31.568,False,,0.0,65.99,0.0,0.0,0.0,0.056,0.89,-4.0,-0.06,0.0,8.0,0.0,78.969,79.973,100.0,100.0,43.59,74.533,31.588,16.0,0.0,80.241,79.629,100.0,100.0,42.993,23.333,32.096,6.72,2.196,83.347,83.588,0.16,NORMAL
109,2026-06-02 03:15:00+00:00,3,1,0.707107,0.707107,0.781831,0.62349,False,False,NIGHT,1.0,2.0,3.0,10.0,38.0,257.0,0.0,0.0,0.0,1.68,2.988,80.61,7.96,80.612,79.635,19.39,2.04,5.75,9.57,100.0,100.0,7.1,4.43,15.47,2.08,42.71,0.0,48.933,31.854,False,,0.0,65.91,0.0,0.0,0.0,0.0,0.0,-2.0,0.0,0.0,6.0,0.0,79.565,80.122,100.0,100.0,43.115,74.533,31.826,22.0,0.0,81.191,81.136,100.0,100.0,43.764,100.0,32.477,3.36,4.899,83.243,83.213,0.0,NORMAL
110,2026-06-02 03:30:00+00:00,3,1,0.707107,0.707107,0.781831,0.62349,False,False,NIGHT,0.0,1.0,2.0,10.0,35.0,257.0,0.0,0.0,0.0,0.0,2.235,80.16,7.86,80.155,78.61,19.84,2.14,5.28,8.54,100.0,100.0,7.32,4.41,15.27,2.11,43.459,0.0,23.333,31.444,False,,0.0,63.367,0.0,0.0,0.0,0.0,0.0,-2.0,0.0,0.0,8.0,0.0,81.074,80.487,100.0,100.0,45.196,100.0,32.43,19.0,0.0,83.198,82.071,100.0,100.0,43.809,100.0,33.279,1.68,3.518,83.052,82.773,0.0,NORMAL
111,2026-06-02 03:45:00+00:00,3,1,0.707107,0.707107,0.781831,0.62349,False,False,NIGHT,1.0,1.0,3.0,10.0,34.0,257.0,0.0,0.0,0.0,1.68,2.732,79.97,7.78,79.971,77.821,20.03,2.22,6.27,10.71,100.0,100.0,7.37,4.38,15.25,2.11,43.514,0.0,48.933,31.128,False,,0.0,65.478,0.0,0.0,0.0,0.0,0.0,-1.0,0.0,0.0,9.0,0.0,80.241,80.343,100.0,100.0,43.975,48.933,32.096,16.0,0.0,83.282,81.367,100.0,100.0,43.251,48.958,33.313,3.36,3.488,83.803,82.666,0.0,NORMAL
112,2026-06-02 04:00:00+00:00,4,1,0.866025,0.5,0.781831,0.62349,False,False,NIGHT,2.0,3.0,4.0,12.0,35.0,256.0,0.0,0.0,0.0,3.36,2.896,79.97,7.9,79.973,78.969,20.03,2.1,6.05,10.23,100.0,100.0,7.39,4.38,15.23,2.12,43.59,0.0,74.533,31.588,False,,0.0,68.019,0.0,0.0,0.0,0.0,0.0,2.0,0.0,0.0,9.0,0.0,80.241,79.629,100.0,100.0,42.993,23.333,32.096,16.0,0.0,82.707,81.544,89.326,100.0,43.948,74.533,33.083,8.4,3.171,85.626,83.791,0.32,NORMAL
113,2026-06-02 04:15:00+00:00,4,1,0.866025,0.5,0.781831,0.62349,False,False,NIGHT,2.0,4.0,5.0,13.0,36.0,256.0,0.0,0.0,0.0,3.36,2.523,80.12,7.96,80.122,79.565,19.88,2.04,4.39,6.58,100.0,100.0,7.27,4.38,15.36,2.1,43.115,0.0,74.533,31.826,False,,0.0,68.128,0.0,0.0,0.0,0.0,0.0,2.0,0.0,0.0,11.0,0.0,81.191,81.136,100.0,100.0,43.764,100.0,32.477,18.0,0.0,82.134,81.422,71.602,100.0,43.441,48.933,32.854,8.92,5.042,87.157,84.607,0.8,NORMAL
114,2026-06-02 04:30:00+00:00,4,1,0.866025,0.5,0.781831,0.62349,False,False,NIGHT,3.0,5.0,8.0,14.0,35.0,259.0,0.0,0.0,0.0,5.04,2.978,80.49,8.11,80.487,81.074,19.51,1.89,6.27,10.71,100.0,100.0,7.81,4.39,14.8,2.2,45.196,0.0,100.0,32.43,False,,0.0,70.99,0.0,0.0,0.0,0.0,0.0,6.0,0.0,0.0,8.0,0.0,83.198,82.071,100.0,100.0,43.809,100.0,33.279,18.0,0.0,81.626,81.656,81.444,100.0,42.919,74.533,32.65,8.593,4.409,88.635,85.505,1.12,MODERATE
115,2026-06-02 04:45:00+00:00,4,1,0.866025,0.5,0.781831,0.62349,False,False,NIGHT,1.0,4.0,8.0,15.0,34.0,260.0,0.0,0.0,0.0,1.68,2.587,80.34,8.02,80.343,80.241,19.66,1.98,6.27,10.71,100.0,100.0,7.48,4.4,15.13,2.14,43.975,0.0,48.933,32.096,False,,0.0,66.085,0.0,0.0,0.0,0.0,0.0,5.0,0.0,0.0,6.0,0.0,83.282,81.367,100.0,100.0,43.251,48.958,33.313,16.0,0.0,81.536,81.63,82.564,100.0,43.877,74.533,32.614,7.686,3.936,88.971,86.409,1.28,NORMAL
116,2026-06-02 05:00:00+00:00,5,1,0.965926,0.258819,0.781831,0.62349,False,False,NIGHT,0.0,1.0,6.0,12.0,34.0,257.0,0.0,0.0,0.0,0.0,2.857,79.63,8.02,79.629,80.241,20.37,1.98,5.94,9.99,100.0,100.0,7.21,4.4,15.39,2.09,42.993,0.0,23.333,32.096,False,,0.0,63.536,0.0,0.0,0.0,0.0,0.0,2.0,0.0,0.0,7.0,0.0,82.707,81.544,89.326,100.0,43.948,74.533,33.083,17.0,0.17,83.286,82.929,72.996,100.0,45.174,100.0,34.358,3.36,6.158,87.461,85.861,1.12,NORMAL
117,2026-06-02 05:15:00+00:00,5,1,0.965926,0.258819,0.781831,0.62349,False,False,NIGHT,4.0,4.0,8.0,16.0,32.0,255.0,0.0,0.0,0.0,6.72,0.31,81.14,8.12,81.136,81.191,18.86,1.88,6.27,10.71,100.0,100.0,7.4,4.41,15.18,2.13,43.764,0.16,100.0,32.477,False,,0.0,71.027,0.0,0.0,0.0,0.0,0.0,3.0,0.16,0.04,11.0,0.0,82.134,81.422,71.602,100.0,43.441,48.933,32.854,15.0,0.0,81.631,82.606,72.643,100.0,45.377,50.55,32.653,6.72,6.285,87.39,85.977,1.28,MODERATE
118,2026-06-02 05:30:00+00:00,5,1,0.965926,0.258819,0.781831,0.62349,False,False,NIGHT,4.0,8.0,9.0,19.0,34.0,257.0,0.0,0.0,0.0,6.72,2.179,82.07,8.32,82.071,83.198,17.93,1.68,6.27,10.71,100.0,100.0,7.38,4.45,15.17,2.13,43.809,0.32,100.0,33.279,False,,0.0,71.638,0.0,0.0,0.0,0.0,0.0,1.0,0.32,0.08,11.0,0.0,81.626,81.656,81.444,100.0,42.919,74.533,32.65,16.0,0.0,80.23,82.631,87.107,100.0,44.553,48.933,32.092,1.68,4.775,85.539,85.388,0.97,MODERATE
119,2026-06-02 05:45:00+00:00,5,1,0.965926,0.258819,0.781831,0.62349,False,False,NIGHT,1.0,5.0,9.0,20.0,31.0,257.0,0.0,0.0,0.0,1.68,4.464,81.37,8.33,81.367,83.282,18.63,1.67,5.76,9.59,100.0,100.0,7.21,4.47,15.32,2.1,43.251,0.0,48.958,33.313,False,,0.0,66.856,0.0,0.0,0.0,0.0,0.0,1.0,0.0,0.0,10.0,0.0,81.536,81.63,82.564,100.0,43.877,74.533,32.614,16.0,0.0,79.991,82.03,72.137,100.0,45.152,48.933,31.997,8.332,5.804,87.123,85.861,1.29,NORMAL
120,2026-06-02 06:00:00+00:00,6,1,1.0,0.0,0.781831,0.62349,False,False,MORNING,2.0,3.0,11.0,21.0,30.0,255.0,0.0,0.0,0.0,3.36,2.882,81.54,8.27,81.544,82.707,18.46,1.73,9.61,11.02,89.326,100.0,7.38,4.49,15.13,2.14,43.948,0.0,74.533,33.083,False,,0.0,67.863,0.0,0.0,0.0,0.0,0.0,5.0,0.0,0.0,9.0,0.17,83.286,82.929,72.996,100.0,45.174,100.0,34.358,17.0,0.0,82.338,82.863,73.471,100.0,43.497,100.0,32.935,3.428,5.273,85.804,85.532,1.13,NORMAL
121,2026-06-02 06:15:00+00:00,6,1,1.0,0.0,0.781831,0.62349,False,False,MORNING,1.0,3.0,8.0,21.0,31.0,256.0,0.0,0.0,0.0,1.68,2.397,81.42,8.21,81.422,82.134,18.58,1.79,11.97,16.21,71.602,100.0,7.24,4.49,15.27,2.11,43.441,0.0,48.933,32.854,False,,0.0,63.246,0.0,0.0,0.0,0.0,0.0,0.0,-0.16,0.0,7.0,0.0,81.631,82.606,72.643,100.0,45.377,50.55,32.653,18.0,0.0,81.254,82.79,97.802,100.0,44.89,48.933,32.502,6.72,5.653,87.345,85.645,1.29,NORMAL
122,2026-06-02 06:30:00+00:00,6,1,1.0,0.0,0.781831,0.62349,False,False,MORNING,2.0,3.0,6.0,23.0,33.0,257.0,0.0,0.0,0.0,3.36,2.627,81.66,8.16,81.656,81.626,18.34,1.84,10.55,13.1,81.444,100.0,7.1,4.49,15.41,2.09,42.919,0.0,74.533,32.65,False,,0.0,66.633,0.0,0.0,0.0,0.0,0.0,-3.0,-0.32,0.0,7.0,0.0,80.23,82.631,87.107,100.0,44.553,48.933,32.092,23.0,0.0,80.979,81.875,84.494,100.0,44.906,23.333,32.391,5.04,5.79,87.757,85.416,1.29,NORMAL
123,2026-06-02 06:45:00+00:00,6,1,1.0,0.0,0.781831,0.62349,False,False,MORNING,2.0,4.0,7.0,24.0,34.0,256.0,0.0,0.0,0.0,3.36,3.5,81.63,8.15,81.63,81.536,18.37,1.85,10.41,12.78,82.564,100.0,7.36,4.49,15.15,2.13,43.877,0.0,74.533,32.614,False,,0.0,66.83,0.0,0.0,0.0,0.0,0.0,-2.0,0.0,0.0,6.0,0.0,79.991,82.03,72.137,100.0,45.152,48.933,31.997,28.0,0.0,81.376,82.654,75.456,100.0,43.568,100.0,32.551,5.04,4.33,88.042,85.565,1.29,NORMAL
124,2026-06-02 07:00:00+00:00,7,1,0.965926,-0.258819,0.781831,0.62349,False,False,MORNING,6.0,8.0,11.0,28.0,40.0,258.0,0.17,0.0,0.0,9.788,3.892,82.93,8.33,82.929,83.286,17.07,1.67,11.97,16.21,72.996,100.0,7.68,4.52,14.8,2.2,45.174,0.48,100.0,34.358,False,,0.3,68.836,0.17,0.17,0.17,0.011,0.17,0.0,0.48,0.162,8.0,0.0,82.338,82.863,73.471,100.0,43.497,100.0,32.935,29.0,0.0,83.347,83.588,73.506,100.0,44.315,100.0,33.339,3.36,4.631,87.31,85.321,1.13,NORMAL
125,2026-06-02 07:15:00+00:00,7,1,0.965926,-0.258819,0.781831,0.62349,False,False,MORNING,1.0,7.0,11.0,27.0,40.0,256.0,0.0,0.02,0.0157,1.972,3.923,82.61,8.16,82.606,81.631,17.39,1.84,11.97,16.21,72.643,100.0,7.74,4.51,14.75,2.21,45.377,0.16,50.55,32.653,False,,0.0,63.85,-0.17,0.0,0.0,0.011,0.17,3.0,0.16,0.04,8.0,0.0,81.254,82.79,97.802,100.0,44.89,48.933,32.502,27.0,0.0,83.243,83.213,76.468,100.0,44.152,74.558,33.297,6.72,4.619,87.816,85.795,1.29,NORMAL
126,2026-06-02 07:30:00+00:00,7,1,0.965926,-0.258819,0.781831,0.62349,False,False,MORNING,1.0,2.0,10.0,25.0,39.0,252.0,0.0,0.0,0.0,1.68,2.14,82.63,8.02,82.631,80.23,17.37,1.98,9.99,11.85,87.107,100.0,7.54,4.49,14.97,2.17,44.553,0.0,48.933,32.092,False,,0.0,65.091,0.0,-0.17,0.0,0.011,0.17,4.0,0.0,0.0,9.0,0.0,80.979,81.875,84.494,100.0,44.906,23.333,32.391,29.0,0.0,83.052,82.773,72.79,100.0,42.892,48.933,33.221,6.72,5.158,87.985,86.169,1.45,NORMAL
127,2026-06-02 07:45:00+00:00,7,1,0.965926,-0.258819,0.781831,0.62349,False,False,MORNING,1.0,2.0,9.0,25.0,40.0,251.0,0.0,0.0,0.0,1.68,4.181,82.03,8.0,82.03,79.991,17.97,2.0,11.97,16.21,72.137,100.0,7.72,4.47,14.81,2.19,45.152,0.0,48.933,31.997,False,,0.0,63.169,0.0,0.0,0.0,0.011,0.17,2.0,0.0,0.0,10.0,0.0,81.376,82.654,75.456,100.0,43.568,100.0,32.551,29.0,0.0,83.803,82.666,72.695,100.0,42.729,74.533,33.521,8.002,4.369,88.682,87.007,1.77,NORMAL
128,2026-06-02 08:00:00+00:00,8,1,0.866025,-0.5,0.781831,0.62349,False,False,MORNING,4.0,5.0,7.0,29.0,41.0,254.0,0.0,0.0,0.0,6.72,2.448,82.86,8.23,82.863,82.338,17.14,1.77,11.87,16.0,73.471,100.0,7.26,4.48,15.26,2.11,43.497,0.16,100.0,32.935,False,,0.0,68.429,0.0,0.0,-0.17,0.011,0.17,-4.0,-0.32,0.04,9.0,0.0,83.347,83.588,73.506,100.0,44.315,100.0,33.339,32.0,0.0,85.626,83.791,73.685,100.0,44.382,100.0,34.251,5.438,6.187,89.117,86.777,1.77,NORMAL
129,2026-06-02 08:15:00+00:00,8,1,0.866025,-0.5,0.781831,0.62349,False,False,MORNING,1.0,5.0,7.0,26.0,42.0,253.0,0.0,0.0,0.0,1.68,2.408,82.79,8.13,82.79,81.254,17.21,1.87,8.91,9.48,97.802,100.0,7.64,4.48,14.88,2.18,44.89,0.0,48.933,32.502,False,,0.0,66.645,0.0,0.0,0.0,0.011,0.17,-4.0,-0.16,0.0,10.0,0.0,83.243,83.213,76.468,100.0,44.152,74.558,33.297,29.0,0.69,87.157,84.607,74.676,100.0,47.309,100.0,39.004,6.72,5.501,89.524,87.041,1.93,NORMAL
130,2026-06-02 08:30:00+00:00,8,1,0.866025,-0.5,0.781831,0.62349,False,False,MORNING,0.0,1.0,6.0,22.0,41.0,248.0,0.0,0.0,0.0,0.0,3.77,81.87,8.1,81.875,80.979,18.13,1.9,10.2,12.32,84.494,100.0,7.65,4.48,14.88,2.18,44.906,0.0,23.333,32.391,False,,0.0,62.489,0.0,0.0,0.0,0.011,0.17,-4.0,0.0,0.0,14.0,0.0,83.052,82.773,72.79,100.0,42.892,48.933,33.221,27.0,0.58,88.635,85.505,76.981,100.0,47.178,100.0,38.906,3.36,6.743,87.552,86.392,1.78,NORMAL
131,2026-06-02 08:45:00+00:00,8,1,0.866025,-0.5,0.781831,0.62349,False,False,MORNING,3.0,3.0,8.0,24.0,44.0,251.0,0.0,0.0,0.0,5.04,1.765,82.65,8.14,82.654,81.376,17.35,1.86,11.53,15.25,75.456,100.0,7.29,4.48,15.24,2.12,43.568,0.0,100.0,32.551,False,,0.0,68.435,0.0,0.0,0.0,0.011,0.17,-1.0,0.0,0.0,18.0,0.0,83.803,82.666,72.695,100.0,42.729,74.533,33.521,25.0,0.0,88.971,86.409,82.547,100.0,48.096,100.0,35.589,7.927,5.997,88.609,86.769,2.1,NORMAL
132,2026-06-02 09:00:00+00:00,9,1,0.707107,-0.707107,0.781831,0.62349,False,False,MORNING,4.0,7.0,8.0,26.0,47.0,253.0,0.0,0.0,0.0,6.72,2.196,83.59,8.33,83.588,83.347,16.41,1.67,11.97,16.21,73.506,100.0,7.47,4.5,15.03,2.15,44.315,0.16,100.0,33.339,False,,0.0,68.868,0.0,0.0,0.0,0.011,0.17,1.0,0.0,0.04,20.0,0.0,85.626,83.791,73.685,100.0,44.382,100.0,34.251,24.0,0.0,87.461,85.861,85.606,100.0,47.722,85.775,34.984,2.153,4.137,87.134,86.42,1.78,NORMAL
133,2026-06-02 09:15:00+00:00,9,1,0.707107,-0.707107,0.781831,0.62349,False,False,MORNING,2.0,6.0,9.0,27.0,48.0,250.0,0.0,0.0,0.0,3.36,4.899,83.21,8.32,83.213,83.243,16.79,1.68,11.45,15.08,76.468,100.0,7.41,4.51,15.08,2.15,44.152,0.0,74.558,33.297,False,,0.0,66.816,0.0,0.0,0.0,0.011,0.17,2.0,0.0,0.0,17.0,0.69,87.157,84.607,74.676,100.0,47.309,100.0,39.004,24.0,0.0,87.39,85.977,75.607,100.0,47.191,100.0,34.956,3.36,6.064,86.895,85.768,1.62,NORMAL
134,2026-06-02 09:30:00+00:00,9,1,0.707107,-0.707107,0.781831,0.62349,False,False,MORNING,1.0,3.0,10.0,26.0,49.0,246.0,0.0,0.0,0.0,1.68,3.518,82.77,8.31,82.773,83.052,17.23,1.69,11.97,16.21,72.79,100.0,7.06,4.52,15.42,2.08,42.892,0.0,48.933,33.221,False,,0.0,63.82,0.0,0.0,0.0,0.011,0.17,4.0,0.0,0.0,15.0,0.58,88.635,85.505,76.981,100.0,47.178,100.0,38.906,24.0,0.0,85.539,85.388,77.702,100.0,46.773,58.592,34.216,5.04,6.021,87.998,85.413,1.62,NORMAL
135,2026-06-02 09:45:00+00:00,9,1,0.707107,-0.707107,0.781831,0.62349,False,False,MORNING,2.0,3.0,9.0,26.0,50.0,246.0,0.0,0.0,0.0,3.36,3.488,82.67,8.38,82.666,83.803,17.33,1.62,11.97,16.21,72.695,100.0,7.0,4.54,15.46,2.08,42.729,0.0,74.533,33.521,False,,0.0,66.224,0.0,0.0,0.0,0.011,0.17,1.0,0.0,0.0,11.0,0.0,88.971,86.409,82.547,100.0,48.096,100.0,35.589,27.0,0.04,87.123,85.861,83.698,100.0,46.531,100.0,35.093,3.36,4.53,86.432,85.277,1.46,NORMAL
136,2026-06-02 10:00:00+00:00,10,1,0.5,-0.866025,0.781831,0.62349,False,False,MORNING,5.0,7.0,10.0,25.0,53.0,247.0,0.0,0.0,0.0,8.4,3.171,83.79,8.56,83.791,85.626,16.21,1.44,11.97,16.21,73.685,100.0,7.41,4.57,15.02,2.16,44.382,0.32,100.0,34.251,False,,0.0,69.396,0.0,0.0,0.0,0.011,0.17,2.0,0.16,0.08,12.0,0.0,87.461,85.861,85.606,100.0,47.722,85.775,34.984,27.0,0.0,85.804,85.532,84.414,100.0,44.935,85.808,34.322,5.04,5.912,86.491,85.053,1.46,NORMAL
137,2026-06-02 10:15:00+00:00,10,1,0.5,-0.866025,0.781831,0.62349,False,False,MORNING,6.0,11.0,14.0,30.0,57.0,253.0,0.69,0.0,0.0,8.92,5.042,84.61,8.72,84.607,87.157,15.39,1.28,11.97,16.21,74.676,100.0,8.13,4.64,14.23,2.3,47.309,0.8,100.0,39.004,False,,1.2,70.705,0.69,0.69,0.69,0.054,0.69,5.0,0.8,0.372,12.0,0.0,87.39,85.977,75.607,100.0,47.191,100.0,34.956,28.0,0.0,87.345,85.645,75.315,100.0,46.255,100.0,34.938,5.04,4.351,87.183,85.156,1.46,MODERATE
138,2026-06-02 10:30:00+00:00,10,1,0.5,-0.866025,0.781831,0.62349,False,False,MORNING,5.0,11.0,18.0,34.0,59.0,254.0,0.58,0.06,0.0621,8.593,4.409,85.51,8.86,85.505,88.635,14.49,1.14,11.73,15.68,76.981,100.0,8.03,4.71,14.26,2.29,47.178,1.12,100.0,38.906,False,,1.1,71.393,-0.10999999999999999,0.58,0.58,0.09,0.69,8.0,1.12,0.425,12.0,0.0,85.539,85.388,77.702,100.0,46.773,58.592,34.216,28.0,0.0,87.757,85.416,80.704,100.0,46.196,100.0,35.103,5.04,2.844,87.541,85.669,1.46,MODERATE
139,2026-06-02 10:45:00+00:00,10,1,0.5,-0.866025,0.781831,0.62349,False,False,MORNING,4.0,9.0,20.0,37.0,62.0,254.0,0.0,0.05,0.0518,7.686,3.936,86.41,8.9,86.409,88.971,13.59,1.1,11.02,14.12,82.547,100.0,8.24,4.75,14.01,2.34,48.096,1.28,100.0,35.589,False,,0.0,72.038,-0.58,-0.69,0.0,0.09,0.69,11.0,1.28,0.32,14.0,0.04,87.123,85.861,83.698,100.0,46.531,100.0,35.093,27.0,0.0,88.042,85.565,75.245,100.0,46.115,100.0,35.217,5.04,3.985,87.366,85.95,1.46,MODERATE
140,2026-06-02 11:00:00+00:00,11,1,0.258819,-0.965926,0.781831,0.62349,False,False,MORNING,2.0,6.0,17.0,35.0,64.0,249.0,0.0,0.0,0.0,3.36,6.158,85.86,8.75,85.861,87.461,14.14,1.25,10.56,13.11,85.606,100.0,8.13,4.76,14.12,2.32,47.722,1.12,85.775,34.984,False,,0.0,70.669,0.0,-0.58,0.0,0.079,0.69,7.0,0.8,0.28,12.0,0.0,85.804,85.532,84.414,100.0,44.935,85.808,34.322,29.0,0.0,87.31,85.321,75.03,100.0,45.973,85.842,34.924,6.72,4.361,88.673,86.409,1.62,MODERATE
141,2026-06-02 11:15:00+00:00,11,1,0.258819,-0.965926,0.781831,0.62349,False,False,MORNING,4.0,6.0,15.0,38.0,64.0,249.0,0.0,0.0,0.0,6.72,6.285,85.98,8.74,85.977,87.39,14.02,1.26,11.97,16.21,75.607,100.0,7.97,4.77,14.26,2.29,47.191,1.28,100.0,34.956,False,,0.0,70.713,0.0,0.0,-0.69,0.079,0.69,1.0,0.48,0.32,12.0,0.0,87.345,85.645,75.315,100.0,46.255,100.0,34.938,28.0,0.0,87.816,85.795,75.448,100.0,45.472,100.0,35.126,6.72,3.579,89.661,87.096,1.79,MODERATE
142,2026-06-02 11:30:00+00:00,11,1,0.258819,-0.965926,0.781831,0.62349,False,False,MORNING,1.0,5.0,11.0,39.0,61.0,250.0,0.0,0.0,0.0,1.68,4.775,85.39,8.55,85.388,85.539,14.61,1.45,11.57,15.33,77.702,100.0,7.87,4.76,14.37,2.27,46.773,0.97,58.592,34.216,False,,0.0,66.7,0.0,0.0,-0.58,0.079,0.69,-7.0,-0.15,0.242,12.0,0.0,87.757,85.416,80.704,100.0,46.196,100.0,35.103,26.0,0.0,87.985,86.169,75.776,100.0,44.563,100.0,35.194,5.04,6.449,89.103,86.8,1.79,NORMAL
143,2026-06-02 11:45:00+00:00,11,1,0.258819,-0.965926,0.781831,0.62349,False,False,MORNING,5.0,6.0,12.0,41.0,65.0,248.0,0.04,0.0,0.0,8.332,5.804,85.86,8.71,85.861,87.123,14.14,1.29,10.8,13.64,83.698,100.0,7.8,4.76,14.44,2.26,46.531,1.29,100.0,35.093,False,,0.1,71.571,0.04,0.04,0.04,0.082,0.69,-8.0,0.01,0.332,13.0,0.0,88.042,85.565,75.245,100.0,46.115,100.0,35.217,25.0,0.24,88.682,87.007,76.607,100.0,44.511,100.0,36.895,6.72,6.512,89.918,86.77,1.95,MODERATE
144,2026-06-02 12:00:00+00:00,12,1,0.0,-1.0,0.781831,0.62349,False,False,MORNING,2.0,7.0,12.0,39.0,65.0,247.0,0.0,0.0,0.0037,3.428,5.273,85.53,8.58,85.532,85.804,14.47,1.42,10.67,13.34,84.414,100.0,7.38,4.76,14.87,2.18,44.935,1.13,85.808,34.322,False,,0.0,69.874,-0.04,0.0,0.0,0.082,0.69,-5.0,0.01,0.282,15.0,0.0,87.31,85.321,75.03,100.0,45.973,85.842,34.924,22.0,0.0,89.117,86.777,89.029,100.0,45.715,100.0,35.647,6.72,5.157,90.513,87.101,2.11,NORMAL
145,2026-06-02 12:15:00+00:00,12,1,0.0,-1.0,0.781831,0.62349,False,False,MORNING,4.0,6.0,12.0,41.0,68.0,247.0,0.0,0.0,0.0,6.72,5.653,85.64,8.73,85.645,87.345,14.36,1.27,11.97,16.21,75.315,100.0,7.72,4.77,14.51,2.25,46.255,1.29,100.0,34.938,False,,0.0,70.512,0.0,-0.04,0.0,0.082,0.69,-3.0,0.01,0.322,16.0,0.0,87.816,85.795,75.448,100.0,45.472,100.0,35.126,22.0,0.0,89.524,87.041,89.3,100.0,46.758,100.0,35.81,3.36,5.867,89.499,86.576,1.95,MODERATE
146,2026-06-02 12:30:00+00:00,12,1,0.0,-1.0,0.781831,0.62349,False,False,MORNING,3.0,7.0,14.0,43.0,69.0,248.0,0.0,0.0,0.0,5.04,5.79,85.42,8.78,85.416,87.757,14.58,1.22,11.14,14.39,80.704,100.0,7.7,4.78,14.53,2.25,46.196,1.29,100.0,35.103,False,,0.0,71.185,0.0,0.0,0.0,0.082,0.69,3.0,0.32,0.322,16.0,0.0,87.985,86.169,75.776,100.0,44.563,100.0,35.194,21.0,0.0,87.552,86.392,88.635,100.0,46.868,92.292,35.021,6.72,5.71,90.038,86.775,2.11,MODERATE
147,2026-06-02 12:45:00+00:00,12,1,0.0,-1.0,0.781831,0.62349,False,False,MORNING,3.0,6.0,12.0,44.0,70.0,248.0,0.0,0.0,0.0,5.04,4.33,85.57,8.8,85.565,88.042,14.43,1.2,11.97,16.21,75.245,100.0,7.66,4.79,14.55,2.24,46.115,1.29,100.0,35.217,False,,0.0,70.612,0.0,0.0,-0.04,0.082,0.69,0.0,0.0,0.322,14.0,0.24,88.682,87.007,76.607,100.0,44.511,100.0,36.895,22.0,0.28,88.609,86.769,100.0,100.0,46.312,100.0,37.134,5.04,6.773,89.619,86.383,2.11,MODERATE
148,2026-06-02 13:00:00+00:00,13,1,-0.258819,-0.965926,0.781831,0.62349,False,False,MORNING,2.0,5.0,12.0,41.0,66.0,248.0,0.0,0.0,0.0,3.36,4.631,85.32,8.73,85.321,87.31,14.68,1.27,11.97,16.21,75.03,100.0,7.62,4.79,14.59,2.23,45.973,1.13,85.842,34.924,False,,0.0,69.1,0.0,0.0,0.0,0.082,0.69,0.0,0.0,0.282,14.0,0.0,89.117,86.777,89.029,100.0,45.715,100.0,35.647,20.0,0.0,87.134,86.42,100.0,100.0,45.495,66.708,34.854,1.68,6.56,87.601,85.365,1.79,NORMAL
149,2026-06-02 13:15:00+00:00,13,1,-0.258819,-0.965926,0.781831,0.62349,False,False,MORNING,4.0,6.0,12.0,39.0,69.0,250.0,0.0,0.0,0.0,6.72,4.619,85.8,8.78,85.795,87.816,14.2,1.22,11.97,16.21,75.448,100.0,7.48,4.8,14.72,2.21,45.472,1.29,100.0,35.126,False,,0.0,70.584,0.0,0.0,0.0,0.082,0.69,0.0,0.0,0.322,12.0,0.0,89.524,87.041,89.3,100.0,46.758,100.0,35.81,23.0,0.0,86.895,85.768,87.994,100.0,46.792,90.717,34.758,1.68,5.203,85.936,84.651,1.47,MODERATE
150,2026-06-02 13:30:00+00:00,13,1,-0.258819,-0.965926,0.781831,0.62349,False,False,MORNING,4.0,8.0,13.0,38.0,72.0,253.0,0.0,0.0,0.0,6.72,5.158,86.17,8.8,86.169,87.985,13.83,1.2,11.97,16.21,75.776,100.0,7.22,4.81,14.97,2.17,44.563,1.45,100.0,35.194,False,,0.0,70.658,0.0,0.0,0.0,0.082,0.69,-1.0,0.16,0.362,10.0,0.0,87.552,86.392,88.635,100.0,46.868,92.292,35.021,25.0,0.0,87.998,85.413,100.0,100.0,46.971,100.0,35.199,5.04,4.998,86.22,84.633,1.47,MODERATE
151,2026-06-02 13:45:00+00:00,13,1,-0.258819,-0.965926,0.781831,0.62349,False,False,MORNING,5.0,9.0,15.0,39.0,76.0,256.0,0.24,0.0,0.0,8.002,4.369,87.01,8.87,87.007,88.682,12.99,1.13,11.97,16.21,76.607,100.0,7.19,4.83,14.98,2.16,44.511,1.77,100.0,36.895,False,,0.5,71.23,0.24,0.24,0.24,0.097,0.69,3.0,0.48,0.502,11.0,0.28,88.609,86.769,100.0,100.0,46.312,100.0,37.134,25.0,0.0,86.432,85.277,93.093,100.0,47.961,89.133,34.573,3.36,3.828,85.389,84.599,1.31,MODERATE
152,2026-06-02 14:00:00+00:00,14,1,-0.5,-0.866025,0.781831,0.62349,False,False,EVENING,3.0,8.0,16.0,40.0,75.0,257.0,0.0,0.02,0.0213,5.438,6.187,86.78,8.91,86.777,89.117,13.22,1.09,10.26,13.77,89.029,100.0,7.5,4.84,14.66,2.22,45.715,1.77,100.0,35.647,False,,0.0,72.712,-0.24,0.0,0.0,0.097,0.69,4.0,0.64,0.442,8.0,0.0,87.134,86.42,100.0,100.0,45.495,66.708,34.854,27.0,0.0,86.491,85.053,90.524,100.0,48.797,100.0,34.596,1.68,3.224,83.437,84.408,0.99,MODERATE
153,2026-06-02 14:15:00+00:00,14,1,-0.5,-0.866025,0.781831,0.62349,False,False,EVENING,4.0,7.0,16.0,40.0,78.0,259.0,0.0,0.0,0.0,6.72,5.501,87.04,8.95,87.041,89.524,12.96,1.05,10.26,13.77,89.3,100.0,7.76,4.86,14.38,2.27,46.758,1.93,100.0,35.81,False,,0.0,72.978,0.0,-0.24,0.0,0.054,0.58,4.0,0.64,0.482,10.0,0.0,86.895,85.768,87.994,100.0,46.792,90.717,34.758,28.0,0.0,87.183,85.156,87.366,100.0,48.581,100.0,34.873,5.04,5.484,84.436,84.197,1.0,MODERATE
154,2026-06-02 14:30:00+00:00,14,1,-0.5,-0.866025,0.781831,0.62349,False,False,EVENING,2.0,6.0,14.0,41.0,80.0,255.0,0.0,0.0,0.0,3.36,6.743,86.39,8.76,86.392,87.552,13.61,1.24,10.26,13.77,88.635,100.0,7.8,4.85,14.35,2.28,46.868,1.78,92.292,35.021,False,,0.0,71.677,0.0,0.0,0.0,0.018,0.24,1.0,0.33,0.445,11.0,0.0,87.998,85.413,100.0,100.0,46.971,100.0,35.199,27.0,0.0,87.541,85.669,87.893,100.0,47.071,100.0,35.016,3.36,3.54,84.089,84.186,0.84,MODERATE
155,2026-06-02 14:45:00+00:00,14,1,-0.5,-0.866025,0.781831,0.62349,False,False,EVENING,5.0,7.0,14.0,41.0,82.0,257.0,0.28,0.0,0.0,7.927,5.997,86.77,8.86,86.769,88.609,13.23,1.14,9.01,11.03,100.0,100.0,7.64,4.87,14.5,2.25,46.312,2.1,100.0,37.134,False,,0.6,74.158,0.28,0.28,0.040000000000000036,0.035,0.28,-1.0,0.33,0.595,11.0,0.0,86.432,85.277,93.093,100.0,47.961,89.133,34.573,28.0,0.0,87.366,85.95,88.181,100.0,47.855,100.0,34.946,3.36,4.108,82.47,84.161,0.68,MODERATE
156,2026-06-02 15:00:00+00:00,15,1,-0.707107,-0.707107,0.781831,0.62349,False,False,EVENING,1.0,6.0,12.0,40.0,79.0,255.0,0.0,0.03,0.0254,2.153,4.137,86.42,8.71,86.42,87.134,13.58,1.29,7.85,8.47,100.0,100.0,7.43,4.85,14.72,2.21,45.495,1.78,66.708,34.854,False,,0.0,70.537,-0.28,0.0,0.0,0.035,0.28,-4.0,0.01,0.445,12.0,0.0,86.491,85.053,90.524,100.0,48.797,100.0,34.596,28.0,0.0,88.673,86.409,88.652,100.0,47.697,100.0,35.469,3.36,2.88,82.587,84.27,0.52,MODERATE
157,2026-06-02 15:15:00+00:00,15,1,-0.707107,-0.707107,0.781831,0.62349,False,False,EVENING,2.0,3.0,10.0,38.0,79.0,254.0,0.0,0.0,0.0,3.36,6.064,85.77,8.69,85.768,86.895,14.23,1.31,10.26,13.77,87.994,100.0,7.8,4.84,14.37,2.27,46.792,1.62,90.717,34.758,False,,0.0,71.183,0.0,-0.28,0.0,0.035,0.28,-6.0,-0.31,0.405,13.0,0.0,87.183,85.156,87.366,100.0,48.581,100.0,34.873,25.0,0.0,89.661,87.096,94.655,100.0,47.455,100.0,35.865,0.0,5.537,81.613,82.983,0.04,MODERATE
158,2026-06-02 15:30:00+00:00,15,1,-0.707107,-0.707107,0.781831,0.62349,False,False,EVENING,3.0,5.0,11.0,38.0,81.0,255.0,0.0,0.0,0.0,5.04,6.021,85.41,8.8,85.413,87.998,14.59,1.2,8.28,9.41,100.0,100.0,7.84,4.84,14.32,2.28,46.971,1.62,100.0,35.199,False,,0.0,73.618,0.0,0.0,0.0,0.035,0.28,-3.0,-0.16,0.405,14.0,0.0,87.541,85.669,87.893,100.0,47.071,100.0,35.016,22.0,0.0,89.103,86.8,89.142,100.0,45.791,100.0,35.641,5.04,4.173,83.106,83.05,0.04,MODERATE
159,2026-06-02 15:45:00+00:00,15,1,-0.707107,-0.707107,0.781831,0.62349,False,False,EVENING,2.0,5.0,8.0,37.0,81.0,254.0,0.0,0.0,0.0,3.36,4.53,85.28,8.64,85.277,86.432,14.72,1.36,9.64,12.41,93.093,100.0,8.13,4.82,14.05,2.33,47.961,1.46,89.133,34.573,False,,0.0,71.557,0.0,0.0,-0.28,0.032,0.28,-6.0,-0.64,0.365,14.0,0.0,87.366,85.95,88.181,100.0,47.855,100.0,34.946,22.0,0.0,89.918,86.77,93.688,100.0,46.318,100.0,35.967,3.36,5.236,83.794,82.512,0.0,MODERATE
160,2026-06-02 16:00:00+00:00,16,1,-0.866025,-0.5,0.781831,0.62349,False,False,EVENING,3.0,5.0,10.0,38.0,79.0,253.0,0.0,0.0,0.0,5.04,5.912,85.05,8.65,85.053,86.491,14.95,1.35,9.89,12.96,90.524,100.0,8.37,4.81,13.82,2.37,48.797,1.46,100.0,34.596,False,,0.0,72.264,0.0,0.0,0.0,0.032,0.28,-2.0,-0.32,0.365,15.0,0.0,88.673,86.409,88.652,100.0,47.697,100.0,35.469,20.0,0.0,90.513,87.101,96.08,100.0,45.827,100.0,36.205,5.04,3.146,83.995,82.966,0.0,MODERATE
161,2026-06-02 16:15:00+00:00,16,1,-0.866025,-0.5,0.781831,0.62349,False,False,EVENING,3.0,6.0,11.0,37.0,76.0,253.0,0.0,0.0,0.0,5.04,4.351,85.16,8.72,85.156,87.183,14.84,1.28,10.26,13.77,87.366,100.0,8.31,4.81,13.88,2.36,48.581,1.46,100.0,34.873,False,,0.0,72.027,0.0,0.0,0.0,0.032,0.28,1.0,-0.16,0.365,15.0,0.0,89.661,87.096,94.655,100.0,47.455,100.0,35.865,17.0,0.0,89.499,86.576,88.823,100.0,46.162,94.017,35.8,3.36,4.205,83.673,82.787,0.0,MODERATE
162,2026-06-02 16:30:00+00:00,16,1,-0.866025,-0.5,0.781831,0.62349,False,False,EVENING,3.0,6.0,11.0,36.0,74.0,253.0,0.0,0.0,0.0,5.04,2.844,85.67,8.75,85.669,87.541,14.33,1.25,10.26,13.77,87.893,100.0,7.9,4.81,14.29,2.29,47.071,1.46,100.0,35.016,False,,0.0,72.139,0.0,0.0,0.0,0.032,0.28,0.0,-0.16,0.365,13.0,0.0,89.103,86.8,89.142,100.0,45.791,100.0,35.641,18.0,0.0,90.038,86.775,97.163,100.0,45.823,100.0,36.015,3.36,4.518,83.705,82.494,0.0,MODERATE
163,2026-06-02 16:45:00+00:00,16,1,-0.866025,-0.5,0.781831,0.62349,False,False,EVENING,3.0,6.0,12.0,34.0,73.0,251.0,0.0,0.0,0.0,5.04,3.985,85.95,8.74,85.95,87.366,14.05,1.26,10.26,13.77,88.181,100.0,8.11,4.81,14.08,2.33,47.855,1.46,100.0,34.946,False,,0.0,72.271,0.0,0.0,0.0,0.032,0.28,4.0,0.0,0.365,14.0,0.0,89.918,86.77,93.688,100.0,46.318,100.0,35.967,16.0,0.0,89.619,86.383,98.28,100.0,45.037,100.0,35.848,1.68,2.841,82.209,82.353,0.0,MODERATE
164,2026-06-02 17:00:00+00:00,17,1,-0.965926,-0.258819,0.781831,0.62349,False,False,EVENING,4.0,7.0,13.0,35.0,75.0,254.0,0.0,0.0,0.0,6.72,4.361,86.41,8.87,86.409,88.673,13.59,1.13,10.26,13.77,88.652,100.0,8.06,4.82,14.12,2.32,47.697,1.62,100.0,35.469,False,,0.0,72.676,0.0,0.0,0.0,0.032,0.28,3.0,0.16,0.405,13.0,0.0,90.513,87.101,96.08,100.0,45.827,100.0,36.205,15.0,0.0,87.601,85.365,94.977,100.0,45.923,66.842,35.04,5.04,3.811,82.938,82.588,0.0,MODERATE
165,2026-06-02 17:15:00+00:00,17,1,-0.965926,-0.258819,0.781831,0.62349,False,False,EVENING,4.0,8.0,14.0,35.0,75.0,253.0,0.0,0.0,0.0,6.72,3.579,87.1,8.97,87.096,89.661,12.9,1.03,9.69,12.51,94.655,100.0,7.97,4.84,14.19,2.31,47.455,1.79,100.0,35.865,False,,0.0,73.723,0.0,0.0,0.0,0.032,0.28,3.0,0.33,0.448,10.0,0.0,89.499,86.576,88.823,100.0,46.162,94.017,35.8,16.0,0.0,85.936,84.651,95.022,100.0,45.338,63.65,34.374,0.0,3.715,81.217,81.831,0.0,MODERATE
166,2026-06-02 17:30:00+00:00,17,1,-0.965926,-0.258819,0.781831,0.62349,False,False,EVENING,3.0,7.0,14.0,36.0,77.0,252.0,0.0,0.0,0.0,5.04,6.449,86.8,8.91,86.8,89.103,13.2,1.09,10.25,13.75,89.142,100.0,7.51,4.85,14.64,2.23,45.791,1.79,100.0,35.641,False,,0.0,72.735,0.0,0.0,0.0,0.032,0.28,3.0,0.33,0.448,9.0,0.0,90.038,86.775,97.163,100.0,45.823,100.0,36.015,15.0,0.0,86.22,84.633,100.0,100.0,45.791,100.0,34.488,1.68,3.86,81.494,81.258,0.0,MODERATE
167,2026-06-02 17:45:00+00:00,17,1,-0.965926,-0.258819,0.781831,0.62349,False,False,EVENING,4.0,7.0,15.0,35.0,76.0,252.0,0.0,0.0,0.0,6.72,6.512,86.77,8.99,86.77,89.918,13.23,1.01,9.75,12.65,93.688,100.0,7.63,4.87,14.49,2.25,46.318,1.95,100.0,35.967,False,,0.0,73.484,0.0,0.0,0.0,0.018,0.28,3.0,0.49,0.488,8.0,0.0,89.619,86.383,98.28,100.0,45.037,100.0,35.848,15.0,0.0,85.389,84.599,86.795,100.0,46.334,87.667,34.156,3.36,1.647,81.55,81.681,0.0,MODERATE
168,2026-06-02 18:00:00+00:00,18,1,-1.0,-0.0,0.781831,0.62349,False,False,EVENING,4.0,8.0,15.0,38.0,78.0,255.0,0.0,0.0,0.0,6.72,5.157,87.1,9.05,87.101,90.513,12.9,0.95,9.54,12.19,96.08,100.0,7.48,4.89,14.63,2.23,45.827,2.11,100.0,36.205,False,,0.0,73.919,0.0,0.0,0.0,0.018,0.28,2.0,0.49,0.528,7.0,0.0,87.601,85.365,94.977,100.0,45.923,66.842,35.04,15.0,0.0,83.437,84.408,86.599,100.0,47.527,58.875,33.375,3.36,2.159,81.2,82.017,0.0,MODERATE
169,2026-06-02 18:15:00+00:00,18,1,-1.0,-0.0,0.781831,0.62349,False,False,EVENING,2.0,6.0,13.0,38.0,76.0,253.0,0.0,0.0,0.0,3.36,5.867,86.58,8.95,86.576,89.499,13.42,1.05,10.26,13.77,88.823,100.0,7.56,4.9,14.54,2.24,46.162,1.95,94.017,35.8,False,,0.0,72.221,0.0,0.0,0.0,0.018,0.28,-1.0,0.16,0.488,7.0,0.0,85.936,84.651,95.022,100.0,45.338,63.65,34.374,17.0,0.0,84.436,84.197,86.382,100.0,46.673,100.0,33.774,3.36,3.527,81.212,81.974,0.0,MODERATE
170,2026-06-02 18:30:00+00:00,18,1,-1.0,-0.0,0.781831,0.62349,False,False,EVENING,4.0,6.0,14.0,39.0,77.0,253.0,0.0,0.0,0.0,6.72,5.71,86.77,9.0,86.775,90.038,13.23,1.0,9.4,11.88,97.163,100.0,7.46,4.91,14.63,2.23,45.823,2.11,100.0,36.015,False,,0.0,73.882,0.0,0.0,0.0,0.018,0.28,0.0,0.32,0.528,9.0,0.0,86.22,84.633,100.0,100.0,45.791,100.0,34.488,16.0,0.0,84.089,84.186,92.02,100.0,47.833,82.892,33.636,3.36,3.977,80.781,81.862,0.0,MODERATE
171,2026-06-02 18:45:00+00:00,18,1,-1.0,-0.0,0.781831,0.62349,False,False,EVENING,3.0,7.0,13.0,40.0,77.0,249.0,0.0,0.0,0.0,5.04,6.773,86.38,8.96,86.383,89.619,13.62,1.04,9.25,11.55,98.28,100.0,7.25,4.91,14.84,2.19,45.037,2.11,100.0,35.848,False,,0.0,73.775,0.0,0.0,0.0,0.0,0.0,-2.0,0.16,0.528,8.0,0.0,85.389,84.599,86.795,100.0,46.334,87.667,34.156,16.0,0.0,82.47,84.161,86.346,100.0,46.75,81.3,32.988,1.68,3.207,80.479,81.511,0.0,MODERATE
172,2026-06-02 19:00:00+00:00,19,1,-0.965926,0.258819,0.781831,0.62349,False,False,EVENING,1.0,4.0,10.0,38.0,76.0,247.0,0.0,0.0,0.0,1.68,6.56,85.36,8.76,85.365,87.601,14.64,1.24,9.46,12.01,94.977,100.0,7.5,4.89,14.6,2.23,45.923,1.79,66.842,35.04,False,,0.0,69.847,0.0,0.0,0.0,0.0,0.0,-5.0,-0.32,0.448,8.0,0.0,83.437,84.408,86.599,100.0,47.527,58.875,33.375,15.0,0.0,82.587,84.27,86.457,100.0,45.346,79.708,33.035,3.36,2.73,80.991,81.617,0.0,NORMAL
173,2026-06-02 19:15:00+00:00,19,1,-0.965926,0.258819,0.781831,0.62349,False,False,EVENING,1.0,2.0,9.0,36.0,73.0,244.0,0.0,0.0,0.0,1.68,5.203,84.65,8.59,84.651,85.936,15.35,1.41,9.38,11.83,95.022,100.0,7.38,4.86,14.76,2.2,45.338,1.47,63.65,34.374,False,,0.0,69.022,0.0,0.0,0.0,0.0,0.0,-4.0,-0.48,0.368,9.0,0.0,84.436,84.197,86.382,100.0,46.673,100.0,33.774,16.0,0.0,81.613,82.983,87.31,100.0,45.869,23.717,32.645,1.68,3.117,81.28,81.229,0.0,NORMAL
174,2026-06-02 19:30:00+00:00,19,1,-0.965926,0.258819,0.781831,0.62349,False,False,EVENING,3.0,4.0,8.0,36.0,72.0,241.0,0.0,0.0,0.0,5.04,4.998,84.63,8.62,84.633,86.22,15.37,1.38,8.75,10.44,100.0,100.0,7.53,4.84,14.64,2.23,45.791,1.47,100.0,34.488,False,,0.0,72.984,0.0,0.0,0.0,0.0,0.0,-6.0,-0.64,0.368,6.0,0.0,84.089,84.186,92.02,100.0,47.833,82.892,33.636,16.0,0.0,83.106,83.05,85.206,100.0,46.302,100.0,33.242,3.36,2.827,81.671,81.323,0.0,MODERATE
175,2026-06-02 19:45:00+00:00,19,1,-0.965926,0.258819,0.781831,0.62349,False,False,EVENING,2.0,5.0,7.0,35.0,69.0,239.0,0.0,0.0,0.0,3.36,3.828,84.6,8.54,84.599,85.389,15.4,1.46,10.26,13.77,86.795,100.0,7.7,4.81,14.49,2.25,46.334,1.31,87.667,34.156,False,,0.0,70.165,0.0,0.0,0.0,0.0,0.0,-6.0,-0.8,0.328,7.0,0.0,82.47,84.161,86.346,100.0,46.75,81.3,32.988,14.0,0.0,83.794,82.512,84.654,100.0,46.373,74.533,33.518,3.36,2.829,82.044,81.419,0.0,MODERATE
176,2026-06-02 20:00:00+00:00,20,1,-0.866025,0.5,0.781831,0.62349,False,False,EVENING,1.0,3.0,7.0,32.0,67.0,235.0,0.0,0.0,0.0,1.68,3.224,84.41,8.34,84.408,83.437,15.59,1.66,10.26,13.77,86.599,100.0,8.07,4.77,14.17,2.31,47.527,0.99,58.875,33.375,False,,0.0,67.225,0.0,0.0,0.0,0.0,0.0,-3.0,-0.8,0.248,7.0,0.0,82.587,84.27,86.457,100.0,45.346,79.708,33.035,14.0,0.0,83.995,82.966,100.0,100.0,44.853,100.0,33.598,1.68,2.033,82.15,81.32,0.0,NORMAL
177,2026-06-02 20:15:00+00:00,20,1,-0.866025,0.5,0.781831,0.62349,False,False,EVENING,3.0,4.0,9.0,31.0,66.0,235.0,0.0,0.0,0.0,5.04,5.484,84.2,8.44,84.197,84.436,15.8,1.56,10.26,13.77,86.382,100.0,7.86,4.74,14.4,2.27,46.673,1.0,100.0,33.774,False,,0.0,70.977,0.0,0.0,0.0,0.0,0.0,0.0,-0.47,0.25,8.0,0.0,81.613,82.983,87.31,100.0,45.869,23.717,32.645,13.0,0.0,83.673,82.787,100.0,100.0,46.739,74.533,33.469,3.36,3.372,82.702,81.261,0.0,MODERATE
178,2026-06-02 20:30:00+00:00,20,1,-0.866025,0.5,0.781831,0.62349,False,False,EVENING,2.0,5.0,8.0,30.0,66.0,231.0,0.0,0.0,0.0,3.36,3.54,84.19,8.41,84.186,84.089,15.81,1.59,9.63,12.39,92.02,100.0,8.2,4.72,14.08,2.32,47.833,0.84,82.892,33.636,False,,0.0,70.146,0.0,0.0,0.0,0.0,0.0,0.0,-0.63,0.21,10.0,0.0,83.106,83.05,85.206,100.0,46.302,100.0,33.242,13.0,0.0,83.705,82.494,100.0,100.0,46.533,74.533,33.482,3.36,3.162,83.371,81.244,0.0,MODERATE
179,2026-06-02 20:45:00+00:00,20,1,-0.866025,0.5,0.781831,0.62349,False,False,EVENING,2.0,4.0,8.0,28.0,63.0,232.0,0.0,0.0,0.0,3.36,4.108,84.16,8.25,84.161,82.47,15.84,1.75,10.26,13.77,86.346,100.0,7.94,4.68,14.38,2.27,46.75,0.68,81.3,32.988,False,,0.0,68.895,0.0,0.0,0.0,0.0,0.0,1.0,-0.63,0.17,9.0,0.0,83.794,82.512,84.654,100.0,46.373,74.533,33.518,13.0,0.0,82.209,82.353,100.0,100.0,45.057,48.933,32.884,5.04,3.469,84.474,81.526,0.0,NORMAL
180,2026-06-02 21:00:00+00:00,21,1,-0.707107,0.707107,0.781831,0.62349,False,False,EVENING,2.0,4.0,9.0,26.0,64.0,232.0,0.0,0.0,0.0,3.36,2.88,84.27,8.26,84.27,82.587,15.73,1.74,10.26,13.77,86.457,100.0,7.59,4.65,14.76,2.2,45.346,0.52,79.708,33.035,False,,0.0,68.686,0.0,0.0,0.0,0.0,0.0,2.0,-0.47,0.13,8.0,0.0,83.995,82.966,100.0,100.0,44.853,100.0,33.598,13.0,0.0,82.938,82.588,100.0,100.0,46.106,100.0,33.175,1.68,3.786,84.09,81.038,0.0,NORMAL
181,2026-06-02 21:15:00+00:00,21,1,-0.707107,0.707107,0.781831,0.62349,False,False,EVENING,0.0,2.0,6.0,24.0,62.0,227.0,0.0,0.0,0.0,0.0,5.537,82.98,8.16,82.983,81.613,17.02,1.84,10.0,13.21,87.31,100.0,7.76,4.62,14.62,2.23,45.869,0.04,23.717,32.645,False,,0.0,63.319,0.0,0.0,0.0,0.0,0.0,-3.0,-0.96,0.01,8.0,0.0,83.673,82.787,100.0,100.0,46.739,74.533,33.469,12.0,0.0,81.217,81.831,100.0,100.0,45.679,23.333,32.487,0.0,2.777,82.495,80.504,0.0,NORMAL
182,2026-06-02 21:30:00+00:00,21,1,-0.707107,0.707107,0.781831,0.62349,False,False,EVENING,3.0,3.0,7.0,23.0,62.0,227.0,0.0,0.0,0.0,5.04,4.173,83.05,8.31,83.05,83.106,16.95,1.69,10.26,13.77,85.206,100.0,7.89,4.61,14.5,2.25,46.302,0.04,100.0,33.242,False,,0.0,70.284,0.0,0.0,0.0,0.0,0.0,-1.0,-0.8,0.01,6.0,0.0,83.705,82.494,100.0,100.0,46.533,74.533,33.482,13.0,0.0,81.494,81.258,100.0,100.0,45.096,48.933,32.598,0.0,1.318,81.96,80.228,0.0,MODERATE
183,2026-06-02 21:45:00+00:00,21,1,-0.707107,0.707107,0.781831,0.62349,False,False,EVENING,2.0,5.0,7.0,22.0,62.0,227.0,0.0,0.0,0.0,3.36,5.236,82.51,8.38,82.512,83.794,17.49,1.62,10.26,13.77,84.654,100.0,7.91,4.61,14.48,2.25,46.373,0.0,74.533,33.518,False,,0.0,67.951,0.0,0.0,0.0,0.0,0.0,-1.0,-0.68,0.0,5.0,0.0,82.209,82.353,100.0,100.0,45.057,48.933,32.884,14.0,0.0,81.55,81.681,100.0,100.0,44.726,74.533,32.62,1.68,2.849,81.422,79.989,0.0,NORMAL
184,2026-06-02 22:00:00+00:00,22,1,-0.5,0.866025,0.781831,0.62349,False,False,NIGHT,3.0,5.0,8.0,24.0,62.0,229.0,0.0,0.0,0.0,5.04,3.146,82.97,8.4,82.966,83.995,17.03,1.6,6.27,10.71,100.0,100.0,7.5,4.61,14.89,2.18,44.853,0.0,100.0,33.598,False,,0.0,72.088,0.0,0.0,0.0,0.0,0.0,-1.0,-0.52,0.0,6.0,0.0,82.938,82.588,100.0,100.0,46.106,100.0,33.175,14.0,0.0,81.2,82.017,100.0,100.0,44.802,74.533,32.48,1.68,2.147,81.348,79.88,0.0,MODERATE
185,2026-06-02 22:15:00+00:00,22,1,-0.5,0.866025,0.781831,0.62349,False,False,NIGHT,2.0,5.0,10.0,25.0,61.0,230.0,0.0,0.0,0.0,3.36,4.205,82.79,8.37,82.787,83.673,17.21,1.63,5.73,9.52,100.0,100.0,8.01,4.61,14.38,2.27,46.739,0.0,74.533,33.469,False,,0.0,69.862,0.0,0.0,0.0,0.0,0.0,4.0,-0.04,0.0,5.0,0.0,81.217,81.831,100.0,100.0,45.679,23.333,32.487,13.0,0.0,81.212,81.974,100.0,100.0,45.592,74.533,32.485,0.0,2.671,81.069,79.24,0.0,NORMAL
186,2026-06-02 22:30:00+00:00,22,1,-0.5,0.866025,0.781831,0.62349,False,False,NIGHT,2.0,4.0,9.0,24.0,60.0,228.0,0.0,0.0,0.0,3.36,4.518,82.49,8.37,82.494,83.705,17.51,1.63,6.27,10.71,100.0,100.0,7.96,4.61,14.44,2.26,46.533,0.0,74.533,33.482,False,,0.0,69.786,0.0,0.0,0.0,0.0,0.0,2.0,-0.04,0.0,7.0,0.0,81.494,81.258,100.0,100.0,45.096,48.933,32.598,13.0,0.0,80.781,81.862,100.0,100.0,45.703,74.533,32.312,0.0,3.422,80.339,78.458,0.0,NORMAL
187,2026-06-02 22:45:00+00:00,22,1,-0.5,0.866025,0.781831,0.62349,False,False,NIGHT,1.0,3.0,8.0,23.0,58.0,227.0,0.0,0.0,0.0,1.68,2.841,82.35,8.22,82.353,82.209,17.65,1.78,5.16,8.26,100.0,100.0,7.57,4.59,14.83,2.19,45.057,0.0,48.933,32.884,False,,0.0,67.019,0.0,0.0,0.0,0.0,0.0,1.0,0.0,0.0,8.0,0.0,81.55,81.681,100.0,100.0,44.726,74.533,32.62,13.0,0.0,80.479,81.511,100.0,100.0,47.023,48.933,32.191,1.68,1.589,80.325,78.482,0.0,NORMAL
188,2026-06-02 23:00:00+00:00,23,1,-0.258819,0.965926,0.781831,0.62349,False,False,NIGHT,3.0,4.0,8.0,25.0,57.0,230.0,0.0,0.0,0.0,5.04,3.811,82.59,8.29,82.588,82.938,17.41,1.71,6.27,10.71,100.0,100.0,7.86,4.59,14.55,2.24,46.106,0.0,100.0,33.175,False,,0.0,71.906,0.0,0.0,0.0,0.0,0.0,0.0,0.0,0.0,7.0,0.0,81.2,82.017,100.0,100.0,44.802,74.533,32.48,15.0,0.0,80.991,81.617,100.0,100.0,46.371,74.533,32.396,3.36,1.406,79.882,79.014,0.0,MODERATE
189,2026-06-02 23:15:00+00:00,23,1,-0.258819,0.965926,0.781831,0.62349,False,False,NIGHT,0.0,3.0,6.0,22.0,53.0,224.0,0.0,0.0,0.0,0.0,3.715,81.83,8.12,81.831,81.217,18.17,1.88,5.07,8.08,100.0,100.0,7.77,4.56,14.67,2.22,45.679,0.0,23.333,32.487,False,,0.0,64.457,0.0,0.0,0.0,0.0,0.0,-4.0,0.0,0.0,7.0,0.0,81.212,81.974,100.0,100.0,45.592,74.533,32.485,14.0,0.0,81.28,81.229,100.0,100.0,46.798,48.933,32.512,1.68,2.607,79.429,78.828,0.0,NORMAL
190,2026-06-02 23:30:00+00:00,23,1,-0.258819,0.965926,0.781831,0.62349,False,False,NIGHT,1.0,1.0,5.0,21.0,51.0,223.0,0.0,0.0,0.0,1.68,3.86,81.26,8.15,81.258,81.494,18.74,1.85,5.35,8.68,100.0,100.0,7.63,4.55,14.82,2.19,45.096,0.0,48.933,32.598,False,,0.0,66.638,0.0,0.0,0.0,0.0,0.0,-4.0,0.0,0.0,6.0,0.0,80.781,81.862,100.0,100.0,45.703,74.533,32.312,13.0,0.0,81.671,81.323,100.0,100.0,44.133,74.533,32.668,1.68,1.136,79.46,78.961,0.0,NORMAL
191,2026-06-02 23:45:00+00:00,23,1,-0.258819,0.965926,0.781831,0.62349,False,False,NIGHT,2.0,3.0,6.0,21.0,49.0,221.0,0.0,0.0,0.0,3.36,1.647,81.68,8.16,81.681,81.55,18.32,1.84,6.27,10.71,100.0,100.0,7.54,4.53,14.92,2.17,44.726,0.0,74.533,32.62,False,,0.0,69.013,0.0,0.0,0.0,0.0,0.0,-2.0,0.0,0.0,6.0,0.0,80.479,81.511,100.0,100.0,47.023,48.933,32.191,11.0,0.0,82.044,81.419,100.0,100.0,44.19,74.533,32.817,3.36,1.567,79.977,79.358,0.0,NORMAL
192,2026-06-03 00:00:00+00:00,0,2,0.0,1.0,0.974928,-0.222521,False,False,NIGHT,2.0,4.0,5.0,21.0,47.0,220.0,0.0,0.0,0.0,3.36,2.159,82.02,8.12,82.017,81.2,17.98,1.88,6.17,10.5,100.0,100.0,7.58,4.52,14.9,2.18,44.802,0.0,74.533,32.48,False,,0.0,69.024,0.0,0.0,0.0,0.0,0.0,-3.0,0.0,0.0,7.0,0.0,80.991,81.617,100.0,100.0,46.371,74.533,32.396,10.0,0.0,82.15,81.32,100.0,100.0,40.467,48.933,32.86,0.0,1.691,78.225,79.11,0.0,NORMAL
193,2026-06-03 00:15:00+00:00,0,2,0.0,1.0,0.974928,-0.222521,False,False,NIGHT,2.0,4.0,7.0,23.0,47.0,222.0,0.0,0.0,0.0,3.36,3.527,81.97,8.12,81.974,81.212,18.03,1.88,6.27,10.71,100.0,100.0,7.8,4.51,14.69,2.22,45.592,0.0,74.533,32.485,False,,0.0,69.088,0.0,0.0,0.0,0.0,0.0,1.0,0.0,0.0,6.0,0.0,81.28,81.229,100.0,100.0,46.798,48.933,32.512,10.0,0.0,82.702,81.261,100.0,100.0,41.82,74.533,33.081,1.68,2.501,78.397,78.888,0.0,NORMAL
194,2026-06-03 00:30:00+00:00,0,2,0.0,1.0,0.974928,-0.222521,False,False,NIGHT,2.0,4.0,8.0,22.0,45.0,224.0,0.0,0.0,0.0,3.36,3.977,81.86,8.08,81.862,80.781,18.14,1.92,6.27,10.71,100.0,100.0,7.84,4.5,14.66,2.22,45.703,0.0,74.533,32.312,False,,0.0,68.987,0.0,0.0,0.0,0.0,0.0,3.0,0.0,0.0,7.0,0.0,81.671,81.323,100.0,100.0,44.133,74.533,32.668,8.0,0.0,83.371,81.244,100.0,100.0,42.087,74.533,33.348,3.36,2.101,78.977,79.144,0.0,NORMAL
195,2026-06-03 00:45:00+00:00,0,2,0.0,1.0,0.974928,-0.222521,False,False,NIGHT,1.0,3.0,7.0,21.0,43.0,224.0,0.0,0.0,0.0,1.68,3.207,81.51,8.05,81.511,80.479,18.49,1.95,4.64,7.13,100.0,100.0,8.21,4.48,14.3,2.29,47.023,0.0,48.933,32.191,False,,0.0,66.664,0.0,0.0,0.0,0.0,0.0,1.0,0.0,0.0,7.0,0.0,82.044,81.419,100.0,100.0,44.19,74.533,32.817,6.0,0.0,84.474,81.526,100.0,100.0,42.858,100.0,33.79,3.36,0.665,79.456,79.77,0.0,NORMAL
196,2026-06-03 01:00:00+00:00,1,2,0.258819,0.965926,0.974928,-0.222521,False,False,NIGHT,2.0,3.0,7.0,20.0,44.0,226.0,0.0,0.0,0.0,3.36,2.73,81.62,8.1,81.617,80.991,18.38,1.9,4.63,7.11,100.0,100.0,8.04,4.48,14.48,2.25,46.371,0.0,74.533,32.396,False,,0.0,69.035,0.0,0.0,0.0,0.0,0.0,2.0,0.0,0.0,8.0,0.0,82.15,81.32,100.0,100.0,40.467,48.933,32.86,4.0,0.0,84.09,81.038,100.0,100.0,42.59,48.933,33.636,3.36,1.416,79.685,80.233,0.0,NORMAL
197,2026-06-03 01:15:00+00:00,1,2,0.258819,0.965926,0.974928,-0.222521,False,False,NIGHT,1.0,3.0,6.0,19.0,44.0,226.0,0.0,0.0,0.0,1.68,3.117,81.23,8.13,81.229,81.28,18.77,1.87,5.08,8.11,100.0,100.0,8.16,4.48,14.36,2.27,46.798,0.0,48.933,32.512,False,,0.0,66.742,0.0,0.0,0.0,0.0,0.0,-1.0,0.0,0.0,8.0,0.0,82.702,81.261,100.0,100.0,41.82,74.533,33.081,5.0,0.0,82.495,80.504,100.0,100.0,41.812,23.333,32.998,5.04,2.234,79.617,80.942,0.0,NORMAL
198,2026-06-03 01:30:00+00:00,1,2,0.258819,0.965926,0.974928,-0.222521,False,False,NIGHT,2.0,3.0,6.0,19.0,43.0,226.0,0.0,0.0,0.0,3.36,2.827,81.32,8.17,81.323,81.671,18.68,1.83,5.22,8.41,100.0,100.0,7.44,4.48,15.08,2.14,44.133,0.0,74.533,32.668,False,,0.0,68.905,0.0,0.0,0.0,0.0,0.0,-2.0,0.0,0.0,6.0,0.0,83.371,81.244,100.0,100.0,42.087,74.533,33.348,6.0,0.0,81.96,80.228,100.0,100.0,42.079,23.333,32.784,0.0,2.474,78.124,80.473,0.0,NORMAL
199,2026-06-03 01:45:00+00:00,1,2,0.258819,0.965926,0.974928,-0.222521,False,False,NIGHT,2.0,4.0,7.0,20.0,43.0,228.0,0.0,0.0,0.0,3.36,2.829,81.42,8.2,81.419,82.044,18.58,1.8,5.6,9.23,100.0,100.0,7.45,4.49,15.07,2.15,44.19,0.0,74.533,32.817,False,,0.0,69.006,0.0,0.0,0.0,0.0,0.0,0.0,0.0,0.0,4.0,0.0,84.474,81.526,100.0,100.0,42.858,100.0,33.79,7.0,0.0,81.422,79.989,100.0,100.0,43.401,48.933,32.569,3.36,2.901,78.804,80.519,0.0,NORMAL
200,2026-06-03 02:00:00+00:00,2,2,0.5,0.866025,0.974928,-0.222521,False,False,NIGHT,1.0,3.0,6.0,18.0,43.0,226.0,0.0,0.0,0.0,1.68,2.033,81.32,8.22,81.32,82.15,18.68,1.78,6.27,10.71,100.0,100.0,6.43,4.49,16.07,1.97,40.467,0.0,48.933,32.86,False,,0.0,66.366,0.0,0.0,0.0,0.0,0.0,-1.0,0.0,0.0,2.0,0.0,84.09,81.038,100.0,100.0,42.59,48.933,33.636,8.0,0.0,81.348,79.88,100.0,100.0,44.046,48.933,32.539,10.244,0.96,82.856,82.435,0.8,NORMAL
201,2026-06-03 02:15:00+00:00,2,2,0.5,0.866025,0.974928,-0.222521,False,False,NIGHT,2.0,3.0,7.0,20.0,42.0,228.0,0.0,0.0,0.0,3.36,3.372,81.26,8.27,81.261,82.702,18.74,1.73,6.27,10.71,100.0,100.0,6.79,4.5,15.71,2.03,41.82,0.0,74.533,33.081,False,,0.0,68.89,0.0,0.0,0.0,0.0,0.0,1.0,0.0,0.0,2.0,0.0,82.495,80.504,100.0,100.0,41.812,23.333,32.998,7.0,0.0,81.069,79.24,100.0,100.0,42.944,23.333,32.428,8.236,3.655,84.581,83.408,0.8,NORMAL
202,2026-06-03 02:30:00+00:00,2,2,0.5,0.866025,0.974928,-0.222521,False,False,NIGHT,2.0,4.0,7.0,21.0,42.0,229.0,0.0,0.0,0.0,3.36,3.162,81.24,8.34,81.244,83.371,18.76,1.66,6.27,10.71,100.0,100.0,6.84,4.52,15.64,2.05,42.087,0.0,74.533,33.348,False,,0.0,69.044,0.0,0.0,0.0,0.0,0.0,1.0,0.0,0.0,2.0,0.0,81.96,80.228,100.0,100.0,42.079,23.333,32.784,8.0,0.0,80.339,78.458,100.0,100.0,41.375,23.333,32.136,5.04,3.503,84.766,83.774,0.8,NORMAL
203,2026-06-03 02:45:00+00:00,2,2,0.5,0.866025,0.974928,-0.222521,False,False,NIGHT,3.0,5.0,8.0,22.0,43.0,232.0,0.0,0.0,0.0,5.04,3.469,81.53,8.45,81.526,84.474,18.47,1.55,5.68,9.41,100.0,100.0,7.03,4.55,15.43,2.08,42.858,0.0,100.0,33.79,False,,0.0,71.688,0.0,0.0,0.0,0.0,0.0,1.0,0.0,0.0,2.0,0.0,81.422,79.989,100.0,100.0,43.401,48.933,32.569,10.0,0.0,80.325,78.482,100.0,100.0,43.578,48.933,32.13,3.36,5.233,84.72,83.31,0.64,MODERATE
204,2026-06-03 03:00:00+00:00,3,2,0.707107,0.707107,0.974928,-0.222521,False,False,NIGHT,1.0,4.0,8.0,21.0,42.0,232.0,0.0,0.0,0.0,1.68,3.786,81.04,8.41,81.038,84.09,18.96,1.59,6.27,10.71,100.0,100.0,6.94,4.56,15.5,2.07,42.59,0.0,48.933,33.636,False,,0.0,66.883,0.0,0.0,0.0,0.0,0.0,2.0,0.0,0.0,2.0,0.0,81.348,79.88,100.0,100.0,44.046,48.933,32.539,11.0,0.0,79.882,79.014,100.0,100.0,44.225,74.533,31.953,1.68,3.354,83.677,82.996,0.32,NORMAL
205,2026-06-03 03:15:00+00:00,3,2,0.707107,0.707107,0.974928,-0.222521,False,False,NIGHT,0.0,1.0,6.0,19.0,42.0,231.0,0.0,0.0,0.0,0.0,2.777,80.5,8.25,80.504,82.495,19.5,1.75,5.72,9.5,100.0,100.0,6.73,4.56,15.71,2.03,41.812,0.0,23.333,32.998,False,,0.0,64.073,0.0,0.0,0.0,0.0,0.0,-1.0,0.0,0.0,3.0,0.0,81.069,79.24,100.0,100.0,42.944,23.333,32.428,11.0,0.0,79.429,78.828,100.0,100.0,44.031,48.933,31.771,3.36,3.168,82.919,83.12,0.16,NORMAL
206,2026-06-03 03:30:00+00:00,3,2,0.707107,0.707107,0.974928,-0.222521,False,False,NIGHT,0.0,0.0,4.0,17.0,39.0,231.0,0.0,0.0,0.0,0.0,1.318,80.23,8.2,80.228,81.96,19.77,1.8,6.27,10.71,100.0,100.0,6.81,4.55,15.64,2.05,42.079,0.0,23.333,32.784,False,,0.0,63.929,0.0,0.0,0.0,0.0,0.0,-3.0,0.0,0.0,4.0,0.0,80.339,78.458,100.0,100.0,41.375,23.333,32.136,13.0,0.0,79.46,78.961,100.0,100.0,44.443,48.933,31.784,6.72,4.542,84.273,83.529,0.33,NORMAL
207,2026-06-03 03:45:00+00:00,3,2,0.707107,0.707107,0.974928,-0.222521,False,False,NIGHT,1.0,1.0,2.0,17.0,38.0,231.0,0.0,0.0,0.0,1.68,2.849,79.99,8.14,79.989,81.422,20.01,1.86,5.59,9.23,100.0,100.0,7.19,4.53,15.28,2.11,43.401,0.0,48.933,32.569,False,,0.0,66.192,0.0,0.0,0.0,0.0,0.0,-6.0,0.0,0.0,5.0,0.0,80.325,78.482,100.0,100.0,43.578,48.933,32.13,12.0,0.0,79.977,79.358,100.0,100.0,43.282,74.533,31.991,0.0,4.288,82.956,82.589,0.0,NORMAL
208,2026-06-03 04:00:00+00:00,4,2,0.866025,0.5,0.974928,-0.222521,False,False,NIGHT,1.0,2.0,2.0,16.0,36.0,230.0,0.0,0.0,0.0,1.68,2.147,79.88,8.13,79.88,81.348,20.12,1.87,5.63,9.3,100.0,100.0,7.37,4.52,15.11,2.14,44.046,0.0,48.933,32.539,False,,0.0,66.211,0.0,0.0,0.0,0.0,0.0,-6.0,0.0,0.0,6.0,0.0,79.882,79.014,100.0,100.0,44.225,74.533,31.953,12.0,0.0,78.225,79.11,81.61,100.0,41.983,23.333,31.29,0.0,1.766,81.166,82.326,0.0,NORMAL
209,2026-06-03 04:15:00+00:00,4,2,0.866025,0.5,0.974928,-0.222521,False,False,NIGHT,0.0,1.0,2.0,15.0,34.0,228.0,0.0,0.0,0.0,0.0,2.671,79.24,8.11,79.24,81.069,20.76,1.89,4.98,7.88,100.0,100.0,7.09,4.51,15.41,2.09,42.944,0.0,23.333,32.428,False,,0.0,63.612,0.0,0.0,0.0,0.0,0.0,-4.0,0.0,0.0,4.0,0.0,79.429,78.828,100.0,100.0,44.031,48.933,31.771,20.0,0.0,78.397,78.888,69.373,100.0,40.667,48.933,31.359,5.04,4.187,81.75,82.481,0.0,NORMAL
210,2026-06-03 04:30:00+00:00,4,2,0.866025,0.5,0.974928,-0.222521,False,False,NIGHT,0.0,0.0,2.0,13.0,32.0,225.0,0.0,0.0,0.0,0.0,3.422,78.46,8.03,78.458,80.339,21.54,1.97,6.27,10.71,100.0,100.0,6.68,4.49,15.83,2.01,41.375,0.0,23.333,32.136,False,,0.0,63.152,0.0,0.0,0.0,0.0,0.0,-2.0,0.0,0.0,4.0,0.0,79.46,78.961,100.0,100.0,44.443,48.933,31.784,22.0,0.0,78.977,79.144,69.599,100.0,41.378,74.533,31.591,3.36,3.264,82.046,82.476,0.0,NORMAL
211,2026-06-03 04:45:00+00:00,4,2,0.866025,0.5,0.974928,-0.222521,False,False,NIGHT,1.0,1.0,2.0,12.0,32.0,225.0,0.0,0.0,0.0,1.68,1.589,78.48,8.03,78.482,80.325,21.52,1.97,5.82,9.72,100.0,100.0,7.29,4.48,15.23,2.12,43.578,0.0,48.933,32.13,False,,0.0,65.657,0.0,0.0,0.0,0.0,0.0,0.0,0.0,0.0,5.0,0.0,79.977,79.358,100.0,100.0,43.282,74.533,31.991,23.0,0.0,79.456,79.77,70.149,100.0,41.772,74.533,31.782,8.4,3.305,83.918,83.562,0.32,NORMAL
212,2026-06-03 05:00:00+00:00,5,2,0.965926,0.258819,0.974928,-0.222521,False,False,NIGHT,2.0,3.0,3.0,13.0,31.0,227.0,0.0,0.0,0.0,3.36,1.406,79.01,7.99,79.014,79.882,20.99,2.01,6.27,10.71,100.0,100.0,7.48,4.46,15.06,2.15,44.225,0.0,74.533,31.953,False,,0.0,68.048,0.0,0.0,0.0,0.0,0.0,1.0,0.0,0.0,5.0,0.0,78.225,79.11,81.61,100.0,41.983,23.333,31.29,23.0,0.0,79.685,80.233,70.557,100.0,41.282,74.533,31.874,0.0,3.612,82.05,82.846,0.0,NORMAL
213,2026-06-03 05:15:00+00:00,5,2,0.965926,0.258819,0.974928,-0.222521,False,False,NIGHT,1.0,3.0,4.0,12.0,32.0,224.0,0.0,0.0,0.0,1.68,2.607,78.83,7.94,78.828,79.429,21.17,2.06,6.27,10.71,100.0,100.0,7.45,4.44,15.11,2.14,44.031,0.0,48.933,31.771,False,,0.0,65.595,0.0,0.0,0.0,0.0,0.0,2.0,0.0,0.0,7.0,0.0,78.397,78.888,69.373,100.0,40.667,48.933,31.359,22.0,0.0,79.617,80.942,71.18,100.0,42.071,100.0,31.847,8.4,3.768,83.714,83.837,0.32,NORMAL
214,2026-06-03 05:30:00+00:00,5,2,0.965926,0.258819,0.974928,-0.222521,False,False,NIGHT,1.0,2.0,5.0,11.0,32.0,221.0,0.0,0.0,0.0,1.68,1.136,78.96,7.95,78.961,79.46,21.04,2.05,5.45,8.91,100.0,100.0,7.57,4.43,15.0,2.16,44.443,0.0,48.933,31.784,False,,0.0,65.667,0.0,0.0,0.0,0.0,0.0,3.0,0.0,0.0,9.0,0.0,78.977,79.144,69.599,100.0,41.378,74.533,31.591,21.0,0.0,78.124,80.473,70.767,100.0,41.208,23.333,31.25,5.04,4.813,84.091,83.856,0.32,NORMAL
215,2026-06-03 05:45:00+00:00,5,2,0.965926,0.258819,0.974928,-0.222521,False,False,NIGHT,2.0,3.0,6.0,10.0,32.0,222.0,0.0,0.0,0.0,3.36,1.567,79.36,8.0,79.358,79.977,20.64,2.0,5.27,8.51,100.0,100.0,7.26,4.42,15.31,2.1,43.282,0.0,74.533,31.991,False,,0.0,68.058,0.0,0.0,0.0,0.0,0.0,4.0,0.0,0.0,7.0,0.0,79.456,79.77,70.149,100.0,41.772,74.533,31.782,25.0,0.0,78.804,80.519,70.928,100.0,41.237,74.533,31.522,8.922,4.616,86.077,84.734,0.8,NORMAL
216,2026-06-03 06:00:00+00:00,6,2,1.0,0.0,0.974928,-0.222521,False,False,MORNING,0.0,2.0,4.0,9.0,30.0,220.0,0.0,0.0,0.0,0.0,1.691,79.11,7.82,79.11,78.225,20.89,2.18,10.2,12.33,81.61,100.0,6.94,4.4,15.66,2.04,41.983,0.0,23.333,31.29,False,,0.0,60.721,0.0,0.0,0.0,0.0,0.0,1.0,0.0,0.0,7.0,0.0,79.685,80.233,70.557,100.0,41.282,74.533,31.874,23.0,1.9,82.856,82.435,81.586,100.0,40.774,100.0,44.556,7.878,5.419,86.733,85.284,0.96,NORMAL
217,2026-06-03 06:15:00+00:00,6,2,1.0,0.0,0.974928,-0.222521,False,False,MORNING,1.0,1.0,4.0,10.0,29.0,220.0,0.0,0.0,0.0,1.68,2.501,78.89,7.84,78.888,78.397,21.11,2.16,11.97,16.21,69.373,100.0,6.6,4.38,16.02,1.98,40.667,0.0,48.933,31.359,False,,0.0,61.424,0.0,0.0,0.0,0.0,0.0,0.0,0.0,0.0,13.0,0.0,79.617,80.942,71.18,100.0,42.071,100.0,31.847,15.0,0.0,84.581,83.408,73.348,100.0,41.631,100.0,33.832,1.68,6.331,86.058,84.188,0.64,NORMAL
218,2026-06-03 06:30:00+00:00,6,2,1.0,0.0,0.974928,-0.222521,False,False,MORNING,2.0,3.0,5.0,12.0,29.0,220.0,0.0,0.0,0.0,3.36,2.101,79.14,7.9,79.144,78.977,20.86,2.1,11.97,16.21,69.599,100.0,6.8,4.37,15.83,2.01,41.378,0.0,74.533,31.591,False,,0.0,63.991,0.0,0.0,0.0,0.0,0.0,0.0,0.0,0.0,13.0,0.0,78.124,80.473,70.767,100.0,41.208,23.333,31.25,15.0,0.0,84.766,83.774,73.67,100.0,42.626,100.0,33.907,1.68,4.81,85.013,83.51,0.32,NORMAL
219,2026-06-03 06:45:00+00:00,6,2,1.0,0.0,0.974928,-0.222521,False,False,MORNING,2.0,4.0,5.0,13.0,30.0,220.0,0.0,0.0,0.0,3.36,0.665,79.77,7.95,79.77,79.456,20.23,2.05,11.97,16.21,70.149,100.0,6.91,4.37,15.72,2.03,41.772,0.0,74.533,31.782,False,,0.0,64.326,0.0,0.0,0.0,0.0,0.0,-1.0,0.0,0.0,16.0,0.0,78.804,80.519,70.928,100.0,41.237,74.533,31.522,14.0,0.0,84.72,83.31,76.396,100.0,43.278,80.967,33.888,3.36,4.12,84.54,83.368,0.17,NORMAL
220,2026-06-03 07:00:00+00:00,7,2,0.965926,-0.258819,0.974928,-0.222521,False,False,MORNING,2.0,4.0,7.0,14.0,30.0,216.0,0.0,0.0,0.0,3.36,1.416,80.23,7.97,80.233,79.685,19.77,2.03,11.97,16.21,70.557,100.0,6.77,4.37,15.85,2.01,41.282,0.0,74.533,31.874,False,,0.0,64.478,0.0,0.0,0.0,0.0,0.0,3.0,0.0,0.0,16.0,1.9,82.856,82.435,81.586,100.0,40.774,100.0,44.556,17.0,0.0,83.677,82.996,73.517,100.0,43.002,52.175,33.471,6.72,3.921,86.823,83.839,0.33,NORMAL
221,2026-06-03 07:15:00+00:00,7,2,0.965926,-0.258819,0.974928,-0.222521,False,False,MORNING,3.0,5.0,9.0,17.0,32.0,218.0,0.0,0.0,0.0,5.04,2.234,80.94,7.96,80.942,79.617,19.06,2.04,11.97,16.21,71.18,100.0,6.98,4.38,15.64,2.04,42.071,0.0,100.0,31.847,False,,0.0,67.059,0.0,0.0,0.0,0.0,0.0,5.0,0.0,0.0,9.0,0.0,84.581,83.408,73.348,100.0,41.631,100.0,33.832,16.0,0.0,82.919,83.12,73.095,100.0,41.429,76.183,33.168,0.0,4.406,84.996,82.921,0.0,NORMAL
222,2026-06-03 07:30:00+00:00,7,2,0.965926,-0.258819,0.974928,-0.222521,False,False,MORNING,0.0,3.0,7.0,17.0,30.0,217.0,0.0,0.0,0.0,0.0,2.474,80.47,7.81,80.473,78.124,19.53,2.19,11.97,16.21,70.767,100.0,6.77,4.36,15.87,2.0,41.208,0.0,23.333,31.25,False,,0.0,59.63,0.0,0.0,0.0,0.0,0.0,2.0,0.0,0.0,8.0,0.0,84.766,83.774,73.67,100.0,42.626,100.0,33.907,19.0,0.0,84.273,83.529,73.455,100.0,43.393,100.0,33.709,8.4,5.277,85.788,83.622,0.32,NORMAL
223,2026-06-03 07:45:00+00:00,7,2,0.965926,-0.258819,0.974928,-0.222521,False,False,MORNING,2.0,2.0,7.0,18.0,30.0,218.0,0.0,0.0,0.0,3.36,2.901,80.52,7.88,80.519,78.804,19.48,2.12,11.95,16.17,70.928,100.0,6.78,4.35,15.87,2.0,41.237,0.0,74.533,31.522,False,,0.0,64.406,0.0,0.0,0.0,0.0,0.0,2.0,0.0,0.0,9.0,0.0,84.72,83.31,76.396,100.0,43.278,80.967,33.888,18.0,0.0,82.956,82.589,72.628,100.0,43.417,23.333,33.182,1.68,4.601,85.293,82.942,0.0,NORMAL
224,2026-06-03 08:00:00+00:00,8,2,0.866025,-0.5,0.974928,-0.222521,False,False,MORNING,8.0,10.0,13.0,24.0,37.0,222.0,1.9,0.0,0.0,10.244,0.96,82.44,8.29,82.435,82.856,17.56,1.71,10.75,13.52,81.586,100.0,6.55,4.46,15.99,1.98,40.774,0.8,100.0,44.556,False,,3.0,70.383,1.9,1.9,1.9,0.119,1.9,6.0,0.8,0.675,7.0,0.0,83.677,82.996,73.517,100.0,43.002,52.175,33.471,24.0,0.0,81.166,82.326,72.397,100.0,41.787,23.333,32.466,8.4,2.909,87.393,84.104,0.32,MODERATE
225,2026-06-03 08:15:00+00:00,8,2,0.866025,-0.5,0.974928,-0.222521,False,False,MORNING,3.0,11.0,13.0,26.0,38.0,224.0,0.0,0.17,0.1712,8.236,3.655,83.41,8.46,83.408,84.581,16.59,1.54,11.97,16.21,73.348,100.0,6.74,4.5,15.76,2.02,41.631,0.8,100.0,33.832,False,,0.0,68.815,-1.9,0.0,0.0,0.119,1.9,4.0,0.8,0.2,6.0,0.0,82.919,83.12,73.095,100.0,41.429,76.183,33.168,28.0,0.0,81.75,82.481,73.629,100.0,41.268,100.0,32.7,3.36,4.021,87.104,83.968,0.16,NORMAL
226,2026-06-03 08:30:00+00:00,8,2,0.866025,-0.5,0.974928,-0.222521,False,False,MORNING,3.0,6.0,16.0,28.0,39.0,227.0,0.0,0.0,0.0,5.04,3.503,83.77,8.48,83.774,84.766,16.23,1.52,11.97,16.21,73.67,100.0,6.98,4.53,15.49,2.07,42.626,0.8,100.0,33.907,False,,0.0,69.06,0.0,-1.9,0.0,0.119,1.9,9.0,0.8,0.2,7.0,0.0,84.273,83.529,73.455,100.0,43.393,100.0,33.709,26.0,0.0,82.046,82.476,72.528,100.0,42.545,74.533,32.819,8.83,3.331,89.224,85.131,0.8,NORMAL
227,2026-06-03 08:45:00+00:00,8,2,0.866025,-0.5,0.974928,-0.222521,False,False,MORNING,2.0,5.0,16.0,28.0,38.0,226.0,0.0,0.0,0.0,3.36,5.233,83.31,8.47,83.31,84.72,16.69,1.53,11.48,15.13,76.396,100.0,7.13,4.56,15.32,2.1,43.278,0.64,80.967,33.888,False,,0.0,67.622,0.0,0.0,0.0,0.119,1.9,9.0,0.64,0.16,5.0,0.0,82.956,82.589,72.628,100.0,43.417,23.333,33.182,25.0,0.0,83.918,83.562,73.484,100.0,42.86,100.0,33.567,6.29,4.472,89.974,85.51,0.65,NORMAL
228,2026-06-03 09:00:00+00:00,9,2,0.707107,-0.707107,0.974928,-0.222521,False,False,MORNING,1.0,3.0,9.0,29.0,38.0,223.0,0.0,0.0,0.0,1.68,3.354,83.0,8.37,82.996,83.677,17.0,1.63,11.88,16.02,73.517,100.0,7.04,4.57,15.39,2.09,43.002,0.32,52.175,33.471,False,,0.0,64.382,0.0,0.0,-1.9,0.119,1.9,-4.0,-0.48,0.08,10.0,0.0,81.166,82.326,72.397,100.0,41.787,23.333,32.466,22.0,0.0,82.05,82.846,90.518,100.0,43.475,23.333,32.82,8.212,5.396,90.733,86.138,0.97,NORMAL
229,2026-06-03 09:15:00+00:00,9,2,0.707107,-0.707107,0.974928,-0.222521,False,False,MORNING,2.0,3.0,8.0,30.0,40.0,223.0,0.0,0.0,0.0,3.36,3.168,83.12,8.29,83.12,82.919,16.88,1.71,11.97,16.21,73.095,100.0,6.62,4.57,15.81,2.01,41.429,0.16,76.183,33.168,False,,0.0,66.227,0.0,0.0,0.0,0.119,1.9,-5.0,-0.64,0.04,10.0,0.0,81.75,82.481,73.629,100.0,41.268,100.0,32.7,26.0,0.0,83.714,83.837,73.726,100.0,46.937,100.0,33.485,6.908,6.118,91.14,86.295,1.13,NORMAL
230,2026-06-03 09:30:00+00:00,9,2,0.707107,-0.707107,0.974928,-0.222521,False,False,MORNING,4.0,6.0,9.0,32.0,44.0,226.0,0.0,0.0,0.0,6.72,4.542,83.53,8.43,83.529,84.273,16.47,1.57,11.97,16.21,73.455,100.0,7.14,4.58,15.28,2.11,43.393,0.33,100.0,33.709,False,,0.0,68.951,0.0,0.0,0.0,0.119,1.9,-7.0,-0.47,0.082,12.0,0.0,82.046,82.476,72.528,100.0,42.545,74.533,32.819,21.0,0.0,84.091,83.856,73.743,100.0,43.825,100.0,33.637,5.04,5.759,89.443,86.285,1.13,NORMAL
231,2026-06-03 09:45:00+00:00,9,2,0.707107,-0.707107,0.974928,-0.222521,False,False,MORNING,0.0,4.0,7.0,30.0,43.0,224.0,0.0,0.0,0.0,0.0,4.288,82.59,8.3,82.589,82.956,17.41,1.7,11.97,16.21,72.628,100.0,7.15,4.58,15.28,2.11,43.417,0.0,23.333,33.182,False,,0.0,61.484,0.0,0.0,0.0,0.119,1.9,-9.0,-0.64,0.0,13.0,0.0,83.918,83.562,73.484,100.0,42.86,100.0,33.567,23.0,0.69,86.077,84.734,88.397,100.0,43.321,100.0,38.567,5.04,4.534,89.224,86.433,1.13,NORMAL
232,2026-06-03 10:00:00+00:00,10,2,0.5,-0.866025,0.974928,-0.222521,False,False,MORNING,0.0,0.0,6.0,28.0,42.0,219.0,0.0,0.0,0.0,0.0,1.766,82.33,8.12,82.326,81.166,17.67,1.88,11.97,16.21,72.397,100.0,6.73,4.55,15.72,2.03,41.787,0.0,23.333,32.466,False,,0.0,60.893,0.0,0.0,0.0,0.119,1.9,-3.0,-0.32,0.0,14.0,0.0,82.05,82.846,90.518,100.0,43.475,23.333,32.82,18.0,0.0,86.733,85.284,87.649,100.0,45.262,100.0,34.693,5.04,4.151,89.514,86.626,1.13,NORMAL
233,2026-06-03 10:15:00+00:00,10,2,0.5,-0.866025,0.974928,-0.222521,False,False,MORNING,3.0,3.0,7.0,28.0,45.0,216.0,0.0,0.0,0.0,5.04,4.187,82.48,8.18,82.481,81.75,17.52,1.82,11.79,15.82,73.629,100.0,6.6,4.54,15.86,2.01,41.268,0.0,100.0,32.7,False,,0.0,68.045,0.0,0.0,0.0,0.119,1.9,-1.0,-0.16,0.0,18.0,0.0,83.714,83.837,73.726,100.0,46.937,100.0,33.485,19.0,0.0,86.058,84.188,81.755,100.0,44.863,55.375,34.423,7.807,5.748,90.466,87.046,1.61,NORMAL
234,2026-06-03 10:30:00+00:00,10,2,0.5,-0.866025,0.974928,-0.222521,False,False,MORNING,2.0,5.0,5.0,30.0,47.0,213.0,0.0,0.0,0.0,3.36,3.264,82.48,8.2,82.476,82.046,17.52,1.8,11.97,16.21,72.528,100.0,6.95,4.54,15.51,2.07,42.545,0.0,74.533,32.819,False,,0.0,65.794,0.0,0.0,0.0,0.119,1.9,-4.0,-0.33,0.0,14.0,0.0,84.091,83.856,73.743,100.0,43.825,100.0,33.637,20.0,0.0,85.013,83.51,75.804,100.0,44.667,52.183,34.005,7.313,5.174,91.026,87.525,1.61,NORMAL
235,2026-06-03 10:45:00+00:00,10,2,0.5,-0.866025,0.974928,-0.222521,False,False,MORNING,5.0,7.0,10.0,33.0,51.0,214.0,0.0,0.0,0.0,8.4,3.305,83.56,8.39,83.562,83.918,16.44,1.61,11.97,16.21,73.484,100.0,7.02,4.55,15.43,2.08,42.86,0.32,100.0,33.567,False,,0.0,68.843,0.0,0.0,0.0,0.119,1.9,3.0,0.32,0.08,12.0,0.69,86.077,84.734,88.397,100.0,43.321,100.0,38.567,26.0,0.0,84.54,83.368,75.471,100.0,44.104,76.192,33.816,1.68,7.07,88.95,86.385,1.29,NORMAL
236,2026-06-03 11:00:00+00:00,11,2,0.258819,-0.965926,0.974928,-0.222521,False,False,MORNING,0.0,5.0,10.0,25.0,49.0,212.0,0.0,0.0,0.0,0.0,3.612,82.85,8.21,82.846,82.05,17.15,1.79,9.63,11.08,90.518,100.0,7.19,4.54,15.26,2.11,43.475,0.0,23.333,32.82,False,,0.0,63.511,0.0,0.0,0.0,0.119,1.9,4.0,0.0,0.0,8.0,0.0,86.733,85.284,87.649,100.0,45.262,100.0,34.693,26.0,0.0,86.823,83.839,91.426,100.0,44.112,100.0,34.729,7.906,4.807,89.444,87.11,1.61,NORMAL
237,2026-06-03 11:15:00+00:00,11,2,0.258819,-0.965926,0.974928,-0.222521,False,False,MORNING,5.0,5.0,12.0,27.0,53.0,213.0,0.0,0.0,0.0,8.4,3.768,83.84,8.37,83.837,83.714,16.16,1.63,11.97,16.21,73.726,100.0,8.12,4.56,14.33,2.28,46.937,0.32,100.0,33.485,False,,0.0,69.258,0.0,0.0,0.0,0.119,1.9,5.0,0.32,0.08,8.0,0.0,86.058,84.188,81.755,100.0,44.863,55.375,34.423,27.0,0.0,84.996,82.921,79.232,100.0,45.689,23.333,33.998,2.174,5.406,87.589,86.488,1.29,NORMAL
238,2026-06-03 11:30:00+00:00,11,2,0.258819,-0.965926,0.974928,-0.222521,False,False,MORNING,3.0,8.0,13.0,27.0,55.0,215.0,0.0,0.0,0.0,5.04,4.813,83.86,8.41,83.856,84.091,16.14,1.59,11.97,16.21,73.743,100.0,7.26,4.57,15.17,2.13,43.825,0.32,100.0,33.637,False,,0.0,69.06,0.0,0.0,0.0,0.119,1.9,8.0,0.32,0.08,7.0,0.0,85.013,83.51,75.804,100.0,44.667,52.183,34.005,31.0,0.0,85.788,83.622,73.537,100.0,46.4,100.0,34.315,5.04,4.935,87.836,86.489,1.29,NORMAL
239,2026-06-03 11:45:00+00:00,11,2,0.258819,-0.965926,0.974928,-0.222521,False,False,MORNING,6.0,9.0,14.0,31.0,59.0,216.0,0.69,0.0,0.0,8.922,4.616,84.73,8.61,84.734,86.077,15.27,1.39,10.13,12.16,88.397,100.0,7.07,4.63,15.3,2.11,43.321,0.8,100.0,38.567,False,,1.2,71.805,0.69,0.69,0.69,0.162,1.9,4.0,0.48,0.372,11.0,0.0,84.54,83.368,75.471,100.0,44.104,76.192,33.816,29.0,0.0,85.293,82.942,72.938,100.0,45.456,48.95,34.117,1.68,6.036,86.477,85.536,0.97,MODERATE
240,2026-06-03 12:00:00+00:00,12,2,0.0,-1.0,0.974928,-0.222521,False,False,MORNING,4.0,10.0,18.0,34.0,63.0,218.0,0.0,0.06,0.062,7.878,5.419,85.28,8.67,85.284,86.733,14.72,1.33,10.24,12.41,87.649,100.0,7.56,4.66,14.78,2.2,45.262,0.96,100.0,34.693,False,,0.0,71.701,-0.69,0.0,0.0,0.043,0.69,8.0,0.96,0.24,10.0,0.0,86.823,83.839,91.426,100.0,44.112,100.0,34.729,31.0,0.0,87.393,84.104,86.287,100.0,44.773,100.0,34.957,3.36,5.367,85.637,85.118,0.82,MODERATE
241,2026-06-03 12:15:00+00:00,12,2,0.0,-1.0,0.974928,-0.222521,False,False,MORNING,1.0,5.0,14.0,33.0,63.0,215.0,0.0,0.0,0.0,1.68,6.331,84.19,8.61,84.188,86.058,15.81,1.39,10.84,13.73,81.755,100.0,7.44,4.67,14.89,2.18,44.863,0.64,55.375,34.423,False,,0.0,66.565,0.0,-0.69,0.0,0.043,0.69,2.0,0.32,0.16,11.0,0.0,84.996,82.921,79.232,100.0,45.689,23.333,33.998,29.0,0.0,87.104,83.968,86.147,100.0,44.175,76.167,34.842,3.36,5.383,84.505,84.726,0.66,NORMAL
242,2026-06-03 12:30:00+00:00,12,2,0.0,-1.0,0.974928,-0.222521,False,False,MORNING,1.0,2.0,12.0,30.0,62.0,213.0,0.0,0.0,0.0,1.68,4.81,83.51,8.5,83.51,85.013,16.49,1.5,11.6,15.39,75.804,100.0,7.39,4.67,14.94,2.17,44.667,0.32,52.183,34.005,False,,0.0,65.188,0.0,0.0,0.0,0.043,0.69,-1.0,0.0,0.08,13.0,0.0,85.788,83.622,73.537,100.0,46.4,100.0,34.315,33.0,1.74,89.224,85.131,88.145,100.0,43.673,100.0,46.153,3.36,6.626,83.917,83.968,0.5,NORMAL
243,2026-06-03 12:45:00+00:00,12,2,0.0,-1.0,0.974928,-0.222521,False,False,MORNING,2.0,3.0,8.0,32.0,62.0,212.0,0.0,0.0,0.0,3.36,4.12,83.37,8.45,83.368,84.54,16.63,1.55,11.63,15.46,75.471,100.0,7.24,4.67,15.09,2.14,44.104,0.17,76.192,33.816,False,,0.0,67.132,0.0,0.0,-0.69,0.043,0.69,-6.0,-0.63,0.042,15.0,0.0,85.293,82.942,72.938,100.0,45.456,48.95,34.117,29.0,0.0,89.974,85.51,87.729,100.0,44.386,80.983,35.99,5.04,4.001,84.63,84.157,0.5,NORMAL
244,2026-06-03 13:00:00+00:00,13,2,-0.258819,-0.965926,0.974928,-0.222521,False,False,MORNING,4.0,6.0,8.0,36.0,64.0,214.0,0.0,0.0,0.0,6.72,3.921,83.84,8.68,83.839,86.823,16.16,1.32,9.65,11.12,91.426,100.0,7.22,4.69,15.09,2.14,44.112,0.33,100.0,34.729,False,,0.0,71.75,0.0,0.0,0.0,0.043,0.69,-10.0,-0.63,0.082,16.0,0.0,87.393,84.104,86.287,100.0,44.773,100.0,34.957,28.0,0.11,90.733,86.138,88.425,100.0,44.03,100.0,36.965,8.4,4.051,86.098,85.097,0.82,MODERATE
245,2026-06-03 13:15:00+00:00,13,2,-0.258819,-0.965926,0.974928,-0.222521,False,False,MORNING,0.0,4.0,7.0,33.0,61.0,210.0,0.0,0.0,0.0,0.0,4.406,82.92,8.5,82.921,84.996,17.08,1.5,11.02,14.12,79.232,100.0,7.65,4.69,14.66,2.22,45.689,0.0,23.333,33.998,False,,0.0,62.962,0.0,0.0,0.0,0.043,0.69,-7.0,-0.64,0.0,16.0,0.0,87.104,83.968,86.147,100.0,44.175,76.167,34.842,28.0,0.0,91.14,86.295,100.0,100.0,46.331,100.0,36.456,1.68,5.896,83.859,84.267,0.5,NORMAL
246,2026-06-03 13:30:00+00:00,13,2,-0.258819,-0.965926,0.974928,-0.222521,False,False,MORNING,5.0,5.0,11.0,36.0,66.0,211.0,0.0,0.0,0.0,8.4,5.277,83.62,8.58,83.622,85.788,16.38,1.42,11.97,16.21,73.537,100.0,7.84,4.69,14.47,2.26,46.4,0.32,100.0,34.315,False,,0.0,69.555,0.0,0.0,0.0,0.043,0.69,-1.0,0.0,0.08,18.0,1.74,89.224,85.131,88.145,100.0,43.673,100.0,46.153,25.0,0.0,89.443,86.285,100.0,100.0,46.486,100.0,35.777,6.72,4.199,85.449,84.738,0.66,NORMAL
247,2026-06-03 13:45:00+00:00,13,2,-0.258819,-0.965926,0.974928,-0.222521,False,False,MORNING,1.0,6.0,10.0,32.0,65.0,207.0,0.0,0.0,0.0,1.68,4.601,82.94,8.53,82.942,85.293,17.06,1.47,11.97,16.21,72.938,100.0,7.58,4.69,14.73,2.21,45.456,0.0,48.95,34.117,False,,0.0,64.555,0.0,0.0,0.0,0.043,0.69,2.0,-0.17,0.0,14.0,0.0,89.974,85.51,87.729,100.0,44.386,80.983,35.99,25.0,0.0,89.224,86.433,88.677,100.0,46.079,100.0,35.69,6.72,4.539,86.269,85.201,0.82,NORMAL
248,2026-06-03 14:00:00+00:00,14,2,-0.5,-0.866025,0.974928,-0.222521,False,False,EVENING,5.0,6.0,11.0,37.0,62.0,209.0,0.0,0.0,0.0,8.4,2.909,84.1,8.74,84.104,87.393,15.9,1.26,10.26,13.77,86.287,100.0,7.37,4.72,14.91,2.18,44.773,0.32,100.0,34.957,False,,0.0,71.365,0.0,0.0,0.0,0.043,0.69,3.0,-0.01,0.08,15.0,0.11,90.733,86.138,88.425,100.0,44.03,100.0,36.965,23.0,0.0,89.514,86.626,91.377,100.0,45.084,100.0,35.806,3.36,4.891,86.229,84.822,0.66,MODERATE
249,2026-06-03 14:15:00+00:00,14,2,-0.5,-0.866025,0.974928,-0.222521,False,False,EVENING,2.0,7.0,13.0,34.0,61.0,207.0,0.0,0.0,0.0,3.36,4.021,83.97,8.71,83.968,87.104,16.03,1.29,10.26,13.77,86.147,100.0,7.2,4.73,15.07,2.15,44.175,0.16,76.167,34.842,False,,0.0,69.062,0.0,0.0,0.0,0.043,0.69,6.0,0.16,0.04,13.0,0.0,91.14,86.295,100.0,100.0,46.331,100.0,36.456,22.0,1.35,90.466,87.046,89.93,100.0,44.64,100.0,44.304,8.529,5.015,88.302,85.494,1.14,NORMAL
250,2026-06-03 14:30:00+00:00,14,2,-0.5,-0.866025,0.974928,-0.222521,False,False,EVENING,7.0,9.0,15.0,38.0,65.0,212.0,1.74,0.0,0.0,8.83,3.331,85.13,8.92,85.131,89.224,14.87,1.08,10.26,13.77,88.145,100.0,6.96,4.83,15.21,2.12,43.673,0.8,100.0,46.153,False,,3.2,73.195,1.74,1.74,1.74,0.152,1.74,4.0,0.48,0.635,15.0,0.0,89.443,86.285,100.0,100.0,46.486,100.0,35.777,18.0,0.0,91.026,87.525,89.797,100.0,45.243,100.0,36.41,8.246,4.704,88.919,86.317,1.3,MODERATE
251,2026-06-03 14:45:00+00:00,14,2,-0.5,-0.866025,0.974928,-0.222521,False,False,EVENING,2.0,9.0,16.0,34.0,65.0,209.0,0.0,0.16,0.157,6.29,4.472,85.51,9.0,85.51,89.974,14.49,1.0,10.26,13.77,87.729,100.0,7.13,4.85,15.02,2.16,44.386,0.65,80.983,35.99,False,,0.0,70.618,-1.74,0.0,0.0,0.152,1.74,6.0,0.65,0.162,15.0,0.0,89.224,86.433,88.677,100.0,46.079,100.0,35.69,17.0,0.0,88.95,86.385,88.627,100.0,46.579,61.85,35.58,6.745,5.208,89.476,86.646,1.46,MODERATE
252,2026-06-03 15:00:00+00:00,15,2,-0.707107,-0.707107,0.974928,-0.222521,False,False,EVENING,5.0,7.0,16.0,35.0,69.0,213.0,0.11,0.0,0.0,8.212,5.396,86.14,9.07,86.138,90.733,13.86,0.93,10.26,13.77,88.425,100.0,7.0,4.88,15.11,2.14,44.03,0.97,100.0,36.965,False,,0.2,72.741,0.11,-1.63,0.11,0.159,1.74,5.0,0.65,0.27,13.0,0.0,89.514,86.626,91.377,100.0,45.084,100.0,35.806,19.0,0.29,89.444,87.11,94.713,100.0,47.348,100.0,37.543,13.289,6.09,95.067,87.887,2.59,MODERATE
253,2026-06-03 15:15:00+00:00,15,2,-0.707107,-0.707107,0.974928,-0.222521,False,False,EVENING,4.0,9.0,18.0,38.0,71.0,215.0,0.0,0.01,0.0101,6.908,6.118,86.29,9.11,86.295,91.14,13.71,0.89,8.63,10.19,100.0,100.0,7.6,4.91,14.49,2.25,46.331,1.13,100.0,36.456,False,,0.0,74.383,-0.11,0.0,0.0,0.159,1.74,5.0,0.97,0.282,15.0,1.35,90.466,87.046,89.93,100.0,44.64,100.0,44.304,19.0,0.0,87.589,86.488,92.14,100.0,46.718,61.867,35.035,12.347,6.211,98.287,89.099,2.59,MODERATE
254,2026-06-03 15:30:00+00:00,15,2,-0.707107,-0.707107,0.974928,-0.222521,False,False,EVENING,3.0,7.0,14.0,40.0,70.0,215.0,0.0,0.0,0.0,5.04,5.759,86.28,8.94,86.285,89.443,13.72,1.06,8.56,10.03,100.0,100.0,7.64,4.91,14.45,2.26,46.486,1.13,100.0,35.777,False,,0.0,74.055,0.0,-0.11,-1.74,0.159,1.74,-1.0,0.33,0.282,10.0,0.0,91.026,87.525,89.797,100.0,45.243,100.0,36.41,19.0,0.0,87.836,86.489,92.423,100.0,45.354,100.0,35.134,11.492,6.922,100.0,89.988,3.55,MODERATE
255,2026-06-03 15:45:00+00:00,15,2,-0.707107,-0.707107,0.974928,-0.222521,False,False,EVENING,3.0,6.0,15.0,41.0,73.0,216.0,0.0,0.0,0.0,5.04,4.534,86.43,8.92,86.433,89.224,13.57,1.08,10.26,13.77,88.677,100.0,7.53,4.91,14.56,2.24,46.079,1.13,100.0,35.69,False,,0.0,72.648,0.0,0.0,0.0,0.116,1.74,-1.0,0.48,0.282,10.0,0.0,88.95,86.385,88.627,100.0,46.579,61.85,35.58,20.0,0.0,86.477,85.536,94.432,100.0,45.71,58.683,34.591,10.883,6.878,100.0,90.771,5.63,MODERATE
256,2026-06-03 16:00:00+00:00,16,2,-0.866025,-0.5,0.974928,-0.222521,False,False,EVENING,3.0,6.0,13.0,40.0,76.0,216.0,0.0,0.0,0.0,5.04,4.151,86.63,8.95,86.626,89.514,13.37,1.05,9.98,13.15,91.377,100.0,7.26,4.91,14.83,2.19,45.084,1.13,100.0,35.806,False,,0.0,72.983,0.0,0.0,-0.11,0.116,1.74,-3.0,0.16,0.282,10.0,0.29,89.444,87.11,94.713,100.0,47.348,100.0,37.543,23.0,0.0,85.637,85.118,92.086,100.0,46.765,82.692,34.255,10.39,7.75,100.0,91.276,6.11,MODERATE
257,2026-06-03 16:15:00+00:00,16,2,-0.866025,-0.5,0.974928,-0.222521,False,False,EVENING,6.0,9.0,15.0,46.0,79.0,219.0,1.35,0.0,0.0,7.807,5.748,87.05,9.05,87.046,90.466,12.95,0.95,10.26,13.77,89.93,100.0,7.08,4.97,14.95,2.17,44.64,1.61,100.0,44.304,False,,2.8,73.917,1.35,1.35,1.35,0.2,1.74,-3.0,0.48,0.74,7.0,0.0,87.589,86.488,92.14,100.0,46.718,61.867,35.035,23.0,0.0,84.505,84.726,86.925,100.0,45.631,81.1,33.802,10.072,8.728,100.0,91.49,6.91,MODERATE
258,2026-06-03 16:30:00+00:00,16,2,-0.866025,-0.5,0.974928,-0.222521,False,False,EVENING,3.0,9.0,15.0,44.0,80.0,219.0,0.0,0.12,0.1218,7.313,5.174,87.52,9.1,87.525,91.026,12.48,0.9,10.26,13.77,89.797,100.0,7.23,4.98,14.78,2.2,45.243,1.61,100.0,36.41,False,,0.0,73.308,-1.35,0.0,0.0,0.2,1.74,1.0,0.48,0.402,8.0,0.0,87.836,86.489,92.423,100.0,45.354,100.0,35.134,27.0,0.0,83.917,83.968,97.97,100.0,45.703,79.508,33.567,9.938,7.725,100.0,91.955,8.19,MODERATE
259,2026-06-03 16:45:00+00:00,16,2,-0.866025,-0.5,0.974928,-0.222521,False,False,EVENING,1.0,4.0,13.0,44.0,76.0,217.0,0.0,0.0,0.0,1.68,7.07,86.38,8.9,86.385,88.95,13.62,1.1,10.26,13.77,88.627,100.0,7.61,4.96,14.42,2.26,46.579,1.29,61.85,35.58,False,,0.0,69.189,0.0,-1.35,0.0,0.2,1.74,-2.0,0.16,0.322,7.0,0.0,86.477,85.536,94.432,100.0,45.71,58.683,34.591,29.0,0.0,84.63,84.157,86.735,100.0,45.315,100.0,33.852,9.645,9.068,100.0,91.97,9.15,NORMAL
260,2026-06-03 17:00:00+00:00,17,2,-0.965926,-0.258819,0.974928,-0.222521,False,False,EVENING,5.0,6.0,15.0,44.0,81.0,218.0,0.29,0.0,0.0,7.906,4.807,87.11,8.94,87.11,89.444,12.89,1.06,9.7,12.53,94.713,100.0,7.82,4.97,14.22,2.3,47.348,1.61,100.0,37.543,False,,0.6,73.865,0.29,0.29,0.29,0.218,1.74,2.0,0.48,0.475,9.0,0.0,85.637,85.118,92.086,100.0,46.765,82.692,34.255,30.0,0.0,86.098,85.097,90.923,100.0,44.03,100.0,34.439,9.635,9.317,100.0,91.934,9.79,MODERATE
261,2026-06-03 17:15:00+00:00,17,2,-0.965926,-0.258819,0.974928,-0.222521,False,False,EVENING,1.0,6.0,10.0,43.0,77.0,215.0,0.0,0.03,0.0265,2.174,5.406,86.49,8.76,86.488,87.589,13.51,1.24,9.88,12.94,92.14,100.0,7.68,4.94,14.39,2.27,46.718,1.29,61.867,35.035,False,,0.0,69.375,-0.29,0.0,-1.35,0.218,1.74,-5.0,-0.32,0.322,12.0,0.0,84.505,84.726,86.925,100.0,45.631,81.1,33.802,35.0,0.0,83.859,84.267,87.991,100.0,44.319,53.933,33.544,9.658,8.469,100.0,92.103,10.27,NORMAL
262,2026-06-03 17:30:00+00:00,17,2,-0.965926,-0.258819,0.974928,-0.222521,False,False,EVENING,3.0,4.0,10.0,39.0,77.0,215.0,0.0,0.0,0.0,5.04,4.935,86.49,8.78,86.489,87.836,13.51,1.22,9.85,12.87,92.423,100.0,7.33,4.91,14.75,2.2,45.354,1.29,100.0,35.134,False,,0.0,72.767,0.0,-0.29,0.0,0.218,1.74,-5.0,-0.32,0.322,11.0,0.0,83.917,83.968,97.97,100.0,45.703,79.508,33.567,37.0,0.0,85.449,84.738,86.938,100.0,44.308,100.0,34.179,9.551,9.517,100.0,91.982,10.91,MODERATE
263,2026-06-03 17:45:00+00:00,17,2,-0.965926,-0.258819,0.974928,-0.222521,False,False,EVENING,1.0,4.0,10.0,38.0,72.0,212.0,0.0,0.0,0.0,1.68,6.036,85.54,8.65,85.536,86.477,14.46,1.35,9.53,12.18,94.432,100.0,7.46,4.88,14.66,2.22,45.71,0.97,58.683,34.591,False,,0.0,68.841,0.0,0.0,0.0,0.218,1.74,-3.0,-0.32,0.242,13.0,0.0,84.63,84.157,86.735,100.0,45.315,100.0,33.852,42.0,0.0,86.269,85.201,91.655,100.0,46.551,100.0,34.508,9.628,9.224,100.0,92.017,11.4,NORMAL
264,2026-06-03 18:00:00+00:00,18,2,-1.0,-0.0,0.974928,-0.222521,False,False,EVENING,2.0,3.0,7.0,35.0,70.0,210.0,0.0,0.0,0.0,3.36,5.367,85.12,8.56,85.118,85.637,14.88,1.44,9.73,12.61,92.086,100.0,7.78,4.85,14.37,2.27,46.765,0.82,82.692,34.255,False,,0.0,70.555,0.0,0.0,-0.29,0.218,1.74,-8.0,-0.79,0.205,14.0,0.0,86.098,85.097,90.923,100.0,44.03,100.0,34.439,54.0,0.0,86.229,84.822,93.231,100.0,46.208,81.158,34.492,9.605,8.221,100.0,92.248,11.4,MODERATE
265,2026-06-03 18:15:00+00:00,18,2,-1.0,-0.0,0.974928,-0.222521,False,False,EVENING,2.0,4.0,8.0,33.0,71.0,210.0,0.0,0.0,0.0,3.36,5.383,84.73,8.45,84.726,84.505,15.27,1.55,10.26,13.77,86.925,100.0,7.51,4.81,14.68,2.22,45.631,0.66,81.1,33.802,False,,0.0,69.378,0.0,0.0,0.0,0.218,1.74,-2.0,-0.63,0.165,11.0,0.0,83.859,84.267,87.991,100.0,44.319,53.933,33.544,58.0,0.92,88.302,85.494,95.06,100.0,45.101,100.0,40.86,9.46,8.453,100.0,92.438,11.72,NORMAL
266,2026-06-03 18:30:00+00:00,18,2,-1.0,-0.0,0.974928,-0.222521,False,False,EVENING,2.0,4.0,7.0,32.0,72.0,208.0,0.0,0.0,0.0,3.36,6.626,83.97,8.39,83.968,83.917,16.03,1.61,9.02,11.05,97.97,100.0,7.57,4.77,14.66,2.22,45.703,0.5,79.508,33.567,False,,0.0,70.282,0.0,0.0,0.0,0.109,1.35,-3.0,-0.79,0.125,16.0,0.0,85.449,84.738,86.938,100.0,44.308,100.0,34.179,60.0,0.01,88.919,86.317,93.614,100.0,45.326,100.0,35.657,9.34,8.051,100.0,92.654,11.88,MODERATE
267,2026-06-03 18:45:00+00:00,18,2,-1.0,-0.0,0.974928,-0.222521,False,False,EVENING,3.0,5.0,9.0,32.0,73.0,208.0,0.0,0.0,0.0,5.04,4.001,84.16,8.46,84.157,84.63,15.84,1.54,10.21,13.67,86.735,100.0,7.49,4.75,14.76,2.2,45.315,0.5,100.0,33.852,False,,0.0,70.927,0.0,0.0,0.0,0.109,1.35,-1.0,-0.47,0.125,16.0,0.0,86.269,85.201,91.655,100.0,46.551,100.0,34.508,67.0,0.0,89.476,86.646,100.0,100.0,46.031,100.0,35.79,9.204,8.806,100.0,92.693,11.88,MODERATE
268,2026-06-03 19:00:00+00:00,19,2,-0.965926,0.258819,0.974928,-0.222521,False,False,EVENING,5.0,8.0,12.0,34.0,74.0,212.0,0.0,0.0,0.0,8.4,4.051,85.1,8.61,85.097,86.098,14.9,1.39,9.85,12.87,90.923,100.0,7.14,4.74,15.11,2.14,44.03,0.82,100.0,34.439,False,,0.0,71.814,0.0,0.0,0.0,0.103,1.35,5.0,0.0,0.205,16.0,0.0,86.229,84.822,93.231,100.0,46.208,81.158,34.492,72.0,3.73,95.067,87.887,97.891,100.0,48.173,100.0,60.417,5.389,8.308,98.382,92.125,11.4,MODERATE
269,2026-06-03 19:15:00+00:00,19,2,-0.965926,0.258819,0.974928,-0.222521,False,False,EVENING,1.0,6.0,11.0,29.0,75.0,212.0,0.0,0.0,0.0,1.68,5.896,84.27,8.39,84.267,83.859,15.73,1.61,10.08,13.38,87.991,100.0,7.25,4.72,15.03,2.15,44.319,0.5,53.933,33.544,False,,0.0,66.712,0.0,0.0,0.0,0.103,1.35,3.0,-0.16,0.125,24.0,0.92,88.302,85.494,95.06,100.0,45.101,100.0,40.86,69.0,0.91,98.287,89.099,97.83,100.0,47.016,100.0,44.76,5.626,6.752,95.643,92.117,10.92,NORMAL
270,2026-06-03 19:30:00+00:00,19,2,-0.965926,0.258819,0.974928,-0.222521,False,False,EVENING,4.0,5.0,13.0,30.0,74.0,213.0,0.0,0.0,0.0,6.72,4.199,84.74,8.54,84.738,85.449,15.26,1.46,10.26,13.77,86.938,100.0,7.25,4.71,15.04,2.15,44.308,0.66,100.0,34.179,False,,0.0,71.152,0.0,0.0,0.0,0.103,1.35,6.0,0.16,0.165,21.0,0.01,88.919,86.317,93.614,100.0,45.326,100.0,35.657,72.0,4.49,100.0,89.988,100.0,100.0,49.009,100.0,66.92,5.675,8.133,94.621,91.605,10.76,MODERATE
271,2026-06-03 19:45:00+00:00,19,2,-0.965926,0.258819,0.974928,-0.222521,False,False,EVENING,4.0,8.0,14.0,33.0,77.0,215.0,0.0,0.0,0.0,6.72,4.539,85.2,8.63,85.201,86.269,14.8,1.37,9.79,12.73,91.655,100.0,7.85,4.72,14.43,2.26,46.551,0.82,100.0,34.508,False,,0.0,72.186,0.0,0.0,0.0,0.103,1.35,5.0,0.32,0.205,26.0,0.0,89.476,86.646,100.0,100.0,46.031,100.0,35.79,70.0,15.35,100.0,90.771,100.0,100.0,53.197,100.0,100.0,5.881,7.503,92.967,91.365,10.44,MODERATE
272,2026-06-03 20:00:00+00:00,20,2,-0.866025,0.5,0.974928,-0.222521,False,False,EVENING,2.0,6.0,11.0,30.0,74.0,216.0,0.0,0.0,0.0,3.36,4.891,84.82,8.62,84.822,86.229,15.18,1.38,9.58,12.27,93.231,100.0,7.75,4.72,14.52,2.25,46.208,0.66,81.158,34.492,False,,0.0,70.557,0.0,0.0,0.0,0.103,1.35,-1.0,-0.16,0.165,38.0,3.73,95.067,87.887,97.891,100.0,48.173,100.0,60.417,60.0,16.45,100.0,91.276,100.0,100.0,57.084,100.0,100.0,5.998,8.292,92.499,90.838,9.96,MODERATE
273,2026-06-03 20:15:00+00:00,20,2,-0.866025,0.5,0.974928,-0.222521,False,False,EVENING,6.0,8.0,16.0,35.0,78.0,219.0,0.92,0.0,0.0,8.529,5.015,85.49,8.83,85.494,88.302,14.51,1.17,9.51,12.13,95.06,100.0,7.39,4.78,14.82,2.19,45.101,1.14,100.0,40.86,False,,1.7,73.524,0.92,0.92,0.92,0.076,0.92,5.0,0.64,0.515,34.0,0.91,98.287,89.099,97.83,100.0,47.016,100.0,44.76,57.0,19.7,100.0,91.49,100.0,100.0,60.387,100.0,100.0,6.2,7.642,92.278,90.5,9.96,MODERATE
274,2026-06-03 20:30:00+00:00,20,2,-0.866025,0.5,0.974928,-0.222521,False,False,EVENING,4.0,10.0,16.0,36.0,75.0,221.0,0.01,0.08,0.0831,8.246,4.704,86.32,8.89,86.317,88.919,13.68,1.11,9.71,12.55,93.614,100.0,7.43,4.81,14.76,2.2,45.326,1.3,100.0,35.657,False,,0.0,73.093,-0.91,0.01,0.01,0.076,0.92,3.0,0.64,0.328,39.0,4.49,100.0,89.988,100.0,100.0,49.009,100.0,66.92,54.0,26.01,100.0,91.955,100.0,100.0,63.369,100.0,100.0,6.329,8.193,92.086,90.053,9.8,MODERATE
275,2026-06-03 20:45:00+00:00,20,2,-0.866025,0.5,0.974928,-0.222521,False,False,EVENING,4.0,8.0,16.0,39.0,77.0,223.0,0.0,0.0,0.0013,6.745,5.208,86.65,8.95,86.646,89.476,13.35,1.05,7.75,8.25,100.0,100.0,7.6,4.83,14.57,2.24,46.031,1.46,100.0,35.79,False,,0.0,74.1,-0.01,-0.92,0.0,0.076,0.92,2.0,0.64,0.365,41.0,15.35,100.0,90.771,100.0,100.0,53.197,100.0,100.0,47.0,30.46,100.0,91.97,100.0,100.0,67.089,100.0,100.0,6.497,7.74,92.077,89.743,9.33,MODERATE
276,2026-06-03 21:00:00+00:00,21,2,-0.707107,0.707107,0.974928,-0.222521,False,False,EVENING,10.0,14.0,24.0,47.0,82.0,231.0,3.73,0.0,0.0,13.289,6.09,87.89,9.51,87.887,95.067,12.11,0.49,10.26,13.77,97.891,100.0,7.96,5.04,13.99,2.34,48.173,2.59,100.0,60.417,True,MASS_CASUALTY_INTAKE,5.7,77.818,3.73,3.72,3.73,0.291,3.73,13.0,1.93,1.58,34.0,16.45,100.0,91.276,100.0,100.0,57.084,100.0,100.0,41.0,32.92,100.0,91.934,100.0,100.0,69.482,100.0,100.0,6.612,6.296,91.535,89.877,8.85,MODERATE
277,2026-06-03 21:15:00+00:00,21,2,-0.707107,0.707107,0.974928,-0.222521,False,False,EVENING,3.0,13.0,21.0,48.0,81.0,234.0,0.91,0.45,0.4534,12.347,6.211,89.1,9.83,89.099,98.287,10.9,0.17,10.26,13.77,97.83,100.0,7.54,5.16,14.31,2.28,47.016,2.59,100.0,44.76,True,MASS_CASUALTY_INTAKE,1.5,76.813,-2.82,0.91,-0.010000000000000009,0.348,3.73,5.0,1.45,0.875,35.0,19.7,100.0,91.49,100.0,100.0,60.387,100.0,100.0,34.0,34.36,100.0,92.103,100.0,100.0,71.877,100.0,100.0,6.572,7.111,91.884,89.707,8.53,MODERATE
278,2026-06-03 21:30:00+00:00,21,2,-0.707107,0.707107,0.974928,-0.222521,False,False,EVENING,9.0,12.0,26.0,55.0,87.0,240.0,4.49,0.11,0.0246,11.492,6.922,89.99,10.0,89.988,100.0,10.01,0.0,10.26,13.77,100.0,100.0,7.84,5.39,13.77,2.38,49.009,3.55,100.0,66.92,True,MASS_CASUALTY_INTAKE,7.9,80.082,3.58,0.7600000000000002,4.48,0.629,4.49,10.0,2.25,2.01,33.0,26.01,100.0,91.955,100.0,100.0,63.369,100.0,100.0,28.0,36.86,100.0,91.982,100.0,100.0,74.897,100.0,100.0,6.629,7.16,91.036,89.659,8.05,MODERATE
279,2026-06-03 21:45:00+00:00,21,2,-0.707107,0.707107,0.974928,-0.222521,False,False,EVENING,16.0,25.0,38.0,68.0,100.0,254.0,15.35,0.55,0.0355,10.883,6.878,90.77,10.0,90.771,100.0,9.23,0.0,10.26,13.77,100.0,100.0,8.39,5.98,12.64,2.59,53.197,5.63,100.0,100.0,True,MASS_CASUALTY_INTAKE,28.4,87.581,10.86,14.44,15.35,1.588,15.35,22.0,4.17,5.245,29.0,30.46,100.0,91.97,100.0,100.0,67.089,100.0,100.0,23.0,38.32,100.0,92.017,100.0,100.0,75.734,100.0,100.0,6.661,7.033,90.994,89.57,7.89,HIGH
280,2026-06-03 22:00:00+00:00,22,2,-0.5,0.866025,0.974928,-0.222521,False,False,NIGHT,6.0,22.0,34.0,69.0,103.0,257.0,16.45,1.87,0.1134,10.39,7.75,91.28,10.0,91.276,100.0,8.72,0.0,6.27,10.71,100.0,100.0,8.9,6.51,11.59,2.77,57.084,6.11,100.0,100.0,True,MASS_CASUALTY_INTAKE,31.9,88.746,1.0999999999999996,11.959999999999999,12.719999999999999,2.616,16.45,10.0,3.52,5.64,26.0,32.92,100.0,91.934,100.0,100.0,69.482,100.0,100.0,18.0,36.79,100.0,92.248,100.0,100.0,78.74,100.0,100.0,5.861,6.778,90.521,89.388,7.57,HIGH
281,2026-06-03 22:15:00+00:00,22,2,-0.5,0.866025,0.974928,-0.222521,False,False,NIGHT,8.0,14.0,39.0,76.0,105.0,263.0,19.7,2.0,0.1015,10.072,8.728,91.49,10.0,91.49,100.0,8.51,0.0,4.47,6.75,100.0,100.0,9.25,7.06,10.7,2.93,60.387,6.91,100.0,100.0,True,MASS_CASUALTY_INTAKE,39.4,91.171,3.25,4.35,18.79,3.848,19.7,18.0,4.32,6.652,22.0,34.36,100.0,92.103,100.0,100.0,71.877,100.0,100.0,15.0,37.32,100.0,92.438,100.0,100.0,79.667,100.0,100.0,1.68,8.577,87.924,87.924,7.25,HIGH
282,2026-06-03 22:30:00+00:00,22,2,-0.5,0.866025,0.974928,-0.222521,False,False,NIGHT,11.0,19.0,41.0,83.0,113.0,272.0,26.01,2.39,0.092,9.938,7.725,91.95,10.0,91.955,100.0,8.05,0.0,5.99,10.1,100.0,100.0,9.38,7.73,9.89,3.08,63.369,8.19,100.0,100.0,True,MASS_CASUALTY_INTAKE,52.7,94.933,6.310000000000002,9.560000000000002,21.520000000000003,5.473,26.01,15.0,4.64,8.55,21.0,36.86,100.0,91.982,100.0,100.0,74.897,100.0,100.0,13.0,36.92,100.0,92.654,100.0,100.0,80.164,100.0,100.0,1.68,5.894,86.586,87.004,6.93,HIGH
283,2026-06-03 22:45:00+00:00,22,2,-0.5,0.866025,0.974928,-0.222521,False,False,NIGHT,9.0,20.0,34.0,88.0,121.0,280.0,30.46,3.16,0.1037,9.645,9.068,91.97,10.0,91.97,100.0,8.03,0.0,6.27,10.71,100.0,100.0,9.67,8.44,8.89,3.26,67.089,9.15,100.0,100.0,True,MASS_CASUALTY_INTAKE,63.6,95.271,4.449999999999999,10.760000000000002,15.110000000000001,7.377,30.46,-4.0,3.52,9.902,18.0,38.32,100.0,92.017,100.0,100.0,75.734,100.0,100.0,11.0,35.58,100.0,92.693,100.0,100.0,78.74,100.0,100.0,1.68,5.527,85.646,86.136,6.61,CRITICAL
284,2026-06-03 23:00:00+00:00,23,2,-0.258819,0.965926,0.974928,-0.222521,False,False,NIGHT,7.0,16.0,35.0,93.0,123.0,284.0,32.92,3.7,0.1124,9.635,9.317,91.93,10.0,91.934,100.0,8.07,0.0,6.27,10.71,100.0,100.0,9.65,9.11,8.24,3.38,69.482,9.79,100.0,100.0,True,MASS_CASUALTY_INTAKE,68.8,95.479,2.460000000000001,6.91,16.470000000000002,9.434,32.92,1.0,3.68,10.678,15.0,36.79,100.0,92.248,100.0,100.0,78.74,100.0,100.0,8.0,32.37,98.382,92.125,100.0,100.0,78.804,100.0,100.0,0.0,5.278,83.779,85.004,6.13,CRITICAL
285,2026-06-03 23:15:00+00:00,23,2,-0.258819,0.965926,0.974928,-0.222521,False,False,NIGHT,6.0,13.0,33.0,93.0,128.0,290.0,34.36,4.0,0.1164,9.658,8.469,92.1,10.0,92.103,100.0,7.9,0.0,5.97,10.05,100.0,100.0,9.72,9.69,7.59,3.49,71.877,10.27,100.0,100.0,True,MASS_CASUALTY_INTAKE,71.7,95.732,1.4399999999999977,3.8999999999999986,14.66,11.582,34.36,-6.0,3.36,11.157,12.0,37.32,100.0,92.438,100.0,100.0,79.667,100.0,100.0,8.0,29.02,95.643,92.117,100.0,100.0,78.615,100.0,100.0,3.36,4.788,84.519,84.573,5.97,CRITICAL
286,2026-06-03 23:30:00+00:00,23,2,-0.258819,0.965926,0.974928,-0.222521,False,False,NIGHT,7.0,13.0,29.0,96.0,132.0,296.0,36.86,4.18,0.1133,9.551,9.517,91.98,10.0,91.982,100.0,8.02,0.0,5.87,9.84,100.0,100.0,10.07,10.15,6.78,3.64,74.897,10.91,100.0,100.0,True,MASS_CASUALTY_INTAKE,77.7,95.977,2.5,3.9399999999999977,10.849999999999998,13.886,36.86,-12.0,2.72,11.942,7.0,36.92,100.0,92.654,100.0,100.0,80.164,100.0,100.0,9.0,27.64,94.621,91.605,100.0,100.0,78.147,100.0,100.0,1.68,5.236,82.756,83.86,5.65,CRITICAL
287,2026-06-03 23:45:00+00:00,23,2,-0.258819,0.965926,0.974928,-0.222521,False,False,NIGHT,6.0,13.0,26.0,98.0,137.0,300.0,38.32,4.48,0.1169,9.628,9.224,92.02,10.0,92.017,100.0,7.98,0.0,6.27,10.71,100.0,100.0,9.93,10.52,6.55,3.68,75.734,11.4,100.0,100.0,True,MASS_CASUALTY_INTAKE,80.2,96.06,1.4600000000000009,3.960000000000001,7.859999999999999,16.281,38.32,-8.0,2.25,12.43,5.0,35.58,100.0,92.693,100.0,100.0,78.74,100.0,100.0,7.0,25.14,92.967,91.365,100.0,100.0,75.389,100.0,100.0,8.4,4.715,84.685,84.588,5.98,CRITICAL
288,2026-06-04 00:00:00+00:00,0,3,0.0,1.0,0.433884,-0.900969,False,False,NIGHT,3.0,9.0,22.0,91.0,138.0,301.0,36.79,4.66,0.1266,9.605,8.221,92.25,10.0,92.248,100.0,7.75,0.0,5.3,8.59,100.0,100.0,10.44,10.82,5.74,3.83,78.74,11.4,100.0,100.0,True,MASS_CASUALTY_INTAKE,77.1,96.381,-1.5300000000000011,-0.07000000000000028,3.8699999999999974,18.58,38.32,-13.0,1.61,12.048,3.0,32.37,98.382,92.125,100.0,100.0,78.804,100.0,100.0,8.0,21.57,92.499,90.838,100.0,100.0,73.872,100.0,100.0,1.68,4.262,83.388,84.072,5.66,CRITICAL
289,2026-06-04 00:15:00+00:00,0,3,0.0,1.0,0.433884,-0.900969,False,False,NIGHT,5.0,8.0,21.0,93.0,141.0,304.0,37.32,4.47,0.1197,9.46,8.453,92.44,10.0,92.438,100.0,7.56,0.0,6.27,10.71,100.0,100.0,10.46,11.05,5.49,3.87,79.667,11.72,100.0,100.0,True,MASS_CASUALTY_INTAKE,79.5,96.506,0.5300000000000011,-1.0,2.960000000000001,20.855,38.32,-12.0,1.45,12.26,3.0,29.02,95.643,92.117,100.0,100.0,78.615,100.0,100.0,9.0,20.88,92.278,90.5,100.0,100.0,73.006,100.0,100.0,1.68,3.715,82.288,83.674,5.34,CRITICAL
290,2026-06-04 00:30:00+00:00,0,3,0.0,1.0,0.433884,-0.900969,False,False,NIGHT,4.0,9.0,18.0,88.0,143.0,306.0,36.92,4.53,0.1228,9.34,8.051,92.65,10.0,92.654,100.0,7.35,0.0,6.27,10.71,100.0,100.0,10.4,11.24,5.36,3.9,80.164,11.88,100.0,100.0,True,MASS_CASUALTY_INTAKE,79.6,96.599,-0.3999999999999986,0.13000000000000256,0.060000000000002274,23.162,38.32,-11.0,0.97,12.2,6.0,27.64,94.621,91.605,100.0,100.0,78.147,100.0,100.0,7.0,19.11,92.086,90.053,100.0,100.0,69.962,100.0,100.0,5.04,2.4,83.183,84.244,5.34,CRITICAL
291,2026-06-04 00:45:00+00:00,0,3,0.0,1.0,0.433884,-0.900969,False,False,NIGHT,3.0,7.0,15.0,75.0,143.0,308.0,35.58,4.49,0.1261,9.204,8.806,92.69,10.0,92.693,100.0,7.31,0.0,6.27,10.71,100.0,100.0,9.87,11.39,5.74,3.83,78.74,11.88,100.0,100.0,True,MASS_CASUALTY_INTAKE,77.8,96.479,-1.3400000000000034,-1.740000000000002,-2.740000000000002,25.386,38.32,-11.0,0.48,11.865,6.0,25.14,92.967,91.365,100.0,100.0,75.389,100.0,100.0,6.0,15.25,92.077,89.743,100.0,100.0,68.507,100.0,100.0,1.68,4.133,81.978,83.751,5.02,CRITICAL
292,2026-06-04 01:00:00+00:00,1,3,0.258819,0.965926,0.433884,-0.900969,False,False,NIGHT,0.0,3.0,12.0,69.0,138.0,306.0,32.37,3.2,0.0989,5.389,8.308,92.13,9.84,92.125,98.382,7.87,0.16,5.0,7.93,100.0,100.0,9.91,11.36,5.72,3.83,78.804,11.4,100.0,100.0,False,,95.9,96.036,-3.210000000000001,-4.550000000000004,-4.420000000000002,27.176,38.32,-10.0,0.0,10.942,5.0,21.57,92.499,90.838,100.0,100.0,73.872,100.0,100.0,7.0,11.31,91.535,89.877,100.0,100.0,64.68,100.0,100.0,1.68,5.222,81.204,82.943,4.7,CRITICAL
293,2026-06-04 01:15:00+00:00,1,3,0.258819,0.965926,0.433884,-0.900969,False,False,NIGHT,0.0,0.0,7.0,61.0,137.0,305.0,29.02,2.91,0.1004,5.626,6.752,92.12,9.56,92.117,95.643,7.88,0.44,5.34,8.66,100.0,100.0,10.04,11.19,5.77,3.82,78.615,10.92,100.0,100.0,False,,82.3,95.47,-3.349999999999998,-6.559999999999999,-8.3,28.932,38.32,-14.0,-0.8,9.985,5.0,20.88,92.278,90.5,100.0,100.0,73.006,100.0,100.0,7.0,8.4,91.884,89.707,100.0,100.0,63.951,100.0,87.147,6.72,4.529,82.933,83.318,4.86,CRITICAL
294,2026-06-04 01:30:00+00:00,1,3,0.258819,0.965926,0.433884,-0.900969,False,False,NIGHT,2.0,2.0,5.0,52.0,135.0,305.0,27.64,2.61,0.0945,5.675,8.133,91.6,9.46,91.605,94.621,8.4,0.54,5.84,9.77,100.0,100.0,10.11,10.99,5.9,3.8,78.147,10.76,100.0,100.0,False,,77.7,95.111,-1.379999999999999,-4.729999999999997,-9.280000000000001,30.379,38.32,-13.0,-1.12,9.6,3.0,19.11,92.086,90.053,100.0,100.0,69.962,100.0,100.0,8.0,4.45,91.036,89.659,100.0,100.0,59.871,100.0,63.134,0.0,4.149,81.243,82.45,4.38,CRITICAL
295,2026-06-04 01:45:00+00:00,1,3,0.258819,0.965926,0.433884,-0.900969,False,False,NIGHT,1.0,3.0,3.0,44.0,132.0,304.0,25.14,2.49,0.099,5.881,7.503,91.36,9.3,91.365,92.967,8.64,0.7,6.27,10.71,100.0,100.0,9.64,10.72,6.64,3.66,75.389,10.44,100.0,100.0,False,,68.2,94.479,-2.5,-3.879999999999999,-10.439999999999998,30.991,38.32,-12.0,-1.44,8.895,1.0,15.25,92.077,89.743,100.0,100.0,68.507,100.0,100.0,9.0,2.49,90.994,89.57,100.0,100.0,58.134,100.0,51.329,3.36,3.212,81.347,82.477,4.22,HIGH
296,2026-06-04 02:00:00+00:00,2,3,0.5,0.866025,0.433884,-0.900969,False,False,NIGHT,0.0,1.0,3.0,37.0,130.0,303.0,21.57,2.26,0.1049,5.998,8.292,90.84,9.25,90.838,92.499,9.16,0.75,6.25,10.68,100.0,100.0,9.58,10.37,7.05,3.59,73.872,9.96,100.0,100.0,False,,57.4,91.937,-3.5700000000000003,-6.07,-10.799999999999997,31.311,38.32,-9.0,-1.44,7.882,3.0,11.31,91.535,89.877,100.0,100.0,64.68,100.0,100.0,12.0,0.0,90.521,89.388,100.0,100.0,56.622,100.0,36.208,3.36,3.825,81.823,82.313,4.06,HIGH
297,2026-06-04 02:15:00+00:00,2,3,0.5,0.866025,0.433884,-0.900969,False,False,NIGHT,3.0,3.0,6.0,34.0,127.0,304.0,20.88,1.94,0.093,6.2,7.642,90.5,9.23,90.5,92.278,9.5,0.77,6.27,10.71,100.0,100.0,9.65,10.06,7.29,3.55,73.006,9.96,100.0,100.0,False,,53.7,91.299,-0.6900000000000013,-4.260000000000002,-8.14,31.385,38.32,-1.0,-0.96,7.71,4.0,8.4,91.884,89.707,100.0,100.0,63.951,100.0,87.147,12.0,0.0,87.924,87.924,100.0,100.0,54.754,100.0,35.169,8.4,1.814,84.7,83.672,4.38,HIGH
298,2026-06-04 02:30:00+00:00,2,3,0.5,0.866025,0.433884,-0.900969,False,False,NIGHT,2.0,5.0,6.0,29.0,125.0,304.0,19.11,1.88,0.0983,6.329,8.193,90.05,9.21,90.053,92.086,9.95,0.79,4.94,7.78,100.0,100.0,9.14,9.75,8.11,3.4,69.962,9.8,100.0,100.0,False,,48.2,89.756,-1.7699999999999996,-2.460000000000001,-8.530000000000001,30.954,38.32,1.0,-0.96,7.228,4.0,4.45,91.036,89.659,100.0,100.0,59.871,100.0,63.134,12.0,0.0,86.586,87.004,100.0,100.0,52.417,100.0,34.634,8.98,4.418,86.907,84.591,4.86,HIGH
299,2026-06-04 02:45:00+00:00,2,3,0.5,0.866025,0.433884,-0.900969,False,False,NIGHT,0.0,2.0,5.0,23.0,121.0,301.0,15.25,1.72,0.1128,6.497,7.74,89.74,9.21,89.743,92.077,10.26,0.79,4.47,6.75,100.0,100.0,9.14,9.36,8.5,3.33,68.507,9.33,100.0,100.0,False,,37.5,87.084,-3.8599999999999994,-5.629999999999999,-9.89,30.003,38.32,2.0,-1.11,6.145,5.0,2.49,90.994,89.57,100.0,100.0,58.134,100.0,51.329,14.0,0.0,85.646,86.136,100.0,100.0,51.345,100.0,34.258,6.14,5.212,87.66,84.748,4.87,HIGH
300,2026-06-04 03:00:00+00:00,3,3,0.707107,0.707107,0.433884,-0.900969,False,False,NIGHT,0.0,0.0,5.0,20.0,111.0,300.0,11.31,1.37,0.1213,6.612,6.296,89.88,9.15,89.877,91.535,10.12,0.85,4.23,6.22,100.0,100.0,8.56,8.9,9.54,3.14,64.68,8.85,100.0,100.0,False,,27.3,84.14,-3.9399999999999995,-7.799999999999999,-10.26,28.652,38.32,2.0,-1.11,5.04,4.0,0.0,90.521,89.388,100.0,100.0,56.622,100.0,36.208,14.0,0.0,83.779,85.004,100.0,100.0,48.873,84.658,33.511,14.536,4.642,93.946,86.593,6.79,MODERATE
301,2026-06-04 03:15:00+00:00,3,3,0.707107,0.707107,0.433884,-0.900969,False,False,NIGHT,1.0,1.0,3.0,16.0,109.0,301.0,8.4,1.02,0.1212,6.572,7.111,89.71,9.19,89.707,91.884,10.29,0.81,6.27,10.71,100.0,100.0,8.83,8.44,9.73,3.11,63.951,8.53,100.0,87.147,False,,20.4,82.244,-2.91,-6.85,-12.479999999999999,27.03,38.32,-3.0,-1.43,4.232,3.0,0.0,87.924,87.924,100.0,100.0,54.754,100.0,35.169,15.0,0.0,84.519,84.573,100.0,100.0,49.315,100.0,33.808,13.194,5.308,97.778,88.181,8.23,MODERATE
302,2026-06-04 03:30:00+00:00,3,3,0.707107,0.707107,0.433884,-0.900969,False,False,NIGHT,0.0,1.0,1.0,12.0,100.0,301.0,4.45,0.76,0.1697,6.629,7.16,89.66,9.1,89.659,91.036,10.34,0.9,6.22,10.61,100.0,100.0,8.25,7.91,10.83,2.91,59.871,8.05,100.0,63.134,False,,10.7,79.169,-3.95,-6.86,-14.66,25.004,38.32,-5.0,-1.75,3.125,4.0,0.0,86.586,87.004,100.0,100.0,52.417,100.0,34.634,17.0,0.0,82.756,83.86,100.0,100.0,50.413,100.0,33.102,12.084,6.578,100.0,89.198,9.35,MODERATE
303,2026-06-04 03:45:00+00:00,3,3,0.707107,0.707107,0.433884,-0.900969,False,False,NIGHT,2.0,2.0,3.0,11.0,86.0,302.0,2.49,0.4,0.1611,6.661,7.033,89.57,9.1,89.57,90.994,10.43,0.9,6.27,10.71,100.0,100.0,8.28,7.42,11.3,2.83,58.134,7.89,100.0,51.329,False,,6.0,77.73,-1.96,-5.91,-12.76,22.765,37.32,-2.0,-1.44,2.595,4.0,0.0,85.646,86.136,100.0,100.0,51.345,100.0,34.258,16.0,0.0,84.685,84.588,100.0,100.0,51.631,100.0,33.874,11.38,7.589,100.0,89.955,10.15,MODERATE
304,2026-06-04 04:00:00+00:00,4,3,0.866025,0.5,0.433884,-0.900969,False,False,NIGHT,1.0,3.0,4.0,12.0,81.0,302.0,0.0,0.22,0.224,5.861,6.778,89.39,9.05,89.388,90.521,10.61,0.95,5.69,9.44,100.0,100.0,8.36,6.93,11.71,2.75,56.622,7.57,100.0,36.208,False,,0.0,75.866,-2.49,-4.45,-11.31,20.466,37.32,-1.0,-1.28,1.892,8.0,0.0,83.779,85.004,100.0,100.0,48.873,84.658,33.511,13.0,0.0,83.388,84.072,73.932,100.0,52.327,100.0,33.355,10.904,6.496,100.0,90.882,11.59,MODERATE
305,2026-06-04 04:15:00+00:00,4,3,0.866025,0.5,0.433884,-0.900969,False,False,NIGHT,1.0,2.0,4.0,13.0,74.0,303.0,0.0,0.0,0.0,1.68,8.577,87.92,8.79,87.924,87.924,12.08,1.21,6.27,10.71,100.0,100.0,8.27,6.51,12.22,2.66,54.754,7.25,100.0,35.169,False,,0.0,74.856,0.0,-2.49,-8.4,18.133,36.92,1.0,-1.28,1.812,9.0,0.0,84.519,84.573,100.0,100.0,49.315,100.0,33.808,14.0,0.0,82.288,83.674,73.582,100.0,50.11,100.0,32.915,10.32,9.448,100.0,91.002,11.91,MODERATE
306,2026-06-04 04:30:00+00:00,4,3,0.866025,0.5,0.433884,-0.900969,False,False,NIGHT,1.0,2.0,5.0,12.0,64.0,304.0,0.0,0.0,0.0,1.68,5.894,87.0,8.66,87.004,86.586,13.0,1.34,3.3,4.18,100.0,100.0,7.99,6.16,12.85,2.55,52.417,6.93,100.0,34.634,False,,0.0,74.176,0.0,0.0,-4.45,15.826,35.58,4.0,-1.12,1.732,8.0,0.0,82.756,83.86,100.0,100.0,50.413,100.0,33.102,18.0,0.0,83.183,84.244,81.141,100.0,49.153,100.0,33.273,10.245,8.787,100.0,91.117,13.35,MODERATE
307,2026-06-04 04:45:00+00:00,4,3,0.866025,0.5,0.433884,-0.900969,False,False,NIGHT,1.0,2.0,4.0,12.0,56.0,304.0,0.0,0.0,0.0,1.68,5.527,86.14,8.56,86.136,85.646,13.86,1.44,6.27,10.71,100.0,100.0,7.99,5.87,13.14,2.5,51.345,6.61,100.0,34.258,False,,0.0,73.7,0.0,0.0,-2.49,13.602,32.37,1.0,-1.28,1.652,10.0,0.0,84.685,84.588,100.0,100.0,51.631,100.0,33.874,21.0,0.0,81.978,83.751,75.472,100.0,46.469,99.117,32.791,10.172,8.703,100.0,91.29,14.47,MODERATE
308,2026-06-04 05:00:00+00:00,5,3,0.965926,0.258819,0.433884,-0.900969,False,False,NIGHT,0.0,1.0,3.0,12.0,49.0,302.0,0.0,0.0,0.0,0.0,5.278,85.0,8.38,85.004,83.779,15.0,1.62,6.27,10.71,100.0,100.0,7.58,5.62,13.8,2.38,48.873,6.13,84.658,33.511,False,,0.0,71.474,0.0,0.0,0.0,11.579,29.02,-1.0,-1.44,1.532,6.0,0.0,83.388,84.072,73.932,100.0,52.327,100.0,33.355,23.0,0.0,81.204,82.943,92.777,100.0,45.591,95.925,32.482,10.064,8.863,100.0,91.381,14.31,MODERATE
309,2026-06-04 05:15:00+00:00,5,3,0.965926,0.258819,0.433884,-0.900969,False,False,NIGHT,2.0,2.0,4.0,11.0,45.0,303.0,0.0,0.0,0.0,3.36,4.788,84.57,8.45,84.573,84.519,15.43,1.55,6.27,10.71,100.0,100.0,7.89,5.42,13.69,2.4,49.315,5.97,100.0,33.808,False,,0.0,72.948,0.0,0.0,0.0,9.765,27.64,0.0,-1.28,1.492,6.0,0.0,82.288,83.674,73.582,100.0,50.11,100.0,32.915,37.0,0.0,82.933,83.318,76.26,100.0,45.849,100.0,33.173,10.006,10.136,100.0,91.253,14.95,MODERATE
310,2026-06-04 05:30:00+00:00,5,3,0.965926,0.258819,0.433884,-0.900969,False,False,NIGHT,1.0,3.0,4.0,10.0,39.0,303.0,0.0,0.0,0.0,1.68,5.236,83.86,8.28,83.86,82.756,16.14,1.72,6.27,10.71,100.0,100.0,8.36,5.25,13.39,2.45,50.413,5.65,100.0,33.102,False,,0.0,72.538,0.0,0.0,0.0,8.038,25.14,-1.0,-1.28,1.412,9.0,0.0,83.183,84.244,81.141,100.0,49.153,100.0,33.273,45.0,0.0,81.243,82.45,77.598,100.0,44.112,67.142,32.497,10.087,8.664,100.0,91.47,16.23,MODERATE
311,2026-06-04 05:45:00+00:00,5,3,0.965926,0.258819,0.433884,-0.900969,False,False,NIGHT,5.0,6.0,8.0,15.0,38.0,306.0,0.0,0.0,0.0,8.4,4.715,84.59,8.47,84.588,84.685,15.41,1.53,5.42,8.85,100.0,100.0,8.81,5.13,13.06,2.51,51.631,5.98,100.0,33.874,False,,0.0,73.193,0.0,0.0,0.0,6.466,21.57,4.0,-0.63,1.495,6.0,0.0,81.978,83.751,75.472,100.0,46.469,99.117,32.791,55.0,0.0,81.347,82.477,72.529,100.0,44.96,100.0,32.539,9.95,7.769,100.0,91.828,17.36,MODERATE
312,2026-06-04 06:00:00+00:00,6,3,1.0,0.0,0.433884,-0.900969,False,False,MORNING,1.0,6.0,9.0,16.0,36.0,307.0,0.0,0.0,0.0,1.68,4.262,84.07,8.34,84.072,83.388,15.93,1.66,11.97,16.21,73.932,100.0,9.11,5.02,12.87,2.54,52.327,5.66,100.0,33.355,False,,0.0,69.755,0.0,0.0,0.0,5.118,20.88,6.0,-0.47,1.415,7.0,0.0,81.204,82.943,92.777,100.0,45.591,95.925,32.482,61.0,0.0,81.823,82.313,76.147,100.0,45.465,100.0,32.729,9.724,9.165,100.0,91.839,18.32,NORMAL
313,2026-06-04 06:15:00+00:00,6,3,1.0,0.0,0.433884,-0.900969,False,False,MORNING,1.0,2.0,8.0,16.0,32.0,307.0,0.0,0.0,0.0,1.68,3.715,83.67,8.23,83.674,82.288,16.33,1.77,11.97,16.21,73.582,100.0,8.61,4.92,13.47,2.44,50.11,5.34,100.0,32.915,False,,0.0,69.206,0.0,0.0,0.0,3.813,19.11,4.0,-0.63,1.335,8.0,0.0,82.933,83.318,76.26,100.0,45.849,100.0,33.173,71.0,0.0,84.7,83.672,74.971,100.0,44.574,100.0,33.88,9.718,8.899,100.0,91.909,19.28,NORMAL
314,2026-06-04 06:30:00+00:00,6,3,1.0,0.0,0.433884,-0.900969,False,False,MORNING,3.0,4.0,10.0,19.0,31.0,308.0,0.0,0.0,0.0,5.04,2.4,84.24,8.32,84.244,83.183,15.76,1.68,10.93,13.92,81.141,100.0,8.42,4.85,13.73,2.39,49.153,5.34,100.0,33.273,False,,0.0,70.331,0.0,0.0,0.0,2.619,15.25,6.0,-0.31,1.335,9.0,0.0,81.243,82.45,77.598,100.0,44.112,67.142,32.497,71.0,0.65,86.907,84.591,92.401,100.0,43.447,100.0,38.691,9.674,8.486,100.0,92.031,20.08,MODERATE
315,2026-06-04 06:45:00+00:00,6,3,1.0,0.0,0.433884,-0.900969,False,False,MORNING,1.0,4.0,6.0,18.0,29.0,307.0,0.0,0.0,0.0,1.68,4.133,83.75,8.2,83.751,81.978,16.25,1.8,11.68,15.58,75.472,100.0,7.76,4.78,14.45,2.26,46.469,5.02,99.117,32.791,False,,0.0,68.98,0.0,0.0,0.0,1.666,11.31,-2.0,-0.96,1.255,15.0,0.0,81.347,82.477,72.529,100.0,44.96,100.0,32.539,77.0,0.0,87.66,84.748,84.525,100.0,42.809,100.0,35.064,9.597,8.876,100.0,92.025,20.72,NORMAL
316,2026-06-04 07:00:00+00:00,7,3,0.965926,-0.258819,0.433884,-0.900969,False,False,MORNING,1.0,2.0,6.0,18.0,30.0,306.0,0.0,0.0,0.0,1.68,5.222,82.94,8.12,82.943,81.204,17.06,1.88,9.41,10.58,92.777,100.0,7.59,4.72,14.69,2.22,45.591,4.7,95.925,32.482,False,,0.0,70.358,0.0,0.0,0.0,0.959,8.4,-3.0,-0.96,1.175,16.0,0.0,81.823,82.313,76.147,100.0,45.465,100.0,32.729,84.0,8.14,93.946,86.593,85.372,100.0,44.363,100.0,86.44,9.6,9.149,99.985,92.14,21.2,MODERATE
317,2026-06-04 07:15:00+00:00,7,3,0.965926,-0.258819,0.433884,-0.900969,False,False,MORNING,4.0,5.0,9.0,21.0,34.0,307.0,0.0,0.0,0.0,6.72,4.529,83.32,8.29,83.318,82.933,16.68,1.71,11.5,15.18,76.26,100.0,7.69,4.69,14.62,2.23,45.849,4.86,100.0,33.173,False,,0.0,69.194,0.0,0.0,0.0,0.434,4.45,1.0,-0.48,1.215,29.0,0.0,84.7,83.672,74.971,100.0,44.574,100.0,33.88,71.0,13.92,97.778,88.181,89.054,100.0,46.828,100.0,100.0,9.529,8.707,100.0,92.202,22.0,NORMAL
318,2026-06-04 07:30:00+00:00,7,3,0.965926,-0.258819,0.433884,-0.900969,False,False,MORNING,0.0,4.0,6.0,20.0,32.0,307.0,0.0,0.0,0.0,0.0,4.149,82.45,8.12,82.45,81.243,17.55,1.88,11.18,14.49,77.598,100.0,7.27,4.64,15.09,2.14,44.112,4.38,67.142,32.497,False,,0.0,65.712,0.0,0.0,0.0,0.156,2.49,-4.0,-0.96,1.095,36.0,0.65,86.907,84.591,92.401,100.0,43.447,100.0,38.691,66.0,18.22,100.0,89.198,91.65,100.0,52.475,100.0,100.0,9.489,7.38,100.0,92.657,23.12,NORMAL
319,2026-06-04 07:45:00+00:00,7,3,0.965926,-0.258819,0.433884,-0.900969,False,False,MORNING,2.0,2.0,7.0,21.0,33.0,307.0,0.0,0.0,0.0,3.36,3.212,82.48,8.13,82.477,81.347,17.52,1.87,11.97,16.21,72.529,100.0,7.53,4.61,14.86,2.19,44.96,4.22,100.0,32.539,False,,0.0,68.164,0.0,0.0,0.0,0.0,0.0,1.0,-0.8,1.055,40.0,0.0,87.66,84.748,84.525,100.0,42.809,100.0,35.064,67.0,20.85,100.0,89.955,93.357,100.0,57.87,100.0,100.0,9.203,9.058,100.0,92.607,23.44,NORMAL
320,2026-06-04 08:00:00+00:00,8,3,0.866025,-0.5,0.433884,-0.900969,False,False,MORNING,2.0,4.0,8.0,23.0,35.0,301.0,0.0,0.0,0.0,3.36,3.825,82.31,8.18,82.313,81.823,17.69,1.82,11.38,14.91,76.147,100.0,7.69,4.59,14.72,2.21,45.465,4.06,100.0,32.729,False,,0.0,68.703,0.0,0.0,0.0,0.0,0.0,2.0,-0.64,1.015,45.0,8.14,93.946,86.593,85.372,100.0,44.363,100.0,86.44,69.0,27.71,100.0,90.882,100.0,100.0,60.082,100.0,100.0,5.42,8.783,98.34,91.932,23.92,NORMAL
321,2026-06-04 08:15:00+00:00,8,3,0.866025,-0.5,0.433884,-0.900969,False,False,MORNING,5.0,7.0,9.0,26.0,37.0,303.0,0.0,0.0,0.0,8.4,1.814,83.67,8.47,83.672,84.7,16.33,1.53,11.75,15.73,74.971,100.0,7.43,4.6,14.97,2.17,44.574,4.38,100.0,33.88,False,,0.0,69.356,0.0,0.0,0.0,0.0,0.0,0.0,-0.48,1.095,42.0,13.92,97.778,88.181,89.054,100.0,46.828,100.0,100.0,66.0,27.84,100.0,91.002,97.043,100.0,63.117,100.0,100.0,5.698,8.779,97.327,91.263,24.08,NORMAL
322,2026-06-04 08:30:00+00:00,8,3,0.866025,-0.5,0.433884,-0.900969,False,False,MORNING,6.0,11.0,15.0,31.0,41.0,306.0,0.65,0.0,0.0,8.98,4.418,84.59,8.69,84.591,86.907,15.41,1.31,9.67,11.15,92.401,100.0,7.07,4.66,15.27,2.11,43.447,4.86,100.0,38.691,False,,1.2,72.406,0.65,0.65,0.65,0.041,0.65,9.0,0.48,1.378,35.0,18.22,100.0,89.198,91.65,100.0,52.475,100.0,100.0,70.0,35.01,100.0,91.117,99.981,100.0,65.397,100.0,100.0,5.962,8.333,96.799,90.723,24.24,MODERATE
323,2026-06-04 08:45:00+00:00,8,3,0.866025,-0.5,0.433884,-0.900969,False,False,MORNING,3.0,9.0,16.0,29.0,44.0,307.0,0.0,0.06,0.0589,6.14,5.212,84.75,8.77,84.748,87.66,15.25,1.23,10.55,13.1,84.525,100.0,6.86,4.69,15.44,2.08,42.809,4.87,100.0,35.064,False,,0.0,71.172,-0.65,0.0,0.0,0.041,0.65,9.0,0.65,1.218,37.0,20.85,100.0,89.955,93.357,100.0,57.87,100.0,100.0,66.0,40.21,100.0,91.29,100.0,100.0,68.482,100.0,100.0,6.17,8.122,95.706,90.345,23.93,MODERATE
324,2026-06-04 09:00:00+00:00,9,3,0.707107,-0.707107,0.433884,-0.900969,False,False,MORNING,15.0,18.0,29.0,43.0,59.0,321.0,8.14,0.0,0.0,14.536,4.642,86.59,9.39,86.593,93.946,13.41,0.61,11.97,16.21,85.372,100.0,6.9,5.08,15.02,2.16,44.363,6.79,100.0,86.44,True,MASS_CASUALTY_INTAKE,11.3,78.287,8.14,7.49,8.14,0.549,8.14,21.0,2.73,3.732,39.0,27.71,100.0,90.882,100.0,100.0,60.082,100.0,100.0,63.0,37.46,100.0,91.381,100.0,100.0,70.377,100.0,100.0,6.329,5.892,94.682,90.556,23.93,MODERATE
325,2026-06-04 09:15:00+00:00,9,3,0.707107,-0.707107,0.433884,-0.900969,False,False,MORNING,12.0,27.0,36.0,54.0,70.0,331.0,13.92,0.99,0.0711,13.194,5.308,88.18,9.78,88.181,97.778,11.82,0.22,11.97,16.21,89.054,100.0,6.98,5.66,14.36,2.28,46.828,8.23,100.0,100.0,True,MASS_CASUALTY_INTAKE,21.2,83.765,5.779999999999999,13.92,13.92,1.419,13.92,27.0,3.85,5.538,29.0,27.84,100.0,91.002,97.043,100.0,63.117,100.0,100.0,67.0,39.74,100.0,91.253,100.0,100.0,73.617,100.0,100.0,6.268,7.314,94.672,90.296,23.93,MODERATE
326,2026-06-04 09:30:00+00:00,9,3,0.707107,-0.707107,0.433884,-0.900969,False,False,MORNING,10.0,22.0,40.0,61.0,80.0,337.0,18.22,1.69,0.0928,12.084,6.578,89.2,10.0,89.198,100.0,10.8,0.0,11.97,16.21,91.65,100.0,7.85,6.32,12.83,2.55,52.475,9.35,100.0,100.0,True,MASS_CASUALTY_INTAKE,30.4,88.005,4.299999999999999,10.079999999999998,17.57,2.558,18.22,25.0,4.49,6.892,31.0,35.01,100.0,91.117,99.981,100.0,65.397,100.0,100.0,68.0,45.98,100.0,91.47,100.0,100.0,76.673,100.0,100.0,6.364,7.25,94.11,90.131,24.41,HIGH
327,2026-06-04 09:45:00+00:00,9,3,0.707107,-0.707107,0.433884,-0.900969,False,False,MORNING,8.0,18.0,45.0,68.0,86.0,345.0,20.85,2.21,0.1062,11.38,7.589,89.96,10.0,89.955,100.0,10.04,0.0,11.97,16.21,93.357,100.0,8.68,6.95,11.38,2.81,57.87,10.15,100.0,100.0,True,MASS_CASUALTY_INTAKE,36.9,90.545,2.6300000000000026,6.9300000000000015,20.85,3.861,20.85,29.0,5.28,7.75,30.0,40.21,100.0,91.29,100.0,100.0,68.482,100.0,100.0,67.0,51.29,100.0,91.828,100.0,100.0,76.726,100.0,100.0,6.435,8.403,94.112,89.639,24.73,HIGH
328,2026-06-04 10:00:00+00:00,10,3,0.5,-0.866025,0.433884,-0.900969,False,False,MORNING,12.0,20.0,42.0,79.0,97.0,357.0,27.71,2.53,0.0914,10.904,6.496,90.88,10.0,90.882,100.0,9.12,0.0,11.4,14.95,100.0,100.0,8.52,7.71,10.78,2.92,60.082,11.59,100.0,100.0,True,MASS_CASUALTY_INTAKE,51.2,94.401,6.859999999999999,9.490000000000002,19.57,5.593,27.71,13.0,4.8,9.825,30.0,37.46,100.0,91.381,100.0,100.0,70.377,100.0,100.0,62.0,55.7,100.0,91.839,100.0,100.0,77.281,100.0,100.0,6.617,6.656,93.611,89.679,24.57,HIGH
329,2026-06-04 10:15:00+00:00,10,3,0.5,-0.866025,0.433884,-0.900969,False,False,MORNING,5.0,17.0,35.0,80.0,101.0,359.0,27.84,3.37,0.1209,10.32,9.448,91.0,10.0,91.002,100.0,9.0,0.0,11.97,16.21,97.043,100.0,8.71,8.33,9.96,3.07,63.117,11.91,100.0,100.0,True,MASS_CASUALTY_INTAKE,54.3,94.346,0.129999999999999,6.989999999999998,13.92,7.333,27.84,-1.0,3.68,9.938,37.0,39.74,100.0,91.253,100.0,100.0,73.617,100.0,100.0,59.0,60.0,100.0,91.909,100.0,100.0,79.247,100.0,100.0,6.61,8.344,93.486,89.258,24.89,HIGH
330,2026-06-04 10:30:00+00:00,10,3,0.5,-0.866025,0.433884,-0.900969,False,False,MORNING,12.0,17.0,37.0,92.0,112.0,369.0,35.01,3.38,0.0966,10.245,8.787,91.12,10.0,91.117,100.0,8.88,0.0,11.97,16.21,99.981,100.0,8.59,9.07,9.34,3.18,65.397,13.35,100.0,100.0,True,MASS_CASUALTY_INTAKE,68.8,94.929,7.169999999999998,7.299999999999997,16.79,9.521,35.01,-3.0,4.0,12.09,39.0,45.98,100.0,91.47,100.0,100.0,76.673,100.0,100.0,54.0,60.0,100.0,92.031,100.0,100.0,81.198,100.0,100.0,6.768,7.97,93.38,88.968,24.57,HIGH
331,2026-06-04 10:45:00+00:00,10,3,0.5,-0.866025,0.433884,-0.900969,False,False,MORNING,10.0,22.0,39.0,100.0,121.0,374.0,40.21,4.25,0.1058,10.172,8.703,91.29,10.0,91.29,100.0,8.71,0.0,11.97,16.21,100.0,100.0,8.84,9.65,8.51,3.33,68.482,14.47,100.0,100.0,True,MASS_CASUALTY_INTAKE,79.6,95.247,5.200000000000003,12.370000000000001,19.36,12.034,40.21,-6.0,4.32,13.67,36.0,51.29,100.0,91.828,100.0,100.0,76.726,100.0,100.0,50.0,60.0,100.0,92.025,100.0,100.0,80.94,100.0,100.0,6.877,5.75,93.275,89.26,24.25,CRITICAL
332,2026-06-04 11:00:00+00:00,11,3,0.258819,-0.965926,0.433884,-0.900969,False,False,MORNING,2.0,12.0,29.0,100.0,123.0,376.0,37.46,4.89,0.1304,10.064,8.863,91.38,10.0,91.381,100.0,8.62,0.0,10.93,13.93,100.0,100.0,8.88,10.12,8.0,3.42,70.377,14.31,100.0,100.0,True,MASS_CASUALTY_INTAKE,75.0,95.438,-2.75,2.450000000000003,9.75,14.376,40.21,-13.0,2.72,12.942,33.0,55.7,100.0,91.839,100.0,100.0,77.281,100.0,100.0,44.0,60.0,99.985,92.14,100.0,100.0,82.312,100.0,100.0,6.77,7.367,92.899,89.148,24.09,CRITICAL
333,2026-06-04 11:15:00+00:00,11,3,0.258819,-0.965926,0.433884,-0.900969,False,False,MORNING,7.0,9.0,31.0,102.0,128.0,378.0,39.74,4.55,0.1145,10.006,10.136,91.25,10.0,91.253,100.0,8.75,0.0,11.91,16.08,100.0,100.0,9.38,10.5,7.12,3.58,73.617,14.95,100.0,100.0,True,MASS_CASUALTY_INTAKE,80.0,95.701,2.280000000000001,-0.46999999999999886,11.900000000000002,16.859,40.21,-4.0,3.04,13.672,30.0,60.0,100.0,91.909,100.0,100.0,79.247,100.0,100.0,41.0,60.0,100.0,92.202,100.0,100.0,80.88,100.0,100.0,6.818,7.247,91.95,89.136,24.09,CRITICAL
334,2026-06-04 11:30:00+00:00,11,3,0.258819,-0.965926,0.433884,-0.900969,False,False,MORNING,11.0,18.0,30.0,107.0,138.0,386.0,45.98,4.83,0.105,10.087,8.664,91.47,10.0,91.47,100.0,8.53,0.0,11.97,16.21,100.0,100.0,9.9,10.8,6.3,3.73,76.673,16.23,100.0,100.0,True,MASS_CASUALTY_INTAKE,91.8,96.024,6.239999999999995,8.519999999999996,10.969999999999999,19.733,45.98,-7.0,2.88,15.552,29.0,60.0,100.0,92.031,100.0,100.0,81.198,100.0,100.0,36.0,60.0,100.0,92.657,100.0,100.0,80.042,100.0,100.0,6.839,6.739,92.059,89.15,24.25,CRITICAL
335,2026-06-04 11:45:00+00:00,11,3,0.258819,-0.965926,0.433884,-0.900969,False,False,MORNING,10.0,21.0,30.0,114.0,143.0,390.0,51.29,5.59,0.1089,9.95,7.769,91.83,10.0,91.828,100.0,8.17,0.0,11.41,14.99,100.0,100.0,9.68,11.04,6.28,3.73,76.726,17.36,100.0,100.0,True,MASS_CASUALTY_INTAKE,103.8,96.107,5.310000000000002,11.549999999999997,11.079999999999998,22.939,51.29,-9.0,2.89,17.162,31.0,60.0,100.0,92.025,100.0,100.0,80.94,100.0,100.0,32.0,60.0,100.0,92.607,100.0,100.0,81.079,100.0,100.0,6.832,8.172,91.303,88.891,24.26,CRITICAL
336,2026-06-04 12:00:00+00:00,12,3,0.0,-1.0,0.433884,-0.900969,False,False,MORNING,9.0,19.0,37.0,108.0,151.0,395.0,55.7,6.23,0.1119,9.724,9.165,91.84,10.0,91.839,100.0,8.16,0.0,11.97,16.21,100.0,100.0,9.63,11.23,6.13,3.76,77.281,18.32,100.0,100.0,True,MASS_CASUALTY_INTAKE,115.4,96.16,4.410000000000004,9.720000000000006,18.240000000000002,26.42,55.7,8.0,4.01,18.505,29.0,60.0,99.985,92.14,100.0,100.0,82.312,100.0,100.0,32.0,60.0,98.34,91.932,100.0,100.0,82.283,100.0,100.0,6.94,7.591,91.617,88.696,24.42,CRITICAL
337,2026-06-04 12:15:00+00:00,12,3,0.0,-1.0,0.433884,-0.900969,False,False,MORNING,9.0,18.0,39.0,105.0,159.0,403.0,60.0,6.77,0.1128,9.718,8.899,91.91,10.0,91.909,100.0,8.09,0.0,11.97,16.21,100.0,100.0,10.01,11.39,5.6,3.85,79.247,19.28,100.0,100.0,True,MASS_CASUALTY_INTAKE,124.4,96.352,4.299999999999997,8.71,20.259999999999998,30.17,60.0,8.0,4.33,19.82,29.0,60.0,100.0,92.202,100.0,100.0,80.88,100.0,100.0,28.0,60.0,97.327,91.263,100.0,100.0,80.752,100.0,100.0,7.007,5.938,92.142,88.911,24.42,CRITICAL
338,2026-06-04 12:30:00+00:00,12,3,0.0,-1.0,0.433884,-0.900969,False,False,MORNING,8.0,17.0,36.0,103.0,164.0,410.0,60.0,7.29,0.1215,9.674,8.486,92.03,10.0,92.031,100.0,7.97,0.0,11.57,15.34,100.0,100.0,10.42,11.51,5.08,3.95,81.198,20.08,100.0,100.0,True,MASS_CASUALTY_INTAKE,124.9,96.555,0.0,4.299999999999997,14.020000000000003,33.879,60.0,6.0,3.85,20.02,25.0,60.0,100.0,92.657,100.0,100.0,80.042,100.0,100.0,29.0,60.0,96.799,90.723,100.0,100.0,80.888,100.0,100.0,6.918,7.281,92.463,88.788,24.74,CRITICAL
339,2026-06-04 12:45:00+00:00,12,3,0.0,-1.0,0.433884,-0.900969,False,False,MORNING,7.0,15.0,33.0,102.0,170.0,415.0,60.0,7.29,0.1215,9.597,8.876,92.03,10.0,92.025,100.0,7.97,0.0,11.88,16.01,100.0,100.0,10.25,11.61,5.15,3.93,80.94,20.72,100.0,100.0,True,MASS_CASUALTY_INTAKE,125.9,96.53,0.0,0.0,8.71,37.629,60.0,3.0,3.36,20.18,19.0,60.0,100.0,92.607,100.0,100.0,81.079,100.0,100.0,26.0,57.33,95.706,90.345,100.0,100.0,81.89,100.0,100.0,6.958,4.187,92.566,89.471,24.26,CRITICAL
340,2026-06-04 13:00:00+00:00,13,3,-0.258819,-0.965926,0.433884,-0.900969,False,False,MORNING,6.0,13.0,30.0,96.0,175.0,417.0,60.0,7.29,0.1215,9.6,9.149,92.14,10.0,92.14,99.985,7.86,0.0,10.81,13.66,100.0,100.0,10.54,11.69,4.78,4.0,82.312,21.2,100.0,100.0,True,MASS_CASUALTY_INTAKE,125.9,96.676,0.0,0.0,4.299999999999997,40.871,60.0,-7.0,2.88,20.3,15.0,60.0,98.34,91.932,100.0,100.0,82.283,100.0,100.0,26.0,56.56,94.682,90.556,100.0,100.0,81.135,100.0,100.0,6.704,7.114,91.979,89.427,24.26,CRITICAL
341,2026-06-04 13:15:00+00:00,13,3,-0.258819,-0.965926,0.433884,-0.900969,False,False,MORNING,8.0,14.0,29.0,99.0,179.0,425.0,60.0,7.29,0.1215,9.529,8.707,92.2,10.0,92.202,100.0,7.8,0.0,11.97,16.21,100.0,100.0,10.09,11.75,5.16,3.93,80.88,22.0,100.0,100.0,True,MASS_CASUALTY_INTAKE,126.8,96.564,0.0,0.0,0.0,43.751,60.0,-10.0,2.72,20.5,12.0,60.0,97.327,91.263,100.0,100.0,80.752,100.0,100.0,25.0,55.83,94.672,90.296,100.0,100.0,79.238,100.0,100.0,6.73,6.828,91.946,89.406,24.1,CRITICAL
342,2026-06-04 13:30:00+00:00,13,3,-0.258819,-0.965926,0.433884,-0.900969,False,False,MORNING,10.0,18.0,31.0,97.0,189.0,430.0,60.0,7.29,0.1215,9.489,7.38,92.66,10.0,92.657,100.0,7.34,0.0,11.66,15.53,100.0,100.0,9.81,11.8,5.39,3.89,80.042,23.12,100.0,100.0,True,MASS_CASUALTY_INTAKE,127.3,96.588,0.0,0.0,0.0,46.362,60.0,-5.0,3.04,20.78,11.0,60.0,96.799,90.723,100.0,100.0,80.888,100.0,100.0,25.0,58.04,94.11,90.131,100.0,100.0,80.155,100.0,100.0,6.739,7.463,91.523,89.268,24.1,CRITICAL
343,2026-06-04 13:45:00+00:00,13,3,-0.258819,-0.965926,0.433884,-0.900969,False,False,MORNING,5.0,15.0,29.0,92.0,192.0,434.0,60.0,7.29,0.1215,9.203,9.058,92.61,10.0,92.607,100.0,7.39,0.0,11.92,16.1,100.0,100.0,10.05,11.84,5.11,3.94,81.079,23.44,100.0,100.0,True,MASS_CASUALTY_INTAKE,131.3,96.671,0.0,0.0,0.0,48.809,60.0,-4.0,2.72,20.86,13.0,57.33,95.706,90.345,100.0,100.0,81.89,100.0,100.0,23.0,59.21,94.112,89.639,100.0,100.0,79.847,100.0,100.0,6.797,6.885,91.348,89.263,24.42,CRITICAL
344,2026-06-04 14:00:00+00:00,14,3,-0.5,-0.866025,0.433884,-0.900969,False,False,EVENING,6.0,11.0,29.0,96.0,196.0,435.0,60.0,5.4,0.09,5.42,8.783,91.93,9.83,91.932,98.34,8.07,0.17,10.26,13.77,100.0,100.0,10.35,11.87,4.78,4.0,82.283,23.92,100.0,100.0,False,,176.7,96.299,0.0,0.0,0.0,50.827,60.0,-1.0,2.72,20.98,17.0,56.56,94.682,90.556,100.0,100.0,81.135,100.0,100.0,21.0,57.27,93.611,89.679,100.0,100.0,78.862,100.0,100.0,6.802,7.982,91.098,88.993,24.58,CRITICAL
345,2026-06-04 14:15:00+00:00,14,3,-0.5,-0.866025,0.433884,-0.900969,False,False,EVENING,4.0,10.0,25.0,93.0,195.0,437.0,60.0,5.4,0.09,5.698,8.779,91.26,9.73,91.263,97.327,8.74,0.27,10.26,13.77,100.0,100.0,9.91,11.9,5.2,3.92,80.752,24.08,100.0,100.0,False,,168.1,95.811,0.0,0.0,0.0,52.837,60.0,-4.0,2.08,21.02,16.0,55.83,94.672,90.296,100.0,100.0,79.238,100.0,100.0,23.0,58.34,93.486,89.258,100.0,100.0,78.493,100.0,100.0,6.906,8.631,91.167,88.555,24.58,CRITICAL
346,2026-06-04 14:30:00+00:00,14,3,-0.5,-0.866025,0.433884,-0.900969,False,False,EVENING,4.0,8.0,19.0,86.0,193.0,434.0,60.0,5.4,0.09,5.962,8.333,90.72,9.68,90.723,96.799,9.28,0.32,10.26,13.77,100.0,100.0,9.92,11.92,5.16,3.93,80.888,24.24,100.0,100.0,False,,160.6,95.599,0.0,0.0,0.0,54.399,60.0,-12.0,1.12,21.06,18.0,58.04,94.11,90.131,100.0,100.0,80.155,100.0,100.0,21.0,55.31,93.38,88.968,100.0,100.0,78.635,100.0,100.0,7.067,6.05,90.793,88.846,25.54,CRITICAL
347,2026-06-04 14:45:00+00:00,14,3,-0.5,-0.866025,0.433884,-0.900969,False,False,EVENING,1.0,5.0,15.0,77.0,191.0,433.0,57.33,5.4,0.0942,6.17,8.122,90.34,9.57,90.345,95.706,9.66,0.43,9.45,12.0,100.0,100.0,10.18,11.93,4.89,3.98,81.89,23.93,100.0,100.0,False,,148.3,95.387,-2.6700000000000017,-2.6700000000000017,-2.6700000000000017,55.469,60.0,-14.0,0.49,20.315,13.0,59.21,94.112,89.639,100.0,100.0,79.847,100.0,100.0,25.0,52.22,93.275,89.26,100.0,100.0,79.49,100.0,100.0,6.965,8.621,90.597,88.452,25.7,CRITICAL
348,2026-06-04 15:00:00+00:00,15,3,-0.707107,-0.707107,0.433884,-0.900969,False,False,EVENING,3.0,4.0,12.0,71.0,179.0,431.0,56.56,5.16,0.0912,6.329,5.892,90.56,9.47,90.556,94.682,9.44,0.53,10.26,13.77,100.0,100.0,9.96,11.95,5.09,3.94,81.135,23.93,100.0,100.0,False,,142.6,95.161,-0.769999999999996,-3.4399999999999977,-3.4399999999999977,56.662,60.0,-17.0,0.01,20.123,9.0,57.27,93.611,89.679,100.0,100.0,78.862,100.0,100.0,24.0,50.19,92.899,89.148,100.0,100.0,77.732,100.0,100.0,7.114,5.653,90.723,88.805,26.19,CRITICAL
349,2026-06-04 15:15:00+00:00,15,3,-0.707107,-0.707107,0.433884,-0.900969,False,False,EVENING,3.0,6.0,11.0,65.0,170.0,430.0,55.83,5.09,0.0912,6.268,7.314,90.3,9.47,90.296,94.672,9.7,0.53,10.26,13.77,100.0,100.0,9.44,11.96,5.61,3.85,79.238,23.93,100.0,100.0,False,,142.2,94.931,-0.730000000000004,-1.5,-4.170000000000002,57.668,60.0,-14.0,-0.15,19.94,9.0,58.34,93.486,89.258,100.0,100.0,78.493,100.0,100.0,25.0,49.13,91.95,89.136,100.0,100.0,77.15,100.0,100.0,6.982,7.345,91.717,88.614,26.35,HIGH
350,2026-06-04 15:30:00+00:00,15,3,-0.707107,-0.707107,0.433884,-0.900969,False,False,EVENING,6.0,9.0,13.0,63.0,166.0,433.0,58.04,5.02,0.0866,6.364,7.25,90.13,9.41,90.131,94.11,9.87,0.59,10.26,13.77,100.0,100.0,9.68,11.97,5.36,3.9,80.155,24.41,100.0,100.0,False,,145.6,94.865,2.210000000000001,1.4799999999999969,-1.9600000000000009,58.422,60.0,-6.0,0.17,20.612,7.0,55.31,93.38,88.968,100.0,100.0,78.635,100.0,100.0,24.0,49.06,92.059,89.15,100.0,100.0,76.076,100.0,100.0,7.035,7.172,92.634,88.488,26.35,HIGH
351,2026-06-04 15:45:00+00:00,15,3,-0.707107,-0.707107,0.433884,-0.900969,False,False,EVENING,5.0,11.0,17.0,61.0,163.0,435.0,59.21,5.22,0.0882,6.435,8.403,89.64,9.41,89.639,94.112,10.36,0.59,10.26,13.77,100.0,100.0,9.59,11.97,5.44,3.88,79.847,24.73,100.0,100.0,False,,146.9,94.729,1.1700000000000017,3.3800000000000026,1.8800000000000026,58.917,60.0,2.0,0.8,20.985,10.0,52.22,93.275,89.26,100.0,100.0,79.49,100.0,100.0,23.0,47.99,91.303,88.891,100.0,100.0,74.048,100.0,100.0,7.066,7.407,92.185,88.448,26.03,HIGH
352,2026-06-04 16:00:00+00:00,16,3,-0.866025,-0.5,0.433884,-0.900969,False,False,EVENING,2.0,7.0,16.0,57.0,153.0,434.0,57.27,5.33,0.093,6.617,6.656,89.68,9.36,89.679,93.611,10.32,0.64,10.26,13.77,100.0,100.0,9.31,11.98,5.71,3.83,78.862,24.57,100.0,100.0,False,,138.1,94.549,-1.9399999999999977,-0.769999999999996,0.7100000000000009,59.015,60.0,4.0,0.64,20.46,12.0,50.19,92.899,89.148,100.0,100.0,77.732,100.0,100.0,25.0,47.86,91.617,88.696,100.0,100.0,71.56,100.0,100.0,7.089,7.804,91.896,88.298,26.35,HIGH
353,2026-06-04 16:15:00+00:00,16,3,-0.866025,-0.5,0.433884,-0.900969,False,False,EVENING,5.0,7.0,18.0,54.0,153.0,433.0,58.34,5.15,0.0884,6.61,8.344,89.26,9.35,89.258,93.486,10.74,0.65,9.6,12.32,100.0,100.0,9.21,11.98,5.81,3.81,78.493,24.89,100.0,100.0,False,,140.9,94.398,1.0700000000000003,-0.8699999999999974,2.510000000000005,58.911,60.0,7.0,0.96,20.808,14.0,49.13,91.95,89.136,100.0,100.0,77.15,100.0,100.0,25.0,46.69,92.142,88.911,100.0,100.0,73.984,100.0,100.0,7.149,6.404,92.212,88.453,26.67,HIGH
354,2026-06-04 16:30:00+00:00,16,3,-0.866025,-0.5,0.433884,-0.900969,False,False,EVENING,1.0,6.0,13.0,45.0,142.0,431.0,55.31,5.25,0.0949,6.768,7.97,88.97,9.34,88.968,93.38,11.03,0.66,10.26,13.77,100.0,100.0,9.25,11.99,5.77,3.82,78.635,24.57,100.0,100.0,False,,130.4,94.326,-3.030000000000001,-1.9600000000000009,-2.729999999999997,58.618,60.0,0.0,0.16,19.97,14.0,49.06,92.059,89.15,100.0,100.0,76.076,100.0,100.0,25.0,47.57,92.463,88.788,100.0,100.0,74.686,100.0,100.0,7.087,6.926,93.106,88.404,26.19,HIGH
355,2026-06-04 16:45:00+00:00,16,3,-0.866025,-0.5,0.433884,-0.900969,False,False,EVENING,1.0,2.0,9.0,41.0,133.0,431.0,52.22,4.98,0.0953,6.877,5.75,89.26,9.33,89.26,93.275,10.74,0.67,10.26,13.77,100.0,100.0,9.47,11.99,5.54,3.86,79.49,24.25,100.0,100.0,False,,121.2,94.446,-3.0900000000000034,-6.1200000000000045,-6.990000000000002,58.132,60.0,-8.0,-0.48,19.118,15.0,47.99,91.303,88.891,100.0,100.0,74.048,100.0,100.0,29.0,43.43,92.566,89.471,100.0,100.0,76.19,100.0,100.0,7.09,7.716,92.926,88.265,25.71,HIGH
356,2026-06-04 17:00:00+00:00,17,3,-0.965926,-0.258819,0.433884,-0.900969,False,False,EVENING,2.0,3.0,9.0,37.0,133.0,428.0,50.19,4.7,0.0936,6.77,7.367,89.15,9.29,89.148,92.899,10.85,0.71,10.26,13.77,100.0,100.0,9.0,11.99,6.01,3.78,77.732,24.09,100.0,100.0,False,,118.3,94.188,-2.030000000000001,-5.1200000000000045,-7.080000000000005,57.519,60.0,-7.0,-0.48,18.57,12.0,47.86,91.617,88.696,100.0,100.0,71.56,100.0,100.0,33.0,42.44,91.979,89.427,100.0,100.0,75.735,100.0,100.0,7.144,6.864,92.628,88.365,25.55,HIGH
357,2026-06-04 17:15:00+00:00,17,3,-0.965926,-0.258819,0.433884,-0.900969,False,False,EVENING,3.0,5.0,7.0,36.0,129.0,430.0,49.13,4.52,0.0919,6.818,7.247,89.14,9.2,89.136,91.95,10.86,0.8,10.26,13.77,100.0,100.0,8.84,11.99,6.17,3.75,77.15,24.09,100.0,100.0,False,,115.0,93.943,-1.0599999999999952,-3.0899999999999963,-9.21,56.839,60.0,-11.0,-0.8,18.305,11.0,46.69,92.142,88.911,100.0,100.0,73.984,100.0,100.0,36.0,40.43,91.946,89.406,100.0,100.0,76.844,100.0,100.0,7.112,5.135,92.634,88.859,25.23,HIGH
358,2026-06-04 17:30:00+00:00,17,3,-0.965926,-0.258819,0.433884,-0.900969,False,False,EVENING,4.0,7.0,10.0,36.0,122.0,431.0,49.06,4.42,0.0901,6.839,6.739,89.15,9.21,89.15,92.059,10.85,0.79,9.23,11.5,100.0,100.0,8.55,11.99,6.46,3.7,76.076,24.25,100.0,100.0,False,,114.5,93.872,-0.07000000000000028,-1.1299999999999955,-6.25,56.156,60.0,-3.0,-0.32,18.328,10.0,47.57,92.463,88.788,100.0,100.0,74.686,100.0,100.0,38.0,39.42,91.523,89.268,100.0,100.0,76.175,100.0,100.0,6.93,8.02,92.78,88.572,24.91,HIGH
359,2026-06-04 17:45:00+00:00,17,3,-0.965926,-0.258819,0.433884,-0.900969,False,False,EVENING,3.0,7.0,12.0,38.0,115.0,433.0,47.99,4.42,0.092,6.832,8.172,88.89,9.13,88.891,91.303,11.11,0.87,10.26,13.77,100.0,100.0,8.0,12.0,7.01,3.6,74.048,24.26,100.0,100.0,False,,112.1,93.481,-1.0700000000000003,-1.1400000000000006,-4.229999999999997,55.405,60.0,3.0,0.01,18.062,8.0,43.43,92.566,89.471,100.0,100.0,76.19,100.0,100.0,38.0,40.38,91.348,89.263,100.0,100.0,75.635,100.0,100.0,7.033,7.746,93.306,88.341,24.43,HIGH
360,2026-06-04 18:00:00+00:00,18,3,-1.0,-0.0,0.433884,-0.900969,False,False,EVENING,4.0,7.0,14.0,39.0,110.0,435.0,47.86,4.32,0.0902,6.94,7.591,88.7,9.16,88.696,91.617,11.3,0.84,10.26,13.77,100.0,100.0,7.32,12.0,7.68,3.48,71.56,24.42,100.0,100.0,False,,110.1,93.277,-0.13000000000000256,-1.2000000000000028,-2.3299999999999983,54.646,60.0,5.0,0.33,18.07,13.0,42.44,91.979,89.427,100.0,100.0,75.735,100.0,100.0,34.0,40.33,91.098,88.993,100.0,100.0,76.484,100.0,100.0,7.11,6.1,93.065,88.617,24.12,HIGH
361,2026-06-04 18:15:00+00:00,18,3,-1.0,-0.0,0.433884,-0.900969,False,False,EVENING,3.0,7.0,14.0,39.0,104.0,436.0,46.69,4.31,0.0923,7.007,5.938,88.91,9.21,88.911,92.142,11.09,0.79,10.26,13.77,100.0,100.0,7.98,12.0,7.02,3.6,73.984,24.42,100.0,100.0,False,,106.4,93.647,-1.1700000000000017,-1.3000000000000043,-2.440000000000005,53.814,60.0,7.0,0.33,17.778,14.0,40.43,91.946,89.406,100.0,100.0,76.844,100.0,100.0,35.0,39.22,91.167,88.555,100.0,100.0,76.323,100.0,100.0,7.012,5.681,91.94,89.063,23.8,HIGH
362,2026-06-04 18:30:00+00:00,18,3,-1.0,-0.0,0.433884,-0.900969,False,False,EVENING,5.0,8.0,15.0,38.0,101.0,439.0,47.57,4.2,0.0883,6.918,7.281,88.79,9.25,88.788,92.463,11.21,0.75,10.26,13.77,100.0,100.0,8.17,12.0,6.83,3.63,74.686,24.74,100.0,100.0,False,,109.7,93.748,0.8800000000000026,-0.28999999999999915,-1.490000000000002,53.038,59.21,5.0,0.49,18.078,15.0,39.42,91.523,89.268,100.0,100.0,76.175,100.0,100.0,37.0,44.01,90.793,88.846,100.0,100.0,76.491,100.0,100.0,6.866,6.268,92.622,89.144,23.32,HIGH
363,2026-06-04 18:45:00+00:00,18,3,-1.0,-0.0,0.433884,-0.900969,False,False,EVENING,0.0,5.0,12.0,33.0,94.0,436.0,43.43,4.28,0.0986,6.958,4.187,89.47,9.26,89.471,92.566,10.53,0.74,10.26,13.77,100.0,100.0,8.57,12.0,6.43,3.7,76.19,24.26,100.0,100.0,False,,99.6,94.054,-4.140000000000001,-3.259999999999998,-4.560000000000002,52.169,59.21,0.0,0.0,16.922,21.0,40.38,91.348,89.263,100.0,100.0,75.635,100.0,100.0,28.0,43.86,90.597,88.452,100.0,100.0,77.575,100.0,100.0,6.824,5.635,92.872,89.416,22.84,HIGH
364,2026-06-04 19:00:00+00:00,19,3,-0.965926,0.258819,0.433884,-0.900969,False,False,EVENING,3.0,3.0,11.0,34.0,91.0,434.0,42.44,3.91,0.0921,6.704,7.114,89.43,9.2,89.427,91.979,10.57,0.8,10.26,13.77,100.0,100.0,8.45,12.0,6.55,3.68,75.735,24.26,100.0,100.0,False,,101.0,93.886,-0.990000000000002,-5.130000000000003,-5.420000000000002,51.286,59.21,-3.0,-0.16,16.675,20.0,40.33,91.098,88.993,100.0,100.0,76.484,100.0,100.0,24.0,45.63,90.723,88.805,100.0,100.0,76.486,100.0,100.0,6.72,7.715,92.498,89.205,22.36,HIGH
365,2026-06-04 19:15:00+00:00,19,3,-0.965926,0.258819,0.433884,-0.900969,False,False,EVENING,2.0,5.0,10.0,31.0,85.0,435.0,40.43,3.82,0.0945,6.73,6.828,89.41,9.19,89.406,91.946,10.59,0.81,9.91,13.0,100.0,100.0,8.75,12.0,6.25,3.73,76.844,24.1,100.0,100.0,False,,95.9,93.974,-2.009999999999998,-3.0,-6.259999999999998,50.324,59.21,-4.0,-0.32,16.132,22.0,39.22,91.167,88.555,100.0,100.0,76.323,100.0,100.0,20.0,45.47,91.717,88.614,100.0,100.0,77.989,100.0,100.0,6.804,6.902,91.869,89.243,22.36,HIGH
366,2026-06-04 19:30:00+00:00,19,3,-0.965926,0.258819,0.433884,-0.900969,False,False,EVENING,3.0,5.0,8.0,33.0,78.0,434.0,39.42,3.64,0.0923,6.739,7.463,89.27,9.15,89.268,91.523,10.73,0.85,9.03,11.06,100.0,100.0,8.57,12.0,6.43,3.7,76.175,24.1,100.0,100.0,False,,93.4,93.799,-1.009999999999998,-3.019999999999996,-8.149999999999999,49.16,59.21,-7.0,-0.64,15.88,23.0,44.01,90.793,88.846,100.0,100.0,76.491,100.0,100.0,17.0,44.29,92.634,88.488,100.0,100.0,79.531,100.0,100.0,4.646,7.312,89.795,88.784,22.04,HIGH
367,2026-06-04 19:45:00+00:00,19,3,-0.965926,0.258819,0.433884,-0.900969,False,False,EVENING,5.0,8.0,13.0,37.0,78.0,435.0,40.38,3.55,0.0879,6.797,6.885,89.26,9.13,89.263,91.348,10.74,0.87,10.26,13.77,100.0,100.0,8.42,12.0,6.58,3.68,75.635,24.42,100.0,100.0,False,,94.8,93.715,0.9600000000000009,-0.04999999999999716,-3.049999999999997,47.983,58.34,1.0,0.16,16.2,17.0,43.86,90.597,88.452,100.0,100.0,77.575,100.0,100.0,15.0,41.08,92.185,88.448,100.0,100.0,80.337,100.0,100.0,0.0,7.512,88.086,87.077,21.56,HIGH
368,2026-06-04 20:00:00+00:00,20,3,-0.866025,0.5,0.433884,-0.900969,False,False,EVENING,4.0,9.0,14.0,39.0,76.0,437.0,40.33,3.63,0.0901,6.802,7.982,88.99,9.11,88.993,91.098,11.01,0.89,9.61,12.35,100.0,100.0,8.65,12.0,6.35,3.72,76.484,24.58,100.0,100.0,False,,94.6,93.682,-0.05000000000000426,0.9099999999999966,-2.1099999999999994,46.924,58.34,3.0,0.32,16.228,14.0,45.63,90.723,88.805,100.0,100.0,76.486,100.0,100.0,14.0,41.86,91.896,88.298,100.0,100.0,78.799,100.0,100.0,3.36,5.154,86.72,86.765,21.4,HIGH
369,2026-06-04 20:15:00+00:00,20,3,-0.866025,0.5,0.433884,-0.900969,False,False,EVENING,3.0,7.0,15.0,39.0,75.0,434.0,39.22,3.63,0.0925,6.906,8.631,88.55,9.12,88.555,91.167,11.45,0.88,9.64,12.41,100.0,100.0,8.61,12.0,6.39,3.71,76.323,24.58,100.0,100.0,False,,90.6,93.585,-1.1099999999999994,-1.1600000000000037,-1.2100000000000009,45.729,55.31,5.0,0.48,15.95,13.0,45.47,91.717,88.614,100.0,100.0,77.989,100.0,100.0,10.0,42.6,92.212,88.453,100.0,100.0,80.036,100.0,100.0,0.0,6.384,84.126,85.428,20.92,HIGH
370,2026-06-04 20:30:00+00:00,20,3,-0.866025,0.5,0.433884,-0.900969,False,False,EVENING,9.0,12.0,21.0,44.0,80.0,439.0,44.01,3.53,0.0802,7.067,6.05,88.85,9.08,88.846,90.793,11.15,0.92,9.33,11.73,100.0,100.0,8.65,12.0,6.35,3.72,76.491,25.54,100.0,100.0,False,,99.4,93.589,4.789999999999999,3.6799999999999997,4.589999999999996,45.023,52.22,13.0,1.44,17.388,14.0,44.29,92.634,88.488,100.0,100.0,79.531,100.0,100.0,6.0,38.39,93.106,88.404,100.0,100.0,79.62,100.0,100.0,1.68,4.878,82.523,84.789,20.6,HIGH
371,2026-06-04 20:45:00+00:00,20,3,-0.866025,0.5,0.433884,-0.900969,False,False,EVENING,4.0,13.0,20.0,45.0,83.0,439.0,43.86,3.96,0.0903,6.965,8.621,88.45,9.06,88.452,90.597,11.55,0.94,10.26,13.77,100.0,100.0,8.95,12.0,6.05,3.77,77.575,25.7,100.0,100.0,False,,100.5,93.561,-0.14999999999999858,4.640000000000001,3.479999999999997,44.501,50.19,7.0,1.28,17.39,11.0,41.08,92.185,88.448,100.0,100.0,80.337,100.0,100.0,6.0,34.17,92.926,88.265,100.0,100.0,78.311,100.0,100.0,0.0,3.741,79.991,84.107,20.12,HIGH
372,2026-06-04 21:00:00+00:00,21,3,-0.707107,0.707107,0.433884,-0.900969,False,False,EVENING,6.0,10.0,22.0,47.0,86.0,435.0,45.63,3.95,0.0865,7.114,5.653,88.8,9.07,88.805,90.723,11.2,0.93,10.21,13.67,100.0,100.0,8.65,12.0,6.35,3.72,76.486,26.19,100.0,100.0,False,,102.4,93.565,1.7700000000000031,1.6200000000000045,5.300000000000004,44.216,49.13,8.0,1.61,17.955,10.0,41.86,91.896,88.298,100.0,100.0,78.799,100.0,100.0,6.0,31.91,92.628,88.365,100.0,100.0,78.827,100.0,100.0,1.68,3.784,78.796,83.7,19.81,HIGH
373,2026-06-04 21:15:00+00:00,21,3,-0.707107,0.707107,0.433884,-0.900969,False,False,EVENING,4.0,10.0,23.0,48.0,87.0,436.0,45.47,4.11,0.0903,6.982,7.345,88.61,9.17,88.614,91.717,11.39,0.83,9.96,13.11,100.0,100.0,9.06,12.0,5.94,3.79,77.989,26.35,100.0,100.0,False,,104.0,93.857,-0.1600000000000037,1.6099999999999994,6.25,43.987,49.06,8.0,1.77,17.955,7.0,42.6,92.212,88.453,100.0,100.0,80.036,100.0,100.0,4.0,28.68,92.634,88.859,100.0,100.0,76.57,100.0,100.0,1.68,5.265,78.649,82.819,19.49,HIGH
374,2026-06-04 21:30:00+00:00,21,3,-0.707107,0.707107,0.433884,-0.900969,False,False,EVENING,3.0,7.0,17.0,46.0,84.0,430.0,44.29,4.09,0.0924,7.035,7.172,88.49,9.26,88.488,92.634,11.51,0.74,9.49,12.08,100.0,100.0,9.47,12.0,5.53,3.87,79.531,26.35,100.0,100.0,False,,100.5,94.152,-1.1799999999999997,-1.3400000000000034,0.28000000000000114,43.689,47.99,-4.0,0.81,17.66,3.0,38.39,93.106,88.404,100.0,100.0,79.62,100.0,100.0,6.0,25.56,92.78,88.572,100.0,100.0,74.435,100.0,100.0,1.68,2.899,78.023,82.577,19.17,HIGH
375,2026-06-04 21:45:00+00:00,21,3,-0.707107,0.707107,0.433884,-0.900969,False,False,EVENING,1.0,4.0,14.0,47.0,80.0,415.0,41.08,3.99,0.097,7.066,7.407,88.45,9.22,88.448,92.185,11.55,0.78,10.26,13.77,100.0,100.0,9.69,12.0,5.31,3.9,80.337,26.03,100.0,100.0,False,,92.8,94.126,-3.210000000000001,-4.390000000000001,-2.780000000000001,43.257,47.86,-6.0,0.33,16.778,4.0,34.17,92.926,88.265,100.0,100.0,78.311,100.0,100.0,6.0,21.37,93.306,88.341,100.0,100.0,71.074,100.0,100.0,1.68,3.31,77.792,82.192,18.85,HIGH
376,2026-06-04 22:00:00+00:00,22,3,-0.5,0.866025,0.433884,-0.900969,False,False,NIGHT,5.0,6.0,13.0,49.0,83.0,414.0,41.86,3.7,0.0883,7.089,7.804,88.3,9.19,88.298,91.896,11.7,0.81,6.27,10.71,100.0,100.0,9.28,12.0,5.72,3.83,78.799,26.35,100.0,100.0,False,,94.2,93.897,0.7800000000000011,-2.4299999999999997,-3.770000000000003,42.882,47.57,-9.0,0.16,17.053,4.0,31.91,92.628,88.365,100.0,100.0,78.827,100.0,100.0,6.0,18.14,93.065,88.617,100.0,100.0,70.721,100.0,100.0,0.0,3.535,76.355,81.452,18.37,HIGH
377,2026-06-04 22:15:00+00:00,22,3,-0.5,0.866025,0.433884,-0.900969,False,False,NIGHT,5.0,10.0,14.0,52.0,83.0,411.0,42.6,3.77,0.0884,7.149,6.404,88.45,9.22,88.453,92.212,11.55,0.78,6.27,10.71,100.0,100.0,9.61,12.0,5.39,3.89,80.036,26.67,100.0,100.0,False,,95.1,94.105,0.740000000000002,1.5200000000000031,-2.8699999999999974,42.626,47.57,-9.0,0.32,17.318,3.0,28.68,92.634,88.859,100.0,100.0,76.57,100.0,100.0,7.0,14.96,91.94,89.063,100.0,100.0,68.841,100.0,100.0,1.68,3.859,76.427,80.9,18.05,HIGH
378,2026-06-04 22:30:00+00:00,22,3,-0.5,0.866025,0.433884,-0.900969,False,False,NIGHT,0.0,5.0,11.0,49.0,82.0,400.0,38.39,3.83,0.0999,7.087,6.926,88.4,9.31,88.404,93.106,11.6,0.69,6.27,10.71,100.0,100.0,9.5,12.0,5.5,3.87,79.62,26.19,100.0,100.0,False,,86.5,94.236,-4.210000000000001,-3.469999999999999,-5.899999999999999,42.052,45.63,-6.0,-0.16,16.145,3.0,25.56,92.78,88.572,100.0,100.0,74.435,100.0,100.0,6.0,10.88,92.622,89.144,100.0,100.0,66.873,100.0,100.0,0.0,3.819,75.541,80.034,17.57,HIGH
379,2026-06-04 22:45:00+00:00,22,3,-0.5,0.866025,0.433884,-0.900969,False,False,NIGHT,0.0,0.0,10.0,44.0,81.0,391.0,34.17,3.45,0.1011,7.09,7.716,88.27,9.29,88.265,92.926,11.73,0.71,6.26,10.69,100.0,100.0,9.29,11.85,5.86,3.81,78.311,25.71,100.0,100.0,False,,76.9,94.051,-4.219999999999999,-8.43,-6.909999999999997,41.474,45.63,-4.0,-0.32,14.97,2.0,21.37,93.306,88.341,100.0,100.0,71.074,100.0,100.0,7.0,6.82,92.872,89.416,100.0,100.0,64.427,100.0,78.04,0.0,0.734,74.885,79.916,17.09,HIGH
380,2026-06-04 23:00:00+00:00,23,3,-0.258819,0.965926,0.433884,-0.900969,False,False,NIGHT,2.0,2.0,7.0,42.0,81.0,386.0,31.91,3.07,0.0964,7.144,6.864,88.37,9.26,88.365,92.628,11.63,0.74,6.27,10.71,100.0,100.0,9.63,11.65,5.72,3.83,78.827,25.55,100.0,100.0,False,,71.3,94.06,-2.2600000000000016,-6.48,-9.95,40.816,45.63,-6.0,-0.8,14.365,2.0,18.14,93.065,88.617,100.0,100.0,70.721,100.0,100.0,7.0,2.82,92.498,89.205,100.0,100.0,61.154,100.0,53.891,5.04,3.403,76.093,80.205,17.09,HIGH
381,2026-06-04 23:15:00+00:00,23,3,-0.258819,0.965926,0.433884,-0.900969,False,False,NIGHT,1.0,3.0,3.0,40.0,79.0,381.0,28.68,2.87,0.1001,7.112,5.135,88.86,9.26,88.859,92.634,11.14,0.74,6.27,10.71,100.0,100.0,9.3,11.37,6.33,3.72,76.57,25.23,100.0,100.0,False,,64.4,93.967,-3.2300000000000004,-5.490000000000002,-13.920000000000002,40.081,45.63,-11.0,-1.44,13.478,1.0,14.96,91.94,89.063,100.0,100.0,68.841,100.0,100.0,8.0,1.77,91.869,89.243,100.0,100.0,57.418,100.0,47.34,5.04,1.652,77.2,80.941,17.09,HIGH
382,2026-06-04 23:30:00+00:00,23,3,-0.258819,0.965926,0.433884,-0.900969,False,False,NIGHT,1.0,2.0,4.0,32.0,76.0,375.0,25.56,2.58,0.101,6.93,8.02,88.57,9.28,88.572,92.78,11.43,0.72,6.27,10.71,100.0,100.0,9.06,11.04,6.9,3.62,74.435,24.91,100.0,100.0,False,,58.9,93.741,-3.120000000000001,-6.350000000000001,-12.830000000000002,39.215,45.63,-7.0,-1.28,12.618,3.0,10.88,92.622,89.144,100.0,100.0,66.873,100.0,100.0,6.0,0.0,89.795,88.784,100.0,100.0,56.681,100.0,35.918,0.0,2.449,76.431,80.406,16.61,HIGH
383,2026-06-04 23:45:00+00:00,23,3,-0.258819,0.965926,0.433884,-0.900969,False,False,NIGHT,0.0,1.0,4.0,28.0,73.0,369.0,21.37,2.3,0.1076,7.033,7.746,88.34,9.33,88.341,93.306,11.66,0.67,6.27,10.71,100.0,100.0,8.56,10.63,7.81,3.45,71.074,24.43,100.0,100.0,False,,48.5,91.17,-4.189999999999998,-7.309999999999999,-12.8,38.027,45.63,-6.0,-1.28,11.45,4.0,6.82,92.872,89.416,100.0,100.0,64.427,100.0,78.04,6.0,0.0,88.086,87.077,100.0,100.0,53.687,100.0,35.234,1.68,2.308,77.145,80.177,16.29,HIGH
384,2026-06-05 00:00:00+00:00,0,4,0.0,1.0,-0.433884,-0.900969,False,False,NIGHT,1.0,1.0,3.0,23.0,70.0,367.0,18.14,1.92,0.106,7.11,6.1,88.62,9.31,88.617,93.065,11.38,0.69,5.87,9.83,100.0,100.0,8.92,10.18,7.91,3.44,70.721,24.12,100.0,100.0,False,,40.7,89.083,-3.2300000000000004,-7.419999999999998,-13.77,36.64,45.63,-4.0,-1.43,10.565,4.0,2.82,92.498,89.205,100.0,100.0,61.154,100.0,53.891,7.0,0.0,86.72,86.765,100.0,100.0,51.212,100.0,34.688,1.68,2.894,77.584,79.83,15.98,HIGH
385,2026-06-05 00:15:00+00:00,0,4,0.0,1.0,-0.433884,-0.900969,False,False,NIGHT,1.0,2.0,3.0,20.0,68.0,363.0,14.96,1.63,0.1091,7.012,5.681,89.06,9.19,89.063,91.94,10.94,0.81,6.27,10.71,100.0,100.0,8.9,9.69,8.41,3.35,68.841,23.8,100.0,100.0,False,,34.1,86.752,-3.1799999999999997,-6.41,-13.719999999999999,35.124,45.63,0.0,-1.43,9.69,6.0,1.77,91.869,89.243,100.0,100.0,57.418,100.0,47.34,5.0,0.0,84.126,85.428,100.0,100.0,51.557,100.0,33.65,3.36,1.358,78.977,80.191,15.82,HIGH
386,2026-06-05 00:30:00+00:00,0,4,0.0,1.0,-0.433884,-0.900969,False,False,NIGHT,0.0,1.0,2.0,17.0,63.0,359.0,10.88,1.35,0.1238,6.866,6.268,89.14,9.26,89.144,92.622,10.86,0.74,6.27,10.71,100.0,100.0,8.89,9.16,8.94,3.25,66.873,23.32,100.0,100.0,False,,25.3,84.118,-4.08,-7.26,-14.679999999999998,33.053,45.63,-2.0,-1.59,8.55,3.0,0.0,89.795,88.784,100.0,100.0,56.681,100.0,35.918,6.0,0.0,82.523,84.789,100.0,100.0,48.955,100.0,33.009,5.04,2.154,81.119,80.699,15.82,MODERATE
387,2026-06-05 00:45:00+00:00,0,4,0.0,1.0,-0.433884,-0.900969,False,False,NIGHT,0.0,0.0,2.0,16.0,63.0,356.0,6.82,0.98,0.1436,6.824,5.635,89.42,9.29,89.416,92.872,10.58,0.71,6.27,10.71,100.0,100.0,8.8,8.6,9.6,3.13,64.427,22.84,100.0,78.04,False,,15.9,81.409,-4.0600000000000005,-8.14,-14.55,30.738,45.63,-2.0,-1.59,7.415,3.0,0.0,88.086,87.077,100.0,100.0,53.687,100.0,35.234,5.0,0.0,79.991,84.107,100.0,100.0,47.131,100.0,31.997,1.68,0.525,80.359,81.063,15.5,MODERATE
388,2026-06-05 01:00:00+00:00,1,4,0.258819,0.965926,-0.433884,-0.900969,False,False,NIGHT,0.0,0.0,1.0,11.0,60.0,356.0,2.82,0.61,0.2179,6.72,7.715,89.2,9.25,89.205,92.498,10.8,0.75,6.27,10.71,100.0,100.0,8.51,8.0,10.49,2.97,61.154,22.36,100.0,53.891,False,,6.7,78.433,-4.0,-8.06,-15.32,28.062,45.47,-2.0,-1.76,6.295,3.0,0.0,86.72,86.765,100.0,100.0,51.212,100.0,34.688,5.0,0.0,78.796,83.7,100.0,100.0,48.363,100.0,31.518,5.04,2.441,80.884,81.661,15.5,MODERATE
389,2026-06-05 01:15:00+00:00,1,4,0.258819,0.965926,-0.433884,-0.900969,False,False,NIGHT,3.0,3.0,3.0,9.0,61.0,359.0,1.77,0.25,0.1435,6.804,6.902,89.24,9.19,89.243,91.869,10.76,0.81,6.08,10.3,100.0,100.0,8.03,7.47,11.5,2.79,57.418,22.36,100.0,47.34,False,,4.1,77.308,-1.0499999999999998,-5.050000000000001,-13.190000000000001,25.331,44.29,0.0,-1.44,6.032,2.0,0.0,84.126,85.428,100.0,100.0,51.557,100.0,33.65,7.0,0.0,78.649,82.819,100.0,100.0,48.605,100.0,31.46,1.68,1.806,79.816,81.736,15.18,MODERATE
390,2026-06-05 01:30:00+00:00,1,4,0.258819,0.965926,-0.433884,-0.900969,False,False,NIGHT,1.0,4.0,4.0,10.0,59.0,358.0,0.0,0.16,0.1589,4.646,7.312,88.78,8.98,88.784,89.795,11.22,1.02,6.27,10.71,100.0,100.0,8.34,6.97,11.7,2.75,56.681,22.04,100.0,35.918,False,,0.0,75.593,-1.77,-2.82,-10.88,22.563,42.6,2.0,-1.28,5.51,3.0,0.0,82.523,84.789,100.0,100.0,48.955,100.0,33.009,9.0,0.0,78.023,82.577,100.0,100.0,48.077,100.0,31.209,1.68,1.613,79.507,81.784,14.86,MODERATE
391,2026-06-05 01:45:00+00:00,1,4,0.258819,0.965926,-0.433884,-0.900969,False,False,NIGHT,0.0,1.0,4.0,10.0,54.0,357.0,0.0,0.0,0.0,0.0,7.512,87.08,8.81,87.077,88.086,12.92,1.19,6.27,10.71,100.0,100.0,7.95,6.54,12.5,2.61,53.687,21.56,100.0,35.234,False,,0.0,74.606,0.0,-1.77,-6.82,19.996,42.6,2.0,-1.28,5.39,3.0,0.0,79.991,84.107,100.0,100.0,47.131,100.0,31.997,8.0,0.0,77.792,82.192,100.0,100.0,47.711,100.0,31.117,0.0,2.87,79.101,81.107,14.38,MODERATE
392,2026-06-05 02:00:00+00:00,2,4,0.5,0.866025,-0.433884,-0.900969,False,False,NIGHT,2.0,2.0,6.0,10.0,52.0,359.0,0.0,0.0,0.0,3.36,5.154,86.76,8.67,86.765,86.72,13.24,1.33,6.27,10.71,100.0,100.0,7.64,6.19,13.17,2.49,51.212,21.4,100.0,34.688,False,,0.0,74.041,0.0,0.0,-2.82,17.379,42.6,5.0,-0.96,5.35,4.0,0.0,78.796,83.7,100.0,100.0,48.363,100.0,31.518,8.0,0.0,76.355,81.452,100.0,100.0,46.188,100.0,30.542,5.04,1.505,80.214,81.879,14.38,MODERATE
393,2026-06-05 02:15:00+00:00,2,4,0.5,0.866025,-0.433884,-0.900969,False,False,NIGHT,0.0,2.0,3.0,9.0,49.0,356.0,0.0,0.0,0.0,0.0,6.384,85.43,8.41,85.428,84.126,14.57,1.59,6.27,10.71,100.0,100.0,8.05,5.87,13.08,2.51,51.557,20.92,100.0,33.65,False,,0.0,73.259,0.0,0.0,-1.77,14.717,38.39,0.0,-1.44,5.23,3.0,0.0,78.649,82.819,100.0,100.0,48.605,100.0,31.46,9.0,0.0,76.427,80.9,100.0,100.0,43.335,100.0,30.571,5.04,3.079,81.386,82.252,14.38,MODERATE
394,2026-06-05 02:30:00+00:00,2,4,0.5,0.866025,-0.433884,-0.900969,False,False,NIGHT,1.0,1.0,3.0,9.0,41.0,355.0,0.0,0.0,0.0,1.68,4.878,84.79,8.25,84.789,82.523,15.21,1.75,6.27,10.71,100.0,100.0,7.61,5.61,13.78,2.38,48.955,20.6,100.0,33.009,False,,0.0,72.564,0.0,0.0,0.0,12.317,34.17,-1.0,-1.44,5.15,3.0,0.0,78.023,82.577,100.0,100.0,48.077,100.0,31.209,10.0,0.0,75.541,80.034,100.0,100.0,42.425,100.0,30.216,5.04,3.206,81.987,82.651,14.38,MODERATE
395,2026-06-05 02:45:00+00:00,2,4,0.5,0.866025,-0.433884,-0.900969,False,False,NIGHT,0.0,1.0,3.0,9.0,37.0,355.0,0.0,0.0,0.0,0.0,3.741,84.11,8.0,84.107,79.991,15.89,2.0,6.27,10.71,100.0,100.0,7.36,5.37,14.27,2.29,47.131,20.12,100.0,31.997,False,,0.0,71.744,0.0,0.0,0.0,10.182,31.91,-1.0,-1.44,5.03,2.0,0.0,77.792,82.192,100.0,100.0,47.711,100.0,31.117,13.0,0.0,74.885,79.916,100.0,100.0,40.884,100.0,29.954,1.68,3.078,81.035,82.396,14.06,MODERATE
396,2026-06-05 03:00:00+00:00,3,4,0.707107,0.707107,-0.433884,-0.900969,False,False,NIGHT,1.0,1.0,2.0,9.0,32.0,356.0,0.0,0.0,0.0,1.68,3.784,83.7,7.88,83.7,78.796,16.3,2.12,6.27,10.71,100.0,100.0,7.9,5.16,13.94,2.35,48.363,19.81,100.0,31.518,False,,0.0,71.526,0.0,0.0,0.0,8.188,28.68,-4.0,-1.59,4.952,1.0,0.0,76.355,81.452,100.0,100.0,46.188,100.0,30.542,14.0,0.0,76.093,80.205,100.0,100.0,42.22,100.0,30.437,6.72,4.319,82.656,82.835,14.23,MODERATE
397,2026-06-05 03:15:00+00:00,3,4,0.707107,0.707107,-0.433884,-0.900969,False,False,NIGHT,1.0,2.0,3.0,9.0,29.0,356.0,0.0,0.0,0.0,1.68,5.265,82.82,7.86,82.819,78.649,17.18,2.14,4.98,7.87,100.0,100.0,8.13,4.99,13.88,2.36,48.605,19.49,100.0,31.46,False,,0.0,71.324,0.0,0.0,0.0,6.395,25.56,0.0,-1.43,4.872,4.0,0.0,76.427,80.9,100.0,100.0,43.335,100.0,30.571,14.0,0.0,77.2,80.941,100.0,100.0,42.069,100.0,30.88,3.36,2.528,82.79,83.029,14.07,MODERATE
398,2026-06-05 03:30:00+00:00,3,4,0.707107,0.707107,-0.433884,-0.900969,False,False,NIGHT,1.0,2.0,3.0,10.0,27.0,357.0,0.0,0.0,0.0,1.68,2.899,82.58,7.8,82.577,78.023,17.42,2.2,6.27,10.71,100.0,100.0,8.13,4.85,14.02,2.34,48.077,19.17,100.0,31.209,False,,0.0,71.098,0.0,0.0,0.0,4.797,21.37,0.0,-1.43,4.792,6.0,0.0,75.541,80.034,100.0,100.0,42.425,100.0,30.216,12.0,0.0,76.431,80.406,100.0,100.0,44.0,100.0,30.572,5.04,3.9,82.972,83.296,14.07,MODERATE
399,2026-06-05 03:45:00+00:00,3,4,0.707107,0.707107,-0.433884,-0.900969,False,False,NIGHT,1.0,2.0,4.0,11.0,27.0,356.0,0.0,0.0,0.0,1.68,3.31,82.19,7.78,82.192,77.792,17.81,2.22,5.96,10.04,100.0,100.0,8.14,4.74,14.12,2.32,47.711,18.85,100.0,31.117,False,,0.0,70.935,0.0,0.0,0.0,3.462,18.14,1.0,-1.27,4.712,6.0,0.0,74.885,79.916,100.0,100.0,40.884,100.0,29.954,13.0,0.0,77.145,80.177,100.0,100.0,44.619,100.0,30.858,5.04,3.973,83.815,83.478,14.07,MODERATE
400,2026-06-05 04:00:00+00:00,4,4,0.866025,0.5,-0.433884,-0.900969,False,False,NIGHT,0.0,1.0,3.0,11.0,22.0,355.0,0.0,0.0,0.0,0.0,3.535,81.45,7.64,81.452,76.355,18.55,2.36,6.27,10.71,100.0,100.0,7.84,4.63,14.53,2.24,46.188,18.37,100.0,30.542,False,,0.0,70.347,0.0,0.0,0.0,2.328,14.96,1.0,-1.44,4.592,7.0,0.0,76.093,80.205,100.0,100.0,42.22,100.0,30.437,12.0,0.0,77.584,79.83,70.202,100.0,42.477,100.0,31.034,5.04,3.741,84.231,83.761,14.07,MODERATE
401,2026-06-05 04:15:00+00:00,4,4,0.866025,0.5,-0.433884,-0.900969,False,False,NIGHT,1.0,1.0,3.0,9.0,18.0,355.0,0.0,0.0,0.0,1.68,3.859,80.9,7.64,80.9,76.427,19.1,2.36,5.44,8.88,100.0,100.0,7.16,4.54,15.3,2.11,43.335,18.05,100.0,30.571,False,,0.0,69.984,0.0,0.0,0.0,1.393,10.88,0.0,-1.44,4.512,5.0,0.0,77.2,80.941,100.0,100.0,42.069,100.0,30.88,14.0,0.0,78.977,80.191,70.52,100.0,43.311,100.0,31.591,3.36,2.981,84.048,83.874,13.91,NORMAL
402,2026-06-05 04:30:00+00:00,4,4,0.866025,0.5,-0.433884,-0.900969,False,False,NIGHT,0.0,1.0,2.0,8.0,18.0,354.0,0.0,0.0,0.0,0.0,3.819,80.03,7.55,80.034,75.541,19.97,2.45,5.95,10.0,100.0,100.0,6.99,4.47,15.55,2.06,42.425,17.57,100.0,30.216,False,,0.0,69.534,0.0,0.0,0.0,0.713,6.82,-1.0,-1.6,4.392,4.0,0.0,76.431,80.406,100.0,100.0,44.0,100.0,30.572,15.0,0.0,81.119,80.699,70.966,100.0,42.903,100.0,32.448,5.04,4.873,84.968,83.824,13.91,NORMAL
403,2026-06-05 04:45:00+00:00,4,4,0.866025,0.5,-0.433884,-0.900969,False,False,NIGHT,0.0,0.0,1.0,8.0,18.0,353.0,0.0,0.0,0.0,0.0,0.734,79.92,7.49,79.916,74.885,20.08,2.51,5.84,9.76,100.0,100.0,6.64,4.4,15.96,1.99,40.884,17.09,100.0,29.954,False,,0.0,69.238,0.0,0.0,0.0,0.287,2.82,-3.0,-1.76,4.272,7.0,0.0,77.145,80.177,100.0,100.0,44.619,100.0,30.858,15.0,0.0,80.359,81.063,78.729,100.0,40.873,100.0,32.144,3.36,5.265,84.359,83.409,13.75,NORMAL
404,2026-06-05 05:00:00+00:00,5,4,0.965926,0.258819,-0.433884,-0.900969,False,False,NIGHT,3.0,3.0,4.0,9.0,19.0,356.0,0.0,0.0,0.0,5.04,3.403,80.2,7.61,80.205,76.093,19.8,2.39,6.27,10.71,100.0,100.0,7.04,4.35,15.6,2.05,42.22,17.09,100.0,30.437,False,,0.0,69.663,0.0,0.0,0.0,0.111,1.77,1.0,-1.28,4.272,7.0,0.0,77.584,79.83,70.202,100.0,42.477,100.0,31.034,15.0,0.0,80.884,81.661,81.925,100.0,42.4,100.0,32.354,9.083,4.376,86.377,84.384,14.39,NORMAL
405,2026-06-05 05:15:00+00:00,5,4,0.965926,0.258819,-0.433884,-0.900969,False,False,NIGHT,3.0,6.0,6.0,12.0,21.0,357.0,0.0,0.0,0.0,5.04,1.652,80.94,7.72,80.941,77.2,19.06,2.28,6.0,10.12,100.0,100.0,7.03,4.33,15.64,2.04,42.069,17.09,100.0,30.88,False,,0.0,70.033,0.0,0.0,0.0,0.0,0.0,3.0,-0.96,4.272,9.0,0.0,78.977,80.191,70.52,100.0,43.311,100.0,31.591,16.0,0.0,79.816,81.736,75.419,100.0,41.746,100.0,31.926,7.717,4.127,87.736,85.146,14.39,MODERATE
406,2026-06-05 05:30:00+00:00,5,4,0.965926,0.258819,-0.433884,-0.900969,False,False,NIGHT,0.0,3.0,6.0,11.0,20.0,356.0,0.0,0.0,0.0,0.0,2.449,80.41,7.64,80.406,76.431,19.59,2.36,4.36,6.5,100.0,100.0,7.57,4.31,15.12,2.14,44.0,16.61,100.0,30.572,False,,0.0,69.936,0.0,0.0,0.0,0.0,0.0,4.0,-0.96,4.152,8.0,0.0,81.119,80.699,70.966,100.0,42.903,100.0,32.448,17.0,0.0,79.507,81.784,71.92,100.0,40.168,100.0,31.803,3.36,3.317,87.188,85.211,14.23,NORMAL
407,2026-06-05 05:45:00+00:00,5,4,0.965926,0.258819,-0.433884,-0.900969,False,False,NIGHT,1.0,1.0,7.0,12.0,21.0,352.0,0.0,0.0,0.0,1.68,2.308,80.18,7.71,80.177,77.145,19.82,2.29,6.27,10.71,100.0,100.0,7.75,4.29,14.95,2.17,44.619,16.29,100.0,30.858,False,,0.0,70.084,0.0,0.0,0.0,0.0,0.0,6.0,-0.8,4.072,6.0,0.0,80.359,81.063,78.729,100.0,40.873,100.0,32.144,19.0,0.0,79.101,81.107,71.324,100.0,40.133,100.0,31.64,1.68,5.105,86.033,84.47,13.91,MODERATE
408,2026-06-05 06:00:00+00:00,6,4,1.0,0.0,-0.433884,-0.900969,False,False,MORNING,1.0,2.0,5.0,12.0,21.0,352.0,0.0,0.0,0.0,1.68,2.894,79.83,7.76,79.83,77.584,20.17,2.24,11.97,16.21,70.202,100.0,7.18,4.29,15.53,2.06,42.477,15.98,100.0,31.034,False,,0.0,66.327,0.0,0.0,0.0,0.0,0.0,1.0,-1.11,3.995,5.0,0.0,80.884,81.661,81.925,100.0,42.4,100.0,32.354,22.0,0.0,80.214,81.879,72.881,100.0,40.667,100.0,32.086,8.662,4.473,87.619,85.359,14.4,NORMAL
409,2026-06-05 06:15:00+00:00,6,4,1.0,0.0,-0.433884,-0.900969,False,False,MORNING,2.0,3.0,4.0,13.0,22.0,353.0,0.0,0.0,0.0,3.36,1.358,80.19,7.9,80.191,78.977,19.81,2.1,11.97,16.21,70.52,100.0,7.39,4.3,15.31,2.1,43.311,15.82,100.0,31.591,False,,0.0,66.798,0.0,0.0,0.0,0.0,0.0,-2.0,-1.27,3.955,5.0,0.0,79.816,81.736,75.419,100.0,41.746,100.0,31.926,22.0,0.0,81.386,82.252,79.853,100.0,41.668,100.0,32.554,3.098,5.74,86.372,84.823,14.08,NORMAL
410,2026-06-05 06:30:00+00:00,6,4,1.0,0.0,-0.433884,-0.900969,False,False,MORNING,3.0,5.0,7.0,15.0,25.0,353.0,0.0,0.0,0.0,5.04,2.154,80.7,8.11,80.699,81.119,19.3,1.89,11.97,16.21,70.966,100.0,7.25,4.33,15.42,2.09,42.903,15.82,100.0,32.448,False,,0.0,67.355,0.0,0.0,0.0,0.0,0.0,1.0,-0.79,3.955,7.0,0.0,79.507,81.784,71.92,100.0,40.168,100.0,31.803,21.0,0.0,81.987,82.651,72.682,100.0,42.692,100.0,32.795,5.04,5.107,86.437,84.8,14.08,NORMAL
411,2026-06-05 06:45:00+00:00,6,4,1.0,0.0,-0.433884,-0.900969,False,False,MORNING,1.0,4.0,7.0,15.0,26.0,353.0,0.0,0.0,0.0,1.68,0.525,81.06,8.04,81.063,80.359,18.94,1.96,10.84,13.72,78.729,100.0,6.69,4.35,15.96,1.99,40.873,15.5,100.0,32.144,False,,0.0,68.032,0.0,0.0,0.0,0.0,0.0,0.0,-0.79,3.875,9.0,0.0,79.101,81.107,71.324,100.0,40.133,100.0,31.64,21.0,0.0,81.035,82.396,77.561,100.0,42.35,100.0,32.414,3.36,4.418,85.674,84.612,13.92,NORMAL
412,2026-06-05 07:00:00+00:00,7,4,0.965926,-0.258819,-0.433884,-0.900969,False,False,MORNING,3.0,4.0,9.0,18.0,29.0,355.0,0.0,0.0,0.0,5.04,2.441,81.66,8.09,81.661,80.884,18.34,1.91,10.49,12.96,81.925,100.0,7.08,4.37,15.55,2.06,42.4,15.5,100.0,32.354,False,,0.0,68.789,0.0,0.0,0.0,0.0,0.0,4.0,-0.48,3.875,10.0,0.0,80.214,81.879,72.881,100.0,40.667,100.0,32.086,22.0,0.0,82.656,82.835,72.844,100.0,44.333,100.0,33.062,6.72,4.554,86.194,85.101,14.08,NORMAL
413,2026-06-05 07:15:00+00:00,7,4,0.965926,-0.258819,-0.433884,-0.900969,False,False,MORNING,1.0,4.0,8.0,18.0,27.0,352.0,0.0,0.0,0.0,1.68,1.806,81.74,7.98,81.736,79.816,18.26,2.02,11.41,14.98,75.419,100.0,6.9,4.37,15.73,2.03,41.746,15.18,100.0,31.926,False,,0.0,67.753,0.0,0.0,0.0,0.0,0.0,4.0,-0.64,3.795,11.0,0.0,81.386,82.252,79.853,100.0,41.668,100.0,32.554,25.0,0.0,82.79,83.029,73.015,100.0,44.589,100.0,33.116,3.36,3.878,85.436,85.047,13.92,NORMAL
414,2026-06-05 07:30:00+00:00,7,4,0.965926,-0.258819,-0.433884,-0.900969,False,False,MORNING,1.0,2.0,6.0,19.0,27.0,353.0,0.0,0.0,0.0,1.68,1.613,81.78,7.95,81.784,79.507,18.22,2.05,11.97,16.21,71.92,100.0,6.47,4.37,16.15,1.95,40.168,14.86,100.0,31.803,False,,0.0,67.139,0.0,0.0,0.0,0.0,0.0,-1.0,-0.96,3.715,10.0,0.0,81.987,82.651,72.682,100.0,42.692,100.0,32.795,26.0,0.0,82.972,83.296,83.214,100.0,45.001,100.0,33.189,5.04,4.325,85.734,85.196,13.92,NORMAL
415,2026-06-05 07:45:00+00:00,7,4,0.965926,-0.258819,-0.433884,-0.900969,False,False,MORNING,0.0,1.0,5.0,19.0,27.0,351.0,0.0,0.0,0.0,0.0,2.87,81.11,7.91,81.107,79.101,18.89,2.09,11.97,16.21,71.324,100.0,6.47,4.37,16.16,1.95,40.133,14.38,100.0,31.64,False,,0.0,66.835,0.0,0.0,0.0,0.0,0.0,-2.0,-1.12,3.595,10.0,0.0,81.035,82.396,77.561,100.0,42.35,100.0,32.414,25.0,0.0,83.815,83.478,77.753,100.0,46.372,100.0,33.526,3.36,5.13,84.963,84.831,13.76,NORMAL
416,2026-06-05 08:00:00+00:00,8,4,0.866025,-0.5,-0.433884,-0.900969,False,False,MORNING,3.0,3.0,5.0,19.0,28.0,352.0,0.0,0.0,0.0,5.04,1.505,81.88,8.02,81.879,80.214,18.12,1.98,11.83,15.9,72.881,100.0,6.6,4.38,16.02,1.98,40.667,14.38,100.0,32.086,False,,0.0,67.462,0.0,0.0,0.0,0.0,0.0,-4.0,-1.12,3.595,12.0,0.0,82.656,82.835,72.844,100.0,44.333,100.0,33.062,23.0,0.0,84.231,83.761,73.659,100.0,46.067,100.0,33.692,5.04,4.622,84.477,84.984,13.76,NORMAL
417,2026-06-05 08:15:00+00:00,8,4,0.866025,-0.5,-0.433884,-0.900969,False,False,MORNING,3.0,6.0,7.0,19.0,31.0,350.0,0.0,0.0,0.0,5.04,3.079,82.25,8.14,82.252,81.386,17.75,1.86,10.84,13.73,79.853,100.0,6.85,4.4,15.75,2.03,41.668,14.38,100.0,32.554,False,,0.0,68.705,0.0,0.0,0.0,0.0,0.0,-1.0,-0.8,3.595,11.0,0.0,82.79,83.029,73.015,100.0,44.589,100.0,33.116,26.0,0.0,84.048,83.874,79.893,100.0,43.403,100.0,33.619,0.0,5.182,82.561,83.88,13.28,NORMAL
418,2026-06-05 08:30:00+00:00,8,4,0.866025,-0.5,-0.433884,-0.900969,False,False,MORNING,3.0,6.0,9.0,22.0,33.0,347.0,0.0,0.0,0.0,5.04,3.206,82.65,8.2,82.651,81.987,17.35,1.8,11.97,16.21,72.682,100.0,7.11,4.42,15.47,2.07,42.692,14.38,100.0,32.795,False,,0.0,68.145,0.0,0.0,0.0,0.0,0.0,3.0,-0.48,3.595,11.0,0.0,82.972,83.296,83.214,100.0,45.001,100.0,33.189,25.0,0.0,84.968,83.824,76.35,100.0,44.176,100.0,33.987,8.939,5.14,84.811,84.605,13.76,NORMAL
419,2026-06-05 08:45:00+00:00,8,4,0.866025,-0.5,-0.433884,-0.900969,False,False,MORNING,1.0,4.0,10.0,22.0,34.0,345.0,0.0,0.0,0.0,1.68,3.078,82.4,8.1,82.396,81.035,17.6,1.9,11.18,14.48,77.561,100.0,7.01,4.43,15.57,2.06,42.35,14.06,100.0,32.414,False,,0.0,68.453,0.0,0.0,0.0,0.0,0.0,5.0,-0.32,3.515,11.0,0.0,83.815,83.478,77.753,100.0,46.372,100.0,33.526,25.0,0.0,84.359,83.409,73.349,100.0,44.294,100.0,33.744,7.861,6.903,86.875,84.638,13.92,NORMAL
420,2026-06-05 09:00:00+00:00,9,4,0.707107,-0.707107,-0.433884,-0.900969,False,False,MORNING,4.0,5.0,11.0,25.0,37.0,334.0,0.0,0.0,0.0,6.72,4.319,82.83,8.27,82.835,82.656,17.17,1.73,11.97,16.21,72.844,100.0,7.52,4.45,15.03,2.15,44.333,14.23,100.0,33.062,False,,0.0,68.486,0.0,0.0,0.0,0.0,0.0,6.0,-0.15,3.558,10.0,0.0,84.231,83.761,73.659,100.0,46.067,100.0,33.692,25.0,1.59,86.377,84.384,74.837,100.0,44.051,100.0,44.112,1.68,4.435,85.681,84.069,13.61,NORMAL
421,2026-06-05 09:15:00+00:00,9,4,0.707107,-0.707107,-0.433884,-0.900969,False,False,MORNING,2.0,6.0,10.0,25.0,38.0,324.0,0.0,0.0,0.0,3.36,2.528,83.03,8.28,83.029,82.79,16.97,1.72,11.97,16.21,73.015,100.0,7.57,4.47,14.96,2.17,44.589,14.07,100.0,33.116,False,,0.0,68.599,0.0,0.0,0.0,0.0,0.0,3.0,-0.31,3.518,14.0,0.0,84.048,83.874,79.893,100.0,43.403,100.0,33.619,22.0,0.0,87.736,85.146,85.367,100.0,45.522,100.0,35.094,5.04,4.583,85.697,84.181,13.61,NORMAL
422,2026-06-05 09:30:00+00:00,9,4,0.707107,-0.707107,-0.433884,-0.900969,False,False,MORNING,3.0,5.0,10.0,25.0,40.0,317.0,0.0,0.0,0.0,5.04,3.9,83.3,8.3,83.296,82.972,16.7,1.7,10.54,13.06,83.214,100.0,7.66,4.49,14.85,2.19,45.001,14.07,100.0,33.189,False,,0.0,69.955,0.0,0.0,0.0,0.0,0.0,1.0,-0.31,3.518,15.0,0.0,84.968,83.824,76.35,100.0,44.176,100.0,33.987,21.0,0.0,87.188,85.211,82.51,100.0,46.162,100.0,34.875,1.68,5.833,84.179,83.295,13.29,NORMAL
423,2026-06-05 09:45:00+00:00,9,4,0.707107,-0.707107,-0.433884,-0.900969,False,False,MORNING,3.0,6.0,12.0,27.0,42.0,312.0,0.0,0.0,0.0,5.04,3.973,83.48,8.38,83.478,83.815,16.52,1.62,11.3,14.74,77.753,100.0,8.01,4.51,14.48,2.25,46.372,14.07,100.0,33.526,False,,0.0,69.632,0.0,0.0,0.0,0.0,0.0,2.0,0.01,3.518,14.0,0.0,84.359,83.409,73.349,100.0,44.294,100.0,33.744,22.0,0.0,86.033,84.47,74.283,100.0,45.0,100.0,34.413,5.04,2.987,84.253,83.801,13.29,NORMAL
424,2026-06-05 10:00:00+00:00,10,4,0.5,-0.866025,-0.433884,-0.900969,False,False,MORNING,3.0,6.0,11.0,27.0,45.0,303.0,0.0,0.0,0.0,5.04,3.741,83.76,8.42,83.761,84.231,16.24,1.58,11.97,16.21,73.659,100.0,7.9,4.54,14.56,2.24,46.067,14.07,100.0,33.692,False,,0.0,69.259,0.0,0.0,0.0,0.0,0.0,0.0,-0.16,3.518,13.0,1.59,86.377,84.384,74.837,100.0,44.051,100.0,44.112,23.0,0.84,87.619,85.359,81.45,100.0,44.407,100.0,40.11,1.68,3.451,82.826,83.501,12.97,NORMAL
425,2026-06-05 10:15:00+00:00,10,4,0.5,-0.866025,-0.433884,-0.900969,False,False,MORNING,2.0,5.0,11.0,28.0,46.0,300.0,0.0,0.0,0.0,3.36,2.981,83.87,8.4,83.874,84.048,16.13,1.6,11.05,14.19,79.893,100.0,7.16,4.55,15.28,2.11,43.403,13.91,100.0,33.619,False,,0.0,69.755,0.0,0.0,0.0,0.0,0.0,1.0,-0.16,3.478,12.0,0.0,87.736,85.146,85.367,100.0,45.522,100.0,35.094,20.0,0.0,86.372,84.823,75.115,100.0,44.244,100.0,34.549,6.72,4.42,83.627,83.996,13.13,NORMAL
426,2026-06-05 10:30:00+00:00,10,4,0.5,-0.866025,-0.433884,-0.900969,False,False,MORNING,3.0,5.0,11.0,30.0,49.0,291.0,0.0,0.0,0.0,5.04,4.873,83.82,8.5,83.824,84.968,16.18,1.5,11.56,15.31,76.35,100.0,7.35,4.58,15.07,2.15,44.176,13.91,100.0,33.987,False,,0.0,69.573,0.0,0.0,0.0,0.0,0.0,1.0,-0.16,3.478,10.0,0.0,87.188,85.211,82.51,100.0,46.162,100.0,34.875,19.0,0.0,86.437,84.8,74.572,100.0,44.748,100.0,34.575,3.36,4.417,82.701,83.824,12.97,NORMAL
427,2026-06-05 10:45:00+00:00,10,4,0.5,-0.866025,-0.433884,-0.900969,False,False,MORNING,2.0,5.0,10.0,32.0,51.0,283.0,0.0,0.0,0.0,3.36,5.265,83.41,8.44,83.409,84.359,16.59,1.56,11.97,16.21,73.349,100.0,7.37,4.59,15.04,2.15,44.294,13.75,100.0,33.744,False,,0.0,69.01,0.0,0.0,0.0,0.0,0.0,-2.0,-0.32,3.438,11.0,0.0,86.033,84.47,74.283,100.0,45.0,100.0,34.413,22.0,0.0,85.674,84.612,74.407,100.0,44.726,100.0,34.27,3.36,4.886,82.898,83.423,12.81,NORMAL
428,2026-06-05 11:00:00+00:00,11,4,0.258819,-0.965926,-0.433884,-0.900969,False,False,MORNING,7.0,9.0,14.0,36.0,55.0,288.0,1.59,0.0,0.0,9.083,4.376,84.38,8.64,84.384,86.377,15.62,1.36,11.97,16.21,74.837,100.0,7.21,4.68,15.11,2.14,44.051,14.39,100.0,44.112,False,,2.8,70.803,1.59,1.59,1.59,0.099,1.59,3.0,0.32,3.995,12.0,0.84,87.619,85.359,81.45,100.0,44.407,100.0,40.11,24.0,0.0,86.194,85.101,74.837,100.0,44.718,100.0,34.478,6.72,4.409,83.782,83.912,12.97,MODERATE
429,2026-06-05 11:15:00+00:00,11,4,0.258819,-0.965926,-0.433884,-0.900969,False,False,MORNING,3.0,10.0,15.0,36.0,55.0,284.0,0.0,0.14,0.1434,7.717,4.127,85.15,8.77,85.146,87.736,14.85,1.23,10.5,12.98,85.367,100.0,7.58,4.71,14.71,2.21,45.522,14.39,100.0,35.094,False,,0.0,71.62,-1.59,0.0,0.0,0.099,1.59,4.0,0.48,3.598,10.0,0.0,86.372,84.823,75.115,100.0,44.244,100.0,34.549,21.0,0.0,85.436,85.047,74.79,100.0,44.546,100.0,34.174,1.68,4.405,82.872,83.322,12.65,MODERATE
430,2026-06-05 11:30:00+00:00,11,4,0.258819,-0.965926,-0.433884,-0.900969,False,False,MORNING,2.0,5.0,14.0,35.0,57.0,275.0,0.0,0.0,0.0,3.36,3.317,85.21,8.72,85.211,87.188,14.79,1.28,10.87,13.8,82.51,100.0,7.74,4.73,14.54,2.24,46.162,14.23,100.0,34.875,False,,0.0,71.24,0.0,-1.59,0.0,0.099,1.59,3.0,0.32,3.558,11.0,0.0,86.437,84.8,74.572,100.0,44.748,100.0,34.575,22.0,0.0,85.734,85.196,80.676,100.0,45.5,100.0,34.294,0.0,5.214,82.12,82.094,12.17,MODERATE
431,2026-06-05 11:45:00+00:00,11,4,0.258819,-0.965926,-0.433884,-0.900969,False,False,MORNING,1.0,3.0,13.0,35.0,57.0,266.0,0.0,0.0,0.0,1.68,5.105,84.47,8.6,84.47,86.033,15.53,1.4,11.97,16.21,74.283,100.0,7.42,4.73,14.85,2.19,45.0,13.91,100.0,34.413,False,,0.0,69.754,0.0,0.0,0.0,0.099,1.59,3.0,0.16,3.478,11.0,0.0,85.674,84.612,74.407,100.0,44.726,100.0,34.27,20.0,0.0,84.963,84.831,84.866,100.0,45.553,100.0,33.985,9.607,4.271,84.949,83.145,12.65,NORMAL
432,2026-06-05 12:00:00+00:00,12,4,0.0,-1.0,-0.433884,-0.900969,False,False,MORNING,6.0,7.0,12.0,37.0,62.0,263.0,0.84,0.0,0.0,8.662,4.473,85.36,8.76,85.359,87.619,14.64,1.24,11.08,14.26,81.45,100.0,7.21,4.78,15.01,2.16,44.407,14.4,100.0,40.11,False,,1.6,71.611,0.84,0.84,-0.7500000000000001,0.152,1.59,-2.0,0.01,3.81,11.0,0.0,86.194,85.101,74.837,100.0,44.718,100.0,34.478,21.0,0.0,84.477,84.984,87.19,100.0,45.654,100.0,33.791,7.193,2.822,85.427,84.19,12.82,MODERATE
433,2026-06-05 12:15:00+00:00,12,4,0.0,-1.0,-0.433884,-0.900969,False,False,MORNING,1.0,7.0,10.0,36.0,61.0,255.0,0.0,0.08,0.0759,3.098,5.74,84.82,8.64,84.823,86.372,15.18,1.36,11.89,16.03,75.115,100.0,7.17,4.77,15.05,2.15,44.244,14.08,100.0,34.549,False,,0.0,69.931,-0.84,0.0,0.0,0.152,1.59,-5.0,-0.31,3.52,10.0,0.0,85.436,85.047,74.79,100.0,44.546,100.0,34.174,19.0,0.0,82.561,83.88,92.113,100.0,45.853,100.0,33.024,0.0,4.728,83.093,83.241,12.34,NORMAL
434,2026-06-05 12:30:00+00:00,12,4,0.0,-1.0,-0.433884,-0.900969,False,False,MORNING,3.0,4.0,11.0,36.0,61.0,250.0,0.0,0.0,0.0,5.04,5.107,84.8,8.64,84.8,86.437,15.2,1.36,11.97,16.21,74.572,100.0,7.31,4.77,14.92,2.17,44.748,14.08,100.0,34.575,False,,0.0,69.919,0.0,-0.84,0.0,0.152,1.59,-3.0,-0.15,3.52,8.0,0.0,85.734,85.196,80.676,100.0,45.5,100.0,34.294,23.0,0.68,84.811,84.605,87.115,100.0,45.788,100.0,38.0,3.36,3.869,82.997,83.124,12.18,NORMAL
435,2026-06-05 12:45:00+00:00,12,4,0.0,-1.0,-0.433884,-0.900969,False,False,MORNING,2.0,5.0,12.0,35.0,62.0,245.0,0.0,0.0,0.0,3.36,4.418,84.61,8.57,84.612,85.674,15.39,1.43,11.97,16.21,74.407,100.0,7.32,4.76,14.92,2.17,44.726,13.92,100.0,34.27,False,,0.0,69.704,0.0,0.0,0.0,0.152,1.59,-1.0,0.01,3.48,11.0,0.0,84.963,84.831,84.866,100.0,45.553,100.0,33.985,19.0,0.0,86.875,84.638,88.529,100.0,46.536,100.0,34.75,6.72,2.632,84.167,84.029,12.34,NORMAL
436,2026-06-05 13:00:00+00:00,13,4,-0.258819,-0.965926,-0.433884,-0.900969,False,False,MORNING,4.0,6.0,10.0,36.0,63.0,243.0,0.0,0.0,0.0,6.72,4.554,85.1,8.62,85.101,86.194,14.9,1.38,11.97,16.21,74.837,100.0,7.32,4.75,14.93,2.17,44.718,14.08,100.0,34.478,False,,0.0,69.966,0.0,0.0,-0.84,0.152,1.59,-2.0,-0.32,3.52,13.0,0.0,84.477,84.984,87.19,100.0,45.654,100.0,33.791,17.0,0.0,85.681,84.069,86.251,100.0,46.409,100.0,34.273,5.04,4.381,83.959,84.214,12.34,NORMAL
437,2026-06-05 13:15:00+00:00,13,4,-0.258819,-0.965926,-0.433884,-0.900969,False,False,MORNING,2.0,6.0,11.0,36.0,64.0,237.0,0.0,0.0,0.0,3.36,3.878,85.05,8.54,85.047,85.436,14.95,1.46,11.97,16.21,74.79,100.0,7.29,4.74,14.97,2.16,44.546,13.92,100.0,34.174,False,,0.0,69.781,0.0,0.0,0.0,0.152,1.59,1.0,-0.16,3.48,11.0,0.0,82.561,83.88,92.113,100.0,45.853,100.0,33.024,20.0,0.0,85.697,84.181,100.0,100.0,47.187,100.0,34.279,8.4,4.113,85.41,85.141,12.66,NORMAL
438,2026-06-05 13:30:00+00:00,13,4,-0.258819,-0.965926,-0.433884,-0.900969,False,False,MORNING,3.0,5.0,11.0,36.0,66.0,230.0,0.0,0.0,0.0,5.04,4.325,85.2,8.57,85.196,85.734,14.8,1.43,11.12,14.34,80.676,100.0,7.55,4.74,14.71,2.21,45.5,13.92,100.0,34.294,False,,0.0,70.666,0.0,0.0,0.0,0.152,1.59,0.0,-0.16,3.48,14.0,0.68,84.811,84.605,87.115,100.0,45.788,100.0,38.0,18.0,0.0,84.179,83.295,85.457,100.0,46.388,100.0,33.672,1.68,4.345,84.325,84.583,12.34,MODERATE
439,2026-06-05 13:45:00+00:00,13,4,-0.258819,-0.965926,-0.433884,-0.900969,False,False,MORNING,2.0,5.0,11.0,36.0,68.0,227.0,0.0,0.0,0.0,3.36,5.13,84.83,8.5,84.831,84.963,15.17,1.5,10.52,13.03,84.866,100.0,7.58,4.72,14.7,2.21,45.553,13.76,100.0,33.985,False,,0.0,70.939,0.0,0.0,0.0,0.152,1.59,-1.0,-0.16,3.44,9.0,0.0,86.875,84.638,88.529,100.0,46.536,100.0,34.75,17.0,0.0,84.253,83.801,85.976,100.0,45.709,100.0,33.701,3.36,5.272,83.66,84.172,12.18,MODERATE
440,2026-06-05 14:00:00+00:00,14,4,-0.5,-0.866025,-0.433884,-0.900969,False,False,EVENING,3.0,5.0,10.0,32.0,68.0,224.0,0.0,0.0,0.0,5.04,4.622,84.98,8.45,84.984,84.477,15.02,1.55,10.26,13.77,87.19,100.0,7.62,4.71,14.67,2.22,45.654,13.76,100.0,33.791,False,,0.0,71.164,0.0,0.0,0.0,0.152,1.59,0.0,-0.32,3.44,8.0,0.0,85.681,84.069,86.251,100.0,46.409,100.0,34.273,20.0,0.0,82.826,83.501,85.668,100.0,45.663,100.0,33.13,3.36,5.648,83.336,83.632,12.02,MODERATE
441,2026-06-05 14:15:00+00:00,14,4,-0.5,-0.866025,-0.433884,-0.900969,False,False,EVENING,0.0,3.0,8.0,29.0,65.0,220.0,0.0,0.0,0.0,0.0,5.182,83.88,8.26,83.88,82.561,16.12,1.74,9.59,12.29,92.113,100.0,7.71,4.68,14.62,2.23,45.853,13.28,100.0,33.024,False,,0.0,71.146,0.0,0.0,0.0,0.152,1.59,-3.0,-0.64,3.32,8.0,0.0,85.697,84.181,100.0,100.0,47.187,100.0,34.279,23.0,0.0,83.627,83.996,86.176,100.0,44.215,100.0,33.451,6.72,4.512,85.738,83.944,12.18,MODERATE
442,2026-06-05 14:30:00+00:00,14,4,-0.5,-0.866025,-0.433884,-0.900969,False,False,EVENING,6.0,6.0,11.0,33.0,68.0,222.0,0.68,0.0,0.0,8.939,5.14,84.6,8.48,84.605,84.811,15.4,1.52,10.26,13.77,87.115,100.0,7.67,4.7,14.64,2.23,45.788,13.76,100.0,38.0,False,,1.2,71.585,0.68,0.68,0.68,0.194,1.59,0.0,-0.16,3.61,9.0,0.0,84.179,83.295,85.457,100.0,46.388,100.0,33.672,19.0,0.0,82.701,83.824,86.0,100.0,45.361,100.0,33.08,5.04,4.357,85.7,84.118,12.18,MODERATE
443,2026-06-05 14:45:00+00:00,14,4,-0.5,-0.866025,-0.433884,-0.900969,False,False,EVENING,4.0,10.0,13.0,36.0,71.0,225.0,0.0,0.06,0.0611,7.861,6.903,84.64,8.69,84.638,86.875,15.36,1.31,10.06,13.34,88.529,100.0,7.85,4.71,14.44,2.26,46.536,13.92,100.0,34.75,False,,0.0,71.807,-0.68,0.0,0.0,0.194,1.59,2.0,0.16,3.48,10.0,0.0,84.253,83.801,85.976,100.0,45.709,100.0,33.701,19.0,0.0,82.898,83.423,85.588,100.0,44.777,100.0,33.159,5.04,6.548,86.04,83.707,12.19,MODERATE
444,2026-06-05 15:00:00+00:00,15,4,-0.707107,-0.707107,-0.433884,-0.900969,False,False,EVENING,1.0,5.0,11.0,31.0,68.0,223.0,0.0,0.0,0.0,1.68,4.435,84.07,8.57,84.069,85.681,15.93,1.43,10.26,13.77,86.251,100.0,7.82,4.71,14.47,2.26,46.409,13.61,100.0,34.273,False,,0.0,71.158,0.0,-0.68,0.0,0.095,0.84,1.0,-0.15,3.402,9.0,0.0,82.826,83.501,85.668,100.0,45.663,100.0,33.13,21.0,0.0,83.782,83.912,87.112,100.0,44.975,100.0,33.513,3.36,3.117,85.095,83.863,12.03,MODERATE
445,2026-06-05 15:15:00+00:00,15,4,-0.707107,-0.707107,-0.433884,-0.900969,False,False,EVENING,3.0,4.0,14.0,33.0,69.0,223.0,0.0,0.0,0.0,5.04,4.583,84.18,8.57,84.181,85.697,15.82,1.43,7.86,8.5,100.0,100.0,8.03,4.71,14.26,2.29,47.187,13.61,100.0,34.279,False,,0.0,72.906,0.0,0.0,0.0,0.095,0.84,6.0,0.33,3.402,12.0,0.0,83.627,83.996,86.176,100.0,44.215,100.0,33.451,20.0,0.0,82.872,83.322,85.485,100.0,46.094,100.0,33.149,6.72,3.83,84.66,84.629,12.19,MODERATE
446,2026-06-05 15:30:00+00:00,15,4,-0.707107,-0.707107,-0.433884,-0.900969,False,False,EVENING,1.0,4.0,9.0,31.0,67.0,218.0,0.0,0.0,0.0,1.68,5.833,83.3,8.42,83.295,84.179,16.7,1.58,10.26,13.77,85.457,100.0,7.83,4.7,14.48,2.25,46.388,13.29,100.0,33.672,False,,0.0,70.59,0.0,0.0,-0.68,0.095,0.84,-2.0,-0.47,3.322,9.0,0.0,82.701,83.824,86.0,100.0,45.361,100.0,33.08,24.0,0.0,82.12,82.094,84.225,100.0,44.204,100.0,32.848,3.36,5.601,84.202,84.114,12.03,MODERATE
447,2026-06-05 15:45:00+00:00,15,4,-0.707107,-0.707107,-0.433884,-0.900969,False,False,EVENING,3.0,4.0,8.0,32.0,67.0,216.0,0.0,0.0,0.0,5.04,2.987,83.8,8.43,83.801,84.253,16.2,1.57,10.26,13.77,85.976,100.0,7.66,4.68,14.66,2.22,45.709,13.29,100.0,33.701,False,,0.0,70.718,0.0,0.0,0.0,0.095,0.84,-5.0,-0.63,3.322,7.0,0.0,82.898,83.423,85.588,100.0,44.777,100.0,33.159,25.0,0.28,84.949,83.145,85.433,100.0,46.368,100.0,35.67,3.36,4.216,83.918,83.928,11.87,MODERATE
448,2026-06-05 16:00:00+00:00,16,4,-0.866025,-0.5,-0.433884,-0.900969,False,False,EVENING,1.0,4.0,8.0,29.0,65.0,215.0,0.0,0.0,0.0,1.68,3.451,83.5,8.28,83.501,82.826,16.5,1.72,10.26,13.77,85.668,100.0,7.67,4.66,14.67,2.22,45.663,12.97,100.0,33.13,False,,0.0,70.325,0.0,0.0,0.0,0.042,0.68,-3.0,-0.64,3.242,11.0,0.0,83.782,83.912,87.112,100.0,44.975,100.0,33.513,21.0,0.0,85.427,84.19,98.931,100.0,46.706,100.0,34.171,3.36,3.523,83.886,83.891,11.71,MODERATE
449,2026-06-05 16:15:00+00:00,16,4,-0.866025,-0.5,-0.433884,-0.900969,False,False,EVENING,4.0,5.0,9.0,31.0,67.0,214.0,0.0,0.0,0.0,6.72,4.42,84.0,8.36,83.996,83.627,16.0,1.64,10.26,13.77,86.176,100.0,7.29,4.65,15.06,2.15,44.215,13.13,100.0,33.451,False,,0.0,70.525,0.0,0.0,0.0,0.042,0.68,-5.0,-0.48,3.282,11.0,0.0,82.872,83.322,85.485,100.0,46.094,100.0,33.149,19.0,0.0,83.093,83.241,87.818,100.0,46.892,100.0,33.237,6.72,3.953,84.955,84.476,11.87,MODERATE
450,2026-06-05 16:30:00+00:00,16,4,-0.866025,-0.5,-0.433884,-0.900969,False,False,EVENING,2.0,6.0,10.0,30.0,66.0,215.0,0.0,0.0,0.0,3.36,4.417,83.82,8.27,83.824,82.701,16.18,1.73,10.26,13.77,86.0,100.0,7.62,4.63,14.75,2.2,45.361,12.97,100.0,33.08,False,,0.0,70.384,0.0,0.0,0.0,0.042,0.68,1.0,-0.32,3.242,10.0,0.0,82.12,82.094,84.225,100.0,44.204,100.0,32.848,23.0,0.0,82.997,83.124,85.281,100.0,44.936,100.0,33.199,1.68,3.387,84.072,84.137,11.55,MODERATE
451,2026-06-05 16:45:00+00:00,16,4,-0.866025,-0.5,-0.433884,-0.900969,False,False,EVENING,2.0,4.0,9.0,30.0,66.0,216.0,0.0,0.0,0.0,3.36,4.886,83.42,8.29,83.423,82.898,16.58,1.71,10.26,13.77,85.588,100.0,7.48,4.61,14.91,2.18,44.777,12.81,100.0,33.159,False,,0.0,70.233,0.0,0.0,0.0,0.042,0.68,1.0,-0.48,3.202,12.0,0.28,84.949,83.145,85.433,100.0,46.368,100.0,35.67,24.0,0.0,84.167,84.029,86.21,100.0,45.186,100.0,33.667,8.4,4.525,85.845,84.928,11.87,MODERATE
452,2026-06-05 17:00:00+00:00,17,4,-0.965926,-0.258819,-0.433884,-0.900969,False,False,EVENING,4.0,6.0,12.0,31.0,63.0,218.0,0.0,0.0,0.0,6.72,4.409,83.91,8.38,83.912,83.782,16.09,1.62,10.14,13.51,87.112,100.0,7.53,4.61,14.86,2.19,44.975,12.97,100.0,33.513,False,,0.0,70.718,0.0,0.0,0.0,0.042,0.68,4.0,0.0,3.242,10.0,0.0,85.427,84.19,98.931,100.0,46.706,100.0,34.171,23.0,0.0,83.959,84.214,86.4,100.0,45.417,100.0,33.584,0.0,4.483,83.558,84.036,11.39,MODERATE
453,2026-06-05 17:15:00+00:00,17,4,-0.965926,-0.258819,-0.433884,-0.900969,False,False,EVENING,1.0,5.0,9.0,32.0,61.0,216.0,0.0,0.0,0.0,1.68,4.405,83.32,8.29,83.322,82.872,16.68,1.71,10.26,13.77,85.485,100.0,7.84,4.6,14.55,2.24,46.094,12.65,100.0,33.149,False,,0.0,70.312,0.0,0.0,0.0,0.042,0.68,0.0,-0.48,3.162,9.0,0.0,83.093,83.241,87.818,100.0,46.892,100.0,33.237,22.0,0.0,85.41,85.141,94.612,100.0,44.868,100.0,34.164,3.36,1.851,83.414,84.428,11.23,MODERATE
454,2026-06-05 17:30:00+00:00,17,4,-0.965926,-0.258819,-0.433884,-0.900969,False,False,EVENING,0.0,1.0,7.0,26.0,59.0,212.0,0.0,0.0,0.0,0.0,5.214,82.09,8.21,82.094,82.12,17.91,1.79,10.26,13.77,84.225,100.0,7.35,4.58,15.06,2.15,44.204,12.17,100.0,32.848,False,,0.0,69.57,0.0,0.0,0.0,0.042,0.68,-3.0,-0.8,3.042,14.0,0.0,82.997,83.124,85.281,100.0,44.936,100.0,33.199,21.0,0.0,84.325,84.583,94.512,100.0,44.151,100.0,33.73,3.36,5.133,84.402,83.886,11.07,NORMAL
455,2026-06-05 17:45:00+00:00,17,4,-0.965926,-0.258819,-0.433884,-0.900969,False,False,EVENING,6.0,6.0,11.0,28.0,64.0,215.0,0.28,0.0,0.0,9.607,4.271,83.14,8.49,83.145,84.949,16.86,1.51,10.26,13.77,85.433,100.0,7.91,4.61,14.48,2.25,46.368,12.65,100.0,35.67,False,,0.5,70.886,0.28,0.28,0.28,0.06,0.68,2.0,-0.16,3.232,13.0,0.0,84.167,84.029,86.21,100.0,45.186,100.0,33.667,22.0,0.0,83.66,84.172,86.357,100.0,46.998,100.0,33.464,3.36,3.395,84.037,83.914,10.92,MODERATE
456,2026-06-05 18:00:00+00:00,18,4,-1.0,-0.0,-0.433884,-0.900969,False,False,EVENING,4.0,10.0,11.0,31.0,62.0,215.0,0.0,0.03,0.0254,7.193,2.822,84.19,8.54,84.19,85.427,15.81,1.46,8.96,10.91,98.931,100.0,7.98,4.63,14.39,2.27,46.706,12.82,100.0,34.171,False,,0.0,72.682,-0.28,0.0,0.0,0.06,0.68,-1.0,-0.15,3.205,11.0,0.0,83.959,84.214,86.4,100.0,45.417,100.0,33.584,22.0,0.0,83.336,83.632,89.972,100.0,47.275,100.0,33.335,1.68,4.864,82.926,83.229,10.49,MODERATE
457,2026-06-05 18:15:00+00:00,18,4,-1.0,-0.0,-0.433884,-0.900969,False,False,EVENING,0.0,4.0,10.0,28.0,61.0,212.0,0.0,0.0,0.0,0.0,4.728,83.24,8.31,83.241,83.093,16.76,1.69,9.98,13.15,87.818,100.0,8.04,4.62,14.34,2.28,46.892,12.34,100.0,33.237,False,,0.0,70.69,0.0,-0.28,0.0,0.06,0.68,1.0,-0.31,3.085,10.0,0.0,85.41,85.141,94.612,100.0,44.868,100.0,34.164,22.0,0.0,85.738,83.944,86.123,100.0,47.724,100.0,34.295,0.0,3.283,82.0,82.501,9.91,MODERATE
458,2026-06-05 18:30:00+00:00,18,4,-1.0,-0.0,-0.433884,-0.900969,False,False,EVENING,2.0,2.0,12.0,29.0,60.0,209.0,0.0,0.0,0.0,3.36,3.869,83.12,8.3,83.124,82.997,16.88,1.7,10.26,13.77,85.281,100.0,7.53,4.61,14.87,2.18,44.936,12.18,100.0,33.199,False,,0.0,70.165,0.0,0.0,0.0,0.018,0.28,5.0,0.01,3.045,9.0,0.0,84.325,84.583,94.512,100.0,44.151,100.0,33.73,22.0,0.0,85.7,84.118,86.302,100.0,47.149,100.0,34.28,1.68,2.149,81.481,82.436,9.49,MODERATE
459,2026-06-05 18:45:00+00:00,18,4,-1.0,-0.0,-0.433884,-0.900969,False,False,EVENING,4.0,6.0,10.0,30.0,62.0,213.0,0.0,0.0,0.0,6.72,2.632,84.03,8.42,84.029,84.167,15.97,1.58,10.26,13.77,86.21,100.0,7.59,4.61,14.8,2.2,45.186,12.34,100.0,33.667,False,,0.0,70.732,0.0,0.0,-0.28,0.018,0.28,-1.0,-0.31,3.085,11.0,0.0,83.66,84.172,86.357,100.0,46.998,100.0,33.464,20.0,0.0,86.04,83.707,85.88,100.0,47.359,100.0,34.416,6.72,4.344,83.219,82.856,9.54,MODERATE
460,2026-06-05 19:00:00+00:00,19,4,-0.965926,0.258819,-0.433884,-0.900969,False,False,EVENING,3.0,7.0,9.0,32.0,61.0,213.0,0.0,0.0,0.0,5.04,4.381,84.21,8.4,84.214,83.959,15.79,1.6,10.26,13.77,86.4,100.0,7.65,4.61,14.74,2.21,45.417,12.34,100.0,33.584,False,,0.0,70.774,0.0,0.0,0.0,0.018,0.28,-2.0,-0.48,3.085,12.0,0.0,83.336,83.632,89.972,100.0,47.275,100.0,33.335,22.0,0.0,85.095,83.863,86.643,100.0,46.273,100.0,34.038,5.04,3.563,83.524,83.195,9.44,MODERATE
461,2026-06-05 19:15:00+00:00,19,4,-0.965926,0.258819,-0.433884,-0.900969,False,False,EVENING,5.0,8.0,14.0,33.0,64.0,216.0,0.0,0.0,0.0,8.4,4.113,85.14,8.54,85.141,85.41,14.86,1.46,9.47,12.04,94.612,100.0,7.48,4.63,14.89,2.18,44.868,12.66,100.0,34.164,False,,0.0,72.205,0.0,0.0,0.0,0.018,0.28,4.0,0.32,3.165,12.0,0.0,85.738,83.944,86.123,100.0,47.724,100.0,34.295,20.0,0.0,84.66,84.629,86.825,100.0,47.414,100.0,33.864,0.0,3.117,81.788,82.589,8.86,MODERATE
462,2026-06-05 19:30:00+00:00,19,4,-0.965926,0.258819,-0.433884,-0.900969,False,False,EVENING,1.0,6.0,13.0,32.0,62.0,214.0,0.0,0.0,0.0,1.68,4.345,84.58,8.43,84.583,84.325,15.42,1.57,9.42,11.93,94.512,100.0,7.29,4.63,15.08,2.15,44.151,12.34,100.0,33.73,False,,0.0,71.788,0.0,0.0,0.0,0.018,0.28,1.0,0.16,3.085,12.0,0.0,85.7,84.118,86.302,100.0,47.149,100.0,34.28,18.0,0.0,84.202,84.114,86.297,100.0,46.885,100.0,33.681,1.68,2.921,79.873,82.47,8.43,MODERATE
463,2026-06-05 19:45:00+00:00,19,4,-0.965926,0.258819,-0.433884,-0.900969,False,False,EVENING,2.0,3.0,11.0,32.0,62.0,211.0,0.0,0.0,0.0,3.36,5.272,84.17,8.37,84.172,83.66,15.83,1.63,10.26,13.77,86.357,100.0,8.06,4.63,14.31,2.28,46.998,12.18,100.0,33.464,False,,0.0,70.843,0.0,0.0,0.0,0.018,0.28,1.0,-0.16,3.045,11.0,0.0,86.04,83.707,85.88,100.0,47.359,100.0,34.416,18.0,0.0,83.918,83.928,88.254,100.0,46.536,100.0,33.567,5.04,3.699,80.87,82.706,8.33,MODERATE
464,2026-06-05 20:00:00+00:00,20,4,-0.866025,0.5,-0.433884,-0.900969,False,False,EVENING,2.0,4.0,10.0,30.0,61.0,209.0,0.0,0.0,0.0,3.36,5.648,83.63,8.33,83.632,83.336,16.37,1.67,9.78,12.73,89.972,100.0,8.15,4.62,14.24,2.3,47.275,12.02,100.0,33.335,False,,0.0,71.118,0.0,0.0,0.0,0.018,0.28,1.0,-0.32,3.005,10.0,0.0,85.095,83.863,86.643,100.0,46.273,100.0,34.038,18.0,0.0,83.886,83.891,100.0,100.0,47.633,100.0,33.554,1.68,3.854,80.097,82.24,7.91,MODERATE
465,2026-06-05 20:15:00+00:00,20,4,-0.866025,0.5,-0.433884,-0.900969,False,False,EVENING,4.0,6.0,9.0,33.0,65.0,210.0,0.0,0.0,0.0,6.72,4.512,83.94,8.57,83.944,85.738,16.06,1.43,10.26,13.77,86.123,100.0,8.25,4.64,14.11,2.32,47.724,12.18,100.0,34.295,False,,0.0,71.245,0.0,0.0,0.0,0.018,0.28,-5.0,-0.48,3.045,10.0,0.0,84.66,84.629,86.825,100.0,47.414,100.0,33.864,17.0,0.0,84.955,84.476,100.0,100.0,47.377,100.0,33.982,0.0,3.329,78.559,81.561,7.32,MODERATE
466,2026-06-05 20:30:00+00:00,20,4,-0.866025,0.5,-0.433884,-0.900969,False,False,EVENING,3.0,7.0,11.0,36.0,62.0,204.0,0.0,0.0,0.0,5.04,4.357,84.12,8.57,84.118,85.7,15.88,1.43,10.26,13.77,86.302,100.0,8.08,4.65,14.27,2.29,47.149,12.18,100.0,34.28,False,,0.0,71.246,0.0,0.0,0.0,0.018,0.28,-2.0,-0.16,3.045,10.0,0.0,84.202,84.114,86.297,100.0,46.885,100.0,33.681,13.0,0.0,84.072,84.137,100.0,100.0,47.23,100.0,33.629,3.36,4.177,79.509,81.262,7.06,MODERATE
467,2026-06-05 20:45:00+00:00,20,4,-0.866025,0.5,-0.433884,-0.900969,False,False,EVENING,3.0,6.0,12.0,33.0,61.0,203.0,0.0,0.0,0.0,5.04,6.548,83.71,8.6,83.707,86.04,16.29,1.4,10.26,13.77,85.88,100.0,8.12,4.67,14.21,2.3,47.359,12.19,100.0,34.416,False,,0.0,71.191,0.0,0.0,0.0,0.018,0.28,1.0,0.01,3.048,9.0,0.0,83.918,83.928,88.254,100.0,46.536,100.0,33.567,13.0,0.0,85.845,84.928,100.0,100.0,46.087,100.0,34.338,3.36,2.62,80.676,81.33,6.8,MODERATE
468,2026-06-05 21:00:00+00:00,21,4,-0.707107,0.707107,-0.433884,-0.900969,False,False,EVENING,2.0,5.0,12.0,31.0,62.0,199.0,0.0,0.0,0.0,3.36,3.117,83.86,8.51,83.863,85.095,16.14,1.49,10.19,13.61,86.643,100.0,7.82,4.67,14.51,2.25,46.273,12.03,100.0,34.038,False,,0.0,71.031,0.0,0.0,0.0,0.018,0.28,2.0,0.01,3.008,12.0,0.0,83.886,83.891,100.0,100.0,47.633,100.0,33.554,12.0,0.0,83.558,84.036,100.0,100.0,47.4,100.0,33.423,1.68,2.551,80.043,81.176,6.37,MODERATE
469,2026-06-05 21:15:00+00:00,21,4,-0.707107,0.707107,-0.433884,-0.900969,False,False,EVENING,4.0,6.0,12.0,35.0,63.0,199.0,0.0,0.0,0.0,6.72,3.83,84.63,8.47,84.629,84.66,15.37,1.53,10.26,13.77,86.825,100.0,8.13,4.67,14.2,2.3,47.414,12.19,100.0,33.864,False,,0.0,71.237,0.0,0.0,0.0,0.018,0.28,3.0,0.01,3.048,10.0,0.0,84.955,84.476,100.0,100.0,47.377,100.0,33.982,15.0,0.0,83.414,84.428,100.0,100.0,50.205,100.0,33.366,5.04,2.04,80.691,81.861,6.27,MODERATE
470,2026-06-05 21:30:00+00:00,21,4,-0.707107,0.707107,-0.433884,-0.900969,False,False,EVENING,2.0,6.0,11.0,35.0,64.0,198.0,0.0,0.0,0.0,3.36,5.601,84.11,8.42,84.114,84.202,15.89,1.58,10.26,13.77,86.297,100.0,8.0,4.66,14.34,2.28,46.885,12.03,100.0,33.681,False,,0.0,70.921,0.0,0.0,0.0,0.018,0.28,0.0,-0.15,3.008,8.0,0.0,84.072,84.137,100.0,100.0,47.23,100.0,33.629,13.0,0.0,84.402,83.886,100.0,100.0,50.619,100.0,33.761,1.68,2.254,80.761,81.711,5.85,MODERATE
471,2026-06-05 21:45:00+00:00,21,4,-0.707107,0.707107,-0.433884,-0.900969,False,False,EVENING,2.0,4.0,10.0,33.0,63.0,199.0,0.0,0.0,0.0,3.36,4.216,83.93,8.39,83.928,83.918,16.07,1.61,10.01,13.22,88.254,100.0,7.91,4.65,14.44,2.26,46.536,11.87,100.0,33.567,False,,0.0,71.026,0.0,0.0,0.0,0.0,0.0,-2.0,-0.32,2.968,9.0,0.0,85.845,84.928,100.0,100.0,46.087,100.0,34.338,12.0,0.0,84.037,83.914,100.0,100.0,47.706,100.0,33.615,1.68,2.77,79.244,81.59,5.42,MODERATE
472,2026-06-05 22:00:00+00:00,22,4,-0.5,0.866025,-0.433884,-0.900969,False,False,NIGHT,2.0,4.0,10.0,32.0,64.0,196.0,0.0,0.0,0.0,3.36,3.523,83.89,8.39,83.891,83.886,16.11,1.61,5.95,10.02,100.0,100.0,8.22,4.64,14.14,2.31,47.633,11.71,100.0,33.554,False,,0.0,72.52,0.0,0.0,0.0,0.0,0.0,-2.0,-0.32,2.928,6.0,0.0,83.558,84.036,100.0,100.0,47.4,100.0,33.423,13.0,0.0,82.926,83.229,100.0,100.0,48.574,100.0,33.17,6.72,2.393,80.789,82.517,5.48,MODERATE
473,2026-06-05 22:15:00+00:00,22,4,-0.5,0.866025,-0.433884,-0.900969,False,False,NIGHT,4.0,6.0,10.0,31.0,64.0,195.0,0.0,0.0,0.0,6.72,3.953,84.48,8.5,84.476,84.955,15.52,1.5,6.27,10.71,100.0,100.0,8.14,4.65,14.21,2.3,47.377,11.87,100.0,33.982,False,,0.0,72.84,0.0,0.0,0.0,0.0,0.0,-2.0,-0.32,2.968,7.0,0.0,83.414,84.428,100.0,100.0,50.205,100.0,33.366,13.0,0.0,82.0,82.501,100.0,100.0,48.573,100.0,32.8,1.68,3.266,81.121,82.087,5.06,MODERATE
474,2026-06-05 22:30:00+00:00,22,4,-0.5,0.866025,-0.433884,-0.900969,False,False,NIGHT,1.0,5.0,9.0,31.0,63.0,196.0,0.0,0.0,0.0,1.68,3.387,84.14,8.41,84.137,84.072,15.86,1.59,6.27,10.71,100.0,100.0,8.11,4.64,14.25,2.3,47.23,11.55,100.0,33.629,False,,0.0,72.575,0.0,0.0,0.0,0.0,0.0,-2.0,-0.48,2.888,5.0,0.0,84.402,83.886,100.0,100.0,50.619,100.0,33.761,13.0,0.0,81.481,82.436,100.0,100.0,46.477,100.0,32.592,0.0,4.461,79.606,81.124,4.47,MODERATE
475,2026-06-05 22:45:00+00:00,22,4,-0.5,0.866025,-0.433884,-0.900969,False,False,NIGHT,5.0,6.0,12.0,34.0,66.0,201.0,0.0,0.0,0.0,8.4,4.525,84.93,8.58,84.928,85.845,15.07,1.42,5.52,9.05,100.0,100.0,7.78,4.66,14.56,2.24,46.087,11.87,100.0,34.338,False,,0.0,73.001,0.0,0.0,0.0,0.0,0.0,2.0,0.0,2.968,4.0,0.0,84.037,83.914,100.0,100.0,47.706,100.0,33.615,14.0,0.0,83.219,82.856,100.0,100.0,45.35,100.0,33.288,5.04,1.439,80.337,81.951,4.37,MODERATE
476,2026-06-05 23:00:00+00:00,23,4,-0.258819,0.965926,-0.433884,-0.900969,False,False,NIGHT,0.0,5.0,10.0,32.0,62.0,199.0,0.0,0.0,0.0,0.0,4.483,84.04,8.36,84.036,83.558,15.96,1.64,6.27,10.71,100.0,100.0,8.15,4.65,14.2,2.3,47.4,11.39,100.0,33.423,False,,0.0,72.466,0.0,0.0,0.0,0.0,0.0,0.0,-0.32,2.848,6.0,0.0,82.926,83.229,100.0,100.0,48.574,100.0,33.17,12.0,0.0,83.524,83.195,100.0,100.0,46.168,100.0,33.41,3.36,2.484,80.738,82.13,4.11,MODERATE
477,2026-06-05 23:15:00+00:00,23,4,-0.258819,0.965926,-0.433884,-0.900969,False,False,NIGHT,2.0,2.0,8.0,30.0,63.0,200.0,0.0,0.0,0.0,3.36,1.851,84.43,8.34,84.428,83.414,15.57,1.66,6.27,10.71,100.0,100.0,8.92,4.64,13.44,2.44,50.205,11.23,100.0,33.366,False,,0.0,72.775,0.0,0.0,0.0,0.0,0.0,-2.0,-0.64,2.808,8.0,0.0,82.0,82.501,100.0,100.0,48.573,100.0,32.8,10.0,0.0,81.788,82.589,100.0,100.0,47.087,95.217,32.715,5.04,3.366,82.151,82.407,4.0,MODERATE
478,2026-06-05 23:30:00+00:00,23,4,-0.258819,0.965926,-0.433884,-0.900969,False,False,NIGHT,2.0,4.0,9.0,29.0,65.0,201.0,0.0,0.0,0.0,3.36,5.133,83.89,8.44,83.886,84.402,16.11,1.56,6.27,10.71,100.0,100.0,9.03,4.64,13.33,2.46,50.619,11.07,100.0,33.761,False,,0.0,72.891,0.0,0.0,0.0,0.0,0.0,0.0,-0.48,2.768,8.0,0.0,81.481,82.436,100.0,100.0,46.477,100.0,32.592,13.0,0.0,79.873,82.47,100.0,100.0,45.791,100.0,31.949,0.0,3.739,81.284,81.559,3.42,MODERATE
479,2026-06-05 23:45:00+00:00,23,4,-0.258819,0.965926,-0.433884,-0.900969,False,False,NIGHT,2.0,4.0,6.0,28.0,61.0,203.0,0.0,0.0,0.0,3.36,3.395,83.91,8.4,83.914,84.037,16.09,1.6,5.97,10.06,100.0,100.0,8.25,4.63,14.12,2.32,47.706,10.92,100.0,33.615,False,,0.0,72.562,0.0,0.0,0.0,0.0,0.0,-6.0,-0.95,2.73,8.0,0.0,83.219,82.856,100.0,100.0,45.35,100.0,33.288,13.0,0.0,80.87,82.706,100.0,100.0,42.535,100.0,32.348,1.68,1.274,80.987,81.69,3.0,MODERATE
480,2026-06-06 00:00:00+00:00,0,5,0.0,1.0,-0.974928,-0.222521,True,False,NIGHT,1.0,3.0,7.0,27.0,58.0,203.0,0.0,0.0,0.0,1.68,4.864,83.23,8.29,83.229,82.926,16.77,1.71,6.27,10.71,100.0,100.0,8.5,4.62,13.88,2.36,48.574,10.49,100.0,33.17,False,,0.0,72.267,0.0,0.0,0.0,0.0,0.0,-3.0,-0.9,2.622,7.0,0.0,83.524,83.195,100.0,100.0,46.168,100.0,33.41,11.0,0.0,80.097,82.24,100.0,100.0,41.473,100.0,32.039,5.04,1.771,82.511,82.355,2.89,MODERATE
481,2026-06-06 00:15:00+00:00,0,5,0.0,1.0,-0.974928,-0.222521,True,False,NIGHT,0.0,1.0,5.0,23.0,58.0,202.0,0.0,0.0,0.0,0.0,3.283,82.5,8.2,82.501,82.0,17.5,1.8,4.61,7.06,100.0,100.0,8.52,4.6,13.89,2.36,48.573,9.91,100.0,32.8,False,,0.0,71.922,0.0,0.0,0.0,0.0,0.0,-3.0,-1.32,2.478,5.0,0.0,81.788,82.589,100.0,100.0,47.087,95.217,32.715,14.0,0.0,78.559,81.561,100.0,100.0,40.188,79.883,31.424,5.04,4.491,83.383,82.405,2.79,MODERATE
482,2026-06-06 00:30:00+00:00,0,5,0.0,1.0,-0.974928,-0.222521,True,False,NIGHT,1.0,1.0,4.0,22.0,57.0,203.0,0.0,0.0,0.0,1.68,2.149,82.44,8.15,82.436,81.481,17.56,1.85,5.94,9.99,100.0,100.0,7.97,4.57,14.45,2.26,46.477,9.49,100.0,32.592,False,,0.0,71.615,0.0,0.0,0.0,0.0,0.0,-5.0,-1.58,2.372,5.0,0.0,79.873,82.47,100.0,100.0,45.791,100.0,31.949,15.0,0.0,79.509,81.262,100.0,100.0,40.309,100.0,31.804,0.0,2.263,82.064,81.971,2.21,MODERATE
483,2026-06-06 00:45:00+00:00,0,5,0.0,1.0,-0.974928,-0.222521,True,False,NIGHT,4.0,5.0,6.0,24.0,57.0,207.0,0.0,0.0,0.0,6.72,4.344,82.86,8.32,82.856,83.219,17.14,1.68,6.27,10.71,100.0,100.0,7.67,4.57,14.76,2.2,45.35,9.54,100.0,33.288,False,,0.0,71.954,0.0,0.0,0.0,0.0,0.0,0.0,-1.38,2.385,6.0,0.0,80.87,82.706,100.0,100.0,42.535,100.0,32.348,13.0,0.0,80.676,81.33,100.0,100.0,40.278,100.0,32.27,0.0,2.312,80.181,81.581,1.62,MODERATE
484,2026-06-06 01:00:00+00:00,1,5,0.258819,0.965926,-0.974928,-0.222521,True,False,NIGHT,3.0,7.0,8.0,25.0,57.0,210.0,0.0,0.0,0.0,5.04,3.563,83.19,8.35,83.195,83.524,16.81,1.65,6.08,10.29,100.0,100.0,7.89,4.58,14.53,2.24,46.168,9.44,100.0,33.41,False,,0.0,72.163,0.0,0.0,0.0,0.0,0.0,1.0,-1.05,2.36,5.0,0.0,80.097,82.24,100.0,100.0,41.473,100.0,32.039,14.0,0.0,80.043,81.176,100.0,100.0,39.528,95.983,32.017,3.36,2.798,80.435,81.696,1.36,MODERATE
485,2026-06-06 01:15:00+00:00,1,5,0.258819,0.965926,-0.974928,-0.222521,True,False,NIGHT,0.0,3.0,8.0,21.0,52.0,207.0,0.0,0.0,0.0,0.0,3.117,82.59,8.18,82.589,81.788,17.41,1.82,6.27,10.71,100.0,100.0,8.15,4.56,14.29,2.29,47.087,8.86,95.217,32.715,False,,0.0,71.335,0.0,0.0,0.0,0.0,0.0,3.0,-1.05,2.215,5.0,0.0,78.559,81.561,100.0,100.0,40.188,79.883,31.424,15.0,0.0,80.691,81.861,100.0,100.0,40.247,100.0,32.276,8.4,3.736,83.032,82.603,1.58,MODERATE
486,2026-06-06 01:30:00+00:00,1,5,0.258819,0.965926,-0.974928,-0.222521,True,False,NIGHT,1.0,1.0,8.0,21.0,52.0,207.0,0.0,0.0,0.0,1.68,2.921,82.47,7.99,82.47,79.873,17.53,2.01,5.44,8.88,100.0,100.0,7.83,4.53,14.64,2.23,45.791,8.43,100.0,31.949,False,,0.0,71.239,0.0,0.0,0.0,0.0,0.0,4.0,-1.06,2.108,8.0,0.0,79.509,81.262,100.0,100.0,40.309,100.0,31.804,15.0,0.0,80.761,81.711,100.0,100.0,42.034,90.717,32.305,0.0,3.355,81.075,81.96,0.99,MODERATE
487,2026-06-06 01:45:00+00:00,1,5,0.258819,0.965926,-0.974928,-0.222521,True,False,NIGHT,3.0,4.0,7.0,19.0,53.0,210.0,0.0,0.0,0.0,5.04,3.699,82.71,8.09,82.706,80.87,17.29,1.91,6.27,10.71,100.0,100.0,6.97,4.51,15.52,2.07,42.535,8.33,100.0,32.348,False,,0.0,71.197,0.0,0.0,0.0,0.0,0.0,1.0,-1.21,2.082,7.0,0.0,80.676,81.33,100.0,100.0,40.278,100.0,32.27,14.0,0.0,79.244,81.59,100.0,100.0,41.876,86.483,31.697,5.04,3.61,82.09,82.216,0.89,MODERATE
488,2026-06-06 02:00:00+00:00,2,5,0.5,0.866025,-0.974928,-0.222521,True,False,NIGHT,1.0,4.0,5.0,20.0,52.0,209.0,0.0,0.0,0.0,1.68,3.854,82.24,8.01,82.24,80.097,17.76,1.99,4.76,7.38,100.0,100.0,6.71,4.49,15.8,2.02,41.473,7.91,100.0,32.039,False,,0.0,70.845,0.0,0.0,0.0,0.0,0.0,-3.0,-1.53,1.978,6.0,0.0,80.043,81.176,100.0,100.0,39.528,95.983,32.017,14.0,0.0,80.789,82.517,100.0,100.0,43.401,100.0,32.315,0.0,3.346,80.815,81.507,0.31,MODERATE
489,2026-06-06 02:15:00+00:00,2,5,0.5,0.866025,-0.974928,-0.222521,True,False,NIGHT,0.0,1.0,5.0,18.0,48.0,209.0,0.0,0.0,0.0,0.0,3.329,81.56,7.86,81.561,78.559,18.44,2.14,6.27,10.71,100.0,100.0,6.39,4.46,16.15,1.95,40.188,7.32,79.883,31.424,False,,0.0,68.462,0.0,0.0,0.0,0.0,0.0,-3.0,-1.54,1.83,9.0,0.0,80.691,81.861,100.0,100.0,40.247,100.0,32.276,13.0,0.0,81.121,82.087,100.0,100.0,44.469,82.817,32.448,5.04,3.798,81.733,81.725,0.2,NORMAL
490,2026-06-06 02:30:00+00:00,2,5,0.5,0.866025,-0.974928,-0.222521,True,False,NIGHT,2.0,2.0,6.0,18.0,47.0,210.0,0.0,0.0,0.0,3.36,4.177,81.26,7.95,81.262,79.509,18.74,2.05,6.27,10.71,100.0,100.0,6.44,4.44,16.12,1.96,40.309,7.06,100.0,31.804,False,,0.0,70.407,0.0,0.0,0.0,0.0,0.0,-2.0,-1.37,1.765,7.0,0.0,80.761,81.711,100.0,100.0,42.034,90.717,32.305,15.0,0.0,79.606,81.124,100.0,100.0,44.154,51.383,31.842,9.749,2.674,85.774,83.09,0.58,MODERATE
491,2026-06-06 02:45:00+00:00,2,5,0.5,0.866025,-0.974928,-0.222521,True,False,NIGHT,2.0,4.0,5.0,18.0,46.0,212.0,0.0,0.0,0.0,3.36,2.62,81.33,8.07,81.33,80.676,18.67,1.93,6.27,10.71,100.0,100.0,6.44,4.44,16.12,1.96,40.278,6.8,100.0,32.27,False,,0.0,70.653,0.0,0.0,0.0,0.0,0.0,-2.0,-1.53,1.7,6.0,0.0,79.244,81.59,100.0,100.0,41.876,86.483,31.697,15.0,0.0,80.337,81.951,100.0,100.0,43.359,100.0,32.135,2.011,4.561,84.921,82.538,0.16,MODERATE
492,2026-06-06 03:00:00+00:00,3,5,0.707107,0.707107,-0.974928,-0.222521,True,False,NIGHT,1.0,3.0,5.0,18.0,45.0,212.0,0.0,0.0,0.0,1.68,2.551,81.18,8.0,81.176,80.043,18.82,2.0,6.02,10.17,100.0,100.0,6.24,4.43,16.33,1.92,39.528,6.37,95.983,32.017,False,,0.0,70.063,0.0,0.0,0.0,0.0,0.0,0.0,-1.54,1.592,8.0,0.0,80.789,82.517,100.0,100.0,43.401,100.0,32.315,12.0,0.0,80.738,82.13,100.0,100.0,43.206,98.917,32.295,1.68,4.517,84.6,81.861,0.0,MODERATE
493,2026-06-06 03:15:00+00:00,3,5,0.707107,0.707107,-0.974928,-0.222521,True,False,NIGHT,3.0,4.0,8.0,21.0,44.0,214.0,0.0,0.0,0.0,5.04,2.04,81.86,8.07,81.861,80.691,18.14,1.93,4.31,6.41,100.0,100.0,6.43,4.43,16.13,1.96,40.247,6.27,100.0,32.276,False,,0.0,70.77,0.0,0.0,0.0,0.0,0.0,3.0,-1.05,1.568,6.0,0.0,81.121,82.087,100.0,100.0,44.469,82.817,32.448,12.0,0.0,82.151,82.407,100.0,100.0,43.376,100.0,32.861,5.04,3.165,85.245,82.265,0.0,MODERATE
494,2026-06-06 03:30:00+00:00,3,5,0.707107,0.707107,-0.974928,-0.222521,True,False,NIGHT,1.0,4.0,7.0,21.0,43.0,214.0,0.0,0.0,0.0,1.68,2.254,81.71,8.08,81.711,80.761,18.29,1.92,5.36,8.72,100.0,100.0,6.91,4.44,15.65,2.04,42.034,5.85,90.717,32.305,False,,0.0,70.076,0.0,0.0,0.0,0.0,0.0,1.0,-1.21,1.462,8.0,0.0,79.606,81.124,100.0,100.0,44.154,51.383,31.842,14.0,0.0,81.284,81.559,100.0,100.0,43.725,40.85,32.514,3.36,3.307,84.469,82.356,0.0,MODERATE
495,2026-06-06 03:45:00+00:00,3,5,0.707107,0.707107,-0.974928,-0.222521,True,False,NIGHT,1.0,2.0,6.0,18.0,42.0,214.0,0.0,0.0,0.0,1.68,2.77,81.59,7.92,81.59,79.244,18.41,2.08,5.89,9.89,100.0,100.0,6.89,4.42,15.69,2.04,41.876,5.42,86.483,31.697,False,,0.0,69.351,0.0,0.0,0.0,0.0,0.0,1.0,-1.38,1.355,8.0,0.0,80.337,81.951,100.0,100.0,43.359,100.0,32.135,14.0,0.0,80.987,81.69,100.0,100.0,43.605,62.217,32.395,3.36,4.467,84.781,82.048,0.0,NORMAL
496,2026-06-06 04:00:00+00:00,4,5,0.866025,0.5,-0.974928,-0.222521,True,False,NIGHT,4.0,5.0,9.0,19.0,44.0,218.0,0.0,0.0,0.0,6.72,2.393,82.52,8.08,82.517,80.789,17.48,1.92,6.27,10.71,100.0,100.0,7.29,4.42,15.28,2.11,43.401,5.48,100.0,32.315,False,,0.0,71.218,0.0,0.0,0.0,0.0,0.0,4.0,-0.89,1.37,6.0,0.0,80.738,82.13,100.0,100.0,43.206,98.917,32.295,16.0,0.0,82.511,82.355,72.422,100.0,43.691,100.0,33.004,5.04,2.982,85.393,82.502,0.0,MODERATE
497,2026-06-06 04:15:00+00:00,4,5,0.866025,0.5,-0.974928,-0.222521,True,False,NIGHT,1.0,5.0,7.0,20.0,41.0,218.0,0.0,0.0,0.0,1.68,3.266,82.09,8.11,82.087,81.121,17.91,1.89,6.27,10.71,100.0,100.0,7.57,4.43,14.99,2.16,44.469,5.06,82.817,32.448,False,,0.0,69.739,0.0,0.0,0.0,0.0,0.0,-1.0,-1.21,1.265,7.0,0.0,82.151,82.407,100.0,100.0,43.376,100.0,32.861,13.0,0.0,83.383,82.405,74.664,100.0,44.284,100.0,33.353,9.401,4.595,87.708,83.472,0.38,NORMAL
498,2026-06-06 04:30:00+00:00,4,5,0.866025,0.5,-0.974928,-0.222521,True,False,NIGHT,0.0,1.0,6.0,19.0,40.0,218.0,0.0,0.0,0.0,0.0,4.461,81.12,7.96,81.124,79.606,18.88,2.04,5.43,8.86,100.0,100.0,7.5,4.42,15.08,2.15,44.154,4.47,51.383,31.842,False,,0.0,66.367,0.0,0.0,0.0,0.0,0.0,-1.0,-1.38,1.118,7.0,0.0,81.284,81.559,100.0,100.0,43.725,40.85,32.514,13.0,0.0,82.064,81.971,73.219,100.0,43.868,28.717,32.826,4.039,4.201,88.009,83.401,0.11,NORMAL
499,2026-06-06 04:45:00+00:00,4,5,0.866025,0.5,-0.974928,-0.222521,True,False,NIGHT,3.0,3.0,8.0,19.0,38.0,221.0,0.0,0.0,0.0,5.04,1.439,81.95,8.03,81.951,80.337,18.05,1.97,6.27,10.71,100.0,100.0,7.29,4.42,15.29,2.11,43.359,4.37,100.0,32.135,False,,0.0,70.999,0.0,0.0,0.0,0.0,0.0,2.0,-1.05,1.092,7.0,0.0,80.987,81.69,100.0,100.0,43.605,62.217,32.395,19.0,0.0,80.181,81.581,71.742,100.0,44.746,22.883,32.072,9.024,4.457,89.737,84.37,0.65,MODERATE
500,2026-06-06 05:00:00+00:00,5,5,0.965926,0.258819,-0.974928,-0.222521,True,False,NIGHT,2.0,5.0,6.0,20.0,40.0,220.0,0.0,0.0,0.0,3.36,2.484,82.13,8.07,82.13,80.738,17.87,1.93,6.27,10.71,100.0,100.0,7.24,4.42,15.33,2.1,43.206,4.11,98.917,32.295,False,,0.0,71.007,0.0,0.0,0.0,0.0,0.0,-3.0,-1.37,1.028,6.0,0.0,82.511,82.355,72.422,100.0,43.691,100.0,33.004,20.0,0.0,80.435,81.696,71.843,100.0,43.977,71.45,32.174,8.637,4.553,90.377,85.327,0.87,MODERATE
501,2026-06-06 05:15:00+00:00,5,5,0.965926,0.258819,-0.974928,-0.222521,True,False,NIGHT,3.0,5.0,8.0,23.0,41.0,220.0,0.0,0.0,0.0,5.04,3.366,82.41,8.22,82.407,82.151,17.59,1.78,6.27,10.71,100.0,100.0,7.27,4.44,15.29,2.11,43.376,4.0,100.0,32.861,False,,0.0,71.464,0.0,0.0,0.0,0.0,0.0,1.0,-1.06,1.0,5.0,0.0,83.383,82.405,74.664,100.0,44.284,100.0,33.353,19.0,0.0,83.032,82.603,72.64,100.0,42.602,100.0,33.213,7.538,5.304,90.364,85.887,0.76,MODERATE
502,2026-06-06 05:30:00+00:00,5,5,0.965926,0.258819,-0.974928,-0.222521,True,False,NIGHT,0.0,3.0,8.0,21.0,39.0,220.0,0.0,0.0,0.0,0.0,3.739,81.56,8.13,81.559,81.284,18.44,1.87,6.27,10.71,100.0,100.0,7.36,4.45,15.19,2.13,43.725,3.42,40.85,32.514,False,,0.0,65.812,0.0,0.0,0.0,0.0,0.0,2.0,-1.05,0.855,7.0,0.0,82.064,81.971,73.219,100.0,43.868,28.717,32.826,17.0,0.0,81.075,81.96,77.692,100.0,40.344,16.583,32.43,6.72,5.377,90.922,86.167,0.82,NORMAL
503,2026-06-06 05:45:00+00:00,5,5,0.965926,0.258819,-0.974928,-0.222521,True,False,NIGHT,1.0,1.0,6.0,20.0,38.0,220.0,0.0,0.0,0.0,1.68,1.274,81.69,8.1,81.69,80.987,18.31,1.9,6.27,10.71,100.0,100.0,7.32,4.45,15.23,2.12,43.605,3.0,62.217,32.395,False,,0.0,67.693,0.0,0.0,0.0,0.0,0.0,-2.0,-1.37,0.75,7.0,0.0,80.181,81.581,71.742,100.0,44.746,22.883,32.072,19.0,0.0,82.09,82.216,72.3,100.0,39.953,92.35,32.836,6.72,6.117,91.432,86.267,0.88,NORMAL
504,2026-06-06 06:00:00+00:00,6,5,1.0,0.0,-0.974928,-0.222521,True,False,MORNING,3.0,4.0,7.0,22.0,40.0,222.0,0.0,0.0,0.0,5.04,1.771,82.35,8.25,82.355,82.511,17.65,1.75,11.97,16.21,72.422,100.0,7.33,4.47,15.2,2.12,43.691,2.89,100.0,33.004,False,,0.0,68.243,0.0,0.0,0.0,0.0,0.0,1.0,-1.22,0.722,10.0,0.0,80.435,81.696,71.843,100.0,43.977,71.45,32.174,18.0,0.0,80.815,81.507,76.881,100.0,41.097,9.717,32.326,6.72,6.314,91.826,86.329,0.93,NORMAL
505,2026-06-06 06:15:00+00:00,6,5,1.0,0.0,-0.974928,-0.222521,True,False,MORNING,3.0,6.0,7.0,22.0,43.0,223.0,0.0,0.0,0.0,5.04,4.491,82.4,8.34,82.405,83.383,17.6,1.66,11.62,15.44,74.664,100.0,7.47,4.49,15.04,2.15,44.284,2.79,100.0,33.353,False,,0.0,68.751,0.0,0.0,0.0,0.0,0.0,-1.0,-1.21,0.698,8.0,0.0,83.032,82.603,72.64,100.0,42.602,100.0,33.213,21.0,0.0,81.733,81.725,71.869,100.0,42.594,85.483,32.693,7.878,6.73,92.724,86.526,1.15,NORMAL
506,2026-06-06 06:30:00+00:00,6,5,1.0,0.0,-0.974928,-0.222521,True,False,MORNING,0.0,3.0,7.0,21.0,42.0,220.0,0.0,0.0,0.0,0.0,2.263,81.97,8.21,81.971,82.064,18.03,1.79,11.78,15.81,73.219,100.0,7.35,4.5,15.16,2.13,43.868,2.21,28.717,32.826,False,,0.0,61.765,0.0,0.0,0.0,0.0,0.0,-1.0,-1.21,0.552,6.0,0.0,81.075,81.96,77.692,100.0,40.344,16.583,32.43,24.0,0.2,85.774,83.09,79.115,100.0,42.797,100.0,35.491,5.562,6.257,91.843,86.44,1.05,NORMAL
507,2026-06-06 06:45:00+00:00,6,5,1.0,0.0,-0.974928,-0.222521,True,False,MORNING,0.0,0.0,6.0,20.0,38.0,219.0,0.0,0.0,0.0,0.0,2.312,81.58,8.02,81.581,80.181,18.42,1.98,11.97,16.21,71.742,100.0,7.6,4.48,14.92,2.17,44.746,1.62,22.883,32.072,False,,0.0,60.68,0.0,0.0,0.0,0.0,0.0,0.0,-1.38,0.405,12.0,0.0,82.09,82.216,72.3,100.0,39.953,92.35,32.836,20.0,0.0,84.921,82.538,72.583,100.0,43.761,33.817,33.969,1.68,5.984,89.255,85.623,0.62,NORMAL
508,2026-06-06 07:00:00+00:00,7,5,0.965926,-0.258819,-0.974928,-0.222521,True,False,MORNING,2.0,2.0,5.0,18.0,37.0,218.0,0.0,0.0,0.0,3.36,2.798,81.7,8.04,81.696,80.435,18.3,1.96,11.97,16.21,71.843,100.0,7.41,4.47,15.13,2.14,43.977,1.36,71.45,32.174,False,,0.0,65.07,0.0,0.0,0.0,0.0,0.0,-2.0,-1.53,0.34,10.0,0.0,80.815,81.507,76.881,100.0,41.097,9.717,32.326,26.0,0.0,84.6,81.861,77.577,100.0,44.031,32.267,33.84,5.04,5.238,88.542,85.645,0.52,NORMAL
509,2026-06-06 07:15:00+00:00,7,5,0.965926,-0.258819,-0.974928,-0.222521,True,False,MORNING,5.0,7.0,7.0,22.0,42.0,222.0,0.0,0.0,0.0,8.4,3.736,82.6,8.3,82.603,83.032,17.4,1.7,11.97,16.21,72.64,100.0,7.02,4.49,15.5,2.07,42.602,1.58,100.0,33.213,False,,0.0,68.33,0.0,0.0,0.0,0.0,0.0,0.0,-1.21,0.395,11.0,0.0,81.733,81.725,71.869,100.0,42.594,85.483,32.693,30.0,0.0,85.245,82.265,72.343,100.0,44.538,83.467,34.098,8.186,4.959,89.954,86.311,0.9,NORMAL
510,2026-06-06 07:30:00+00:00,7,5,0.965926,-0.258819,-0.974928,-0.222521,True,False,MORNING,0.0,5.0,7.0,22.0,41.0,221.0,0.0,0.0,0.0,0.0,3.355,81.96,8.11,81.96,81.075,18.04,1.89,11.1,14.31,77.692,100.0,6.41,4.48,16.11,1.96,40.344,0.99,16.583,32.43,False,,0.0,60.693,0.0,0.0,0.0,0.0,0.0,0.0,-1.22,0.248,11.0,0.2,85.774,83.09,79.115,100.0,42.797,100.0,35.491,30.0,0.0,84.469,82.356,72.423,100.0,46.511,57.867,33.788,6.934,5.009,91.157,86.672,0.79,NORMAL
511,2026-06-06 07:45:00+00:00,7,5,0.965926,-0.258819,-0.974928,-0.222521,True,False,MORNING,3.0,3.0,10.0,22.0,41.0,224.0,0.0,0.0,0.0,5.04,3.61,82.22,8.21,82.216,82.09,17.78,1.79,11.97,16.21,72.3,100.0,6.3,4.49,16.21,1.94,39.953,0.89,92.35,32.836,False,,0.0,67.089,0.0,0.0,0.0,0.0,0.0,4.0,-0.73,0.222,7.0,0.0,84.921,82.538,72.583,100.0,43.761,33.817,33.969,32.0,0.0,84.781,82.048,84.693,100.0,46.456,57.867,33.913,7.763,5.588,92.229,87.108,1.01,NORMAL
512,2026-06-06 08:00:00+00:00,8,5,0.866025,-0.5,-0.974928,-0.222521,True,False,MORNING,0.0,3.0,8.0,20.0,40.0,221.0,0.0,0.0,0.0,0.0,3.346,81.51,8.08,81.507,80.815,18.49,1.92,11.16,14.43,76.881,100.0,6.62,4.48,15.9,2.0,41.097,0.31,9.717,32.326,False,,0.0,59.894,0.0,0.0,0.0,0.0,0.0,3.0,-1.05,0.078,8.0,0.0,84.6,81.861,77.577,100.0,44.031,32.267,33.84,34.0,0.0,85.393,82.502,72.551,100.0,45.052,83.467,34.157,7.583,6.295,93.444,87.309,1.23,NORMAL
513,2026-06-06 08:15:00+00:00,8,5,0.866025,-0.5,-0.974928,-0.222521,True,False,MORNING,3.0,3.0,6.0,20.0,43.0,221.0,0.0,0.0,0.0,5.04,3.798,81.73,8.17,81.725,81.733,18.27,1.83,11.97,16.21,71.869,100.0,7.02,4.48,15.5,2.07,42.594,0.2,85.483,32.693,False,,0.0,66.477,0.0,0.0,0.0,0.0,0.0,-1.0,-1.38,0.05,10.0,0.0,85.245,82.265,72.343,100.0,44.538,83.467,34.098,35.0,0.4,87.708,83.472,81.11,100.0,44.323,100.0,37.509,4.814,6.549,92.773,86.942,0.96,NORMAL
514,2026-06-06 08:30:00+00:00,8,5,0.866025,-0.5,-0.974928,-0.222521,True,False,MORNING,6.0,9.0,12.0,26.0,47.0,224.0,0.2,0.0,0.0,9.749,2.674,83.09,8.58,83.09,85.774,16.91,1.42,11.07,14.23,79.115,100.0,7.02,4.54,15.44,2.08,42.797,0.58,100.0,35.491,False,,0.3,69.908,0.2,0.2,0.2,0.012,0.2,5.0,-0.41,0.195,13.0,0.0,84.469,82.356,72.423,100.0,46.511,57.867,33.788,34.0,0.0,88.009,83.401,80.541,100.0,45.236,59.0,35.204,0.0,6.737,89.637,85.571,0.38,NORMAL
515,2026-06-06 08:45:00+00:00,8,5,0.866025,-0.5,-0.974928,-0.222521,True,False,MORNING,1.0,7.0,10.0,26.0,46.0,224.0,0.0,0.02,0.0177,2.011,4.561,82.54,8.49,82.538,84.921,17.46,1.51,11.97,16.21,72.583,100.0,7.25,4.56,15.18,2.13,43.761,0.16,33.817,33.969,False,,0.0,62.835,-0.2,0.0,0.0,0.012,0.2,0.0,-0.73,0.04,13.0,0.0,84.781,82.048,84.693,100.0,46.456,57.867,33.913,35.0,1.63,89.737,84.37,75.723,100.0,44.478,100.0,45.665,5.04,4.599,89.328,85.712,0.28,NORMAL
516,2026-06-06 09:00:00+00:00,9,5,0.707107,-0.707107,-0.974928,-0.222521,True,False,MORNING,1.0,2.0,11.0,24.0,46.0,221.0,0.0,0.0,0.0,1.68,4.517,81.86,8.46,81.861,84.6,18.14,1.54,11.11,14.32,77.577,100.0,7.31,4.58,15.11,2.14,44.031,0.0,32.267,33.84,False,,0.0,63.105,0.0,-0.2,0.0,0.012,0.2,3.0,-0.31,0.0,18.0,0.0,85.393,82.502,72.551,100.0,45.052,83.467,34.157,29.0,1.49,90.377,85.327,79.95,100.0,44.556,100.0,45.073,3.36,4.821,88.393,85.441,0.01,NORMAL
517,2026-06-06 09:15:00+00:00,9,5,0.707107,-0.707107,-0.974928,-0.222521,True,False,MORNING,3.0,4.0,11.0,24.0,46.0,222.0,0.0,0.0,0.0,5.04,3.165,82.27,8.52,82.265,85.245,17.73,1.48,11.97,16.21,72.343,100.0,7.42,4.6,14.97,2.16,44.538,0.0,83.467,34.098,False,,0.0,67.349,0.0,0.0,0.0,0.012,0.2,5.0,-0.2,0.0,20.0,0.4,87.708,83.472,81.11,100.0,44.323,100.0,37.509,27.0,0.0,90.364,85.887,75.528,100.0,43.764,91.1,36.145,6.72,5.85,88.996,85.598,0.07,NORMAL
518,2026-06-06 09:30:00+00:00,9,5,0.707107,-0.707107,-0.974928,-0.222521,True,False,MORNING,2.0,5.0,7.0,26.0,47.0,221.0,0.0,0.0,0.0,3.36,3.307,82.36,8.45,82.356,84.469,17.64,1.55,11.97,16.21,72.423,100.0,7.95,4.61,14.44,2.26,46.511,0.0,57.867,33.788,False,,0.0,65.097,0.0,0.0,-0.2,0.012,0.2,-5.0,-0.58,0.0,17.0,0.0,88.009,83.401,80.541,100.0,45.236,59.0,35.204,30.0,0.0,90.922,86.167,75.774,100.0,44.394,100.0,36.369,5.04,3.807,88.071,85.999,0.0,NORMAL
519,2026-06-06 09:45:00+00:00,9,5,0.707107,-0.707107,-0.974928,-0.222521,True,False,MORNING,2.0,4.0,8.0,28.0,48.0,220.0,0.0,0.0,0.0,3.36,4.467,82.05,8.48,82.048,84.781,17.95,1.52,10.2,12.31,84.693,100.0,7.92,4.62,14.46,2.26,46.456,0.0,57.867,33.913,False,,0.0,66.559,0.0,0.0,0.0,0.012,0.2,-2.0,-0.16,0.0,19.0,1.63,89.737,84.37,75.723,100.0,44.478,100.0,45.665,29.0,0.0,91.432,86.267,75.862,100.0,43.791,100.0,36.573,6.72,4.634,88.558,86.471,0.06,NORMAL
520,2026-06-06 10:00:00+00:00,10,5,0.5,-0.866025,-0.974928,-0.222521,True,False,MORNING,3.0,5.0,10.0,29.0,47.0,220.0,0.0,0.0,0.0,5.04,2.982,82.5,8.54,82.502,85.393,17.5,1.46,11.97,16.21,72.551,100.0,7.53,4.64,14.84,2.19,45.052,0.0,83.467,34.157,False,,0.0,67.502,0.0,0.0,0.0,0.012,0.2,-1.0,0.0,0.0,16.0,1.49,90.377,85.327,79.95,100.0,44.556,100.0,45.073,30.0,0.0,91.826,86.329,78.309,100.0,43.608,100.0,36.731,6.72,6.514,88.731,86.506,0.11,NORMAL
521,2026-06-06 10:15:00+00:00,10,5,0.5,-0.866025,-0.974928,-0.222521,True,False,MORNING,6.0,9.0,13.0,30.0,52.0,224.0,0.4,0.0,0.0,9.401,4.595,83.47,8.77,83.472,87.708,16.53,1.23,10.86,13.76,81.11,100.0,7.28,4.69,15.03,2.15,44.323,0.38,100.0,37.509,False,,0.7,70.884,0.4,0.4,0.4,0.038,0.4,2.0,0.38,0.195,15.0,0.0,90.364,85.887,75.528,100.0,43.764,91.1,36.145,31.0,0.31,92.724,86.526,80.567,100.0,45.638,100.0,38.953,6.72,4.398,88.967,87.063,0.17,MODERATE
522,2026-06-06 10:30:00+00:00,10,5,0.5,-0.866025,-0.974928,-0.222521,True,False,MORNING,2.0,8.0,13.0,32.0,54.0,223.0,0.0,0.04,0.0364,4.039,4.201,83.4,8.8,83.401,88.009,16.6,1.2,10.9,13.86,80.541,100.0,7.49,4.72,14.79,2.2,45.236,0.11,59.0,35.204,False,,0.0,66.996,-0.4,0.0,0.0,0.038,0.4,6.0,0.11,0.028,17.0,0.0,90.922,86.167,75.774,100.0,44.394,100.0,36.369,28.0,0.0,91.843,86.44,76.015,100.0,45.954,93.933,36.737,5.04,5.459,88.853,86.969,0.07,NORMAL
523,2026-06-06 10:45:00+00:00,10,5,0.5,-0.866025,-0.974928,-0.222521,True,False,MORNING,7.0,9.0,18.0,36.0,58.0,228.0,1.63,0.0,0.0,9.024,4.457,84.37,8.97,84.37,89.737,15.63,1.03,11.83,15.91,75.723,100.0,7.19,4.82,14.99,2.16,44.478,0.65,100.0,45.665,False,,2.9,71.642,1.63,1.23,1.63,0.139,1.63,10.0,0.65,0.57,16.0,0.0,91.432,86.267,75.862,100.0,43.791,100.0,36.573,25.0,0.0,89.255,85.623,92.543,100.0,46.438,38.5,35.702,7.691,6.625,89.281,87.193,0.44,MODERATE
524,2026-06-06 11:00:00+00:00,11,5,0.258819,-0.965926,-0.974928,-0.222521,True,False,MORNING,5.0,12.0,20.0,41.0,61.0,226.0,1.49,0.15,0.0985,8.637,4.553,85.33,9.04,85.327,90.377,14.67,0.96,11.32,14.79,79.95,100.0,7.13,4.9,14.97,2.17,44.556,0.87,100.0,45.073,False,,2.7,72.405,-0.1399999999999999,1.49,1.49,0.232,1.63,10.0,0.87,0.59,13.0,0.0,91.826,86.329,78.309,100.0,43.608,100.0,36.731,27.0,0.0,88.542,85.645,75.316,100.0,46.022,88.667,35.417,7.602,5.89,89.12,87.637,0.66,MODERATE
525,2026-06-06 11:15:00+00:00,11,5,0.258819,-0.965926,-0.974928,-0.222521,True,False,MORNING,3.0,8.0,17.0,41.0,61.0,226.0,0.0,0.13,0.1338,7.538,5.304,85.89,9.04,85.887,90.364,14.11,0.96,11.97,16.21,75.528,100.0,6.9,4.92,15.18,2.13,43.764,0.76,91.1,36.145,False,,0.0,70.169,-1.49,-1.63,-0.4,0.232,1.63,4.0,0.38,0.19,12.0,0.31,92.724,86.526,80.567,100.0,45.638,100.0,38.953,26.0,1.13,89.954,86.311,79.921,100.0,45.947,100.0,42.745,7.44,6.276,89.693,87.871,1.2,MODERATE
526,2026-06-06 11:30:00+00:00,11,5,0.258819,-0.965926,-0.974928,-0.222521,True,False,MORNING,4.0,7.0,19.0,39.0,65.0,228.0,0.0,0.0,0.0,6.72,5.377,86.17,9.09,86.167,90.922,13.83,0.91,11.97,16.21,75.774,100.0,7.05,4.93,15.01,2.16,44.394,0.82,100.0,36.369,False,,0.0,71.229,0.0,-1.49,0.0,0.232,1.63,6.0,0.71,0.205,13.0,0.0,91.843,86.44,76.015,100.0,45.954,93.933,36.737,24.0,0.0,91.157,86.672,78.749,100.0,44.206,91.4,36.463,7.344,6.242,90.018,88.114,1.41,MODERATE
527,2026-06-06 11:45:00+00:00,11,5,0.258819,-0.965926,-0.974928,-0.222521,True,False,MORNING,4.0,8.0,16.0,42.0,68.0,231.0,0.0,0.0,0.0,6.72,6.117,86.27,9.14,86.267,91.432,13.73,0.86,11.97,16.21,75.862,100.0,6.87,4.95,15.18,2.13,43.791,0.88,100.0,36.573,False,,0.0,71.31,0.0,0.0,-1.63,0.232,1.63,-2.0,0.23,0.22,13.0,0.0,89.255,85.623,92.543,100.0,46.438,38.5,35.702,24.0,0.38,92.229,87.108,76.752,100.0,45.305,100.0,39.168,7.249,7.275,90.878,88.021,1.47,MODERATE
528,2026-06-06 12:00:00+00:00,12,5,0.0,-1.0,-0.974928,-0.222521,True,False,MORNING,4.0,8.0,15.0,45.0,69.0,229.0,0.0,0.0,0.0,6.72,6.314,86.33,9.18,86.329,91.826,13.67,0.82,11.6,15.41,78.309,100.0,6.8,4.97,15.23,2.12,43.608,0.93,100.0,36.731,False,,0.0,71.679,0.0,0.0,-1.49,0.232,1.63,-5.0,0.06,0.232,17.0,0.0,88.542,85.645,75.316,100.0,46.022,88.667,35.417,23.0,0.87,93.444,87.309,93.891,100.0,48.786,100.0,42.57,7.269,6.803,90.259,88.199,1.53,MODERATE
529,2026-06-06 12:15:00+00:00,12,5,0.0,-1.0,-0.974928,-0.222521,True,False,MORNING,5.0,9.0,17.0,47.0,71.0,233.0,0.31,0.0,0.0,7.878,6.73,86.53,9.27,86.526,92.724,13.47,0.73,11.32,14.79,80.567,100.0,7.31,5.01,14.68,2.22,45.638,1.15,100.0,38.953,False,,0.6,72.554,0.31,0.31,0.31,0.252,1.63,0.0,0.39,0.365,19.0,1.13,89.954,86.311,79.921,100.0,45.947,100.0,42.745,22.0,0.0,92.773,86.942,89.199,100.0,47.396,67.5,37.109,7.213,6.49,90.363,88.37,1.42,MODERATE
530,2026-06-06 12:30:00+00:00,12,5,0.0,-1.0,-0.974928,-0.222521,True,False,MORNING,3.0,8.0,16.0,48.0,74.0,233.0,0.0,0.03,0.028,5.562,6.257,86.44,9.18,86.44,91.843,13.56,0.82,11.97,16.21,76.015,100.0,7.39,5.02,14.59,2.23,45.954,1.05,93.933,36.737,False,,0.0,71.097,-0.31,0.0,0.0,0.239,1.63,-3.0,0.23,0.262,15.0,0.0,91.157,86.672,78.749,100.0,44.206,91.4,36.463,24.0,0.0,89.637,85.571,100.0,100.0,47.738,10.467,35.855,6.992,4.987,90.385,88.869,1.0,MODERATE
531,2026-06-06 12:45:00+00:00,12,5,0.0,-1.0,-0.974928,-0.222521,True,False,MORNING,1.0,4.0,13.0,47.0,75.0,232.0,0.0,0.0,0.0,1.68,5.984,85.62,8.93,85.623,89.255,14.38,1.07,9.74,11.31,92.543,100.0,7.54,5.0,14.46,2.26,46.438,0.62,38.5,35.702,False,,0.0,67.438,0.0,-0.31,0.0,0.239,1.63,-3.0,-0.26,0.155,12.0,0.38,92.229,87.108,76.752,100.0,45.305,100.0,39.168,27.0,0.0,89.328,85.712,87.937,100.0,46.562,86.233,35.731,6.964,7.685,91.734,88.554,1.7,NORMAL
532,2026-06-06 13:00:00+00:00,13,5,-0.258819,-0.965926,-0.974928,-0.222521,True,False,MORNING,3.0,4.0,12.0,47.0,76.0,231.0,0.0,0.0,0.0,5.04,5.238,85.65,8.85,85.645,88.542,14.35,1.15,11.97,16.21,75.316,100.0,7.46,4.97,14.57,2.24,46.022,0.52,88.667,35.417,False,,0.0,69.71,0.0,0.0,0.0,0.239,1.63,-3.0,-0.41,0.13,10.0,0.87,93.444,87.309,93.891,100.0,48.786,100.0,42.57,30.0,0.0,88.393,85.441,87.658,100.0,45.814,58.0,35.357,7.057,6.35,91.962,88.708,2.23,NORMAL
533,2026-06-06 13:15:00+00:00,13,5,-0.258819,-0.965926,-0.974928,-0.222521,True,False,MORNING,6.0,9.0,13.0,47.0,77.0,235.0,1.13,0.0,0.0,8.186,4.959,86.31,9.0,86.311,89.954,13.69,1.0,11.43,15.04,79.921,100.0,7.4,5.01,14.59,2.23,45.947,0.9,100.0,42.745,False,,2.2,72.428,1.13,1.13,0.8199999999999998,0.31,1.63,-4.0,-0.25,0.507,7.0,0.0,92.773,86.942,89.199,100.0,47.396,67.5,37.109,33.0,0.0,88.996,85.598,87.82,100.0,47.436,100.0,35.598,6.997,5.527,93.319,88.939,2.45,MODERATE
534,2026-06-06 13:30:00+00:00,13,5,-0.258819,-0.965926,-0.974928,-0.222521,True,False,MORNING,3.0,9.0,13.0,48.0,80.0,235.0,0.0,0.1,0.1015,6.934,5.009,86.67,9.12,86.672,91.157,13.33,0.88,11.59,15.37,78.749,100.0,6.93,5.01,15.06,2.15,44.206,0.79,91.4,36.463,False,,0.0,70.954,-1.13,0.0,0.0,0.31,1.63,-3.0,-0.26,0.198,9.0,0.0,89.637,85.571,100.0,100.0,47.738,10.467,35.855,36.0,0.0,88.071,85.999,100.0,100.0,47.544,83.467,35.229,6.888,8.039,93.003,88.683,2.51,MODERATE
535,2026-06-06 13:45:00+00:00,13,5,-0.258819,-0.965926,-0.974928,-0.222521,True,False,MORNING,5.0,8.0,17.0,46.0,82.0,238.0,0.38,0.0,0.0,7.763,5.588,87.11,9.22,87.108,92.229,12.89,0.78,11.97,16.21,76.752,100.0,7.2,5.03,14.77,2.2,45.305,1.01,100.0,39.168,False,,0.8,72.14,0.38,-0.7499999999999999,0.38,0.334,1.63,4.0,0.39,0.348,12.0,0.0,89.328,85.712,87.937,100.0,46.562,86.233,35.731,38.0,0.0,88.558,86.471,88.716,100.0,47.873,100.0,35.423,6.988,5.683,93.579,88.952,2.4,MODERATE
536,2026-06-06 14:00:00+00:00,14,5,-0.5,-0.866025,-0.974928,-0.222521,True,False,EVENING,5.0,10.0,19.0,46.0,87.0,240.0,0.87,0.03,0.0341,7.583,6.295,87.31,9.34,87.309,93.444,12.69,0.66,9.83,12.83,93.891,100.0,8.09,5.09,13.83,2.37,48.786,1.23,100.0,42.57,False,,1.8,75.111,0.49,0.87,0.87,0.388,1.63,7.0,0.71,0.525,13.0,0.0,88.393,85.441,87.658,100.0,45.814,58.0,35.357,38.0,0.0,88.731,86.506,90.495,100.0,47.483,100.0,35.492,6.879,6.484,92.774,89.131,2.62,MODERATE
537,2026-06-06 14:15:00+00:00,14,5,-0.5,-0.866025,-0.974928,-0.222521,True,False,EVENING,2.0,7.0,15.0,45.0,86.0,242.0,0.0,0.08,0.0779,4.814,6.549,86.94,9.28,86.942,92.773,13.06,0.72,10.26,13.77,89.199,100.0,7.71,5.09,14.2,2.3,47.396,0.96,67.5,37.109,False,,0.0,70.726,-0.87,-0.38,-1.13,0.363,1.63,2.0,0.06,0.24,15.0,0.0,88.996,85.598,87.82,100.0,47.436,100.0,35.598,38.0,0.0,88.967,87.063,89.322,100.0,47.456,100.0,35.587,6.827,7.431,92.535,89.004,2.52,MODERATE
538,2026-06-06 14:30:00+00:00,14,5,-0.5,-0.866025,-0.974928,-0.222521,True,False,EVENING,0.0,2.0,12.0,41.0,80.0,236.0,0.0,0.0,0.0,0.0,6.737,85.57,8.96,85.571,89.637,14.43,1.04,8.91,10.8,100.0,100.0,7.83,5.06,14.11,2.32,47.738,0.38,10.467,35.855,False,,0.0,65.991,0.0,-0.87,0.0,0.363,1.63,-1.0,-0.41,0.095,15.0,0.0,88.071,85.999,100.0,100.0,47.544,83.467,35.229,37.0,0.0,88.853,86.969,89.227,100.0,46.972,84.133,35.541,6.878,5.449,92.273,89.387,2.41,NORMAL
539,2026-06-06 14:45:00+00:00,14,5,-0.5,-0.866025,-0.974928,-0.222521,True,False,EVENING,3.0,3.0,10.0,40.0,82.0,235.0,0.0,0.0,0.0,5.04,4.599,85.71,8.93,85.712,89.328,14.29,1.07,10.26,13.77,87.937,100.0,7.54,5.03,14.43,2.26,46.562,0.28,86.233,35.731,False,,0.0,71.226,0.0,0.0,-0.38,0.261,1.49,-7.0,-0.73,0.07,15.0,0.0,88.558,86.471,88.716,100.0,47.873,100.0,35.423,35.0,1.42,89.281,87.193,93.541,100.0,46.859,100.0,44.243,6.74,9.745,91.853,88.678,2.79,MODERATE
540,2026-06-06 15:00:00+00:00,15,5,-0.707107,-0.707107,-0.974928,-0.222521,True,False,EVENING,2.0,5.0,7.0,38.0,83.0,236.0,0.0,0.0,0.0,3.36,4.821,85.44,8.84,85.441,88.393,14.56,1.16,10.26,13.77,87.658,100.0,7.37,5.0,14.63,2.23,45.814,0.01,58.0,35.357,False,,0.0,68.338,0.0,0.0,-0.87,0.168,1.13,-12.0,-1.22,0.002,17.0,0.0,88.731,86.506,90.495,100.0,47.483,100.0,35.492,37.0,1.9,89.12,87.637,96.997,100.0,46.806,100.0,47.03,7.009,7.546,91.882,88.541,3.01,NORMAL
541,2026-06-06 15:15:00+00:00,15,5,-0.707107,-0.707107,-0.974928,-0.222521,True,False,EVENING,4.0,6.0,9.0,37.0,84.0,237.0,0.0,0.0,0.0,6.72,5.85,85.6,8.9,85.598,88.996,14.4,1.1,10.26,13.77,87.82,100.0,7.83,4.98,14.19,2.31,47.436,0.07,100.0,35.598,False,,0.0,72.438,0.0,0.0,0.0,0.168,1.13,-6.0,-0.89,0.018,18.0,0.0,88.967,87.063,89.322,100.0,47.456,100.0,35.587,39.0,4.47,89.693,87.871,100.0,100.0,47.911,100.0,62.687,7.06,6.946,91.789,88.579,3.06,MODERATE
542,2026-06-06 15:30:00+00:00,15,5,-0.707107,-0.707107,-0.974928,-0.222521,True,False,EVENING,3.0,7.0,12.0,37.0,85.0,239.0,0.0,0.0,0.0,5.04,3.807,86.0,8.81,85.999,88.071,14.0,1.19,8.88,10.73,100.0,100.0,7.89,4.95,14.16,2.31,47.544,0.0,83.467,35.229,False,,0.0,72.325,0.0,0.0,0.0,0.168,1.13,0.0,-0.38,0.0,21.0,0.0,88.853,86.969,89.227,100.0,46.972,84.133,35.541,37.0,5.1,90.018,88.114,92.754,100.0,49.011,100.0,66.588,7.047,5.424,91.911,88.972,2.96,MODERATE
543,2026-06-06 15:45:00+00:00,15,5,-0.707107,-0.707107,-0.974928,-0.222521,True,False,EVENING,4.0,7.0,13.0,40.0,87.0,240.0,0.0,0.0,0.0,6.72,4.634,86.47,8.86,86.471,88.558,13.53,1.14,10.26,13.77,88.716,100.0,7.99,4.93,14.07,2.33,47.873,0.06,100.0,35.423,False,,0.0,72.69,0.0,0.0,0.0,0.168,1.13,3.0,-0.22,0.015,23.0,1.42,89.281,87.193,93.541,100.0,46.859,100.0,44.243,36.0,4.78,90.878,88.021,100.0,100.0,49.929,100.0,65.043,6.9,7.31,91.171,88.944,2.86,MODERATE
544,2026-06-06 16:00:00+00:00,16,5,-0.866025,-0.5,-0.974928,-0.222521,True,False,EVENING,4.0,8.0,15.0,41.0,88.0,243.0,0.0,0.0,0.0,6.72,6.514,86.51,8.87,86.506,88.731,13.49,1.13,10.06,13.34,90.495,100.0,7.9,4.92,14.18,2.31,47.483,0.11,100.0,35.492,False,,0.0,72.91,0.0,0.0,0.0,0.168,1.13,8.0,0.1,0.028,21.0,1.9,89.12,87.637,96.997,100.0,46.806,100.0,47.03,35.0,4.46,90.259,88.199,94.462,100.0,48.199,100.0,62.836,6.923,6.512,90.458,89.118,2.59,MODERATE
545,2026-06-06 16:15:00+00:00,16,5,-0.866025,-0.5,-0.974928,-0.222521,True,False,EVENING,4.0,8.0,15.0,39.0,86.0,243.0,0.0,0.0,0.0,6.72,4.398,87.06,8.9,87.063,88.967,12.94,1.1,10.26,13.77,89.322,100.0,7.9,4.92,14.19,2.31,47.456,0.17,100.0,35.587,False,,0.0,72.937,0.0,0.0,0.0,0.149,1.13,6.0,0.1,0.042,20.0,4.47,89.693,87.871,100.0,100.0,47.911,100.0,62.687,36.0,3.16,90.363,88.37,92.123,100.0,48.191,97.7,55.117,6.87,6.344,91.073,89.188,2.65,MODERATE
546,2026-06-06 16:30:00+00:00,16,5,-0.866025,-0.5,-0.974928,-0.222521,True,False,EVENING,3.0,7.0,15.0,39.0,87.0,244.0,0.0,0.0,0.0,5.04,5.459,86.97,8.89,86.969,88.853,13.03,1.11,10.26,13.77,89.227,100.0,7.77,4.91,14.32,2.28,46.972,0.07,84.133,35.541,False,,0.0,71.41,0.0,0.0,0.0,0.149,1.13,3.0,0.07,0.018,16.0,5.1,90.018,88.114,92.754,100.0,49.011,100.0,66.588,36.0,0.0,90.385,88.869,91.176,100.0,49.061,42.267,36.154,6.834,7.908,90.375,88.989,2.39,MODERATE
547,2026-06-06 16:45:00+00:00,16,5,-0.866025,-0.5,-0.974928,-0.222521,True,False,EVENING,6.0,9.0,17.0,40.0,86.0,248.0,1.42,0.0,0.0,7.691,6.625,87.19,8.93,87.193,89.281,12.81,1.07,9.88,12.94,93.541,100.0,7.69,4.96,14.35,2.28,46.859,0.44,100.0,44.243,False,,3.0,74.39,1.42,1.42,1.42,0.238,1.42,4.0,0.38,0.465,12.0,4.78,90.878,88.021,100.0,100.0,49.929,100.0,65.043,38.0,3.86,91.734,88.554,95.211,100.0,47.696,100.0,59.824,6.919,6.834,90.692,88.979,2.92,MODERATE
548,2026-06-06 17:00:00+00:00,17,5,-0.965926,-0.258819,-0.974928,-0.222521,True,False,EVENING,5.0,11.0,18.0,40.0,86.0,249.0,1.9,0.13,0.0675,7.602,5.89,87.64,8.91,87.637,89.12,12.36,1.09,9.6,12.33,96.997,100.0,7.62,5.02,14.36,2.27,46.806,0.66,100.0,47.03,False,,4.0,75.172,0.48,1.9,1.9,0.356,1.9,3.0,0.55,0.64,16.0,4.46,90.259,88.199,94.462,100.0,48.199,100.0,62.836,36.0,6.65,91.962,88.708,94.083,100.0,47.99,100.0,76.71,6.918,6.898,90.806,88.972,2.5,MODERATE
549,2026-06-06 17:15:00+00:00,17,5,-0.965926,-0.258819,-0.974928,-0.222521,True,False,EVENING,7.0,12.0,21.0,45.0,90.0,255.0,4.47,0.17,0.0382,7.44,6.276,87.87,8.97,87.871,89.693,12.13,1.03,9.29,11.64,100.0,100.0,7.77,5.16,14.06,2.33,47.911,1.2,100.0,62.687,False,,9.6,77.443,2.57,3.05,4.47,0.565,4.47,6.0,1.03,1.418,19.0,3.16,90.363,88.37,92.123,100.0,48.191,97.7,55.117,34.0,7.49,93.319,88.939,99.357,100.0,49.305,100.0,82.265,6.342,8.108,90.298,88.581,2.4,MODERATE
550,2026-06-06 17:30:00+00:00,17,5,-0.965926,-0.258819,-0.974928,-0.222521,True,False,EVENING,5.0,12.0,23.0,50.0,91.0,260.0,5.1,0.4,0.0789,7.344,6.242,88.11,9.0,88.114,90.018,11.89,1.0,10.26,13.77,92.754,100.0,7.93,5.3,13.77,2.38,49.011,1.41,100.0,66.588,False,,11.1,77.194,0.6299999999999999,3.1999999999999997,5.1,0.884,5.1,8.0,1.34,1.628,21.0,0.0,90.385,88.869,91.176,100.0,49.061,42.267,36.154,33.0,7.39,93.003,88.683,94.397,100.0,50.097,100.0,81.538,6.72,7.675,90.54,88.319,2.45,MODERATE
551,2026-06-06 17:45:00+00:00,17,5,-0.965926,-0.258819,-0.974928,-0.222521,True,False,EVENING,4.0,9.0,21.0,51.0,91.0,258.0,4.78,0.46,0.0959,7.249,7.275,88.02,9.09,88.021,90.878,11.98,0.91,8.97,10.93,100.0,100.0,8.07,5.41,13.52,2.43,49.929,1.47,100.0,65.043,False,,10.5,78.093,-0.3199999999999994,0.3100000000000005,3.3600000000000003,1.159,5.1,4.0,1.03,1.562,24.0,3.86,91.734,88.554,95.211,100.0,47.696,100.0,59.824,32.0,6.23,93.579,88.952,94.137,100.0,51.57,100.0,74.81,1.68,6.904,88.088,87.258,2.03,MODERATE
552,2026-06-06 18:00:00+00:00,18,5,-1.0,-0.0,-0.974928,-0.222521,True,False,EVENING,4.0,8.0,20.0,53.0,91.0,258.0,4.46,0.43,0.0966,7.269,6.803,88.2,9.03,88.199,90.259,11.8,0.97,10.05,13.31,94.462,100.0,7.53,5.48,13.99,2.34,48.199,1.53,100.0,62.836,False,,9.8,76.983,-0.3200000000000003,-0.6399999999999997,2.56,1.383,5.1,2.0,0.87,1.498,19.0,6.65,91.962,88.708,94.083,100.0,47.99,100.0,76.71,32.0,7.14,92.774,89.131,94.739,100.0,51.437,100.0,79.92,,,,,,MODERATE
553,2026-06-06 18:15:00+00:00,18,5,-1.0,-0.0,-0.974928,-0.222521,True,False,EVENING,3.0,7.0,16.0,52.0,89.0,261.0,3.16,0.4,0.1268,7.213,6.49,88.37,9.04,88.37,90.363,11.63,0.96,10.26,13.77,92.123,100.0,7.52,5.5,13.99,2.34,48.191,1.42,97.7,55.117,False,,7.0,75.721,-1.2999999999999998,-1.62,-1.3099999999999996,1.581,5.1,-5.0,0.22,1.145,17.0,7.49,93.319,88.939,99.357,100.0,49.305,100.0,82.265,29.0,6.07,92.535,89.004,99.823,100.0,53.403,100.0,73.444,,,,,,MODERATE
554,2026-06-06 18:30:00+00:00,18,5,-1.0,-0.0,-0.974928,-0.222521,True,False,EVENING,1.0,4.0,12.0,50.0,87.0,260.0,0.0,0.28,0.2846,6.992,4.987,88.87,9.04,88.869,90.385,11.13,0.96,10.26,13.77,91.176,100.0,7.86,5.39,13.75,2.38,49.061,1.0,42.267,36.154,False,,0.0,68.789,-3.16,-4.46,-5.1,1.581,5.1,-11.0,-0.41,0.25,15.0,7.39,93.003,88.683,94.397,100.0,50.097,100.0,81.538,30.0,4.98,92.273,89.387,96.054,100.0,51.949,100.0,66.776,,,,,,NORMAL
555,2026-06-06 18:45:00+00:00,18,5,-1.0,-0.0,-0.974928,-0.222521,True,False,EVENING,8.0,9.0,16.0,54.0,94.0,264.0,3.86,0.0,0.0,6.964,7.685,88.55,9.17,88.554,91.734,11.45,0.83,9.98,13.16,95.211,100.0,7.42,5.46,14.12,2.32,47.696,1.7,100.0,59.824,False,,8.8,77.017,3.86,0.6999999999999997,-0.9200000000000004,1.822,5.1,-5.0,0.23,1.39,14.0,6.23,93.579,88.952,94.137,100.0,51.57,100.0,74.81,29.0,6.97,91.853,88.678,94.803,100.0,51.45,100.0,78.536,,,,,,MODERATE
556,2026-06-06 19:00:00+00:00,19,5,-0.965926,0.258819,-0.974928,-0.222521,True,False,EVENING,7.0,15.0,19.0,57.0,98.0,268.0,6.65,0.35,0.0521,7.057,6.35,88.71,9.2,88.708,91.962,11.29,0.8,10.26,13.77,94.083,100.0,7.34,5.62,14.04,2.33,47.99,2.23,100.0,76.71,False,,15.0,78.773,2.7900000000000005,6.65,2.1900000000000004,2.238,6.65,-1.0,0.7,2.22,17.0,7.14,92.774,89.131,94.739,100.0,51.437,100.0,79.92,30.0,7.79,91.882,88.541,94.437,100.0,50.894,100.0,83.514,,,,,,MODERATE
557,2026-06-06 19:15:00+00:00,19,5,-0.965926,0.258819,-0.974928,-0.222521,True,False,EVENING,5.0,12.0,21.0,58.0,97.0,268.0,7.49,0.6,0.08,6.997,5.527,88.94,9.33,88.939,93.319,11.06,0.67,9.78,12.72,99.357,100.0,7.52,5.79,13.69,2.4,49.305,2.45,100.0,82.265,False,,17.1,80.384,0.8399999999999999,3.6300000000000003,4.33,2.706,7.49,5.0,1.03,2.485,17.0,6.07,92.535,89.004,99.823,100.0,53.403,100.0,73.444,26.0,7.59,91.789,88.579,94.383,100.0,52.606,100.0,82.263,,,,,,MODERATE
558,2026-06-06 19:30:00+00:00,19,5,-0.965926,0.258819,-0.974928,-0.222521,True,False,EVENING,4.0,9.0,24.0,59.0,98.0,271.0,7.39,0.67,0.0912,6.888,8.039,88.68,9.3,88.683,93.003,11.32,0.7,10.26,13.77,94.397,100.0,7.6,5.92,13.47,2.43,50.097,2.51,100.0,81.538,False,,17.1,79.677,-0.10000000000000053,0.7399999999999993,7.39,3.168,7.49,12.0,1.51,2.475,18.0,4.98,92.273,89.387,96.054,100.0,51.949,100.0,66.776,25.0,6.4,91.911,88.972,94.235,100.0,51.626,100.0,75.143,,,,,,MODERATE
559,2026-06-06 19:45:00+00:00,19,5,-0.965926,0.258819,-0.974928,-0.222521,True,False,EVENING,3.0,7.0,19.0,56.0,96.0,272.0,6.23,0.67,0.1068,6.988,5.683,88.95,9.36,88.952,93.579,11.05,0.64,10.26,13.77,94.137,100.0,7.93,5.99,13.08,2.51,51.57,2.4,100.0,74.81,False,,14.2,79.21,-1.1599999999999993,-1.2599999999999998,2.3700000000000006,3.557,7.49,3.0,0.7,2.158,18.0,6.97,91.853,88.678,94.803,100.0,51.45,100.0,78.536,26.0,5.29,91.171,88.944,93.694,100.0,50.207,100.0,68.205,,,,,,MODERATE
560,2026-06-06 20:00:00+00:00,20,5,-0.866025,0.5,-0.974928,-0.222521,True,False,EVENING,5.0,8.0,17.0,56.0,96.0,275.0,7.14,0.56,0.0786,6.879,6.484,89.13,9.28,89.131,92.774,10.87,0.72,10.26,13.77,94.739,100.0,7.82,6.07,13.11,2.5,51.437,2.62,100.0,79.92,False,,16.6,79.731,0.9099999999999993,-0.25,0.4899999999999993,4.003,7.49,-2.0,0.39,2.44,15.0,7.79,91.882,88.541,94.437,100.0,50.894,100.0,83.514,24.0,3.17,90.458,89.118,100.0,100.0,49.772,83.8,55.196,,,,,,MODERATE
561,2026-06-06 20:15:00+00:00,20,5,-0.866025,0.5,-0.974928,-0.222521,True,False,EVENING,3.0,8.0,15.0,52.0,97.0,274.0,6.07,0.64,0.1058,6.827,7.431,89.0,9.25,89.004,92.535,11.0,0.75,9.67,12.48,99.823,100.0,8.33,6.09,12.58,2.6,53.403,2.52,100.0,73.444,False,,14.2,79.758,-1.0699999999999994,-0.16000000000000014,-1.42,4.382,7.49,-6.0,0.07,2.148,12.0,7.59,91.789,88.579,94.383,100.0,52.606,100.0,82.263,22.0,3.08,91.073,89.188,100.0,100.0,50.584,100.0,54.905,,,,,,MODERATE
562,2026-06-06 20:30:00+00:00,20,5,-0.866025,0.5,-0.974928,-0.222521,True,False,EVENING,3.0,6.0,14.0,50.0,100.0,274.0,4.98,0.55,0.1098,6.878,5.449,89.39,9.23,89.387,92.273,10.61,0.77,10.04,13.29,96.054,100.0,7.96,6.07,12.97,2.52,51.949,2.41,100.0,66.776,False,,11.6,78.509,-1.0899999999999999,-2.1599999999999993,-2.4099999999999993,4.694,7.49,-10.0,-0.1,1.848,12.0,6.4,91.911,88.972,94.235,100.0,51.626,100.0,75.143,18.0,1.01,90.375,88.989,100.0,100.0,50.87,81.733,42.217,,,,,,MODERATE
563,2026-06-06 20:45:00+00:00,20,5,-0.866025,0.5,-0.974928,-0.222521,True,False,EVENING,6.0,9.0,17.0,52.0,103.0,277.0,6.97,0.45,0.0643,6.74,9.745,88.68,9.19,88.678,91.853,11.32,0.81,10.19,13.63,94.803,100.0,7.78,6.12,13.11,2.5,51.45,2.79,100.0,78.536,False,,16.5,79.347,1.9899999999999993,0.8999999999999995,0.7399999999999993,5.041,7.49,-2.0,0.39,2.44,11.0,5.29,91.171,88.944,93.694,100.0,50.207,100.0,68.205,16.0,3.89,90.692,88.979,100.0,100.0,51.043,100.0,59.632,,,,,,MODERATE
564,2026-06-06 21:00:00+00:00,21,5,-0.707107,0.707107,-0.974928,-0.222521,True,False,EVENING,5.0,11.0,17.0,53.0,106.0,280.0,7.79,0.63,0.0804,7.009,7.546,88.54,9.19,88.541,91.882,11.46,0.81,10.26,13.77,94.437,100.0,7.56,6.18,13.26,2.47,50.894,3.01,100.0,83.514,False,,17.7,79.754,0.8200000000000003,2.8099999999999996,0.6500000000000004,5.409,7.79,0.0,0.39,2.7,15.0,3.17,90.458,89.118,100.0,100.0,49.772,83.8,55.196,9.0,0.77,90.806,88.972,100.0,100.0,50.204,57.267,40.971,,,,,,MODERATE
565,2026-06-06 21:15:00+00:00,21,5,-0.707107,0.707107,-0.974928,-0.222521,True,False,EVENING,4.0,9.0,18.0,54.0,106.0,280.0,7.59,0.7,0.0924,7.06,6.946,88.58,9.18,88.579,91.789,11.42,0.82,10.26,13.77,94.383,100.0,7.97,6.23,12.8,2.56,52.606,3.06,100.0,82.263,False,,17.2,79.763,-0.20000000000000018,0.6200000000000001,1.5199999999999996,5.604,7.79,3.0,0.54,2.662,14.0,3.08,91.073,89.188,100.0,100.0,50.584,100.0,54.905,8.0,0.0,90.298,88.581,100.0,100.0,51.89,100.0,36.119,,,,,,MODERATE
566,2026-06-06 21:30:00+00:00,21,5,-0.707107,0.707107,-0.974928,-0.222521,True,False,EVENING,3.0,7.0,18.0,56.0,106.0,281.0,6.4,0.68,0.1068,7.047,5.424,88.97,9.19,88.972,91.911,11.03,0.81,10.26,13.77,94.235,100.0,7.71,6.23,13.06,2.51,51.626,2.96,100.0,75.143,False,,14.5,79.007,-1.1899999999999995,-1.3899999999999997,1.42,5.685,7.79,4.0,0.55,2.34,13.0,1.01,90.375,88.989,100.0,100.0,50.87,81.733,42.217,5.0,0.0,90.54,88.319,100.0,100.0,50.863,100.0,36.216,,,,,,MODERATE
567,2026-06-06 21:45:00+00:00,21,5,-0.707107,0.707107,-0.974928,-0.222521,True,False,EVENING,3.0,6.0,15.0,51.0,105.0,282.0,5.29,0.58,0.1088,6.9,7.31,88.94,9.12,88.944,91.171,11.06,0.88,10.26,13.77,93.694,100.0,7.38,6.17,13.44,2.44,50.207,2.86,100.0,68.205,False,,12.2,77.949,-1.1100000000000003,-2.3,-1.6799999999999997,5.717,7.79,-2.0,0.07,2.038,15.0,3.89,90.692,88.979,100.0,100.0,51.043,100.0,59.632,1.0,0.0,88.088,87.258,100.0,100.0,49.406,52.567,35.235,,,,,,MODERATE
568,2026-06-06 22:00:00+00:00,22,5,-0.5,0.866025,-0.974928,-0.222521,True,False,NIGHT,2.0,5.0,12.0,46.0,103.0,282.0,3.17,0.48,0.1502,6.923,6.512,89.12,9.05,89.118,90.458,10.88,0.95,5.98,10.07,100.0,100.0,7.39,6.05,13.56,2.42,49.772,2.59,83.8,55.196,False,,7.3,75.748,-2.12,-3.2300000000000004,-4.62,5.636,7.79,-5.0,-0.42,1.44,9.0,0.77,90.806,88.972,100.0,100.0,50.204,57.267,40.971,,,,,,,,,,,,,,,MODERATE
569,2026-06-06 22:15:00+00:00,22,5,-0.5,0.866025,-0.974928,-0.222521,True,False,NIGHT,4.0,6.0,12.0,45.0,103.0,282.0,3.08,0.29,0.0926,6.87,6.344,89.19,9.11,89.188,91.073,10.81,0.89,5.44,8.89,100.0,100.0,7.71,5.95,13.34,2.46,50.584,2.65,100.0,54.905,False,,7.2,77.36,-0.08999999999999986,-2.21,-4.51,5.631,7.79,-6.0,-0.41,1.432,8.0,0.0,90.298,88.581,100.0,100.0,51.89,100.0,36.119,,,,,,,,,,,,,,,MODERATE
570,2026-06-06 22:30:00+00:00,22,5,-0.5,0.866025,-0.974928,-0.222521,True,False,NIGHT,2.0,6.0,11.0,43.0,102.0,283.0,1.01,0.28,0.274,6.834,7.908,88.99,9.04,88.989,90.375,11.01,0.96,6.27,10.71,100.0,100.0,7.94,5.79,13.27,2.47,50.87,2.39,81.733,42.217,False,,2.4,74.233,-2.0700000000000003,-2.16,-5.390000000000001,5.694,7.79,-7.0,-0.57,0.85,5.0,0.0,90.54,88.319,100.0,100.0,50.863,100.0,36.216,,,,,,,,,,,,,,,MODERATE
571,2026-06-06 22:45:00+00:00,22,5,-0.5,0.866025,-0.974928,-0.222521,True,False,NIGHT,7.0,9.0,15.0,47.0,103.0,285.0,3.89,0.09,0.0234,6.919,6.834,88.98,9.07,88.979,90.692,11.02,0.93,4.83,7.55,100.0,100.0,8.01,5.77,13.22,2.48,51.043,2.92,100.0,59.632,False,,9.0,77.797,2.88,0.81,-1.4,5.696,7.79,0.0,0.06,1.703,1.0,0.0,88.088,87.258,100.0,100.0,49.406,52.567,35.235,,,,,,,,,,,,,,,MODERATE
572,2026-06-06 23:00:00+00:00,23,5,-0.258819,0.965926,-0.974928,-0.222521,True,False,NIGHT,1.0,8.0,14.0,43.0,99.0,286.0,0.77,0.35,0.3503,6.918,6.898,88.97,9.08,88.972,90.806,11.03,0.92,6.27,10.71,100.0,100.0,7.91,5.64,13.44,2.44,50.204,2.5,57.267,40.971,False,,1.8,71.9,-3.12,-0.24,-2.4,5.329,7.79,2.0,-0.09,0.818,,,,,,,,,,,,,,,,,,,,,,,,MODERATE
573,2026-06-06 23:15:00+00:00,23,5,-0.258819,0.965926,-0.974928,-0.222521,True,False,NIGHT,3.0,4.0,13.0,43.0,95.0,287.0,0.0,0.07,0.0697,6.342,8.108,88.58,9.03,88.581,90.298,11.42,0.97,6.27,10.71,100.0,100.0,8.5,5.51,12.99,2.52,51.89,2.4,100.0,36.119,False,,0.0,75.218,-0.77,-3.89,-3.08,4.861,7.79,1.0,-0.25,0.6,,,,,,,,,,,,,,,,,,,,,,,,MODERATE
574,2026-06-06 23:30:00+00:00,23,5,-0.258819,0.965926,-0.974928,-0.222521,True,False,NIGHT,4.0,7.0,15.0,44.0,94.0,289.0,0.0,0.0,0.0,6.72,7.675,88.32,9.05,88.319,90.54,11.68,0.95,6.27,10.71,100.0,100.0,8.33,5.4,13.27,2.47,50.863,2.45,100.0,36.216,False,,0.0,75.116,0.0,-0.77,-1.01,4.399,7.79,4.0,0.06,0.612,,,,,,,,,,,,,,,,,,,,,,,,MODERATE
575,2026-06-06 23:45:00+00:00,23,5,-0.258819,0.965926,-0.974928,-0.222521,True,False,NIGHT,1.0,5.0,9.0,39.0,91.0,288.0,0.0,0.0,0.0,1.68,6.904,87.26,8.81,87.258,88.088,12.74,1.19,3.33,4.24,100.0,100.0,8.05,5.29,13.66,2.4,49.406,2.03,52.567,35.235,False,,0.0,69.992,0.0,0.0,-3.89,4.009,7.79,-6.0,-0.89,0.507,,,,,,,,,,,,,,,,,,,,,,,,NORMAL
