step,timestamp,hour_of_day,day_of_week,hour_sin,hour_cos,dow_sin,dow_cos,is_weekend,is_holiday,shift_block,arrivals_15m,arrivals_30m,arrivals_1h,arrivals_3h,arrivals_6h,arrivals_24h,current_queue,critical_queue,priority_mix_critical,admissions_rate_1h,discharge_rate_1h,occupied_beds,occupied_icu,bed_occupancy,icu_occupancy,available_beds,available_icu,available_doctors,available_nurses,doctor_utilisation,nurse_utilisation,ventilators_in_use,monitors_in_use,available_equipment,reserved_equipment,equipment_utilisation,ot_backlog,ot_utilisation,emergency_resource_pressure,surge_active,surge_kind,waiting_minutes_mean,pressure_index,queue_change_15m,queue_change_30m,queue_change_1h,rolling_queue_mean,rolling_queue_max,arrival_rate_trend,ot_backlog_change_1h,queue_backlog_pressure,target_arrivals_1h,target_queue_1h,target_icu_occupancy_1h,target_bed_occupancy_1h,target_doctor_utilisation_1h,target_nurse_utilisation_1h,target_equipment_utilisation_1h,target_ot_utilisation_1h,target_emergency_resource_pressure_1h,target_arrivals_2h,target_queue_2h,target_icu_occupancy_2h,target_bed_occupancy_2h,target_doctor_utilisation_2h,target_nurse_utilisation_2h,target_equipment_utilisation_2h,target_ot_utilisation_2h,target_emergency_resource_pressure_2h,target_admissions_6h,target_discharges_6h,target_icu_occupancy_6h,target_bed_occupancy_6h,target_ot_backlog_6h,pressure_label
0,2026-06-01 00:00:00+00:00,0,0,0.0,1.0,0.0,1.0,False,False,NIGHT,1.0,1.0,1.0,1.0,1.0,1.0,2.16,0.72,0.3333,11.491,1.187,80.19,6.39,80.191,63.853,19.81,3.61,5.73,16.81,100.0,100.0,6.2,4.78,16.02,1.98,40.661,5.99,100.0,38.501,False,,3.0,68.455,0.0,0.0,0.0,2.16,2.16,0.0,0.0,2.038,5.0,0.0,66.074,81.047,100.0,100.0,35.775,100.0,26.43,9.0,0.0,65.112,80.143,100.0,100.0,36.006,100.0,26.045,6.72,3.961,75.209,81.594,8.07,NORMAL
1,2026-06-01 00:15:00+00:00,0,0,0.0,1.0,0.0,1.0,False,False,NIGHT,1.0,2.0,2.0,2.0,2.0,2.0,0.0,0.19,0.1944,5.309,2.53,80.69,6.58,80.688,65.831,19.31,3.42,6.26,17.98,100.0,100.0,6.55,4.55,15.9,2.0,41.094,5.99,100.0,26.333,False,,0.0,67.616,-2.16,0.0,0.0,1.08,2.16,0.0,0.0,1.498,4.0,0.0,65.815,80.715,100.0,100.0,34.337,100.0,26.326,11.0,0.0,64.289,79.984,100.0,100.0,37.224,100.0,25.716,0.0,3.887,74.851,80.658,7.91,NORMAL
2,2026-06-01 00:30:00+00:00,0,0,0.0,1.0,0.0,1.0,False,False,NIGHT,0.0,1.0,2.0,2.0,2.0,2.0,0.0,0.0,0.0,0.0,1.256,80.45,6.51,80.445,65.117,19.55,3.49,6.27,17.99,100.0,100.0,6.22,4.35,16.43,1.9,39.158,5.82,100.0,26.047,False,,0.0,67.246,0.0,-2.16,0.0,0.72,2.16,0.0,0.0,1.455,5.0,0.0,66.252,80.782,100.0,100.0,35.521,100.0,26.501,12.0,0.0,64.899,80.465,100.0,100.0,36.937,100.0,25.96,1.68,1.828,74.044,80.702,7.9,NORMAL
3,2026-06-01 00:45:00+00:00,0,0,0.0,1.0,0.0,1.0,False,False,NIGHT,2.0,2.0,4.0,4.0,4.0,4.0,0.0,0.0,0.0,3.36,1.805,80.76,6.59,80.757,65.885,19.24,3.41,5.93,17.24,100.0,100.0,6.16,4.21,16.63,1.87,38.409,5.97,100.0,26.354,False,,0.0,67.4,0.0,0.0,0.0,0.54,2.16,0.0,0.0,1.492,5.0,0.0,65.093,80.532,100.0,100.0,35.743,100.0,26.037,10.0,0.0,65.008,80.126,100.0,100.0,35.583,100.0,26.003,5.04,2.115,76.186,81.219,8.21,NORMAL
4,2026-06-01 01:00:00+00:00,1,0,0.258819,0.965926,0.0,1.0,False,False,NIGHT,2.0,4.0,5.0,6.0,6.0,6.0,0.0,0.0,0.0,3.36,2.125,81.05,6.61,81.047,66.074,18.95,3.39,6.27,17.99,100.0,100.0,5.57,4.09,17.34,1.74,35.775,6.13,100.0,26.43,False,,0.0,67.265,0.0,0.0,-2.16,0.432,2.16,4.0,0.14,1.532,5.0,0.0,65.112,80.143,100.0,100.0,36.006,100.0,26.045,9.0,0.0,64.061,80.039,100.0,100.0,34.952,100.0,25.625,6.72,2.299,78.295,82.114,8.69,NORMAL
5,2026-06-01 01:15:00+00:00,1,0,0.258819,0.965926,0.0,1.0,False,False,NIGHT,0.0,2.0,4.0,6.0,6.0,6.0,0.0,0.0,0.0,0.0,1.432,80.71,6.58,80.715,65.815,19.29,3.42,5.23,15.71,100.0,100.0,5.27,4.0,17.73,1.67,34.337,5.96,100.0,26.326,False,,0.0,67.011,0.0,0.0,0.0,0.36,2.16,2.0,-0.03,1.49,4.0,0.0,64.289,79.984,100.0,100.0,37.224,100.0,25.716,12.0,0.0,65.455,80.699,100.0,100.0,34.39,100.0,26.182,5.04,3.192,79.28,82.477,9.0,NORMAL
6,2026-06-01 01:30:00+00:00,1,0,0.258819,0.965926,0.0,1.0,False,False,NIGHT,2.0,2.0,6.0,8.0,8.0,8.0,0.0,0.0,0.0,3.36,2.918,80.78,6.63,80.782,66.252,19.22,3.37,5.1,15.43,100.0,100.0,5.66,3.93,17.41,1.73,35.521,6.11,100.0,26.501,False,,0.0,67.219,0.0,0.0,0.0,0.309,2.16,4.0,0.29,1.528,6.0,0.0,64.899,80.465,100.0,100.0,36.937,100.0,25.96,14.0,0.0,65.217,80.215,100.0,100.0,34.157,100.0,26.087,8.4,3.951,82.301,83.287,9.63,NORMAL
7,2026-06-01 01:45:00+00:00,1,0,0.258819,0.965926,0.0,1.0,False,False,NIGHT,1.0,3.0,5.0,9.0,9.0,9.0,0.0,0.0,0.0,1.68,3.143,80.53,6.51,80.532,65.093,19.47,3.49,6.27,17.99,100.0,100.0,5.79,3.86,17.35,1.74,35.743,6.11,100.0,26.037,False,,0.0,66.953,0.0,0.0,0.0,0.27,2.16,1.0,0.14,1.528,4.0,0.0,65.008,80.126,100.0,100.0,35.583,100.0,26.003,17.0,0.0,64.708,79.815,100.0,100.0,34.369,100.0,25.883,3.36,2.756,82.211,83.448,9.79,NORMAL
8,2026-06-01 02:00:00+00:00,2,0,0.5,0.866025,0.0,1.0,False,False,NIGHT,1.0,2.0,4.0,10.0,10.0,10.0,0.0,0.0,0.0,1.68,3.228,80.14,6.51,80.143,65.112,19.86,3.49,5.94,17.27,100.0,100.0,5.92,3.8,17.28,1.75,36.006,6.1,100.0,26.045,False,,0.0,66.894,0.0,0.0,0.0,0.24,2.16,-1.0,-0.03,1.525,4.0,0.0,64.061,80.039,100.0,100.0,34.952,100.0,25.625,17.0,0.0,66.567,80.005,100.0,100.0,33.848,100.0,26.627,1.68,4.054,82.475,82.828,9.78,NORMAL
9,2026-06-01 02:15:00+00:00,2,0,0.5,0.866025,0.0,1.0,False,False,NIGHT,1.0,2.0,5.0,11.0,11.0,11.0,0.0,0.0,0.0,1.68,2.643,79.98,6.43,79.984,64.289,20.02,3.57,6.27,17.99,100.0,100.0,6.3,3.75,16.95,1.81,37.224,6.09,100.0,25.716,False,,0.0,66.804,0.0,0.0,0.0,0.216,2.16,1.0,0.13,1.522,7.0,0.0,65.455,80.699,100.0,100.0,34.39,100.0,26.182,18.0,0.0,67.931,80.115,100.0,100.0,34.294,100.0,27.172,3.36,3.531,81.935,82.839,9.93,NORMAL
10,2026-06-01 02:30:00+00:00,2,0,0.5,0.866025,0.0,1.0,False,False,NIGHT,2.0,3.0,5.0,13.0,13.0,13.0,0.0,0.0,0.0,3.36,1.195,80.46,6.49,80.465,64.899,19.54,3.51,6.27,17.99,100.0,100.0,6.26,3.71,17.03,1.8,36.937,6.25,100.0,25.96,False,,0.0,67.006,0.0,0.0,0.0,0.196,2.16,-1.0,0.14,1.562,6.0,0.0,65.217,80.215,100.0,100.0,34.157,100.0,26.087,16.0,0.0,67.23,79.571,100.0,100.0,33.411,100.0,26.892,8.4,3.46,83.614,83.906,10.57,NORMAL
11,2026-06-01 02:45:00+00:00,2,0,0.5,0.866025,0.0,1.0,False,False,NIGHT,1.0,3.0,5.0,14.0,14.0,14.0,0.0,0.0,0.0,1.68,2.992,80.13,6.5,80.126,65.008,19.87,3.5,6.27,17.99,100.0,100.0,5.92,3.69,17.39,1.73,35.583,6.24,100.0,26.003,False,,0.0,66.832,0.0,0.0,0.0,0.18,2.16,0.0,0.13,1.56,6.0,0.0,64.708,79.815,100.0,100.0,34.369,100.0,25.883,17.0,0.0,66.867,79.516,100.0,100.0,32.375,100.0,26.747,0.0,4.999,81.497,82.868,10.4,NORMAL
12,2026-06-01 03:00:00+00:00,3,0,0.707107,0.707107,0.0,1.0,False,False,NIGHT,0.0,1.0,4.0,13.0,14.0,14.0,0.0,0.0,0.0,0.0,0.725,80.04,6.41,80.039,64.061,19.96,3.59,6.03,17.47,100.0,100.0,5.78,3.65,17.56,1.7,34.952,6.07,100.0,25.625,False,,0.0,66.566,0.0,0.0,0.0,0.166,2.16,0.0,-0.03,1.518,5.0,0.0,66.567,80.005,100.0,100.0,33.848,100.0,26.627,20.0,0.0,68.664,80.05,100.0,100.0,32.892,100.0,27.466,3.36,3.279,81.561,82.882,10.55,NORMAL
13,2026-06-01 03:15:00+00:00,3,0,0.707107,0.707107,0.0,1.0,False,False,NIGHT,3.0,3.0,6.0,15.0,17.0,17.0,0.0,0.0,0.0,5.04,1.842,80.7,6.55,80.699,65.455,19.3,3.45,6.13,17.68,100.0,100.0,5.64,3.64,17.71,1.67,34.39,6.39,100.0,26.182,False,,0.0,66.94,0.0,0.0,0.0,0.154,2.16,1.0,0.3,1.598,5.0,0.0,67.931,80.115,100.0,100.0,34.294,100.0,27.172,21.0,0.0,71.139,81.323,100.0,100.0,33.19,100.0,28.456,8.4,3.499,84.906,83.773,11.19,NORMAL
14,2026-06-01 03:30:00+00:00,3,0,0.707107,0.707107,0.0,1.0,False,False,NIGHT,0.0,3.0,4.0,15.0,17.0,17.0,0.0,0.0,0.0,0.0,2.031,80.22,6.52,80.215,65.217,19.78,3.48,6.27,17.99,100.0,100.0,5.59,3.63,17.78,1.66,34.157,6.22,100.0,26.087,False,,0.0,66.765,0.0,0.0,0.0,0.144,2.16,-1.0,-0.03,1.555,8.0,0.0,67.23,79.571,100.0,100.0,33.411,100.0,26.892,19.0,0.0,72.524,81.877,100.0,100.0,32.804,100.0,29.01,8.4,6.219,87.173,84.091,11.82,NORMAL
15,2026-06-01 03:45:00+00:00,3,0,0.707107,0.707107,0.0,1.0,False,False,NIGHT,1.0,1.0,4.0,14.0,18.0,18.0,0.0,0.0,0.0,1.68,3.484,79.82,6.47,79.815,64.708,20.18,3.53,6.27,17.99,100.0,100.0,5.66,3.62,17.72,1.67,34.369,6.21,100.0,25.883,False,,0.0,66.594,0.0,0.0,0.0,0.135,2.16,-1.0,-0.03,1.552,11.0,0.0,66.867,79.516,100.0,100.0,32.375,100.0,26.747,21.0,0.0,72.643,81.161,100.0,100.0,35.37,100.0,29.057,1.68,3.995,85.903,83.64,11.81,NORMAL
16,2026-06-01 04:00:00+00:00,4,0,0.866025,0.5,0.0,1.0,False,False,NIGHT,3.0,4.0,7.0,15.0,21.0,21.0,0.0,0.0,0.0,5.04,3.536,80.01,6.66,80.005,66.567,19.99,3.34,6.27,17.99,100.0,100.0,5.51,3.63,17.86,1.65,33.848,6.53,100.0,26.627,False,,0.0,66.961,0.0,0.0,0.0,0.0,0.0,3.0,0.46,1.632,12.0,0.0,68.664,80.05,100.0,100.0,32.892,100.0,27.466,22.0,0.0,75.209,81.594,71.753,67.645,38.202,100.0,30.084,8.4,3.491,86.974,84.76,12.45,NORMAL
17,2026-06-01 04:15:00+00:00,4,0,0.866025,0.5,0.0,1.0,False,False,NIGHT,2.0,5.0,6.0,17.0,23.0,23.0,0.0,0.0,0.0,3.36,2.375,80.12,6.79,80.115,67.931,19.88,3.21,6.27,17.99,100.0,100.0,5.61,3.65,17.74,1.67,34.294,6.68,100.0,27.172,False,,0.0,67.298,0.0,0.0,0.0,0.0,0.0,0.0,0.29,1.67,13.0,0.0,71.139,81.323,100.0,100.0,33.19,100.0,28.456,19.0,0.0,74.851,80.658,76.005,71.452,39.625,100.0,29.941,0.0,4.423,84.344,83.917,12.28,NORMAL
18,2026-06-01 04:30:00+00:00,4,0,0.866025,0.5,0.0,1.0,False,False,NIGHT,0.0,2.0,6.0,15.0,23.0,23.0,0.0,0.0,0.0,0.0,2.458,79.57,6.72,79.571,67.23,20.43,3.28,6.27,17.99,100.0,100.0,5.36,3.66,17.98,1.62,33.411,6.51,100.0,26.892,False,,0.0,66.959,0.0,0.0,0.0,0.0,0.0,2.0,0.29,1.628,8.0,0.0,72.524,81.877,100.0,100.0,32.804,100.0,29.01,21.0,0.0,74.044,80.702,70.969,66.905,38.341,100.0,29.618,6.72,4.139,85.384,84.458,12.75,NORMAL
19,2026-06-01 04:45:00+00:00,4,0,0.866025,0.5,0.0,1.0,False,False,NIGHT,0.0,0.0,5.0,14.0,23.0,23.0,0.0,0.0,0.0,0.0,0.366,79.52,6.69,79.516,66.867,20.48,3.31,6.27,17.99,100.0,100.0,5.08,3.66,18.26,1.57,32.375,6.35,100.0,26.747,False,,0.0,66.781,0.0,0.0,0.0,0.0,0.0,1.0,0.14,1.588,6.0,0.0,72.643,81.161,100.0,100.0,35.37,100.0,29.057,25.0,0.0,76.186,81.219,80.809,75.79,40.599,100.0,30.475,6.72,4.936,86.26,84.817,13.23,NORMAL
20,2026-06-01 05:00:00+00:00,5,0,0.965926,0.258819,0.0,1.0,False,False,NIGHT,3.0,3.0,5.0,16.0,26.0,26.0,0.0,0.0,0.0,5.04,2.184,80.05,6.87,80.05,68.664,19.95,3.13,6.1,17.63,100.0,100.0,5.2,3.68,18.12,1.6,32.892,6.66,100.0,27.466,False,,0.0,67.304,0.0,0.0,0.0,0.0,0.0,-2.0,0.13,1.665,8.0,0.0,75.209,81.594,71.753,67.645,38.202,100.0,30.084,22.0,0.0,78.295,82.114,79.847,74.963,41.12,100.0,31.318,8.53,4.397,87.874,85.689,14.18,NORMAL
21,2026-06-01 05:15:00+00:00,5,0,0.965926,0.258819,0.0,1.0,False,False,NIGHT,5.0,8.0,8.0,20.0,31.0,31.0,0.0,0.0,0.0,8.4,2.319,81.32,7.11,81.323,71.139,18.68,2.89,5.48,16.27,100.0,100.0,5.23,3.73,18.04,1.61,33.19,7.29,100.0,28.456,False,,0.0,68.106,0.0,0.0,0.0,0.0,0.0,2.0,0.61,1.822,8.0,0.0,74.851,80.658,76.005,71.452,39.625,100.0,29.941,20.0,0.0,79.28,82.477,80.362,75.44,39.693,100.0,31.712,8.181,4.104,88.442,86.652,14.65,NORMAL
22,2026-06-01 05:30:00+00:00,5,0,0.965926,0.258819,0.0,1.0,False,False,NIGHT,3.0,8.0,11.0,21.0,34.0,34.0,0.0,0.0,0.0,5.04,2.269,81.88,7.25,81.877,72.524,18.12,2.75,6.27,17.99,100.0,100.0,5.07,3.78,18.14,1.59,32.804,7.61,100.0,29.01,False,,0.0,68.47,0.0,0.0,0.0,0.0,0.0,5.0,1.1,1.902,11.0,0.0,74.044,80.702,70.969,66.905,38.341,100.0,29.618,22.0,0.0,82.301,83.287,73.242,69.049,41.186,100.0,32.92,1.768,6.979,87.03,85.49,14.49,NORMAL
23,2026-06-01 05:45:00+00:00,5,0,0.965926,0.258819,0.0,1.0,False,False,NIGHT,1.0,4.0,12.0,21.0,35.0,35.0,0.0,0.0,0.0,1.68,4.496,81.16,7.26,81.161,72.643,18.84,2.74,6.27,17.99,100.0,100.0,5.73,3.82,17.45,1.72,35.37,7.6,100.0,29.057,False,,0.0,68.567,0.0,0.0,0.0,0.0,0.0,7.0,1.25,1.9,15.0,0.0,76.186,81.219,80.809,75.79,40.599,100.0,30.475,22.0,0.0,82.211,83.448,73.383,69.181,40.511,100.0,32.884,8.269,3.673,87.341,86.608,15.28,NORMAL
24,2026-06-01 06:00:00+00:00,6,0,1.0,0.0,0.0,1.0,False,False,MORNING,4.0,5.0,13.0,25.0,38.0,39.0,0.0,0.0,0.0,6.72,3.961,81.59,7.52,81.594,75.209,18.41,2.48,11.97,27.41,71.753,67.645,6.43,3.89,16.69,1.86,38.202,8.07,100.0,30.084,False,,0.0,62.158,0.0,0.0,0.0,0.0,0.0,8.0,1.41,2.018,14.0,0.0,78.295,82.114,79.847,74.963,41.12,100.0,31.318,21.0,0.0,82.475,82.828,78.262,73.565,41.709,100.0,32.99,5.171,5.703,87.211,86.488,15.43,NORMAL
25,2026-06-01 06:15:00+00:00,6,0,1.0,0.0,0.0,1.0,False,False,MORNING,0.0,4.0,8.0,22.0,37.0,39.0,0.0,0.0,0.0,0.0,3.887,80.66,7.49,80.658,74.851,19.34,2.51,11.17,25.66,76.005,71.452,6.77,3.93,16.3,1.93,39.625,7.91,100.0,29.941,False,,0.0,62.976,0.0,0.0,0.0,0.0,0.0,0.0,0.62,1.978,11.0,0.0,79.28,82.477,80.362,75.44,39.693,100.0,31.712,25.0,0.0,81.935,82.839,75.802,71.348,41.095,100.0,32.774,3.36,6.701,86.047,85.769,15.59,NORMAL
26,2026-06-01 06:30:00+00:00,6,0,1.0,0.0,0.0,1.0,False,False,MORNING,1.0,1.0,6.0,23.0,38.0,40.0,0.0,0.0,0.0,1.68,1.828,80.7,7.4,80.702,74.044,19.3,2.6,11.97,27.41,70.969,66.905,6.39,3.96,16.65,1.86,38.341,7.9,100.0,29.618,False,,0.0,61.559,0.0,0.0,0.0,0.0,0.0,-5.0,0.29,1.975,10.0,0.0,82.301,83.287,73.242,69.049,41.186,100.0,32.92,23.0,0.0,83.614,83.906,76.824,72.308,42.209,100.0,33.445,5.04,7.231,86.774,85.149,15.9,NORMAL
27,2026-06-01 06:45:00+00:00,6,0,1.0,0.0,0.0,1.0,False,False,MORNING,3.0,4.0,8.0,25.0,39.0,43.0,0.0,0.0,0.0,5.04,2.115,81.22,7.62,81.219,76.186,18.78,2.38,10.58,24.36,80.809,75.79,6.95,4.01,16.04,1.97,40.599,8.21,100.0,30.475,False,,0.0,64.551,0.0,0.0,0.0,0.0,0.0,-4.0,0.61,2.052,10.0,0.0,82.211,83.448,73.383,69.181,40.511,100.0,32.884,22.0,0.0,81.497,82.868,72.874,68.701,41.224,100.0,32.599,8.399,5.131,88.666,85.776,16.53,NORMAL
28,2026-06-01 07:00:00+00:00,7,0,0.965926,-0.258819,0.0,1.0,False,False,MORNING,4.0,7.0,8.0,26.0,41.0,47.0,0.0,0.0,0.0,6.72,2.299,82.11,7.83,82.114,78.295,17.89,2.17,10.83,24.9,79.847,74.963,7.04,4.07,15.9,2.0,41.12,8.69,100.0,31.318,False,,0.0,65.002,0.0,0.0,0.0,0.0,0.0,-5.0,0.62,2.172,8.0,0.0,82.475,82.828,78.262,73.565,41.709,100.0,32.99,26.0,0.0,81.561,82.882,72.914,68.738,42.524,100.0,32.624,5.041,3.059,88.858,86.253,16.85,NORMAL
29,2026-06-01 07:15:00+00:00,7,0,0.965926,-0.258819,0.0,1.0,False,False,MORNING,3.0,7.0,11.0,27.0,44.0,50.0,0.0,0.0,0.0,5.04,3.192,82.48,7.93,82.477,79.28,17.52,2.07,10.8,24.85,80.362,75.44,6.59,4.13,16.28,1.93,39.693,9.0,100.0,31.712,False,,0.0,65.27,0.0,0.0,0.0,0.0,0.0,3.0,1.09,2.25,9.0,0.0,81.935,82.839,75.802,71.348,41.095,100.0,32.774,31.0,0.0,84.906,83.773,74.614,70.306,43.828,100.0,33.962,3.36,6.098,87.439,85.71,17.0,NORMAL
30,2026-06-01 07:30:00+00:00,7,0,0.965926,-0.258819,0.0,1.0,False,False,MORNING,5.0,8.0,15.0,32.0,47.0,55.0,0.0,0.0,0.0,8.4,3.951,83.29,8.23,83.287,82.301,16.71,1.77,11.97,27.41,73.242,69.049,6.91,4.21,15.88,2.0,41.186,9.63,100.0,32.92,False,,0.0,64.565,0.0,0.0,0.0,0.0,0.0,9.0,1.73,2.408,12.0,0.0,83.614,83.906,76.824,72.308,42.209,100.0,33.445,30.0,0.0,87.173,84.091,85.893,80.463,46.449,100.0,34.869,1.68,3.667,85.4,85.417,16.99,NORMAL
31,2026-06-01 07:45:00+00:00,7,0,0.965926,-0.258819,0.0,1.0,False,False,MORNING,2.0,7.0,14.0,34.0,48.0,57.0,0.0,0.0,0.0,3.36,2.756,83.45,8.22,83.448,82.211,16.55,1.78,11.97,27.41,73.383,69.181,6.67,4.27,16.06,1.97,40.511,9.79,100.0,32.884,False,,0.0,64.554,0.0,0.0,0.0,0.0,0.0,6.0,1.58,2.448,12.0,0.0,81.497,82.868,72.874,68.701,41.224,100.0,32.599,25.0,0.0,85.903,83.64,73.552,69.341,48.035,100.0,34.361,3.36,5.926,84.53,84.863,17.15,NORMAL
32,2026-06-01 08:00:00+00:00,8,0,0.866025,-0.5,0.0,1.0,False,False,MORNING,1.0,3.0,11.0,32.0,48.0,58.0,0.0,0.0,0.0,1.68,4.054,82.83,8.25,82.828,82.475,17.17,1.75,11.14,25.59,78.262,73.565,6.94,4.32,15.74,2.03,41.709,9.78,100.0,32.99,False,,0.0,65.69,0.0,0.0,0.0,0.0,0.0,3.0,1.09,2.445,13.0,0.0,81.561,82.882,72.914,68.738,42.524,100.0,32.624,30.0,0.0,86.974,84.76,74.537,70.269,48.254,100.0,34.79,3.36,6.036,83.901,84.257,17.3,NORMAL
33,2026-06-01 08:15:00+00:00,8,0,0.866025,-0.5,0.0,1.0,False,False,MORNING,2.0,3.0,10.0,29.0,49.0,60.0,0.0,0.0,0.0,3.36,3.531,82.84,8.19,82.839,81.935,17.16,1.81,11.5,26.39,75.802,71.348,6.74,4.36,15.9,2.0,41.095,9.93,100.0,32.774,False,,0.0,64.968,0.0,0.0,0.0,0.0,0.0,-1.0,0.93,2.482,16.0,0.0,84.906,83.773,74.614,70.306,43.828,100.0,33.962,27.0,0.0,84.344,83.917,73.884,69.65,48.6,100.0,33.738,3.36,4.232,83.111,84.118,17.45,NORMAL
34,2026-06-01 08:30:00+00:00,8,0,0.866025,-0.5,0.0,1.0,False,False,MORNING,5.0,7.0,10.0,31.0,52.0,65.0,0.0,0.0,0.0,8.4,3.46,83.91,8.36,83.906,83.614,16.09,1.64,11.5,26.37,76.824,72.308,6.99,4.41,15.6,2.05,42.209,10.57,100.0,33.445,False,,0.0,65.877,0.0,0.0,0.0,0.0,0.0,-5.0,0.94,2.642,11.0,0.0,87.173,84.091,85.893,80.463,46.449,100.0,34.869,29.0,0.0,85.384,84.458,77.468,72.909,47.457,100.0,34.154,8.842,5.748,85.088,84.694,18.25,NORMAL
35,2026-06-01 08:45:00+00:00,8,0,0.866025,-0.5,0.0,1.0,False,False,MORNING,0.0,5.0,8.0,30.0,51.0,65.0,0.0,0.0,0.0,0.0,4.999,82.87,8.15,82.868,81.497,17.13,1.85,11.97,27.41,72.874,68.701,6.71,4.42,15.87,2.0,41.224,10.4,100.0,32.599,False,,0.0,64.23,0.0,0.0,0.0,0.0,0.0,-6.0,0.61,2.6,10.0,0.0,85.903,83.64,73.552,69.341,48.035,100.0,34.361,28.0,0.0,86.26,84.817,90.788,84.863,46.443,100.0,34.504,6.278,4.675,86.15,84.988,18.56,NORMAL
36,2026-06-01 09:00:00+00:00,9,0,0.707107,-0.707107,0.0,1.0,False,False,MORNING,2.0,2.0,9.0,28.0,53.0,67.0,0.0,0.0,0.0,3.36,3.279,82.88,8.16,82.882,81.561,17.12,1.84,11.97,27.4,72.914,68.738,7.05,4.43,15.52,2.07,42.524,10.55,100.0,32.624,False,,0.0,64.372,0.0,0.0,0.0,0.0,0.0,-2.0,0.77,2.638,13.0,0.0,86.974,84.76,74.537,70.269,48.254,100.0,34.79,29.0,1.92,87.874,85.689,88.202,82.635,46.124,100.0,46.683,5.04,5.657,86.768,84.772,18.87,NORMAL
37,2026-06-01 09:15:00+00:00,9,0,0.707107,-0.707107,0.0,1.0,False,False,MORNING,5.0,7.0,12.0,33.0,55.0,72.0,0.0,0.0,0.0,8.4,3.499,83.77,8.49,83.773,84.906,16.23,1.51,11.82,27.08,74.614,70.306,7.35,4.48,15.17,2.13,43.828,11.19,100.0,33.962,False,,0.0,65.746,0.0,0.0,0.0,0.0,0.0,2.0,1.26,2.798,15.0,0.0,84.344,83.917,73.884,69.65,48.6,100.0,33.738,25.0,1.05,88.442,86.652,77.505,73.034,45.506,100.0,41.693,5.04,3.437,86.415,85.208,19.19,NORMAL
38,2026-06-01 09:30:00+00:00,9,0,0.707107,-0.707107,0.0,1.0,False,False,MORNING,5.0,10.0,12.0,37.0,60.0,77.0,0.0,0.0,0.0,8.4,6.219,84.09,8.72,84.091,87.173,15.91,1.28,10.31,23.75,85.893,80.463,8.0,4.54,14.46,2.26,46.449,11.82,100.0,34.869,False,,0.0,69.078,0.0,0.0,0.0,0.0,0.0,2.0,1.25,2.955,19.0,0.0,85.384,84.458,77.468,72.909,47.457,100.0,34.154,23.0,0.0,87.03,85.49,75.179,70.875,45.452,100.0,34.812,3.36,4.516,86.006,84.96,19.34,NORMAL
39,2026-06-01 09:45:00+00:00,9,0,0.707107,-0.707107,0.0,1.0,False,False,MORNING,1.0,6.0,13.0,35.0,60.0,78.0,0.0,0.0,0.0,1.68,3.995,83.64,8.59,83.64,85.903,16.36,1.41,11.97,27.41,73.552,69.341,8.39,4.58,14.03,2.33,48.035,11.81,100.0,34.361,False,,0.0,66.052,0.0,0.0,0.0,0.0,0.0,5.0,1.41,2.952,15.0,0.0,86.26,84.817,90.788,84.863,46.443,100.0,34.504,24.0,1.08,87.341,86.608,76.589,72.204,44.974,100.0,41.405,5.04,5.925,85.827,84.757,19.65,NORMAL
40,2026-06-01 10:00:00+00:00,10,0,0.5,-0.866025,0.0,1.0,False,False,MORNING,5.0,6.0,16.0,36.0,62.0,83.0,0.0,0.0,0.0,8.4,3.491,84.76,8.7,84.76,86.974,15.24,1.3,11.97,27.41,74.537,70.269,8.41,4.62,13.97,2.35,48.254,12.45,100.0,34.79,False,,0.0,66.762,0.0,0.0,0.0,0.0,0.0,7.0,1.9,3.112,17.0,1.92,87.874,85.689,88.202,82.635,46.124,100.0,46.683,20.0,0.0,87.211,86.488,77.946,73.411,44.225,100.0,34.885,6.72,3.677,86.416,85.459,20.13,NORMAL
41,2026-06-01 10:15:00+00:00,10,0,0.5,-0.866025,0.0,1.0,False,False,MORNING,0.0,5.0,11.0,33.0,60.0,83.0,0.0,0.0,0.0,0.0,4.423,83.92,8.43,83.917,84.344,16.08,1.57,11.96,27.38,73.884,69.65,8.5,4.62,13.88,2.36,48.6,12.28,100.0,33.738,False,,0.0,65.929,0.0,0.0,0.0,0.0,0.0,-1.0,1.09,3.07,12.0,1.05,88.442,86.652,77.505,73.034,45.506,100.0,41.693,20.0,0.0,86.047,85.769,76.93,72.468,46.082,100.0,34.419,5.04,4.228,86.789,85.625,20.44,NORMAL
42,2026-06-01 10:30:00+00:00,10,0,0.5,-0.866025,0.0,1.0,False,False,MORNING,4.0,4.0,10.0,32.0,64.0,87.0,0.0,0.0,0.0,6.72,4.139,84.46,8.54,84.458,85.384,15.54,1.46,11.48,26.33,77.468,72.909,8.17,4.64,14.19,2.31,47.457,12.75,100.0,34.154,False,,0.0,66.974,0.0,0.0,0.0,0.0,0.0,-2.0,0.93,3.188,10.0,0.0,87.03,85.49,75.179,70.875,45.452,100.0,34.812,20.0,0.0,86.774,85.149,80.169,75.368,45.193,100.0,34.71,5.04,5.352,87.032,85.522,20.75,NORMAL
43,2026-06-01 10:45:00+00:00,10,0,0.5,-0.866025,0.0,1.0,False,False,MORNING,4.0,8.0,13.0,34.0,68.0,91.0,0.0,0.0,0.0,6.72,4.936,84.82,8.63,84.817,86.26,15.18,1.37,9.83,22.71,90.788,84.863,7.88,4.66,14.46,2.26,46.443,13.23,100.0,34.504,False,,0.0,70.17,0.0,0.0,0.0,0.0,0.0,0.0,1.42,3.308,13.0,1.08,87.341,86.608,76.589,72.204,44.974,100.0,41.405,23.0,0.0,88.666,85.776,78.587,73.966,45.547,100.0,35.469,8.257,4.592,87.725,86.369,21.39,MODERATE
44,2026-06-01 11:00:00+00:00,11,0,0.258819,-0.965926,0.0,1.0,False,False,MORNING,7.0,11.0,15.0,40.0,72.0,98.0,1.92,0.0,0.0,8.53,4.397,85.69,8.79,85.689,87.874,14.31,1.21,10.33,23.81,88.202,82.635,7.69,4.76,14.55,2.24,46.124,14.18,100.0,46.683,False,,3.6,71.307,1.92,1.92,1.92,0.12,1.92,-1.0,1.73,4.025,12.0,0.0,87.211,86.488,77.946,73.411,44.225,100.0,34.885,21.0,0.0,88.858,86.253,75.85,71.507,45.284,100.0,35.543,1.823,6.61,85.638,85.381,21.38,MODERATE
45,2026-06-01 11:15:00+00:00,11,0,0.258819,-0.965926,0.0,1.0,False,False,MORNING,4.0,11.0,19.0,42.0,71.0,102.0,1.05,0.17,0.1644,8.181,4.104,86.65,8.84,86.652,88.442,13.35,1.16,11.83,27.11,77.505,73.034,7.46,4.82,14.71,2.21,45.506,14.65,100.0,41.693,False,,2.1,68.584,-0.8699999999999999,1.05,1.05,0.186,1.92,8.0,2.37,3.925,13.0,0.0,86.047,85.769,76.93,72.468,46.082,100.0,34.419,21.0,0.0,87.439,85.71,81.396,76.494,45.109,100.0,34.976,8.332,5.199,87.421,85.986,22.01,NORMAL
46,2026-06-01 11:30:00+00:00,11,0,0.258819,-0.965926,0.0,1.0,False,False,MORNING,0.0,4.0,15.0,37.0,68.0,102.0,0.0,0.09,0.0947,1.768,6.979,85.49,8.7,85.49,87.03,14.51,1.3,11.97,27.41,75.179,70.875,7.46,4.81,14.73,2.21,45.452,14.49,100.0,34.812,False,,0.0,66.831,-1.05,-1.92,0.0,0.186,1.92,5.0,1.74,3.622,13.0,0.0,86.774,85.149,80.169,75.368,45.193,100.0,34.71,22.0,0.0,85.4,85.417,82.84,77.782,44.77,100.0,34.16,6.788,5.761,88.064,86.179,22.49,NORMAL
47,2026-06-01 11:45:00+00:00,11,0,0.258819,-0.965926,0.0,1.0,False,False,MORNING,6.0,6.0,17.0,43.0,73.0,108.0,1.08,0.0,0.0,8.269,3.673,86.61,8.73,86.608,87.341,13.39,1.27,11.97,27.41,76.589,72.204,7.29,4.85,14.86,2.19,44.974,15.28,100.0,41.405,False,,2.1,68.116,1.08,0.030000000000000027,1.08,0.253,1.92,4.0,2.05,4.09,11.0,0.0,88.666,85.776,78.587,73.966,45.547,100.0,35.469,23.0,0.0,84.53,84.863,74.628,70.355,44.87,100.0,33.812,6.72,5.278,88.329,86.513,22.96,NORMAL
48,2026-06-01 12:00:00+00:00,12,0,0.0,-1.0,0.0,1.0,False,False,MORNING,2.0,8.0,12.0,43.0,71.0,110.0,0.0,0.1,0.097,5.171,5.703,86.49,8.72,86.488,87.211,13.51,1.28,11.68,26.78,77.946,73.411,7.1,4.84,15.06,2.15,44.225,15.43,100.0,34.885,False,,0.0,67.613,-1.08,0.0,-1.92,0.253,1.92,-3.0,1.25,3.858,8.0,0.0,88.858,86.253,75.85,71.507,45.284,100.0,35.543,24.0,0.0,83.901,84.257,86.444,82.214,44.153,100.0,33.56,1.68,5.352,87.101,85.718,22.95,NORMAL
49,2026-06-01 12:15:00+00:00,12,0,0.0,-1.0,0.0,1.0,False,False,MORNING,2.0,4.0,10.0,40.0,73.0,112.0,0.0,0.0,0.0,3.36,6.701,85.77,8.6,85.769,86.047,14.23,1.4,11.74,26.9,76.93,72.468,7.62,4.82,14.56,2.24,46.082,15.59,100.0,34.419,False,,0.0,67.154,0.0,-1.08,-1.05,0.253,1.92,-9.0,0.94,3.898,7.0,0.0,87.439,85.71,81.396,76.494,45.109,100.0,34.976,26.0,0.0,83.111,84.118,86.851,82.585,45.794,100.0,33.244,6.72,4.998,88.267,86.032,23.43,NORMAL
50,2026-06-01 12:30:00+00:00,12,0,0.0,-1.0,0.0,1.0,False,False,MORNING,3.0,5.0,13.0,38.0,75.0,115.0,0.0,0.0,0.0,5.04,7.231,85.15,8.68,85.149,86.774,14.85,1.32,11.18,25.68,80.169,75.368,7.39,4.81,14.8,2.2,45.193,15.9,100.0,34.71,False,,0.0,67.819,0.0,0.0,0.0,0.253,1.92,-2.0,1.41,3.975,7.0,0.0,85.4,85.417,82.84,77.782,44.77,100.0,34.16,27.0,0.74,85.088,84.694,87.232,82.964,45.293,100.0,38.458,6.72,5.661,89.336,86.189,23.9,NORMAL
51,2026-06-01 12:45:00+00:00,12,0,0.0,-1.0,0.0,1.0,False,False,MORNING,5.0,8.0,12.0,42.0,77.0,120.0,0.0,0.0,0.0,8.399,5.131,85.78,8.87,85.776,88.666,14.22,1.13,11.49,26.36,78.587,73.966,7.47,4.82,14.7,2.21,45.547,16.53,100.0,35.469,False,,0.0,68.01,0.0,0.0,-1.08,0.253,1.92,-5.0,1.25,4.132,12.0,0.0,84.53,84.863,74.628,70.355,44.87,100.0,33.812,24.0,0.0,86.15,84.988,87.194,82.928,45.626,100.0,34.46,7.972,4.897,90.586,86.833,24.85,NORMAL
52,2026-06-01 13:00:00+00:00,13,0,-0.258819,-0.965926,0.0,1.0,False,False,MORNING,3.0,8.0,13.0,40.0,76.0,123.0,0.0,0.0,0.0,5.041,3.059,86.25,8.89,86.253,88.858,13.75,1.11,11.97,27.41,75.85,71.507,7.39,4.84,14.77,2.2,45.284,16.85,100.0,35.543,False,,0.0,67.506,0.0,0.0,0.0,0.253,1.92,1.0,1.42,4.212,13.0,0.0,83.901,84.257,86.444,82.214,44.153,100.0,33.56,26.0,0.0,86.768,84.772,100.0,99.033,45.232,100.0,34.707,7.713,5.617,91.657,87.25,25.17,NORMAL
53,2026-06-01 13:15:00+00:00,13,0,-0.258819,-0.965926,0.0,1.0,False,False,MORNING,2.0,5.0,13.0,42.0,75.0,125.0,0.0,0.0,0.0,3.36,6.098,85.71,8.74,85.71,87.439,14.29,1.26,11.08,25.47,81.396,76.494,7.35,4.83,14.82,2.19,45.109,17.0,100.0,34.976,False,,0.0,68.351,0.0,0.0,0.0,0.253,1.92,3.0,1.41,4.25,14.0,0.0,83.111,84.118,86.851,82.585,45.794,100.0,33.244,24.0,0.0,86.415,85.208,87.42,83.143,44.905,100.0,34.566,7.541,5.399,91.76,87.775,25.64,NORMAL
54,2026-06-01 13:30:00+00:00,13,0,-0.258819,-0.965926,0.0,1.0,False,False,MORNING,1.0,3.0,11.0,39.0,71.0,126.0,0.0,0.0,0.0,1.68,3.667,85.42,8.54,85.417,85.4,14.58,1.46,10.85,24.96,82.84,77.782,7.28,4.8,14.91,2.18,44.77,16.99,100.0,34.16,False,,0.0,68.176,0.0,0.0,0.0,0.253,1.92,-2.0,1.09,4.248,15.0,0.74,85.088,84.694,87.232,82.964,45.293,100.0,38.458,26.0,0.0,86.006,84.96,87.166,82.9,44.076,100.0,34.402,7.345,6.709,92.575,87.852,26.43,NORMAL
55,2026-06-01 13:45:00+00:00,13,0,-0.258819,-0.965926,0.0,1.0,False,False,MORNING,2.0,3.0,8.0,37.0,71.0,128.0,0.0,0.0,0.0,3.36,5.926,84.86,8.45,84.863,84.53,15.14,1.55,11.97,27.41,74.628,70.355,7.34,4.77,14.89,2.18,44.87,17.15,100.0,33.812,False,,0.0,66.012,0.0,0.0,0.0,0.253,1.92,-4.0,0.62,4.288,11.0,0.0,86.15,84.988,87.194,82.928,45.626,100.0,34.46,28.0,0.0,85.827,84.757,89.828,85.345,43.865,100.0,34.331,7.303,5.521,93.327,88.223,26.91,NORMAL
56,2026-06-01 14:00:00+00:00,14,0,-0.5,-0.866025,0.0,1.0,False,False,EVENING,2.0,4.0,7.0,32.0,72.0,130.0,0.0,0.0,0.0,3.36,6.036,84.26,8.39,84.257,83.901,15.74,1.61,10.26,23.29,86.444,82.214,7.18,4.74,15.08,2.15,44.153,17.3,100.0,33.56,False,,0.0,68.529,0.0,0.0,0.0,0.253,1.92,-6.0,0.45,4.325,11.0,0.0,86.768,84.772,100.0,99.033,45.232,100.0,34.707,29.0,0.0,86.416,85.459,87.677,83.387,45.31,100.0,34.566,7.153,5.848,92.453,88.636,27.54,NORMAL
57,2026-06-01 14:15:00+00:00,14,0,-0.5,-0.866025,0.0,1.0,False,False,EVENING,2.0,4.0,7.0,30.0,72.0,132.0,0.0,0.0,0.0,3.36,4.232,84.12,8.31,84.118,83.111,15.88,1.69,10.2,23.15,86.851,82.585,7.66,4.71,14.64,2.23,45.794,17.45,100.0,33.244,False,,0.0,68.582,0.0,0.0,0.0,0.253,1.92,-6.0,0.45,4.362,12.0,0.0,86.415,85.208,87.42,83.143,44.905,100.0,34.566,26.0,0.0,86.789,85.625,87.847,83.549,45.961,100.0,34.716,7.015,6.026,91.731,88.956,27.85,NORMAL
58,2026-06-01 14:30:00+00:00,14,0,-0.5,-0.866025,0.0,1.0,False,False,EVENING,6.0,8.0,12.0,36.0,73.0,138.0,0.74,0.0,0.0,8.842,5.748,84.69,8.51,84.694,85.088,15.31,1.49,10.26,23.29,87.232,82.964,7.5,4.73,14.77,2.2,45.293,18.25,100.0,38.458,False,,1.3,69.624,0.74,0.74,0.74,0.299,1.92,1.0,1.26,4.748,12.0,0.0,86.006,84.96,87.166,82.9,44.076,100.0,34.402,27.0,0.0,87.032,85.522,87.742,83.449,46.83,100.0,34.813,6.909,7.764,92.824,88.633,28.65,NORMAL
59,2026-06-01 14:45:00+00:00,14,0,-0.5,-0.866025,0.0,1.0,False,False,EVENING,3.0,9.0,13.0,33.0,76.0,141.0,0.0,0.07,0.0663,6.278,4.675,84.99,8.62,84.988,86.15,15.01,1.38,10.26,23.29,87.194,82.928,7.59,4.73,14.68,2.22,45.626,18.56,100.0,34.46,False,,0.0,69.448,-0.74,0.0,0.0,0.299,1.92,5.0,1.41,4.64,13.0,0.0,85.827,84.757,89.828,85.345,43.865,100.0,34.331,28.0,0.09,87.725,86.369,88.651,84.313,46.666,100.0,35.601,6.571,6.454,92.491,88.695,28.64,NORMAL
60,2026-06-01 15:00:00+00:00,15,0,-0.707107,-0.707107,0.0,1.0,False,False,EVENING,3.0,6.0,14.0,34.0,77.0,144.0,0.0,0.0,0.0,5.04,5.657,84.77,8.68,84.772,86.768,15.23,1.32,8.52,19.45,100.0,99.033,7.47,4.74,14.79,2.2,45.232,18.87,100.0,34.707,False,,0.0,72.958,0.0,-0.74,0.0,0.179,1.08,7.0,1.57,4.718,15.0,0.0,86.416,85.459,87.677,83.387,45.31,100.0,34.566,30.0,0.0,85.638,85.381,100.0,96.232,47.222,100.0,34.255,3.36,6.66,91.145,88.005,28.79,MODERATE
61,2026-06-01 15:15:00+00:00,15,0,-0.707107,-0.707107,0.0,1.0,False,False,EVENING,3.0,6.0,15.0,35.0,75.0,147.0,0.0,0.0,0.0,5.04,3.437,85.21,8.64,85.208,86.415,14.79,1.36,10.26,23.29,87.42,83.143,7.38,4.74,14.88,2.18,44.905,19.19,100.0,34.566,False,,0.0,69.538,0.0,0.0,0.0,0.114,1.08,8.0,1.74,4.798,12.0,0.0,86.789,85.625,87.847,83.549,45.961,100.0,34.716,32.0,0.04,87.421,85.986,99.019,93.819,47.812,100.0,35.21,7.27,6.566,91.162,88.179,29.43,NORMAL
62,2026-06-01 15:30:00+00:00,15,0,-0.707107,-0.707107,0.0,1.0,False,False,EVENING,2.0,5.0,11.0,34.0,72.0,149.0,0.0,0.0,0.0,3.36,4.516,84.96,8.6,84.96,86.006,15.04,1.4,10.26,23.29,87.166,82.9,7.16,4.74,15.1,2.14,44.076,19.34,100.0,34.402,False,,0.0,69.267,0.0,0.0,-0.74,0.114,1.08,-1.0,1.09,4.835,14.0,0.0,87.032,85.522,87.742,83.449,46.83,100.0,34.813,31.0,0.0,88.064,86.179,100.0,95.489,47.766,100.0,35.225,6.17,7.014,90.635,88.021,29.74,NORMAL
63,2026-06-01 15:45:00+00:00,15,0,-0.707107,-0.707107,0.0,1.0,False,False,EVENING,3.0,5.0,11.0,32.0,74.0,152.0,0.0,0.0,0.0,5.04,5.925,84.76,8.58,84.757,85.827,15.24,1.42,9.93,22.57,89.828,85.345,7.11,4.74,15.16,2.13,43.865,19.65,100.0,34.331,False,,0.0,69.781,0.0,0.0,0.0,0.046,0.74,-2.0,1.09,4.912,15.0,0.09,87.725,86.369,88.651,84.313,46.666,100.0,35.601,33.0,0.0,88.329,86.513,88.758,84.415,47.474,100.0,35.332,3.36,6.126,89.438,87.449,29.89,NORMAL
64,2026-06-01 16:00:00+00:00,16,0,-0.866025,-0.5,0.0,1.0,False,False,EVENING,4.0,7.0,12.0,33.0,73.0,156.0,0.0,0.0,0.0,6.72,3.677,85.46,8.64,85.459,86.416,14.54,1.36,10.26,23.29,87.677,83.387,7.49,4.74,14.77,2.2,45.31,20.13,100.0,34.566,False,,0.0,69.69,0.0,0.0,0.0,0.046,0.74,-2.0,1.26,5.032,14.0,0.0,85.638,85.381,100.0,96.232,47.222,100.0,34.255,33.0,0.0,87.101,85.718,100.0,100.0,46.026,100.0,34.84,1.68,6.245,87.206,86.531,29.89,NORMAL
65,2026-06-01 16:15:00+00:00,16,0,-0.866025,-0.5,0.0,1.0,False,False,EVENING,3.0,7.0,12.0,34.0,76.0,159.0,0.0,0.0,0.0,5.04,4.228,85.62,8.68,85.625,86.789,14.38,1.32,10.26,23.29,87.847,83.549,7.66,4.75,14.59,2.23,45.961,20.44,100.0,34.716,False,,0.0,69.899,0.0,0.0,0.0,0.046,0.74,-3.0,1.25,5.11,14.0,0.04,87.421,85.986,99.019,93.819,47.812,100.0,35.21,37.0,0.0,88.267,86.032,88.265,83.946,47.539,100.0,35.307,1.68,5.999,86.175,85.554,29.88,NORMAL
66,2026-06-01 16:30:00+00:00,16,0,-0.866025,-0.5,0.0,1.0,False,False,EVENING,3.0,6.0,13.0,36.0,75.0,162.0,0.0,0.0,0.0,5.04,5.352,85.52,8.7,85.522,87.032,14.48,1.3,10.26,23.29,87.742,83.449,7.89,4.75,14.36,2.28,46.83,20.75,100.0,34.813,False,,0.0,69.979,0.0,0.0,0.0,0.046,0.74,2.0,1.41,5.188,13.0,0.0,88.064,86.179,100.0,95.489,47.766,100.0,35.225,36.0,0.0,89.336,86.189,100.0,98.716,46.984,100.0,35.735,6.72,5.056,87.384,85.849,30.35,NORMAL
67,2026-06-01 16:45:00+00:00,16,0,-0.866025,-0.5,0.0,1.0,False,False,EVENING,5.0,8.0,15.0,39.0,76.0,167.0,0.09,0.0,0.0,8.257,4.592,86.37,8.77,86.369,87.725,13.63,1.23,10.26,23.29,88.651,84.313,7.83,4.77,14.4,2.27,46.666,21.39,100.0,35.601,False,,0.2,70.559,0.09,0.09,0.09,0.052,0.74,4.0,1.74,5.37,13.0,0.0,88.329,86.513,88.758,84.415,47.474,100.0,35.332,38.0,2.26,90.586,86.833,100.0,100.0,48.635,100.0,49.764,3.36,4.011,86.476,85.777,30.51,MODERATE
68,2026-06-01 17:00:00+00:00,17,0,-0.965926,-0.258819,0.0,1.0,False,False,EVENING,1.0,6.0,12.0,38.0,70.0,168.0,0.0,0.01,0.0077,1.823,6.61,85.38,8.56,85.381,85.638,14.62,1.44,8.84,20.16,100.0,96.232,7.99,4.76,14.25,2.29,47.222,21.38,100.0,34.255,False,,0.0,72.709,-0.09,0.0,0.0,0.052,0.74,0.0,1.25,5.345,16.0,0.0,87.101,85.718,100.0,100.0,46.026,100.0,34.84,32.0,0.66,91.657,87.25,89.821,85.426,48.421,100.0,40.648,0.0,4.918,84.229,84.773,30.34,MODERATE
69,2026-06-01 17:15:00+00:00,17,0,-0.965926,-0.258819,0.0,1.0,False,False,EVENING,5.0,6.0,14.0,41.0,71.0,173.0,0.04,0.0,0.0,8.332,5.199,85.99,8.74,85.986,87.421,14.01,1.26,9.14,20.83,99.019,93.819,8.14,4.77,14.09,2.32,47.812,22.01,100.0,35.21,False,,0.1,72.87,0.04,-0.049999999999999996,0.04,0.054,0.74,2.0,1.57,5.512,18.0,0.0,88.267,86.032,88.265,83.946,47.539,100.0,35.307,31.0,0.18,91.76,87.775,90.134,85.724,48.788,100.0,37.758,8.581,4.616,85.817,85.605,31.13,MODERATE
70,2026-06-01 17:30:00+00:00,17,0,-0.965926,-0.258819,0.0,1.0,False,False,EVENING,4.0,9.0,15.0,39.0,75.0,177.0,0.0,0.0,0.0036,6.788,5.761,86.18,8.81,86.179,88.064,13.82,1.19,9.0,20.51,100.0,95.489,8.11,4.78,14.1,2.32,47.766,22.49,100.0,35.225,False,,0.0,73.33,-0.04,0.0,0.0,0.054,0.74,2.0,1.74,5.622,18.0,0.0,89.336,86.189,100.0,98.716,46.984,100.0,35.735,32.0,1.8,92.575,87.852,90.965,86.514,47.205,100.0,47.853,4.859,4.637,86.482,85.594,31.29,MODERATE
71,2026-06-01 17:45:00+00:00,17,0,-0.965926,-0.258819,0.0,1.0,False,False,EVENING,4.0,8.0,14.0,40.0,73.0,181.0,0.0,0.0,0.0,6.72,5.278,86.51,8.83,86.513,88.329,13.49,1.17,10.26,23.29,88.758,84.415,8.02,4.8,14.18,2.31,47.474,22.96,100.0,35.332,False,,0.0,70.752,0.0,-0.04,-0.09,0.054,0.74,-1.0,1.57,5.74,20.0,2.26,90.586,86.833,100.0,100.0,48.635,100.0,49.764,29.0,1.46,93.327,88.223,100.0,95.032,48.931,100.0,46.073,6.72,4.881,87.383,85.963,31.76,MODERATE
72,2026-06-01 18:00:00+00:00,18,0,-1.0,-0.0,0.0,1.0,False,False,EVENING,1.0,5.0,14.0,38.0,72.0,182.0,0.0,0.0,0.0,1.68,5.352,85.72,8.71,85.718,87.101,14.28,1.29,8.13,18.61,100.0,100.0,7.63,4.8,14.57,2.24,46.026,22.95,100.0,34.84,False,,0.0,73.421,0.0,0.0,0.0,0.054,0.74,2.0,1.57,5.738,17.0,0.66,91.657,87.25,89.821,85.426,48.421,100.0,40.648,27.0,2.2,92.453,88.636,91.952,87.453,49.91,100.0,50.177,3.36,5.079,86.479,85.624,31.91,MODERATE
73,2026-06-01 18:15:00+00:00,18,0,-1.0,-0.0,0.0,1.0,False,False,EVENING,4.0,5.0,13.0,39.0,74.0,186.0,0.0,0.0,0.0,6.72,4.998,86.03,8.83,86.032,88.267,13.97,1.17,10.26,23.29,88.265,83.946,8.03,4.81,14.16,2.31,47.539,23.43,100.0,35.307,False,,0.0,70.524,0.0,0.0,-0.04,0.054,0.74,-1.0,1.42,5.858,19.0,0.18,91.76,87.775,90.134,85.724,48.788,100.0,37.758,23.0,1.02,91.731,88.956,91.737,87.248,49.689,100.0,42.835,1.68,5.621,85.344,84.752,31.91,MODERATE
74,2026-06-01 18:30:00+00:00,18,0,-1.0,-0.0,0.0,1.0,False,False,EVENING,4.0,8.0,13.0,41.0,75.0,190.0,0.0,0.0,0.0,6.72,5.661,86.19,8.93,86.189,89.336,13.81,1.07,8.69,19.84,100.0,98.716,7.86,4.83,14.31,2.28,46.984,23.9,100.0,35.735,False,,0.0,73.903,0.0,0.0,0.0,0.008,0.09,-2.0,1.41,5.975,18.0,1.8,92.575,87.852,90.965,86.514,47.205,100.0,47.853,21.0,2.91,92.824,88.633,92.277,87.762,50.917,100.0,54.598,0.0,5.587,82.54,83.636,31.74,MODERATE
75,2026-06-01 18:45:00+00:00,18,0,-1.0,-0.0,0.0,1.0,False,False,EVENING,7.0,11.0,16.0,45.0,77.0,197.0,2.26,0.0,0.0,7.972,4.897,86.83,9.06,86.833,90.586,13.17,0.94,7.61,17.46,100.0,100.0,8.19,4.94,13.87,2.36,48.635,24.85,100.0,49.764,False,,4.5,76.044,2.26,2.26,2.26,0.149,2.26,2.0,1.89,6.778,18.0,1.46,93.327,88.223,100.0,95.032,48.931,100.0,46.073,19.0,0.0,92.491,88.695,90.997,86.545,50.638,100.0,36.996,1.68,4.438,82.365,82.964,31.73,MODERATE
76,2026-06-01 19:00:00+00:00,19,0,-0.965926,0.258819,0.0,1.0,False,False,EVENING,3.0,10.0,18.0,44.0,77.0,200.0,0.66,0.2,0.203,7.713,5.617,87.25,9.17,87.25,91.657,12.75,0.83,10.26,23.29,89.821,85.426,8.09,4.99,13.93,2.35,48.421,25.17,100.0,40.648,False,,1.4,72.336,-1.5999999999999996,0.66,0.66,0.191,2.26,4.0,2.22,6.458,15.0,2.2,92.453,88.636,91.952,87.453,49.91,100.0,50.177,20.0,0.0,91.145,88.005,90.289,85.871,50.867,100.0,36.458,0.0,2.887,80.47,82.432,31.57,MODERATE
77,2026-06-01 19:15:00+00:00,19,0,-0.965926,0.258819,0.0,1.0,False,False,EVENING,4.0,7.0,18.0,45.0,79.0,204.0,0.18,0.06,0.0598,7.541,5.399,87.77,9.18,87.775,91.76,12.23,0.82,10.26,23.29,90.134,85.724,8.17,5.0,13.83,2.37,48.788,25.64,100.0,37.758,False,,0.4,72.272,-0.48000000000000004,-2.0799999999999996,0.18,0.202,2.26,5.0,2.21,6.455,12.0,1.02,91.731,88.956,91.737,87.248,49.689,100.0,42.835,18.0,0.67,91.162,88.179,90.778,86.336,50.129,100.0,40.5,1.68,3.594,80.6,81.94,31.56,MODERATE
78,2026-06-01 19:30:00+00:00,19,0,-0.965926,0.258819,0.0,1.0,False,False,EVENING,6.0,10.0,20.0,48.0,84.0,210.0,1.8,0.02,0.0088,7.345,6.709,87.85,9.26,87.852,92.575,12.15,0.74,10.26,23.29,90.965,86.514,7.66,5.09,14.25,2.29,47.205,26.43,100.0,47.853,False,,3.9,73.54,1.62,1.1400000000000001,1.8,0.314,2.26,7.0,2.53,7.058,14.0,2.91,92.824,88.633,92.277,87.762,50.917,100.0,54.598,19.0,0.0,90.635,88.021,90.306,85.887,48.696,100.0,36.254,3.36,2.638,81.286,82.052,31.71,MODERATE
79,2026-06-01 19:45:00+00:00,19,0,-0.965926,0.258819,0.0,1.0,False,False,EVENING,4.0,10.0,17.0,47.0,86.0,214.0,1.46,0.16,0.1114,7.303,5.521,88.22,9.33,88.223,93.327,11.78,0.67,9.33,21.26,100.0,95.032,8.06,5.15,13.79,2.38,48.931,26.91,100.0,46.073,False,,3.2,75.816,-0.3400000000000001,1.28,-0.7999999999999998,0.406,2.26,1.0,2.06,7.092,11.0,0.0,92.491,88.695,90.997,86.545,50.638,100.0,36.996,18.0,0.0,89.438,87.449,89.719,85.329,47.666,100.0,35.775,0.0,2.952,80.053,81.437,31.55,MODERATE
80,2026-06-01 20:00:00+00:00,20,0,-0.866025,0.5,0.0,1.0,False,False,EVENING,5.0,9.0,19.0,51.0,89.0,219.0,2.2,0.13,0.0596,7.153,5.848,88.64,9.25,88.636,92.453,11.36,0.75,10.26,23.29,91.952,87.453,8.26,5.21,13.52,2.43,49.91,27.54,100.0,50.177,False,,4.9,74.419,0.7400000000000002,0.40000000000000013,1.54,0.543,2.26,1.0,2.37,7.435,12.0,0.0,91.145,88.005,90.289,85.871,50.867,100.0,36.458,20.0,0.0,87.206,86.531,100.0,100.0,45.127,100.0,34.882,5.04,4.021,81.396,81.558,31.86,MODERATE
81,2026-06-01 20:15:00+00:00,20,0,-0.866025,0.5,0.0,1.0,False,False,EVENING,3.0,8.0,18.0,49.0,90.0,222.0,1.02,0.2,0.1933,7.015,6.026,88.96,9.17,88.956,91.731,11.04,0.83,10.26,23.29,91.737,87.248,8.2,5.22,13.58,2.41,49.689,27.85,100.0,42.835,False,,2.3,73.52,-1.1800000000000002,-0.43999999999999995,0.8400000000000001,0.607,2.26,0.0,2.21,7.218,11.0,0.67,91.162,88.179,90.778,86.336,50.129,100.0,40.5,21.0,0.0,86.175,85.554,100.0,100.0,45.093,100.0,34.47,0.0,0.64,80.667,81.471,31.69,MODERATE
82,2026-06-01 20:30:00+00:00,20,0,-0.866025,0.5,0.0,1.0,False,False,EVENING,6.0,9.0,18.0,51.0,90.0,228.0,2.91,0.09,0.0316,6.909,7.764,88.63,9.28,88.633,92.824,11.37,0.72,10.26,23.29,92.277,87.762,8.45,5.3,13.25,2.47,50.917,28.65,100.0,54.598,False,,6.7,75.114,1.8900000000000001,0.71,1.11,0.789,2.91,-2.0,2.22,7.89,7.0,0.0,90.635,88.021,90.306,85.887,48.696,100.0,36.254,21.0,0.0,87.384,85.849,100.0,100.0,45.367,100.0,34.954,1.68,0.876,80.659,81.672,31.69,MODERATE
83,2026-06-01 20:45:00+00:00,20,0,-0.866025,0.5,0.0,1.0,False,False,EVENING,1.0,7.0,15.0,48.0,88.0,229.0,0.0,0.26,0.262,6.571,6.454,88.7,9.25,88.695,92.491,11.3,0.75,10.26,23.29,90.997,86.545,8.41,5.26,13.33,2.46,50.638,28.64,100.0,36.996,False,,0.0,72.874,-2.91,-1.02,-1.46,0.783,2.91,-2.0,1.73,7.16,8.0,0.0,89.438,87.449,89.719,85.329,47.666,100.0,35.775,17.0,0.0,86.476,85.777,100.0,100.0,45.843,100.0,34.591,0.0,2.858,79.756,81.048,31.52,MODERATE
84,2026-06-01 21:00:00+00:00,21,0,-0.707107,0.707107,0.0,1.0,False,False,EVENING,2.0,3.0,12.0,49.0,87.0,231.0,0.0,0.0,0.0,3.36,6.66,88.0,9.11,88.005,91.145,12.0,0.89,10.26,23.29,90.289,85.871,8.53,5.21,13.27,2.47,50.867,28.79,100.0,36.458,False,,0.0,72.307,0.0,-2.91,-2.2,0.783,2.91,-7.0,1.25,7.198,8.0,0.0,87.206,86.531,100.0,100.0,45.127,100.0,34.882,16.0,0.0,84.229,84.773,100.0,100.0,46.087,100.0,33.692,1.68,2.027,78.962,81.041,31.51,MODERATE
85,2026-06-01 21:15:00+00:00,21,0,-0.707107,0.707107,0.0,1.0,False,False,EVENING,5.0,7.0,14.0,50.0,89.0,236.0,0.67,0.0,0.0,7.27,6.566,88.18,9.12,88.179,91.162,11.82,0.88,10.26,23.29,90.778,86.336,8.34,5.19,13.47,2.44,50.129,29.43,100.0,40.5,False,,1.5,72.826,0.67,0.67,-0.35,0.822,2.91,-4.0,1.58,7.525,7.0,0.0,86.175,85.554,100.0,100.0,45.093,100.0,34.47,16.0,0.89,85.817,85.605,100.0,100.0,47.737,100.0,39.68,1.68,3.006,79.676,80.638,31.51,MODERATE
86,2026-06-01 21:30:00+00:00,21,0,-0.707107,0.707107,0.0,1.0,False,False,EVENING,3.0,8.0,11.0,49.0,90.0,239.0,0.0,0.06,0.0605,6.17,7.014,88.02,9.06,88.021,90.635,11.98,0.94,10.26,23.29,90.306,85.887,8.0,5.15,13.85,2.37,48.696,29.74,100.0,36.254,False,,0.0,72.017,-0.67,0.0,-2.91,0.822,2.91,-7.0,1.09,7.435,12.0,0.0,87.384,85.849,100.0,100.0,45.367,100.0,34.954,11.0,0.0,86.482,85.594,100.0,100.0,47.586,100.0,34.593,0.0,2.25,78.644,80.179,31.34,MODERATE
87,2026-06-01 21:45:00+00:00,21,0,-0.707107,0.707107,0.0,1.0,False,False,EVENING,2.0,5.0,12.0,44.0,89.0,241.0,0.0,0.0,0.0,3.36,6.126,87.45,8.94,87.449,89.438,12.55,1.06,10.26,23.29,89.719,85.329,7.76,5.11,14.13,2.32,47.666,29.89,100.0,35.775,False,,0.0,71.422,0.0,-0.67,0.0,0.822,2.91,-3.0,1.25,7.472,10.0,0.0,86.476,85.777,100.0,100.0,45.843,100.0,34.591,11.0,0.0,87.383,85.963,100.0,100.0,47.979,100.0,34.953,1.68,2.745,77.85,79.992,31.33,MODERATE
88,2026-06-01 22:00:00+00:00,22,0,-0.5,0.866025,0.0,1.0,False,False,NIGHT,1.0,3.0,11.0,42.0,86.0,242.0,0.0,0.0,0.0,1.68,6.245,86.53,8.72,86.531,87.206,13.47,1.28,6.27,17.99,100.0,100.0,7.14,5.04,14.82,2.19,45.127,29.89,100.0,34.882,False,,0.0,73.539,0.0,0.0,0.0,0.822,2.91,-1.0,1.1,7.472,12.0,0.0,84.229,84.773,100.0,100.0,46.087,100.0,33.692,7.0,0.0,86.479,85.624,100.0,100.0,48.292,100.0,34.591,3.36,2.896,78.998,79.993,31.49,MODERATE
89,2026-06-01 22:15:00+00:00,22,0,-0.5,0.866025,0.0,1.0,False,False,NIGHT,1.0,2.0,7.0,39.0,84.0,243.0,0.0,0.0,0.0,1.68,5.999,85.55,8.62,85.554,86.175,14.45,1.38,5.74,16.83,100.0,100.0,7.19,4.98,14.82,2.19,45.093,29.88,100.0,34.47,False,,0.0,73.115,0.0,0.0,-0.67,0.822,2.91,-7.0,0.45,7.47,14.0,0.89,85.817,85.605,100.0,100.0,47.737,100.0,39.68,8.0,0.0,85.344,84.752,100.0,100.0,48.124,100.0,34.138,3.36,2.524,79.589,80.143,31.64,MODERATE
90,2026-06-01 22:30:00+00:00,22,0,-0.5,0.866025,0.0,1.0,False,False,NIGHT,4.0,5.0,8.0,37.0,85.0,247.0,0.0,0.0,0.0,6.72,5.056,85.85,8.74,85.849,87.384,14.15,1.26,6.27,17.99,100.0,100.0,7.3,4.95,14.75,2.2,45.367,30.35,100.0,34.954,False,,0.0,73.447,0.0,0.0,0.0,0.822,2.91,-3.0,0.61,7.588,9.0,0.0,86.482,85.594,100.0,100.0,47.586,100.0,34.593,7.0,0.0,82.54,83.636,100.0,100.0,45.556,100.0,33.016,5.04,2.99,81.094,80.505,31.95,MODERATE
91,2026-06-01 22:45:00+00:00,22,0,-0.5,0.866025,0.0,1.0,False,False,NIGHT,2.0,6.0,8.0,35.0,82.0,249.0,0.0,0.0,0.0,3.36,4.011,85.78,8.65,85.777,86.476,14.22,1.35,5.92,17.23,100.0,100.0,7.47,4.91,14.62,2.23,45.843,30.51,100.0,34.591,False,,0.0,73.292,0.0,0.0,0.0,0.681,2.91,-4.0,0.62,7.628,7.0,0.0,87.383,85.963,100.0,100.0,47.979,100.0,34.953,8.0,0.0,82.365,82.964,100.0,100.0,45.526,100.0,32.946,1.68,2.598,80.257,80.359,31.95,MODERATE
92,2026-06-01 23:00:00+00:00,23,0,-0.258819,0.965926,0.0,1.0,False,False,NIGHT,0.0,2.0,7.0,30.0,81.0,249.0,0.0,0.0,0.0,0.0,4.918,84.77,8.42,84.773,84.229,15.23,1.58,6.27,17.99,100.0,100.0,7.59,4.85,14.56,2.24,46.087,30.34,100.0,33.692,False,,0.0,72.644,0.0,0.0,0.0,0.64,2.91,-4.0,0.45,7.585,4.0,0.0,86.479,85.624,100.0,100.0,48.292,100.0,34.591,7.0,0.0,80.47,82.432,100.0,100.0,44.576,100.0,32.188,0.0,2.867,80.257,79.643,31.78,MODERATE
93,2026-06-01 23:15:00+00:00,23,0,-0.258819,0.965926,0.0,1.0,False,False,NIGHT,6.0,6.0,12.0,33.0,82.0,255.0,0.89,0.0,0.0,8.581,4.616,85.6,8.58,85.605,85.817,14.4,1.42,6.27,17.99,100.0,100.0,8.03,4.86,14.11,2.32,47.737,31.13,100.0,39.68,False,,1.7,73.862,0.89,0.89,0.89,0.684,2.91,5.0,1.25,8.005,2.0,0.0,85.344,84.752,100.0,100.0,48.124,100.0,34.138,8.0,0.0,80.6,81.94,100.0,100.0,44.428,100.0,32.24,6.72,0.31,81.205,81.15,32.25,MODERATE
94,2026-06-01 23:30:00+00:00,23,0,-0.258819,0.965926,0.0,1.0,False,False,NIGHT,2.0,8.0,10.0,29.0,80.0,257.0,0.0,0.08,0.0803,4.859,4.637,85.59,8.65,85.594,86.482,14.41,1.35,6.09,17.59,100.0,100.0,8.01,4.84,14.15,2.31,47.586,31.29,100.0,34.593,False,,0.0,73.41,-0.89,0.0,0.0,0.572,2.91,2.0,0.94,7.822,2.0,0.0,82.54,83.636,100.0,100.0,45.556,100.0,33.016,8.0,0.0,81.286,82.052,100.0,100.0,45.156,100.0,32.514,6.72,2.187,83.21,82.083,32.73,MODERATE
95,2026-06-01 23:45:00+00:00,23,0,-0.258819,0.965926,0.0,1.0,False,False,NIGHT,4.0,6.0,12.0,32.0,80.0,261.0,0.0,0.0,0.0,6.72,4.881,85.96,8.74,85.963,87.383,14.04,1.26,4.77,14.69,100.0,100.0,8.12,4.83,14.05,2.33,47.979,31.76,100.0,34.953,False,,0.0,73.707,0.0,-0.89,0.0,0.481,2.91,4.0,1.25,7.94,4.0,0.0,82.365,82.964,100.0,100.0,45.526,100.0,32.946,6.0,0.0,80.053,81.437,100.0,100.0,45.562,100.0,32.021,1.68,4.471,83.292,81.377,32.72,MODERATE
96,2026-06-02 00:00:00+00:00,0,1,0.0,1.0,0.781831,0.62349,False,False,NIGHT,2.0,6.0,14.0,32.0,81.0,262.0,0.0,0.0,0.0,3.36,5.079,85.62,8.65,85.624,86.479,14.38,1.35,4.31,13.68,100.0,100.0,8.22,4.82,13.96,2.35,48.292,31.91,100.0,34.591,False,,0.0,73.479,0.0,0.0,0.0,0.343,2.91,7.0,1.57,7.978,3.0,0.0,80.47,82.432,100.0,100.0,44.576,100.0,32.188,7.0,0.0,81.396,81.558,100.0,100.0,45.076,100.0,32.558,3.36,2.888,82.715,81.553,32.87,MODERATE
97,2026-06-02 00:15:00+00:00,0,1,0.0,1.0,0.781831,0.62349,False,False,NIGHT,1.0,3.0,9.0,28.0,78.0,262.0,0.0,0.0,0.0,1.68,5.621,84.75,8.53,84.752,85.344,15.25,1.47,6.27,17.99,100.0,100.0,8.2,4.79,14.01,2.34,48.124,31.91,100.0,34.138,False,,0.0,73.045,0.0,0.0,-0.89,0.279,2.91,-3.0,0.78,7.978,6.0,0.0,80.6,81.94,100.0,100.0,44.428,100.0,32.24,6.0,0.0,80.667,81.471,100.0,100.0,45.184,100.0,32.267,1.68,2.403,82.141,81.43,32.87,MODERATE
98,2026-06-02 00:30:00+00:00,0,1,0.0,1.0,0.781831,0.62349,False,False,NIGHT,0.0,1.0,7.0,25.0,74.0,262.0,0.0,0.0,0.0,0.0,5.587,83.64,8.25,83.636,82.54,16.36,1.75,6.27,17.99,100.0,100.0,7.56,4.74,14.7,2.21,45.556,31.74,100.0,33.016,False,,0.0,72.008,0.0,0.0,0.0,0.098,0.89,-3.0,0.45,7.935,5.0,0.0,81.286,82.052,100.0,100.0,45.156,100.0,32.514,8.0,0.0,80.659,81.672,100.0,100.0,45.233,100.0,32.264,3.36,2.631,81.632,81.663,33.02,MODERATE
99,2026-06-02 00:45:00+00:00,0,1,0.0,1.0,0.781831,0.62349,False,False,NIGHT,1.0,1.0,4.0,24.0,68.0,261.0,0.0,0.0,0.0,1.68,4.438,82.96,8.24,82.964,82.365,17.04,1.76,6.27,17.99,100.0,100.0,7.59,4.7,14.71,2.21,45.526,31.73,100.0,32.946,False,,0.0,71.822,0.0,0.0,0.0,0.098,0.89,-8.0,-0.03,7.932,4.0,0.0,80.053,81.437,100.0,100.0,45.562,100.0,32.021,10.0,0.0,79.756,81.048,100.0,100.0,45.339,100.0,31.902,3.36,3.504,81.541,81.636,33.17,MODERATE
100,2026-06-02 01:00:00+00:00,1,1,0.258819,0.965926,0.781831,0.62349,False,False,NIGHT,0.0,1.0,2.0,23.0,65.0,259.0,0.0,0.0,0.0,0.0,2.887,82.43,8.05,82.432,80.47,17.57,1.95,4.3,13.66,100.0,100.0,7.39,4.64,14.96,2.17,44.576,31.57,100.0,32.188,False,,0.0,71.241,0.0,0.0,0.0,0.098,0.89,-12.0,-0.34,7.892,4.0,0.0,81.396,81.558,100.0,100.0,45.076,100.0,32.558,11.0,0.0,78.962,81.041,100.0,100.0,44.225,100.0,31.585,9.786,3.896,83.289,82.933,33.97,MODERATE
101,2026-06-02 01:15:00+00:00,1,1,0.258819,0.965926,0.781831,0.62349,False,False,NIGHT,1.0,1.0,2.0,23.0,62.0,260.0,0.0,0.0,0.0,1.68,3.594,81.94,8.06,81.94,80.6,18.06,1.94,6.27,17.99,100.0,100.0,7.39,4.6,15.0,2.16,44.428,31.56,100.0,32.24,False,,0.0,71.145,0.0,0.0,0.0,0.056,0.89,-7.0,-0.35,7.89,2.0,0.0,80.667,81.471,100.0,100.0,45.184,100.0,32.267,10.0,0.0,79.676,80.638,100.0,100.0,42.721,100.0,31.871,1.974,3.926,81.635,82.611,33.96,MODERATE
102,2026-06-02 01:30:00+00:00,1,1,0.258819,0.965926,0.781831,0.62349,False,False,NIGHT,2.0,3.0,4.0,21.0,58.0,260.0,0.0,0.0,0.0,3.36,2.638,82.05,8.13,82.052,81.286,17.95,1.87,3.92,12.81,100.0,100.0,7.62,4.58,14.81,2.19,45.156,31.71,100.0,32.514,False,,0.0,71.373,0.0,0.0,0.0,0.056,0.89,-3.0,-0.03,7.928,3.0,0.0,80.659,81.672,100.0,100.0,45.233,100.0,32.264,13.0,0.0,78.644,80.179,100.0,100.0,43.47,100.0,31.458,0.0,4.843,81.147,81.449,33.79,MODERATE
103,2026-06-02 01:45:00+00:00,1,1,0.258819,0.965926,0.781831,0.62349,False,False,NIGHT,0.0,2.0,3.0,19.0,54.0,259.0,0.0,0.0,0.0,0.0,2.952,81.44,8.01,81.437,80.053,18.56,1.99,6.27,17.99,100.0,100.0,7.76,4.54,14.7,2.21,45.562,31.55,100.0,32.021,False,,0.0,71.027,0.0,0.0,0.0,0.056,0.89,-1.0,-0.18,7.888,2.0,0.0,79.756,81.048,100.0,100.0,45.339,100.0,31.902,17.0,0.0,77.85,79.992,100.0,100.0,43.526,100.0,31.14,3.36,3.504,81.471,81.381,33.95,MODERATE
104,2026-06-02 02:00:00+00:00,2,1,0.5,0.866025,0.781831,0.62349,False,False,NIGHT,3.0,3.0,6.0,22.0,52.0,261.0,0.0,0.0,0.0,5.04,4.021,81.56,8.14,81.558,81.396,18.44,1.86,6.13,17.68,100.0,100.0,7.64,4.53,14.83,2.19,45.076,31.86,100.0,32.558,False,,0.0,71.279,0.0,0.0,0.0,0.056,0.89,4.0,0.29,7.965,3.0,0.0,78.962,81.041,100.0,100.0,44.225,100.0,31.585,17.0,0.0,78.998,79.993,100.0,100.0,43.602,100.0,31.599,6.72,2.076,83.574,82.331,34.42,MODERATE
105,2026-06-02 02:15:00+00:00,2,1,0.5,0.866025,0.781831,0.62349,False,False,NIGHT,0.0,3.0,5.0,16.0,49.0,260.0,0.0,0.0,0.0,0.0,0.64,81.47,8.07,81.471,80.667,18.53,1.93,6.19,17.82,100.0,100.0,7.69,4.51,14.8,2.2,45.184,31.69,100.0,32.267,False,,0.0,71.124,0.0,0.0,0.0,0.056,0.89,3.0,0.13,7.922,4.0,0.0,79.676,80.638,100.0,100.0,42.721,100.0,31.871,17.0,0.0,79.589,80.143,100.0,100.0,43.127,100.0,31.836,1.68,2.103,82.287,82.354,34.41,MODERATE
106,2026-06-02 02:30:00+00:00,2,1,0.5,0.866025,0.781831,0.62349,False,False,NIGHT,1.0,1.0,4.0,15.0,44.0,259.0,0.0,0.0,0.0,1.68,0.876,81.67,8.07,81.672,80.659,18.33,1.93,6.05,17.51,100.0,100.0,7.72,4.5,14.79,2.2,45.233,31.69,100.0,32.264,False,,0.0,71.171,0.0,0.0,0.0,0.056,0.89,0.0,-0.02,7.922,5.0,0.0,78.644,80.179,100.0,100.0,43.47,100.0,31.458,16.0,0.0,81.094,80.505,100.0,100.0,45.207,100.0,32.438,0.0,3.521,81.841,81.519,34.25,MODERATE
107,2026-06-02 02:45:00+00:00,2,1,0.5,0.866025,0.781831,0.62349,False,False,NIGHT,0.0,1.0,4.0,11.0,43.0,258.0,0.0,0.0,0.0,0.0,2.858,81.05,7.98,81.048,79.756,18.95,2.02,6.27,17.99,100.0,100.0,7.77,4.47,14.76,2.2,45.339,31.52,100.0,31.902,False,,0.0,70.862,0.0,0.0,0.0,0.056,0.89,1.0,-0.03,7.88,8.0,0.0,77.85,79.992,100.0,100.0,43.526,100.0,31.14,15.0,0.0,80.257,80.359,100.0,100.0,43.986,100.0,32.103,5.04,1.561,82.096,82.363,34.56,MODERATE
108,2026-06-02 03:00:00+00:00,3,1,0.707107,0.707107,0.781831,0.62349,False,False,NIGHT,1.0,1.0,2.0,10.0,42.0,259.0,0.0,0.0,0.0,1.68,2.027,81.04,7.9,81.041,78.962,18.96,2.1,6.27,17.99,100.0,100.0,7.49,4.45,15.06,2.15,44.225,31.51,100.0,31.585,False,,0.0,70.602,0.0,0.0,0.0,0.056,0.89,-4.0,-0.35,7.878,8.0,0.0,78.998,79.993,100.0,100.0,43.602,100.0,31.599,16.0,0.0,80.257,79.643,100.0,100.0,43.003,100.0,32.103,5.04,1.702,83.656,83.041,34.87,MODERATE
109,2026-06-02 03:15:00+00:00,3,1,0.707107,0.707107,0.781831,0.62349,False,False,NIGHT,1.0,2.0,3.0,10.0,38.0,257.0,0.0,0.0,0.0,1.68,3.006,80.64,7.97,80.638,79.676,19.36,2.03,5.75,16.85,100.0,100.0,7.1,4.43,15.47,2.08,42.721,31.51,100.0,31.871,False,,0.0,70.52,0.0,0.0,0.0,0.0,0.0,-2.0,-0.18,7.878,6.0,0.0,79.589,80.143,100.0,100.0,43.127,100.0,31.836,22.0,0.0,81.205,81.15,100.0,100.0,43.774,100.0,32.482,5.04,4.586,84.216,83.099,35.19,MODERATE
110,2026-06-02 03:30:00+00:00,3,1,0.707107,0.707107,0.781831,0.62349,False,False,NIGHT,0.0,1.0,2.0,10.0,35.0,257.0,0.0,0.0,0.0,0.0,2.25,80.18,7.86,80.179,78.644,19.82,2.14,5.28,15.82,100.0,100.0,7.32,4.41,15.26,2.11,43.47,31.34,100.0,31.458,False,,0.0,70.28,0.0,0.0,0.0,0.0,0.0,-2.0,-0.35,7.835,8.0,0.0,81.094,80.505,100.0,100.0,45.207,100.0,32.438,19.0,0.0,83.21,82.083,100.0,100.0,43.817,100.0,33.284,1.68,3.453,83.864,82.691,35.18,MODERATE
111,2026-06-02 03:45:00+00:00,3,1,0.707107,0.707107,0.781831,0.62349,False,False,NIGHT,1.0,1.0,3.0,10.0,34.0,257.0,0.0,0.0,0.0,1.68,2.745,79.99,7.78,79.992,77.85,20.01,2.22,6.27,17.99,100.0,100.0,7.37,4.39,15.25,2.12,43.526,31.33,100.0,31.14,False,,0.0,70.086,0.0,0.0,0.0,0.0,0.0,-1.0,-0.19,7.832,9.0,0.0,80.257,80.359,100.0,100.0,43.986,100.0,32.103,15.0,0.0,83.292,81.377,100.0,100.0,43.259,100.0,33.317,3.36,3.441,84.481,82.609,35.33,MODERATE
112,2026-06-02 04:00:00+00:00,4,1,0.866025,0.5,0.781831,0.62349,False,False,NIGHT,2.0,3.0,4.0,12.0,35.0,256.0,0.0,0.0,0.0,3.36,2.896,79.99,7.9,79.993,78.998,20.01,2.1,6.05,17.51,100.0,100.0,7.39,4.38,15.23,2.12,43.602,31.49,100.0,31.599,False,,0.0,70.322,0.0,0.0,0.0,0.0,0.0,2.0,-0.02,7.872,9.0,0.0,80.257,79.643,100.0,100.0,43.003,100.0,32.103,16.0,0.0,82.715,81.553,89.336,83.414,43.955,100.0,33.086,8.4,3.138,86.193,83.753,35.97,MODERATE
113,2026-06-02 04:15:00+00:00,4,1,0.866025,0.5,0.781831,0.62349,False,False,NIGHT,2.0,4.0,5.0,13.0,36.0,256.0,0.0,0.0,0.0,3.36,2.524,80.14,7.96,80.143,79.589,19.86,2.04,4.39,13.86,100.0,100.0,7.27,4.38,15.36,2.1,43.127,31.64,100.0,31.836,False,,0.0,70.431,0.0,0.0,0.0,0.0,0.0,2.0,0.13,7.91,11.0,0.0,81.205,81.15,100.0,100.0,43.774,100.0,32.482,18.0,0.0,82.141,81.43,71.609,67.508,43.447,100.0,32.856,6.72,3.897,87.461,84.332,36.44,MODERATE
114,2026-06-02 04:30:00+00:00,4,1,0.866025,0.5,0.781831,0.62349,False,False,NIGHT,3.0,5.0,8.0,14.0,35.0,259.0,0.0,0.0,0.0,5.04,2.99,80.51,8.11,80.505,81.094,19.49,1.89,6.27,17.99,100.0,100.0,7.81,4.39,14.79,2.2,45.207,31.95,100.0,32.438,False,,0.0,70.999,0.0,0.0,0.0,0.0,0.0,6.0,0.61,7.988,8.0,0.0,83.21,82.083,100.0,100.0,43.817,100.0,33.284,18.0,0.0,81.632,81.663,81.451,76.383,42.925,100.0,32.653,3.36,5.58,86.23,83.9,36.59,MODERATE
115,2026-06-02 04:45:00+00:00,4,1,0.866025,0.5,0.781831,0.62349,False,False,NIGHT,1.0,4.0,8.0,15.0,34.0,260.0,0.0,0.0,0.0,1.68,2.598,80.36,8.03,80.359,80.257,19.64,1.97,6.27,17.99,100.0,100.0,7.48,4.4,15.12,2.14,43.986,31.95,100.0,32.103,False,,0.0,70.689,0.0,0.0,0.0,0.0,0.0,5.0,0.62,7.988,6.0,0.0,83.292,81.377,100.0,100.0,43.259,100.0,33.317,16.0,0.0,81.541,81.636,82.57,77.384,43.882,100.0,32.616,8.87,3.44,87.537,85.127,37.39,MODERATE
116,2026-06-02 05:00:00+00:00,5,1,0.965926,0.258819,0.781831,0.62349,False,False,NIGHT,0.0,1.0,6.0,12.0,34.0,257.0,0.0,0.0,0.0,0.0,2.867,79.64,8.03,79.643,80.257,20.36,1.97,5.94,17.27,100.0,100.0,7.21,4.4,15.39,2.09,43.003,31.78,100.0,32.103,False,,0.0,70.443,0.0,0.0,0.0,0.0,0.0,2.0,0.29,7.945,7.0,0.0,82.715,81.553,89.336,83.414,43.955,100.0,33.086,17.0,0.18,83.289,82.933,73.0,68.82,45.178,100.0,34.367,7.93,5.424,88.205,85.687,37.86,MODERATE
117,2026-06-02 05:15:00+00:00,5,1,0.965926,0.258819,0.781831,0.62349,False,False,NIGHT,4.0,4.0,8.0,16.0,32.0,256.0,0.0,0.0,0.0,6.72,0.31,81.15,8.12,81.15,81.205,18.85,1.88,6.27,17.99,100.0,100.0,7.4,4.41,15.18,2.13,43.774,32.25,100.0,32.482,False,,0.0,71.034,0.0,0.0,0.0,0.0,0.0,3.0,0.61,8.062,11.0,0.0,82.141,81.43,71.609,67.508,43.447,100.0,32.856,14.0,0.0,81.635,82.611,72.647,68.488,45.381,100.0,32.654,6.72,6.186,88.012,85.84,38.33,MODERATE
118,2026-06-02 05:30:00+00:00,5,1,0.965926,0.258819,0.781831,0.62349,False,False,NIGHT,4.0,8.0,9.0,19.0,34.0,257.0,0.0,0.0,0.0,6.72,2.187,82.08,8.32,82.083,83.21,17.92,1.68,6.27,17.99,100.0,100.0,7.38,4.45,15.17,2.13,43.817,32.73,100.0,33.284,False,,0.0,71.644,0.0,0.0,0.0,0.0,0.0,1.0,0.78,8.182,11.0,0.0,81.632,81.663,81.451,76.383,42.925,100.0,32.653,16.0,0.0,81.147,81.449,71.732,67.621,46.804,100.0,32.459,0.0,5.542,86.032,84.652,38.17,MODERATE
119,2026-06-02 05:45:00+00:00,5,1,0.965926,0.258819,0.781831,0.62349,False,False,NIGHT,1.0,5.0,9.0,20.0,31.0,257.0,0.0,0.0,0.0,1.68,4.471,81.38,8.33,81.377,83.292,18.62,1.67,5.76,16.87,100.0,100.0,7.21,4.47,15.32,2.1,43.259,32.72,100.0,33.317,False,,0.0,71.455,0.0,0.0,0.0,0.0,0.0,1.0,0.77,8.18,9.0,0.0,81.541,81.636,82.57,77.384,43.882,100.0,32.616,17.0,0.0,81.471,81.381,71.566,67.468,47.129,100.0,32.589,3.36,4.668,86.153,84.313,38.32,MODERATE
120,2026-06-02 06:00:00+00:00,6,1,1.0,0.0,0.781831,0.62349,False,False,MORNING,2.0,3.0,11.0,21.0,31.0,255.0,0.0,0.0,0.0,3.36,2.888,81.55,8.27,81.553,82.715,18.45,1.73,9.61,22.22,89.336,83.414,7.38,4.49,15.13,2.14,43.955,32.87,100.0,33.086,False,,0.0,68.171,0.0,0.0,0.0,0.0,0.0,5.0,1.09,8.218,9.0,0.18,83.289,82.933,73.0,68.82,45.178,100.0,34.367,17.0,0.0,83.574,82.331,72.999,68.797,45.225,100.0,33.43,6.72,6.712,86.398,84.29,38.79,NORMAL
121,2026-06-02 06:15:00+00:00,6,1,1.0,0.0,0.781831,0.62349,False,False,MORNING,1.0,3.0,8.0,21.0,31.0,256.0,0.0,0.0,0.0,1.68,2.403,81.43,8.21,81.43,82.141,18.57,1.79,11.97,27.41,71.609,67.508,7.24,4.49,15.27,2.11,43.447,32.87,100.0,32.856,False,,0.0,63.947,0.0,0.0,0.0,0.0,0.0,0.0,0.62,8.218,7.0,0.0,81.635,82.611,72.647,68.488,45.381,100.0,32.654,18.0,0.0,82.287,82.354,97.288,90.493,46.397,100.0,32.915,8.4,3.992,87.547,85.278,39.43,NORMAL
122,2026-06-02 06:30:00+00:00,6,1,1.0,0.0,0.781831,0.62349,False,False,MORNING,2.0,3.0,6.0,23.0,33.0,257.0,0.0,0.0,0.0,3.36,2.631,81.66,8.16,81.663,81.632,18.34,1.84,10.55,24.3,81.451,76.383,7.1,4.49,15.41,2.09,42.925,33.02,100.0,32.653,False,,0.0,66.096,0.0,0.0,0.0,0.0,0.0,-3.0,0.29,8.255,7.0,0.0,81.147,81.449,71.732,67.621,46.804,100.0,32.459,21.0,0.0,81.841,81.519,84.126,78.771,46.216,100.0,32.736,5.04,5.53,87.034,85.206,39.74,NORMAL
123,2026-06-02 06:45:00+00:00,6,1,1.0,0.0,0.781831,0.62349,False,False,MORNING,2.0,4.0,7.0,24.0,34.0,256.0,0.0,0.0,0.0,3.36,3.504,81.64,8.15,81.636,81.541,18.36,1.85,10.41,23.98,82.57,77.384,7.36,4.49,15.15,2.13,43.882,33.17,100.0,32.616,False,,0.0,66.412,0.0,0.0,0.0,0.0,0.0,-2.0,0.45,8.292,7.0,0.0,81.471,81.381,71.566,67.468,47.129,100.0,32.589,23.0,0.0,82.096,82.363,75.19,70.779,44.703,100.0,32.839,3.36,5.474,86.53,84.728,39.89,NORMAL
124,2026-06-02 07:00:00+00:00,7,1,0.965926,-0.258819,0.781831,0.62349,False,False,MORNING,6.0,8.0,11.0,28.0,40.0,258.0,0.18,0.0,0.0,9.786,3.896,82.93,8.33,82.933,83.289,17.07,1.67,11.97,27.41,73.0,68.82,7.68,4.52,14.8,2.2,45.178,33.97,100.0,34.367,False,,0.3,65.103,0.18,0.18,0.18,0.011,0.18,0.0,1.1,8.538,8.0,0.0,83.574,82.331,72.999,68.797,45.225,100.0,33.43,26.0,0.0,83.656,83.041,78.918,74.164,43.944,100.0,33.463,6.72,4.152,87.475,85.276,40.37,NORMAL
125,2026-06-02 07:15:00+00:00,7,1,0.965926,-0.258819,0.781831,0.62349,False,False,MORNING,1.0,7.0,11.0,27.0,40.0,256.0,0.0,0.02,0.0158,1.974,3.926,82.61,8.16,82.611,81.635,17.39,1.84,11.97,27.41,72.647,68.488,7.74,4.51,14.75,2.21,45.381,33.96,100.0,32.654,False,,0.0,64.522,-0.18,0.0,0.0,0.011,0.18,3.0,1.09,8.49,7.0,0.0,82.287,82.354,97.288,90.493,46.397,100.0,32.915,27.0,0.0,84.216,83.099,76.363,71.863,43.932,100.0,33.686,6.72,4.593,87.955,85.76,40.84,NORMAL
126,2026-06-02 07:30:00+00:00,7,1,0.965926,-0.258819,0.781831,0.62349,False,False,MORNING,0.0,1.0,9.0,24.0,38.0,251.0,0.0,0.0,0.0,0.0,4.843,81.45,8.11,81.449,81.147,18.55,1.89,11.95,27.37,71.732,67.621,8.14,4.5,14.36,2.27,46.804,33.79,100.0,32.459,False,,0.0,64.083,0.0,-0.18,0.0,0.011,0.18,3.0,0.77,8.448,9.0,0.0,81.841,81.519,84.126,78.771,46.216,100.0,32.736,28.0,0.0,83.864,82.691,72.718,68.554,42.78,100.0,33.546,5.04,4.628,87.823,85.876,41.15,NORMAL
127,2026-06-02 07:45:00+00:00,7,1,0.965926,-0.258819,0.781831,0.62349,False,False,MORNING,2.0,2.0,9.0,25.0,40.0,251.0,0.0,0.0,0.0,3.36,3.504,81.38,8.15,81.381,81.471,18.62,1.85,11.97,27.41,71.566,67.468,8.23,4.5,14.28,2.29,47.129,33.95,100.0,32.589,False,,0.0,64.124,0.0,0.0,0.0,0.011,0.18,2.0,0.78,8.488,10.0,0.0,82.096,82.363,75.19,70.779,44.703,100.0,32.839,27.0,0.0,84.481,82.609,72.645,68.486,42.695,100.0,33.792,5.04,5.753,87.4,85.74,41.47,NORMAL
128,2026-06-02 08:00:00+00:00,8,1,0.866025,-0.5,0.781831,0.62349,False,False,MORNING,4.0,6.0,7.0,29.0,41.0,254.0,0.0,0.0,0.0,6.72,2.076,82.33,8.36,82.331,83.574,17.67,1.64,11.87,27.2,72.999,68.797,7.69,4.52,14.79,2.2,45.225,34.42,100.0,33.43,False,,0.0,64.913,0.0,0.0,-0.18,0.011,0.18,-4.0,0.45,8.605,9.0,0.0,83.656,83.041,78.918,74.164,43.944,100.0,33.463,27.0,0.0,86.193,83.753,73.652,69.435,44.402,100.0,34.477,3.36,5.168,86.668,85.361,41.62,NORMAL
129,2026-06-02 08:15:00+00:00,8,1,0.866025,-0.5,0.781831,0.62349,False,False,MORNING,1.0,5.0,7.0,26.0,42.0,253.0,0.0,0.0,0.0,1.68,2.103,82.35,8.23,82.354,82.287,17.65,1.77,8.91,20.68,97.288,90.493,8.01,4.52,14.47,2.25,46.397,34.41,100.0,32.915,False,,0.0,70.285,0.0,0.0,0.0,0.011,0.18,-4.0,0.45,8.602,11.0,0.0,84.216,83.099,76.363,71.863,43.932,100.0,33.686,26.0,0.0,87.461,84.332,74.161,69.914,46.048,100.0,34.984,0.0,4.08,84.222,84.586,41.45,MODERATE
130,2026-06-02 08:30:00+00:00,8,1,0.866025,-0.5,0.781831,0.62349,False,False,MORNING,0.0,1.0,7.0,22.0,41.0,248.0,0.0,0.0,0.0,0.0,3.521,81.52,8.18,81.519,81.841,18.48,1.82,10.2,23.52,84.126,78.771,7.96,4.52,14.52,2.25,46.216,34.25,100.0,32.736,False,,0.0,67.009,0.0,0.0,0.0,0.011,0.18,-2.0,0.46,8.562,12.0,0.0,83.864,82.691,72.718,68.554,42.78,100.0,33.546,27.0,0.0,86.23,83.9,73.781,69.556,45.316,100.0,34.492,5.04,4.246,84.721,84.734,41.77,NORMAL
131,2026-06-02 08:45:00+00:00,8,1,0.866025,-0.5,0.781831,0.62349,False,False,MORNING,3.0,3.0,8.0,24.0,44.0,251.0,0.0,0.0,0.0,5.04,1.561,82.36,8.21,82.363,82.096,17.64,1.79,11.53,26.45,75.19,70.779,7.55,4.52,14.93,2.17,44.703,34.56,100.0,32.839,False,,0.0,65.079,0.0,0.0,0.0,0.011,0.18,-1.0,0.61,8.64,13.0,0.0,84.481,82.609,72.645,68.486,42.695,100.0,33.792,28.0,0.72,87.537,85.127,75.835,71.467,44.12,100.0,39.337,3.36,5.422,83.541,84.337,41.92,NORMAL
132,2026-06-02 09:00:00+00:00,9,1,0.707107,-0.707107,0.781831,0.62349,False,False,MORNING,3.0,6.0,7.0,25.0,46.0,252.0,0.0,0.0,0.0,5.04,1.702,83.04,8.37,83.041,83.656,16.96,1.63,11.08,25.45,78.918,74.164,7.33,4.53,15.13,2.14,43.944,34.87,100.0,33.463,False,,0.0,66.325,0.0,0.0,0.0,0.011,0.18,0.0,0.45,8.718,17.0,0.0,86.193,83.753,73.652,69.435,44.402,100.0,34.477,24.0,0.0,88.205,85.687,85.432,80.118,44.539,100.0,35.282,8.4,4.82,85.46,85.04,42.55,NORMAL
133,2026-06-02 09:15:00+00:00,9,1,0.707107,-0.707107,0.781831,0.62349,False,False,MORNING,3.0,6.0,9.0,27.0,48.0,250.0,0.0,0.0,0.0,5.04,4.586,83.1,8.42,83.099,84.216,16.9,1.58,11.45,26.28,76.363,71.863,7.31,4.55,15.14,2.14,43.932,35.19,100.0,33.686,False,,0.0,65.866,0.0,0.0,0.0,0.011,0.18,2.0,0.78,8.798,16.0,0.0,87.461,84.332,74.161,69.914,46.048,100.0,34.984,24.0,0.0,88.012,85.84,75.487,71.164,44.637,100.0,35.205,1.68,3.147,84.303,84.789,42.55,NORMAL
134,2026-06-02 09:30:00+00:00,9,1,0.707107,-0.707107,0.781831,0.62349,False,False,MORNING,1.0,4.0,10.0,26.0,49.0,246.0,0.0,0.0,0.0,1.68,3.453,82.69,8.39,82.691,83.864,17.31,1.61,11.97,27.41,72.718,68.554,6.99,4.56,15.45,2.08,42.78,35.18,100.0,33.546,False,,0.0,64.768,0.0,0.0,0.0,0.011,0.18,3.0,0.93,8.795,16.0,0.0,86.23,83.9,73.781,69.556,45.316,100.0,34.492,24.0,0.0,86.032,84.652,80.251,75.424,45.547,100.0,34.413,3.36,5.129,84.53,84.324,42.7,NORMAL
135,2026-06-02 09:45:00+00:00,9,1,0.707107,-0.707107,0.781831,0.62349,False,False,MORNING,2.0,3.0,9.0,26.0,50.0,247.0,0.0,0.0,0.0,3.36,3.441,82.61,8.45,82.609,84.481,17.39,1.55,11.97,27.41,72.645,68.486,6.95,4.58,15.47,2.07,42.695,35.33,100.0,33.792,False,,0.0,64.848,0.0,0.0,0.0,0.011,0.18,1.0,0.77,8.832,14.0,0.72,87.537,85.127,75.835,71.467,44.12,100.0,39.337,27.0,0.0,86.153,84.313,74.144,69.899,46.402,100.0,34.461,5.04,5.193,86.023,84.136,43.01,NORMAL
136,2026-06-02 10:00:00+00:00,10,1,0.5,-0.866025,0.781831,0.62349,False,False,MORNING,5.0,7.0,11.0,25.0,53.0,247.0,0.0,0.0,0.0,8.4,3.138,83.75,8.62,83.753,86.193,16.25,1.38,11.97,27.41,73.652,69.435,7.38,4.61,15.01,2.16,44.402,35.97,100.0,34.477,False,,0.0,65.831,0.0,0.0,0.0,0.011,0.18,4.0,1.1,8.992,10.0,0.0,88.205,85.687,85.432,80.118,44.539,100.0,35.282,28.0,0.0,86.398,84.29,74.124,69.88,46.313,100.0,34.559,3.36,3.799,84.783,84.15,43.17,NORMAL
137,2026-06-02 10:15:00+00:00,10,1,0.5,-0.866025,0.781831,0.62349,False,False,MORNING,4.0,9.0,12.0,28.0,55.0,251.0,0.0,0.0,0.0,6.72,3.897,84.33,8.75,84.332,87.461,15.67,1.25,11.97,27.41,74.161,69.914,7.78,4.65,14.57,2.24,46.048,36.44,100.0,34.984,False,,0.0,66.479,0.0,0.0,0.0,0.011,0.18,3.0,1.25,9.11,10.0,0.0,88.012,85.84,75.487,71.164,44.637,100.0,35.205,26.0,0.0,87.547,85.278,76.77,72.307,44.954,100.0,35.019,5.04,5.267,85.113,84.061,43.48,NORMAL
138,2026-06-02 10:30:00+00:00,10,1,0.5,-0.866025,0.781831,0.62349,False,False,MORNING,2.0,6.0,13.0,30.0,54.0,249.0,0.0,0.0,0.0,3.36,5.58,83.9,8.62,83.9,86.23,16.1,1.38,11.97,27.41,73.781,69.556,7.57,4.67,14.76,2.2,45.316,36.59,100.0,34.492,False,,0.0,65.983,0.0,0.0,0.0,0.011,0.18,3.0,1.41,9.148,11.0,0.0,86.032,84.652,80.251,75.424,45.547,100.0,34.413,21.0,0.0,87.034,85.206,74.93,70.639,44.135,100.0,34.814,5.04,3.783,86.032,84.283,43.79,NORMAL
139,2026-06-02 10:45:00+00:00,10,1,0.5,-0.866025,0.781831,0.62349,False,False,MORNING,6.0,8.0,17.0,34.0,59.0,251.0,0.72,0.0,0.0,8.87,3.44,85.13,8.75,85.127,87.537,14.87,1.25,11.86,27.17,75.835,71.467,7.19,4.73,15.09,2.14,44.12,37.39,100.0,39.337,False,,1.3,67.343,0.72,0.72,0.72,0.056,0.72,8.0,2.06,9.528,14.0,0.0,86.153,84.313,74.144,69.899,46.402,100.0,34.461,21.0,0.0,86.53,84.728,74.509,70.243,43.551,100.0,34.612,5.04,2.344,86.58,84.902,44.11,NORMAL
140,2026-06-02 11:00:00+00:00,11,1,0.258819,-0.965926,0.781831,0.62349,False,False,MORNING,4.0,10.0,16.0,34.0,63.0,248.0,0.0,0.06,0.0648,7.93,5.424,85.69,8.82,85.687,88.205,14.31,1.18,10.56,24.31,85.432,80.118,7.28,4.75,14.97,2.16,44.539,37.86,100.0,35.282,False,,0.0,69.367,-0.72,0.0,0.0,0.045,0.72,5.0,1.89,9.465,14.0,0.0,86.398,84.29,74.124,69.88,46.313,100.0,34.559,21.0,0.0,87.475,85.276,74.991,70.697,43.886,100.0,34.99,6.72,4.824,86.912,85.343,44.58,NORMAL
141,2026-06-02 11:15:00+00:00,11,1,0.258819,-0.965926,0.781831,0.62349,False,False,MORNING,4.0,8.0,16.0,37.0,63.0,248.0,0.0,0.0,0.0,6.72,6.186,85.84,8.8,85.84,88.012,14.16,1.2,11.97,27.41,75.487,71.164,7.28,4.77,14.95,2.17,44.637,38.33,100.0,35.205,False,,0.0,67.103,0.0,-0.72,0.0,0.045,0.72,4.0,1.89,9.582,14.0,0.0,87.547,85.278,76.77,72.307,44.954,100.0,35.019,22.0,0.0,87.955,85.76,75.416,71.098,43.774,100.0,35.182,8.325,5.152,88.046,86.023,46.01,NORMAL
142,2026-06-02 11:30:00+00:00,11,1,0.258819,-0.965926,0.781831,0.62349,False,False,MORNING,0.0,4.0,14.0,37.0,59.0,248.0,0.0,0.0,0.0,0.0,5.542,84.65,8.6,84.652,86.032,15.35,1.4,11.1,25.51,80.251,75.424,7.54,4.76,14.7,2.21,45.547,38.17,100.0,34.413,False,,0.0,67.61,0.0,0.0,0.0,0.045,0.72,1.0,1.58,9.542,13.0,0.0,87.034,85.206,74.93,70.639,44.135,100.0,34.814,19.0,0.0,87.823,85.876,75.518,71.194,45.105,100.0,35.129,8.055,4.9,89.135,86.703,46.33,NORMAL
143,2026-06-02 11:45:00+00:00,11,1,0.258819,-0.965926,0.781831,0.62349,False,False,MORNING,2.0,2.0,10.0,36.0,60.0,244.0,0.0,0.0,0.0,3.36,4.668,84.31,8.62,84.313,86.153,15.69,1.38,11.97,27.41,74.144,69.899,7.77,4.76,14.47,2.26,46.402,38.32,100.0,34.461,False,,0.0,66.241,0.0,0.0,-0.72,0.045,0.72,-7.0,0.93,9.58,13.0,0.0,86.53,84.728,74.509,70.243,43.551,100.0,34.612,18.0,0.0,87.4,85.74,85.268,79.973,44.922,100.0,34.96,7.785,6.465,90.222,86.924,46.48,NORMAL
144,2026-06-02 12:00:00+00:00,12,1,0.0,-1.0,0.781831,0.62349,False,False,MORNING,4.0,6.0,10.0,37.0,62.0,246.0,0.0,0.0,0.0,6.72,6.712,84.29,8.64,84.29,86.398,15.71,1.36,11.97,27.41,74.124,69.88,7.75,4.76,14.5,2.25,46.313,38.79,100.0,34.559,False,,0.0,66.272,0.0,0.0,0.0,0.045,0.72,-6.0,0.93,9.698,14.0,0.0,87.475,85.276,74.991,70.697,43.886,100.0,34.99,18.0,0.0,86.668,85.361,87.577,83.291,44.558,100.0,34.667,6.075,5.94,89.393,87.04,46.79,NORMAL
145,2026-06-02 12:15:00+00:00,12,1,0.0,-1.0,0.781831,0.62349,False,False,MORNING,5.0,9.0,11.0,39.0,66.0,249.0,0.0,0.0,0.0,8.4,3.992,85.28,8.75,85.278,87.547,14.72,1.25,11.69,26.8,76.77,72.307,7.37,4.77,14.86,2.18,44.954,39.43,100.0,35.019,False,,0.0,67.206,0.0,0.0,0.0,0.045,0.72,-5.0,1.1,9.858,12.0,0.0,87.955,85.76,75.416,71.098,43.774,100.0,35.182,18.0,0.0,84.222,84.586,90.029,85.525,43.717,100.0,33.689,1.68,5.333,87.911,86.275,46.79,NORMAL
146,2026-06-02 12:30:00+00:00,12,1,0.0,-1.0,0.781831,0.62349,False,False,MORNING,3.0,8.0,14.0,41.0,67.0,249.0,0.0,0.0,0.0,5.04,5.53,85.21,8.7,85.206,87.034,14.79,1.3,11.97,27.41,74.93,70.639,7.15,4.77,15.08,2.14,44.135,39.74,100.0,34.814,False,,0.0,66.593,0.0,0.0,0.0,0.045,0.72,0.0,1.57,9.935,8.0,0.0,87.823,85.876,75.518,71.194,45.105,100.0,35.129,21.0,0.0,84.721,84.734,86.934,82.68,44.699,100.0,33.888,3.36,5.026,86.999,85.95,46.94,NORMAL
147,2026-06-02 12:45:00+00:00,12,1,0.0,-1.0,0.781831,0.62349,False,False,MORNING,2.0,5.0,14.0,41.0,67.0,246.0,0.0,0.0,0.0,3.36,5.474,84.73,8.65,84.728,86.53,15.27,1.35,11.97,27.41,74.509,70.243,6.99,4.77,15.24,2.12,43.551,39.89,100.0,34.612,False,,0.0,66.236,0.0,0.0,0.0,0.045,0.72,4.0,1.57,9.972,8.0,0.0,87.4,85.74,85.268,79.973,44.922,100.0,34.96,21.0,0.0,83.541,84.337,86.526,82.292,44.832,100.0,33.416,5.04,5.351,87.235,85.849,47.25,NORMAL
148,2026-06-02 13:00:00+00:00,13,1,-0.258819,-0.965926,0.781831,0.62349,False,False,MORNING,4.0,6.0,14.0,40.0,65.0,247.0,0.0,0.0,0.0,6.72,4.152,85.28,8.75,85.276,87.475,14.72,1.25,11.97,27.41,74.991,70.697,7.07,4.78,15.15,2.13,43.886,40.37,100.0,34.99,False,,0.0,66.688,0.0,0.0,0.0,0.045,0.72,4.0,1.58,10.092,7.0,0.0,86.668,85.361,87.577,83.291,44.558,100.0,34.667,22.0,0.0,85.46,85.04,99.327,94.064,44.336,100.0,34.184,5.04,6.243,87.278,85.544,47.57,NORMAL
149,2026-06-02 13:15:00+00:00,13,1,-0.258819,-0.965926,0.781831,0.62349,False,False,MORNING,4.0,8.0,13.0,40.0,68.0,249.0,0.0,0.0,0.0,6.72,4.593,85.76,8.8,85.76,87.955,14.24,1.2,11.97,27.41,75.416,71.098,7.03,4.79,15.18,2.13,43.774,40.84,100.0,35.182,False,,0.0,66.98,0.0,0.0,0.0,0.045,0.72,2.0,1.41,10.21,10.0,0.0,84.222,84.586,90.029,85.525,43.717,100.0,33.689,21.0,0.0,84.303,84.789,100.0,100.0,43.632,100.0,33.721,1.68,6.08,85.646,84.607,47.56,NORMAL
150,2026-06-02 13:30:00+00:00,13,1,-0.258819,-0.965926,0.781831,0.62349,False,False,MORNING,3.0,7.0,13.0,41.0,71.0,251.0,0.0,0.0,0.0,5.04,4.628,85.88,8.78,85.876,87.823,14.12,1.22,11.97,27.41,75.518,71.194,7.38,4.8,14.82,2.19,45.105,41.15,100.0,35.129,False,,0.0,67.122,0.0,0.0,0.0,0.045,0.72,-1.0,1.41,10.288,11.0,0.0,84.721,84.734,86.934,82.68,44.699,100.0,33.888,30.0,0.0,84.53,84.324,86.512,82.279,45.066,100.0,33.812,1.68,4.769,84.303,83.969,47.55,NORMAL
151,2026-06-02 13:45:00+00:00,13,1,-0.258819,-0.965926,0.781831,0.62349,False,False,MORNING,3.0,6.0,14.0,38.0,72.0,252.0,0.0,0.0,0.0,5.04,5.753,85.74,8.74,85.74,87.4,14.26,1.26,10.58,24.37,85.268,79.973,7.33,4.8,14.87,2.18,44.922,41.47,100.0,34.96,False,,0.0,69.215,0.0,0.0,0.0,0.045,0.72,0.0,1.58,10.368,10.0,0.0,83.541,84.337,86.526,82.292,44.832,100.0,33.416,31.0,0.0,86.023,84.136,100.0,100.0,45.391,100.0,34.409,5.04,4.608,84.856,84.022,47.87,NORMAL
152,2026-06-02 14:00:00+00:00,14,1,-0.5,-0.866025,0.781831,0.62349,False,False,EVENING,2.0,5.0,12.0,36.0,70.0,252.0,0.0,0.0,0.0,3.36,5.168,85.36,8.67,85.361,86.668,14.64,1.33,10.26,23.29,87.577,83.291,7.24,4.79,14.97,2.17,44.558,41.62,100.0,34.667,False,,0.0,69.627,0.0,0.0,0.0,0.045,0.72,-2.0,1.25,10.405,11.0,0.0,85.46,85.04,99.327,94.064,44.336,100.0,34.184,30.0,0.0,84.783,84.15,91.863,87.196,46.53,100.0,33.913,3.36,3.478,84.25,84.053,48.02,NORMAL
153,2026-06-02 14:15:00+00:00,14,1,-0.5,-0.866025,0.781831,0.62349,False,False,EVENING,0.0,2.0,8.0,32.0,69.0,250.0,0.0,0.0,0.0,0.0,4.08,84.59,8.42,84.586,84.222,15.41,1.58,9.89,22.48,90.029,85.525,7.04,4.76,15.2,2.12,43.717,41.45,100.0,33.689,False,,0.0,69.454,0.0,0.0,0.0,0.045,0.72,-5.0,0.61,10.362,8.0,0.0,84.303,84.789,100.0,100.0,43.632,100.0,33.721,31.0,0.0,85.113,84.061,89.468,84.992,47.511,100.0,34.045,1.68,2.912,82.486,83.921,48.01,NORMAL
154,2026-06-02 14:30:00+00:00,14,1,-0.5,-0.866025,0.781831,0.62349,False,False,EVENING,3.0,3.0,8.0,35.0,72.0,247.0,0.0,0.0,0.0,5.04,4.246,84.73,8.47,84.734,84.721,15.27,1.53,10.26,23.29,86.934,82.68,7.33,4.74,14.93,2.17,44.699,41.77,100.0,33.888,False,,0.0,68.962,0.0,0.0,0.0,0.045,0.72,-5.0,0.62,10.442,10.0,0.0,84.53,84.324,86.512,82.279,45.066,100.0,33.812,29.0,0.0,86.032,84.283,86.471,82.24,47.433,100.0,34.413,5.04,5.205,83.642,83.764,48.33,NORMAL
155,2026-06-02 14:45:00+00:00,14,1,-0.5,-0.866025,0.781831,0.62349,False,False,EVENING,2.0,5.0,7.0,35.0,71.0,246.0,0.0,0.0,0.0,3.36,5.422,84.34,8.35,84.337,83.541,15.66,1.65,10.26,23.29,86.526,82.292,7.39,4.71,14.9,2.18,44.832,41.92,100.0,33.416,False,,0.0,68.555,0.0,0.0,0.0,0.0,0.0,-7.0,0.45,10.48,11.0,0.0,86.023,84.136,100.0,100.0,45.391,100.0,34.409,28.0,0.0,86.58,84.902,87.106,82.844,46.053,100.0,34.632,3.36,3.293,83.426,83.803,48.48,NORMAL
156,2026-06-02 15:00:00+00:00,15,1,-0.707107,-0.707107,0.781831,0.62349,False,False,EVENING,5.0,7.0,10.0,36.0,73.0,248.0,0.0,0.0,0.0,8.4,4.82,85.04,8.55,85.04,85.46,14.96,1.45,9.01,20.55,99.327,94.064,7.26,4.71,15.03,2.15,44.336,42.55,100.0,34.184,False,,0.0,71.998,0.0,0.0,0.0,0.0,0.0,-2.0,0.93,10.638,11.0,0.0,84.783,84.15,91.863,87.196,46.53,100.0,33.913,28.0,0.0,86.912,85.343,87.558,83.274,47.772,100.0,34.765,3.36,3.888,81.916,83.822,48.63,MODERATE
157,2026-06-02 15:15:00+00:00,15,1,-0.707107,-0.707107,0.781831,0.62349,False,False,EVENING,1.0,6.0,11.0,32.0,71.0,246.0,0.0,0.0,0.0,1.68,3.147,84.79,8.43,84.789,84.303,15.21,1.57,7.85,17.99,100.0,100.0,7.09,4.69,15.22,2.12,43.632,42.55,100.0,33.721,False,,0.0,72.441,0.0,0.0,0.0,0.0,0.0,3.0,1.1,10.638,13.0,0.0,85.113,84.061,89.468,84.992,47.511,100.0,34.045,27.0,5.04,88.046,86.023,100.0,99.44,45.589,100.0,65.486,3.36,2.686,82.124,83.969,48.79,MODERATE
158,2026-06-02 15:30:00+00:00,15,1,-0.707107,-0.707107,0.781831,0.62349,False,False,EVENING,2.0,3.0,10.0,31.0,72.0,246.0,0.0,0.0,0.0,3.36,5.129,84.32,8.45,84.324,84.53,15.68,1.55,10.26,23.29,86.512,82.279,7.48,4.69,14.83,2.19,45.066,42.7,100.0,33.812,False,,0.0,68.768,0.0,0.0,0.0,0.0,0.0,2.0,0.93,10.675,20.0,0.0,86.032,84.283,86.471,82.24,47.433,100.0,34.413,18.0,3.25,89.135,86.703,97.573,92.573,46.999,100.0,55.154,0.0,5.365,81.226,82.718,48.62,NORMAL
159,2026-06-02 15:45:00+00:00,15,1,-0.707107,-0.707107,0.781831,0.62349,False,False,EVENING,3.0,5.0,11.0,32.0,73.0,246.0,0.0,0.0,0.0,5.04,5.193,84.14,8.6,84.136,86.023,15.86,1.4,8.28,18.93,100.0,100.0,7.56,4.69,14.74,2.21,45.391,43.01,100.0,34.409,False,,0.0,72.8,0.0,0.0,0.0,0.0,0.0,4.0,1.09,10.752,20.0,0.0,86.58,84.902,87.106,82.844,46.053,100.0,34.632,16.0,0.62,90.222,86.924,92.277,87.676,47.912,100.0,39.784,5.04,4.021,82.783,82.817,48.93,MODERATE
160,2026-06-02 16:00:00+00:00,16,1,-0.866025,-0.5,0.781831,0.62349,False,False,EVENING,2.0,5.0,8.0,30.0,70.0,244.0,0.0,0.0,0.0,3.36,3.799,84.15,8.48,84.15,84.783,15.85,1.52,9.64,21.93,91.863,87.196,7.87,4.69,14.44,2.26,46.53,43.17,100.0,33.913,False,,0.0,70.144,0.0,0.0,0.0,0.0,0.0,-2.0,0.62,10.792,19.0,0.0,86.912,85.343,87.558,83.274,47.772,100.0,34.765,17.0,0.0,89.393,87.04,93.044,88.377,47.177,100.0,35.757,1.68,3.367,81.044,82.569,48.93,MODERATE
161,2026-06-02 16:15:00+00:00,16,1,-0.866025,-0.5,0.781831,0.62349,False,False,EVENING,3.0,5.0,10.0,29.0,69.0,244.0,0.0,0.0,0.0,5.04,5.267,84.06,8.51,84.061,85.113,15.94,1.49,9.89,22.48,89.468,84.992,8.14,4.69,14.17,2.31,47.511,43.48,100.0,34.045,False,,0.0,69.727,0.0,0.0,0.0,0.0,0.0,-1.0,0.93,10.87,18.0,5.04,88.046,86.023,100.0,99.44,45.589,100.0,65.486,16.0,0.0,87.911,86.275,88.515,84.184,47.022,100.0,35.165,6.72,3.178,82.412,83.318,49.4,NORMAL
162,2026-06-02 16:30:00+00:00,16,1,-0.866025,-0.5,0.781831,0.62349,False,False,EVENING,3.0,6.0,11.0,29.0,70.0,244.0,0.0,0.0,0.0,5.04,3.783,84.28,8.6,84.283,86.032,15.72,1.4,10.26,23.29,86.471,82.24,8.11,4.7,14.19,2.31,47.433,43.79,100.0,34.413,False,,0.0,69.263,0.0,0.0,0.0,0.0,0.0,1.0,1.09,10.948,9.0,3.25,89.135,86.703,97.573,92.573,46.999,100.0,55.154,16.0,0.0,86.999,85.95,88.181,83.866,46.041,100.0,34.799,3.36,4.406,82.352,83.062,49.55,NORMAL
163,2026-06-02 16:45:00+00:00,16,1,-0.866025,-0.5,0.781831,0.62349,False,False,EVENING,3.0,6.0,11.0,29.0,67.0,242.0,0.0,0.0,0.0,5.04,2.344,84.9,8.66,84.902,86.58,15.1,1.34,10.26,23.29,87.106,82.844,7.73,4.71,14.57,2.24,46.053,44.11,100.0,34.632,False,,0.0,69.533,0.0,0.0,0.0,0.0,0.0,0.0,1.1,11.028,8.0,0.62,90.222,86.924,92.277,87.676,47.912,100.0,39.784,17.0,0.0,87.235,85.849,96.126,91.165,45.472,100.0,34.894,3.36,4.676,82.601,82.708,49.71,NORMAL
164,2026-06-02 17:00:00+00:00,17,1,-0.965926,-0.258819,0.781831,0.62349,False,False,EVENING,4.0,7.0,13.0,31.0,67.0,245.0,0.0,0.0,0.0,6.72,4.824,85.34,8.69,85.343,86.912,14.66,1.31,10.26,23.29,87.558,83.274,8.18,4.72,14.1,2.32,47.772,44.58,100.0,34.765,False,,0.0,69.957,0.0,0.0,0.0,0.0,0.0,5.0,1.41,11.145,9.0,0.0,89.393,87.04,93.044,88.377,47.177,100.0,35.757,16.0,0.0,87.278,85.544,97.325,92.252,44.541,100.0,34.911,1.68,2.964,81.287,82.519,49.7,NORMAL
165,2026-06-02 17:15:00+00:00,17,1,-0.965926,-0.258819,0.781831,0.62349,False,False,EVENING,10.0,14.0,20.0,41.0,73.0,250.0,5.04,0.0,0.0,8.325,5.152,86.02,8.8,86.023,88.046,13.98,1.2,8.85,20.18,100.0,99.44,7.38,4.93,14.69,2.22,45.589,46.01,100.0,65.486,False,,9.7,76.796,5.04,5.04,5.04,0.315,5.04,10.0,2.53,12.762,9.0,0.0,87.911,86.275,88.515,84.184,47.022,100.0,35.165,15.0,0.0,85.646,84.607,94.134,89.294,45.345,100.0,34.258,5.04,3.905,82.168,82.714,50.01,MODERATE
166,2026-06-02 17:30:00+00:00,17,1,-0.965926,-0.258819,0.781831,0.62349,False,False,EVENING,3.0,13.0,20.0,41.0,76.0,249.0,3.25,0.45,0.1397,8.055,4.9,86.7,8.91,86.703,89.135,13.3,1.09,9.51,21.65,97.573,92.573,7.65,5.04,14.31,2.28,46.999,46.33,100.0,55.154,False,,6.4,75.029,-1.79,3.25,3.25,0.518,5.04,9.0,2.54,12.395,9.0,0.0,86.999,85.95,88.181,83.866,46.041,100.0,34.799,16.0,0.0,84.303,83.969,94.257,89.385,44.721,100.0,33.721,0.0,3.788,80.574,81.927,49.85,MODERATE
167,2026-06-02 17:45:00+00:00,17,1,-0.965926,-0.258819,0.781831,0.62349,False,False,EVENING,2.0,5.0,19.0,41.0,76.0,247.0,0.62,0.29,0.2925,7.785,6.465,86.92,9.02,86.924,90.222,13.08,0.98,9.95,22.6,92.277,87.676,7.89,5.05,14.06,2.33,47.912,46.48,100.0,39.784,False,,1.3,72.471,-2.63,-4.42,0.62,0.557,5.04,8.0,2.37,11.775,8.0,0.0,87.235,85.849,96.126,91.165,45.472,100.0,34.894,15.0,0.0,84.856,84.022,100.0,95.661,45.168,100.0,33.942,1.68,3.915,80.957,81.33,49.84,MODERATE
168,2026-06-02 18:00:00+00:00,18,1,-1.0,-0.0,0.781831,0.62349,False,False,EVENING,3.0,5.0,18.0,39.0,75.0,249.0,0.0,0.06,0.0554,6.075,5.94,87.04,8.94,87.04,89.393,12.96,1.06,9.85,22.38,93.044,88.377,7.72,5.02,14.26,2.29,47.177,46.79,100.0,35.757,False,,0.0,72.044,-0.62,-3.25,0.0,0.557,5.04,5.0,2.21,11.698,8.0,0.0,87.278,85.544,97.325,92.252,44.541,100.0,34.911,15.0,0.0,84.25,84.053,86.235,82.015,45.726,100.0,33.7,3.36,1.687,81.102,81.734,49.99,MODERATE
169,2026-06-02 18:15:00+00:00,18,1,-1.0,-0.0,0.781831,0.62349,False,False,EVENING,1.0,4.0,9.0,39.0,71.0,246.0,0.0,0.0,0.0,1.68,5.333,86.28,8.79,86.275,87.911,13.72,1.21,10.26,23.29,88.515,84.184,7.71,4.98,14.3,2.29,47.022,46.79,100.0,35.165,False,,0.0,70.519,0.0,-0.62,-5.04,0.557,5.04,-11.0,0.78,11.698,7.0,0.0,85.646,84.607,94.134,89.294,45.345,100.0,34.258,14.0,0.0,82.486,83.921,86.1,81.887,46.949,100.0,32.994,3.36,2.189,80.825,82.054,50.15,MODERATE
170,2026-06-02 18:30:00+00:00,18,1,-1.0,-0.0,0.781831,0.62349,False,False,EVENING,2.0,3.0,8.0,39.0,70.0,244.0,0.0,0.0,0.0,3.36,5.026,85.95,8.7,85.95,86.999,14.05,1.3,10.26,23.29,88.181,83.866,7.49,4.94,14.57,2.24,46.041,46.94,100.0,34.799,False,,0.0,70.098,0.0,0.0,-3.25,0.557,5.04,-12.0,0.61,11.735,7.0,0.0,84.303,83.969,94.257,89.385,44.721,100.0,33.721,17.0,0.0,83.642,83.764,85.939,81.733,46.132,100.0,33.457,3.36,3.549,80.899,81.999,50.3,MODERATE
171,2026-06-02 18:45:00+00:00,18,1,-1.0,-0.0,0.781831,0.62349,False,False,EVENING,3.0,5.0,9.0,39.0,71.0,240.0,0.0,0.0,0.0,5.04,5.351,85.85,8.72,85.849,87.235,14.15,1.28,9.4,21.4,96.126,91.165,7.36,4.91,14.72,2.21,45.472,47.25,100.0,34.894,False,,0.0,71.901,0.0,0.0,-0.62,0.557,5.04,-10.0,0.77,11.812,9.0,0.0,84.856,84.022,100.0,95.661,45.168,100.0,33.942,16.0,0.0,83.426,83.803,91.6,86.943,47.335,100.0,33.37,3.36,3.992,80.52,81.879,50.45,MODERATE
172,2026-06-02 19:00:00+00:00,19,1,-0.965926,0.258819,0.781831,0.62349,False,False,EVENING,3.0,6.0,9.0,40.0,70.0,240.0,0.0,0.0,0.0,5.04,6.243,85.54,8.73,85.544,87.278,14.46,1.27,9.25,21.07,97.325,92.252,7.13,4.89,14.97,2.16,44.541,47.57,100.0,34.911,False,,0.0,72.033,0.0,0.0,0.0,0.557,5.04,-9.0,0.78,11.892,8.0,0.0,84.25,84.053,86.235,82.015,45.726,100.0,33.7,16.0,0.0,81.916,83.822,85.997,81.789,46.295,100.0,32.766,1.68,3.216,80.26,81.521,50.45,MODERATE
173,2026-06-02 19:15:00+00:00,19,1,-0.965926,0.258819,0.781831,0.62349,False,False,EVENING,1.0,4.0,9.0,38.0,67.0,237.0,0.0,0.0,0.0,1.68,6.08,84.61,8.56,84.607,85.646,15.39,1.44,9.46,21.53,94.134,89.294,7.39,4.86,14.76,2.2,45.345,47.56,100.0,34.258,False,,0.0,70.835,0.0,0.0,0.0,0.557,5.04,0.0,0.77,11.89,8.0,0.0,82.486,83.921,86.1,81.887,46.949,100.0,32.994,15.0,0.0,82.124,83.969,86.149,81.934,44.936,100.0,32.85,3.36,2.736,80.809,81.622,50.6,MODERATE
174,2026-06-02 19:30:00+00:00,19,1,-0.965926,0.258819,0.781831,0.62349,False,False,EVENING,1.0,2.0,8.0,36.0,65.0,232.0,0.0,0.0,0.0,1.68,4.769,83.97,8.43,83.969,84.303,16.03,1.57,9.38,21.35,94.257,89.385,7.26,4.81,14.93,2.17,44.721,47.55,100.0,33.721,False,,0.0,70.396,0.0,0.0,0.0,0.557,5.04,0.0,0.61,11.888,9.0,0.0,83.642,83.764,85.939,81.733,46.132,100.0,33.457,16.0,0.0,81.226,82.718,87.031,82.707,45.501,100.0,32.491,1.68,3.12,81.127,81.23,50.59,MODERATE
175,2026-06-02 19:45:00+00:00,19,1,-0.965926,0.258819,0.781831,0.62349,False,False,EVENING,3.0,4.0,8.0,36.0,65.0,231.0,0.0,0.0,0.0,5.04,4.608,84.02,8.49,84.022,84.856,15.98,1.51,8.75,19.96,100.0,95.661,7.41,4.78,14.8,2.2,45.168,47.87,100.0,33.942,False,,0.0,72.0,0.0,0.0,0.0,0.557,5.04,-1.0,0.62,11.968,6.0,0.0,83.426,83.803,91.6,86.943,47.335,100.0,33.37,16.0,0.0,82.783,82.817,84.967,80.809,45.975,100.0,33.113,1.68,3.369,80.515,80.869,50.59,MODERATE
176,2026-06-02 20:00:00+00:00,20,1,-0.866025,0.5,0.781831,0.62349,False,False,EVENING,2.0,5.0,7.0,34.0,65.0,228.0,0.0,0.0,0.0,3.36,3.478,84.05,8.42,84.053,84.25,15.95,1.58,10.26,23.29,86.235,82.015,7.59,4.75,14.65,2.22,45.726,48.02,100.0,33.7,False,,0.0,68.647,0.0,0.0,0.0,0.557,5.04,-2.0,0.45,12.005,7.0,0.0,81.916,83.822,85.997,81.789,46.295,100.0,32.766,14.0,0.0,81.044,82.569,100.0,100.0,43.837,100.0,32.418,0.0,1.355,79.509,80.631,50.42,NORMAL
177,2026-06-02 20:15:00+00:00,20,1,-0.866025,0.5,0.781831,0.62349,False,False,EVENING,1.0,3.0,7.0,25.0,66.0,226.0,0.0,0.0,0.0,1.68,2.912,83.92,8.25,83.921,82.486,16.08,1.75,10.26,23.29,86.1,81.887,7.97,4.71,14.32,2.28,46.949,48.01,100.0,32.994,False,,0.0,68.344,0.0,0.0,0.0,0.557,5.04,-2.0,0.45,12.002,6.0,0.0,82.124,83.969,86.149,81.934,44.936,100.0,32.85,15.0,0.0,82.412,83.318,100.0,100.0,42.638,100.0,32.965,5.04,2.063,81.155,81.211,50.73,NORMAL
178,2026-06-02 20:30:00+00:00,20,1,-0.866025,0.5,0.781831,0.62349,False,False,EVENING,3.0,4.0,9.0,25.0,66.0,223.0,0.0,0.0,0.0,5.04,5.205,83.76,8.36,83.764,83.642,16.24,1.64,10.26,23.29,85.939,81.733,7.77,4.69,14.54,2.24,46.132,48.33,100.0,33.457,False,,0.0,68.429,0.0,0.0,0.0,0.557,5.04,1.0,0.78,12.082,8.0,0.0,81.226,82.718,87.031,82.707,45.501,100.0,32.491,13.0,0.0,82.352,83.062,100.0,100.0,44.81,100.0,32.941,1.68,2.574,80.75,81.028,50.73,NORMAL
179,2026-06-02 20:45:00+00:00,20,1,-0.866025,0.5,0.781831,0.62349,False,False,EVENING,2.0,5.0,8.0,25.0,66.0,224.0,0.0,0.0,0.0,3.36,3.293,83.8,8.34,83.803,83.426,16.2,1.66,9.63,21.91,91.6,86.943,8.11,4.67,14.22,2.3,47.335,48.48,100.0,33.37,False,,0.0,69.807,0.0,0.0,0.0,0.557,5.04,0.0,0.61,12.12,10.0,0.0,82.783,82.817,84.967,80.809,45.975,100.0,33.113,13.0,0.0,82.601,82.708,100.0,100.0,44.858,100.0,33.04,0.0,1.838,78.761,80.767,50.56,NORMAL
180,2026-06-02 21:00:00+00:00,21,1,-0.707107,0.707107,0.781831,0.62349,False,False,EVENING,2.0,4.0,8.0,24.0,63.0,224.0,0.0,0.0,0.0,3.36,3.888,83.82,8.19,83.822,81.916,16.18,1.81,10.26,23.29,85.997,81.789,7.86,4.64,14.5,2.25,46.295,48.63,100.0,32.766,False,,0.0,68.125,0.0,0.0,0.0,0.557,5.04,1.0,0.61,12.158,9.0,0.0,81.044,82.569,100.0,100.0,43.837,100.0,32.418,13.0,0.0,81.287,82.519,100.0,100.0,43.606,100.0,32.515,0.0,1.24,78.057,80.528,50.39,NORMAL
181,2026-06-02 21:15:00+00:00,21,1,-0.707107,0.707107,0.781831,0.62349,False,False,EVENING,2.0,4.0,9.0,25.0,64.0,221.0,0.0,0.0,0.0,3.36,2.686,83.97,8.21,83.969,82.124,16.03,1.79,10.26,23.29,86.149,81.934,7.52,4.61,14.87,2.18,44.936,48.79,100.0,32.85,False,,0.0,68.112,0.0,0.0,0.0,0.242,3.25,2.0,0.78,12.198,9.0,0.0,82.412,83.318,100.0,100.0,42.638,100.0,32.965,13.0,0.0,82.168,82.714,100.0,100.0,44.853,100.0,32.867,3.36,3.059,79.323,80.476,50.55,NORMAL
182,2026-06-02 21:30:00+00:00,21,1,-0.707107,0.707107,0.781831,0.62349,False,False,EVENING,0.0,2.0,6.0,23.0,62.0,218.0,0.0,0.0,0.0,0.0,5.365,82.72,8.12,82.718,81.226,17.28,1.88,10.0,22.73,87.031,82.707,7.7,4.58,14.71,2.21,45.501,48.62,100.0,32.491,False,,0.0,67.907,0.0,0.0,0.0,0.039,0.62,-3.0,0.29,12.155,8.0,0.0,82.352,83.062,100.0,100.0,44.81,100.0,32.941,12.0,0.0,80.574,81.927,100.0,100.0,44.598,100.0,32.23,1.68,3.185,79.787,80.054,50.54,NORMAL
183,2026-06-02 21:45:00+00:00,21,1,-0.707107,0.707107,0.781831,0.62349,False,False,EVENING,3.0,3.0,7.0,23.0,62.0,219.0,0.0,0.0,0.0,5.04,4.021,82.82,8.28,82.817,82.783,17.18,1.72,10.26,23.29,84.967,80.809,7.84,4.58,14.59,2.23,45.975,48.93,100.0,33.113,False,,0.0,67.807,0.0,0.0,0.0,0.0,0.0,-1.0,0.45,12.232,6.0,0.0,82.601,82.708,100.0,100.0,44.858,100.0,33.04,13.0,0.0,80.957,81.33,100.0,100.0,44.166,100.0,32.383,0.0,2.213,78.901,79.589,50.37,NORMAL
184,2026-06-02 22:00:00+00:00,22,1,-0.5,0.866025,0.781831,0.62349,False,False,NIGHT,1.0,4.0,6.0,21.0,61.0,219.0,0.0,0.0,0.0,1.68,3.367,82.57,8.1,82.569,81.044,17.43,1.9,4.86,14.89,100.0,100.0,7.28,4.55,15.16,2.13,43.837,48.93,100.0,32.418,False,,0.0,71.319,0.0,0.0,0.0,0.0,0.0,-2.0,0.3,12.232,5.0,0.0,81.287,82.519,100.0,100.0,43.606,100.0,32.515,13.0,0.0,81.102,81.734,100.0,100.0,43.927,100.0,32.441,0.0,1.024,78.901,79.333,50.21,MODERATE
185,2026-06-02 22:15:00+00:00,22,1,-0.5,0.866025,0.781831,0.62349,False,False,NIGHT,4.0,5.0,8.0,24.0,62.0,222.0,0.0,0.0,0.0,6.72,3.178,83.32,8.24,83.318,82.412,16.68,1.76,6.27,17.99,100.0,100.0,6.96,4.55,15.49,2.07,42.638,49.4,100.0,32.965,False,,0.0,71.65,0.0,0.0,0.0,0.0,0.0,-1.0,0.61,12.35,6.0,0.0,82.168,82.714,100.0,100.0,44.853,100.0,32.867,11.0,0.0,80.825,82.054,100.0,100.0,44.117,100.0,32.33,1.68,2.71,78.867,79.079,50.2,MODERATE
186,2026-06-02 22:30:00+00:00,22,1,-0.5,0.866025,0.781831,0.62349,False,False,NIGHT,2.0,6.0,10.0,25.0,61.0,220.0,0.0,0.0,0.0,3.36,4.406,83.06,8.24,83.062,82.352,16.94,1.76,5.73,16.8,100.0,100.0,7.55,4.55,14.9,2.18,44.81,49.55,100.0,32.941,False,,0.0,71.777,0.0,0.0,0.0,0.0,0.0,4.0,0.93,12.388,5.0,0.0,80.574,81.927,100.0,100.0,44.598,100.0,32.23,12.0,0.0,80.899,81.999,100.0,100.0,45.006,100.0,32.36,1.68,2.135,79.215,78.93,50.19,MODERATE
187,2026-06-02 22:45:00+00:00,22,1,-0.5,0.866025,0.781831,0.62349,False,False,NIGHT,2.0,4.0,9.0,24.0,60.0,220.0,0.0,0.0,0.0,3.36,4.676,82.71,8.26,82.708,82.601,17.29,1.74,6.27,17.99,100.0,100.0,7.57,4.54,14.89,2.18,44.858,49.71,100.0,33.04,False,,0.0,71.753,0.0,0.0,0.0,0.0,0.0,2.0,0.78,12.428,7.0,0.0,80.957,81.33,100.0,100.0,44.166,100.0,32.383,11.0,0.0,80.52,81.879,100.0,100.0,45.202,100.0,32.208,0.0,2.659,79.215,78.266,50.03,MODERATE
188,2026-06-02 23:00:00+00:00,23,1,-0.258819,0.965926,0.781831,0.62349,False,False,NIGHT,1.0,3.0,9.0,23.0,57.0,221.0,0.0,0.0,0.0,1.68,2.964,82.52,8.13,82.519,81.287,17.48,1.87,5.16,15.54,100.0,100.0,7.24,4.53,15.23,2.12,43.606,49.7,100.0,32.515,False,,0.0,71.336,0.0,0.0,0.0,0.0,0.0,3.0,0.77,12.425,8.0,0.0,81.102,81.734,100.0,100.0,43.927,100.0,32.441,9.0,0.0,80.26,81.521,100.0,100.0,46.595,100.0,32.104,0.0,3.409,78.79,77.456,49.86,MODERATE
189,2026-06-02 23:15:00+00:00,23,1,-0.258819,0.965926,0.781831,0.62349,False,False,NIGHT,3.0,4.0,8.0,25.0,50.0,218.0,0.0,0.0,0.0,5.04,3.905,82.71,8.22,82.714,82.168,17.29,1.78,6.27,17.99,100.0,100.0,7.58,4.53,14.89,2.18,44.853,50.01,100.0,32.867,False,,0.0,71.667,0.0,0.0,0.0,0.0,0.0,0.0,0.61,12.502,7.0,0.0,80.825,82.054,100.0,100.0,44.117,100.0,32.33,8.0,0.0,80.809,81.622,100.0,100.0,46.006,100.0,32.323,3.36,1.341,78.51,77.989,50.01,MODERATE
190,2026-06-02 23:30:00+00:00,23,1,-0.258819,0.965926,0.781831,0.62349,False,False,NIGHT,0.0,3.0,6.0,22.0,47.0,216.0,0.0,0.0,0.0,0.0,3.788,81.93,8.06,81.927,80.574,18.07,1.94,5.07,15.36,100.0,100.0,7.53,4.51,14.96,2.17,44.598,49.85,100.0,32.23,False,,0.0,71.153,0.0,0.0,0.0,0.0,0.0,-4.0,0.3,12.462,7.0,0.0,80.899,81.999,100.0,100.0,45.006,100.0,32.36,8.0,0.0,81.127,81.23,100.0,100.0,46.486,100.0,32.451,1.68,1.4,77.652,78.145,50.01,MODERATE
191,2026-06-02 23:45:00+00:00,23,1,-0.258819,0.965926,0.781831,0.62349,False,False,NIGHT,1.0,1.0,5.0,21.0,46.0,213.0,0.0,0.0,0.0,1.68,3.915,81.33,8.1,81.33,80.957,18.67,1.9,5.35,15.96,100.0,100.0,7.43,4.5,15.08,2.15,44.166,49.84,100.0,32.383,False,,0.0,71.059,0.0,0.0,0.0,0.0,0.0,-4.0,0.13,12.46,6.0,0.0,80.52,81.879,100.0,100.0,45.202,100.0,32.208,8.0,0.0,80.515,80.869,100.0,100.0,45.488,100.0,32.206,1.68,2.596,77.51,77.93,50.0,MODERATE
192,2026-06-03 00:00:00+00:00,0,2,0.0,1.0,0.974928,-0.222521,False,False,NIGHT,2.0,3.0,6.0,21.0,45.0,213.0,0.0,0.0,0.0,3.36,1.687,81.73,8.11,81.734,81.102,18.27,1.89,6.27,17.99,100.0,100.0,7.37,4.49,15.14,2.13,43.927,49.99,100.0,32.441,False,,0.0,71.155,0.0,0.0,0.0,0.0,0.0,-3.0,0.29,12.498,5.0,0.0,80.26,81.521,100.0,100.0,46.595,100.0,32.104,7.0,0.0,79.509,80.631,100.0,100.0,45.609,100.0,31.804,1.68,1.124,77.78,78.042,49.99,MODERATE
193,2026-06-03 00:15:00+00:00,0,2,0.0,1.0,0.974928,-0.222521,False,False,NIGHT,2.0,4.0,5.0,21.0,46.0,214.0,0.0,0.0,0.0,3.36,2.189,82.05,8.08,82.054,80.825,17.95,1.92,6.17,17.78,100.0,100.0,7.43,4.48,15.09,2.14,44.117,50.15,100.0,32.33,False,,0.0,71.187,0.0,0.0,0.0,0.0,0.0,-3.0,0.14,12.538,4.0,0.0,80.809,81.622,100.0,100.0,46.006,100.0,32.323,7.0,0.0,81.155,81.211,100.0,100.0,43.647,100.0,32.462,5.04,1.873,79.654,78.646,50.31,MODERATE
194,2026-06-03 00:30:00+00:00,0,2,0.0,1.0,0.974928,-0.222521,False,False,NIGHT,2.0,4.0,7.0,23.0,46.0,216.0,0.0,0.0,0.0,3.36,3.549,82.0,8.09,81.999,80.899,18.0,1.91,6.27,17.99,100.0,100.0,7.68,4.47,14.85,2.19,45.006,50.3,100.0,32.36,False,,0.0,71.27,0.0,0.0,0.0,0.0,0.0,1.0,0.45,12.575,5.0,0.0,81.127,81.23,100.0,100.0,46.486,100.0,32.451,5.0,0.0,80.75,81.028,100.0,100.0,44.507,100.0,32.3,5.04,2.067,80.469,79.308,50.62,MODERATE
195,2026-06-03 00:45:00+00:00,0,2,0.0,1.0,0.974928,-0.222521,False,False,NIGHT,2.0,4.0,8.0,22.0,45.0,217.0,0.0,0.0,0.0,3.36,3.992,81.88,8.05,81.879,80.52,18.12,1.95,6.27,17.99,100.0,100.0,7.74,4.47,14.8,2.2,45.202,50.45,100.0,32.208,False,,0.0,71.186,0.0,0.0,0.0,0.0,0.0,3.0,0.61,12.612,5.0,0.0,80.515,80.869,100.0,100.0,45.488,100.0,32.206,5.0,0.0,78.761,80.767,100.0,100.0,44.308,100.0,31.505,1.68,2.234,80.111,79.205,50.61,MODERATE
196,2026-06-03 01:00:00+00:00,1,2,0.258819,0.965926,0.974928,-0.222521,False,False,NIGHT,1.0,3.0,7.0,22.0,43.0,218.0,0.0,0.0,0.0,1.68,3.216,81.52,8.03,81.521,80.26,18.48,1.97,4.64,14.41,100.0,100.0,8.13,4.46,14.42,2.26,46.595,50.45,100.0,32.104,False,,0.0,71.18,0.0,0.0,0.0,0.0,0.0,1.0,0.46,12.612,4.0,0.0,79.509,80.631,100.0,100.0,45.609,100.0,31.804,5.0,0.0,78.057,80.528,100.0,100.0,45.665,100.0,31.223,3.36,1.577,80.558,79.606,50.77,MODERATE
197,2026-06-03 01:15:00+00:00,1,2,0.258819,0.965926,0.974928,-0.222521,False,False,NIGHT,2.0,3.0,7.0,20.0,44.0,219.0,0.0,0.0,0.0,3.36,2.736,81.62,8.08,81.622,80.809,18.38,1.92,4.63,14.39,100.0,100.0,7.97,4.45,14.58,2.24,46.006,50.6,100.0,32.323,False,,0.0,71.259,0.0,0.0,0.0,0.0,0.0,2.0,0.45,12.65,4.0,0.0,81.155,81.211,100.0,100.0,43.647,100.0,32.462,5.0,0.0,79.323,80.476,100.0,100.0,45.344,100.0,31.729,1.68,0.476,79.813,79.982,50.76,MODERATE
198,2026-06-03 01:30:00+00:00,1,2,0.258819,0.965926,0.974928,-0.222521,False,False,NIGHT,1.0,3.0,6.0,19.0,44.0,218.0,0.0,0.0,0.0,1.68,3.12,81.23,8.11,81.23,81.127,18.77,1.89,5.08,15.39,100.0,100.0,8.1,4.45,14.45,2.26,46.486,50.59,100.0,32.451,False,,0.0,71.28,0.0,0.0,0.0,0.0,0.0,-1.0,0.29,12.648,3.0,0.0,80.75,81.028,100.0,100.0,44.507,100.0,32.3,5.0,0.0,79.787,80.054,100.0,100.0,44.258,100.0,31.915,8.4,1.685,82.492,81.393,51.39,MODERATE
199,2026-06-03 01:45:00+00:00,1,2,0.258819,0.965926,0.974928,-0.222521,False,False,NIGHT,1.0,2.0,5.0,18.0,42.0,219.0,0.0,0.0,0.0,1.68,3.369,80.87,8.05,80.869,80.515,19.13,1.95,5.45,16.18,100.0,100.0,7.83,4.45,14.72,2.21,45.488,50.59,100.0,32.206,False,,0.0,70.988,0.0,0.0,0.0,0.0,0.0,-3.0,0.14,12.648,3.0,0.0,78.761,80.767,100.0,100.0,44.308,100.0,31.505,5.0,0.0,78.901,79.589,100.0,100.0,42.874,100.0,31.56,3.36,2.732,81.953,81.603,51.55,MODERATE
200,2026-06-03 02:00:00+00:00,2,2,0.5,0.866025,0.974928,-0.222521,False,False,NIGHT,0.0,1.0,4.0,17.0,40.0,216.0,0.0,0.0,0.0,0.0,1.355,80.63,7.95,80.631,79.509,19.37,2.05,5.57,16.45,100.0,100.0,7.88,4.43,14.69,2.22,45.609,50.42,100.0,31.804,False,,0.0,70.745,0.0,0.0,0.0,0.0,0.0,-3.0,-0.03,12.605,3.0,0.0,78.057,80.528,100.0,100.0,45.665,100.0,31.223,6.0,0.0,78.901,79.333,100.0,100.0,42.691,100.0,31.56,5.04,2.907,82.843,82.048,51.86,MODERATE
201,2026-06-03 02:15:00+00:00,2,2,0.5,0.866025,0.974928,-0.222521,False,False,NIGHT,3.0,3.0,5.0,17.0,42.0,219.0,0.0,0.0,0.0,5.04,2.063,81.21,8.12,81.211,81.155,18.79,1.88,5.53,16.37,100.0,100.0,7.34,4.44,15.22,2.12,43.647,50.73,100.0,32.462,False,,0.0,71.026,0.0,0.0,0.0,0.0,0.0,-2.0,0.13,12.682,3.0,0.0,79.323,80.476,100.0,100.0,45.344,100.0,31.729,7.0,0.0,78.867,79.079,100.0,100.0,43.69,100.0,31.547,9.611,1.835,85.96,83.68,52.81,MODERATE
202,2026-06-03 02:30:00+00:00,2,2,0.5,0.866025,0.974928,-0.222521,False,False,NIGHT,1.0,4.0,5.0,18.0,40.0,219.0,0.0,0.0,0.0,1.68,2.574,81.03,8.07,81.028,80.75,18.97,1.93,6.27,17.99,100.0,100.0,7.58,4.44,14.98,2.16,44.507,50.73,100.0,32.3,False,,0.0,70.982,0.0,0.0,0.0,0.0,0.0,-1.0,0.14,12.682,2.0,0.0,79.787,80.054,100.0,100.0,44.258,100.0,31.915,9.0,0.0,79.215,78.93,100.0,100.0,44.106,100.0,31.686,5.509,2.754,86.092,84.355,52.97,MODERATE
203,2026-06-03 02:45:00+00:00,2,2,0.5,0.866025,0.974928,-0.222521,False,False,NIGHT,0.0,1.0,4.0,17.0,38.0,219.0,0.0,0.0,0.0,0.0,1.838,80.77,7.88,80.767,78.761,19.23,2.12,5.55,16.41,100.0,100.0,7.54,4.42,15.04,2.15,44.308,50.56,100.0,31.505,False,,0.0,70.509,0.0,0.0,0.0,0.0,0.0,-1.0,-0.03,12.64,2.0,0.0,78.901,79.589,100.0,100.0,42.874,100.0,31.56,11.0,0.0,79.215,78.266,100.0,100.0,42.84,100.0,31.686,6.72,4.046,86.743,84.959,53.44,MODERATE
204,2026-06-03 03:00:00+00:00,3,2,0.707107,0.707107,0.974928,-0.222521,False,False,NIGHT,0.0,0.0,4.0,15.0,36.0,218.0,0.0,0.0,0.0,0.0,1.24,80.53,7.81,80.528,78.057,19.47,2.19,5.53,16.37,100.0,100.0,7.94,4.39,14.67,2.22,45.665,50.39,100.0,31.223,False,,0.0,70.437,0.0,0.0,0.0,0.0,0.0,0.0,-0.03,12.598,2.0,0.0,78.901,79.333,100.0,100.0,42.691,100.0,31.56,12.0,0.0,78.79,77.456,100.0,97.831,41.164,100.0,31.516,3.36,5.912,86.371,84.358,53.59,MODERATE
205,2026-06-03 03:15:00+00:00,3,2,0.707107,0.707107,0.974928,-0.222521,False,False,NIGHT,2.0,2.0,3.0,15.0,36.0,219.0,0.0,0.0,0.0,3.36,3.059,80.48,7.93,80.476,79.323,19.52,2.07,5.68,16.69,100.0,100.0,7.86,4.39,14.76,2.2,45.344,50.55,100.0,31.729,False,,0.0,70.65,0.0,0.0,0.0,0.0,0.0,-2.0,-0.18,12.638,2.0,0.0,78.867,79.079,100.0,100.0,43.69,100.0,31.547,14.0,0.0,78.51,77.989,100.0,98.504,42.066,100.0,31.404,1.68,3.954,85.056,83.921,53.59,MODERATE
206,2026-06-03 03:30:00+00:00,3,2,0.707107,0.707107,0.974928,-0.222521,False,False,NIGHT,1.0,3.0,3.0,14.0,37.0,220.0,0.0,0.0,0.0,1.68,3.185,80.05,7.98,80.054,79.787,19.95,2.02,6.27,17.99,100.0,100.0,7.56,4.39,15.05,2.15,44.258,50.54,100.0,31.915,False,,0.0,70.553,0.0,0.0,0.0,0.0,0.0,-2.0,-0.19,12.635,3.0,0.0,79.215,78.93,100.0,100.0,44.106,100.0,31.686,13.0,0.0,77.652,78.145,100.0,98.7,42.798,100.0,31.061,3.36,3.698,84.071,83.935,53.74,MODERATE
207,2026-06-03 03:45:00+00:00,3,2,0.707107,0.707107,0.974928,-0.222521,False,False,NIGHT,0.0,1.0,3.0,12.0,34.0,219.0,0.0,0.0,0.0,0.0,2.213,79.59,7.89,79.589,78.901,20.41,2.11,5.72,16.78,100.0,100.0,7.2,4.38,15.42,2.08,42.874,50.37,100.0,31.56,False,,0.0,70.148,0.0,0.0,0.0,0.0,0.0,-1.0,-0.19,12.592,3.0,0.0,79.215,78.266,100.0,100.0,42.84,100.0,31.686,17.0,0.0,77.51,77.93,100.0,98.429,42.7,100.0,31.004,6.72,5.009,85.235,84.247,54.21,MODERATE
208,2026-06-03 04:00:00+00:00,4,2,0.866025,0.5,0.974928,-0.222521,False,False,NIGHT,0.0,0.0,3.0,11.0,33.0,217.0,0.0,0.0,0.0,0.0,1.024,79.33,7.89,79.333,78.901,20.67,2.11,6.27,17.99,100.0,100.0,7.16,4.37,15.47,2.07,42.691,50.21,100.0,31.56,False,,0.0,70.076,0.0,0.0,0.0,0.0,0.0,-1.0,-0.18,12.552,4.0,0.0,78.79,77.456,100.0,97.831,41.164,100.0,31.516,18.0,0.0,77.78,78.042,73.685,69.265,43.211,100.0,31.112,0.0,4.699,83.759,83.219,54.05,MODERATE
209,2026-06-03 04:15:00+00:00,4,2,0.866025,0.5,0.974928,-0.222521,False,False,NIGHT,1.0,1.0,2.0,10.0,30.0,216.0,0.0,0.0,0.0,1.68,2.71,79.08,7.89,79.079,78.867,20.92,2.11,5.59,16.51,100.0,100.0,7.43,4.36,15.2,2.12,43.69,50.2,100.0,31.547,False,,0.0,70.103,0.0,0.0,0.0,0.0,0.0,-1.0,-0.35,12.55,5.0,0.0,78.51,77.989,100.0,98.504,42.066,100.0,31.404,20.0,0.0,79.654,78.646,69.161,65.201,41.487,100.0,31.862,0.0,2.127,81.836,82.88,53.88,MODERATE
210,2026-06-03 04:30:00+00:00,4,2,0.866025,0.5,0.974928,-0.222521,False,False,NIGHT,1.0,2.0,2.0,10.0,29.0,214.0,0.0,0.0,0.0,1.68,2.135,78.93,7.92,78.93,79.215,21.07,2.08,5.63,16.58,100.0,100.0,7.55,4.36,15.09,2.14,44.106,50.19,100.0,31.686,False,,0.0,70.177,0.0,0.0,0.0,0.0,0.0,-1.0,-0.35,12.548,6.0,0.0,77.652,78.145,100.0,98.7,42.798,100.0,31.061,24.0,0.0,80.469,79.308,76.489,71.836,41.412,100.0,32.188,5.04,4.504,82.31,82.967,54.19,MODERATE
211,2026-06-03 04:45:00+00:00,4,2,0.866025,0.5,0.974928,-0.222521,False,False,NIGHT,0.0,1.0,2.0,9.0,27.0,213.0,0.0,0.0,0.0,0.0,2.659,78.27,7.92,78.266,79.215,21.73,2.08,4.98,15.16,100.0,100.0,7.21,4.36,15.43,2.08,42.84,50.03,100.0,31.686,False,,0.0,69.917,0.0,0.0,0.0,0.0,0.0,-1.0,-0.34,12.508,8.0,0.0,77.51,77.93,100.0,98.429,42.7,100.0,31.004,23.0,0.0,80.111,79.205,69.652,65.664,41.958,100.0,32.044,3.36,3.542,82.514,82.901,54.35,NORMAL
212,2026-06-03 05:00:00+00:00,5,2,0.965926,0.258819,0.974928,-0.222521,False,False,NIGHT,0.0,0.0,2.0,9.0,26.0,213.0,0.0,0.0,0.0,0.0,3.409,77.46,7.88,77.456,78.79,22.54,2.12,6.27,17.99,100.0,97.831,6.76,4.36,15.89,2.0,41.164,49.86,100.0,31.516,False,,0.0,69.243,0.0,0.0,0.0,0.0,0.0,-1.0,-0.35,12.465,8.0,0.0,77.78,78.042,73.685,69.265,43.211,100.0,31.112,26.0,0.0,80.558,79.606,72.335,68.104,42.097,100.0,32.223,8.4,3.549,84.308,83.934,54.98,NORMAL
213,2026-06-03 05:15:00+00:00,5,2,0.965926,0.258819,0.974928,-0.222521,False,False,NIGHT,2.0,2.0,3.0,8.0,25.0,211.0,0.0,0.0,0.0,3.36,1.341,77.99,7.85,77.989,78.51,22.01,2.15,6.27,17.99,100.0,98.504,7.01,4.35,15.64,2.04,42.066,50.01,100.0,31.404,False,,0.0,69.466,0.0,0.0,0.0,0.0,0.0,1.0,-0.19,12.502,9.0,0.0,79.654,78.646,69.161,65.201,41.487,100.0,31.862,26.0,0.0,79.813,79.982,71.454,67.321,41.594,100.0,31.925,0.0,3.825,82.376,83.171,54.81,NORMAL
214,2026-06-03 05:30:00+00:00,5,2,0.965926,0.258819,0.974928,-0.222521,False,False,NIGHT,1.0,3.0,3.0,8.0,26.0,208.0,0.0,0.0,0.0,1.68,1.4,78.14,7.77,78.145,77.652,21.86,2.23,6.27,17.99,100.0,98.7,7.22,4.33,15.44,2.08,42.798,50.01,100.0,31.061,False,,0.0,69.418,0.0,0.0,0.0,0.0,0.0,1.0,-0.18,12.502,7.0,0.0,80.469,79.308,76.489,71.836,41.412,100.0,32.188,26.0,0.0,82.492,81.393,73.513,69.23,42.297,100.0,32.997,8.4,3.955,83.986,84.121,55.45,NORMAL
215,2026-06-03 05:45:00+00:00,5,2,0.965926,0.258819,0.974928,-0.222521,False,False,NIGHT,1.0,2.0,4.0,9.0,26.0,208.0,0.0,0.0,0.0,1.68,2.596,77.93,7.75,77.93,77.51,22.07,2.25,6.27,17.99,100.0,98.429,7.21,4.32,15.47,2.08,42.7,50.0,100.0,31.004,False,,0.0,69.301,0.0,0.0,0.0,0.0,0.0,2.0,-0.03,12.5,9.0,0.0,80.111,79.205,69.652,65.664,41.958,100.0,32.044,23.0,0.0,81.953,81.603,71.761,67.652,41.73,100.0,32.781,5.04,4.975,84.319,84.104,55.76,NORMAL
216,2026-06-03 06:00:00+00:00,6,2,1.0,0.0,0.974928,-0.222521,False,False,MORNING,1.0,2.0,5.0,10.0,25.0,207.0,0.0,0.0,0.0,1.68,1.124,78.04,7.78,78.042,77.78,21.96,2.22,11.15,25.61,73.685,69.265,7.36,4.31,15.33,2.1,43.211,49.99,100.0,31.112,False,,0.0,62.768,0.0,0.0,0.0,0.0,0.0,3.0,0.13,12.498,10.0,0.0,80.558,79.606,72.335,68.104,42.097,100.0,32.223,25.0,0.0,82.843,82.048,78.72,73.947,43.424,100.0,33.137,8.827,4.758,86.227,84.931,56.55,NORMAL
217,2026-06-03 06:15:00+00:00,6,2,1.0,0.0,0.974928,-0.222521,False,False,MORNING,3.0,4.0,6.0,11.0,26.0,209.0,0.0,0.0,0.0,5.04,1.873,78.65,7.97,78.646,79.654,21.35,2.03,11.97,27.41,69.161,65.201,6.88,4.32,15.8,2.02,41.487,50.31,100.0,31.862,False,,0.0,62.09,0.0,0.0,0.0,0.0,0.0,3.0,0.3,12.578,11.0,0.0,79.813,79.982,71.454,67.321,41.594,100.0,31.925,22.0,1.28,85.96,83.68,82.53,77.457,42.752,100.0,42.057,7.973,5.531,86.899,85.474,57.03,NORMAL
218,2026-06-03 06:30:00+00:00,6,2,1.0,0.0,0.974928,-0.222521,False,False,MORNING,3.0,6.0,8.0,13.0,27.0,210.0,0.0,0.0,0.0,5.04,2.067,79.31,8.05,79.308,80.469,20.69,1.95,10.91,25.09,76.489,71.836,6.84,4.34,15.82,2.01,41.412,50.62,100.0,32.188,False,,0.0,64.068,0.0,0.0,0.0,0.0,0.0,5.0,0.61,12.655,17.0,0.0,82.492,81.393,73.513,69.23,42.297,100.0,32.997,15.0,0.0,86.092,84.355,75.428,71.062,43.948,100.0,34.437,1.68,6.44,86.196,84.354,57.02,NORMAL
219,2026-06-03 06:45:00+00:00,6,2,1.0,0.0,0.974928,-0.222521,False,False,MORNING,1.0,4.0,8.0,14.0,26.0,209.0,0.0,0.0,0.0,1.68,2.234,79.21,8.01,79.205,80.111,20.79,1.99,11.97,27.41,69.652,65.664,6.97,4.36,15.67,2.04,41.958,50.61,100.0,32.044,False,,0.0,62.461,0.0,0.0,0.0,0.0,0.0,4.0,0.61,12.652,14.0,0.0,81.953,81.603,71.761,67.652,41.73,100.0,32.781,16.0,0.0,86.743,84.959,74.712,70.434,44.695,100.0,34.697,1.68,4.905,85.128,83.655,57.01,NORMAL
220,2026-06-03 07:00:00+00:00,7,2,0.965926,-0.258819,0.974928,-0.222521,False,False,MORNING,2.0,3.0,9.0,16.0,27.0,205.0,0.0,0.0,0.0,3.36,1.577,79.61,8.06,79.606,80.558,20.39,1.94,11.58,26.57,72.335,68.104,6.99,4.37,15.63,2.05,42.097,50.77,100.0,32.223,False,,0.0,63.266,0.0,0.0,0.0,0.0,0.0,4.0,0.78,12.692,16.0,0.0,82.843,82.048,78.72,73.947,43.424,100.0,33.137,14.0,0.0,86.371,84.358,77.357,72.805,45.114,100.0,34.548,3.36,4.203,84.636,83.493,57.17,NORMAL
221,2026-06-03 07:15:00+00:00,7,2,0.965926,-0.258819,0.974928,-0.222521,False,False,MORNING,1.0,3.0,7.0,16.0,26.0,205.0,0.0,0.0,0.0,1.68,0.476,79.98,7.98,79.982,79.813,20.02,2.02,11.78,27.0,71.454,67.321,6.85,4.38,15.77,2.02,41.594,50.76,100.0,31.925,False,,0.0,62.955,0.0,0.0,0.0,0.0,0.0,1.0,0.45,12.69,15.0,1.28,85.96,83.68,82.53,77.457,42.752,100.0,42.057,17.0,0.0,85.056,83.921,74.337,70.06,44.622,100.0,34.022,6.72,3.992,86.904,83.949,57.64,NORMAL
222,2026-06-03 07:30:00+00:00,7,2,0.965926,-0.258819,0.974928,-0.222521,False,False,MORNING,5.0,6.0,9.0,20.0,30.0,210.0,0.0,0.0,0.0,8.4,1.685,81.39,8.25,81.393,82.492,18.61,1.75,11.65,26.72,73.513,69.23,7.01,4.41,15.58,2.06,42.297,51.39,100.0,32.997,False,,0.0,64.341,0.0,0.0,0.0,0.0,0.0,1.0,0.77,12.848,9.0,0.0,86.092,84.355,75.428,71.062,43.948,100.0,34.437,16.0,0.0,84.071,83.935,73.812,69.585,42.854,100.0,33.628,0.0,4.468,85.063,83.016,57.47,NORMAL
223,2026-06-03 07:45:00+00:00,7,2,0.965926,-0.258819,0.974928,-0.222521,False,False,MORNING,2.0,7.0,10.0,22.0,31.0,210.0,0.0,0.0,0.0,3.36,2.732,81.6,8.2,81.603,81.953,18.4,1.8,11.97,27.41,71.761,67.652,6.84,4.43,15.73,2.03,41.73,51.55,100.0,32.781,False,,0.0,63.829,0.0,0.0,0.0,0.0,0.0,2.0,0.94,12.888,9.0,0.0,86.743,84.959,74.712,70.434,44.695,100.0,34.697,19.0,0.0,85.235,84.247,74.086,69.844,44.64,100.0,34.094,8.4,5.331,85.844,83.705,58.11,NORMAL
224,2026-06-03 08:00:00+00:00,8,2,0.866025,-0.5,0.974928,-0.222521,False,False,MORNING,3.0,5.0,11.0,25.0,34.0,209.0,0.0,0.0,0.0,5.04,2.907,82.05,8.28,82.048,82.843,17.95,1.72,10.97,25.22,78.72,73.947,7.27,4.45,15.28,2.11,43.424,51.86,100.0,33.137,False,,0.0,65.847,0.0,0.0,0.0,0.0,0.0,2.0,1.09,12.965,9.0,0.0,86.371,84.358,77.357,72.805,45.114,100.0,34.548,18.0,0.0,83.759,83.219,73.182,68.992,44.505,100.0,33.504,1.68,4.648,85.34,83.013,58.1,NORMAL
225,2026-06-03 08:15:00+00:00,8,2,0.866025,-0.5,0.974928,-0.222521,False,False,MORNING,7.0,10.0,17.0,30.0,38.0,215.0,1.28,0.0,0.0,9.611,1.835,83.68,8.6,83.68,85.96,16.32,1.4,10.75,24.72,82.53,77.457,6.99,4.55,15.46,2.08,42.752,52.81,100.0,42.057,False,,2.1,68.467,1.28,1.28,1.28,0.08,1.28,10.0,2.05,13.522,7.0,0.0,85.056,83.921,74.337,70.06,44.622,100.0,34.022,24.0,0.0,81.836,82.88,72.884,68.711,42.734,100.0,32.735,8.4,2.95,87.433,84.166,58.73,NORMAL
226,2026-06-03 08:30:00+00:00,8,2,0.866025,-0.5,0.974928,-0.222521,False,False,MORNING,2.0,9.0,14.0,31.0,39.0,217.0,0.0,0.12,0.1151,5.509,2.754,84.36,8.61,84.355,86.092,15.64,1.39,11.77,26.98,75.428,71.062,7.28,4.59,15.13,2.14,43.948,52.97,100.0,34.437,False,,0.0,66.311,-1.28,0.0,0.0,0.08,1.28,5.0,1.58,13.242,6.0,0.0,84.071,83.935,73.812,69.585,42.854,100.0,33.628,28.0,0.0,82.31,82.967,74.062,69.78,42.089,100.0,32.924,3.36,4.057,87.137,84.022,58.89,NORMAL
227,2026-06-03 08:45:00+00:00,8,2,0.866025,-0.5,0.974928,-0.222521,False,False,MORNING,4.0,6.0,16.0,34.0,43.0,218.0,0.0,0.0,0.0,6.72,4.046,84.96,8.67,84.959,86.743,15.04,1.33,11.97,27.41,74.712,70.434,7.44,4.63,14.93,2.17,44.695,53.44,100.0,34.697,False,,0.0,66.48,0.0,-1.28,0.0,0.08,1.28,6.0,1.89,13.36,7.0,0.0,85.235,84.247,74.086,69.844,44.64,100.0,34.094,26.0,0.0,82.514,82.901,72.902,68.728,43.256,100.0,33.006,8.81,3.362,89.243,85.173,59.84,NORMAL
228,2026-06-03 09:00:00+00:00,9,2,0.707107,-0.707107,0.974928,-0.222521,False,False,MORNING,2.0,6.0,15.0,35.0,45.0,217.0,0.0,0.0,0.0,3.36,5.912,84.36,8.64,84.358,86.371,15.64,1.36,11.48,26.33,77.357,72.805,7.53,4.65,14.82,2.19,45.114,53.59,100.0,34.548,False,,0.0,66.913,0.0,0.0,0.0,0.08,1.28,4.0,1.73,13.398,5.0,0.0,83.759,83.219,73.182,68.992,44.505,100.0,33.504,25.0,0.0,84.308,83.934,73.811,69.585,43.474,100.0,33.723,6.31,4.496,89.998,85.551,59.99,NORMAL
229,2026-06-03 09:15:00+00:00,9,2,0.707107,-0.707107,0.974928,-0.222521,False,False,MORNING,1.0,3.0,9.0,33.0,44.0,215.0,0.0,0.0,0.0,1.68,3.954,83.92,8.51,83.921,85.056,16.08,1.49,11.88,27.22,74.337,70.06,7.39,4.66,14.95,2.17,44.622,53.59,100.0,34.022,False,,0.0,65.817,0.0,0.0,-1.28,0.08,1.28,-8.0,0.78,13.398,10.0,0.0,81.836,82.88,72.884,68.711,42.734,100.0,32.735,22.0,0.0,82.376,83.171,90.873,84.859,44.003,100.0,32.951,8.196,5.42,90.747,86.17,60.63,NORMAL
230,2026-06-03 09:30:00+00:00,9,2,0.707107,-0.707107,0.974928,-0.222521,False,False,MORNING,2.0,3.0,9.0,32.0,45.0,216.0,0.0,0.0,0.0,3.36,3.698,83.94,8.41,83.935,84.071,16.06,1.59,11.97,27.41,73.812,69.585,6.92,4.65,15.43,2.08,42.854,53.74,100.0,33.628,False,,0.0,65.344,0.0,0.0,0.0,0.08,1.28,-5.0,0.77,13.435,10.0,0.0,82.31,82.967,74.062,69.78,42.089,100.0,32.924,26.0,0.0,83.986,84.121,73.976,69.74,47.392,100.0,33.594,5.244,6.624,89.764,85.923,60.94,NORMAL
231,2026-06-03 09:45:00+00:00,9,2,0.707107,-0.707107,0.974928,-0.222521,False,False,MORNING,4.0,6.0,9.0,35.0,49.0,218.0,0.0,0.0,0.0,6.72,5.009,84.25,8.52,84.247,85.235,15.75,1.48,11.97,27.41,74.086,69.844,7.4,4.66,14.95,2.17,44.64,54.21,100.0,34.094,False,,0.0,65.871,0.0,0.0,0.0,0.08,1.28,-7.0,0.77,13.552,12.0,0.0,82.514,82.901,72.902,68.728,43.256,100.0,33.006,21.0,0.0,84.319,84.104,73.961,69.726,44.215,100.0,33.728,6.72,5.546,89.007,86.293,61.41,NORMAL
232,2026-06-03 10:00:00+00:00,10,2,0.5,-0.866025,0.974928,-0.222521,False,False,MORNING,0.0,4.0,7.0,33.0,49.0,213.0,0.0,0.0,0.0,0.0,4.699,83.22,8.38,83.219,83.759,16.78,1.62,11.97,27.41,73.182,68.992,7.37,4.65,14.98,2.16,44.505,54.05,100.0,33.504,False,,0.0,65.126,0.0,0.0,0.0,0.08,1.28,-8.0,0.46,13.512,13.0,0.0,84.308,83.934,73.811,69.585,43.474,100.0,33.723,23.0,0.75,86.227,84.931,88.628,82.958,43.66,100.0,38.968,6.72,5.19,89.623,86.614,61.89,NORMAL
233,2026-06-03 10:15:00+00:00,10,2,0.5,-0.866025,0.974928,-0.222521,False,False,MORNING,0.0,0.0,6.0,32.0,48.0,209.0,0.0,0.0,0.0,0.0,2.127,82.88,8.18,82.88,81.836,17.12,1.82,11.97,27.41,72.884,68.711,6.92,4.62,15.46,2.08,42.734,53.88,100.0,32.735,False,,0.0,64.438,0.0,0.0,0.0,0.08,1.28,-3.0,0.29,13.47,14.0,0.0,82.376,83.171,90.873,84.859,44.003,100.0,32.951,18.0,0.0,86.899,85.474,87.845,82.268,45.553,100.0,34.759,3.36,4.255,89.133,86.439,62.04,NORMAL
234,2026-06-03 10:30:00+00:00,10,2,0.5,-0.866025,0.974928,-0.222521,False,False,MORNING,3.0,3.0,7.0,30.0,50.0,210.0,0.0,0.0,0.0,5.04,4.504,82.97,8.23,82.967,82.31,17.03,1.77,11.79,27.02,74.062,69.78,6.76,4.6,15.64,2.05,42.089,54.19,100.0,32.924,False,,0.0,64.764,0.0,0.0,0.0,0.08,1.28,-2.0,0.45,13.548,18.0,0.0,83.986,84.121,73.976,69.74,47.392,100.0,33.594,19.0,0.0,86.196,84.354,81.916,76.91,45.112,100.0,34.478,7.883,5.193,89.944,87.03,62.67,NORMAL
235,2026-06-03 10:45:00+00:00,10,2,0.5,-0.866025,0.974928,-0.222521,False,False,MORNING,2.0,5.0,5.0,30.0,52.0,206.0,0.0,0.0,0.0,3.36,3.542,82.9,8.25,82.901,82.514,17.1,1.75,11.97,27.41,72.902,68.728,7.09,4.59,15.32,2.1,43.256,54.35,100.0,33.006,False,,0.0,64.63,0.0,0.0,0.0,0.08,1.28,-4.0,0.14,13.588,14.0,0.0,84.319,84.104,73.961,69.726,44.215,100.0,33.728,20.0,0.0,85.128,83.655,75.935,71.496,44.88,100.0,34.051,5.557,5.65,90.142,86.987,62.99,NORMAL
236,2026-06-03 11:00:00+00:00,11,2,0.258819,-0.965926,0.974928,-0.222521,False,False,MORNING,5.0,7.0,10.0,32.0,57.0,207.0,0.0,0.0,0.0,8.4,3.549,83.93,8.43,83.934,84.308,16.07,1.57,11.97,27.41,73.811,69.585,7.14,4.6,15.26,2.11,43.474,54.98,100.0,33.723,False,,0.0,65.447,0.0,0.0,0.0,0.08,1.28,3.0,0.93,13.745,12.0,0.75,86.227,84.931,88.628,82.958,43.66,100.0,38.968,26.0,0.0,84.636,83.493,75.585,71.174,44.286,100.0,33.855,3.36,6.762,88.926,86.258,63.14,NORMAL
237,2026-06-03 11:15:00+00:00,11,2,0.258819,-0.965926,0.974928,-0.222521,False,False,MORNING,0.0,5.0,10.0,25.0,55.0,203.0,0.0,0.0,0.0,0.0,3.825,83.17,8.24,83.171,82.376,16.83,1.76,9.63,22.28,90.873,84.859,7.3,4.58,15.12,2.14,44.003,54.81,100.0,32.951,False,,0.0,68.821,0.0,0.0,0.0,0.08,1.28,4.0,0.93,13.702,8.0,0.0,86.899,85.474,87.845,82.268,45.553,100.0,34.759,26.0,0.0,86.904,83.949,91.545,85.494,44.267,100.0,34.761,7.953,4.735,89.444,87.011,63.77,NORMAL
238,2026-06-03 11:30:00+00:00,11,2,0.258819,-0.965926,0.974928,-0.222521,False,False,MORNING,5.0,5.0,12.0,28.0,59.0,208.0,0.0,0.0,0.0,8.4,3.955,84.12,8.4,84.121,83.986,15.88,1.6,11.97,27.41,73.976,69.74,8.2,4.59,14.2,2.3,47.392,55.45,100.0,33.594,False,,0.0,65.815,0.0,0.0,0.0,0.08,1.28,5.0,1.26,13.862,8.0,0.0,86.196,84.354,81.916,76.91,45.112,100.0,34.478,27.0,0.0,85.063,83.016,79.323,74.527,45.821,100.0,34.025,2.127,5.349,87.568,86.393,63.77,NORMAL
239,2026-06-03 11:45:00+00:00,11,2,0.258819,-0.965926,0.974928,-0.222521,False,False,MORNING,3.0,8.0,13.0,27.0,61.0,209.0,0.0,0.0,0.0,5.04,4.975,84.1,8.43,84.104,84.319,15.9,1.57,11.97,27.41,73.961,69.726,7.34,4.6,15.06,2.15,44.215,55.76,100.0,33.728,False,,0.0,65.588,0.0,0.0,0.0,0.08,1.28,8.0,1.41,13.94,7.0,0.0,85.128,83.655,75.935,71.496,44.88,100.0,34.051,30.0,0.0,85.844,83.705,73.609,69.394,46.512,100.0,34.338,5.04,4.881,87.819,86.408,64.08,NORMAL
240,2026-06-03 12:00:00+00:00,12,2,0.0,-1.0,0.974928,-0.222521,False,False,MORNING,6.0,9.0,14.0,31.0,66.0,211.0,0.75,0.0,0.0,8.827,4.758,84.93,8.62,84.931,86.227,15.07,1.38,10.13,23.36,88.628,82.958,7.13,4.66,15.21,2.12,43.66,56.55,100.0,38.968,False,,1.3,69.93,0.75,0.75,0.75,0.127,1.28,4.0,1.57,14.325,11.0,0.0,84.636,83.493,75.585,71.174,44.286,100.0,33.855,29.0,0.0,85.34,83.013,85.168,81.0,45.552,100.0,34.136,1.68,5.989,86.463,85.466,64.07,NORMAL
241,2026-06-03 12:15:00+00:00,12,2,0.0,-1.0,0.974928,-0.222521,False,False,MORNING,4.0,10.0,18.0,34.0,67.0,210.0,0.0,0.07,0.0672,7.973,5.531,85.47,8.69,85.474,86.899,14.53,1.31,10.24,23.61,87.845,82.268,7.62,4.68,14.7,2.21,45.553,57.03,100.0,34.759,False,,0.0,69.697,-0.75,0.0,0.0,0.047,0.75,8.0,2.22,14.258,10.0,0.0,86.904,83.949,91.545,85.494,44.267,100.0,34.761,32.0,0.0,87.433,84.166,86.351,82.126,44.854,100.0,34.973,3.36,5.327,85.625,85.058,64.23,NORMAL
242,2026-06-03 12:30:00+00:00,12,2,0.0,-1.0,0.974928,-0.222521,False,False,MORNING,1.0,5.0,14.0,33.0,65.0,208.0,0.0,0.0,0.0,1.68,6.44,84.35,8.62,84.354,86.196,15.65,1.38,10.84,24.93,81.916,76.91,7.49,4.69,14.82,2.19,45.112,57.02,100.0,34.478,False,,0.0,67.916,0.0,-0.75,0.0,0.047,0.75,2.0,1.57,14.255,11.0,0.0,85.063,83.016,79.323,74.527,45.821,100.0,34.025,29.0,0.0,87.137,84.022,86.203,81.984,44.244,100.0,34.855,3.36,5.348,84.495,84.674,64.38,NORMAL
243,2026-06-03 12:45:00+00:00,12,2,0.0,-1.0,0.974928,-0.222521,False,False,MORNING,1.0,2.0,12.0,30.0,65.0,207.0,0.0,0.0,0.0,1.68,4.905,83.65,8.51,83.655,85.128,16.35,1.49,11.6,26.59,75.935,71.496,7.43,4.69,14.88,2.18,44.88,57.01,100.0,34.051,False,,0.0,66.161,0.0,0.0,0.0,0.047,0.75,-1.0,1.25,14.252,13.0,0.0,85.844,83.705,73.609,69.394,46.512,100.0,34.338,32.0,1.76,89.243,85.173,88.195,83.879,43.732,100.0,46.234,3.36,6.596,83.909,83.924,64.53,NORMAL
244,2026-06-03 13:00:00+00:00,13,2,-0.258819,-0.965926,0.974928,-0.222521,False,False,MORNING,2.0,3.0,8.0,32.0,65.0,205.0,0.0,0.0,0.0,3.36,4.203,83.49,8.46,83.493,84.636,16.51,1.54,11.63,26.66,75.585,71.174,7.27,4.68,15.04,2.15,44.286,57.17,100.0,33.855,False,,0.0,65.892,0.0,0.0,-0.75,0.047,0.75,-6.0,0.62,14.292,15.0,0.0,85.34,83.013,85.168,81.0,45.552,100.0,34.136,28.0,0.0,89.998,85.551,87.771,83.477,44.436,100.0,35.999,5.04,3.976,84.623,84.118,64.85,NORMAL
245,2026-06-03 13:15:00+00:00,13,2,-0.258819,-0.965926,0.974928,-0.222521,False,False,MORNING,4.0,6.0,8.0,36.0,68.0,205.0,0.0,0.0,0.0,6.72,3.992,83.95,8.69,83.949,86.904,16.05,1.31,9.65,22.32,91.545,85.494,7.25,4.7,15.05,2.15,44.267,57.64,100.0,34.761,False,,0.0,70.078,0.0,0.0,0.0,0.047,0.75,-10.0,0.61,14.41,16.0,0.0,87.433,84.166,86.351,82.126,44.854,100.0,34.973,28.0,0.12,90.747,86.17,88.463,84.134,44.074,100.0,37.026,8.4,4.03,86.092,85.064,65.48,MODERATE
246,2026-06-03 13:30:00+00:00,13,2,-0.258819,-0.965926,0.974928,-0.222521,False,False,MORNING,0.0,4.0,7.0,33.0,63.0,202.0,0.0,0.0,0.0,0.0,4.468,83.02,8.51,83.016,85.063,16.98,1.49,11.02,25.32,79.323,74.527,7.67,4.7,14.63,2.23,45.821,57.47,100.0,34.025,False,,0.0,66.862,0.0,0.0,0.0,0.047,0.75,-7.0,0.45,14.368,16.0,0.0,87.137,84.022,86.203,81.984,44.244,100.0,34.855,28.0,0.0,89.764,85.923,88.154,83.84,44.16,100.0,35.905,1.68,5.877,83.854,84.239,65.47,NORMAL
247,2026-06-03 13:45:00+00:00,13,2,-0.258819,-0.965926,0.974928,-0.222521,False,False,MORNING,5.0,5.0,11.0,36.0,66.0,204.0,0.0,0.0,0.0,8.4,5.331,83.7,8.58,83.705,85.844,16.3,1.42,11.97,27.41,73.609,69.394,7.86,4.7,14.44,2.26,46.512,58.11,100.0,34.338,False,,0.0,65.93,0.0,0.0,0.0,0.047,0.75,-1.0,1.1,14.528,17.0,1.76,89.243,85.173,88.195,83.879,43.732,100.0,46.234,26.0,0.0,89.007,86.293,100.0,100.0,44.668,100.0,35.603,6.72,4.183,85.445,84.714,65.95,NORMAL
248,2026-06-03 14:00:00+00:00,14,2,-0.5,-0.866025,0.974928,-0.222521,False,False,EVENING,1.0,6.0,10.0,32.0,64.0,203.0,0.0,0.0,0.0,1.68,4.648,83.01,8.53,83.013,85.34,16.99,1.47,10.26,23.29,85.168,81.0,7.6,4.7,14.7,2.21,45.552,58.1,100.0,34.136,False,,0.0,68.371,0.0,0.0,0.0,0.047,0.75,2.0,0.93,14.525,14.0,0.0,89.998,85.551,87.771,83.477,44.436,100.0,35.999,25.0,0.0,89.623,86.614,88.862,84.514,43.751,100.0,35.849,5.04,4.949,85.734,84.708,66.26,NORMAL
249,2026-06-03 14:15:00+00:00,14,2,-0.5,-0.866025,0.974928,-0.222521,False,False,EVENING,5.0,6.0,11.0,37.0,62.0,208.0,0.0,0.0,0.0,8.4,2.95,84.17,8.74,84.166,87.433,15.83,1.26,10.26,23.29,86.351,82.126,7.39,4.72,14.89,2.18,44.854,58.73,100.0,34.973,False,,0.0,69.257,0.0,0.0,0.0,0.047,0.75,3.0,1.09,14.682,16.0,0.12,90.747,86.17,88.463,84.134,44.074,100.0,37.026,22.0,0.0,89.133,86.439,91.179,86.642,43.142,100.0,35.653,5.04,4.609,86.497,84.739,66.57,NORMAL
250,2026-06-03 14:30:00+00:00,14,2,-0.5,-0.866025,0.974928,-0.222521,False,False,EVENING,2.0,7.0,13.0,34.0,62.0,207.0,0.0,0.0,0.0,3.36,4.057,84.02,8.71,84.022,87.137,15.98,1.29,10.26,23.29,86.203,81.984,7.21,4.74,15.05,2.15,44.244,58.89,100.0,34.855,False,,0.0,69.077,0.0,0.0,0.0,0.047,0.75,6.0,1.42,14.722,13.0,0.0,89.764,85.923,88.154,83.84,44.16,100.0,35.905,22.0,0.31,89.944,87.03,89.431,85.055,43.533,100.0,37.825,8.4,5.162,87.774,85.421,67.21,NORMAL
251,2026-06-03 14:45:00+00:00,14,2,-0.5,-0.866025,0.974928,-0.222521,False,False,EVENING,7.0,9.0,15.0,38.0,65.0,212.0,1.76,0.0,0.0,8.81,3.362,85.17,8.92,85.173,89.243,14.83,1.08,10.26,23.29,88.195,83.879,6.97,4.83,15.19,2.13,43.732,59.84,100.0,46.234,False,,3.2,71.298,1.76,1.76,1.76,0.157,1.76,4.0,1.73,15.4,15.0,0.0,89.007,86.293,100.0,100.0,44.668,100.0,35.603,19.0,0.0,90.142,86.987,100.0,99.379,43.884,100.0,36.057,8.282,4.663,88.494,86.254,67.84,MODERATE
252,2026-06-03 15:00:00+00:00,15,2,-0.707107,-0.707107,0.974928,-0.222521,False,False,EVENING,2.0,9.0,16.0,34.0,65.0,209.0,0.0,0.16,0.1581,6.31,4.496,85.55,9.0,85.551,89.998,14.45,1.0,10.26,23.29,87.771,83.477,7.14,4.86,15.0,2.16,44.436,59.99,100.0,35.999,False,,0.0,70.37,-1.76,0.0,0.0,0.157,1.76,6.0,1.89,14.998,14.0,0.0,89.623,86.614,88.862,84.514,43.751,100.0,35.849,18.0,0.0,88.926,86.258,88.497,84.167,45.466,100.0,35.57,13.564,4.595,93.253,88.02,69.27,MODERATE
253,2026-06-03 15:15:00+00:00,15,2,-0.707107,-0.707107,0.974928,-0.222521,False,False,EVENING,5.0,7.0,16.0,35.0,69.0,213.0,0.12,0.0,0.0,8.196,5.42,86.17,9.07,86.17,90.747,13.83,0.93,10.26,23.29,88.463,84.134,7.01,4.89,15.1,2.14,44.074,60.63,100.0,37.026,False,,0.2,70.862,0.12,-1.6400000000000001,0.12,0.164,1.76,5.0,1.9,15.188,12.0,0.0,89.133,86.439,91.179,86.642,43.142,100.0,35.653,19.0,0.27,89.444,87.011,94.592,89.802,46.434,100.0,37.374,12.315,6.961,97.816,88.902,70.07,MODERATE
254,2026-06-03 15:30:00+00:00,15,2,-0.707107,-0.707107,0.974928,-0.222521,False,False,EVENING,3.0,8.0,17.0,37.0,70.0,214.0,0.0,0.01,0.0109,5.244,6.624,85.92,8.98,85.923,89.764,14.08,1.02,10.26,23.29,88.154,83.84,7.03,4.9,15.08,2.15,44.16,60.94,100.0,35.905,False,,0.0,70.47,-0.12,0.0,0.0,0.164,1.76,4.0,2.05,15.235,15.0,0.31,89.944,87.03,89.431,85.055,43.533,100.0,37.825,19.0,0.0,87.568,86.393,92.039,87.432,45.969,100.0,35.027,11.629,8.625,99.938,89.441,70.7,MODERATE
255,2026-06-03 15:45:00+00:00,15,2,-0.707107,-0.707107,0.974928,-0.222521,False,False,EVENING,4.0,7.0,14.0,40.0,70.0,215.0,0.0,0.0,0.0,6.72,5.546,86.29,8.9,86.293,89.007,13.71,1.1,8.56,19.55,100.0,100.0,7.16,4.9,14.94,2.17,44.668,61.41,100.0,35.603,False,,0.0,73.806,0.0,-0.12,-1.76,0.164,1.76,-1.0,1.57,15.352,11.0,0.0,90.142,86.987,100.0,99.379,43.884,100.0,36.057,19.0,0.0,87.819,86.408,92.336,87.705,44.74,100.0,35.127,11.229,6.335,100.0,90.512,71.49,MODERATE
256,2026-06-03 16:00:00+00:00,16,2,-0.866025,-0.5,0.974928,-0.222521,False,False,EVENING,4.0,8.0,16.0,42.0,74.0,217.0,0.0,0.0,0.0,6.72,5.19,86.61,8.96,86.614,89.623,13.39,1.04,10.26,23.29,88.862,84.514,6.91,4.9,15.19,2.13,43.751,61.89,100.0,35.849,False,,0.0,70.722,0.0,0.0,0.0,0.118,1.76,0.0,1.9,15.472,11.0,0.0,88.926,86.258,88.497,84.167,45.466,100.0,35.57,20.0,0.0,86.463,85.466,94.355,89.527,45.207,100.0,34.585,10.553,7.574,100.0,91.134,73.57,MODERATE
257,2026-06-03 16:15:00+00:00,16,2,-0.866025,-0.5,0.974928,-0.222521,False,False,EVENING,2.0,6.0,13.0,40.0,76.0,216.0,0.0,0.0,0.0,3.36,4.255,86.44,8.91,86.439,89.133,13.56,1.09,9.98,22.67,91.179,86.642,6.74,4.9,15.35,2.1,43.142,62.04,100.0,35.653,False,,0.0,71.064,0.0,0.0,-0.12,0.118,1.76,-3.0,1.41,15.51,10.0,0.27,89.444,87.011,94.592,89.802,46.434,100.0,37.374,22.0,0.0,85.625,85.058,92.021,87.371,46.353,100.0,34.25,10.162,7.957,100.0,91.542,74.2,MODERATE
258,2026-06-03 16:30:00+00:00,16,2,-0.866025,-0.5,0.974928,-0.222521,False,False,EVENING,5.0,7.0,15.0,45.0,78.0,218.0,0.31,0.0,0.0,7.883,5.193,87.03,8.99,87.03,89.944,12.97,1.01,10.26,23.29,89.431,85.055,6.83,4.92,15.25,2.12,43.533,62.67,100.0,37.825,False,,0.6,71.19,0.31,0.31,0.31,0.137,1.76,-2.0,1.73,15.745,7.0,0.0,87.568,86.393,92.039,87.432,45.969,100.0,35.027,23.0,0.0,84.495,84.674,86.872,82.621,45.293,100.0,33.798,9.905,8.779,100.0,91.787,74.83,MODERATE
259,2026-06-03 16:45:00+00:00,16,2,-0.866025,-0.5,0.974928,-0.222521,False,False,EVENING,3.0,8.0,14.0,43.0,79.0,218.0,0.0,0.03,0.0277,5.557,5.65,86.99,9.01,86.987,90.142,13.01,0.99,8.72,19.89,100.0,99.379,6.92,4.93,15.15,2.13,43.884,62.99,100.0,36.057,False,,0.0,74.041,-0.31,0.0,0.0,0.137,1.76,0.0,1.58,15.748,8.0,0.0,87.819,86.408,92.336,87.705,44.74,100.0,35.127,26.0,0.0,83.909,83.924,97.918,92.733,45.426,100.0,33.564,9.751,7.553,100.0,92.303,75.31,MODERATE
260,2026-06-03 17:00:00+00:00,17,2,-0.965926,-0.258819,0.974928,-0.222521,False,False,EVENING,2.0,5.0,12.0,44.0,76.0,216.0,0.0,0.0,0.0,3.36,6.762,86.26,8.89,86.258,88.926,13.74,1.11,10.26,23.29,88.497,84.167,7.35,4.92,14.72,2.21,45.466,63.14,100.0,35.57,False,,0.0,70.574,0.0,-0.31,0.0,0.137,1.76,-4.0,1.25,15.785,7.0,0.0,86.463,85.466,94.355,89.527,45.207,100.0,34.585,29.0,0.0,84.623,84.118,86.695,82.442,45.088,100.0,33.849,9.426,9.444,100.0,92.101,76.42,MODERATE
261,2026-06-03 17:15:00+00:00,17,2,-0.965926,-0.258819,0.974928,-0.222521,False,False,EVENING,5.0,7.0,15.0,44.0,81.0,211.0,0.27,0.0,0.0,7.953,4.735,87.01,8.94,87.011,89.444,12.99,1.06,9.7,22.05,94.592,89.802,7.61,4.93,14.46,2.26,46.434,63.77,100.0,37.374,False,,0.5,72.51,0.27,0.27,0.27,0.154,1.76,2.0,1.73,16.01,9.0,0.0,85.625,85.058,92.021,87.371,46.353,100.0,34.25,36.0,0.0,86.092,85.064,90.888,86.33,43.844,100.0,34.437,9.553,9.461,100.0,92.055,77.53,MODERATE
262,2026-06-03 17:30:00+00:00,17,2,-0.965926,-0.258819,0.974928,-0.222521,False,False,EVENING,1.0,6.0,11.0,43.0,77.0,209.0,0.0,0.02,0.024,2.127,5.349,86.39,8.76,86.393,87.568,13.61,1.24,9.88,22.46,92.039,87.432,7.5,4.91,14.59,2.23,45.969,63.77,100.0,35.027,False,,0.0,71.194,-0.27,0.0,-0.31,0.154,1.76,-4.0,1.1,15.942,12.0,0.0,84.495,84.674,86.872,82.621,45.293,100.0,33.798,37.0,0.0,83.854,84.239,87.962,83.612,44.166,100.0,33.542,9.582,8.643,100.0,92.217,78.49,MODERATE
263,2026-06-03 17:45:00+00:00,17,2,-0.965926,-0.258819,0.974928,-0.222521,False,False,EVENING,3.0,4.0,11.0,39.0,77.0,210.0,0.0,0.0,0.0,5.04,4.881,86.41,8.78,86.408,87.819,13.59,1.22,9.85,22.39,92.336,87.705,7.19,4.89,14.92,2.17,44.74,64.08,100.0,35.127,False,,0.0,71.205,0.0,-0.27,0.0,0.154,1.76,-3.0,1.09,16.02,11.0,0.0,83.909,83.924,97.918,92.733,45.426,100.0,33.564,41.0,0.0,85.445,84.714,86.913,82.66,44.183,100.0,34.178,9.479,9.122,100.0,92.175,79.12,MODERATE
264,2026-06-03 18:00:00+00:00,18,2,-1.0,-0.0,0.974928,-0.222521,False,False,EVENING,1.0,4.0,10.0,38.0,72.0,208.0,0.0,0.0,0.0,1.68,5.989,85.47,8.65,85.466,86.463,14.53,1.35,9.53,21.7,94.355,89.527,7.34,4.87,14.79,2.2,45.207,64.07,100.0,34.585,False,,0.0,71.23,0.0,0.0,0.0,0.154,1.76,-2.0,0.93,16.017,13.0,0.0,84.623,84.118,86.695,82.442,45.088,100.0,33.849,43.0,0.0,85.734,84.708,86.906,82.654,44.706,100.0,34.294,9.506,9.52,100.0,92.073,79.91,MODERATE
265,2026-06-03 18:15:00+00:00,18,2,-1.0,-0.0,0.974928,-0.222521,False,False,EVENING,2.0,3.0,7.0,35.0,70.0,209.0,0.0,0.0,0.0,3.36,5.327,85.06,8.56,85.058,85.625,14.94,1.44,9.73,22.13,92.021,87.371,7.68,4.83,14.48,2.25,46.353,64.23,100.0,34.25,False,,0.0,70.537,0.0,0.0,-0.27,0.154,1.76,-8.0,0.46,16.058,13.0,0.0,86.092,85.064,90.888,86.33,43.844,100.0,34.437,54.0,0.0,86.497,84.739,93.14,88.387,44.72,100.0,34.599,9.571,8.557,100.0,92.194,80.39,MODERATE
266,2026-06-03 18:30:00+00:00,18,2,-1.0,-0.0,0.974928,-0.222521,False,False,EVENING,2.0,4.0,8.0,34.0,71.0,209.0,0.0,0.0,0.0,3.36,5.348,84.67,8.45,84.674,84.495,15.33,1.55,10.26,23.29,86.872,82.621,7.43,4.8,14.77,2.2,45.293,64.38,100.0,33.798,False,,0.0,68.943,0.0,0.0,0.0,0.154,1.76,-3.0,0.61,16.095,11.0,0.0,83.854,84.239,87.962,83.612,44.166,100.0,33.542,56.0,0.0,87.774,85.421,87.638,83.35,44.026,100.0,35.11,9.494,8.322,100.0,92.378,81.02,NORMAL
267,2026-06-03 18:45:00+00:00,18,2,-1.0,-0.0,0.974928,-0.222521,False,False,EVENING,2.0,4.0,7.0,32.0,72.0,208.0,0.0,0.0,0.0,3.36,6.596,83.92,8.39,83.924,83.909,16.08,1.61,9.02,20.57,97.918,92.733,7.5,4.76,14.73,2.21,45.426,64.53,100.0,33.564,False,,0.0,71.212,0.0,0.0,0.0,0.044,0.31,-4.0,0.45,16.132,15.0,0.0,85.445,84.714,86.913,82.66,44.183,100.0,34.178,56.0,0.07,88.494,86.254,93.572,88.836,44.405,100.0,35.82,9.378,8.527,100.0,92.534,81.65,MODERATE
268,2026-06-03 19:00:00+00:00,19,2,-0.965926,0.258819,0.974928,-0.222521,False,False,EVENING,3.0,5.0,9.0,31.0,73.0,208.0,0.0,0.0,0.0,5.04,3.976,84.12,8.46,84.118,84.623,15.88,1.54,10.21,23.19,86.695,82.442,7.43,4.74,14.83,2.19,45.088,64.85,100.0,33.849,False,,0.0,68.785,0.0,0.0,0.0,0.044,0.31,-1.0,0.78,16.212,16.0,0.0,85.734,84.708,86.906,82.654,44.706,100.0,34.294,55.0,3.67,93.253,88.02,100.0,100.0,47.271,100.0,59.335,5.447,7.39,98.976,92.151,81.81,NORMAL
269,2026-06-03 19:15:00+00:00,19,2,-0.965926,0.258819,0.974928,-0.222521,False,False,EVENING,5.0,8.0,12.0,34.0,74.0,212.0,0.0,0.0,0.0,8.4,4.03,85.06,8.61,85.064,86.092,14.94,1.39,9.85,22.39,90.888,86.33,7.1,4.74,15.16,2.13,43.844,65.48,100.0,34.437,False,,0.0,70.145,0.0,0.0,0.0,0.036,0.31,5.0,1.25,16.37,23.0,0.0,86.497,84.739,93.14,88.387,44.72,100.0,34.599,53.0,3.86,97.816,88.902,98.994,96.443,48.831,100.0,62.306,5.606,7.232,97.024,91.94,81.8,MODERATE
270,2026-06-03 19:30:00+00:00,19,2,-0.965926,0.258819,0.974928,-0.222521,False,False,EVENING,1.0,6.0,11.0,30.0,75.0,212.0,0.0,0.0,0.0,1.68,5.877,84.24,8.39,84.239,83.854,15.76,1.61,10.08,22.9,87.962,83.612,7.21,4.71,15.08,2.15,44.166,65.47,100.0,33.542,False,,0.0,68.867,0.0,0.0,0.0,0.036,0.31,3.0,1.09,16.368,26.0,0.0,87.774,85.421,87.638,83.35,44.026,100.0,35.11,55.0,3.38,99.938,89.441,100.0,100.0,49.166,100.0,60.242,5.717,9.432,95.069,91.206,81.95,NORMAL
271,2026-06-03 19:45:00+00:00,19,2,-0.965926,0.258819,0.974928,-0.222521,False,False,EVENING,4.0,5.0,13.0,31.0,74.0,213.0,0.0,0.0,0.0,6.72,4.183,84.71,8.54,84.714,85.445,15.29,1.46,10.26,23.29,86.913,82.66,7.22,4.71,15.07,2.15,44.183,65.95,100.0,34.178,False,,0.0,69.051,0.0,0.0,0.0,0.036,0.31,6.0,1.42,16.488,26.0,0.07,88.494,86.254,93.572,88.836,44.405,100.0,35.82,57.0,4.08,100.0,90.512,100.0,99.042,48.761,100.0,64.486,6.021,6.226,93.044,91.358,82.11,NORMAL
272,2026-06-03 20:00:00+00:00,20,2,-0.866025,0.5,0.974928,-0.222521,False,False,EVENING,3.0,7.0,13.0,32.0,76.0,214.0,0.0,0.0,0.0,5.04,4.949,84.71,8.57,84.708,85.734,15.29,1.43,10.26,23.29,86.906,82.654,7.36,4.71,14.93,2.17,44.706,66.26,100.0,34.294,False,,0.0,69.153,0.0,0.0,0.0,0.036,0.31,4.0,1.41,16.565,27.0,3.67,93.253,88.02,100.0,100.0,47.271,100.0,59.335,56.0,13.1,100.0,91.134,100.0,100.0,50.64,100.0,100.0,5.999,8.721,92.884,90.693,82.1,NORMAL
273,2026-06-03 20:15:00+00:00,20,2,-0.866025,0.5,0.974928,-0.222521,False,False,EVENING,3.0,6.0,11.0,30.0,74.0,216.0,0.0,0.0,0.0,5.04,4.609,84.74,8.65,84.739,86.497,15.26,1.35,9.58,21.79,93.14,88.387,7.35,4.72,14.93,2.17,44.72,66.57,100.0,34.599,False,,0.0,70.75,0.0,0.0,0.0,0.036,0.31,-1.0,1.09,16.642,31.0,3.86,97.816,88.902,98.994,96.443,48.831,100.0,62.306,48.0,13.31,100.0,91.542,100.0,100.0,54.504,100.0,100.0,6.247,6.95,93.067,90.499,82.09,MODERATE
274,2026-06-03 20:30:00+00:00,20,2,-0.866025,0.5,0.974928,-0.222521,False,False,EVENING,5.0,8.0,15.0,34.0,77.0,218.0,0.0,0.0,0.0,8.4,5.162,85.42,8.78,85.421,87.774,14.58,1.22,10.26,23.29,87.638,83.35,7.14,4.74,15.11,2.14,44.026,67.21,100.0,35.11,False,,0.0,69.828,0.0,0.0,0.0,0.017,0.27,4.0,1.74,16.802,30.0,3.38,99.938,89.441,100.0,100.0,49.166,100.0,60.242,47.0,13.64,100.0,91.787,100.0,100.0,58.241,100.0,100.0,6.316,7.93,92.67,90.135,81.93,NORMAL
275,2026-06-03 20:45:00+00:00,20,2,-0.866025,0.5,0.974928,-0.222521,False,False,EVENING,5.0,10.0,16.0,36.0,75.0,221.0,0.07,0.0,0.0,8.282,4.663,86.25,8.85,86.254,88.494,13.75,1.15,9.71,22.07,93.572,88.836,7.22,4.77,15.01,2.16,44.405,67.84,100.0,35.82,False,,0.1,71.605,0.07,0.07,0.07,0.021,0.27,3.0,1.89,16.978,30.0,4.08,100.0,90.512,100.0,99.042,48.761,100.0,64.486,47.0,13.04,100.0,92.303,100.0,100.0,59.457,100.0,100.0,6.457,7.239,92.53,89.954,82.4,MODERATE
276,2026-06-03 21:00:00+00:00,21,2,-0.707107,0.707107,0.974928,-0.222521,False,False,EVENING,10.0,15.0,23.0,45.0,83.0,229.0,3.67,0.01,0.0023,13.564,4.595,88.02,9.33,88.02,93.253,11.98,0.67,9.06,20.66,100.0,100.0,7.79,4.97,14.24,2.3,47.271,69.27,100.0,59.335,True,MASS_CASUALTY_INTAKE,5.5,77.618,3.6,3.67,3.67,0.251,3.67,10.0,3.01,18.235,28.0,13.1,100.0,91.134,100.0,100.0,50.64,100.0,100.0,48.0,16.59,100.0,92.101,100.0,100.0,61.499,100.0,100.0,6.527,7.88,92.38,89.63,82.55,MODERATE
277,2026-06-03 21:15:00+00:00,21,2,-0.707107,0.707107,0.974928,-0.222521,False,False,EVENING,6.0,16.0,26.0,49.0,84.0,233.0,3.86,0.45,0.1155,12.315,6.961,88.9,9.78,88.902,97.816,11.1,0.22,10.26,23.29,98.994,96.443,7.98,5.2,13.82,2.37,48.831,70.07,100.0,62.306,True,MASS_CASUALTY_INTAKE,6.3,78.439,0.18999999999999995,3.79,3.86,0.475,3.86,15.0,3.5,18.482,22.0,13.31,100.0,91.542,100.0,100.0,54.504,100.0,100.0,42.0,20.09,100.0,92.055,100.0,100.0,62.493,100.0,100.0,6.649,7.497,92.387,89.418,82.39,MODERATE
278,2026-06-03 21:30:00+00:00,21,2,-0.707107,0.707107,0.974928,-0.222521,False,False,EVENING,5.0,11.0,26.0,52.0,86.0,238.0,3.38,0.47,0.139,11.629,8.625,89.44,9.99,89.441,99.938,10.56,0.01,9.74,22.14,100.0,100.0,7.88,5.39,13.73,2.39,49.166,70.7,100.0,60.242,True,MASS_CASUALTY_INTAKE,5.8,79.253,-0.48,-0.29000000000000004,3.38,0.686,3.86,11.0,3.49,18.52,25.0,13.64,100.0,91.787,100.0,100.0,58.241,100.0,100.0,35.0,22.57,100.0,92.217,100.0,100.0,63.585,100.0,100.0,6.541,6.109,91.764,89.588,82.22,MODERATE
279,2026-06-03 21:45:00+00:00,21,2,-0.707107,0.707107,0.974928,-0.222521,False,False,EVENING,6.0,11.0,27.0,56.0,88.0,241.0,4.08,0.41,0.1006,11.229,6.335,90.51,10.0,90.512,100.0,9.49,0.0,10.15,23.05,100.0,99.042,7.6,5.57,13.83,2.37,48.761,71.49,100.0,64.486,True,MASS_CASUALTY_INTAKE,7.3,79.797,0.7000000000000002,0.2200000000000002,4.01,0.941,4.08,11.0,3.65,18.892,27.0,13.04,100.0,92.303,100.0,100.0,59.457,100.0,100.0,30.0,23.1,100.0,92.175,100.0,100.0,65.264,100.0,100.0,1.68,6.945,89.996,88.448,82.21,MODERATE
280,2026-06-03 22:00:00+00:00,22,2,-0.5,0.866025,0.974928,-0.222521,False,False,NIGHT,14.0,20.0,31.0,67.0,98.0,254.0,13.1,0.5,0.0378,10.553,7.574,91.13,10.0,91.134,100.0,8.87,0.0,6.27,17.99,100.0,100.0,7.64,6.04,13.33,2.46,50.64,73.57,100.0,100.0,True,MASS_CASUALTY_INTAKE,25.0,85.991,9.02,9.719999999999999,9.43,1.76,13.1,8.0,4.3,21.667,28.0,16.59,100.0,92.101,100.0,100.0,61.499,100.0,100.0,27.0,24.61,100.0,92.073,100.0,100.0,67.8,100.0,100.0,0.0,6.439,86.642,87.174,82.05,HIGH
281,2026-06-03 22:15:00+00:00,22,2,-0.5,0.866025,0.974928,-0.222521,False,False,NIGHT,5.0,19.0,30.0,67.0,101.0,255.0,13.31,1.59,0.1196,10.162,7.957,91.54,10.0,91.542,100.0,8.46,0.0,6.27,17.99,100.0,100.0,8.28,6.44,12.28,2.65,54.504,74.2,100.0,100.0,True,MASS_CASUALTY_INTAKE,26.4,86.563,0.21000000000000085,9.23,9.450000000000001,2.592,13.31,4.0,4.13,21.878,26.0,20.09,100.0,92.055,100.0,100.0,62.493,100.0,100.0,22.0,24.1,100.0,92.194,100.0,100.0,69.529,100.0,100.0,3.36,5.609,85.921,86.684,82.2,HIGH
282,2026-06-03 22:30:00+00:00,22,2,-0.5,0.866025,0.974928,-0.222521,False,False,NIGHT,5.0,10.0,30.0,71.0,101.0,258.0,13.64,1.62,0.1186,9.905,8.779,91.79,10.0,91.787,100.0,8.21,0.0,6.27,17.99,100.0,100.0,8.95,6.78,11.27,2.83,58.241,74.83,100.0,100.0,True,MASS_CASUALTY_INTAKE,27.7,87.164,0.33000000000000007,0.5400000000000009,10.260000000000002,3.444,13.64,4.0,4.13,22.118,22.0,22.57,100.0,92.217,100.0,100.0,63.585,100.0,100.0,19.0,24.62,100.0,92.378,100.0,100.0,72.186,100.0,100.0,1.68,5.125,84.507,85.964,82.19,HIGH
283,2026-06-03 22:45:00+00:00,22,2,-0.5,0.866025,0.974928,-0.222521,False,False,NIGHT,4.0,9.0,28.0,71.0,102.0,260.0,13.04,1.66,0.1271,9.751,7.553,92.3,10.0,92.303,100.0,7.7,0.0,5.97,17.33,100.0,100.0,9.03,7.02,10.95,2.89,59.457,75.31,100.0,100.0,True,MASS_CASUALTY_INTAKE,26.9,87.003,-0.6000000000000014,-0.27000000000000135,8.959999999999999,4.259,13.64,1.0,3.82,22.088,20.0,23.1,100.0,92.175,100.0,100.0,65.264,100.0,100.0,14.0,25.19,100.0,92.534,100.0,100.0,72.949,100.0,100.0,1.68,6.615,82.901,84.891,82.19,HIGH
284,2026-06-03 23:00:00+00:00,23,2,-0.258819,0.965926,0.974928,-0.222521,False,False,NIGHT,8.0,12.0,22.0,76.0,108.0,267.0,16.59,1.58,0.0955,9.426,9.444,92.1,10.0,92.101,100.0,7.9,0.0,5.99,17.38,100.0,100.0,9.26,7.35,10.4,2.99,61.499,76.42,100.0,100.0,True,MASS_CASUALTY_INTAKE,35.5,89.415,3.5500000000000007,2.9499999999999993,3.49,5.296,16.59,-9.0,2.85,23.252,20.0,24.61,100.0,92.073,100.0,100.0,67.8,100.0,100.0,13.0,23.95,98.976,92.151,100.0,100.0,71.057,100.0,100.0,1.68,4.157,82.391,84.323,82.18,HIGH
285,2026-06-03 23:15:00+00:00,23,2,-0.258819,0.965926,0.974928,-0.222521,False,False,NIGHT,8.0,16.0,25.0,81.0,111.0,272.0,20.09,2.02,0.1004,9.553,9.461,92.05,10.0,92.055,100.0,7.95,0.0,6.27,17.99,100.0,100.0,9.13,7.74,10.13,3.04,62.493,77.53,100.0,100.0,True,MASS_CASUALTY_INTAKE,42.3,91.734,3.5,7.050000000000001,6.779999999999999,6.552,20.09,-5.0,3.33,24.405,16.0,24.1,100.0,92.194,100.0,100.0,69.529,100.0,100.0,13.0,21.62,97.024,91.94,100.0,100.0,71.186,100.0,100.0,1.68,3.991,82.142,83.77,82.17,HIGH
286,2026-06-03 23:30:00+00:00,23,2,-0.258819,0.965926,0.974928,-0.222521,False,False,NIGHT,7.0,15.0,27.0,83.0,117.0,279.0,22.57,2.44,0.1081,9.582,8.643,92.22,10.0,92.217,100.0,7.78,0.0,6.08,17.58,100.0,100.0,9.01,8.15,9.83,3.09,63.585,78.49,100.0,100.0,True,MASS_CASUALTY_INTAKE,47.4,93.455,2.4800000000000004,5.98,8.93,7.962,22.57,-3.0,3.66,25.265,13.0,24.62,100.0,92.378,100.0,100.0,72.186,100.0,100.0,12.0,20.21,95.069,91.206,100.0,100.0,68.866,100.0,100.0,0.0,3.922,80.853,82.918,82.01,HIGH
287,2026-06-03 23:45:00+00:00,23,2,-0.258819,0.965926,0.974928,-0.222521,False,False,NIGHT,5.0,12.0,28.0,83.0,119.0,283.0,23.1,2.74,0.1187,9.479,9.122,92.17,10.0,92.175,100.0,7.83,0.0,5.86,17.08,100.0,100.0,9.11,8.51,9.38,3.17,65.264,79.12,100.0,100.0,True,MASS_CASUALTY_INTAKE,49.1,93.936,0.5300000000000011,3.0100000000000016,10.060000000000002,9.406,23.1,0.0,3.81,25.555,10.0,25.19,100.0,92.534,100.0,100.0,72.949,100.0,100.0,10.0,18.63,93.044,91.358,100.0,100.0,68.837,100.0,100.0,3.36,3.594,82.075,82.738,82.16,HIGH
288,2026-06-04 00:00:00+00:00,0,3,0.0,1.0,0.433884,-0.900969,False,False,NIGHT,6.0,11.0,26.0,79.0,124.0,287.0,24.61,2.81,0.114,9.506,9.52,92.07,10.0,92.073,100.0,7.93,0.0,6.27,17.99,100.0,100.0,9.46,8.85,8.69,3.3,67.8,79.91,100.0,100.0,True,MASS_CASUALTY_INTAKE,52.1,95.108,1.509999999999998,2.039999999999999,8.02,10.944,24.61,4.0,3.49,26.13,7.0,23.95,98.976,92.151,100.0,100.0,71.057,100.0,100.0,9.0,16.06,92.884,90.693,100.0,100.0,67.013,100.0,100.0,1.68,4.185,80.714,82.247,82.15,CRITICAL
289,2026-06-04 00:15:00+00:00,0,3,0.0,1.0,0.433884,-0.900969,False,False,NIGHT,4.0,10.0,22.0,77.0,126.0,289.0,24.1,2.99,0.1241,9.571,8.557,92.19,10.0,92.194,100.0,7.81,0.0,6.27,17.99,100.0,100.0,9.67,9.11,8.23,3.38,69.529,80.39,100.0,100.0,True,MASS_CASUALTY_INTAKE,50.7,94.964,-0.509999999999998,1.0,4.010000000000002,12.451,24.61,-3.0,2.86,26.123,6.0,21.62,97.024,91.94,100.0,100.0,71.186,100.0,100.0,8.0,13.34,93.067,90.499,100.0,100.0,67.044,100.0,100.0,9.573,3.484,82.611,83.58,82.95,HIGH
290,2026-06-04 00:30:00+00:00,0,3,0.0,1.0,0.433884,-0.900969,False,False,NIGHT,5.0,9.0,20.0,77.0,129.0,292.0,24.62,2.93,0.1189,9.494,8.322,92.38,10.0,92.378,100.0,7.62,0.0,5.3,15.87,100.0,100.0,10.16,9.33,7.51,3.51,72.186,81.02,100.0,100.0,True,MASS_CASUALTY_INTAKE,52.2,95.577,0.5199999999999996,0.010000000000001563,2.0500000000000007,13.989,24.62,-7.0,2.53,26.41,6.0,20.21,95.069,91.206,100.0,100.0,68.866,100.0,100.0,9.0,9.58,92.67,90.135,100.0,100.0,64.679,100.0,94.544,2.187,4.329,81.148,83.191,82.94,CRITICAL
291,2026-06-04 00:45:00+00:00,0,3,0.0,1.0,0.433884,-0.900969,False,False,NIGHT,5.0,10.0,20.0,76.0,132.0,295.0,25.19,2.99,0.1187,9.378,8.527,92.53,10.0,92.534,100.0,7.47,0.0,6.27,17.99,100.0,100.0,10.17,9.53,7.3,3.55,72.949,81.65,100.0,100.0,True,MASS_CASUALTY_INTAKE,54.1,95.923,0.5700000000000003,1.0899999999999999,2.09,15.559,25.19,-8.0,2.53,26.71,4.0,18.63,93.044,91.358,100.0,100.0,68.837,100.0,100.0,10.0,9.74,92.53,89.954,100.0,100.0,63.999,100.0,95.427,0.0,3.21,79.703,82.533,82.77,CRITICAL
292,2026-06-04 01:00:00+00:00,1,3,0.258819,0.965926,0.433884,-0.900969,False,False,NIGHT,2.0,7.0,16.0,64.0,131.0,296.0,23.95,2.27,0.0947,5.447,7.39,92.15,9.9,92.151,98.976,7.85,0.1,4.93,15.04,100.0,100.0,9.61,9.57,7.81,3.45,71.057,81.81,100.0,100.0,False,,70.2,94.792,-1.240000000000002,-0.6700000000000017,-0.6600000000000001,16.827,25.19,-10.0,1.9,26.44,6.0,16.06,92.884,90.693,100.0,100.0,67.013,100.0,100.0,7.0,7.85,92.38,89.63,100.0,100.0,61.106,100.0,84.058,9.485,3.16,82.718,83.813,83.57,HIGH
293,2026-06-04 01:15:00+00:00,1,3,0.258819,0.965926,0.433884,-0.900969,False,False,NIGHT,1.0,3.0,13.0,60.0,127.0,295.0,21.62,2.16,0.0997,5.606,7.232,91.94,9.7,91.94,97.024,8.06,0.3,5.22,15.68,100.0,100.0,9.72,9.5,7.78,3.46,71.186,81.8,100.0,100.0,False,,61.5,92.875,-2.3299999999999983,-3.5700000000000003,-2.4800000000000004,17.937,25.19,-9.0,1.41,25.855,7.0,13.34,93.067,90.499,100.0,100.0,67.044,100.0,100.0,6.0,3.89,92.387,89.418,100.0,100.0,59.762,100.0,60.316,3.955,3.901,81.783,83.92,83.72,HIGH
294,2026-06-04 01:30:00+00:00,1,3,0.258819,0.965926,0.433884,-0.900969,False,False,NIGHT,2.0,3.0,10.0,57.0,128.0,296.0,20.21,1.95,0.0962,5.717,9.432,91.21,9.51,91.206,95.069,8.79,0.49,6.27,17.99,100.0,100.0,9.22,9.38,8.41,3.35,68.866,81.95,100.0,100.0,False,,56.4,91.211,-1.4100000000000001,-3.7399999999999984,-4.41,18.989,25.19,-10.0,0.93,25.54,6.0,9.58,92.67,90.135,100.0,100.0,64.679,100.0,94.544,7.0,0.0,91.764,89.588,100.0,100.0,56.023,100.0,36.706,8.4,4.491,83.469,84.728,84.35,HIGH
295,2026-06-04 01:45:00+00:00,1,3,0.258819,0.965926,0.433884,-0.900969,False,False,NIGHT,2.0,4.0,7.0,55.0,126.0,297.0,18.63,1.82,0.0977,6.021,6.226,91.36,9.3,91.358,93.044,8.64,0.7,5.34,15.94,100.0,100.0,9.39,9.2,8.41,3.35,68.837,82.11,100.0,100.0,False,,49.4,89.826,-1.5800000000000018,-2.990000000000002,-6.560000000000002,19.898,25.19,-13.0,0.46,25.185,6.0,9.74,92.53,89.954,100.0,100.0,63.999,100.0,95.427,7.0,0.0,89.996,88.448,100.0,100.0,55.565,100.0,35.999,1.68,4.956,82.404,84.016,84.35,HIGH
296,2026-06-04 02:00:00+00:00,2,3,0.5,0.866025,0.433884,-0.900969,False,False,NIGHT,1.0,3.0,6.0,48.0,124.0,298.0,16.06,1.68,0.1044,5.999,8.721,90.69,9.29,90.693,92.884,9.31,0.71,6.27,17.99,100.0,100.0,9.14,8.96,8.91,3.26,67.013,82.1,100.0,100.0,False,,42.7,87.839,-2.5700000000000003,-4.150000000000002,-7.890000000000001,20.083,25.19,-10.0,0.29,24.54,3.0,7.85,92.38,89.63,100.0,100.0,61.106,100.0,84.058,8.0,0.0,86.642,87.174,100.0,100.0,52.045,100.0,34.657,3.36,4.109,82.317,83.837,84.5,HIGH
297,2026-06-04 02:15:00+00:00,2,3,0.5,0.866025,0.433884,-0.900969,False,False,NIGHT,1.0,2.0,6.0,41.0,122.0,296.0,13.34,1.45,0.1083,6.247,6.95,90.5,9.31,90.499,93.067,9.5,0.69,6.27,17.99,100.0,100.0,9.43,8.67,8.9,3.26,67.044,82.09,100.0,100.0,False,,34.1,86.095,-2.719999999999999,-5.289999999999999,-8.280000000000001,20.085,25.19,-7.0,0.29,23.858,1.0,3.89,92.387,89.418,100.0,100.0,59.762,100.0,60.316,9.0,0.0,85.921,86.684,100.0,100.0,51.008,100.0,34.369,3.36,4.604,82.633,83.495,84.65,HIGH
298,2026-06-04 02:30:00+00:00,2,3,0.5,0.866025,0.433884,-0.900969,False,False,NIGHT,0.0,1.0,4.0,34.0,117.0,295.0,9.58,1.2,0.1253,6.316,7.93,90.14,9.27,90.135,92.67,9.86,0.73,6.27,17.99,100.0,100.0,9.16,8.3,9.54,3.14,64.679,81.93,100.0,94.544,False,,24.2,83.316,-3.76,-6.479999999999999,-10.63,19.831,25.19,-6.0,-0.02,22.878,3.0,0.0,91.764,89.588,100.0,100.0,56.023,100.0,36.706,13.0,0.0,84.507,85.964,100.0,100.0,50.328,100.0,33.803,8.4,2.491,85.377,84.697,85.29,MODERATE
299,2026-06-04 02:45:00+00:00,2,3,0.5,0.866025,0.433884,-0.900969,False,False,NIGHT,4.0,4.0,6.0,33.0,116.0,299.0,9.74,0.86,0.0886,6.457,7.239,89.95,9.25,89.954,92.53,10.05,0.75,6.27,17.99,100.0,100.0,9.27,8.01,9.72,3.11,63.999,82.4,100.0,95.427,False,,24.1,83.289,0.16000000000000014,-3.5999999999999996,-8.889999999999999,19.625,25.19,-1.0,0.29,23.035,4.0,0.0,89.996,88.448,100.0,100.0,55.565,100.0,35.999,13.0,0.0,82.901,84.891,100.0,100.0,49.244,100.0,33.161,8.589,5.005,87.306,85.401,86.08,MODERATE
300,2026-06-04 03:00:00+00:00,3,3,0.707107,0.707107,0.433884,-0.900969,False,False,NIGHT,2.0,6.0,7.0,29.0,108.0,301.0,7.85,0.88,0.1116,6.527,7.88,89.63,9.24,89.63,92.38,10.37,0.76,4.94,15.06,100.0,100.0,8.79,7.71,10.5,2.97,61.106,82.55,100.0,84.058,False,,19.2,81.718,-1.8900000000000006,-1.7300000000000004,-8.209999999999999,19.079,25.19,1.0,0.45,22.6,4.0,0.0,86.642,87.174,100.0,100.0,52.045,100.0,34.657,12.0,0.0,82.391,84.323,100.0,100.0,47.609,100.0,32.956,14.135,3.036,92.966,87.609,87.51,MODERATE
301,2026-06-04 03:15:00+00:00,3,3,0.707107,0.707107,0.433884,-0.900969,False,False,NIGHT,0.0,2.0,6.0,25.0,102.0,299.0,3.89,0.71,0.1815,6.649,7.497,89.42,9.24,89.418,92.387,10.58,0.76,4.47,14.03,100.0,100.0,8.82,7.32,10.86,2.9,59.762,82.39,100.0,60.316,False,,9.3,79.018,-3.9599999999999995,-5.85,-9.45,18.066,25.19,0.0,0.3,21.57,5.0,0.0,85.921,86.684,100.0,100.0,51.008,100.0,34.369,17.0,0.0,82.142,83.77,100.0,100.0,47.16,100.0,32.857,12.582,5.471,96.816,89.002,89.11,MODERATE
302,2026-06-04 03:30:00+00:00,3,3,0.707107,0.707107,0.433884,-0.900969,False,False,NIGHT,0.0,0.0,6.0,20.0,97.0,298.0,0.0,0.35,0.3504,6.541,6.109,89.59,9.18,89.588,91.764,10.41,0.82,4.23,13.5,100.0,100.0,8.26,6.87,11.87,2.72,56.023,82.22,100.0,36.706,False,,0.0,76.104,-3.89,-7.85,-9.58,16.656,25.19,2.0,0.29,20.555,4.0,0.0,84.507,85.964,100.0,100.0,50.328,100.0,33.803,18.0,0.0,80.853,82.918,100.0,100.0,45.24,100.0,32.341,11.595,7.783,100.0,89.611,90.0,MODERATE
303,2026-06-04 03:45:00+00:00,3,3,0.707107,0.707107,0.433884,-0.900969,False,False,NIGHT,1.0,1.0,3.0,16.0,92.0,299.0,0.0,0.0,0.0,1.68,6.945,88.45,9.0,88.448,89.996,11.55,1.0,6.27,17.99,100.0,100.0,8.52,6.48,12.0,2.7,55.565,82.21,100.0,35.999,False,,0.0,75.459,0.0,-3.89,-9.74,15.212,25.19,-3.0,-0.19,20.552,3.0,0.0,82.901,84.891,100.0,100.0,49.244,100.0,33.161,23.0,0.0,82.075,82.738,100.0,100.0,46.168,100.0,32.83,11.12,7.248,100.0,90.33,90.0,MODERATE
304,2026-06-04 04:00:00+00:00,4,3,0.866025,0.5,0.433884,-0.900969,False,False,NIGHT,0.0,1.0,1.0,14.0,78.0,299.0,0.0,0.0,0.0,0.0,6.439,87.17,8.66,87.174,86.642,12.83,1.34,6.22,17.89,100.0,100.0,7.91,6.14,12.95,2.53,52.045,82.05,100.0,34.657,False,,0.0,74.191,0.0,0.0,-7.85,13.674,25.19,-6.0,-0.5,20.512,4.0,0.0,82.391,84.323,100.0,100.0,47.609,100.0,32.956,22.0,0.0,80.714,82.247,72.328,68.186,47.693,100.0,32.286,10.668,8.356,100.0,90.815,90.0,MODERATE
305,2026-06-04 04:15:00+00:00,4,3,0.866025,0.5,0.433884,-0.900969,False,False,NIGHT,2.0,2.0,3.0,15.0,75.0,300.0,0.0,0.0,0.0,3.36,5.609,86.68,8.59,86.684,85.921,13.32,1.41,6.27,17.99,100.0,100.0,7.92,5.86,13.23,2.48,51.008,82.2,100.0,34.369,False,,0.0,73.845,0.0,0.0,-3.89,12.168,25.19,-3.0,-0.19,20.55,4.0,0.0,82.142,83.77,100.0,100.0,47.16,100.0,32.857,23.0,0.3,82.611,83.58,79.069,74.325,47.84,100.0,34.854,10.362,8.448,100.0,91.071,90.0,MODERATE
306,2026-06-04 04:30:00+00:00,4,3,0.866025,0.5,0.433884,-0.900969,False,False,NIGHT,1.0,3.0,4.0,14.0,71.0,300.0,0.0,0.0,0.0,1.68,5.125,85.96,8.45,85.964,84.507,14.04,1.55,5.69,16.72,100.0,100.0,7.97,5.61,13.41,2.45,50.328,82.19,100.0,33.803,False,,0.0,73.343,0.0,0.0,0.0,10.629,25.19,-2.0,-0.03,20.548,9.0,0.0,80.853,82.918,100.0,100.0,45.24,100.0,32.341,19.0,0.0,81.148,83.191,73.157,68.968,47.419,100.0,32.459,10.201,9.556,100.0,91.141,90.0,MODERATE
307,2026-06-04 04:45:00+00:00,4,3,0.866025,0.5,0.433884,-0.900969,False,False,NIGHT,1.0,2.0,4.0,13.0,68.0,301.0,0.0,0.0,0.0,1.68,6.615,84.89,8.29,84.891,82.901,15.11,1.71,6.27,17.99,100.0,100.0,7.89,5.4,13.7,2.39,49.244,82.19,100.0,33.161,False,,0.0,72.688,0.0,0.0,0.0,9.054,23.95,1.0,-0.02,20.548,10.0,0.0,82.075,82.738,100.0,100.0,46.168,100.0,32.83,23.0,0.0,79.703,82.533,72.579,68.423,45.881,100.0,31.881,10.157,8.867,100.0,91.219,90.0,MODERATE
308,2026-06-04 05:00:00+00:00,5,3,0.965926,0.258819,0.433884,-0.900969,False,False,NIGHT,1.0,2.0,5.0,13.0,61.0,302.0,0.0,0.0,0.0,1.68,4.157,84.32,8.24,84.323,82.391,15.68,1.76,3.3,11.46,100.0,100.0,7.63,5.23,14.15,2.31,47.609,82.18,100.0,32.956,False,,0.0,72.314,0.0,0.0,0.0,7.558,21.62,4.0,0.13,20.545,8.0,0.0,80.714,82.247,72.328,68.186,47.693,100.0,32.286,29.0,0.35,82.718,83.813,74.566,70.27,45.879,100.0,35.213,10.108,8.762,100.0,91.365,90.0,MODERATE
309,2026-06-04 05:15:00+00:00,5,3,0.965926,0.258819,0.433884,-0.900969,False,False,NIGHT,1.0,2.0,4.0,13.0,54.0,301.0,0.0,0.0,0.0,1.68,3.991,83.77,8.21,83.77,82.142,16.23,1.79,6.27,17.99,100.0,100.0,7.65,5.09,14.27,2.29,47.16,82.17,100.0,32.857,False,,0.0,72.102,0.0,0.0,0.0,6.206,20.21,1.0,-0.03,20.542,13.0,0.3,82.611,83.58,79.069,74.325,47.84,100.0,34.854,33.0,0.0,81.783,83.92,73.798,69.573,47.028,100.0,32.713,10.016,8.906,100.0,91.437,90.0,MODERATE
310,2026-06-04 05:30:00+00:00,5,3,0.965926,0.258819,0.433884,-0.900969,False,False,NIGHT,0.0,1.0,3.0,13.0,47.0,300.0,0.0,0.0,0.0,0.0,3.922,82.92,8.09,82.918,80.853,17.08,1.91,6.27,17.99,100.0,100.0,7.26,4.96,14.79,2.2,45.24,82.01,100.0,32.341,False,,0.0,71.484,0.0,0.0,0.0,4.943,18.63,-1.0,-0.18,20.502,9.0,0.0,81.148,83.191,73.157,68.968,47.419,100.0,32.459,42.0,0.0,83.469,84.728,78.154,73.538,46.403,100.0,33.387,9.971,8.107,100.0,91.762,90.0,MODERATE
311,2026-06-04 05:45:00+00:00,5,3,0.965926,0.258819,0.433884,-0.900969,False,False,NIGHT,2.0,2.0,4.0,11.0,44.0,301.0,0.0,0.0,0.0,3.36,3.594,82.74,8.21,82.738,82.075,17.26,1.79,6.27,17.99,100.0,100.0,7.6,4.87,14.53,2.24,46.168,82.16,100.0,32.83,False,,0.0,71.772,0.0,0.0,0.0,3.779,16.06,0.0,-0.03,20.54,13.0,0.0,79.703,82.533,72.579,68.423,45.881,100.0,31.881,48.0,0.0,82.404,84.016,79.072,74.339,44.676,100.0,32.962,9.766,9.159,100.0,91.691,90.0,MODERATE
312,2026-06-04 06:00:00+00:00,6,3,1.0,0.0,0.433884,-0.900969,False,False,MORNING,1.0,3.0,4.0,10.0,39.0,301.0,0.0,0.0,0.0,1.68,4.185,82.25,8.07,82.247,80.714,17.75,1.93,11.97,27.41,72.328,68.186,8.09,4.78,14.12,2.32,47.693,82.15,100.0,32.286,False,,0.0,64.391,0.0,0.0,0.0,2.775,13.34,-1.0,-0.03,20.538,14.0,0.35,82.718,83.813,74.566,70.27,45.879,100.0,35.213,59.0,0.0,82.317,83.837,73.726,69.504,45.513,100.0,32.927,9.811,8.33,100.0,91.953,90.0,NORMAL
313,2026-06-04 06:15:00+00:00,6,3,1.0,0.0,0.433884,-0.900969,False,False,MORNING,6.0,7.0,9.0,16.0,41.0,304.0,0.3,0.0,0.0,9.573,3.484,83.58,8.26,83.58,82.611,16.42,1.74,11.14,25.6,79.069,74.325,8.17,4.75,14.08,2.33,47.84,82.95,100.0,34.854,False,,0.5,66.815,0.3,0.3,0.3,1.96,9.74,5.0,0.78,20.812,10.0,0.0,81.783,83.92,73.798,69.573,47.028,100.0,32.713,63.0,0.0,82.633,83.495,77.24,72.669,45.993,100.0,33.053,9.646,8.589,100.0,92.122,90.0,NORMAL
314,2026-06-04 06:30:00+00:00,6,3,1.0,0.0,0.433884,-0.900969,False,False,MORNING,1.0,7.0,10.0,17.0,37.0,302.0,0.0,0.03,0.0271,2.187,4.329,83.19,8.11,83.191,81.148,16.81,1.89,11.97,27.41,73.157,68.968,8.11,4.69,14.2,2.3,47.419,82.94,100.0,32.459,False,,0.0,64.854,-0.3,0.0,0.0,1.361,9.74,7.0,0.93,20.735,10.0,0.0,83.469,84.728,78.154,73.538,46.403,100.0,33.387,73.0,0.0,85.377,84.697,75.89,71.491,45.069,100.0,34.151,9.539,8.379,100.0,92.327,90.0,NORMAL
315,2026-06-04 06:45:00+00:00,6,3,1.0,0.0,0.433884,-0.900969,False,False,MORNING,0.0,1.0,8.0,16.0,32.0,301.0,0.0,0.0,0.0,0.0,3.21,82.53,7.97,82.533,79.703,17.47,2.03,11.97,27.41,72.579,68.423,7.76,4.63,14.61,2.23,45.881,82.77,100.0,31.881,False,,0.0,64.147,0.0,-0.3,0.0,0.752,7.85,4.0,0.61,20.692,10.0,0.0,82.404,84.016,79.072,74.339,44.676,100.0,32.962,72.0,0.89,87.306,85.401,93.396,87.231,43.92,100.0,40.246,9.41,8.023,100.0,92.546,90.0,NORMAL
316,2026-06-04 07:00:00+00:00,7,3,0.965926,-0.258819,0.433884,-0.900969,False,False,MORNING,6.0,6.0,13.0,22.0,36.0,305.0,0.35,0.0,0.0,9.485,3.16,83.81,8.27,83.813,82.718,16.19,1.73,11.85,27.16,74.566,70.27,7.76,4.63,14.61,2.23,45.879,83.57,100.0,35.213,False,,0.6,65.716,0.35,0.35,0.35,0.284,3.89,9.0,1.42,20.98,15.0,0.0,82.317,83.837,73.726,69.504,45.513,100.0,32.927,78.0,4.22,92.966,87.609,89.128,86.195,47.376,100.0,62.505,9.273,9.891,100.0,92.31,90.0,NORMAL
317,2026-06-04 07:15:00+00:00,7,3,0.965926,-0.258819,0.433884,-0.900969,False,False,MORNING,2.0,8.0,9.0,22.0,37.0,306.0,0.0,0.03,0.0319,3.955,3.901,83.92,8.18,83.92,81.783,16.08,1.82,11.97,27.41,73.798,69.573,8.1,4.6,14.3,2.29,47.028,83.72,100.0,32.713,False,,0.0,65.256,-0.35,0.0,-0.3,0.041,0.35,0.0,0.77,20.93,23.0,0.0,82.633,83.495,77.24,72.669,45.993,100.0,33.053,78.0,9.28,96.816,89.002,87.942,85.25,49.664,100.0,94.435,9.421,9.036,100.0,92.23,90.0,NORMAL
318,2026-06-04 07:30:00+00:00,7,3,0.965926,-0.258819,0.433884,-0.900969,False,False,MORNING,5.0,7.0,13.0,26.0,40.0,306.0,0.0,0.0,0.0,8.4,4.491,84.73,8.35,84.728,83.469,15.27,1.65,11.41,26.19,78.154,73.538,7.93,4.6,14.47,2.26,46.403,84.35,100.0,33.387,False,,0.0,66.713,0.0,-0.35,0.0,0.041,0.35,3.0,1.41,21.088,32.0,0.0,85.377,84.697,75.89,71.491,45.069,100.0,34.151,69.0,14.82,100.0,89.611,90.666,87.818,52.283,100.0,100.0,9.471,9.266,99.911,92.29,90.0,NORMAL
319,2026-06-04 07:45:00+00:00,7,3,0.965926,-0.258819,0.433884,-0.900969,False,False,MORNING,1.0,6.0,14.0,26.0,39.0,305.0,0.0,0.0,0.0,1.68,4.956,84.02,8.24,84.016,82.404,15.98,1.76,11.18,25.69,79.072,74.339,7.48,4.59,14.94,2.17,44.676,84.35,100.0,32.962,False,,0.0,66.394,0.0,0.0,0.0,0.041,0.35,6.0,1.58,21.088,38.0,0.89,87.306,85.401,93.396,87.231,43.92,100.0,40.246,63.0,21.57,100.0,90.33,100.0,100.0,55.827,100.0,100.0,9.436,7.754,100.0,92.587,90.0,NORMAL
320,2026-06-04 08:00:00+00:00,8,3,0.866025,-0.5,0.433884,-0.900969,False,False,MORNING,2.0,3.0,10.0,27.0,40.0,304.0,0.0,0.0,0.0,3.36,4.109,83.84,8.23,83.837,82.317,16.16,1.77,11.97,27.41,73.726,69.504,7.72,4.57,14.71,2.21,45.513,84.5,100.0,32.927,False,,0.0,65.191,0.0,0.0,-0.35,0.041,0.35,-3.0,0.93,21.125,44.0,4.22,92.966,87.609,89.128,86.195,47.376,100.0,62.505,60.0,22.54,100.0,90.815,99.245,95.732,59.264,100.0,100.0,5.428,9.771,97.699,91.732,90.0,NORMAL
321,2026-06-04 08:15:00+00:00,8,3,0.866025,-0.5,0.433884,-0.900969,False,False,MORNING,2.0,4.0,10.0,28.0,41.0,299.0,0.0,0.0,0.0,3.36,4.604,83.49,8.26,83.495,82.633,16.51,1.74,11.38,26.11,77.24,72.669,7.85,4.57,14.58,2.24,45.993,84.65,100.0,33.053,False,,0.0,66.024,0.0,0.0,0.0,0.041,0.35,1.0,0.93,21.162,40.0,9.28,96.816,89.002,87.942,85.25,49.664,100.0,94.435,66.0,29.65,100.0,91.071,97.82,94.563,62.224,100.0,100.0,5.783,7.567,96.122,91.443,90.0,NORMAL
322,2026-06-04 08:30:00+00:00,8,3,0.866025,-0.5,0.433884,-0.900969,False,False,MORNING,5.0,7.0,10.0,33.0,46.0,302.0,0.0,0.0,0.0,8.4,2.491,84.7,8.54,84.697,85.377,15.3,1.46,11.75,26.93,75.89,71.491,7.58,4.59,14.83,2.19,45.069,85.29,100.0,34.151,False,,0.0,66.451,0.0,0.0,0.0,0.041,0.35,-3.0,0.94,21.322,41.0,14.82,100.0,89.611,90.666,87.818,52.283,100.0,100.0,64.0,28.84,100.0,91.141,97.56,94.318,65.033,100.0,100.0,5.916,8.158,95.062,90.989,89.83,NORMAL
323,2026-06-04 08:45:00+00:00,8,3,0.866025,-0.5,0.433884,-0.900969,False,False,MORNING,6.0,11.0,15.0,37.0,48.0,304.0,0.89,0.0,0.0,8.589,5.005,85.4,8.73,85.401,87.306,14.6,1.27,9.67,22.35,93.396,87.231,7.19,4.67,15.14,2.13,43.92,86.08,100.0,40.246,False,,1.6,71.447,0.89,0.89,0.89,0.096,0.89,1.0,1.73,21.742,34.0,21.57,100.0,90.33,100.0,100.0,55.827,100.0,100.0,67.0,36.05,100.0,91.219,100.0,97.072,66.962,100.0,100.0,6.102,7.683,93.272,90.772,89.99,MODERATE
324,2026-06-04 09:00:00+00:00,9,3,0.707107,-0.707107,0.433884,-0.900969,False,False,MORNING,10.0,16.0,23.0,46.0,56.0,312.0,4.22,0.11,0.0255,14.135,3.036,87.61,9.3,87.609,92.966,12.39,0.7,11.33,26.02,89.128,86.195,7.88,4.91,14.21,2.3,47.376,87.51,100.0,62.505,True,MASS_CASUALTY_INTAKE,6.0,74.871,3.3299999999999996,4.22,4.22,0.36,4.22,13.0,3.01,22.932,34.0,22.54,100.0,90.815,99.245,95.732,59.264,100.0,100.0,58.0,41.28,100.0,91.365,100.0,99.145,69.766,100.0,100.0,6.212,9.084,92.907,90.091,90.0,MODERATE
325,2026-06-04 09:15:00+00:00,9,3,0.707107,-0.707107,0.433884,-0.900969,False,False,MORNING,11.0,21.0,32.0,51.0,67.0,322.0,9.28,0.51,0.0552,12.582,5.471,89.0,9.68,89.002,96.816,11.0,0.32,11.97,27.41,87.942,85.25,8.07,5.34,13.59,2.41,49.664,89.11,100.0,94.435,True,MASS_CASUALTY_INTAKE,14.9,79.136,5.06,8.389999999999999,9.28,0.94,9.28,22.0,4.46,24.598,38.0,29.65,100.0,91.071,97.82,94.563,62.224,100.0,100.0,53.0,38.55,100.0,91.437,100.0,100.0,71.433,100.0,100.0,6.47,6.738,93.056,90.009,90.0,MODERATE
326,2026-06-04 09:30:00+00:00,9,3,0.707107,-0.707107,0.433884,-0.900969,False,False,MORNING,11.0,22.0,38.0,61.0,78.0,331.0,14.82,1.13,0.0761,11.595,7.783,89.61,10.0,89.611,100.0,10.39,0.0,11.97,27.41,90.666,87.818,8.19,5.93,12.88,2.54,52.283,90.0,100.0,100.0,True,MASS_CASUALTY_INTAKE,25.7,84.323,5.540000000000001,10.600000000000001,14.82,1.866,14.82,28.0,4.71,26.205,28.0,28.84,100.0,91.141,97.56,94.318,65.033,100.0,100.0,56.0,38.85,100.0,91.762,100.0,100.0,75.703,100.0,100.0,6.497,7.614,93.46,89.689,90.0,MODERATE
327,2026-06-04 09:45:00+00:00,9,3,0.707107,-0.707107,0.433884,-0.900969,False,False,MORNING,12.0,23.0,44.0,73.0,89.0,339.0,21.57,1.8,0.0835,11.12,7.248,90.33,10.0,90.33,100.0,9.67,0.0,10.33,23.81,100.0,100.0,8.42,6.65,11.93,2.71,55.827,90.0,100.0,100.0,True,MASS_CASUALTY_INTAKE,39.1,91.702,6.75,12.290000000000001,20.68,3.214,21.57,29.0,3.92,27.892,29.0,36.05,100.0,91.219,100.0,97.072,66.962,100.0,100.0,57.0,43.24,100.0,91.691,100.0,100.0,76.4,100.0,100.0,6.609,7.53,93.103,89.495,89.99,HIGH
328,2026-06-04 10:00:00+00:00,10,3,0.5,-0.866025,0.433884,-0.900969,False,False,MORNING,6.0,18.0,40.0,73.0,95.0,345.0,22.54,2.62,0.1163,10.668,8.356,90.82,10.0,90.815,100.0,9.18,0.0,11.4,26.15,99.245,95.732,8.72,7.29,11.0,2.88,59.264,90.0,100.0,100.0,True,MASS_CASUALTY_INTAKE,42.6,92.136,0.9699999999999989,7.719999999999999,18.32,4.623,22.54,17.0,2.49,28.135,26.0,41.28,100.0,91.365,100.0,99.145,69.766,100.0,100.0,55.0,50.62,100.0,91.953,100.0,100.0,76.601,100.0,100.0,6.687,5.405,92.661,89.859,90.0,HIGH
329,2026-06-04 10:15:00+00:00,10,3,0.5,-0.866025,0.433884,-0.900969,False,False,MORNING,12.0,18.0,41.0,83.0,105.0,357.0,29.65,2.74,0.0924,10.362,8.448,91.07,10.0,91.071,100.0,8.93,0.0,11.97,27.41,97.82,94.563,8.75,8.05,10.2,3.02,62.224,90.0,100.0,100.0,True,MASS_CASUALTY_INTAKE,57.6,93.722,7.109999999999999,8.079999999999998,20.369999999999997,6.458,29.65,9.0,0.89,29.912,28.0,38.55,100.0,91.437,100.0,100.0,71.433,100.0,100.0,47.0,56.07,100.0,92.122,100.0,100.0,77.812,100.0,100.0,6.559,6.914,93.107,89.726,90.0,HIGH
330,2026-06-04 10:30:00+00:00,10,3,0.5,-0.866025,0.433884,-0.900969,False,False,MORNING,4.0,16.0,34.0,82.0,108.0,358.0,28.84,3.6,0.1249,10.201,9.556,91.14,10.0,91.141,100.0,8.86,0.0,11.97,27.41,97.56,94.318,8.91,8.65,9.44,3.16,65.033,90.0,100.0,100.0,True,MASS_CASUALTY_INTAKE,56.9,93.929,-0.8099999999999987,6.300000000000001,14.02,8.26,29.65,-4.0,0.0,29.71,36.0,38.85,100.0,91.762,100.0,100.0,75.703,100.0,100.0,41.0,58.57,100.0,92.327,100.0,100.0,78.234,100.0,100.0,6.601,6.923,92.904,89.666,90.0,HIGH
331,2026-06-04 10:45:00+00:00,10,3,0.5,-0.866025,0.433884,-0.900969,False,False,MORNING,12.0,16.0,34.0,93.0,119.0,368.0,36.05,3.5,0.0972,10.157,8.867,91.22,10.0,91.219,100.0,8.78,0.0,11.97,27.41,100.0,97.072,8.76,9.32,8.92,3.25,66.962,90.0,100.0,100.0,True,MASS_CASUALTY_INTAKE,71.5,94.743,7.209999999999997,6.399999999999999,14.479999999999997,10.513,36.05,-10.0,0.0,31.512,38.0,43.24,100.0,91.691,100.0,100.0,76.4,100.0,100.0,34.0,57.13,100.0,92.546,100.0,100.0,77.41,100.0,100.0,6.627,8.136,93.186,89.26,90.0,HIGH
332,2026-06-04 11:00:00+00:00,11,3,0.258819,-0.965926,0.433884,-0.900969,False,False,MORNING,10.0,22.0,38.0,101.0,128.0,373.0,41.28,4.38,0.1061,10.108,8.762,91.37,10.0,91.365,100.0,8.63,0.0,11.97,27.41,100.0,99.145,8.98,9.86,8.16,3.39,69.766,90.0,100.0,100.0,True,MASS_CASUALTY_INTAKE,82.2,95.277,5.230000000000004,12.440000000000001,18.740000000000002,13.071,41.28,-2.0,0.0,32.82,32.0,50.62,100.0,91.953,100.0,100.0,76.601,100.0,100.0,33.0,57.75,100.0,92.31,100.0,100.0,79.469,100.0,100.0,6.772,6.439,92.904,89.372,90.0,CRITICAL
333,2026-06-04 11:15:00+00:00,11,3,0.258819,-0.965926,0.433884,-0.900969,False,False,MORNING,2.0,12.0,28.0,101.0,129.0,375.0,38.55,5.02,0.1301,10.016,8.906,91.44,10.0,91.437,100.0,8.56,0.0,10.93,25.13,100.0,100.0,9.0,10.28,7.71,3.47,71.433,90.0,100.0,100.0,True,MASS_CASUALTY_INTAKE,77.5,95.545,-2.730000000000004,2.5,8.899999999999999,15.481,41.28,-13.0,0.0,32.138,25.0,56.07,100.0,92.122,100.0,100.0,77.812,100.0,100.0,32.0,58.31,100.0,92.23,100.0,100.0,79.472,100.0,100.0,6.735,6.772,92.802,89.373,90.0,CRITICAL
334,2026-06-04 11:30:00+00:00,11,3,0.258819,-0.965926,0.433884,-0.900969,False,False,MORNING,5.0,7.0,29.0,101.0,134.0,375.0,38.85,4.68,0.1206,9.971,8.107,91.76,10.0,91.762,100.0,8.24,0.0,9.67,22.36,100.0,100.0,9.81,10.63,6.56,3.68,75.703,90.0,100.0,100.0,True,MASS_CASUALTY_INTAKE,78.5,96.001,0.30000000000000426,-2.4299999999999997,10.010000000000002,17.909,41.28,-5.0,0.0,32.212,20.0,58.57,100.0,92.327,100.0,100.0,78.234,100.0,100.0,30.0,59.84,99.911,92.29,100.0,100.0,81.067,100.0,100.0,6.737,7.335,93.08,89.195,90.0,CRITICAL
335,2026-06-04 11:45:00+00:00,11,3,0.258819,-0.965926,0.433884,-0.900969,False,False,MORNING,9.0,14.0,26.0,104.0,141.0,381.0,43.24,4.72,0.1092,9.766,9.159,91.69,10.0,91.691,100.0,8.31,0.0,11.97,27.41,100.0,100.0,9.73,10.9,6.37,3.71,76.4,90.0,100.0,100.0,True,MASS_CASUALTY_INTAKE,89.2,96.048,4.390000000000001,4.690000000000005,7.190000000000005,20.611,43.24,-8.0,0.0,33.31,19.0,57.13,100.0,92.546,100.0,100.0,77.41,100.0,100.0,27.0,60.0,100.0,92.587,100.0,100.0,81.078,100.0,100.0,6.798,6.827,92.71,89.225,90.0,CRITICAL
336,2026-06-04 12:00:00+00:00,12,3,0.0,-1.0,0.433884,-0.900969,False,False,MORNING,12.0,21.0,28.0,106.0,152.0,387.0,50.62,5.25,0.1038,9.811,8.33,91.95,10.0,91.953,100.0,8.05,0.0,11.97,27.41,100.0,100.0,9.56,11.12,6.32,3.72,76.601,90.0,100.0,100.0,True,MASS_CASUALTY_INTAKE,103.9,96.124,7.3799999999999955,11.769999999999996,9.339999999999996,23.775,50.62,-10.0,0.0,35.155,23.0,57.75,100.0,92.31,100.0,100.0,79.469,100.0,100.0,21.0,60.0,97.699,91.732,100.0,100.0,80.572,100.0,100.0,6.793,5.949,92.434,89.464,90.0,CRITICAL
337,2026-06-04 12:15:00+00:00,12,3,0.0,-1.0,0.433884,-0.900969,False,False,MORNING,10.0,22.0,36.0,105.0,156.0,393.0,56.07,6.15,0.1097,9.646,8.589,92.12,10.0,92.122,100.0,7.88,0.0,11.97,27.41,100.0,100.0,9.71,11.3,5.99,3.78,77.812,90.0,100.0,100.0,True,MASS_CASUALTY_INTAKE,117.1,96.27,5.450000000000003,12.829999999999998,17.520000000000003,27.279,56.07,8.0,0.0,36.518,22.0,58.31,100.0,92.23,100.0,100.0,79.472,100.0,100.0,20.0,60.0,96.122,91.443,100.0,100.0,80.049,100.0,100.0,6.709,8.076,92.481,89.117,90.0,CRITICAL
338,2026-06-04 12:30:00+00:00,12,3,0.0,-1.0,0.433884,-0.900969,False,False,MORNING,7.0,17.0,38.0,101.0,162.0,399.0,58.57,6.81,0.1163,9.539,8.379,92.33,10.0,92.327,100.0,7.67,0.0,11.97,27.41,100.0,100.0,9.69,11.44,5.88,3.8,78.234,90.0,100.0,100.0,True,MASS_CASUALTY_INTAKE,123.7,96.353,2.5,7.950000000000003,19.72,30.94,58.57,9.0,0.0,37.142,21.0,59.84,99.911,92.29,100.0,100.0,81.067,100.0,100.0,19.0,56.48,95.062,90.989,100.0,100.0,79.987,100.0,100.0,6.837,6.844,91.684,89.195,90.0,CRITICAL
339,2026-06-04 12:45:00+00:00,12,3,0.0,-1.0,0.433884,-0.900969,False,False,MORNING,3.0,10.0,32.0,92.0,165.0,401.0,57.13,7.12,0.1246,9.41,8.023,92.55,10.0,92.546,100.0,7.45,0.0,11.97,27.41,100.0,100.0,9.35,11.55,6.1,3.76,77.41,90.0,100.0,100.0,True,MASS_CASUALTY_INTAKE,122.3,96.327,-1.4399999999999977,1.0600000000000023,13.89,34.455,58.57,6.0,0.0,36.782,15.0,60.0,100.0,92.587,100.0,100.0,81.078,100.0,100.0,25.0,54.85,93.272,90.772,100.0,100.0,78.208,100.0,100.0,6.821,7.765,91.885,88.939,90.0,CRITICAL
340,2026-06-04 13:00:00+00:00,13,3,-0.258819,-0.965926,0.433884,-0.900969,False,False,MORNING,5.0,8.0,25.0,91.0,164.0,404.0,57.75,6.94,0.1202,9.273,9.891,92.31,10.0,92.31,100.0,7.69,0.0,11.97,27.41,100.0,100.0,9.82,11.64,5.54,3.86,79.469,90.0,100.0,100.0,True,MASS_CASUALTY_INTAKE,125.4,96.46,0.6199999999999974,-0.8200000000000003,7.130000000000003,37.801,58.57,-3.0,0.0,36.938,10.0,60.0,97.699,91.732,100.0,100.0,80.572,100.0,100.0,28.0,55.15,92.907,90.091,100.0,100.0,77.619,100.0,100.0,6.913,6.077,92.326,89.104,90.0,CRITICAL
341,2026-06-04 13:15:00+00:00,13,3,-0.258819,-0.965926,0.433884,-0.900969,False,False,MORNING,5.0,10.0,20.0,84.0,167.0,405.0,58.31,7.02,0.1203,9.421,9.036,92.23,10.0,92.23,100.0,7.77,0.0,11.88,27.21,100.0,100.0,9.75,11.71,5.54,3.86,79.472,90.0,100.0,100.0,True,MASS_CASUALTY_INTAKE,124.7,96.443,0.5600000000000023,1.1799999999999997,2.240000000000002,40.865,58.57,-16.0,0.0,37.078,10.0,60.0,96.122,91.443,100.0,100.0,80.049,100.0,100.0,26.0,54.3,93.056,90.009,100.0,100.0,79.568,100.0,100.0,6.844,7.392,92.586,88.941,90.0,CRITICAL
342,2026-06-04 13:30:00+00:00,13,3,-0.258819,-0.965926,0.433884,-0.900969,False,False,MORNING,6.0,11.0,19.0,86.0,168.0,411.0,59.84,7.08,0.1184,9.471,9.266,92.29,9.99,92.29,99.911,7.71,0.01,10.81,24.86,100.0,100.0,10.12,11.77,5.11,3.94,81.067,90.0,100.0,100.0,True,MASS_CASUALTY_INTAKE,127.2,96.582,1.5300000000000011,2.0900000000000034,1.2700000000000031,43.679,59.84,-19.0,0.0,37.46,9.0,56.48,95.062,90.989,100.0,100.0,79.987,100.0,100.0,29.0,53.43,93.46,89.689,100.0,100.0,79.677,100.0,100.0,6.9,4.274,92.643,89.592,89.83,CRITICAL
343,2026-06-04 13:45:00+00:00,13,3,-0.258819,-0.965926,0.433884,-0.900969,False,False,MORNING,7.0,13.0,23.0,81.0,174.0,413.0,60.0,7.27,0.1212,9.436,7.754,92.59,10.0,92.587,100.0,7.41,0.0,10.31,23.76,100.0,100.0,10.08,11.82,5.11,3.94,81.078,90.0,100.0,100.0,True,MASS_CASUALTY_INTAKE,128.1,96.666,0.1599999999999966,1.6899999999999977,2.8699999999999974,46.081,60.0,-9.0,0.0,37.5,12.0,54.85,93.272,90.772,100.0,100.0,78.208,100.0,100.0,28.0,50.5,93.103,89.495,100.0,100.0,80.682,100.0,100.0,6.659,7.183,92.024,89.522,90.0,CRITICAL
344,2026-06-04 14:00:00+00:00,14,3,-0.5,-0.866025,0.433884,-0.900969,False,False,EVENING,4.0,11.0,22.0,75.0,176.0,416.0,60.0,5.4,0.09,5.428,9.771,91.73,9.77,91.732,97.699,8.27,0.23,9.89,22.49,100.0,100.0,9.9,11.85,5.25,3.92,80.572,90.0,100.0,100.0,False,,176.4,95.972,0.0,0.1599999999999966,2.25,48.422,60.0,-3.0,0.0,37.5,11.0,55.15,92.907,90.091,100.0,100.0,77.619,100.0,100.0,32.0,49.52,92.661,89.859,100.0,100.0,79.955,100.0,100.0,6.695,6.882,91.969,89.481,90.0,CRITICAL
345,2026-06-04 14:15:00+00:00,14,3,-0.5,-0.866025,0.433884,-0.900969,False,False,EVENING,4.0,8.0,21.0,77.0,178.0,415.0,60.0,5.4,0.09,5.783,7.567,91.44,9.61,91.443,96.122,8.56,0.39,9.33,21.24,100.0,100.0,9.73,11.88,5.39,3.89,80.049,90.0,100.0,100.0,False,,165.6,95.546,0.0,0.0,1.6899999999999977,50.319,60.0,1.0,0.0,37.5,10.0,54.3,93.056,90.009,100.0,100.0,79.568,100.0,100.0,32.0,48.61,93.107,89.726,100.0,100.0,78.1,100.0,100.0,6.711,7.506,91.53,89.326,90.0,CRITICAL
346,2026-06-04 14:30:00+00:00,14,3,-0.5,-0.866025,0.433884,-0.900969,False,False,EVENING,0.0,4.0,15.0,72.0,173.0,413.0,56.48,5.4,0.0956,5.916,8.158,90.99,9.51,90.989,95.062,9.01,0.49,9.86,22.41,100.0,100.0,9.69,11.91,5.4,3.89,79.987,89.83,100.0,100.0,False,,152.4,95.229,-3.520000000000003,-3.520000000000003,-3.3600000000000065,52.046,60.0,-4.0,-0.17,36.578,10.0,53.43,93.46,89.689,100.0,100.0,79.677,100.0,100.0,33.0,50.68,92.904,89.666,100.0,100.0,79.067,100.0,100.0,6.775,8.227,91.775,88.939,90.0,CRITICAL
347,2026-06-04 14:45:00+00:00,14,3,-0.5,-0.866025,0.433884,-0.900969,False,False,EVENING,2.0,2.0,10.0,65.0,169.0,408.0,54.85,5.08,0.0927,6.102,7.683,90.77,9.33,90.772,93.272,9.23,0.67,10.1,22.94,100.0,100.0,9.19,11.92,5.88,3.8,78.208,89.99,100.0,100.0,False,,143.5,94.663,-1.6299999999999955,-5.149999999999999,-5.149999999999999,53.221,60.0,-13.0,-0.01,36.21,13.0,50.5,93.103,89.495,100.0,100.0,80.682,100.0,100.0,30.0,51.74,93.186,89.26,100.0,100.0,78.812,100.0,100.0,6.914,6.87,91.821,88.945,90.0,HIGH
348,2026-06-04 15:00:00+00:00,15,3,-0.707107,-0.707107,0.433884,-0.900969,False,False,EVENING,4.0,6.0,10.0,57.0,163.0,410.0,55.15,4.94,0.0895,6.212,9.084,90.09,9.29,90.091,92.907,9.91,0.71,10.26,23.29,100.0,100.0,9.02,11.94,6.04,3.77,77.619,90.0,100.0,100.0,False,,141.7,94.387,0.29999999999999716,-1.3299999999999983,-4.850000000000001,54.088,60.0,-12.0,0.0,36.288,17.0,49.52,92.661,89.859,100.0,100.0,79.955,100.0,100.0,30.0,49.71,92.904,89.372,100.0,100.0,77.879,100.0,100.0,6.911,5.451,91.515,89.341,90.0,HIGH
349,2026-06-04 15:15:00+00:00,15,3,-0.707107,-0.707107,0.433884,-0.900969,False,False,EVENING,3.0,7.0,9.0,50.0,155.0,408.0,54.3,4.96,0.0914,6.47,6.738,90.01,9.31,90.009,93.056,9.99,0.69,10.2,23.17,100.0,100.0,9.53,11.95,5.52,3.87,79.568,90.0,100.0,100.0,False,,133.9,94.574,-0.8500000000000014,-0.5500000000000043,-5.700000000000003,55.072,60.0,-12.0,0.0,36.075,16.0,48.61,93.107,89.726,100.0,100.0,78.1,100.0,100.0,31.0,51.7,92.802,89.373,100.0,100.0,79.363,100.0,100.0,6.77,7.043,90.758,89.349,90.0,HIGH
350,2026-06-04 15:30:00+00:00,15,3,-0.707107,-0.707107,0.433884,-0.900969,False,False,EVENING,3.0,6.0,12.0,46.0,147.0,408.0,53.43,4.89,0.0915,6.497,7.614,89.69,9.35,89.689,93.46,10.31,0.65,10.26,23.29,100.0,100.0,9.55,11.96,5.49,3.87,79.677,90.0,100.0,100.0,False,,131.2,94.595,-0.8699999999999974,-1.7199999999999989,-3.049999999999997,55.984,60.0,-3.0,0.17,35.858,19.0,50.68,92.904,89.666,100.0,100.0,79.067,100.0,100.0,30.0,49.69,93.08,89.195,100.0,100.0,78.539,100.0,100.0,6.78,6.505,90.33,89.46,90.0,HIGH
351,2026-06-04 15:45:00+00:00,15,3,-0.707107,-0.707107,0.433884,-0.900969,False,False,EVENING,1.0,4.0,11.0,44.0,136.0,405.0,50.5,4.81,0.0952,6.609,7.53,89.49,9.31,89.495,93.103,10.51,0.69,9.45,21.52,100.0,100.0,9.82,11.97,5.22,3.92,80.682,89.99,100.0,100.0,False,,121.9,94.571,-2.9299999999999997,-3.799999999999997,-4.350000000000001,56.438,60.0,1.0,0.0,35.122,15.0,51.74,93.186,89.26,100.0,100.0,78.812,100.0,100.0,28.0,50.64,92.71,89.225,100.0,100.0,78.574,100.0,100.0,6.746,8.972,90.117,88.925,90.0,HIGH
352,2026-06-04 16:00:00+00:00,16,3,-0.866025,-0.5,0.433884,-0.900969,False,False,EVENING,3.0,4.0,10.0,42.0,133.0,404.0,49.52,4.54,0.0918,6.687,5.405,89.86,9.27,89.859,92.661,10.14,0.73,10.26,23.29,100.0,100.0,9.61,11.98,5.41,3.89,79.955,90.0,100.0,100.0,False,,118.2,94.497,-0.9799999999999969,-3.9099999999999966,-5.6299999999999955,56.369,60.0,0.0,0.0,34.88,15.0,49.71,92.904,89.372,100.0,100.0,77.879,100.0,100.0,26.0,49.6,92.434,89.464,100.0,100.0,79.994,100.0,100.0,6.947,7.05,91.081,88.803,90.0,HIGH
353,2026-06-04 16:15:00+00:00,16,3,-0.866025,-0.5,0.433884,-0.900969,False,False,EVENING,3.0,6.0,10.0,40.0,124.0,405.0,48.61,4.46,0.0917,6.559,6.914,89.73,9.31,89.726,93.107,10.27,0.69,10.26,23.29,100.0,100.0,9.11,11.98,5.91,3.8,78.1,90.0,100.0,100.0,False,,118.3,94.39,-0.9100000000000037,-1.8900000000000006,-5.689999999999998,55.902,60.0,1.0,0.0,34.652,16.0,51.7,92.802,89.373,100.0,100.0,79.363,100.0,100.0,25.0,49.61,92.481,89.117,100.0,100.0,79.247,100.0,100.0,6.976,7.165,90.967,88.767,90.0,HIGH
354,2026-06-04 16:30:00+00:00,16,3,-0.866025,-0.5,0.433884,-0.900969,False,False,EVENING,6.0,9.0,13.0,40.0,126.0,406.0,50.68,4.38,0.0863,6.601,6.923,89.67,9.29,89.666,92.904,10.33,0.71,10.26,23.29,100.0,100.0,9.36,11.98,5.65,3.84,79.067,90.0,100.0,100.0,False,,122.5,94.423,2.0700000000000003,1.1599999999999966,-2.75,55.409,60.0,1.0,0.0,35.17,14.0,49.69,93.08,89.195,100.0,100.0,78.539,100.0,100.0,24.0,48.54,91.684,89.195,100.0,100.0,80.394,100.0,100.0,6.991,7.515,90.777,88.655,90.0,HIGH
355,2026-06-04 16:45:00+00:00,16,3,-0.866025,-0.5,0.433884,-0.900969,False,False,EVENING,5.0,11.0,17.0,38.0,119.0,408.0,51.74,4.56,0.0882,6.627,8.136,89.26,9.32,89.26,93.186,10.74,0.68,10.26,23.29,100.0,100.0,9.29,11.99,5.72,3.83,78.812,90.0,100.0,100.0,False,,124.6,94.367,1.0600000000000023,3.1300000000000026,1.240000000000002,55.073,60.0,6.0,0.01,35.435,15.0,50.64,92.71,89.225,100.0,100.0,78.574,100.0,100.0,24.0,49.48,91.885,88.939,100.0,100.0,76.783,100.0,100.0,7.036,6.239,90.587,88.873,90.0,HIGH
356,2026-06-04 17:00:00+00:00,17,3,-0.965926,-0.258819,0.433884,-0.900969,False,False,EVENING,2.0,7.0,16.0,36.0,111.0,408.0,49.71,4.66,0.0937,6.772,6.439,89.37,9.29,89.372,92.904,10.63,0.71,10.26,23.29,100.0,100.0,9.04,11.99,5.97,3.78,77.879,90.0,100.0,100.0,False,,117.2,94.252,-2.030000000000001,-0.9699999999999989,0.18999999999999773,54.57,60.0,6.0,0.0,34.928,15.0,49.6,92.434,89.464,100.0,100.0,79.994,100.0,100.0,22.0,48.36,92.326,89.104,100.0,100.0,78.297,100.0,100.0,6.959,8.195,91.216,88.501,89.83,HIGH
357,2026-06-04 17:15:00+00:00,17,3,-0.965926,-0.258819,0.433884,-0.900969,False,False,EVENING,6.0,8.0,19.0,38.0,115.0,409.0,51.7,4.47,0.0865,6.735,6.772,89.37,9.28,89.373,92.802,10.63,0.72,9.03,20.58,100.0,100.0,9.44,11.99,5.57,3.86,79.363,90.0,100.0,100.0,False,,122.5,94.365,1.990000000000002,-0.03999999999999915,3.0900000000000034,54.157,60.0,9.0,0.0,35.425,15.0,49.61,92.481,89.117,100.0,100.0,79.247,100.0,100.0,21.0,49.29,92.586,88.941,100.0,100.0,78.251,100.0,100.0,7.085,7.834,91.086,88.327,89.83,HIGH
358,2026-06-04 17:30:00+00:00,17,3,-0.965926,-0.258819,0.433884,-0.900969,False,False,EVENING,2.0,8.0,15.0,40.0,112.0,410.0,49.69,4.65,0.0936,6.737,7.335,89.2,9.31,89.195,93.08,10.8,0.69,10.26,23.29,100.0,100.0,9.21,11.99,5.79,3.82,78.539,90.0,100.0,100.0,False,,117.7,94.307,-2.010000000000005,-0.020000000000003126,-0.990000000000002,53.522,60.0,2.0,0.0,34.922,16.0,48.54,91.684,89.195,100.0,100.0,80.394,100.0,100.0,18.0,45.18,92.643,89.592,100.0,100.0,79.139,100.0,100.0,7.152,6.207,91.453,88.527,90.0,HIGH
359,2026-06-04 17:45:00+00:00,17,3,-0.965926,-0.258819,0.433884,-0.900969,False,False,EVENING,5.0,7.0,15.0,43.0,108.0,412.0,50.64,4.47,0.0883,6.798,6.827,89.22,9.27,89.225,92.71,10.78,0.73,10.26,23.29,100.0,100.0,9.22,11.99,5.79,3.82,78.574,90.0,100.0,100.0,False,,118.9,94.243,0.9500000000000028,-1.0600000000000023,-1.1000000000000014,52.938,60.0,-2.0,0.0,35.16,13.0,49.48,91.885,88.939,100.0,100.0,76.783,100.0,100.0,24.0,44.22,92.024,89.522,100.0,100.0,78.179,100.0,100.0,7.072,6.968,92.467,88.451,89.99,HIGH
360,2026-06-04 18:00:00+00:00,18,3,-1.0,-0.0,0.433884,-0.900969,False,False,EVENING,3.0,8.0,16.0,42.0,99.0,414.0,49.6,4.56,0.0919,6.793,5.949,89.46,9.24,89.464,92.434,10.54,0.76,8.66,19.76,100.0,100.0,9.6,12.0,5.4,3.89,79.994,90.0,100.0,100.0,False,,116.5,94.368,-1.0399999999999991,-0.0899999999999963,-0.10999999999999943,52.287,60.0,0.0,0.0,34.9,11.0,48.36,92.326,89.104,100.0,100.0,78.297,100.0,100.0,25.0,42.23,91.969,89.481,100.0,100.0,78.873,100.0,100.0,7.083,7.743,92.389,88.294,89.83,HIGH
361,2026-06-04 18:15:00+00:00,18,3,-1.0,-0.0,0.433884,-0.900969,False,False,EVENING,4.0,7.0,14.0,43.0,93.0,416.0,49.61,4.46,0.09,6.709,8.076,89.12,9.25,89.117,92.481,10.88,0.75,10.02,22.77,100.0,100.0,9.4,12.0,5.6,3.85,79.247,90.0,100.0,100.0,False,,118.0,94.234,0.00999999999999801,-1.0300000000000011,-2.0900000000000034,51.638,56.48,-5.0,0.0,34.902,10.0,49.29,92.586,88.941,100.0,100.0,78.251,100.0,100.0,28.0,41.24,91.53,89.326,100.0,100.0,77.863,100.0,100.0,7.142,6.881,92.179,88.381,89.98,HIGH
362,2026-06-04 18:30:00+00:00,18,3,-1.0,-0.0,0.433884,-0.900969,False,False,EVENING,3.0,7.0,15.0,43.0,89.0,417.0,48.54,4.46,0.092,6.837,6.844,89.19,9.17,89.195,91.684,10.81,0.83,10.1,22.94,100.0,100.0,9.71,12.0,5.29,3.91,80.394,90.0,100.0,100.0,False,,113.3,94.195,-1.0700000000000003,-1.0600000000000023,-1.1499999999999986,51.142,55.15,0.0,0.0,34.635,8.0,45.18,92.643,89.592,100.0,100.0,79.139,100.0,100.0,29.0,40.2,91.775,88.939,100.0,100.0,77.295,100.0,100.0,7.114,5.144,92.26,88.865,89.97,HIGH
363,2026-06-04 18:45:00+00:00,18,3,-1.0,-0.0,0.433884,-0.900969,False,False,EVENING,5.0,8.0,15.0,47.0,91.0,420.0,49.48,4.37,0.0883,6.821,7.765,88.94,9.19,88.939,91.885,11.06,0.81,10.26,23.29,100.0,100.0,8.73,12.0,6.27,3.73,76.783,90.0,100.0,100.0,False,,115.8,93.854,0.9399999999999977,-0.13000000000000256,-1.1600000000000037,50.806,55.15,0.0,0.0,34.87,11.0,44.22,92.024,89.522,100.0,100.0,78.179,100.0,100.0,28.0,39.09,91.821,88.945,100.0,100.0,77.879,100.0,100.0,6.934,6.152,91.531,89.133,89.81,HIGH
364,2026-06-04 19:00:00+00:00,19,3,-0.965926,0.258819,0.433884,-0.900969,False,False,EVENING,3.0,8.0,15.0,47.0,89.0,420.0,48.36,4.45,0.0921,6.913,6.077,89.1,9.23,89.104,92.326,10.9,0.77,10.26,23.29,100.0,100.0,9.14,12.0,5.86,3.81,78.297,90.0,100.0,100.0,False,,111.7,94.115,-1.1199999999999974,-0.17999999999999972,-1.240000000000002,50.382,54.3,-1.0,0.0,34.59,11.0,42.23,91.969,89.481,100.0,100.0,78.873,100.0,100.0,27.0,36.97,91.515,89.341,100.0,100.0,76.963,100.0,100.0,6.847,7.094,90.954,89.129,89.64,HIGH
365,2026-06-04 19:15:00+00:00,19,3,-0.965926,0.258819,0.433884,-0.900969,False,False,EVENING,5.0,8.0,16.0,49.0,89.0,420.0,49.29,4.35,0.0883,6.844,7.392,88.94,9.26,88.941,92.586,11.06,0.74,10.26,23.29,100.0,100.0,9.13,12.0,5.87,3.8,78.251,90.0,100.0,100.0,False,,114.9,94.127,0.9299999999999997,-0.18999999999999773,-0.3200000000000003,50.069,53.43,2.0,0.0,34.822,11.0,41.24,91.53,89.326,100.0,100.0,77.863,100.0,100.0,25.0,34.94,90.758,89.349,100.0,100.0,76.679,100.0,100.0,6.858,7.426,91.423,88.94,89.63,HIGH
366,2026-06-04 19:30:00+00:00,19,3,-0.965926,0.258819,0.433884,-0.900969,False,False,EVENING,0.0,5.0,13.0,43.0,83.0,419.0,45.18,4.44,0.0982,6.9,4.274,89.59,9.26,89.592,92.643,10.41,0.74,10.26,23.29,100.0,100.0,9.37,12.0,5.63,3.85,79.139,89.83,100.0,100.0,False,,104.5,94.361,-4.109999999999999,-3.1799999999999997,-3.3599999999999994,49.553,51.74,-2.0,-0.17,33.752,10.0,40.2,91.775,88.939,100.0,100.0,77.295,100.0,100.0,24.0,36.91,90.33,89.46,100.0,100.0,76.431,100.0,100.0,2.425,7.605,89.851,87.802,89.47,HIGH
367,2026-06-04 19:45:00+00:00,19,3,-0.965926,0.258819,0.433884,-0.900969,False,False,EVENING,3.0,3.0,11.0,41.0,79.0,418.0,44.22,4.07,0.092,6.659,7.183,89.52,9.2,89.522,92.024,10.48,0.8,10.26,23.29,100.0,100.0,9.11,12.0,5.89,3.8,78.179,90.0,100.0,100.0,False,,106.0,94.136,-0.9600000000000009,-5.07,-5.259999999999998,49.161,51.74,-4.0,0.0,33.555,13.0,39.09,91.821,88.945,100.0,100.0,77.879,100.0,100.0,22.0,36.89,90.117,88.925,100.0,100.0,77.128,100.0,100.0,1.68,6.202,88.455,86.812,89.46,HIGH
368,2026-06-04 20:00:00+00:00,20,3,-0.866025,0.5,0.433884,-0.900969,False,False,EVENING,2.0,5.0,10.0,41.0,77.0,417.0,42.23,3.98,0.0942,6.695,6.882,89.48,9.2,89.481,91.969,10.52,0.8,9.91,22.52,100.0,100.0,9.3,12.0,5.7,3.83,78.873,90.0,100.0,100.0,False,,100.7,94.178,-1.990000000000002,-2.950000000000003,-6.130000000000003,48.705,51.74,-5.0,0.0,33.058,14.0,36.97,91.515,89.341,100.0,100.0,76.963,100.0,100.0,19.0,37.76,91.081,88.803,100.0,100.0,77.226,100.0,100.0,1.68,4.299,87.205,86.282,89.45,HIGH
369,2026-06-04 20:15:00+00:00,20,3,-0.866025,0.5,0.433884,-0.900969,False,False,EVENING,3.0,5.0,8.0,38.0,76.0,417.0,41.24,3.8,0.0922,6.711,7.506,89.33,9.15,89.326,91.53,10.67,0.85,9.03,20.58,100.0,100.0,9.02,12.0,5.98,3.78,77.863,90.0,100.0,100.0,False,,98.1,93.965,-0.9899999999999949,-2.979999999999997,-8.049999999999997,48.244,51.74,-8.0,0.0,32.81,17.0,34.94,90.758,89.349,100.0,100.0,76.679,100.0,100.0,14.0,37.61,90.967,88.767,100.0,100.0,75.276,100.0,100.0,0.0,5.92,84.909,85.031,89.29,HIGH
370,2026-06-04 20:30:00+00:00,20,3,-0.866025,0.5,0.433884,-0.900969,False,False,EVENING,3.0,6.0,11.0,39.0,79.0,415.0,40.2,3.71,0.0923,6.775,8.227,88.94,9.18,88.939,91.775,11.06,0.82,10.26,23.29,100.0,100.0,8.87,12.0,6.13,3.76,77.295,90.0,100.0,100.0,False,,94.7,93.878,-1.0399999999999991,-2.029999999999994,-4.979999999999997,47.589,51.74,-2.0,0.17,32.55,19.0,36.91,90.33,89.46,100.0,100.0,76.431,100.0,100.0,12.0,35.44,90.777,88.655,100.0,100.0,75.51,100.0,100.0,5.04,4.512,84.781,85.176,89.6,HIGH
371,2026-06-04 20:45:00+00:00,20,3,-0.866025,0.5,0.433884,-0.900969,False,False,EVENING,3.0,6.0,11.0,37.0,80.0,413.0,39.09,3.62,0.0926,6.914,6.87,88.95,9.18,88.945,91.821,11.05,0.82,10.26,23.29,100.0,100.0,9.03,12.0,5.97,3.78,77.879,90.0,100.0,100.0,False,,90.2,93.941,-1.1099999999999994,-2.1499999999999986,-5.1299999999999955,46.799,51.7,0.0,0.0,32.272,15.0,36.89,90.117,88.925,100.0,100.0,77.128,100.0,100.0,11.0,33.26,90.587,88.873,100.0,100.0,75.708,100.0,100.0,1.68,4.982,82.615,84.567,89.59,HIGH
372,2026-06-04 21:00:00+00:00,21,3,-0.707107,0.707107,0.433884,-0.900969,False,False,EVENING,2.0,5.0,11.0,36.0,78.0,405.0,36.97,3.52,0.0951,6.911,5.451,89.34,9.15,89.341,91.515,10.66,0.85,10.26,23.29,100.0,100.0,8.84,11.94,6.22,3.74,76.963,90.0,100.0,100.0,False,,85.4,93.885,-2.1200000000000045,-3.230000000000004,-5.259999999999998,46.003,51.7,1.0,0.0,31.742,13.0,37.76,91.081,88.803,100.0,100.0,77.226,100.0,100.0,9.0,29.11,91.216,88.501,100.0,100.0,75.622,100.0,100.0,0.0,5.097,82.089,83.346,89.43,HIGH
373,2026-06-04 21:15:00+00:00,21,3,-0.707107,0.707107,0.433884,-0.900969,False,False,EVENING,2.0,4.0,10.0,34.0,77.0,401.0,34.94,3.33,0.0952,6.77,7.043,89.35,9.08,89.349,90.758,10.65,0.92,10.26,23.29,100.0,100.0,8.9,11.81,6.3,3.73,76.679,90.0,100.0,100.0,False,,82.4,93.709,-2.030000000000001,-4.150000000000006,-6.300000000000004,44.955,50.64,2.0,0.0,31.235,8.0,37.61,90.967,88.767,100.0,100.0,75.276,100.0,100.0,9.0,25.9,91.086,88.327,100.0,100.0,73.063,100.0,100.0,3.36,3.017,81.711,83.469,89.58,HIGH
374,2026-06-04 21:30:00+00:00,21,3,-0.707107,0.707107,0.433884,-0.900969,False,False,EVENING,6.0,8.0,13.0,37.0,80.0,402.0,36.91,3.15,0.0852,6.78,6.505,89.46,9.03,89.46,90.33,10.54,0.97,9.33,21.25,100.0,100.0,8.87,11.77,6.36,3.71,76.431,90.0,100.0,100.0,False,,86.9,93.626,1.9699999999999989,-0.060000000000002274,-3.2900000000000063,44.156,50.64,2.0,0.0,31.728,5.0,35.44,90.777,88.655,100.0,100.0,75.51,100.0,100.0,9.0,25.64,91.453,88.527,100.0,100.0,71.395,100.0,100.0,0.0,4.496,79.942,82.522,89.41,HIGH
375,2026-06-04 21:45:00+00:00,21,3,-0.707107,0.707107,0.433884,-0.900969,False,False,EVENING,4.0,10.0,14.0,36.0,83.0,400.0,36.89,3.32,0.09,6.746,8.972,88.92,9.01,88.925,90.117,11.08,0.99,10.26,23.29,100.0,100.0,9.09,11.73,6.18,3.75,77.128,90.0,100.0,100.0,False,,87.3,93.528,-0.01999999999999602,1.9500000000000028,-2.200000000000003,43.297,49.61,3.0,0.0,31.722,7.0,33.26,90.587,88.873,100.0,100.0,75.708,100.0,100.0,5.0,22.43,92.467,88.451,100.0,100.0,70.246,100.0,100.0,1.68,3.213,79.029,82.23,89.41,HIGH
376,2026-06-04 22:00:00+00:00,22,3,-0.5,0.866025,0.433884,-0.900969,False,False,NIGHT,5.0,9.0,17.0,38.0,85.0,391.0,37.76,3.32,0.0879,6.947,7.05,88.8,9.11,88.803,91.081,11.2,0.89,5.71,16.77,100.0,100.0,9.1,11.75,6.15,3.75,77.226,90.0,100.0,100.0,False,,86.7,93.703,0.8699999999999974,0.8500000000000014,0.7899999999999991,42.557,49.61,6.0,0.0,31.94,6.0,29.11,91.216,88.501,100.0,100.0,75.622,100.0,100.0,5.0,18.21,92.389,88.294,100.0,100.0,68.359,100.0,100.0,0.0,2.275,77.074,81.857,89.24,HIGH
377,2026-06-04 22:15:00+00:00,22,3,-0.5,0.866025,0.433884,-0.900969,False,False,NIGHT,4.0,9.0,19.0,37.0,86.0,390.0,37.61,3.4,0.0904,6.976,7.165,88.77,9.1,88.767,90.967,11.23,0.9,5.87,17.11,100.0,100.0,8.57,11.75,6.68,3.66,75.276,90.0,100.0,100.0,False,,86.0,93.497,-0.14999999999999858,0.7199999999999989,2.6700000000000017,41.807,49.48,9.0,0.0,31.902,6.0,25.9,91.086,88.327,100.0,100.0,73.063,100.0,100.0,6.0,15.96,92.179,88.381,100.0,100.0,68.428,100.0,100.0,1.68,2.496,76.211,81.739,89.23,HIGH
378,2026-06-04 22:30:00+00:00,22,3,-0.5,0.866025,0.433884,-0.900969,False,False,NIGHT,2.0,6.0,15.0,39.0,82.0,387.0,35.44,3.38,0.0955,6.991,7.515,88.66,9.08,88.655,90.777,11.34,0.92,6.27,17.99,100.0,100.0,8.71,11.68,6.61,3.67,75.51,90.0,100.0,100.0,False,,80.9,93.455,-2.1700000000000017,-2.3200000000000003,-1.4699999999999989,40.988,49.48,2.0,0.0,31.36,7.0,25.64,91.453,88.527,100.0,100.0,71.395,100.0,100.0,4.0,12.73,92.26,88.865,100.0,100.0,65.826,100.0,100.0,1.68,4.142,76.204,81.125,89.23,HIGH
379,2026-06-04 22:45:00+00:00,22,3,-0.5,0.866025,0.433884,-0.900969,False,False,NIGHT,2.0,4.0,13.0,38.0,79.0,385.0,33.26,3.19,0.0959,7.036,6.239,88.87,9.06,88.873,90.587,11.13,0.94,5.15,15.53,100.0,100.0,8.91,11.54,6.56,3.68,75.708,90.0,100.0,100.0,False,,75.4,93.483,-2.1799999999999997,-4.350000000000001,-3.6300000000000026,39.974,49.29,-1.0,0.0,30.815,4.0,22.43,92.467,88.451,100.0,100.0,70.246,100.0,100.0,6.0,8.6,91.531,89.133,100.0,100.0,63.063,100.0,88.217,1.68,1.928,75.693,81.114,89.22,HIGH
380,2026-06-04 23:00:00+00:00,23,3,-0.258819,0.965926,0.433884,-0.900969,False,False,NIGHT,0.0,2.0,8.0,36.0,77.0,377.0,29.11,2.99,0.1028,6.959,8.195,88.5,9.12,88.501,91.216,11.5,0.88,6.27,17.99,100.0,100.0,9.14,11.28,6.58,3.68,75.622,89.83,100.0,100.0,False,,66.8,93.519,-4.149999999999999,-6.329999999999998,-8.649999999999999,38.771,49.29,-9.0,-0.17,29.735,3.0,18.21,92.389,88.294,100.0,100.0,68.359,100.0,100.0,7.0,4.53,90.954,89.129,100.0,100.0,59.418,100.0,63.534,1.68,2.472,75.477,80.937,89.21,HIGH
381,2026-06-04 23:15:00+00:00,23,3,-0.258819,0.965926,0.433884,-0.900969,False,False,NIGHT,1.0,1.0,5.0,34.0,72.0,370.0,25.9,2.62,0.1012,7.085,7.834,88.33,9.11,88.327,91.086,11.67,0.89,6.27,17.99,100.0,100.0,8.77,10.96,7.27,3.55,73.063,89.83,100.0,100.0,False,,58.3,93.225,-3.210000000000001,-7.359999999999999,-11.71,37.309,45.18,-14.0,-0.17,28.932,3.0,15.96,92.179,88.381,100.0,100.0,68.428,100.0,100.0,7.0,1.44,91.423,88.94,100.0,100.0,57.564,100.0,45.229,0.0,2.816,74.051,80.376,89.05,HIGH
382,2026-06-04 23:30:00+00:00,23,3,-0.258819,0.965926,0.433884,-0.900969,False,False,NIGHT,4.0,5.0,7.0,35.0,74.0,367.0,25.64,2.33,0.0909,7.152,6.207,88.53,9.15,88.527,91.453,11.47,0.85,4.32,13.71,100.0,100.0,8.58,10.7,7.72,3.47,71.395,90.0,100.0,100.0,False,,57.2,93.192,-0.259999999999998,-3.469999999999999,-9.799999999999997,36.088,44.22,-8.0,0.0,28.91,2.0,12.73,92.26,88.865,100.0,100.0,65.826,100.0,100.0,8.0,0.0,89.851,87.802,100.0,100.0,54.032,100.0,35.941,1.68,3.243,74.134,79.977,89.04,HIGH
383,2026-06-04 23:45:00+00:00,23,3,-0.258819,0.965926,0.433884,-0.900969,False,False,NIGHT,1.0,5.0,6.0,33.0,70.0,363.0,22.43,2.31,0.1029,7.072,6.968,88.45,9.25,88.451,92.467,11.55,0.75,6.27,17.99,100.0,100.0,8.59,10.38,8.03,3.41,70.246,89.99,100.0,100.0,False,,50.6,91.63,-3.210000000000001,-3.469999999999999,-10.829999999999998,34.726,42.23,-7.0,-0.01,28.105,1.0,8.6,91.531,89.133,100.0,100.0,63.063,100.0,88.217,8.0,0.0,88.455,86.812,100.0,100.0,51.009,100.0,35.382,1.68,2.255,74.385,79.808,89.03,HIGH
384,2026-06-05 00:00:00+00:00,0,4,0.0,1.0,-0.433884,-0.900969,False,False,NIGHT,0.0,1.0,6.0,31.0,67.0,357.0,18.21,2.02,0.1108,7.083,7.743,88.29,9.24,88.294,92.389,11.71,0.76,6.26,17.97,100.0,100.0,8.48,9.98,8.54,3.32,68.359,89.83,100.0,100.0,False,,41.0,88.709,-4.219999999999999,-7.43,-10.899999999999999,33.225,41.24,-2.0,0.0,27.01,2.0,4.53,90.954,89.129,100.0,100.0,59.418,100.0,63.534,8.0,0.0,87.205,86.282,100.0,100.0,50.056,100.0,34.882,0.0,1.89,74.27,79.347,88.87,HIGH
385,2026-06-05 00:15:00+00:00,0,4,0.0,1.0,-0.433884,-0.900969,False,False,NIGHT,2.0,2.0,7.0,31.0,65.0,355.0,15.96,1.64,0.1027,7.142,6.881,88.38,9.22,88.381,92.179,11.62,0.78,6.27,17.99,100.0,100.0,8.91,9.57,8.52,3.33,68.428,89.98,100.0,100.0,False,,35.7,87.253,-2.25,-6.469999999999999,-9.939999999999998,31.645,40.2,2.0,0.15,26.485,3.0,1.44,91.423,88.94,100.0,100.0,57.564,100.0,45.229,7.0,0.0,84.909,85.031,100.0,100.0,48.408,100.0,33.964,6.72,3.396,76.194,79.986,89.34,HIGH
386,2026-06-05 00:30:00+00:00,0,4,0.0,1.0,-0.433884,-0.900969,False,False,NIGHT,1.0,3.0,4.0,26.0,63.0,351.0,12.73,1.44,0.1129,7.114,5.144,88.86,9.23,88.865,92.26,11.14,0.77,6.27,17.99,100.0,100.0,8.64,9.13,9.23,3.2,65.826,89.97,100.0,100.0,False,,28.6,85.074,-3.2300000000000004,-5.48,-12.91,29.928,39.09,-3.0,-0.03,25.675,2.0,0.0,89.851,87.802,100.0,100.0,54.032,100.0,35.941,8.0,0.0,84.781,85.176,100.0,100.0,46.22,100.0,33.912,5.04,1.535,77.301,80.751,89.65,HIGH
387,2026-06-05 00:45:00+00:00,0,4,0.0,1.0,-0.433884,-0.900969,False,False,NIGHT,0.0,1.0,3.0,22.0,58.0,346.0,8.6,1.15,0.1332,6.934,6.152,89.13,9.15,89.133,91.531,10.87,0.85,6.27,17.99,100.0,100.0,8.41,8.62,9.97,3.06,63.063,89.81,100.0,88.217,False,,19.8,82.095,-4.130000000000001,-7.360000000000001,-13.83,28.022,37.76,-3.0,-0.18,24.602,5.0,0.0,88.455,86.812,100.0,100.0,51.009,100.0,35.382,6.0,0.0,82.615,84.567,100.0,100.0,46.972,100.0,33.046,0.0,2.34,76.531,80.243,89.49,MODERATE
388,2026-06-05 01:00:00+00:00,1,4,0.258819,0.965926,-0.433884,-0.900969,False,False,NIGHT,0.0,0.0,3.0,17.0,55.0,344.0,4.53,0.77,0.1711,6.847,7.094,89.13,9.1,89.129,90.954,10.87,0.9,6.27,17.99,100.0,100.0,7.98,8.06,10.96,2.89,59.418,89.64,100.0,63.534,False,,10.5,79.046,-4.069999999999999,-8.2,-13.68,25.995,37.76,-3.0,-0.19,23.542,5.0,0.0,87.205,86.282,100.0,100.0,50.056,100.0,34.882,6.0,0.0,82.089,83.346,100.0,100.0,45.307,100.0,32.836,1.68,2.215,77.245,80.038,89.48,MODERATE
389,2026-06-05 01:15:00+00:00,1,4,0.258819,0.965926,-0.433884,-0.900969,False,False,NIGHT,1.0,1.0,2.0,14.0,51.0,344.0,1.44,0.41,0.2822,6.858,7.426,88.94,9.14,88.94,91.423,11.06,0.86,6.27,17.99,100.0,100.0,8.04,7.5,11.46,2.8,57.564,89.63,100.0,45.229,False,,3.4,76.954,-3.0900000000000003,-7.16,-14.520000000000001,23.901,37.76,-5.0,-0.35,22.768,4.0,0.0,84.909,85.031,100.0,100.0,48.408,100.0,33.964,7.0,0.0,81.711,83.469,100.0,100.0,43.992,100.0,32.685,3.36,1.293,78.673,80.412,89.63,MODERATE
390,2026-06-05 01:30:00+00:00,1,4,0.258819,0.965926,-0.433884,-0.900969,False,False,NIGHT,0.0,1.0,1.0,12.0,51.0,342.0,0.0,0.13,0.1299,2.425,7.605,87.8,8.99,87.802,89.851,12.2,1.01,6.27,17.99,100.0,100.0,7.6,6.99,12.41,2.63,54.032,89.47,100.0,35.941,False,,0.0,75.15,-1.44,-4.53,-12.73,21.594,37.76,-3.0,-0.5,22.368,6.0,0.0,84.781,85.176,100.0,100.0,46.22,100.0,33.912,5.0,0.0,79.942,82.522,100.0,100.0,45.346,100.0,31.977,5.04,2.784,79.302,80.913,89.95,MODERATE
391,2026-06-05 01:45:00+00:00,1,4,0.258819,0.965926,-0.433884,-0.900969,False,False,NIGHT,1.0,1.0,2.0,11.0,49.0,341.0,0.0,0.0,0.0,1.68,6.202,86.81,8.85,86.812,88.455,13.19,1.15,4.27,13.59,100.0,100.0,7.21,6.57,13.23,2.48,51.009,89.46,100.0,35.382,False,,0.0,74.38,0.0,-1.44,-8.6,19.289,37.76,-1.0,-0.35,22.365,3.0,0.0,82.615,84.567,100.0,100.0,46.972,100.0,33.046,6.0,0.0,79.029,82.23,100.0,100.0,43.62,100.0,31.612,1.68,2.568,80.016,80.62,89.94,MODERATE
392,2026-06-05 02:00:00+00:00,2,4,0.5,0.866025,-0.433884,-0.900969,False,False,NIGHT,1.0,2.0,3.0,12.0,48.0,341.0,0.0,0.0,0.0,1.68,4.299,86.28,8.72,86.282,87.205,13.72,1.28,6.27,17.99,100.0,100.0,7.3,6.21,13.48,2.43,50.056,89.45,100.0,34.882,False,,0.0,73.928,0.0,0.0,-4.53,16.929,37.61,0.0,-0.19,22.362,3.0,0.0,82.089,83.346,100.0,100.0,45.307,100.0,32.836,6.0,0.0,77.074,81.857,100.0,100.0,42.555,100.0,30.829,3.36,2.716,81.402,80.642,90.0,MODERATE
393,2026-06-05 02:15:00+00:00,2,4,0.5,0.866025,-0.433884,-0.900969,False,False,NIGHT,0.0,1.0,2.0,11.0,45.0,340.0,0.0,0.0,0.0,0.0,5.92,85.03,8.49,85.031,84.909,14.97,1.51,6.27,17.99,100.0,100.0,7.17,5.9,13.93,2.35,48.408,89.29,100.0,33.964,False,,0.0,73.045,0.0,0.0,-1.44,14.578,35.44,0.0,-0.34,22.322,3.0,0.0,81.711,83.469,100.0,100.0,43.992,100.0,32.685,6.0,0.0,76.211,81.739,100.0,100.0,44.429,100.0,30.484,5.04,3.158,81.794,81.074,90.0,MODERATE
394,2026-06-05 02:30:00+00:00,2,4,0.5,0.866025,-0.433884,-0.900969,False,False,NIGHT,3.0,3.0,5.0,10.0,45.0,343.0,0.0,0.0,0.0,5.04,4.512,85.18,8.48,85.176,84.781,14.82,1.52,6.08,17.58,100.0,100.0,6.82,5.66,14.52,2.25,46.22,89.6,100.0,33.912,False,,0.0,72.855,0.0,0.0,0.0,12.363,33.26,4.0,0.13,22.4,2.0,0.0,79.942,82.522,100.0,100.0,45.346,100.0,31.977,9.0,0.0,76.204,81.125,100.0,100.0,45.203,100.0,30.481,3.36,1.981,82.345,81.363,90.0,MODERATE
395,2026-06-05 02:45:00+00:00,2,4,0.5,0.866025,-0.433884,-0.900969,False,False,NIGHT,1.0,4.0,5.0,10.0,43.0,340.0,0.0,0.0,0.0,1.68,4.982,84.57,8.26,84.567,82.615,15.43,1.74,6.27,17.99,100.0,100.0,7.25,5.43,14.32,2.28,46.972,89.59,100.0,33.046,False,,0.0,72.355,0.0,0.0,0.0,10.284,29.11,3.0,0.13,22.398,3.0,0.0,79.029,82.23,100.0,100.0,43.62,100.0,31.612,11.0,0.0,75.693,81.114,100.0,100.0,45.115,100.0,30.277,1.68,1.384,82.369,81.435,89.99,MODERATE
396,2026-06-05 03:00:00+00:00,3,4,0.707107,0.707107,-0.433884,-0.900969,False,False,NIGHT,0.0,1.0,4.0,10.0,41.0,338.0,0.0,0.0,0.0,0.0,5.097,83.35,8.21,83.346,82.089,16.65,1.79,6.27,17.99,100.0,100.0,6.98,5.25,14.77,2.2,45.307,89.43,100.0,32.836,False,,0.0,71.832,0.0,0.0,0.0,8.465,25.9,1.0,-0.02,22.358,3.0,0.0,77.074,81.857,100.0,100.0,42.555,100.0,30.829,10.0,0.0,75.477,80.937,100.0,100.0,45.105,100.0,30.191,5.04,2.149,82.398,82.155,90.0,MODERATE
397,2026-06-05 03:15:00+00:00,3,4,0.707107,0.707107,-0.433884,-0.900969,False,False,NIGHT,2.0,2.0,6.0,10.0,41.0,340.0,0.0,0.0,0.0,3.36,3.017,83.47,8.17,83.469,81.711,16.53,1.83,6.27,17.99,100.0,100.0,6.78,5.1,15.12,2.14,43.992,89.58,100.0,32.685,False,,0.0,71.665,0.0,0.0,0.0,6.846,25.64,4.0,0.29,22.395,4.0,0.0,76.211,81.739,100.0,100.0,44.429,100.0,30.484,10.0,0.0,74.051,80.376,100.0,100.0,43.873,100.0,29.62,1.68,2.874,82.178,81.878,89.99,MODERATE
398,2026-06-05 03:30:00+00:00,3,4,0.707107,0.707107,-0.433884,-0.900969,False,False,NIGHT,0.0,2.0,3.0,9.0,35.0,340.0,0.0,0.0,0.0,0.0,4.496,82.52,7.99,82.522,79.942,17.48,2.01,6.27,17.99,100.0,100.0,7.29,4.96,14.76,2.2,45.346,89.41,100.0,31.977,False,,0.0,71.224,0.0,0.0,0.0,5.244,22.43,-2.0,-0.19,22.352,3.0,0.0,76.204,81.125,100.0,100.0,45.203,100.0,30.481,12.0,0.0,74.134,79.977,100.0,100.0,41.255,100.0,29.654,5.04,1.42,82.633,82.738,90.0,MODERATE
399,2026-06-05 03:45:00+00:00,3,4,0.707107,0.707107,-0.433884,-0.900969,False,False,NIGHT,1.0,1.0,3.0,10.0,32.0,340.0,0.0,0.0,0.0,1.68,3.213,82.23,7.9,82.23,79.029,17.77,2.1,6.27,17.99,100.0,100.0,6.94,4.84,15.22,2.12,43.62,89.41,100.0,31.612,False,,0.0,70.822,0.0,0.0,0.0,3.842,18.21,-2.0,-0.18,22.352,3.0,0.0,75.693,81.114,100.0,100.0,45.115,100.0,30.277,14.0,0.0,74.385,79.808,100.0,100.0,41.725,100.0,29.754,1.68,3.966,81.607,82.269,89.99,MODERATE
400,2026-06-05 04:00:00+00:00,4,4,0.866025,0.5,-0.433884,-0.900969,False,False,NIGHT,0.0,1.0,3.0,10.0,27.0,340.0,0.0,0.0,0.0,0.0,2.275,81.86,7.71,81.857,77.074,18.14,2.29,6.27,17.99,100.0,100.0,6.77,4.72,15.51,2.07,42.555,89.24,100.0,30.829,False,,0.0,70.253,0.0,0.0,0.0,2.704,15.96,-1.0,-0.19,22.31,3.0,0.0,75.477,80.937,100.0,100.0,45.105,100.0,30.191,14.0,0.0,74.27,79.347,69.777,65.782,39.88,100.0,29.708,5.04,4.385,81.451,82.448,90.0,MODERATE
401,2026-06-05 04:15:00+00:00,4,4,0.866025,0.5,-0.433884,-0.900969,False,False,NIGHT,1.0,1.0,2.0,10.0,24.0,339.0,0.0,0.0,0.0,1.68,2.496,81.74,7.62,81.739,76.211,18.26,2.38,6.27,17.99,100.0,100.0,7.38,4.61,15.0,2.16,44.429,89.23,100.0,30.484,False,,0.0,70.223,0.0,0.0,0.0,1.706,12.73,-4.0,-0.35,22.308,2.0,0.0,74.051,80.376,100.0,100.0,43.873,100.0,29.62,16.0,0.0,76.194,79.986,70.339,66.311,41.42,100.0,30.478,1.68,4.349,80.86,81.84,89.99,MODERATE
402,2026-06-05 04:30:00+00:00,4,4,0.866025,0.5,-0.433884,-0.900969,False,False,NIGHT,1.0,2.0,3.0,11.0,23.0,339.0,0.0,0.0,0.0,1.68,4.142,81.12,7.62,81.125,76.204,18.88,2.38,4.98,15.15,100.0,100.0,7.68,4.53,14.8,2.2,45.203,89.23,100.0,30.481,False,,0.0,70.157,0.0,0.0,0.0,0.911,8.6,0.0,-0.18,22.308,6.0,0.0,74.134,79.977,100.0,100.0,41.255,100.0,29.654,15.0,0.0,77.301,80.751,72.644,68.422,41.432,100.0,30.921,3.36,1.959,81.291,82.147,90.0,MODERATE
403,2026-06-05 04:45:00+00:00,4,4,0.866025,0.5,-0.433884,-0.900969,False,False,NIGHT,1.0,2.0,3.0,11.0,22.0,339.0,0.0,0.0,0.0,1.68,1.928,81.11,7.57,81.114,75.693,18.89,2.43,6.27,17.99,100.0,100.0,7.73,4.45,14.82,2.19,45.115,89.22,100.0,30.277,False,,0.0,70.044,0.0,0.0,0.0,0.373,4.53,0.0,-0.19,22.305,8.0,0.0,74.385,79.808,100.0,100.0,41.725,100.0,29.754,14.0,0.0,76.531,80.243,84.004,78.605,43.496,100.0,30.613,5.04,3.395,81.72,82.516,90.0,MODERATE
404,2026-06-05 05:00:00+00:00,5,4,0.965926,0.258819,-0.433884,-0.900969,False,False,NIGHT,1.0,2.0,4.0,11.0,23.0,339.0,0.0,0.0,0.0,1.68,2.472,80.94,7.55,80.937,75.477,19.06,2.45,5.96,17.32,100.0,100.0,7.78,4.39,14.82,2.19,45.105,89.21,100.0,30.191,False,,0.0,69.961,0.0,0.0,0.0,0.09,1.44,1.0,-0.03,22.302,7.0,0.0,74.27,79.347,69.777,65.782,39.88,100.0,29.708,15.0,0.0,77.245,80.038,70.385,66.355,44.221,100.0,30.898,5.04,3.527,82.769,82.789,90.0,NORMAL
405,2026-06-05 05:15:00+00:00,5,4,0.965926,0.258819,-0.433884,-0.900969,False,False,NIGHT,0.0,1.0,3.0,11.0,22.0,338.0,0.0,0.0,0.0,0.0,2.816,80.38,7.41,80.376,74.051,19.62,2.59,6.27,17.99,100.0,100.0,7.52,4.33,15.15,2.13,43.873,89.05,100.0,29.62,False,,0.0,69.441,0.0,0.0,0.0,0.0,0.0,1.0,-0.18,22.262,8.0,0.0,76.194,79.986,70.339,66.311,41.42,100.0,30.478,17.0,0.0,78.673,80.412,78.746,73.906,43.633,100.0,31.469,5.04,3.346,83.358,83.154,90.0,NORMAL
406,2026-06-05 05:30:00+00:00,5,4,0.965926,0.258819,-0.433884,-0.900969,False,False,NIGHT,1.0,1.0,3.0,9.0,19.0,339.0,0.0,0.0,0.0,1.68,3.243,79.98,7.41,79.977,74.134,20.02,2.59,5.44,16.16,100.0,100.0,6.86,4.28,15.86,2.0,41.255,89.04,100.0,29.654,False,,0.0,69.135,0.0,0.0,0.0,0.0,0.0,0.0,-0.19,22.26,6.0,0.0,77.301,80.751,72.644,68.422,41.432,100.0,30.921,16.0,0.0,79.302,80.913,71.155,67.08,42.002,100.0,31.721,3.36,2.633,83.319,83.339,90.0,NORMAL
407,2026-06-05 05:45:00+00:00,5,4,0.965926,0.258819,-0.433884,-0.900969,False,False,NIGHT,1.0,2.0,3.0,9.0,19.0,338.0,0.0,0.0,0.0,1.68,2.255,79.81,7.44,79.808,74.385,20.19,2.56,4.35,13.76,100.0,100.0,7.02,4.24,15.73,2.03,41.725,89.03,100.0,29.754,False,,0.0,69.19,0.0,0.0,0.0,0.0,0.0,0.0,-0.19,22.258,6.0,0.0,76.531,80.243,84.004,78.605,43.496,100.0,30.613,16.0,0.0,80.016,80.62,70.897,66.837,41.735,100.0,32.006,5.04,4.566,84.359,83.354,90.0,NORMAL
408,2026-06-05 06:00:00+00:00,6,4,1.0,0.0,-0.433884,-0.900969,False,False,MORNING,0.0,1.0,2.0,9.0,19.0,337.0,0.0,0.0,0.0,0.0,1.89,79.35,7.43,79.347,74.27,20.65,2.57,11.97,27.41,69.777,65.782,6.56,4.21,16.23,1.94,39.88,88.87,100.0,29.708,False,,0.0,61.167,0.0,0.0,0.0,0.0,0.0,-2.0,-0.34,22.218,7.0,0.0,77.245,80.038,70.385,66.355,44.221,100.0,30.898,16.0,0.0,81.402,80.642,70.916,66.856,41.471,100.0,32.561,3.36,4.995,83.85,82.996,90.0,NORMAL
409,2026-06-05 06:15:00+00:00,6,4,1.0,0.0,-0.433884,-0.900969,False,False,MORNING,4.0,4.0,6.0,11.0,21.0,335.0,0.0,0.0,0.0,6.72,3.396,79.99,7.62,79.986,76.194,20.01,2.38,11.97,27.41,70.339,66.311,6.98,4.21,15.82,2.01,41.42,89.34,100.0,30.478,False,,0.0,61.962,0.0,0.0,0.0,0.0,0.0,3.0,0.29,22.335,8.0,0.0,78.673,80.412,78.746,73.906,43.633,100.0,31.469,17.0,0.0,81.794,81.074,71.295,67.213,43.806,100.0,32.718,9.244,4.139,86.021,84.055,90.0,NORMAL
410,2026-06-05 06:30:00+00:00,6,4,1.0,0.0,-0.433884,-0.900969,False,False,MORNING,3.0,7.0,8.0,14.0,23.0,337.0,0.0,0.0,0.0,5.04,1.535,80.75,7.73,80.751,77.301,19.25,2.27,11.7,26.82,72.644,68.422,6.97,4.22,15.81,2.01,41.432,89.65,100.0,30.921,False,,0.0,62.882,0.0,0.0,0.0,0.0,0.0,5.0,0.61,22.412,9.0,0.0,79.302,80.913,71.155,67.08,42.002,100.0,31.721,15.0,0.0,82.345,81.363,80.953,75.924,44.351,100.0,32.938,7.556,3.938,87.37,84.825,90.0,NORMAL
411,2026-06-05 06:45:00+00:00,6,4,1.0,0.0,-0.433884,-0.900969,False,False,MORNING,0.0,3.0,7.0,13.0,23.0,337.0,0.0,0.0,0.0,0.0,2.34,80.24,7.65,80.243,76.531,19.76,2.35,10.06,23.2,84.004,78.605,7.53,4.21,15.26,2.11,43.496,89.49,100.0,30.613,False,,0.0,65.387,0.0,0.0,0.0,0.0,0.0,4.0,0.46,22.372,8.0,0.0,80.016,80.62,70.897,66.837,41.735,100.0,32.006,15.0,0.0,82.369,81.435,72.268,68.105,42.893,100.0,32.948,3.36,3.133,86.882,84.93,90.0,NORMAL
412,2026-06-05 07:00:00+00:00,7,4,0.965926,-0.258819,-0.433884,-0.900969,False,False,MORNING,1.0,1.0,8.0,14.0,24.0,332.0,0.0,0.0,0.0,1.68,2.215,80.04,7.72,80.038,77.245,19.96,2.28,11.97,27.41,70.385,66.355,7.72,4.22,15.06,2.15,44.221,89.48,100.0,30.898,False,,0.0,62.446,0.0,0.0,0.0,0.0,0.0,6.0,0.61,22.37,8.0,0.0,81.402,80.642,70.916,66.856,41.471,100.0,32.561,17.0,0.0,82.398,82.155,73.26,69.027,43.229,100.0,32.959,1.68,4.944,85.777,84.224,89.99,NORMAL
413,2026-06-05 07:15:00+00:00,7,4,0.965926,-0.258819,-0.433884,-0.900969,False,False,MORNING,2.0,3.0,6.0,15.0,25.0,332.0,0.0,0.0,0.0,3.36,1.293,80.41,7.87,80.412,78.673,19.59,2.13,10.75,24.73,78.746,73.906,7.54,4.24,15.22,2.12,43.633,89.63,100.0,31.469,False,,0.0,64.67,0.0,0.0,0.0,0.0,0.0,0.0,0.29,22.408,9.0,0.0,81.794,81.074,71.295,67.213,43.806,100.0,32.718,17.0,0.0,82.178,81.878,72.189,68.048,42.924,100.0,32.871,8.758,4.332,87.446,85.164,90.0,NORMAL
414,2026-06-05 07:30:00+00:00,7,4,0.965926,-0.258819,-0.433884,-0.900969,False,False,MORNING,3.0,5.0,6.0,17.0,28.0,330.0,0.0,0.0,0.0,5.04,2.784,80.91,7.93,80.913,79.302,19.09,2.07,11.97,27.41,71.155,67.08,7.07,4.27,15.66,2.04,42.002,89.95,100.0,31.721,False,,0.0,63.03,0.0,0.0,0.0,0.0,0.0,-2.0,0.3,22.488,7.0,0.0,82.345,81.363,80.953,75.924,44.351,100.0,32.938,19.0,0.0,82.633,82.738,75.976,71.501,43.778,100.0,33.053,3.002,5.629,86.187,84.633,89.99,NORMAL
415,2026-06-05 07:45:00+00:00,7,4,0.965926,-0.258819,-0.433884,-0.900969,False,False,MORNING,1.0,4.0,7.0,17.0,28.0,330.0,0.0,0.0,0.0,1.68,2.568,80.62,8.0,80.62,80.016,19.38,2.0,11.97,27.41,70.897,66.837,6.98,4.29,15.73,2.03,41.735,89.94,100.0,32.006,False,,0.0,63.024,0.0,0.0,0.0,0.0,0.0,0.0,0.45,22.485,8.0,0.0,82.369,81.435,72.268,68.105,42.893,100.0,32.948,18.0,0.0,81.607,82.269,72.442,68.291,42.284,100.0,32.643,5.04,4.998,86.283,84.634,90.0,NORMAL
416,2026-06-05 08:00:00+00:00,8,4,0.866025,-0.5,-0.433884,-0.900969,False,False,MORNING,2.0,3.0,8.0,18.0,29.0,330.0,0.0,0.0,0.0,3.36,2.716,80.64,8.14,80.642,81.402,19.36,1.86,11.97,27.41,70.916,66.856,6.87,4.33,15.8,2.02,41.471,90.0,100.0,32.561,False,,0.0,63.287,0.0,0.0,0.0,0.0,0.0,0.0,0.52,22.5,8.0,0.0,82.398,82.155,73.26,69.027,43.229,100.0,32.959,20.0,0.0,81.451,82.448,72.504,68.353,42.437,100.0,32.58,3.36,4.323,85.545,84.467,90.0,NORMAL
417,2026-06-05 08:15:00+00:00,8,4,0.866025,-0.5,-0.433884,-0.900969,False,False,MORNING,3.0,5.0,9.0,21.0,32.0,331.0,0.0,0.0,0.0,5.04,3.158,81.07,8.18,81.074,81.794,18.93,1.82,11.97,27.41,71.295,67.213,7.46,4.36,15.17,2.13,43.806,90.0,100.0,32.718,False,,0.0,63.759,0.0,0.0,0.0,0.0,0.0,3.0,0.37,22.5,8.0,0.0,82.178,81.878,72.189,68.048,42.924,100.0,32.871,19.0,0.0,80.86,81.84,71.969,67.849,44.241,100.0,32.344,6.72,4.471,86.086,84.975,90.0,NORMAL
418,2026-06-05 08:30:00+00:00,8,4,0.866025,-0.5,-0.433884,-0.900969,False,False,MORNING,2.0,5.0,8.0,22.0,31.0,328.0,0.0,0.0,0.0,3.36,1.981,81.36,8.23,81.363,82.345,18.64,1.77,10.58,24.36,80.953,75.924,7.58,4.4,15.03,2.16,44.351,90.0,100.0,32.938,False,,0.0,66.186,0.0,0.0,0.0,0.0,0.0,2.0,0.05,22.5,8.0,0.0,82.633,82.738,75.976,71.501,43.778,100.0,33.053,25.0,0.0,81.291,82.147,72.24,68.103,44.379,100.0,32.516,3.36,3.806,85.346,84.938,90.0,NORMAL
419,2026-06-05 08:45:00+00:00,8,4,0.866025,-0.5,-0.433884,-0.900969,False,False,MORNING,1.0,3.0,8.0,22.0,31.0,323.0,0.0,0.0,0.0,1.68,1.384,81.43,8.24,81.435,82.369,18.57,1.76,11.86,27.18,72.268,68.105,7.16,4.42,15.42,2.08,42.893,89.99,100.0,32.948,False,,0.0,64.095,0.0,0.0,0.0,0.0,0.0,1.0,0.05,22.498,7.0,0.0,81.607,82.269,72.442,68.291,42.284,100.0,32.643,26.0,0.0,81.72,82.516,82.434,77.3,44.718,100.0,32.688,3.36,5.353,85.183,84.456,90.0,NORMAL
420,2026-06-05 09:00:00+00:00,9,4,0.707107,-0.707107,-0.433884,-0.900969,False,False,MORNING,3.0,4.0,9.0,25.0,34.0,316.0,0.0,0.0,0.0,5.04,2.149,82.15,8.24,82.155,82.398,17.85,1.76,11.8,27.05,73.26,69.027,7.23,4.45,15.33,2.1,43.229,90.0,100.0,32.959,False,,0.0,64.519,0.0,0.0,0.0,0.0,0.0,1.0,0.0,22.5,9.0,0.0,81.451,82.448,72.504,68.353,42.437,100.0,32.58,25.0,0.0,82.769,82.789,77.111,72.527,46.047,100.0,33.108,5.04,4.706,85.216,84.536,90.0,NORMAL
421,2026-06-05 09:15:00+00:00,9,4,0.707107,-0.707107,-0.433884,-0.900969,False,False,MORNING,1.0,4.0,7.0,22.0,33.0,306.0,0.0,0.0,0.0,1.68,2.874,81.88,8.22,81.878,82.178,18.12,1.78,11.94,27.35,72.189,68.048,7.13,4.46,15.41,2.09,42.924,89.99,100.0,32.871,False,,0.0,64.14,0.0,0.0,0.0,0.0,0.0,-2.0,-0.01,22.498,9.0,0.0,80.86,81.84,71.969,67.849,44.241,100.0,32.344,23.0,0.0,83.358,83.154,73.125,68.938,45.725,100.0,33.343,5.04,4.453,84.689,84.736,90.0,NORMAL
422,2026-06-05 09:30:00+00:00,9,4,0.707107,-0.707107,-0.433884,-0.900969,False,False,MORNING,3.0,4.0,8.0,22.0,36.0,298.0,0.0,0.0,0.0,5.04,1.42,82.74,8.26,82.738,82.633,17.26,1.74,11.46,26.3,75.976,71.501,7.34,4.48,15.18,2.13,43.778,90.0,100.0,33.053,False,,0.0,65.366,0.0,0.0,0.0,0.0,0.0,0.0,0.0,22.5,11.0,0.0,81.291,82.147,72.24,68.103,44.379,100.0,32.516,26.0,0.0,83.319,83.339,79.383,74.593,43.06,100.0,33.328,0.0,5.04,82.738,83.671,89.83,NORMAL
423,2026-06-05 09:45:00+00:00,9,4,0.707107,-0.707107,-0.433884,-0.900969,False,False,MORNING,1.0,4.0,8.0,23.0,36.0,287.0,0.0,0.0,0.0,1.68,3.966,82.27,8.16,82.269,81.607,17.73,1.84,11.95,27.38,72.442,68.291,6.94,4.48,15.58,2.05,42.284,89.99,100.0,32.643,False,,0.0,64.114,0.0,0.0,0.0,0.0,0.0,0.0,0.0,22.498,11.0,0.0,81.72,82.516,82.434,77.3,44.718,100.0,32.688,25.0,0.0,84.359,83.354,75.921,71.473,43.843,100.0,33.744,9.013,5.02,84.99,84.444,90.0,NORMAL
424,2026-06-05 10:00:00+00:00,10,4,0.5,-0.866025,-0.433884,-0.900969,False,False,MORNING,3.0,4.0,8.0,25.0,39.0,284.0,0.0,0.0,0.0,5.04,4.385,82.45,8.15,82.448,81.451,17.55,1.85,11.97,27.41,72.504,68.353,6.98,4.48,15.54,2.06,42.437,90.0,100.0,32.58,False,,0.0,64.151,0.0,0.0,0.0,0.0,0.0,-1.0,0.0,22.5,11.0,0.0,82.769,82.789,77.111,72.527,46.047,100.0,33.108,25.0,0.0,83.85,82.996,72.986,68.807,43.978,100.0,33.54,7.787,6.81,86.993,84.488,90.0,NORMAL
425,2026-06-05 10:15:00+00:00,10,4,0.5,-0.866025,-0.433884,-0.900969,False,False,MORNING,1.0,4.0,8.0,24.0,39.0,273.0,0.0,0.0,0.0,1.68,4.349,81.84,8.09,81.84,80.86,18.16,1.91,11.97,27.41,71.969,67.849,7.47,4.47,15.05,2.15,44.241,89.99,100.0,32.344,False,,0.0,63.937,0.0,0.0,0.0,0.0,0.0,1.0,0.0,22.498,10.0,0.0,83.358,83.154,73.125,68.938,45.725,100.0,33.343,25.0,1.5,86.021,84.055,74.51,70.244,43.749,100.0,43.394,1.68,4.349,85.78,83.942,89.99,NORMAL
426,2026-06-05 10:30:00+00:00,10,4,0.5,-0.866025,-0.433884,-0.900969,False,False,MORNING,2.0,3.0,7.0,23.0,40.0,271.0,0.0,0.0,0.0,3.36,1.959,82.15,8.13,82.147,81.291,17.85,1.87,11.97,27.41,72.24,68.103,7.51,4.47,15.02,2.16,44.379,90.0,100.0,32.516,False,,0.0,64.166,0.0,0.0,0.0,0.0,0.0,-1.0,0.0,22.5,14.0,0.0,83.319,83.339,79.383,74.593,43.06,100.0,33.328,22.0,0.0,87.37,84.825,85.045,79.735,45.243,100.0,34.948,5.04,4.51,85.78,84.074,90.0,NORMAL
427,2026-06-05 10:45:00+00:00,10,4,0.5,-0.866025,-0.433884,-0.900969,False,False,MORNING,3.0,5.0,9.0,25.0,42.0,262.0,0.0,0.0,0.0,5.04,3.395,82.52,8.17,82.516,81.72,17.48,1.83,10.54,24.26,82.434,77.3,7.6,4.48,14.93,2.17,44.718,90.0,100.0,32.688,False,,0.0,66.69,0.0,0.0,0.0,0.0,0.0,1.0,0.01,22.5,15.0,0.0,84.359,83.354,75.921,71.473,43.843,100.0,33.744,21.0,0.0,86.882,84.93,82.238,77.221,45.909,100.0,34.753,1.68,5.771,84.248,83.205,89.99,NORMAL
428,2026-06-05 11:00:00+00:00,11,4,0.258819,-0.965926,-0.433884,-0.900969,False,False,MORNING,3.0,6.0,9.0,26.0,44.0,255.0,0.0,0.0,0.0,5.04,3.527,82.79,8.28,82.789,82.769,17.21,1.72,11.3,25.94,77.111,72.527,7.94,4.49,14.57,2.24,46.047,90.0,100.0,33.108,False,,0.0,65.868,0.0,0.0,0.0,0.0,0.0,1.0,0.0,22.5,14.0,0.0,83.85,82.996,72.986,68.807,43.978,100.0,33.54,21.0,0.0,85.777,84.224,74.066,69.825,44.771,100.0,34.311,6.72,4.339,85.584,83.666,90.0,NORMAL
429,2026-06-05 11:15:00+00:00,11,4,0.258819,-0.965926,-0.433884,-0.900969,False,False,MORNING,3.0,6.0,11.0,26.0,47.0,256.0,0.0,0.0,0.0,5.04,3.346,83.15,8.34,83.154,83.358,16.85,1.66,11.97,27.41,73.125,68.938,7.84,4.51,14.65,2.22,45.725,90.0,100.0,33.343,False,,0.0,65.128,0.0,0.0,0.0,0.0,0.0,3.0,0.01,22.5,13.0,1.5,86.021,84.055,74.51,70.244,43.749,100.0,43.394,23.0,0.79,87.446,85.164,81.241,76.347,44.199,100.0,39.701,1.68,4.702,84.258,83.043,89.99,NORMAL
430,2026-06-05 11:30:00+00:00,11,4,0.258819,-0.965926,-0.433884,-0.900969,False,False,MORNING,2.0,5.0,11.0,26.0,48.0,253.0,0.0,0.0,0.0,3.36,2.633,83.34,8.33,83.339,83.319,16.66,1.67,11.05,25.39,79.383,74.593,7.1,4.52,15.37,2.09,43.06,90.0,100.0,33.328,False,,0.0,66.351,0.0,0.0,0.0,0.0,0.0,4.0,0.0,22.5,12.0,0.0,87.37,84.825,85.045,79.735,45.243,100.0,34.948,20.0,0.0,86.187,84.633,74.947,70.636,44.058,100.0,34.475,5.04,4.158,84.109,83.278,90.0,NORMAL
431,2026-06-05 11:45:00+00:00,11,4,0.258819,-0.965926,-0.433884,-0.900969,False,False,MORNING,3.0,5.0,11.0,28.0,50.0,247.0,0.0,0.0,0.0,5.04,4.566,83.35,8.44,83.354,84.359,16.65,1.56,11.56,26.51,75.921,71.473,7.29,4.55,15.16,2.13,43.843,90.0,100.0,33.744,False,,0.0,65.843,0.0,0.0,0.0,0.0,0.0,2.0,0.0,22.5,10.0,0.0,86.882,84.93,82.238,77.221,45.909,100.0,34.753,19.0,0.0,86.283,84.634,74.427,70.165,44.583,100.0,34.513,3.36,4.007,83.103,83.217,90.0,NORMAL
432,2026-06-05 12:00:00+00:00,12,4,0.0,-1.0,-0.433884,-0.900969,False,False,MORNING,2.0,5.0,10.0,27.0,52.0,237.0,0.0,0.0,0.0,3.36,4.995,83.0,8.39,82.996,83.85,17.0,1.61,11.97,27.41,72.986,68.807,7.31,4.56,15.13,2.14,43.978,90.0,100.0,33.54,False,,0.0,65.002,0.0,0.0,0.0,0.0,0.0,1.0,0.0,22.5,11.0,0.0,85.777,84.224,74.066,69.825,44.771,100.0,34.311,22.0,0.0,85.545,84.467,86.66,82.419,44.58,100.0,34.218,3.36,4.539,83.235,82.91,90.0,NORMAL
433,2026-06-05 12:15:00+00:00,12,4,0.0,-1.0,-0.433884,-0.900969,False,False,MORNING,7.0,9.0,14.0,33.0,55.0,234.0,1.5,0.0,0.0,9.244,4.139,84.06,8.6,84.055,86.021,15.94,1.4,11.97,27.41,74.51,70.244,7.16,4.65,15.19,2.13,43.749,90.0,100.0,43.394,False,,2.6,66.964,1.5,1.5,1.5,0.094,1.5,3.0,0.0,22.875,12.0,0.79,87.446,85.164,81.241,76.347,44.199,100.0,39.701,24.0,0.0,86.086,84.975,87.181,82.915,44.591,100.0,34.434,6.72,4.115,84.062,83.478,90.0,NORMAL
434,2026-06-05 12:30:00+00:00,12,4,0.0,-1.0,-0.433884,-0.900969,False,False,MORNING,3.0,10.0,15.0,33.0,55.0,230.0,0.0,0.13,0.1348,7.556,3.938,84.82,8.74,84.825,87.37,15.18,1.26,10.5,24.18,85.045,79.735,7.54,4.68,14.78,2.2,45.243,90.0,100.0,34.948,False,,0.0,68.981,-1.5,0.0,0.0,0.094,1.5,4.0,0.0,22.5,10.0,0.0,86.187,84.633,74.947,70.636,44.058,100.0,34.475,21.0,0.0,85.346,84.938,87.143,82.878,44.435,100.0,34.138,1.68,4.156,83.106,82.955,89.99,NORMAL
435,2026-06-05 12:45:00+00:00,12,4,0.0,-1.0,-0.433884,-0.900969,False,False,MORNING,2.0,5.0,14.0,34.0,57.0,229.0,0.0,0.0,0.0,3.36,3.133,84.93,8.69,84.93,86.882,15.07,1.31,10.87,25.0,82.238,77.221,7.7,4.7,14.6,2.23,45.909,90.0,100.0,34.753,False,,0.0,68.328,0.0,-1.5,0.0,0.094,1.5,3.0,0.0,22.5,11.0,0.0,86.283,84.634,74.427,70.165,44.583,100.0,34.513,22.0,0.0,85.183,84.456,87.053,82.781,44.459,100.0,34.073,0.0,5.003,82.316,81.783,89.83,NORMAL
436,2026-06-05 13:00:00+00:00,13,4,-0.258819,-0.965926,-0.433884,-0.900969,False,False,MORNING,1.0,3.0,13.0,32.0,57.0,225.0,0.0,0.0,0.0,1.68,4.944,84.22,8.58,84.224,85.777,15.78,1.42,11.97,27.41,74.066,69.825,7.38,4.7,14.91,2.18,44.771,89.99,100.0,34.311,False,,0.0,65.981,0.0,0.0,0.0,0.094,1.5,3.0,-0.01,22.498,10.0,0.0,85.545,84.467,86.66,82.419,44.58,100.0,34.218,21.0,0.0,85.216,84.536,100.0,95.555,44.723,100.0,34.087,9.718,4.093,85.16,82.905,90.0,NORMAL
437,2026-06-05 13:15:00+00:00,13,4,-0.258819,-0.965926,-0.433884,-0.900969,False,False,MORNING,6.0,7.0,12.0,37.0,61.0,226.0,0.79,0.0,0.0,8.758,4.332,85.16,8.74,85.164,87.446,14.84,1.26,11.08,25.46,81.241,76.347,7.18,4.75,15.07,2.15,44.199,90.0,100.0,39.701,False,,1.4,68.619,0.79,0.79,-0.71,0.143,1.5,-2.0,0.0,22.698,11.0,0.0,86.086,84.975,87.181,82.915,44.591,100.0,34.434,22.0,0.0,84.689,84.736,86.935,82.681,44.993,100.0,33.875,9.256,4.783,87.0,83.839,90.0,NORMAL
438,2026-06-05 13:30:00+00:00,13,4,-0.258819,-0.965926,-0.433884,-0.900969,False,False,MORNING,1.0,7.0,10.0,36.0,59.0,221.0,0.0,0.07,0.0708,3.002,5.629,84.63,8.62,84.633,86.187,15.37,1.38,11.89,27.23,74.947,70.636,7.15,4.75,15.1,2.14,44.058,89.99,100.0,34.475,False,,0.0,66.292,-0.79,0.0,0.0,0.143,1.5,-5.0,-0.01,22.498,10.0,0.0,85.346,84.938,87.143,82.878,44.435,100.0,34.138,20.0,0.0,82.738,83.671,91.883,87.197,45.327,100.0,33.095,2.866,4.577,86.901,83.421,89.99,NORMAL
439,2026-06-05 13:45:00+00:00,13,4,-0.258819,-0.965926,-0.433884,-0.900969,False,False,MORNING,3.0,4.0,11.0,36.0,61.0,217.0,0.0,0.0,0.0,5.04,4.998,84.63,8.63,84.634,86.283,15.37,1.37,11.97,27.41,74.427,70.165,7.29,4.75,14.96,2.17,44.583,90.0,100.0,34.513,False,,0.0,66.24,0.0,-0.79,0.0,0.143,1.5,-3.0,0.0,22.5,8.0,0.0,85.183,84.456,87.053,82.781,44.459,100.0,34.073,23.0,0.63,84.99,84.444,86.929,82.675,45.367,100.0,37.806,3.36,2.756,86.685,83.594,90.0,NORMAL
440,2026-06-05 14:00:00+00:00,14,4,-0.5,-0.866025,-0.433884,-0.900969,False,False,EVENING,2.0,5.0,12.0,35.0,61.0,215.0,0.0,0.0,0.0,3.36,4.323,84.47,8.55,84.467,85.545,15.53,1.45,10.26,23.29,86.66,82.419,7.3,4.74,14.96,2.17,44.58,90.0,100.0,34.218,False,,0.0,68.993,0.0,0.0,0.0,0.143,1.5,-1.0,0.01,22.5,12.0,0.0,85.216,84.536,100.0,95.555,44.723,100.0,34.087,19.0,0.0,86.993,84.488,88.372,83.997,46.2,100.0,34.797,3.36,2.901,85.819,83.795,90.0,NORMAL
441,2026-06-05 14:15:00+00:00,14,4,-0.5,-0.866025,-0.433884,-0.900969,False,False,EVENING,4.0,6.0,10.0,36.0,62.0,215.0,0.0,0.0,0.0,6.72,4.471,84.98,8.61,84.975,86.086,15.02,1.39,10.26,23.29,87.181,82.915,7.3,4.74,14.96,2.17,44.591,90.0,100.0,34.434,False,,0.0,69.336,0.0,0.0,-0.79,0.143,1.5,-2.0,0.0,22.5,13.0,0.0,84.689,84.736,86.935,82.681,44.993,100.0,33.875,17.0,0.0,85.78,83.942,86.12,81.906,46.142,100.0,34.312,1.68,3.762,84.685,83.388,89.99,NORMAL
442,2026-06-05 14:30:00+00:00,14,4,-0.5,-0.866025,-0.433884,-0.900969,False,False,EVENING,2.0,6.0,11.0,36.0,62.0,217.0,0.0,0.0,0.0,3.36,3.806,84.94,8.53,84.938,85.346,15.06,1.47,10.26,23.29,87.143,82.878,7.27,4.73,15.0,2.16,44.435,90.0,100.0,34.138,False,,0.0,69.157,0.0,0.0,0.0,0.143,1.5,1.0,0.01,22.5,11.0,0.0,82.738,83.671,91.883,87.197,45.327,100.0,33.095,20.0,0.0,85.78,84.074,100.0,100.0,46.975,100.0,34.312,6.72,2.639,85.71,84.306,90.0,NORMAL
443,2026-06-05 14:45:00+00:00,14,4,-0.5,-0.866025,-0.433884,-0.900969,False,False,EVENING,2.0,4.0,10.0,35.0,63.0,217.0,0.0,0.0,0.0,3.36,5.353,84.46,8.52,84.456,85.183,15.54,1.48,10.21,23.19,87.053,82.781,7.28,4.72,15.0,2.16,44.459,90.0,100.0,34.073,False,,0.0,68.998,0.0,0.0,0.0,0.143,1.5,-1.0,0.0,22.5,14.0,0.63,84.99,84.444,86.929,82.675,45.367,100.0,37.806,18.0,0.0,84.248,83.205,85.364,81.187,46.22,100.0,33.699,6.72,3.866,86.717,84.919,90.0,NORMAL
444,2026-06-05 15:00:00+00:00,15,4,-0.707107,-0.707107,-0.433884,-0.900969,False,False,EVENING,3.0,5.0,11.0,36.0,63.0,216.0,0.0,0.0,0.0,5.04,4.706,84.54,8.52,84.536,85.216,15.46,1.48,8.81,20.11,100.0,95.555,7.36,4.71,14.92,2.17,44.723,90.0,100.0,34.087,False,,0.0,72.133,0.0,0.0,0.0,0.143,1.5,-1.0,0.0,22.5,9.0,0.0,86.993,84.488,88.372,83.997,46.2,100.0,34.797,17.0,0.0,85.584,83.666,85.838,81.638,45.027,100.0,34.233,1.68,4.222,84.856,84.469,89.99,MODERATE
445,2026-06-05 15:15:00+00:00,15,4,-0.707107,-0.707107,-0.433884,-0.900969,False,False,EVENING,3.0,6.0,10.0,32.0,65.0,216.0,0.0,0.0,0.0,5.04,4.453,84.74,8.47,84.736,84.689,15.26,1.53,10.26,23.29,86.935,82.681,7.44,4.7,14.85,2.19,44.993,90.0,100.0,33.875,False,,0.0,68.983,0.0,0.0,0.0,0.143,1.5,0.0,0.0,22.5,9.0,0.0,85.78,83.942,86.12,81.906,46.142,100.0,34.312,20.0,0.0,84.258,83.043,85.199,81.03,45.613,100.0,33.703,1.68,4.194,83.549,83.971,89.99,NORMAL
446,2026-06-05 15:30:00+00:00,15,4,-0.707107,-0.707107,-0.433884,-0.900969,False,False,EVENING,0.0,3.0,8.0,29.0,62.0,213.0,0.0,0.0,0.0,0.0,5.04,83.67,8.27,83.671,82.738,16.33,1.73,9.59,21.81,91.883,87.197,7.57,4.67,14.76,2.2,45.327,89.83,100.0,33.095,False,,0.0,69.524,0.0,0.0,0.0,0.143,1.5,-3.0,-0.17,22.458,9.0,0.0,85.78,84.074,100.0,100.0,46.975,100.0,34.312,24.0,0.0,84.109,83.278,85.44,81.259,44.214,100.0,33.644,3.36,2.595,83.105,84.207,90.0,NORMAL
447,2026-06-05 15:45:00+00:00,15,4,-0.707107,-0.707107,-0.433884,-0.900969,False,False,EVENING,6.0,6.0,12.0,33.0,67.0,218.0,0.63,0.0,0.0,9.013,5.02,84.44,8.5,84.444,84.99,15.56,1.5,10.26,23.29,86.929,82.675,7.55,4.7,14.75,2.2,45.367,90.0,100.0,37.806,False,,1.1,69.414,0.63,0.63,0.63,0.182,1.5,2.0,0.0,22.658,9.0,0.0,84.248,83.205,85.364,81.187,46.22,100.0,33.699,22.0,0.0,83.103,83.217,85.377,81.2,45.394,100.0,33.241,5.04,4.307,83.32,84.369,90.0,NORMAL
448,2026-06-05 16:00:00+00:00,16,4,-0.866025,-0.5,-0.433884,-0.900969,False,False,EVENING,4.0,10.0,13.0,36.0,68.0,219.0,0.0,0.06,0.0571,7.787,6.81,84.49,8.7,84.488,86.993,15.51,1.3,10.06,22.86,88.372,83.997,7.76,4.71,14.53,2.25,46.2,90.0,100.0,34.797,False,,0.0,69.828,-0.63,0.0,0.0,0.182,1.5,2.0,0.0,22.5,10.0,0.0,85.584,83.666,85.838,81.638,45.027,100.0,34.233,22.0,0.0,83.235,82.91,85.062,80.899,44.832,100.0,33.294,1.68,4.271,82.294,83.824,89.99,NORMAL
449,2026-06-05 16:15:00+00:00,16,4,-0.866025,-0.5,-0.433884,-0.900969,False,False,EVENING,1.0,5.0,11.0,31.0,68.0,217.0,0.0,0.0,0.0,1.68,4.349,83.94,8.58,83.942,85.78,16.06,1.42,10.26,23.29,86.12,81.906,7.74,4.71,14.54,2.24,46.142,89.99,100.0,34.312,False,,0.0,68.939,0.0,-0.63,0.0,0.089,0.79,1.0,-0.01,22.498,8.0,0.0,84.258,83.043,85.199,81.03,45.613,100.0,33.703,22.0,0.0,84.062,83.478,86.662,82.391,45.043,100.0,33.625,3.36,3.869,82.117,83.714,90.0,NORMAL
450,2026-06-05 16:30:00+00:00,16,4,-0.866025,-0.5,-0.433884,-0.900969,False,False,EVENING,3.0,4.0,14.0,33.0,69.0,214.0,0.0,0.0,0.0,5.04,4.51,84.07,8.58,84.074,85.78,15.93,1.42,7.86,18.02,100.0,100.0,7.97,4.72,14.32,2.28,46.975,90.0,100.0,34.312,False,,0.0,72.88,0.0,0.0,0.0,0.089,0.79,6.0,0.17,22.5,11.0,0.0,84.109,83.278,85.44,81.259,44.214,100.0,33.644,19.0,0.0,83.106,82.955,85.108,80.943,46.168,100.0,33.243,1.68,3.121,81.105,83.455,89.99,MODERATE
451,2026-06-05 16:45:00+00:00,16,4,-0.866025,-0.5,-0.433884,-0.900969,False,False,EVENING,1.0,4.0,9.0,31.0,67.0,210.0,0.0,0.0,0.0,1.68,5.771,83.2,8.42,83.205,84.248,16.8,1.58,10.26,23.29,85.364,81.187,7.78,4.7,14.52,2.25,46.22,89.99,100.0,33.699,False,,0.0,68.301,0.0,0.0,-0.63,0.089,0.79,-3.0,-0.01,22.498,9.0,0.0,83.103,83.217,85.377,81.2,45.394,100.0,33.241,22.0,0.0,82.316,81.783,83.906,79.8,44.281,100.0,32.926,5.04,3.479,82.24,83.732,90.0,NORMAL
452,2026-06-05 17:00:00+00:00,17,4,-0.965926,-0.258819,-0.433884,-0.900969,False,False,EVENING,4.0,5.0,9.0,33.0,68.0,212.0,0.0,0.0,0.0,6.72,4.339,83.67,8.56,83.666,85.584,16.33,1.44,10.26,23.29,85.838,81.638,7.46,4.7,14.84,2.19,45.027,90.0,100.0,34.233,False,,0.0,68.673,0.0,0.0,0.0,0.089,0.79,-4.0,0.0,22.5,7.0,0.0,83.235,82.91,85.062,80.899,44.832,100.0,33.294,26.0,1.22,85.16,82.905,85.618,81.428,46.573,100.0,41.356,3.36,2.964,81.641,83.891,90.0,NORMAL
453,2026-06-05 17:15:00+00:00,17,4,-0.965926,-0.258819,-0.433884,-0.900969,False,False,EVENING,1.0,5.0,9.0,30.0,66.0,207.0,0.0,0.0,0.0,1.68,4.702,83.04,8.43,83.043,84.258,16.96,1.57,10.26,23.29,85.199,81.03,7.63,4.69,14.68,2.22,45.613,89.99,100.0,33.703,False,,0.0,68.174,0.0,0.0,0.0,0.039,0.63,-2.0,0.0,22.498,12.0,0.0,84.062,83.478,86.662,82.391,45.043,100.0,33.625,20.0,0.71,87.0,83.839,86.341,82.116,46.435,100.0,39.036,0.0,4.26,79.499,83.04,89.83,NORMAL
454,2026-06-05 17:30:00+00:00,17,4,-0.965926,-0.258819,-0.433884,-0.900969,False,False,EVENING,3.0,4.0,9.0,31.0,67.0,208.0,0.0,0.0,0.0,5.04,4.158,83.28,8.41,83.278,84.109,16.72,1.59,10.26,23.29,85.44,81.259,7.26,4.67,15.06,2.15,44.214,90.0,100.0,33.644,False,,0.0,68.126,0.0,0.0,0.0,0.039,0.63,-5.0,0.0,22.5,13.0,0.0,83.106,82.955,85.108,80.943,46.168,100.0,33.243,16.0,0.0,86.901,83.421,94.403,89.498,45.075,100.0,34.76,3.36,3.069,80.717,82.991,89.99,NORMAL
455,2026-06-05 17:45:00+00:00,17,4,-0.965926,-0.258819,-0.433884,-0.900969,False,False,EVENING,2.0,5.0,10.0,31.0,66.0,205.0,0.0,0.0,0.0,3.36,4.007,83.22,8.31,83.217,83.103,16.78,1.69,10.26,23.29,85.377,81.2,7.6,4.65,14.74,2.21,45.394,90.0,100.0,33.241,False,,0.0,68.003,0.0,0.0,0.0,0.039,0.63,1.0,0.01,22.5,13.0,0.0,82.316,81.783,83.906,79.8,44.281,100.0,32.926,17.0,0.0,86.685,83.594,85.949,81.738,44.883,100.0,34.674,0.0,4.702,79.817,81.906,89.82,NORMAL
456,2026-06-05 18:00:00+00:00,18,4,-1.0,-0.0,-0.433884,-0.900969,False,False,EVENING,2.0,4.0,8.0,30.0,66.0,204.0,0.0,0.0,0.0,3.36,4.539,82.91,8.32,82.91,83.235,17.09,1.68,10.26,23.29,85.062,80.899,7.47,4.64,14.9,2.18,44.832,90.0,100.0,33.294,False,,0.0,67.837,0.0,0.0,0.0,0.039,0.63,-1.0,0.0,22.5,15.0,1.22,85.16,82.905,85.618,81.428,46.573,100.0,41.356,18.0,0.0,85.819,83.795,85.97,81.764,45.28,100.0,34.327,3.36,2.816,80.128,82.011,89.87,NORMAL
457,2026-06-05 18:15:00+00:00,18,4,-1.0,-0.0,-0.433884,-0.900969,False,False,EVENING,4.0,6.0,11.0,31.0,63.0,204.0,0.0,0.0,0.0,6.72,4.115,83.48,8.41,83.478,84.062,16.52,1.59,10.14,23.03,86.662,82.391,7.53,4.64,14.84,2.19,45.043,90.0,100.0,33.625,False,,0.0,68.518,0.0,0.0,0.0,0.039,0.63,2.0,0.01,22.5,10.0,0.71,87.0,83.839,86.341,82.116,46.435,100.0,39.036,17.0,0.0,84.685,83.388,100.0,100.0,45.453,100.0,33.874,1.68,1.975,80.041,81.946,89.76,NORMAL
458,2026-06-05 18:30:00+00:00,18,4,-1.0,-0.0,-0.433884,-0.900969,False,False,EVENING,1.0,5.0,9.0,32.0,61.0,202.0,0.0,0.0,0.0,1.68,4.156,82.95,8.31,82.955,83.106,17.05,1.69,10.26,23.29,85.108,80.943,7.84,4.62,14.53,2.24,46.168,89.99,100.0,33.243,False,,0.0,67.953,0.0,0.0,0.0,0.039,0.63,0.0,-0.01,22.498,6.0,0.0,86.901,83.421,94.403,89.498,45.075,100.0,34.76,18.0,0.0,85.71,84.306,91.115,86.514,46.222,100.0,34.284,8.4,3.27,82.479,82.984,90.0,NORMAL
459,2026-06-05 18:45:00+00:00,18,4,-1.0,-0.0,-0.433884,-0.900969,False,False,EVENING,0.0,1.0,7.0,26.0,59.0,197.0,0.0,0.0,0.0,0.0,5.003,81.78,8.23,81.783,82.316,18.22,1.77,10.26,23.29,83.906,79.8,7.35,4.6,15.04,2.15,44.281,89.83,100.0,32.926,False,,0.0,67.085,0.0,0.0,0.0,0.039,0.63,-3.0,-0.17,22.458,9.0,0.0,86.685,83.594,85.949,81.738,44.883,100.0,34.674,15.0,0.0,86.717,84.919,94.886,89.995,45.467,100.0,34.687,0.0,3.369,80.746,82.315,89.73,NORMAL
460,2026-06-05 19:00:00+00:00,19,4,-0.965926,0.258819,-0.433884,-0.900969,False,False,EVENING,7.0,7.0,12.0,29.0,65.0,201.0,1.22,0.0,0.0,9.718,4.093,82.9,8.52,82.905,85.16,17.1,1.48,10.26,23.29,85.618,81.428,7.91,4.66,14.43,2.26,46.573,90.0,100.0,41.356,False,,2.0,69.289,1.22,1.22,1.22,0.116,1.22,4.0,0.0,22.805,11.0,0.0,85.819,83.795,85.97,81.764,45.28,100.0,34.327,14.0,0.0,84.856,84.469,87.741,83.416,46.195,100.0,33.942,3.36,0.865,81.066,82.907,89.78,NORMAL
461,2026-06-05 19:15:00+00:00,19,4,-0.965926,0.258819,-0.433884,-0.900969,False,False,EVENING,5.0,12.0,13.0,33.0,64.0,201.0,0.71,0.11,0.1094,9.256,4.783,83.84,8.7,83.839,87.0,16.16,1.3,10.26,23.29,86.341,82.116,7.82,4.71,14.46,2.26,46.435,90.0,100.0,39.036,False,,1.2,69.693,-0.51,0.71,0.71,0.16,1.22,2.0,0.0,22.678,10.0,0.0,84.685,83.388,100.0,100.0,45.453,100.0,33.874,15.0,0.0,83.549,83.971,92.782,88.033,47.678,100.0,33.42,3.36,4.262,82.441,82.544,89.83,NORMAL
462,2026-06-05 19:30:00+00:00,19,4,-0.965926,0.258819,-0.433884,-0.900969,False,False,EVENING,1.0,6.0,13.0,31.0,64.0,202.0,0.0,0.06,0.0635,2.866,4.577,83.42,8.69,83.421,86.901,16.58,1.31,9.3,21.18,94.403,89.498,7.44,4.73,14.83,2.19,45.075,89.99,100.0,34.76,False,,0.0,70.858,-0.71,-1.22,0.0,0.16,1.22,4.0,0.0,22.498,10.0,0.0,85.71,84.306,91.115,86.514,46.222,100.0,34.284,14.0,0.0,83.105,84.207,100.0,99.926,47.109,100.0,33.242,3.36,2.626,82.399,82.732,89.88,MODERATE
463,2026-06-05 19:45:00+00:00,19,4,-0.965926,0.258819,-0.433884,-0.900969,False,False,EVENING,2.0,3.0,15.0,32.0,63.0,201.0,0.0,0.0,0.0,3.36,2.756,83.59,8.67,83.594,86.685,16.41,1.33,10.24,23.24,85.949,81.738,7.38,4.73,14.88,2.18,44.883,90.0,100.0,34.674,False,,0.0,68.89,0.0,-0.71,0.0,0.121,1.22,8.0,0.17,22.5,8.0,0.0,86.717,84.919,94.886,89.995,45.467,100.0,34.687,14.0,0.0,83.32,84.369,89.961,85.455,45.508,100.0,33.328,1.68,4.187,81.558,82.189,89.77,NORMAL
464,2026-06-05 20:00:00+00:00,20,4,-0.866025,0.5,-0.433884,-0.900969,False,False,EVENING,2.0,4.0,10.0,30.0,63.0,201.0,0.0,0.0,0.0,3.36,2.901,83.8,8.58,83.795,85.819,16.2,1.42,10.26,23.29,85.97,81.764,7.49,4.73,14.77,2.2,45.28,90.0,100.0,34.327,False,,0.0,68.802,0.0,0.0,-1.22,0.121,1.22,-2.0,0.0,22.5,7.0,0.0,84.856,84.469,87.741,83.416,46.195,100.0,33.942,11.0,0.0,82.294,83.824,100.0,100.0,45.596,100.0,32.917,0.0,2.687,80.857,81.587,89.5,NORMAL
465,2026-06-05 20:15:00+00:00,20,4,-0.866025,0.5,-0.433884,-0.900969,False,False,EVENING,1.0,3.0,6.0,30.0,60.0,199.0,0.0,0.0,0.0,1.68,3.762,83.39,8.47,83.388,84.685,16.61,1.53,8.28,18.93,100.0,100.0,7.56,4.72,14.73,2.21,45.453,89.99,100.0,33.874,False,,0.0,72.373,0.0,0.0,-0.71,0.121,1.22,-7.0,-0.01,22.498,7.0,0.0,83.549,83.971,92.782,88.033,47.678,100.0,33.42,12.0,0.0,82.117,83.714,100.0,100.0,44.765,100.0,32.847,1.68,1.626,80.526,81.634,89.38,MODERATE
466,2026-06-05 20:30:00+00:00,20,4,-0.866025,0.5,-0.433884,-0.900969,False,False,EVENING,4.0,5.0,9.0,31.0,62.0,200.0,0.0,0.0,0.0,6.72,2.639,84.31,8.57,84.306,85.71,15.69,1.43,9.74,22.15,91.115,86.514,7.76,4.72,14.52,2.25,46.222,90.0,100.0,34.284,False,,0.0,70.165,0.0,0.0,0.0,0.121,1.22,-4.0,0.01,22.5,8.0,0.0,83.105,84.207,100.0,99.926,47.109,100.0,33.242,11.0,0.0,81.105,83.455,100.0,100.0,43.797,100.0,32.442,6.72,3.885,82.422,82.153,89.75,MODERATE
467,2026-06-05 20:45:00+00:00,20,4,-0.866025,0.5,-0.433884,-0.900969,False,False,EVENING,4.0,8.0,11.0,33.0,64.0,201.0,0.0,0.0,0.0,6.72,3.866,84.92,8.67,84.919,86.717,15.08,1.33,9.42,21.45,94.886,89.995,7.55,4.73,14.72,2.21,45.467,90.0,100.0,34.687,False,,0.0,71.303,0.0,0.0,0.0,0.121,1.22,-4.0,0.0,22.5,7.0,0.0,83.32,84.369,89.961,85.455,45.508,100.0,33.328,15.0,0.0,82.24,83.732,100.0,100.0,46.883,100.0,32.896,3.36,3.276,82.433,82.173,89.8,MODERATE
468,2026-06-05 21:00:00+00:00,21,4,-0.707107,0.707107,-0.433884,-0.900969,False,False,EVENING,1.0,5.0,10.0,32.0,62.0,200.0,0.0,0.0,0.0,1.68,4.222,84.47,8.49,84.469,84.856,15.53,1.51,10.13,23.01,87.741,83.416,7.76,4.72,14.53,2.25,46.195,89.99,100.0,33.942,False,,0.0,69.251,0.0,0.0,0.0,0.121,1.22,0.0,-0.01,22.498,7.0,0.0,82.294,83.824,100.0,100.0,45.596,100.0,32.917,12.0,0.0,81.641,83.891,100.0,100.0,46.527,100.0,32.656,1.68,2.532,81.591,82.045,89.69,NORMAL
469,2026-06-05 21:15:00+00:00,21,4,-0.707107,0.707107,-0.433884,-0.900969,False,False,EVENING,1.0,2.0,10.0,29.0,60.0,199.0,0.0,0.0,0.0,1.68,4.194,83.97,8.35,83.971,83.549,16.03,1.65,9.53,21.68,92.782,88.033,8.18,4.69,14.13,2.32,47.678,89.99,100.0,33.42,False,,0.0,70.172,0.0,0.0,0.0,0.121,1.22,4.0,0.0,22.498,8.0,0.0,82.117,83.714,100.0,100.0,44.765,100.0,32.847,12.0,0.0,79.499,83.04,100.0,100.0,46.044,100.0,31.8,1.68,2.609,79.708,82.001,89.58,MODERATE
470,2026-06-05 21:30:00+00:00,21,4,-0.707107,0.707107,-0.433884,-0.900969,False,False,EVENING,2.0,3.0,8.0,30.0,62.0,195.0,0.0,0.0,0.0,3.36,2.595,84.21,8.31,84.207,83.105,15.79,1.69,8.38,19.15,100.0,99.926,8.05,4.67,14.28,2.29,47.109,90.0,100.0,33.242,False,,0.0,72.377,0.0,0.0,0.0,0.121,1.22,-1.0,0.0,22.5,6.0,0.0,81.105,83.455,100.0,100.0,43.797,100.0,32.442,14.0,0.0,80.717,82.991,100.0,100.0,45.824,100.0,32.287,5.04,3.43,80.732,82.301,89.79,MODERATE
471,2026-06-05 21:45:00+00:00,21,4,-0.707107,0.707107,-0.433884,-0.900969,False,False,EVENING,3.0,5.0,7.0,33.0,59.0,194.0,0.0,0.0,0.0,5.04,4.307,84.37,8.33,84.369,83.32,15.63,1.67,9.87,22.44,89.961,85.455,7.64,4.65,14.71,2.21,45.508,90.0,100.0,33.328,False,,0.0,69.371,0.0,0.0,0.0,0.121,1.22,-4.0,0.0,22.5,7.0,0.0,82.24,83.732,100.0,100.0,46.883,100.0,32.896,14.0,0.0,79.817,81.906,100.0,100.0,46.566,100.0,31.927,1.68,3.622,79.982,81.89,89.68,NORMAL
472,2026-06-05 22:00:00+00:00,22,4,-0.5,0.866025,-0.433884,-0.900969,False,False,NIGHT,1.0,4.0,7.0,27.0,56.0,190.0,0.0,0.0,0.0,1.68,4.271,83.82,8.23,83.824,82.294,16.18,1.77,5.76,16.88,100.0,100.0,7.69,4.63,14.69,2.22,45.596,89.99,100.0,32.917,False,,0.0,72.004,0.0,0.0,0.0,0.121,1.22,-3.0,0.0,22.498,4.0,0.0,81.641,83.891,100.0,100.0,46.527,100.0,32.656,15.0,0.0,80.128,82.011,100.0,100.0,46.086,100.0,32.051,0.0,3.129,78.463,81.26,89.41,MODERATE
473,2026-06-05 22:15:00+00:00,22,4,-0.5,0.866025,-0.433884,-0.900969,False,False,NIGHT,2.0,3.0,8.0,24.0,57.0,188.0,0.0,0.0,0.0,3.36,3.869,83.71,8.21,83.714,82.117,16.29,1.79,3.3,11.46,100.0,100.0,7.48,4.6,14.91,2.18,44.765,90.0,100.0,32.847,False,,0.0,71.869,0.0,0.0,0.0,0.121,1.22,-2.0,0.01,22.5,4.0,0.0,79.499,83.04,100.0,100.0,46.044,100.0,31.8,13.0,0.0,80.041,81.946,100.0,100.0,45.828,100.0,32.016,3.36,4.004,79.429,81.002,89.46,MODERATE
474,2026-06-05 22:30:00+00:00,22,4,-0.5,0.866025,-0.433884,-0.900969,False,False,NIGHT,1.0,3.0,7.0,24.0,55.0,187.0,0.0,0.0,0.0,1.68,3.121,83.46,8.11,83.455,81.105,16.54,1.89,6.2,17.84,100.0,100.0,7.25,4.57,15.17,2.13,43.797,89.99,100.0,32.442,False,,0.0,71.523,0.0,0.0,0.0,0.121,1.22,-1.0,-0.01,22.498,5.0,0.0,80.717,82.991,100.0,100.0,45.824,100.0,32.287,13.0,0.0,82.479,82.984,100.0,100.0,44.652,100.0,32.991,3.36,2.471,80.609,81.107,89.51,MODERATE
475,2026-06-05 22:45:00+00:00,22,4,-0.5,0.866025,-0.433884,-0.900969,False,False,NIGHT,3.0,4.0,7.0,25.0,57.0,188.0,0.0,0.0,0.0,5.04,3.479,83.73,8.22,83.732,82.24,16.27,1.78,5.74,16.83,100.0,100.0,8.09,4.56,14.34,2.28,46.883,90.0,100.0,32.896,False,,0.0,72.089,0.0,0.0,0.0,0.121,1.22,0.0,0.0,22.5,8.0,0.0,79.817,81.906,100.0,100.0,46.566,100.0,31.927,12.0,0.0,80.746,82.315,100.0,100.0,45.988,100.0,32.298,1.68,2.423,79.987,80.983,89.4,MODERATE
476,2026-06-05 23:00:00+00:00,23,4,-0.258819,0.965926,-0.433884,-0.900969,False,False,NIGHT,2.0,5.0,8.0,25.0,55.0,190.0,0.0,0.0,0.0,3.36,2.964,83.89,8.16,83.891,81.641,16.11,1.84,6.27,17.99,100.0,100.0,8.01,4.55,14.44,2.26,46.527,90.0,100.0,32.656,False,,0.0,71.972,0.0,0.0,0.0,0.044,0.71,1.0,0.01,22.5,8.0,0.0,80.128,82.011,100.0,100.0,46.086,100.0,32.051,14.0,0.0,81.066,82.907,100.0,100.0,48.853,100.0,32.426,6.72,3.239,81.809,81.671,89.77,MODERATE
477,2026-06-05 23:15:00+00:00,23,4,-0.258819,0.965926,-0.433884,-0.900969,False,False,NIGHT,0.0,2.0,6.0,24.0,54.0,189.0,0.0,0.0,0.0,0.0,4.26,83.04,7.95,83.04,79.499,16.96,2.05,6.27,17.99,100.0,100.0,7.92,4.51,14.57,2.24,46.044,89.83,100.0,31.8,False,,0.0,71.313,0.0,0.0,0.0,0.0,0.0,-2.0,-0.17,22.458,8.0,0.0,80.041,81.946,100.0,100.0,45.828,100.0,32.016,13.0,0.0,82.441,82.544,100.0,100.0,49.349,100.0,32.976,0.0,2.145,80.981,81.218,89.49,MODERATE
478,2026-06-05 23:30:00+00:00,23,4,-0.258819,0.965926,-0.433884,-0.900969,False,False,NIGHT,2.0,2.0,7.0,22.0,53.0,187.0,0.0,0.0,0.0,3.36,3.069,82.99,8.07,82.991,80.717,17.01,1.93,6.27,17.99,100.0,100.0,7.87,4.5,14.63,2.23,45.824,89.99,100.0,32.287,False,,0.0,71.526,0.0,0.0,0.0,0.0,0.0,0.0,0.0,22.498,9.0,0.0,82.479,82.984,100.0,100.0,44.652,100.0,32.991,12.0,0.0,82.399,82.732,100.0,100.0,46.531,100.0,32.96,1.68,2.488,79.427,81.171,89.38,MODERATE
479,2026-06-05 23:45:00+00:00,23,4,-0.258819,0.965926,-0.433884,-0.900969,False,False,NIGHT,0.0,2.0,4.0,18.0,51.0,186.0,0.0,0.0,0.0,0.0,4.702,81.91,7.98,81.906,79.817,18.09,2.02,6.27,17.99,100.0,100.0,8.1,4.48,14.43,2.26,46.566,89.82,100.0,31.927,False,,0.0,71.174,0.0,0.0,0.0,0.0,0.0,-3.0,-0.18,22.455,6.0,0.0,80.746,82.315,100.0,100.0,45.988,100.0,32.298,13.0,0.0,81.558,82.189,100.0,100.0,47.5,100.0,32.623,6.72,2.153,80.942,82.161,89.75,MODERATE
480,2026-06-06 00:00:00+00:00,0,5,0.0,1.0,-0.974928,-0.222521,True,False,NIGHT,2.0,2.0,4.0,19.0,51.0,188.0,0.0,0.0,0.0,3.36,2.816,82.01,8.01,82.011,80.128,17.99,1.99,6.27,17.99,100.0,100.0,7.98,4.46,14.56,2.24,46.086,89.87,100.0,32.051,False,,0.0,71.216,0.0,0.0,0.0,0.0,0.0,-4.0,-0.13,22.468,7.0,0.0,81.066,82.907,100.0,100.0,48.853,100.0,32.426,13.0,0.0,80.857,81.587,100.0,100.0,47.601,100.0,32.343,1.68,3.062,81.249,81.785,89.64,MODERATE
481,2026-06-06 00:15:00+00:00,0,5,0.0,1.0,-0.974928,-0.222521,True,False,NIGHT,1.0,3.0,5.0,19.0,48.0,187.0,0.0,0.0,0.0,1.68,1.975,81.95,8.0,81.946,80.041,18.05,2.0,6.27,17.99,100.0,100.0,7.92,4.45,14.63,2.23,45.828,89.76,100.0,32.016,False,,0.0,71.161,0.0,0.0,0.0,0.0,0.0,-1.0,-0.07,22.44,5.0,0.0,82.441,82.544,100.0,100.0,49.349,100.0,32.976,13.0,0.0,80.526,81.634,100.0,100.0,45.603,100.0,32.211,0.0,4.287,79.713,80.867,89.37,MODERATE
482,2026-06-06 00:30:00+00:00,0,5,0.0,1.0,-0.974928,-0.222521,True,False,NIGHT,5.0,6.0,8.0,22.0,52.0,191.0,0.0,0.0,0.0,8.4,3.27,82.98,8.25,82.984,82.479,17.02,1.75,5.52,16.33,100.0,100.0,7.59,4.47,14.94,2.17,44.652,90.0,100.0,32.991,False,,0.0,71.771,0.0,0.0,0.0,0.0,0.0,1.0,0.01,22.5,4.0,0.0,82.399,82.732,100.0,100.0,46.531,100.0,32.96,14.0,0.0,82.422,82.153,100.0,100.0,44.571,100.0,32.969,5.04,1.292,80.427,81.732,89.58,MODERATE
483,2026-06-06 00:45:00+00:00,0,5,0.0,1.0,-0.974928,-0.222521,True,False,NIGHT,0.0,5.0,8.0,19.0,52.0,191.0,0.0,0.0,0.0,0.0,3.369,82.32,8.07,82.315,80.746,17.68,1.93,6.27,17.99,100.0,100.0,7.95,4.46,14.58,2.24,45.988,89.73,100.0,32.298,False,,0.0,71.397,0.0,0.0,0.0,0.0,0.0,4.0,-0.09,22.432,6.0,0.0,81.558,82.189,100.0,100.0,47.5,100.0,32.623,12.0,0.0,82.433,82.173,100.0,100.0,45.109,100.0,32.973,5.04,2.844,81.55,82.169,89.79,MODERATE
484,2026-06-06 01:00:00+00:00,1,5,0.258819,0.965926,-0.974928,-0.222521,True,False,NIGHT,2.0,2.0,8.0,20.0,47.0,193.0,0.0,0.0,0.0,3.36,0.865,82.91,8.11,82.907,81.066,17.09,1.89,6.27,17.99,100.0,100.0,8.73,4.46,13.81,2.37,48.853,89.78,100.0,32.426,False,,0.0,71.85,0.0,0.0,0.0,0.0,0.0,4.0,-0.09,22.445,7.0,0.0,80.857,81.587,100.0,100.0,47.601,100.0,32.343,11.0,0.0,81.591,82.045,100.0,100.0,46.207,100.0,32.636,6.72,3.184,82.763,82.932,90.0,MODERATE
485,2026-06-06 01:15:00+00:00,1,5,0.258819,0.965926,-0.974928,-0.222521,True,False,NIGHT,2.0,4.0,9.0,20.0,44.0,194.0,0.0,0.0,0.0,3.36,4.262,82.54,8.24,82.544,82.441,17.46,1.76,6.27,17.99,100.0,100.0,8.85,4.48,13.68,2.4,49.349,89.83,100.0,32.976,False,,0.0,72.089,0.0,0.0,0.0,0.0,0.0,4.0,0.07,22.458,8.0,0.0,80.526,81.634,100.0,100.0,45.603,100.0,32.211,14.0,0.0,79.708,82.001,100.0,100.0,45.06,100.0,31.883,3.36,4.273,83.459,82.634,90.0,MODERATE
486,2026-06-06 01:30:00+00:00,1,5,0.258819,0.965926,-0.974928,-0.222521,True,False,NIGHT,2.0,4.0,6.0,21.0,45.0,196.0,0.0,0.0,0.0,3.36,2.626,82.73,8.24,82.732,82.399,17.27,1.76,5.97,17.34,100.0,100.0,8.08,4.49,14.44,2.26,46.531,89.88,100.0,32.96,False,,0.0,71.869,0.0,0.0,0.0,0.0,0.0,-2.0,-0.12,22.47,8.0,0.0,82.422,82.153,100.0,100.0,44.571,100.0,32.969,13.0,0.0,80.732,82.301,100.0,100.0,41.928,100.0,32.293,1.68,4.657,82.333,82.002,89.89,MODERATE
487,2026-06-06 01:45:00+00:00,1,5,0.258819,0.965926,-0.974928,-0.222521,True,False,NIGHT,1.0,3.0,7.0,19.0,44.0,196.0,0.0,0.0,0.0,1.68,4.187,82.19,8.16,82.189,81.558,17.81,1.84,6.27,17.99,100.0,100.0,8.34,4.49,14.17,2.31,47.5,89.77,100.0,32.623,False,,0.0,71.668,0.0,0.0,0.0,0.0,0.0,-1.0,0.04,22.442,7.0,0.0,82.433,82.173,100.0,100.0,45.109,100.0,32.973,11.0,0.0,79.982,81.89,100.0,100.0,40.969,100.0,31.993,0.0,2.172,80.94,81.598,89.62,MODERATE
488,2026-06-06 02:00:00+00:00,2,5,0.5,0.866025,-0.974928,-0.222521,True,False,NIGHT,0.0,1.0,5.0,17.0,42.0,195.0,0.0,0.0,0.0,0.0,2.687,81.59,8.09,81.587,80.857,18.41,1.91,4.61,14.34,100.0,100.0,8.37,4.48,14.15,2.31,47.601,89.5,100.0,32.343,False,,0.0,71.405,0.0,0.0,0.0,0.0,0.0,-3.0,-0.28,22.375,6.0,0.0,81.591,82.045,100.0,100.0,46.207,100.0,32.636,14.0,0.0,78.463,81.26,100.0,100.0,39.769,100.0,31.385,6.72,3.162,82.706,82.311,89.99,MODERATE
489,2026-06-06 02:15:00+00:00,2,5,0.5,0.866025,-0.974928,-0.222521,True,False,NIGHT,1.0,1.0,4.0,18.0,42.0,196.0,0.0,0.0,0.0,1.68,1.626,81.63,8.05,81.634,80.526,18.37,1.95,5.94,17.27,100.0,100.0,7.84,4.47,14.69,2.22,45.603,89.38,100.0,32.211,False,,0.0,71.169,0.0,0.0,0.0,0.0,0.0,-5.0,-0.45,22.345,5.0,0.0,79.708,82.001,100.0,100.0,45.06,100.0,31.883,15.0,0.0,79.429,81.002,100.0,100.0,39.961,100.0,31.772,1.68,3.776,82.56,81.802,89.88,MODERATE
490,2026-06-06 02:30:00+00:00,2,5,0.5,0.866025,-0.974928,-0.222521,True,False,NIGHT,4.0,5.0,6.0,20.0,42.0,197.0,0.0,0.0,0.0,6.72,3.885,82.15,8.24,82.153,82.422,17.85,1.76,6.27,17.99,100.0,100.0,7.55,4.48,14.97,2.17,44.571,89.75,100.0,32.969,False,,0.0,71.569,0.0,0.0,0.0,0.0,0.0,0.0,-0.13,22.438,6.0,0.0,80.732,82.301,100.0,100.0,41.928,100.0,32.293,13.0,0.0,80.609,81.107,100.0,100.0,39.989,100.0,32.244,5.04,0.556,83.283,82.85,90.0,MODERATE
491,2026-06-06 02:45:00+00:00,2,5,0.5,0.866025,-0.974928,-0.222521,True,False,NIGHT,2.0,6.0,7.0,22.0,40.0,198.0,0.0,0.0,0.0,3.36,3.276,82.17,8.24,82.173,82.433,17.83,1.76,5.75,16.86,100.0,100.0,7.69,4.49,14.82,2.19,45.109,89.8,100.0,32.973,False,,0.0,71.624,0.0,0.0,0.0,0.0,0.0,0.0,0.03,22.45,5.0,0.0,79.982,81.89,100.0,100.0,40.969,100.0,31.993,14.0,0.0,79.987,80.983,100.0,100.0,39.288,100.0,31.995,6.72,2.746,84.735,83.699,90.0,MODERATE
492,2026-06-06 03:00:00+00:00,3,5,0.707107,0.707107,-0.974928,-0.222521,True,False,NIGHT,1.0,3.0,8.0,21.0,40.0,199.0,0.0,0.0,0.0,1.68,2.532,82.04,8.16,82.045,81.591,17.96,1.84,6.27,17.99,100.0,100.0,7.98,4.49,14.52,2.25,46.207,89.69,100.0,32.636,False,,0.0,71.527,0.0,0.0,0.0,0.0,0.0,3.0,0.19,22.422,5.0,0.0,78.463,81.26,100.0,100.0,39.769,100.0,31.385,16.0,0.0,81.809,81.671,100.0,100.0,40.571,100.0,32.724,1.68,4.652,83.69,83.06,89.89,MODERATE
493,2026-06-06 03:15:00+00:00,3,5,0.707107,0.707107,-0.974928,-0.222521,True,False,NIGHT,1.0,2.0,8.0,21.0,40.0,198.0,0.0,0.0,0.0,1.68,2.609,82.0,7.97,82.001,79.708,18.0,2.03,5.44,16.16,100.0,100.0,7.7,4.47,14.83,2.19,45.06,89.58,100.0,31.883,False,,0.0,71.037,0.0,0.0,0.0,0.0,0.0,4.0,0.2,22.395,9.0,0.0,79.429,81.002,100.0,100.0,39.961,100.0,31.772,16.0,0.0,80.981,81.218,100.0,100.0,42.32,100.0,32.392,6.72,4.24,84.989,83.55,90.0,MODERATE
494,2026-06-06 03:30:00+00:00,3,5,0.707107,0.707107,-0.974928,-0.222521,True,False,NIGHT,3.0,4.0,7.0,19.0,41.0,201.0,0.0,0.0,0.0,5.04,3.43,82.3,8.07,82.301,80.732,17.7,1.93,6.27,17.99,100.0,100.0,6.86,4.46,15.68,2.04,41.928,89.79,100.0,32.293,False,,0.0,71.026,0.0,0.0,0.0,0.0,0.0,1.0,0.04,22.448,7.0,0.0,80.609,81.107,100.0,100.0,39.989,100.0,32.244,18.0,0.0,79.427,81.171,100.0,100.0,42.127,100.0,31.771,0.0,4.11,83.236,82.698,89.73,MODERATE
495,2026-06-06 03:45:00+00:00,3,5,0.707107,0.707107,-0.974928,-0.222521,True,False,NIGHT,1.0,4.0,6.0,20.0,39.0,201.0,0.0,0.0,0.0,1.68,3.622,81.89,8.0,81.89,79.982,18.11,2.0,4.76,14.66,100.0,100.0,6.61,4.45,15.94,1.99,40.969,89.68,100.0,31.993,False,,0.0,70.699,0.0,0.0,0.0,0.0,0.0,-1.0,-0.12,22.42,6.0,0.0,79.987,80.983,100.0,100.0,39.288,100.0,31.995,18.0,0.0,80.942,82.161,100.0,100.0,43.62,100.0,32.377,5.04,4.48,83.755,82.786,89.94,MODERATE
496,2026-06-06 04:00:00+00:00,4,5,0.866025,0.5,-0.974928,-0.222521,True,False,NIGHT,0.0,1.0,5.0,18.0,38.0,201.0,0.0,0.0,0.0,0.0,3.129,81.26,7.85,81.26,78.463,18.74,2.15,6.27,17.99,100.0,100.0,6.31,4.42,16.26,1.93,39.769,89.41,100.0,31.385,False,,0.0,70.149,0.0,0.0,0.0,0.0,0.0,-3.0,-0.28,22.352,9.0,0.0,81.809,81.671,100.0,100.0,40.571,100.0,32.724,14.0,0.0,81.249,81.785,71.921,67.803,44.659,100.0,32.499,9.323,3.282,87.282,83.944,90.0,MODERATE
497,2026-06-06 04:15:00+00:00,4,5,0.866025,0.5,-0.974928,-0.222521,True,False,NIGHT,2.0,2.0,6.0,18.0,38.0,202.0,0.0,0.0,0.0,3.36,4.004,81.0,7.94,81.002,79.429,19.0,2.06,6.27,17.99,100.0,100.0,6.38,4.41,16.21,1.94,39.961,89.46,100.0,31.772,False,,0.0,70.303,0.0,0.0,0.0,0.0,0.0,-2.0,-0.12,22.365,6.0,0.0,80.981,81.218,100.0,100.0,42.32,100.0,32.392,17.0,0.0,79.713,80.867,76.49,71.896,44.319,100.0,31.885,2.437,5.05,86.361,83.382,89.89,MODERATE
498,2026-06-06 04:30:00+00:00,4,5,0.866025,0.5,-0.974928,-0.222521,True,False,NIGHT,2.0,4.0,5.0,18.0,39.0,203.0,0.0,0.0,0.0,3.36,2.471,81.11,8.06,81.107,80.609,18.89,1.94,6.27,17.99,100.0,100.0,6.38,4.42,16.2,1.94,39.989,89.51,100.0,32.244,False,,0.0,70.564,0.0,0.0,0.0,0.0,0.0,-2.0,-0.28,22.378,6.0,0.0,79.427,81.171,100.0,100.0,42.127,100.0,31.771,18.0,0.0,80.427,81.732,71.875,67.759,43.502,100.0,32.171,1.68,5.0,85.803,82.608,89.78,MODERATE
499,2026-06-06 04:45:00+00:00,4,5,0.866025,0.5,-0.974928,-0.222521,True,False,NIGHT,1.0,3.0,5.0,18.0,37.0,203.0,0.0,0.0,0.0,1.68,2.423,80.98,8.0,80.983,79.987,19.02,2.0,6.02,17.45,100.0,100.0,6.19,4.41,16.39,1.91,39.288,89.4,100.0,31.995,False,,0.0,70.35,0.0,0.0,0.0,0.0,0.0,-1.0,-0.28,22.35,8.0,0.0,80.942,82.161,100.0,100.0,43.62,100.0,32.377,18.0,0.0,81.55,82.169,72.259,68.121,42.862,100.0,32.62,6.72,2.973,86.569,83.468,90.0,MODERATE
500,2026-06-06 05:00:00+00:00,5,5,0.965926,0.258819,-0.974928,-0.222521,True,False,NIGHT,4.0,5.0,9.0,22.0,39.0,206.0,0.0,0.0,0.0,6.72,3.239,81.67,8.18,81.671,81.809,18.33,1.82,6.27,17.99,100.0,100.0,6.52,4.43,16.05,1.97,40.571,89.77,100.0,32.724,False,,0.0,70.981,0.0,0.0,0.0,0.0,0.0,4.0,0.36,22.442,7.0,0.0,81.249,81.785,71.921,67.803,44.659,100.0,32.499,19.0,0.0,82.763,82.932,72.929,68.754,42.856,100.0,33.105,3.36,4.427,85.016,83.357,90.0,MODERATE
501,2026-06-06 05:15:00+00:00,5,5,0.965926,0.258819,-0.974928,-0.222521,True,False,NIGHT,0.0,4.0,7.0,21.0,39.0,206.0,0.0,0.0,0.0,0.0,2.145,81.22,8.1,81.218,80.981,18.78,1.9,5.36,16.0,100.0,100.0,6.99,4.44,15.57,2.06,42.32,89.49,100.0,32.392,False,,0.0,70.873,0.0,0.0,0.0,0.0,0.0,1.0,0.03,22.372,10.0,0.0,79.713,80.867,76.49,71.896,44.319,100.0,31.885,16.0,0.0,83.459,82.634,75.664,71.216,41.129,100.0,33.384,3.36,2.828,84.519,83.54,90.0,MODERATE
502,2026-06-06 05:30:00+00:00,5,5,0.965926,0.258819,-0.974928,-0.222521,True,False,NIGHT,1.0,1.0,6.0,18.0,38.0,206.0,0.0,0.0,0.0,1.68,2.488,81.17,7.94,81.171,79.427,18.83,2.06,5.89,17.17,100.0,100.0,6.95,4.42,15.63,2.05,42.127,89.38,100.0,31.771,False,,0.0,70.534,0.0,0.0,0.0,0.0,0.0,1.0,-0.13,22.345,12.0,0.0,80.427,81.732,71.875,67.759,43.502,100.0,32.171,18.0,0.0,82.333,82.002,73.044,68.827,42.515,100.0,32.933,6.72,3.02,85.59,84.357,90.0,MODERATE
503,2026-06-06 05:45:00+00:00,5,5,0.965926,0.258819,-0.974928,-0.222521,True,False,NIGHT,4.0,5.0,9.0,20.0,42.0,209.0,0.0,0.0,0.0,6.72,2.153,82.16,8.09,82.161,80.942,17.84,1.91,6.27,17.99,100.0,100.0,7.35,4.43,15.22,2.12,43.62,89.75,100.0,32.377,False,,0.0,71.19,0.0,0.0,0.0,0.0,0.0,4.0,0.35,22.438,10.0,0.0,81.55,82.169,72.259,68.121,42.862,100.0,32.62,17.0,0.0,80.94,81.598,71.757,67.648,41.027,100.0,32.376,6.72,5.658,86.733,84.509,90.0,MODERATE
504,2026-06-06 06:00:00+00:00,6,5,1.0,0.0,-0.974928,-0.222521,True,False,MORNING,1.0,5.0,6.0,20.0,41.0,210.0,0.0,0.0,0.0,1.68,3.062,81.78,8.12,81.785,81.249,18.22,1.88,11.97,27.41,71.921,67.803,7.62,4.44,14.94,2.17,44.659,89.64,100.0,32.499,False,,0.0,64.029,0.0,0.0,0.0,0.0,0.0,-3.0,-0.13,22.41,7.0,0.0,82.763,82.932,72.929,68.754,42.856,100.0,33.105,20.0,0.0,82.706,82.311,72.384,68.239,41.762,100.0,33.082,3.36,4.795,86.906,84.133,90.0,NORMAL
505,2026-06-06 06:15:00+00:00,6,5,1.0,0.0,-0.974928,-0.222521,True,False,MORNING,0.0,1.0,6.0,19.0,40.0,206.0,0.0,0.0,0.0,0.0,4.287,80.87,7.97,80.867,79.713,19.13,2.03,11.13,25.56,76.49,71.896,7.54,4.43,15.03,2.15,44.319,89.37,100.0,31.885,False,,0.0,64.528,0.0,0.0,0.0,0.0,0.0,-1.0,-0.12,22.342,7.0,0.0,83.459,82.634,75.664,71.216,41.129,100.0,33.384,22.0,0.0,82.56,81.802,71.936,67.817,41.213,100.0,33.024,8.773,4.876,88.708,84.926,90.0,NORMAL
506,2026-06-06 06:30:00+00:00,6,5,1.0,0.0,-0.974928,-0.222521,True,False,MORNING,3.0,3.0,8.0,19.0,38.0,206.0,0.0,0.0,0.0,5.04,1.292,81.73,8.04,81.732,80.427,18.27,1.96,11.97,27.41,71.875,67.759,7.32,4.43,15.25,2.11,43.502,89.58,100.0,32.171,False,,0.0,63.738,0.0,0.0,0.0,0.0,0.0,2.0,0.2,22.395,6.0,0.0,82.333,82.002,73.044,68.827,42.515,100.0,32.933,22.0,0.0,83.283,82.85,72.858,68.686,42.082,100.0,33.313,8.449,5.197,89.769,85.633,90.0,NORMAL
507,2026-06-06 06:45:00+00:00,6,5,1.0,0.0,-0.974928,-0.222521,True,False,MORNING,3.0,6.0,7.0,21.0,41.0,209.0,0.0,0.0,0.0,5.04,2.844,82.17,8.16,82.169,81.55,17.83,1.84,11.97,27.41,72.259,68.121,7.14,4.44,15.43,2.08,42.862,89.79,100.0,32.62,False,,0.0,64.09,0.0,0.0,0.0,0.0,0.0,-2.0,0.04,22.448,8.0,0.0,80.94,81.598,71.757,67.648,41.027,100.0,32.376,20.0,0.0,84.735,83.699,78.178,73.521,43.768,100.0,33.894,7.979,5.479,90.043,86.231,90.0,NORMAL
508,2026-06-06 07:00:00+00:00,7,5,0.965926,-0.258819,-0.974928,-0.222521,True,False,MORNING,4.0,7.0,10.0,25.0,43.0,212.0,0.0,0.0,0.0,6.72,3.184,82.93,8.28,82.932,82.763,17.07,1.72,11.97,27.41,72.929,68.754,7.11,4.46,15.43,2.08,42.856,90.0,100.0,33.105,False,,0.0,64.657,0.0,0.0,0.0,0.0,0.0,4.0,0.36,22.5,12.0,0.0,82.706,82.311,72.384,68.239,41.762,100.0,33.082,20.0,0.0,83.69,83.06,73.042,68.86,44.877,100.0,33.476,6.72,5.574,90.654,86.456,90.0,NORMAL
509,2026-06-06 07:15:00+00:00,7,5,0.965926,-0.258819,-0.974928,-0.222521,True,False,MORNING,2.0,6.0,12.0,25.0,43.0,212.0,0.0,0.0,0.0,3.36,4.273,82.63,8.35,82.634,83.459,17.37,1.65,11.5,26.37,75.664,71.216,6.62,4.49,15.9,2.0,41.129,90.0,100.0,33.384,False,,0.0,65.198,0.0,0.0,0.0,0.0,0.0,6.0,0.63,22.5,9.0,0.0,82.56,81.802,71.936,67.817,41.213,100.0,33.024,21.0,0.0,84.989,83.55,73.473,69.266,43.921,100.0,33.995,6.72,6.283,91.209,86.51,90.0,NORMAL
510,2026-06-06 07:30:00+00:00,7,5,0.965926,-0.258819,-0.974928,-0.222521,True,False,MORNING,1.0,3.0,10.0,24.0,42.0,210.0,0.0,0.0,0.0,1.68,4.657,82.0,8.23,82.002,82.333,18.0,1.77,11.82,27.08,73.044,68.827,6.98,4.49,15.52,2.07,42.515,89.89,100.0,32.933,False,,0.0,64.358,0.0,0.0,0.0,0.0,0.0,2.0,0.31,22.472,12.0,0.0,83.283,82.85,72.858,68.686,42.082,100.0,33.313,19.0,0.0,83.236,82.698,78.004,73.328,44.559,100.0,33.294,5.04,5.899,89.987,86.418,90.0,NORMAL
511,2026-06-06 07:45:00+00:00,7,5,0.965926,-0.258819,-0.974928,-0.222521,True,False,MORNING,0.0,1.0,7.0,23.0,41.0,209.0,0.0,0.0,0.0,0.0,2.172,81.6,8.09,81.598,80.94,18.4,1.91,11.97,27.41,71.757,67.648,6.59,4.49,15.92,1.99,41.027,89.62,100.0,32.376,False,,0.0,63.561,0.0,0.0,0.0,0.0,0.0,0.0,-0.17,22.405,9.0,0.0,84.735,83.699,78.178,73.521,43.768,100.0,33.894,23.0,0.0,83.755,82.786,72.801,68.633,45.604,100.0,33.502,7.876,6.781,91.187,86.571,90.0,NORMAL
512,2026-06-06 08:00:00+00:00,8,5,0.866025,-0.5,-0.974928,-0.222521,True,False,MORNING,4.0,4.0,7.0,23.0,45.0,211.0,0.0,0.0,0.0,6.72,3.162,82.31,8.27,82.311,82.706,17.69,1.73,11.97,27.41,72.384,68.239,6.78,4.5,15.72,2.03,41.762,89.99,100.0,33.082,False,,0.0,64.283,0.0,0.0,0.0,0.0,0.0,-3.0,-0.01,22.498,8.0,0.0,83.69,83.06,73.042,68.86,44.877,100.0,33.476,24.0,0.45,87.282,83.944,80.035,75.211,45.425,100.0,37.616,7.244,6.283,91.274,86.803,90.0,NORMAL
513,2026-06-06 08:15:00+00:00,8,5,0.866025,-0.5,-0.974928,-0.222521,True,False,MORNING,1.0,5.0,6.0,24.0,45.0,209.0,0.0,0.0,0.0,1.68,3.776,81.8,8.26,81.802,82.56,18.2,1.74,11.97,27.41,71.936,67.817,6.62,4.51,15.87,2.0,41.213,89.88,100.0,33.024,False,,0.0,63.988,0.0,0.0,0.0,0.0,0.0,-6.0,-0.12,22.47,13.0,0.0,84.989,83.55,73.473,69.266,43.921,100.0,33.995,20.0,0.0,86.361,83.382,73.326,69.127,46.039,100.0,34.545,1.68,6.192,88.78,85.924,89.89,NORMAL
514,2026-06-06 08:30:00+00:00,8,5,0.866025,-0.5,-0.974928,-0.222521,True,False,MORNING,3.0,4.0,8.0,26.0,44.0,210.0,0.0,0.0,0.0,5.04,0.556,82.85,8.33,82.85,83.283,17.15,1.67,11.97,27.41,72.858,68.686,6.84,4.52,15.64,2.05,42.082,90.0,100.0,33.313,False,,0.0,64.656,0.0,0.0,0.0,0.0,0.0,-2.0,0.11,22.5,10.0,0.0,83.236,82.698,78.004,73.328,44.559,100.0,33.294,26.0,0.0,85.803,82.608,78.285,73.578,45.998,100.0,34.321,5.04,5.41,88.145,85.895,90.0,NORMAL
515,2026-06-06 08:45:00+00:00,8,5,0.866025,-0.5,-0.974928,-0.222521,True,False,MORNING,4.0,7.0,12.0,26.0,46.0,213.0,0.0,0.0,0.0,6.72,2.746,83.7,8.47,83.699,84.735,16.3,1.53,11.27,25.87,78.178,73.521,7.27,4.55,15.18,2.13,43.768,90.0,100.0,33.894,False,,0.0,66.504,0.0,0.0,0.0,0.0,0.0,5.0,0.38,22.5,11.0,0.0,83.755,82.786,72.801,68.633,45.604,100.0,33.502,29.0,0.0,86.569,83.468,75.081,70.718,47.34,100.0,34.628,8.1,5.102,89.586,86.501,90.0,NORMAL
516,2026-06-06 09:00:00+00:00,9,5,0.707107,-0.707107,-0.974928,-0.222521,True,False,MORNING,1.0,5.0,9.0,26.0,46.0,211.0,0.0,0.0,0.0,1.68,4.652,83.06,8.37,83.06,83.69,16.94,1.63,11.97,27.41,73.042,68.86,7.56,4.56,14.88,2.18,44.877,89.89,100.0,33.476,False,,0.0,65.078,0.0,0.0,0.0,0.0,0.0,2.0,-0.1,22.472,12.0,0.45,87.282,83.944,80.035,75.211,45.425,100.0,37.616,29.0,0.0,85.016,83.357,74.199,69.917,47.623,100.0,34.006,7.02,5.118,90.886,86.846,90.0,NORMAL
517,2026-06-06 09:15:00+00:00,9,5,0.707107,-0.707107,-0.974928,-0.222521,True,False,MORNING,4.0,5.0,12.0,30.0,49.0,214.0,0.0,0.0,0.0,6.72,4.24,83.55,8.5,83.55,84.989,16.45,1.5,11.97,27.41,73.473,69.266,7.28,4.58,15.14,2.13,43.921,90.0,100.0,33.995,False,,0.0,65.46,0.0,0.0,0.0,0.0,0.0,6.0,0.12,22.5,8.0,0.0,86.361,83.382,73.326,69.127,46.039,100.0,34.545,31.0,0.0,84.519,83.54,85.358,79.961,46.304,100.0,33.808,7.703,5.688,91.978,87.241,90.0,NORMAL
518,2026-06-06 09:30:00+00:00,9,5,0.707107,-0.707107,-0.974928,-0.222521,True,False,MORNING,0.0,4.0,9.0,27.0,46.0,211.0,0.0,0.0,0.0,0.0,4.11,82.7,8.32,82.698,83.236,17.3,1.68,11.16,25.63,78.004,73.328,7.45,4.58,14.97,2.17,44.559,89.73,100.0,33.294,False,,0.0,66.011,0.0,0.0,0.0,0.0,0.0,1.0,-0.27,22.432,9.0,0.0,85.803,82.608,78.285,73.578,45.998,100.0,34.321,33.0,0.0,85.59,84.357,74.183,69.936,46.203,100.0,34.236,7.539,6.371,93.214,87.409,90.0,NORMAL
519,2026-06-06 09:45:00+00:00,9,5,0.707107,-0.707107,-0.974928,-0.222521,True,False,MORNING,3.0,3.0,8.0,27.0,48.0,213.0,0.0,0.0,0.0,5.04,4.48,82.79,8.38,82.786,83.755,17.21,1.62,11.97,27.41,72.801,68.633,7.73,4.59,14.69,2.22,45.604,89.94,100.0,33.502,False,,0.0,65.04,0.0,0.0,0.0,0.0,0.0,-4.0,-0.06,22.485,12.0,0.0,86.569,83.468,75.081,70.718,47.34,100.0,34.628,32.0,0.0,86.733,84.509,81.94,76.937,45.123,100.0,34.693,4.919,6.607,92.626,87.046,90.0,NORMAL
520,2026-06-06 10:00:00+00:00,10,5,0.5,-0.866025,-0.974928,-0.222521,True,False,MORNING,6.0,9.0,13.0,29.0,54.0,216.0,0.45,0.0,0.0,9.323,3.282,83.94,8.73,83.944,87.282,16.06,1.27,11.07,25.43,80.035,75.211,7.62,4.65,14.74,2.21,45.425,90.0,100.0,37.616,False,,0.8,67.93,0.45,0.45,0.45,0.028,0.45,4.0,0.11,22.612,12.0,0.0,85.016,83.357,74.199,69.917,47.623,100.0,34.006,34.0,0.0,86.906,84.133,81.248,76.301,45.788,100.0,34.762,0.0,6.796,89.514,85.658,89.73,NORMAL
521,2026-06-06 10:15:00+00:00,10,5,0.5,-0.866025,-0.974928,-0.222521,True,False,MORNING,1.0,7.0,10.0,28.0,53.0,216.0,0.0,0.04,0.0405,2.437,5.05,83.38,8.64,83.382,86.361,16.62,1.36,11.97,27.41,73.326,69.127,7.76,4.67,14.57,2.24,46.039,89.89,100.0,34.545,False,,0.0,65.854,-0.45,0.0,0.0,0.028,0.45,-2.0,-0.11,22.472,12.0,0.0,84.519,83.54,85.358,79.961,46.304,100.0,33.808,35.0,1.78,88.708,84.926,76.278,71.877,44.859,100.0,46.153,5.04,4.649,89.226,85.785,89.94,NORMAL
522,2026-06-06 10:30:00+00:00,10,5,0.5,-0.866025,-0.974928,-0.222521,True,False,MORNING,1.0,2.0,11.0,28.0,52.0,215.0,0.0,0.0,0.0,1.68,5.0,82.61,8.58,82.608,85.803,17.39,1.42,11.11,25.52,78.285,73.578,7.74,4.68,14.58,2.24,45.998,89.78,100.0,34.321,False,,0.0,66.698,0.0,-0.45,0.0,0.028,0.45,2.0,0.05,22.445,17.0,0.0,85.59,84.357,74.183,69.936,46.203,100.0,34.236,29.0,0.75,89.769,85.633,92.625,86.553,46.348,100.0,40.402,3.36,4.862,88.307,85.501,89.99,NORMAL
523,2026-06-06 10:45:00+00:00,10,5,0.5,-0.866025,-0.974928,-0.222521,True,False,MORNING,4.0,5.0,12.0,32.0,55.0,216.0,0.0,0.0,0.0,6.72,2.973,83.47,8.66,83.468,86.569,16.53,1.34,11.7,26.82,75.081,70.718,8.09,4.69,14.22,2.3,47.34,90.0,100.0,34.628,False,,0.0,66.433,0.0,0.0,0.0,0.028,0.45,4.0,0.06,22.5,17.0,0.0,86.733,84.509,81.94,76.937,45.123,100.0,34.693,28.0,0.0,90.043,86.231,75.831,71.489,45.198,100.0,36.017,6.72,5.884,88.924,85.648,90.0,NORMAL
524,2026-06-06 11:00:00+00:00,11,5,0.258819,-0.965926,-0.974928,-0.222521,True,False,MORNING,2.0,6.0,8.0,30.0,53.0,215.0,0.0,0.0,0.0,3.36,4.427,83.36,8.5,83.357,85.016,16.64,1.5,11.83,27.1,74.199,69.917,8.17,4.69,14.14,2.31,47.623,90.0,100.0,34.006,False,,0.0,65.922,0.0,0.0,-0.45,0.028,0.45,-5.0,0.0,22.5,17.0,0.0,86.906,84.133,81.248,76.301,45.788,100.0,34.762,30.0,0.0,90.654,86.456,76.029,71.676,45.549,100.0,36.262,5.04,3.836,88.012,86.04,90.0,NORMAL
525,2026-06-06 11:15:00+00:00,11,5,0.258819,-0.965926,-0.974928,-0.222521,True,False,MORNING,2.0,4.0,9.0,31.0,55.0,214.0,0.0,0.0,0.0,3.36,2.828,83.54,8.45,83.54,84.519,16.46,1.55,10.3,23.74,85.358,79.961,7.82,4.68,14.5,2.25,46.304,90.0,100.0,33.808,False,,0.0,68.288,0.0,0.0,0.0,0.028,0.45,-1.0,0.11,22.5,19.0,1.78,88.708,84.926,76.278,71.877,44.859,100.0,46.153,29.0,0.0,91.209,86.51,76.076,71.72,44.721,100.0,36.483,6.72,4.658,88.508,86.506,90.0,NORMAL
526,2026-06-06 11:30:00+00:00,11,5,0.258819,-0.965926,-0.974928,-0.222521,True,False,MORNING,4.0,6.0,12.0,32.0,58.0,216.0,0.0,0.0,0.0,6.72,3.02,84.36,8.56,84.357,85.59,15.64,1.44,11.97,27.41,74.183,69.936,7.79,4.69,14.53,2.25,46.203,90.0,100.0,34.236,False,,0.0,66.129,0.0,0.0,0.0,0.028,0.45,1.0,0.22,22.5,16.0,0.75,89.769,85.633,92.625,86.553,46.348,100.0,40.402,30.0,0.0,89.987,86.418,75.995,71.644,44.319,100.0,35.995,6.72,6.534,88.689,86.535,90.0,NORMAL
527,2026-06-06 11:45:00+00:00,11,5,0.258819,-0.965926,-0.974928,-0.222521,True,False,MORNING,4.0,8.0,12.0,32.0,58.0,217.0,0.0,0.0,0.0,6.72,5.658,84.51,8.67,84.509,86.733,15.49,1.33,10.86,24.96,81.94,76.937,7.48,4.7,14.82,2.19,45.123,90.0,100.0,34.693,False,,0.0,68.065,0.0,0.0,0.0,0.028,0.45,0.0,0.0,22.5,15.0,0.0,90.043,86.231,75.831,71.489,45.198,100.0,36.017,32.0,1.31,91.187,86.571,81.028,76.217,46.221,100.0,44.345,6.72,4.415,88.932,87.087,90.0,NORMAL
528,2026-06-06 12:00:00+00:00,12,5,0.0,-1.0,-0.974928,-0.222521,True,False,MORNING,2.0,6.0,12.0,33.0,59.0,217.0,0.0,0.0,0.0,3.36,4.795,84.13,8.69,84.133,86.906,15.87,1.31,10.9,25.06,81.248,76.301,7.64,4.72,14.64,2.23,45.788,90.0,100.0,34.762,False,,0.0,67.917,0.0,0.0,0.0,0.028,0.45,4.0,0.0,22.5,17.0,0.0,90.654,86.456,76.029,71.676,45.549,100.0,36.262,28.0,0.0,91.274,86.803,89.056,84.698,46.395,100.0,36.51,5.04,5.473,88.824,86.989,90.0,NORMAL
529,2026-06-06 12:15:00+00:00,12,5,0.0,-1.0,-0.974928,-0.222521,True,False,MORNING,7.0,9.0,17.0,36.0,66.0,217.0,1.78,0.0,0.0,8.773,4.876,84.93,8.87,84.926,88.708,15.07,1.13,11.83,27.11,76.278,71.877,7.3,4.81,14.89,2.18,44.859,90.0,100.0,46.153,False,,3.2,68.38,1.78,1.78,1.78,0.139,1.78,8.0,0.0,22.945,16.0,0.0,91.209,86.51,76.076,71.72,44.721,100.0,36.483,25.0,0.0,88.78,85.924,100.0,100.0,46.759,100.0,35.512,7.685,6.636,89.254,87.208,90.0,NORMAL
530,2026-06-06 12:30:00+00:00,12,5,0.0,-1.0,-0.974928,-0.222521,True,False,MORNING,4.0,11.0,17.0,40.0,67.0,218.0,0.75,0.16,0.16,8.449,5.197,85.63,8.98,85.633,89.769,14.37,1.02,9.77,22.57,92.625,86.553,7.65,4.87,14.49,2.25,46.348,90.0,100.0,40.402,False,,1.4,71.946,-1.03,0.75,0.75,0.186,1.78,5.0,0.0,22.688,13.0,0.0,89.987,86.418,75.995,71.644,44.319,100.0,35.995,27.0,0.0,88.145,85.895,88.125,83.813,46.252,100.0,35.258,7.596,5.899,89.095,87.649,90.0,MODERATE
531,2026-06-06 12:45:00+00:00,12,5,0.0,-1.0,-0.974928,-0.222521,True,False,MORNING,4.0,8.0,17.0,41.0,68.0,220.0,0.0,0.07,0.0674,7.979,5.479,86.23,9.0,86.231,90.043,13.77,1.0,11.97,27.41,75.831,71.489,7.32,4.88,14.8,2.2,45.198,90.0,100.0,36.017,False,,0.0,67.726,-0.75,-1.78,0.0,0.186,1.78,5.0,0.0,22.5,13.0,1.31,91.187,86.571,81.028,76.217,46.221,100.0,44.345,26.0,1.18,89.586,86.501,94.205,89.443,46.111,100.0,42.905,7.436,6.283,89.67,87.879,90.0,NORMAL
532,2026-06-06 13:00:00+00:00,13,5,-0.258819,-0.965926,-0.974928,-0.222521,True,False,MORNING,4.0,8.0,19.0,39.0,68.0,223.0,0.0,0.0,0.0,6.72,5.574,86.46,9.07,86.456,90.654,13.54,0.93,11.97,27.41,76.029,71.676,7.39,4.9,14.7,2.21,45.549,90.0,100.0,36.262,False,,0.0,67.975,0.0,-0.75,0.0,0.186,1.78,7.0,0.0,22.5,13.0,0.0,91.274,86.803,89.056,84.698,46.395,100.0,36.51,24.0,0.0,90.886,86.846,92.571,87.935,44.318,100.0,36.354,7.341,6.247,89.998,88.12,90.0,NORMAL
533,2026-06-06 13:15:00+00:00,13,5,-0.258819,-0.965926,-0.974928,-0.222521,True,False,MORNING,4.0,8.0,16.0,42.0,70.0,221.0,0.0,0.0,0.0,6.72,6.283,86.51,9.12,86.51,91.209,13.49,0.88,11.97,27.41,76.076,71.72,7.15,4.93,14.93,2.17,44.721,90.0,100.0,36.483,False,,0.0,68.034,0.0,0.0,-1.78,0.186,1.78,-1.0,0.0,22.5,13.0,0.0,88.78,85.924,100.0,100.0,46.759,100.0,35.512,24.0,0.42,91.978,87.241,89.697,85.308,45.38,100.0,39.281,7.247,7.279,90.86,88.026,90.0,NORMAL
534,2026-06-06 13:30:00+00:00,13,5,-0.258819,-0.965926,-0.974928,-0.222521,True,False,MORNING,3.0,7.0,15.0,44.0,72.0,223.0,0.0,0.0,0.0,5.04,5.899,86.42,9.0,86.418,89.987,13.58,1.0,11.97,27.41,75.995,71.644,7.04,4.93,15.03,2.15,44.319,90.0,100.0,35.995,False,,0.0,67.715,0.0,0.0,-0.75,0.186,1.78,-2.0,0.0,22.5,17.0,0.0,88.145,85.895,88.125,83.813,46.252,100.0,35.258,23.0,0.93,93.214,87.409,94.029,89.307,48.838,100.0,42.852,7.267,6.805,90.244,88.203,90.0,NORMAL
535,2026-06-06 13:45:00+00:00,13,5,-0.258819,-0.965926,-0.974928,-0.222521,True,False,MORNING,6.0,9.0,17.0,46.0,78.0,226.0,1.31,0.0,0.0,7.876,6.781,86.57,9.12,86.571,91.187,13.43,0.88,11.32,25.99,81.028,76.217,7.48,5.0,14.52,2.25,46.221,90.0,100.0,44.345,False,,2.7,70.151,1.31,1.31,1.31,0.268,1.78,0.0,0.0,22.828,19.0,1.18,89.586,86.501,94.205,89.443,46.111,100.0,42.905,22.0,0.0,92.626,87.046,89.305,84.935,47.427,100.0,37.05,7.212,6.492,90.35,88.372,90.0,MODERATE
536,2026-06-06 14:00:00+00:00,14,5,-0.5,-0.866025,-0.974928,-0.222521,True,False,EVENING,3.0,9.0,16.0,47.0,77.0,227.0,0.0,0.12,0.1181,7.244,6.283,86.8,9.13,86.803,91.274,13.2,0.87,10.26,23.29,89.056,84.698,7.53,5.0,14.47,2.25,46.395,90.0,100.0,36.51,False,,0.0,71.377,-1.31,0.0,0.0,0.24,1.78,-3.0,0.0,22.5,15.0,0.0,90.886,86.846,92.571,87.935,44.318,100.0,36.354,24.0,0.0,89.514,85.658,100.0,95.789,47.754,100.0,35.806,7.015,4.988,90.384,88.876,89.89,MODERATE
537,2026-06-06 14:15:00+00:00,14,5,-0.5,-0.866025,-0.974928,-0.222521,True,False,EVENING,1.0,4.0,13.0,46.0,77.0,224.0,0.0,0.0,0.0,1.68,6.192,85.92,8.88,85.924,88.78,14.08,1.12,8.03,18.38,100.0,100.0,7.65,4.98,14.38,2.27,46.759,89.89,100.0,35.512,False,,0.0,73.868,0.0,-1.31,0.0,0.24,1.78,-3.0,-0.11,22.472,12.0,0.42,91.978,87.241,89.697,85.308,45.38,100.0,39.281,27.0,0.0,89.226,85.785,88.011,83.705,46.567,100.0,35.69,6.961,5.402,90.501,89.254,90.0,MODERATE
538,2026-06-06 14:30:00+00:00,14,5,-0.5,-0.866025,-0.974928,-0.222521,True,False,EVENING,3.0,4.0,13.0,45.0,77.0,225.0,0.0,0.0,0.0,5.04,5.41,85.9,8.81,85.895,88.145,14.1,1.19,10.26,23.29,88.125,83.813,7.54,4.95,14.51,2.25,46.252,90.0,100.0,35.258,False,,0.0,70.321,0.0,0.0,0.0,0.24,1.78,-2.0,0.0,22.5,10.0,0.93,93.214,87.409,94.029,89.307,48.838,100.0,42.852,30.0,0.0,88.307,85.501,87.72,83.428,45.811,100.0,35.323,6.819,6.792,91.028,89.208,90.0,MODERATE
539,2026-06-06 14:45:00+00:00,14,5,-0.5,-0.866025,-0.974928,-0.222521,True,False,EVENING,6.0,9.0,13.0,47.0,79.0,229.0,1.18,0.0,0.0,8.1,5.102,86.5,8.96,86.501,89.586,13.5,1.04,9.72,22.11,94.205,89.443,7.46,4.99,14.55,2.24,46.111,90.0,100.0,42.905,False,,2.3,72.89,1.18,1.18,-0.13000000000000012,0.314,1.78,-4.0,0.0,22.795,7.0,0.0,92.626,87.046,89.305,84.935,47.427,100.0,37.05,33.0,0.0,88.924,85.648,87.871,83.572,47.428,100.0,35.57,6.38,6.615,90.828,89.169,90.0,MODERATE
540,2026-06-06 15:00:00+00:00,15,5,-0.707107,-0.707107,-0.974928,-0.222521,True,False,EVENING,3.0,9.0,13.0,48.0,81.0,229.0,0.0,0.11,0.1061,7.02,5.118,86.85,9.09,86.846,90.886,13.15,0.91,9.88,22.45,92.571,87.935,6.98,4.99,15.03,2.15,44.318,90.0,100.0,36.354,False,,0.0,71.933,-1.18,0.0,0.0,0.314,1.78,-3.0,0.0,22.5,9.0,0.0,89.514,85.658,100.0,95.789,47.754,100.0,35.806,36.0,0.0,88.012,86.04,100.0,96.589,47.532,100.0,35.205,6.845,7.88,91.46,88.847,90.0,MODERATE
541,2026-06-06 15:15:00+00:00,15,5,-0.707107,-0.707107,-0.974928,-0.222521,True,False,EVENING,5.0,8.0,17.0,46.0,82.0,231.0,0.42,0.0,0.0,7.703,5.688,87.24,9.2,87.241,91.978,12.76,0.8,10.26,23.29,89.697,85.308,7.23,5.02,14.75,2.21,45.38,90.0,100.0,39.281,False,,0.9,71.942,0.42,-0.76,0.42,0.34,1.78,4.0,0.11,22.605,12.0,0.0,89.226,85.785,88.011,83.705,46.567,100.0,35.69,38.0,0.0,88.508,86.506,88.752,84.409,47.859,100.0,35.403,4.915,7.986,90.612,88.164,89.89,MODERATE
542,2026-06-06 15:30:00+00:00,15,5,-0.707107,-0.707107,-0.974928,-0.222521,True,False,EVENING,5.0,10.0,19.0,47.0,87.0,236.0,0.93,0.04,0.0374,7.539,6.371,87.41,9.32,87.409,93.214,12.59,0.68,9.83,22.35,94.029,89.307,8.11,5.07,13.81,2.37,48.838,90.0,100.0,42.852,False,,2.0,73.864,0.51,0.93,0.93,0.398,1.78,6.0,0.0,22.732,13.0,0.0,88.307,85.501,87.72,83.428,45.811,100.0,35.323,38.0,0.0,88.689,86.535,90.525,86.043,47.469,100.0,35.476,3.36,4.727,90.033,87.88,89.94,MODERATE
543,2026-06-06 15:45:00+00:00,15,5,-0.707107,-0.707107,-0.974928,-0.222521,True,False,EVENING,2.0,7.0,15.0,45.0,86.0,232.0,0.0,0.08,0.0835,4.919,6.607,87.05,9.26,87.046,92.626,12.95,0.74,10.26,23.29,89.305,84.935,7.73,5.08,14.19,2.3,47.427,90.0,100.0,37.05,False,,0.0,71.853,-0.93,-0.42,-1.18,0.398,1.78,2.0,0.0,22.5,15.0,0.0,88.924,85.648,87.871,83.572,47.428,100.0,35.57,38.0,0.0,88.932,87.087,89.347,84.975,47.442,100.0,35.573,7.335,6.322,90.835,88.053,90.0,MODERATE
544,2026-06-06 16:00:00+00:00,16,5,-0.866025,-0.5,-0.974928,-0.222521,True,False,EVENING,0.0,2.0,12.0,41.0,80.0,228.0,0.0,0.0,0.0,0.0,6.796,85.66,8.95,85.658,89.514,14.34,1.05,8.91,20.32,100.0,95.789,7.85,5.05,14.11,2.32,47.754,89.73,100.0,35.806,False,,0.0,73.54,0.0,-0.93,0.0,0.398,1.78,-1.0,-0.27,22.432,15.0,0.0,88.012,86.04,100.0,96.589,47.532,100.0,35.205,37.0,0.0,88.824,86.989,89.247,84.88,46.958,100.0,35.53,7.257,6.813,91.099,88.138,90.0,MODERATE
545,2026-06-06 16:15:00+00:00,16,5,-0.866025,-0.5,-0.974928,-0.222521,True,False,EVENING,3.0,3.0,10.0,40.0,82.0,230.0,0.0,0.0,0.0,5.04,4.649,85.78,8.92,85.785,89.226,14.22,1.08,10.26,23.29,88.011,83.705,7.55,5.02,14.43,2.26,46.567,89.94,100.0,35.69,False,,0.0,70.515,0.0,0.0,-0.42,0.287,1.31,-7.0,-0.06,22.485,15.0,0.0,88.508,86.506,88.752,84.409,47.859,100.0,35.403,35.0,1.43,89.254,87.208,93.559,88.876,46.846,100.0,44.257,3.888,6.725,90.925,87.446,90.0,MODERATE
546,2026-06-06 16:30:00+00:00,16,5,-0.866025,-0.5,-0.974928,-0.222521,True,False,EVENING,2.0,5.0,7.0,39.0,83.0,229.0,0.0,0.0,0.0,3.36,4.862,85.5,8.83,85.501,88.307,14.5,1.17,10.26,23.29,87.72,83.428,7.38,4.99,14.63,2.23,45.811,89.99,100.0,35.323,False,,0.0,70.132,0.0,0.0,-0.93,0.24,1.31,-12.0,-0.01,22.498,17.0,0.0,88.689,86.535,90.525,86.043,47.469,100.0,35.476,35.0,1.9,89.095,87.649,97.013,92.071,46.794,100.0,47.064,0.0,5.689,87.773,86.339,89.73,MODERATE
547,2026-06-06 16:45:00+00:00,16,5,-0.866025,-0.5,-0.974928,-0.222521,True,False,EVENING,4.0,6.0,9.0,37.0,83.0,232.0,0.0,0.0,0.0,6.72,5.884,85.65,8.89,85.648,88.924,14.35,1.11,10.26,23.29,87.871,83.572,7.84,4.97,14.19,2.3,47.428,90.0,100.0,35.57,False,,0.0,70.469,0.0,0.0,0.0,0.24,1.31,-6.0,0.0,22.5,18.0,0.0,88.932,87.087,89.347,84.975,47.442,100.0,35.573,33.0,4.48,89.67,87.879,100.0,96.539,47.901,100.0,62.736,1.68,5.948,86.567,85.393,89.62,MODERATE
548,2026-06-06 17:00:00+00:00,17,5,-0.965926,-0.258819,-0.974928,-0.222521,True,False,EVENING,3.0,7.0,12.0,37.0,84.0,231.0,0.0,0.0,0.0,5.04,3.836,86.04,8.8,86.04,88.012,13.96,1.2,8.88,20.25,100.0,96.589,7.89,4.94,14.17,2.31,47.532,90.0,100.0,35.205,False,,0.0,73.4,0.0,0.0,0.0,0.24,1.31,0.0,0.27,22.5,21.0,0.0,88.824,86.989,89.247,84.88,46.958,100.0,35.53,29.0,5.11,89.998,88.12,92.766,88.227,49.003,100.0,66.648,5.04,4.059,86.203,85.674,89.83,MODERATE
549,2026-06-06 17:15:00+00:00,17,5,-0.965926,-0.258819,-0.974928,-0.222521,True,False,EVENING,4.0,7.0,13.0,40.0,86.0,234.0,0.0,0.0,0.0,6.72,4.658,86.51,8.85,86.506,88.508,13.49,1.15,10.26,23.29,88.752,84.409,7.99,4.93,14.08,2.33,47.859,90.0,100.0,35.403,False,,0.0,70.82,0.0,0.0,0.0,0.24,1.31,3.0,0.06,22.5,23.0,1.43,89.254,87.208,93.559,88.876,46.846,100.0,44.257,30.0,4.79,90.86,88.026,100.0,100.0,49.923,100.0,65.111,5.04,5.246,86.34,85.609,90.0,MODERATE
550,2026-06-06 17:30:00+00:00,17,5,-0.965926,-0.258819,-0.974928,-0.222521,True,False,EVENING,4.0,8.0,15.0,41.0,86.0,235.0,0.0,0.0,0.0,6.72,6.534,86.53,8.87,86.535,88.689,13.47,1.13,10.06,22.86,90.525,86.043,7.9,4.92,14.18,2.31,47.469,90.0,100.0,35.476,False,,0.0,71.236,0.0,0.0,0.0,0.24,1.31,8.0,0.01,22.5,21.0,1.9,89.095,87.649,97.013,92.071,46.794,100.0,47.064,27.0,4.47,90.244,88.203,94.472,89.792,48.195,100.0,62.91,3.36,4.302,85.767,85.431,90.0,MODERATE
551,2026-06-06 17:45:00+00:00,17,5,-0.965926,-0.258819,-0.974928,-0.222521,True,False,EVENING,4.0,8.0,15.0,39.0,86.0,237.0,0.0,0.0,0.0,6.72,4.415,87.09,8.89,87.087,88.932,12.91,1.11,10.26,23.29,89.347,84.975,7.9,4.91,14.19,2.31,47.442,90.0,100.0,35.573,False,,0.0,71.134,0.0,0.0,0.0,0.158,1.18,6.0,0.0,22.5,20.0,4.48,89.67,87.879,100.0,96.539,47.901,100.0,62.736,25.0,3.18,90.35,88.372,92.132,87.624,48.189,100.0,55.195,6.72,3.607,87.005,86.085,90.0,MODERATE
552,2026-06-06 18:00:00+00:00,18,5,-1.0,-0.0,-0.974928,-0.222521,True,False,EVENING,3.0,7.0,15.0,39.0,87.0,238.0,0.0,0.0,0.0,5.04,5.473,86.99,8.88,86.989,88.824,13.01,1.12,10.26,23.29,89.247,84.88,7.77,4.91,14.32,2.28,46.958,90.0,100.0,35.53,False,,0.0,71.024,0.0,0.0,0.0,0.158,1.18,3.0,0.0,22.5,16.0,5.11,89.998,88.12,92.766,88.227,49.003,100.0,66.648,27.0,0.0,90.384,88.876,91.183,86.721,49.059,100.0,36.154,,,,,,MODERATE
553,2026-06-06 18:15:00+00:00,18,5,-1.0,-0.0,-0.974928,-0.222521,True,False,EVENING,6.0,9.0,17.0,40.0,86.0,240.0,1.43,0.0,0.0,7.685,6.636,87.21,8.93,87.208,89.254,12.79,1.07,9.88,22.46,93.559,88.876,7.69,4.96,14.35,2.28,46.846,90.0,100.0,44.257,False,,3.0,73.06,1.43,1.43,1.43,0.248,1.43,4.0,0.0,22.858,12.0,4.79,90.86,88.026,100.0,100.0,49.923,100.0,65.111,30.0,1.86,90.501,89.254,92.428,87.905,49.972,100.0,47.339,,,,,,MODERATE
554,2026-06-06 18:30:00+00:00,18,5,-1.0,-0.0,-0.974928,-0.222521,True,False,EVENING,5.0,11.0,18.0,40.0,87.0,244.0,1.9,0.13,0.0674,7.596,5.899,87.65,8.91,87.649,89.095,12.35,1.09,9.6,21.85,97.013,92.071,7.62,5.02,14.37,2.27,46.794,90.0,100.0,47.064,False,,4.0,74.219,0.47,1.9,1.9,0.366,1.9,3.0,0.0,22.975,14.0,4.47,90.244,88.203,94.472,89.792,48.195,100.0,62.91,26.0,0.8,91.028,89.208,93.999,89.336,48.174,100.0,41.195,,,,,,MODERATE
555,2026-06-06 18:45:00+00:00,18,5,-1.0,-0.0,-0.974928,-0.222521,True,False,EVENING,7.0,12.0,21.0,45.0,90.0,251.0,4.48,0.17,0.0383,7.436,6.283,87.88,8.97,87.879,89.67,12.12,1.03,9.29,21.16,100.0,96.539,7.77,5.16,14.07,2.33,47.901,90.0,100.0,62.736,False,,9.6,77.03,2.5800000000000005,3.0500000000000007,4.48,0.572,4.48,6.0,0.0,23.62,13.0,3.18,90.35,88.372,92.132,87.624,48.189,100.0,55.195,23.0,0.0,90.828,89.169,91.484,87.007,45.822,100.0,36.331,,,,,,MODERATE
556,2026-06-06 19:00:00+00:00,19,5,-0.965926,0.258819,-0.974928,-0.222521,True,False,EVENING,5.0,12.0,23.0,50.0,91.0,249.0,5.11,0.4,0.0789,7.341,6.247,88.12,9.0,88.12,89.998,11.88,1.0,10.26,23.29,92.766,88.227,7.93,5.3,13.77,2.38,49.003,90.0,100.0,66.648,False,,11.1,75.786,0.6299999999999999,3.2100000000000004,5.11,0.892,5.11,8.0,0.0,23.778,13.0,0.0,90.384,88.876,91.183,86.721,49.059,100.0,36.154,21.0,1.93,91.46,88.847,92.682,88.128,46.103,100.0,48.137,,,,,,MODERATE
557,2026-06-06 19:15:00+00:00,19,5,-0.965926,0.258819,-0.974928,-0.222521,True,False,EVENING,4.0,9.0,21.0,51.0,91.0,248.0,4.79,0.46,0.0959,7.247,7.279,88.03,9.09,88.026,90.86,11.97,0.91,8.97,20.45,100.0,100.0,8.07,5.41,13.52,2.43,49.923,90.0,100.0,65.111,False,,10.6,78.096,-0.3200000000000003,0.3099999999999996,3.3600000000000003,1.165,5.11,4.0,0.0,23.698,18.0,1.86,90.501,89.254,92.428,87.905,49.972,100.0,47.339,18.0,0.0,90.612,88.164,90.453,86.026,46.238,100.0,36.245,,,,,,MODERATE
558,2026-06-06 19:30:00+00:00,19,5,-0.965926,0.258819,-0.974928,-0.222521,True,False,EVENING,4.0,8.0,20.0,53.0,92.0,251.0,4.47,0.43,0.0966,7.267,6.805,88.2,9.02,88.203,90.244,11.8,0.98,10.05,22.83,94.472,89.792,7.53,5.48,13.99,2.34,48.195,90.0,100.0,62.91,False,,9.8,75.763,-0.3200000000000003,-0.6400000000000006,2.57,1.386,5.11,2.0,0.0,23.618,13.0,0.8,91.028,89.208,93.999,89.336,48.174,100.0,41.195,20.0,0.0,90.033,87.88,91.822,87.279,44.85,100.0,36.013,,,,,,MODERATE
559,2026-06-06 19:45:00+00:00,19,5,-0.965926,0.258819,-0.974928,-0.222521,True,False,EVENING,3.0,7.0,16.0,52.0,89.0,252.0,3.18,0.4,0.1266,7.212,6.492,88.37,9.04,88.372,90.35,11.63,0.96,10.26,23.29,92.132,87.624,7.52,5.5,13.99,2.34,48.189,90.0,100.0,55.195,False,,7.0,74.455,-1.2899999999999996,-1.6099999999999999,-1.3000000000000003,1.585,5.11,-5.0,0.0,23.295,12.0,0.0,90.828,89.169,91.484,87.007,45.822,100.0,36.331,20.0,0.63,90.835,88.053,93.875,89.183,46.507,100.0,40.138,,,,,,MODERATE
560,2026-06-06 20:00:00+00:00,20,5,-0.866025,0.5,-0.974928,-0.222521,True,False,EVENING,1.0,4.0,12.0,50.0,87.0,251.0,0.0,0.29,0.2858,7.015,4.988,88.88,9.04,88.876,90.384,11.12,0.96,10.26,23.29,91.183,86.721,7.86,5.39,13.75,2.38,49.059,89.89,100.0,36.154,False,,0.0,72.393,-3.18,-4.47,-5.11,1.585,5.11,-11.0,-0.11,22.472,14.0,1.93,91.46,88.847,92.682,88.128,46.103,100.0,48.137,19.0,0.31,91.099,88.138,100.0,100.0,48.447,100.0,38.324,,,,,,MODERATE
561,2026-06-06 20:15:00+00:00,20,5,-0.866025,0.5,-0.974928,-0.222521,True,False,EVENING,6.0,7.0,14.0,52.0,92.0,256.0,1.86,0.0,0.0,6.961,5.402,89.25,9.05,89.254,90.501,10.75,0.95,10.26,23.29,92.428,87.905,8.12,5.37,13.51,2.43,49.972,90.0,100.0,47.339,False,,4.3,74.064,1.86,-1.32,-2.9299999999999997,1.701,5.11,-7.0,0.0,22.965,12.0,0.0,90.612,88.164,90.453,86.026,46.238,100.0,36.245,15.0,0.0,90.925,87.446,100.0,100.0,48.597,100.0,36.37,,,,,,MODERATE
562,2026-06-06 20:30:00+00:00,20,5,-0.866025,0.5,-0.974928,-0.222521,True,False,EVENING,3.0,9.0,13.0,51.0,92.0,255.0,0.8,0.17,0.1671,6.819,6.792,89.21,9.1,89.208,91.028,10.79,0.9,10.03,22.79,93.999,89.336,7.68,5.33,13.99,2.34,48.174,90.0,100.0,41.195,False,,1.9,73.679,-1.06,0.8,-3.67,1.751,5.11,-7.0,0.0,22.7,13.0,0.0,90.033,87.88,91.822,87.279,44.85,100.0,36.013,13.0,0.0,87.773,86.339,100.0,100.0,48.509,100.0,35.109,,,,,,MODERATE
563,2026-06-06 20:45:00+00:00,20,5,-0.866025,0.5,-0.974928,-0.222521,True,False,EVENING,3.0,6.0,13.0,50.0,89.0,254.0,0.0,0.07,0.0718,6.38,6.615,89.17,9.08,89.169,90.828,10.83,0.92,10.26,23.29,91.484,87.007,7.11,5.26,14.63,2.23,45.822,90.0,100.0,36.331,False,,0.0,72.326,-0.8,-1.86,-3.18,1.751,5.11,-3.0,0.0,22.5,11.0,0.63,90.835,88.053,93.875,89.183,46.507,100.0,40.138,13.0,0.0,86.567,85.393,100.0,100.0,47.914,100.0,34.627,,,,,,MODERATE
564,2026-06-06 21:00:00+00:00,21,5,-0.707107,0.707107,-0.974928,-0.222521,True,False,EVENING,6.0,9.0,18.0,53.0,92.0,259.0,1.93,0.0,0.0,6.845,7.88,88.85,9.15,88.847,91.46,11.15,0.85,10.19,23.14,92.682,88.128,7.16,5.29,14.55,2.24,46.103,90.0,100.0,48.137,False,,4.5,73.92,1.93,1.13,1.93,1.872,5.11,6.0,0.11,22.982,7.0,0.31,91.099,88.138,100.0,100.0,48.447,100.0,38.324,12.0,0.0,86.203,85.674,100.0,100.0,47.487,100.0,34.481,,,,,,MODERATE
565,2026-06-06 21:15:00+00:00,21,5,-0.707107,0.707107,-0.974928,-0.222521,True,False,EVENING,1.0,7.0,13.0,48.0,88.0,259.0,0.0,0.17,0.1733,4.915,7.986,88.16,9.06,88.164,90.612,11.84,0.94,10.26,23.29,90.453,86.026,7.26,5.23,14.52,2.25,46.238,89.89,100.0,36.245,False,,0.0,71.857,-1.93,0.0,-1.86,1.872,5.11,-1.0,-0.11,22.472,6.0,0.0,90.925,87.446,100.0,100.0,48.597,100.0,36.37,9.0,0.0,86.34,85.609,100.0,100.0,47.368,100.0,34.536,,,,,,MODERATE
566,2026-06-06 21:30:00+00:00,21,5,-0.707107,0.707107,-0.974928,-0.222521,True,False,EVENING,2.0,3.0,12.0,45.0,85.0,259.0,0.0,0.0,0.0,3.36,4.727,87.88,9.0,87.88,90.033,12.12,1.0,10.07,22.88,91.822,87.279,6.94,5.17,14.89,2.18,44.85,89.94,100.0,36.013,False,,0.0,71.869,0.0,-1.93,-0.8,1.872,5.11,-1.0,-0.06,22.485,7.0,0.0,87.773,86.339,100.0,100.0,48.509,100.0,35.109,6.0,0.0,85.767,85.431,100.0,100.0,45.816,100.0,34.307,,,,,,MODERATE
567,2026-06-06 21:45:00+00:00,21,5,-0.707107,0.707107,-0.974928,-0.222521,True,False,EVENING,5.0,7.0,14.0,43.0,88.0,261.0,0.63,0.0,0.0,7.335,6.322,88.05,9.08,88.053,90.835,11.95,0.92,9.91,22.51,93.875,89.183,7.4,5.16,14.44,2.26,46.507,90.0,100.0,40.138,False,,1.4,73.094,0.63,0.63,0.63,1.911,5.11,1.0,0.0,22.658,9.0,0.0,86.567,85.393,100.0,100.0,47.914,100.0,34.627,4.0,0.0,87.005,86.085,100.0,100.0,46.218,100.0,34.802,,,,,,MODERATE
568,2026-06-06 22:00:00+00:00,22,5,-0.5,0.866025,-0.974928,-0.222521,True,False,NIGHT,4.0,9.0,12.0,42.0,92.0,264.0,0.31,0.06,0.0571,7.257,6.813,88.14,9.11,88.138,91.099,11.86,0.89,5.68,16.7,100.0,100.0,7.94,5.14,13.92,2.35,48.447,90.0,100.0,38.324,False,,0.7,75.169,-0.32,0.31,-1.6199999999999999,1.931,5.11,-6.0,0.0,22.578,12.0,0.0,86.203,85.674,100.0,100.0,47.487,100.0,34.481,,,,,,,,,,,,,,,MODERATE
569,2026-06-06 22:15:00+00:00,22,5,-0.5,0.866025,-0.974928,-0.222521,True,False,NIGHT,2.0,6.0,13.0,40.0,91.0,264.0,0.0,0.03,0.0283,3.888,6.725,87.45,9.09,87.446,90.925,12.55,0.91,6.27,17.99,100.0,100.0,8.01,5.11,13.88,2.36,48.597,90.0,100.0,36.37,False,,0.0,74.797,-0.31,-0.63,0.0,1.841,5.11,0.0,0.11,22.5,9.0,0.0,86.34,85.609,100.0,100.0,47.368,100.0,34.536,,,,,,,,,,,,,,,MODERATE
570,2026-06-06 22:30:00+00:00,22,5,-0.5,0.866025,-0.974928,-0.222521,True,False,NIGHT,0.0,2.0,11.0,36.0,89.0,263.0,0.0,0.0,0.0,0.0,5.689,86.34,8.78,86.339,87.773,13.66,1.22,6.27,17.99,100.0,100.0,8.04,5.06,13.9,2.36,48.509,89.73,100.0,35.109,False,,0.0,73.915,0.0,-0.31,0.0,1.722,5.11,-1.0,-0.21,22.432,6.0,0.0,85.767,85.431,100.0,100.0,45.816,100.0,34.307,,,,,,,,,,,,,,,MODERATE
571,2026-06-06 22:45:00+00:00,22,5,-0.5,0.866025,-0.974928,-0.222521,True,False,NIGHT,1.0,1.0,7.0,34.0,86.0,261.0,0.0,0.0,0.0,1.68,5.948,85.39,8.66,85.393,86.567,14.61,1.34,3.3,11.46,100.0,100.0,7.94,5.0,14.06,2.33,47.914,89.62,100.0,34.627,False,,0.0,73.412,0.0,0.0,-0.63,1.442,5.11,-7.0,-0.38,22.405,4.0,0.0,87.005,86.085,100.0,100.0,46.218,100.0,34.802,,,,,,,,,,,,,,,MODERATE
572,2026-06-06 23:00:00+00:00,23,5,-0.258819,0.965926,-0.974928,-0.222521,True,False,NIGHT,3.0,4.0,6.0,36.0,86.0,262.0,0.0,0.0,0.0,5.04,4.059,85.67,8.62,85.674,86.203,14.33,1.38,6.16,17.74,100.0,100.0,7.88,4.95,14.18,2.31,47.487,89.83,100.0,34.481,False,,0.0,73.363,0.0,0.0,-0.31,1.123,4.79,-6.0,-0.17,22.458,,,,,,,,,,,,,,,,,,,,,,,,MODERATE
573,2026-06-06 23:15:00+00:00,23,5,-0.258819,0.965926,-0.974928,-0.222521,True,False,NIGHT,3.0,6.0,7.0,33.0,85.0,265.0,0.0,0.0,0.0,5.04,5.246,85.61,8.63,85.609,86.34,14.39,1.37,6.27,17.99,100.0,100.0,7.88,4.91,14.21,2.3,47.368,90.0,100.0,34.536,False,,0.0,73.365,0.0,0.0,0.0,0.824,4.47,-6.0,0.0,22.5,,,,,,,,,,,,,,,,,,,,,,,,MODERATE
574,2026-06-06 23:30:00+00:00,23,5,-0.258819,0.965926,-0.974928,-0.222521,True,False,NIGHT,2.0,5.0,9.0,32.0,83.0,265.0,0.0,0.0,0.0,3.36,4.302,85.43,8.58,85.431,85.767,14.57,1.42,5.8,16.97,100.0,100.0,7.5,4.87,14.63,2.23,45.816,90.0,100.0,34.307,False,,0.0,73.072,0.0,0.0,0.0,0.544,3.18,-2.0,0.27,22.5,,,,,,,,,,,,,,,,,,,,,,,,MODERATE
575,2026-06-06 23:45:00+00:00,23,5,-0.258819,0.965926,-0.974928,-0.222521,True,False,NIGHT,4.0,6.0,12.0,33.0,83.0,269.0,0.0,0.0,0.0,6.72,3.607,86.09,8.7,86.085,87.005,13.91,1.3,6.0,17.4,100.0,100.0,7.63,4.85,14.52,2.25,46.218,90.0,100.0,34.802,False,,0.0,73.499,0.0,0.0,0.0,0.346,1.93,5.0,0.38,22.5,,,,,,,,,,,,,,,,,,,,,,,,MODERATE
