step,timestamp,hour_of_day,day_of_week,hour_sin,hour_cos,dow_sin,dow_cos,is_weekend,is_holiday,shift_block,arrivals_15m,arrivals_30m,arrivals_1h,arrivals_3h,arrivals_6h,arrivals_24h,current_queue,critical_queue,priority_mix_critical,admissions_rate_1h,discharge_rate_1h,occupied_beds,occupied_icu,bed_occupancy,icu_occupancy,available_beds,available_icu,available_doctors,available_nurses,doctor_utilisation,nurse_utilisation,ventilators_in_use,monitors_in_use,available_equipment,reserved_equipment,equipment_utilisation,ot_backlog,ot_utilisation,emergency_resource_pressure,surge_active,surge_kind,waiting_minutes_mean,pressure_index,queue_change_15m,queue_change_30m,queue_change_1h,rolling_queue_mean,rolling_queue_max,arrival_rate_trend,ot_backlog_change_1h,queue_backlog_pressure,target_arrivals_1h,target_queue_1h,target_icu_occupancy_1h,target_bed_occupancy_1h,target_doctor_utilisation_1h,target_nurse_utilisation_1h,target_equipment_utilisation_1h,target_ot_utilisation_1h,target_emergency_resource_pressure_1h,target_arrivals_2h,target_queue_2h,target_icu_occupancy_2h,target_bed_occupancy_2h,target_doctor_utilisation_2h,target_nurse_utilisation_2h,target_equipment_utilisation_2h,target_ot_utilisation_2h,target_emergency_resource_pressure_2h,target_admissions_6h,target_discharges_6h,target_icu_occupancy_6h,target_bed_occupancy_6h,target_ot_backlog_6h,pressure_label
0,2026-06-01 00:00:00+00:00,0,0,0.0,1.0,0.0,1.0,False,False,NIGHT,1.0,1.0,1.0,1.0,1.0,1.0,2.16,0.72,0.3333,11.491,2.946,79.66,6.48,79.661,64.752,20.34,3.52,6.27,17.99,100.0,100.0,6.39,4.79,15.82,2.01,41.412,5.68,100.0,38.861,False,,3.0,68.585,0.0,0.0,0.0,2.16,2.16,0.0,0.0,1.96,4.0,0.0,65.538,79.998,100.0,100.0,39.417,65.775,26.215,9.0,0.0,65.949,80.132,100.0,100.0,35.674,80.208,26.38,5.04,1.318,68.415,79.371,0.0,NORMAL
1,2026-06-01 00:15:00+00:00,0,0,0.0,1.0,0.0,1.0,False,False,NIGHT,2.0,3.0,3.0,3.0,3.0,3.0,0.0,0.19,0.1944,6.989,1.712,80.77,6.69,80.766,66.892,19.23,3.31,5.3,15.86,100.0,100.0,6.57,4.57,15.86,2.01,41.269,5.52,100.0,26.757,False,,0.0,67.861,-2.16,0.0,0.0,1.08,2.16,0.0,0.0,1.38,5.0,0.0,66.304,80.374,100.0,100.0,38.677,100.0,26.522,8.0,0.0,65.954,79.555,100.0,100.0,37.992,77.017,26.382,1.68,1.503,68.385,79.418,0.0,NORMAL
2,2026-06-01 00:30:00+00:00,0,0,0.0,1.0,0.0,1.0,False,False,NIGHT,0.0,2.0,3.0,3.0,3.0,3.0,0.0,0.0,0.0,0.0,1.651,80.46,6.58,80.46,65.828,19.54,3.42,5.73,16.81,100.0,100.0,6.67,4.38,15.95,1.99,40.908,5.04,73.758,26.331,False,,0.0,65.187,0.0,-2.16,0.0,0.72,2.16,0.0,0.0,1.26,4.0,0.0,66.492,80.719,100.0,100.0,36.046,100.0,26.597,8.0,0.0,65.924,79.47,100.0,100.0,37.298,73.825,26.369,1.68,3.413,68.524,78.971,0.0,NORMAL
3,2026-06-01 00:45:00+00:00,0,0,0.0,1.0,0.0,1.0,False,False,NIGHT,1.0,1.0,4.0,4.0,4.0,4.0,0.0,0.0,0.0,1.68,2.684,80.17,6.63,80.166,66.255,19.83,3.37,6.26,17.98,100.0,100.0,6.93,4.23,15.84,2.01,41.336,4.72,96.167,26.502,False,,0.0,67.263,0.0,0.0,0.0,0.54,2.16,0.0,0.0,1.18,3.0,0.0,66.231,80.434,100.0,100.0,34.608,57.8,26.492,10.0,0.0,64.383,78.986,100.0,99.763,38.296,43.433,25.753,6.72,3.282,71.11,79.572,0.16,NORMAL
4,2026-06-01 01:00:00+00:00,1,0,0.258819,0.965926,0.0,1.0,False,False,NIGHT,0.0,1.0,3.0,4.0,4.0,4.0,0.0,0.0,0.0,0.0,0.957,80.0,6.55,79.998,65.538,20.0,3.45,6.27,17.99,100.0,100.0,6.54,4.11,16.36,1.92,39.417,4.24,65.775,26.215,False,,0.0,64.174,0.0,0.0,-2.16,0.432,2.16,2.0,-1.44,1.06,3.0,0.0,65.949,80.132,100.0,100.0,35.674,80.208,26.38,12.0,0.0,64.993,79.469,100.0,100.0,37.826,93.042,25.997,0.0,2.969,70.772,78.864,0.0,NORMAL
5,2026-06-01 01:15:00+00:00,1,0,0.258819,0.965926,0.0,1.0,False,False,NIGHT,2.0,2.0,3.0,6.0,6.0,6.0,0.0,0.0,0.0,3.36,1.55,80.37,6.63,80.374,66.304,19.63,3.37,5.93,17.24,100.0,100.0,6.43,4.01,16.56,1.88,38.677,4.08,100.0,26.522,False,,0.0,67.424,0.0,0.0,0.0,0.36,2.16,0.0,-1.44,1.02,4.0,0.0,65.954,79.555,100.0,100.0,37.992,77.017,26.382,10.0,0.0,65.101,79.198,100.0,100.0,36.322,64.25,26.04,1.68,1.436,69.984,79.003,0.0,NORMAL
6,2026-06-01 01:30:00+00:00,1,0,0.258819,0.965926,0.0,1.0,False,False,NIGHT,2.0,4.0,5.0,8.0,8.0,8.0,0.0,0.0,0.0,3.36,1.906,80.72,6.65,80.719,66.492,19.28,3.35,6.27,17.99,100.0,100.0,5.79,3.94,17.27,1.75,36.046,3.93,100.0,26.597,False,,0.0,67.301,0.0,0.0,0.0,0.309,2.16,2.0,-1.11,0.982,4.0,0.0,65.924,79.47,100.0,100.0,37.298,73.825,26.369,9.0,0.0,64.154,79.132,100.0,100.0,35.569,33.858,25.662,5.04,1.7,72.126,79.624,0.0,NORMAL
7,2026-06-01 01:45:00+00:00,1,0,0.258819,0.965926,0.0,1.0,False,False,NIGHT,0.0,2.0,4.0,8.0,8.0,8.0,0.0,0.0,0.0,0.0,1.244,80.43,6.62,80.434,66.231,19.57,3.38,5.23,15.71,100.0,100.0,5.46,3.88,17.66,1.68,34.608,3.45,57.8,26.492,False,,0.0,63.258,0.0,0.0,0.0,0.27,2.16,0.0,-1.27,0.862,3.0,0.0,64.383,78.986,100.0,99.763,38.296,43.433,25.753,11.0,0.0,65.547,79.801,100.0,100.0,34.904,100.0,26.219,6.72,1.595,74.254,80.693,0.16,NORMAL
8,2026-06-01 02:00:00+00:00,2,0,0.5,0.866025,0.0,1.0,False,False,NIGHT,1.0,1.0,5.0,9.0,9.0,9.0,0.0,0.0,0.0,1.68,3.001,80.13,6.59,80.132,65.949,19.87,3.41,5.02,15.25,100.0,100.0,5.8,3.83,17.37,1.73,35.674,3.13,80.208,26.38,False,,0.0,65.248,0.0,0.0,0.0,0.24,2.16,2.0,-1.11,0.782,6.0,0.0,64.993,79.469,100.0,100.0,37.826,93.042,25.997,8.0,0.0,65.309,79.418,100.0,100.0,34.588,29.075,26.124,5.04,2.378,75.305,81.253,0.16,NORMAL
9,2026-06-01 02:15:00+00:00,2,0,0.5,0.866025,0.0,1.0,False,False,NIGHT,1.0,2.0,4.0,10.0,10.0,10.0,0.0,0.0,0.0,1.68,3.987,79.55,6.6,79.555,65.954,20.45,3.4,5.18,15.6,100.0,100.0,6.47,3.79,16.74,1.85,37.992,2.81,77.017,26.382,False,,0.0,65.044,0.0,0.0,0.0,0.216,2.16,1.0,-1.27,0.702,4.0,0.0,65.101,79.198,100.0,100.0,36.322,64.25,26.04,11.0,0.0,64.8,79.051,100.0,99.845,34.731,51.483,25.92,8.4,3.25,78.55,82.216,0.48,NORMAL
10,2026-06-01 02:30:00+00:00,2,0,0.5,0.866025,0.0,1.0,False,False,NIGHT,1.0,2.0,3.0,11.0,11.0,11.0,0.0,0.0,0.0,1.68,2.031,79.47,6.59,79.47,65.924,20.53,3.41,4.87,14.91,100.0,100.0,6.31,3.76,16.93,1.81,37.298,2.49,73.825,26.369,False,,0.0,64.669,0.0,0.0,0.0,0.196,2.16,-2.0,-1.44,0.622,4.0,0.0,64.154,79.132,100.0,100.0,35.569,33.858,25.662,11.0,0.0,66.658,79.243,100.0,100.0,34.154,100.0,26.663,3.36,2.142,79.078,82.468,0.32,NORMAL
11,2026-06-01 02:45:00+00:00,2,0,0.5,0.866025,0.0,1.0,False,False,NIGHT,0.0,1.0,3.0,11.0,11.0,11.0,0.0,0.0,0.0,0.0,2.554,78.99,6.44,78.986,64.383,21.01,3.56,6.27,17.99,100.0,99.763,6.63,3.71,16.66,1.86,38.296,2.01,43.433,25.753,False,,0.0,61.581,0.0,0.0,0.0,0.18,2.16,-1.0,-1.44,0.502,7.0,0.0,65.547,79.801,100.0,100.0,34.904,100.0,26.219,9.0,0.0,68.021,79.356,100.0,100.0,34.553,75.5,27.208,1.68,3.493,79.792,81.943,0.01,NORMAL
12,2026-06-01 03:00:00+00:00,3,0,0.707107,0.707107,0.0,1.0,False,False,NIGHT,2.0,2.0,4.0,12.0,13.0,13.0,0.0,0.0,0.0,3.36,1.182,79.47,6.5,79.469,64.993,20.53,3.5,6.27,17.99,100.0,100.0,6.53,3.69,16.79,1.84,37.826,1.85,93.042,25.997,False,,0.0,66.26,0.0,0.0,0.0,0.166,2.16,-1.0,-1.28,0.462,6.0,0.0,65.309,79.418,100.0,100.0,34.588,29.075,26.124,11.0,0.0,67.32,78.831,100.0,99.567,33.632,23.333,26.928,3.36,3.024,79.695,82.037,0.0,NORMAL
13,2026-06-01 03:15:00+00:00,3,0,0.707107,0.707107,0.0,1.0,False,False,NIGHT,1.0,3.0,4.0,11.0,14.0,14.0,0.0,0.0,0.0,1.68,2.719,79.2,6.51,79.198,65.101,20.8,3.49,6.27,17.99,100.0,100.0,6.14,3.67,17.19,1.77,36.322,1.53,64.25,26.04,False,,0.0,63.495,0.0,0.0,0.0,0.154,2.16,0.0,-1.28,0.382,6.0,0.0,64.8,79.051,100.0,99.845,34.731,51.483,25.92,11.0,0.0,66.957,78.778,100.0,99.5,32.563,23.333,26.783,8.4,3.0,81.742,83.182,0.32,NORMAL
14,2026-06-01 03:30:00+00:00,3,0,0.707107,0.707107,0.0,1.0,False,False,NIGHT,0.0,1.0,3.0,11.0,14.0,14.0,0.0,0.0,0.0,0.0,0.643,79.13,6.42,79.132,64.154,20.87,3.58,6.03,17.47,100.0,100.0,5.97,3.64,17.4,1.73,35.569,1.05,33.858,25.662,False,,0.0,60.488,0.0,0.0,0.0,0.144,2.16,0.0,-1.44,0.262,5.0,0.0,66.658,79.243,100.0,100.0,34.154,100.0,26.663,12.0,0.0,67.585,79.053,100.0,99.847,32.775,74.533,27.034,0.0,4.584,79.934,82.217,0.0,NORMAL
15,2026-06-01 03:45:00+00:00,3,0,0.707107,0.707107,0.0,1.0,False,False,NIGHT,3.0,3.0,6.0,13.0,17.0,17.0,0.0,0.0,0.0,5.04,1.808,79.8,6.55,79.801,65.547,20.2,3.45,6.13,17.68,100.0,100.0,5.79,3.63,17.58,1.7,34.904,1.05,100.0,26.219,False,,0.0,66.807,0.0,0.0,0.0,0.135,2.16,3.0,-0.96,0.262,4.0,0.0,68.021,79.356,100.0,100.0,34.553,75.5,27.208,13.0,0.0,66.972,78.585,100.0,100.0,35.921,23.333,26.789,3.36,2.906,80.256,82.298,0.0,NORMAL
16,2026-06-01 04:00:00+00:00,4,0,0.866025,0.5,0.0,1.0,False,False,NIGHT,0.0,3.0,4.0,13.0,17.0,17.0,0.0,0.0,0.0,0.0,1.628,79.42,6.53,79.418,65.309,20.58,3.47,6.27,17.99,100.0,100.0,5.72,3.62,17.66,1.68,34.588,0.57,29.075,26.124,False,,0.0,60.263,0.0,0.0,0.0,0.0,0.0,0.0,-1.28,0.142,2.0,0.0,67.32,78.831,100.0,99.567,33.632,23.333,26.928,17.0,0.0,68.415,79.371,76.328,71.693,35.765,100.0,27.366,8.4,3.164,83.816,83.251,0.32,NORMAL
17,2026-06-01 04:15:00+00:00,4,0,0.866025,0.5,0.0,1.0,False,False,NIGHT,1.0,1.0,4.0,12.0,18.0,18.0,0.0,0.0,0.0,1.68,3.353,79.05,6.48,79.051,64.8,20.95,3.52,6.27,17.99,100.0,99.845,5.77,3.61,17.62,1.69,34.731,0.25,51.483,25.92,False,,0.0,62.092,0.0,0.0,0.0,0.0,0.0,0.0,-1.28,0.062,5.0,0.0,66.957,78.778,100.0,99.5,32.563,23.333,26.783,17.0,0.0,68.385,79.418,69.84,65.841,34.551,48.933,27.354,8.4,5.92,86.262,83.627,0.64,NORMAL
18,2026-06-01 04:30:00+00:00,4,0,0.866025,0.5,0.0,1.0,False,False,NIGHT,3.0,4.0,7.0,13.0,21.0,21.0,0.0,0.0,0.0,5.04,3.526,79.24,6.67,79.243,66.658,20.76,3.33,6.27,17.99,100.0,100.0,5.6,3.62,17.78,1.66,34.154,0.26,100.0,26.663,False,,0.0,66.839,0.0,0.0,0.0,0.0,0.0,4.0,-0.79,0.065,6.0,0.0,67.585,79.053,100.0,99.847,32.775,74.533,27.034,21.0,0.0,68.524,78.971,69.447,65.47,36.443,48.933,27.41,1.68,3.728,85.143,83.226,0.32,NORMAL
19,2026-06-01 04:45:00+00:00,4,0,0.866025,0.5,0.0,1.0,False,False,NIGHT,2.0,5.0,6.0,15.0,23.0,23.0,0.0,0.0,0.0,3.36,2.362,79.36,6.8,79.356,68.021,20.64,3.2,6.27,17.99,100.0,100.0,5.68,3.65,17.67,1.68,34.553,0.1,75.5,27.208,False,,0.0,64.967,0.0,0.0,0.0,0.0,0.0,0.0,-0.95,0.025,5.0,0.0,66.972,78.585,100.0,100.0,35.921,23.333,26.789,22.0,0.0,71.11,79.572,69.975,65.968,38.726,100.0,28.444,5.04,5.787,85.543,83.0,0.32,NORMAL
20,2026-06-01 05:00:00+00:00,5,0,0.965926,0.258819,0.0,1.0,False,False,NIGHT,0.0,2.0,6.0,14.0,23.0,23.0,0.0,0.0,0.0,0.0,2.384,78.83,6.73,78.831,67.32,21.17,3.27,6.27,17.99,100.0,99.567,5.42,3.66,17.92,1.63,33.632,0.0,23.333,26.928,False,,0.0,59.882,0.0,0.0,0.0,0.0,0.0,2.0,-0.57,0.0,9.0,0.0,68.415,79.371,76.328,71.693,35.765,100.0,27.366,19.0,0.0,70.772,78.864,74.314,69.862,39.702,23.333,28.309,3.36,3.415,84.577,83.082,0.16,NORMAL
21,2026-06-01 05:15:00+00:00,5,0,0.965926,0.258819,0.0,1.0,False,False,NIGHT,0.0,0.0,5.0,13.0,23.0,23.0,0.0,0.0,0.0,0.0,0.356,78.78,6.7,78.778,66.957,21.22,3.3,6.27,17.99,100.0,99.5,5.13,3.66,18.21,1.58,32.563,0.0,23.333,26.783,False,,0.0,59.693,0.0,0.0,0.0,0.0,0.0,1.0,-0.25,0.0,6.0,0.0,68.385,79.418,69.84,65.841,34.551,48.933,27.354,21.0,0.0,69.984,79.003,69.475,65.497,38.054,48.933,27.994,5.04,4.029,84.966,83.296,0.17,NORMAL
22,2026-06-01 05:30:00+00:00,5,0,0.965926,0.258819,0.0,1.0,False,False,NIGHT,2.0,2.0,4.0,14.0,25.0,25.0,0.0,0.0,0.0,3.36,2.01,79.05,6.76,79.053,67.585,20.95,3.24,6.27,17.99,100.0,99.847,5.18,3.67,18.15,1.59,32.775,0.0,74.533,27.034,False,,0.0,64.548,0.0,0.0,0.0,0.0,0.0,-3.0,-0.26,0.0,6.0,0.0,68.524,78.971,69.447,65.47,36.443,48.933,27.41,25.0,0.0,72.126,79.624,79.223,74.302,40.016,100.0,28.851,6.72,5.346,85.701,83.566,0.33,NORMAL
23,2026-06-01 05:45:00+00:00,5,0,0.965926,0.258819,0.0,1.0,False,False,NIGHT,0.0,2.0,2.0,14.0,25.0,25.0,0.0,0.0,0.0,0.0,2.115,78.59,6.7,78.585,66.972,21.41,3.3,5.64,16.62,100.0,100.0,6.02,3.68,17.3,1.75,35.921,0.0,23.333,26.789,False,,0.0,60.016,0.0,0.0,0.0,0.0,0.0,-4.0,-0.1,0.0,8.0,0.0,71.11,79.572,69.975,65.968,38.726,100.0,28.444,22.0,0.0,74.254,80.693,78.465,73.665,40.296,100.0,29.702,1.68,3.971,84.493,83.115,0.01,NORMAL
24,2026-06-01 06:00:00+00:00,6,0,1.0,0.0,0.0,1.0,False,False,MORNING,3.0,3.0,5.0,15.0,27.0,28.0,0.0,0.0,0.0,5.04,1.318,79.37,6.84,79.371,68.415,20.63,3.16,10.95,25.16,76.328,71.693,5.96,3.69,17.34,1.74,35.765,0.0,100.0,27.366,False,,0.0,61.126,0.0,0.0,0.0,0.0,0.0,-1.0,0.0,0.0,8.0,0.0,70.772,78.864,74.314,69.862,39.702,23.333,28.309,20.0,0.0,75.305,81.253,79.169,74.32,38.679,100.0,30.122,6.72,3.236,84.931,83.942,0.17,NORMAL
25,2026-06-01 06:15:00+00:00,6,0,1.0,0.0,0.0,1.0,False,False,MORNING,1.0,4.0,6.0,15.0,26.0,29.0,0.0,0.0,0.0,1.68,1.503,79.42,6.84,79.418,68.385,20.58,3.16,11.97,27.41,69.84,65.841,5.62,3.71,17.67,1.68,34.551,0.0,48.933,27.354,False,,0.0,54.944,0.0,0.0,0.0,0.0,0.0,1.0,0.0,0.0,11.0,0.0,69.984,79.003,69.475,65.497,38.054,48.933,27.994,22.0,0.0,78.55,82.216,72.3,68.16,40.035,100.0,31.42,5.04,5.132,85.685,83.843,0.17,NORMAL
26,2026-06-01 06:30:00+00:00,6,0,1.0,0.0,0.0,1.0,False,False,MORNING,1.0,2.0,5.0,16.0,27.0,30.0,0.0,0.0,0.0,1.68,3.413,78.97,6.85,78.971,68.524,21.03,3.15,11.97,27.41,69.447,65.47,6.12,3.72,17.16,1.77,36.443,0.0,48.933,27.41,False,,0.0,54.952,0.0,0.0,0.0,0.0,0.0,1.0,0.0,0.0,15.0,0.0,72.126,79.624,79.223,74.302,40.016,100.0,28.851,22.0,0.0,79.078,82.468,72.522,68.369,39.305,77.775,31.631,8.4,3.729,87.744,84.805,0.49,NORMAL
27,2026-06-01 06:45:00+00:00,6,0,1.0,0.0,0.0,1.0,False,False,MORNING,4.0,5.0,9.0,17.0,30.0,34.0,0.0,0.0,0.0,6.72,3.282,79.57,7.11,79.572,71.11,20.43,2.89,11.97,27.41,69.975,65.968,6.7,3.76,16.54,1.88,38.726,0.16,100.0,28.444,False,,0.0,60.526,0.0,0.0,0.0,0.0,0.0,7.0,0.16,0.04,14.0,0.0,74.254,80.693,78.465,73.665,40.296,100.0,29.702,21.0,0.0,79.792,81.943,77.426,72.779,40.495,48.983,31.917,1.68,4.54,85.765,84.288,0.17,NORMAL
28,2026-06-01 07:00:00+00:00,7,0,0.965926,-0.258819,0.0,1.0,False,False,MORNING,0.0,4.0,6.0,17.0,30.0,34.0,0.0,0.0,0.0,0.0,2.969,78.86,7.08,78.864,70.772,21.14,2.92,11.17,25.66,74.314,69.862,6.94,3.78,16.28,1.93,39.702,0.0,23.333,28.309,False,,0.0,54.479,0.0,0.0,0.0,0.0,0.0,1.0,0.0,0.0,11.0,0.0,75.305,81.253,79.169,74.32,38.679,100.0,30.122,23.0,0.0,79.695,82.037,75.069,70.657,39.914,74.533,31.878,0.0,4.542,84.273,83.302,0.0,NORMAL
29,2026-06-01 07:15:00+00:00,7,0,0.965926,-0.258819,0.0,1.0,False,False,MORNING,1.0,1.0,6.0,17.0,29.0,35.0,0.0,0.0,0.0,1.68,1.436,79.0,7.0,79.003,69.984,21.0,3.0,11.97,27.41,69.475,65.497,6.48,3.8,16.73,1.85,38.054,0.0,48.933,27.994,False,,0.0,55.403,0.0,0.0,0.0,0.0,0.0,0.0,0.0,0.0,10.0,0.0,78.55,82.216,72.3,68.16,40.035,100.0,31.42,23.0,0.0,81.742,83.182,76.161,71.684,41.088,100.0,32.697,5.04,5.005,83.845,83.353,0.0,NORMAL
30,2026-06-01 07:30:00+00:00,7,0,0.965926,-0.258819,0.0,1.0,False,False,MORNING,3.0,4.0,8.0,17.0,30.0,38.0,0.0,0.0,0.0,5.04,1.7,79.62,7.21,79.624,72.126,20.38,2.79,10.58,24.36,79.223,74.302,6.97,3.83,16.2,1.94,40.016,0.0,100.0,28.851,False,,0.0,62.967,0.0,0.0,0.0,0.0,0.0,3.0,0.0,0.0,10.0,0.0,79.078,82.468,72.522,68.369,39.305,77.775,31.631,21.0,0.0,79.934,82.217,72.301,68.161,40.177,23.333,31.974,5.04,3.169,83.932,83.812,0.0,NORMAL
31,2026-06-01 07:45:00+00:00,7,0,0.965926,-0.258819,0.0,1.0,False,False,MORNING,4.0,7.0,8.0,19.0,34.0,42.0,0.0,0.0,0.0,6.72,1.595,80.69,7.43,80.693,74.254,19.31,2.57,10.83,24.9,78.465,73.665,7.0,3.88,16.12,1.96,40.296,0.16,100.0,29.702,False,,0.0,63.485,0.0,0.0,0.0,0.0,0.0,-1.0,0.0,0.04,8.0,0.0,79.792,81.943,77.426,72.779,40.495,48.983,31.917,25.0,0.0,80.256,82.298,72.401,68.254,41.56,74.533,32.102,5.04,4.366,84.865,83.888,0.0,NORMAL
32,2026-06-01 08:00:00+00:00,8,0,0.866025,-0.5,0.0,1.0,False,False,MORNING,3.0,7.0,11.0,22.0,36.0,45.0,0.0,0.0,0.0,5.04,2.378,81.25,7.53,81.253,75.305,18.75,2.47,10.8,24.85,79.169,74.32,6.51,3.93,16.56,1.88,38.679,0.16,100.0,30.122,False,,0.0,63.836,0.0,0.0,0.0,0.0,0.0,5.0,0.16,0.04,9.0,0.0,79.695,82.037,75.069,70.657,39.914,74.533,31.878,24.0,0.0,83.816,83.251,74.15,69.869,42.951,100.0,33.526,5.04,1.977,85.683,84.572,0.0,NORMAL
33,2026-06-01 08:15:00+00:00,8,0,0.866025,-0.5,0.0,1.0,False,False,MORNING,5.0,8.0,15.0,27.0,40.0,50.0,0.0,0.0,0.0,8.4,3.25,82.22,7.86,82.216,78.55,17.78,2.14,11.97,27.41,72.3,68.16,6.8,4.01,16.19,1.95,40.035,0.48,100.0,31.42,False,,0.0,63.256,0.0,0.0,0.0,0.0,0.0,9.0,0.48,0.12,12.0,0.0,81.742,83.182,76.161,71.684,41.088,100.0,32.697,23.0,0.0,86.262,83.627,85.418,80.018,45.657,100.0,34.505,3.36,5.135,84.787,84.217,0.0,NORMAL
34,2026-06-01 08:30:00+00:00,8,0,0.866025,-0.5,0.0,1.0,False,False,MORNING,2.0,7.0,14.0,27.0,41.0,52.0,0.0,0.0,0.0,3.36,2.142,82.47,7.91,82.468,79.078,17.53,2.09,11.97,27.41,72.522,68.369,6.53,4.08,16.39,1.91,39.305,0.32,77.775,31.631,False,,0.0,61.403,0.0,0.0,0.0,0.0,0.0,6.0,0.32,0.08,12.0,0.0,79.934,82.217,72.301,68.161,40.177,23.333,31.974,21.0,0.0,85.143,83.226,73.189,68.998,47.326,52.158,34.057,1.68,2.812,83.186,84.095,0.0,NORMAL
35,2026-06-01 08:45:00+00:00,8,0,0.866025,-0.5,0.0,1.0,False,False,MORNING,1.0,3.0,11.0,28.0,42.0,53.0,0.0,0.0,0.0,1.68,3.493,81.94,7.98,81.943,79.792,18.06,2.02,11.14,25.59,77.426,72.779,6.79,4.14,16.07,1.97,40.495,0.01,48.983,31.917,False,,0.0,60.063,0.0,0.0,0.0,0.0,0.0,3.0,-0.15,0.002,13.0,0.0,80.256,82.298,72.401,68.254,41.56,74.533,32.102,25.0,0.0,85.543,83.0,77.857,73.207,46.337,100.0,34.217,3.36,5.168,82.68,83.693,0.0,NORMAL
36,2026-06-01 09:00:00+00:00,9,0,0.707107,-0.707107,0.0,1.0,False,False,MORNING,2.0,3.0,10.0,27.0,42.0,55.0,0.0,0.0,0.0,3.36,3.024,82.04,7.97,82.037,79.695,17.96,2.03,11.5,26.39,75.069,70.657,6.59,4.19,16.22,1.94,39.914,0.0,74.533,31.878,False,,0.0,61.774,0.0,0.0,0.0,0.0,0.0,-1.0,-0.16,0.0,14.0,0.0,83.816,83.251,74.15,69.869,42.951,100.0,33.526,23.0,0.0,84.577,83.082,73.149,68.957,47.055,76.175,33.831,3.36,5.366,82.356,83.224,0.0,NORMAL
37,2026-06-01 09:15:00+00:00,9,0,0.707107,-0.707107,0.0,1.0,False,False,MORNING,5.0,7.0,10.0,31.0,46.0,60.0,0.0,0.0,0.0,8.4,3.0,83.18,8.17,83.182,81.742,16.82,1.83,11.5,26.37,76.161,71.684,6.84,4.25,15.91,2.0,41.088,0.32,100.0,32.697,False,,0.0,65.088,0.0,0.0,0.0,0.0,0.0,-5.0,-0.16,0.08,11.0,0.0,86.262,83.627,85.418,80.018,45.657,100.0,34.505,21.0,0.0,84.966,83.296,73.25,69.056,46.926,100.0,33.986,3.36,3.64,81.821,83.208,0.0,NORMAL
38,2026-06-01 09:30:00+00:00,9,0,0.707107,-0.707107,0.0,1.0,False,False,MORNING,0.0,5.0,8.0,30.0,46.0,60.0,0.0,0.0,0.0,0.0,4.584,82.22,7.99,82.217,79.934,17.78,2.01,11.97,27.41,72.301,68.161,6.57,4.28,16.15,1.95,40.177,0.0,23.333,31.974,False,,0.0,56.646,0.0,0.0,0.0,0.0,0.0,-6.0,-0.32,0.0,9.0,0.0,85.143,83.226,73.189,68.998,47.326,52.158,34.057,21.0,0.0,85.701,83.566,75.959,71.515,46.867,100.0,34.28,8.4,2.907,83.158,84.447,0.32,NORMAL
39,2026-06-01 09:45:00+00:00,9,0,0.707107,-0.707107,0.0,1.0,False,False,MORNING,2.0,2.0,9.0,28.0,45.0,62.0,0.0,0.0,0.0,3.36,2.906,82.3,8.03,82.298,80.256,17.7,1.97,11.97,27.4,72.401,68.254,6.91,4.31,15.78,2.02,41.56,0.0,74.533,32.102,False,,0.0,61.484,0.0,0.0,0.0,0.0,0.0,-2.0,-0.01,0.0,12.0,0.0,85.543,83.0,77.857,73.207,46.337,100.0,34.217,20.0,0.0,84.493,83.115,79.378,74.58,46.292,49.0,33.797,6.72,4.534,84.726,84.837,0.48,NORMAL
40,2026-06-01 10:00:00+00:00,10,0,0.5,-0.866025,0.0,1.0,False,False,MORNING,5.0,7.0,12.0,33.0,50.0,67.0,0.0,0.0,0.0,8.4,3.164,83.25,8.38,83.251,83.816,16.75,1.62,11.82,27.08,74.15,69.869,7.23,4.37,15.4,2.09,42.951,0.32,100.0,33.526,False,,0.0,65.226,0.0,0.0,0.0,0.0,0.0,2.0,0.32,0.08,10.0,0.0,84.577,83.082,73.149,68.957,47.055,76.175,33.831,22.0,0.0,84.931,83.942,73.818,69.591,47.892,100.0,33.972,5.04,5.57,85.579,84.619,0.48,NORMAL
41,2026-06-01 10:15:00+00:00,10,0,0.5,-0.866025,0.0,1.0,False,False,MORNING,5.0,10.0,12.0,37.0,54.0,72.0,0.0,0.0,0.0,8.4,5.92,83.63,8.63,83.627,86.262,16.37,1.37,10.31,23.75,85.418,80.018,7.88,4.44,14.67,2.22,45.657,0.64,100.0,34.505,False,,0.0,68.612,0.0,0.0,0.0,0.0,0.0,2.0,0.32,0.16,12.0,0.0,84.966,83.296,73.25,69.056,46.926,100.0,33.986,21.0,0.0,85.685,83.843,73.731,69.509,47.234,100.0,34.274,5.04,3.349,85.421,85.058,0.48,NORMAL
42,2026-06-01 10:30:00+00:00,10,0,0.5,-0.866025,0.0,1.0,False,False,MORNING,1.0,6.0,13.0,35.0,52.0,73.0,0.0,0.0,0.0,1.68,3.728,83.23,8.51,83.226,85.143,16.77,1.49,11.97,27.41,73.189,68.998,8.29,4.49,14.22,2.3,47.326,0.32,52.158,34.057,False,,0.0,61.354,0.0,0.0,0.0,0.0,0.0,5.0,0.32,0.08,12.0,0.0,85.701,83.566,75.959,71.515,46.867,100.0,34.28,20.0,0.0,87.744,84.805,74.577,70.307,46.503,100.0,35.098,3.36,4.43,85.176,84.815,0.32,NORMAL
43,2026-06-01 10:45:00+00:00,10,0,0.5,-0.866025,0.0,1.0,False,False,MORNING,3.0,4.0,14.0,34.0,53.0,76.0,0.0,0.0,0.0,5.04,5.787,83.0,8.55,83.0,85.543,17.0,1.45,11.22,25.77,77.857,73.207,7.98,4.53,14.49,2.25,46.337,0.32,100.0,34.217,False,,0.0,66.667,0.0,0.0,0.0,0.0,0.0,5.0,0.32,0.08,13.0,0.0,84.493,83.115,79.378,74.58,46.292,49.0,33.797,16.0,0.0,85.765,84.288,74.122,69.878,45.845,50.633,34.306,5.04,5.841,85.134,84.619,0.32,NORMAL
44,2026-06-01 11:00:00+00:00,11,0,0.258819,-0.965926,0.0,1.0,False,False,MORNING,2.0,5.0,11.0,33.0,55.0,78.0,0.0,0.0,0.0,3.36,3.415,83.08,8.46,83.082,84.577,16.92,1.54,11.96,27.38,73.149,68.957,8.15,4.56,14.3,2.29,47.055,0.16,76.175,33.831,False,,0.0,63.337,0.0,0.0,0.0,0.0,0.0,-1.0,-0.16,0.04,13.0,0.0,84.931,83.942,73.818,69.591,47.892,100.0,33.972,17.0,0.0,84.273,83.302,73.374,69.169,46.746,23.333,33.709,6.72,3.598,85.837,85.329,0.49,NORMAL
45,2026-06-01 11:15:00+00:00,11,0,0.258819,-0.965926,0.0,1.0,False,False,MORNING,3.0,5.0,9.0,31.0,58.0,81.0,0.0,0.0,0.0,5.04,4.029,83.3,8.5,83.296,84.966,16.7,1.5,11.97,27.41,73.25,69.056,8.09,4.58,14.33,2.28,46.926,0.17,100.0,33.986,False,,0.0,65.618,0.0,0.0,0.0,0.0,0.0,-3.0,-0.47,0.042,9.0,0.0,85.685,83.843,73.731,69.509,47.234,100.0,34.274,19.0,0.0,83.845,83.353,79.112,74.35,45.487,100.0,33.538,5.04,4.154,86.305,85.504,0.49,NORMAL
46,2026-06-01 11:30:00+00:00,11,0,0.258819,-0.965926,0.0,1.0,False,False,MORNING,4.0,7.0,12.0,33.0,60.0,85.0,0.0,0.0,0.0,6.72,5.346,83.57,8.57,83.566,85.701,16.43,1.43,11.58,26.56,75.959,71.515,8.05,4.61,14.35,2.28,46.867,0.33,100.0,34.28,False,,0.0,66.44,0.0,0.0,0.0,0.0,0.0,-1.0,0.01,0.082,9.0,0.0,87.744,84.805,74.577,70.307,46.503,100.0,35.098,18.0,0.0,83.932,83.812,73.704,69.484,44.982,100.0,33.573,5.04,5.282,86.629,85.411,0.49,NORMAL
47,2026-06-01 11:45:00+00:00,11,0,0.258819,-0.965926,0.0,1.0,False,False,MORNING,1.0,5.0,10.0,33.0,61.0,86.0,0.0,0.0,0.0,1.68,3.971,83.11,8.45,83.115,84.493,16.89,1.55,11.02,25.33,79.378,74.58,7.88,4.62,14.5,2.25,46.292,0.01,49.0,33.797,False,,0.0,62.235,0.0,0.0,0.0,0.0,0.0,-4.0,-0.31,0.002,7.0,0.0,85.765,84.288,74.122,69.878,45.845,50.633,34.306,20.0,0.0,84.865,83.888,76.857,72.337,45.048,100.0,33.946,8.305,4.528,87.408,86.277,0.81,NORMAL
48,2026-06-01 12:00:00+00:00,12,0,0.0,-1.0,0.0,1.0,False,False,MORNING,4.0,5.0,12.0,35.0,62.0,90.0,0.0,0.0,0.0,6.72,3.236,83.94,8.49,83.942,84.931,16.06,1.51,11.97,27.41,73.818,69.591,8.3,4.63,14.07,2.33,47.892,0.17,100.0,33.972,False,,0.0,65.973,0.0,0.0,0.0,0.0,0.0,1.0,0.01,0.042,9.0,0.0,84.273,83.302,73.374,69.169,46.746,23.333,33.709,21.0,0.0,85.683,84.572,86.767,82.521,44.605,100.0,34.273,1.775,6.557,85.353,85.287,0.49,NORMAL
49,2026-06-01 12:15:00+00:00,12,0,0.0,-1.0,0.0,1.0,False,False,MORNING,3.0,7.0,12.0,33.0,64.0,93.0,0.0,0.0,0.0,5.04,5.132,83.84,8.57,83.843,85.685,16.16,1.43,11.97,27.41,73.731,69.509,8.11,4.64,14.25,2.3,47.234,0.17,100.0,34.274,False,,0.0,66.022,0.0,0.0,0.0,0.0,0.0,3.0,0.0,0.042,12.0,0.0,83.845,83.353,79.112,74.35,45.487,100.0,33.538,21.0,0.0,84.787,84.217,94.567,89.678,44.329,74.533,33.915,8.372,5.145,87.199,85.909,0.81,NORMAL
50,2026-06-01 12:30:00+00:00,12,0,0.0,-1.0,0.0,1.0,False,False,MORNING,5.0,8.0,13.0,38.0,68.0,98.0,0.0,0.0,0.0,8.4,3.729,84.81,8.77,84.805,87.744,15.19,1.23,11.97,27.41,74.577,70.307,7.88,4.68,14.44,2.26,46.503,0.49,100.0,35.098,False,,0.0,66.777,0.0,0.0,0.0,0.0,0.0,1.0,0.16,0.122,11.0,0.0,83.932,83.812,73.704,69.484,44.982,100.0,33.573,22.0,0.0,83.186,84.095,96.81,91.727,43.947,48.933,33.274,6.748,5.716,87.862,86.101,0.97,NORMAL
51,2026-06-01 12:45:00+00:00,12,0,0.0,-1.0,0.0,1.0,False,False,MORNING,1.0,6.0,13.0,37.0,65.0,99.0,0.0,0.0,0.0,1.68,4.54,84.29,8.58,84.288,85.765,15.71,1.42,11.97,27.41,74.122,69.878,7.69,4.69,14.62,2.23,45.845,0.17,50.633,34.306,False,,0.0,61.659,0.0,0.0,0.0,0.0,0.0,3.0,0.16,0.042,9.0,0.0,84.865,83.888,76.857,72.337,45.048,100.0,33.946,23.0,0.0,82.68,83.693,85.866,81.664,44.042,74.533,33.072,6.72,5.233,88.161,86.443,1.13,NORMAL
52,2026-06-01 13:00:00+00:00,13,0,-0.258819,-0.965926,0.0,1.0,False,False,MORNING,0.0,1.0,9.0,32.0,65.0,99.0,0.0,0.0,0.0,0.0,4.542,83.3,8.43,83.302,84.273,16.7,1.57,11.95,27.37,73.374,69.169,7.94,4.68,14.38,2.27,46.746,0.0,23.333,33.709,False,,0.0,58.593,0.0,0.0,0.0,0.0,0.0,-3.0,-0.17,0.0,8.0,0.0,85.683,84.572,86.767,82.521,44.605,100.0,34.273,24.0,0.0,82.356,83.224,85.384,81.206,43.348,74.533,32.943,1.68,5.312,86.96,85.655,0.81,NORMAL
53,2026-06-01 13:15:00+00:00,13,0,-0.258819,-0.965926,0.0,1.0,False,False,MORNING,3.0,3.0,9.0,30.0,67.0,102.0,0.0,0.0,0.0,5.04,5.005,83.35,8.38,83.353,83.845,16.65,1.62,11.09,25.48,79.112,74.35,7.62,4.66,14.72,2.21,45.487,0.0,100.0,33.538,False,,0.0,66.616,0.0,0.0,0.0,0.0,0.0,-3.0,-0.17,0.0,7.0,0.0,84.787,84.217,94.567,89.678,44.329,74.533,33.915,26.0,0.0,81.821,83.208,85.911,81.691,45.029,74.533,32.728,5.04,4.058,87.064,85.89,0.81,NORMAL
54,2026-06-01 13:30:00+00:00,13,0,-0.258819,-0.965926,0.0,1.0,False,False,MORNING,3.0,6.0,7.0,32.0,67.0,105.0,0.0,0.0,0.0,5.04,3.169,83.81,8.39,83.812,83.932,16.19,1.61,11.97,27.41,73.704,69.484,7.49,4.65,14.85,2.19,44.982,0.0,100.0,33.573,False,,0.0,65.456,0.0,0.0,0.0,0.0,0.0,-6.0,-0.49,0.0,7.0,0.0,83.186,84.095,96.81,91.727,43.947,48.933,33.274,27.0,0.0,83.158,84.447,86.714,82.469,45.457,100.0,33.263,6.72,6.418,87.563,85.915,0.97,NORMAL
55,2026-06-01 13:45:00+00:00,13,0,-0.258819,-0.965926,0.0,1.0,False,False,MORNING,3.0,6.0,9.0,32.0,66.0,108.0,0.0,0.0,0.0,5.04,4.366,83.89,8.49,83.888,84.865,16.11,1.51,11.49,26.36,76.857,72.337,7.51,4.66,14.84,2.19,45.048,0.0,100.0,33.946,False,,0.0,66.386,0.0,0.0,0.0,0.0,0.0,-4.0,-0.17,0.0,11.0,0.0,82.68,83.693,85.866,81.664,44.042,74.533,33.072,25.0,0.0,84.726,84.837,87.039,82.78,45.635,100.0,33.89,0.0,4.082,85.295,85.122,0.49,NORMAL
56,2026-06-01 14:00:00+00:00,14,0,-0.5,-0.866025,0.0,1.0,False,False,EVENING,3.0,6.0,12.0,33.0,66.0,111.0,0.0,0.0,0.0,5.04,1.977,84.57,8.57,84.572,85.683,15.43,1.43,10.26,23.29,86.767,82.521,7.38,4.67,14.96,2.17,44.605,0.0,100.0,34.273,False,,0.0,69.071,0.0,0.0,0.0,0.0,0.0,3.0,0.0,0.0,13.0,0.0,82.356,83.224,85.384,81.206,43.348,74.533,32.943,26.0,0.0,85.579,84.619,100.0,98.854,45.144,100.0,34.232,5.04,4.285,85.964,85.244,0.5,NORMAL
57,2026-06-01 14:15:00+00:00,14,0,-0.5,-0.866025,0.0,1.0,False,False,EVENING,2.0,5.0,11.0,32.0,63.0,113.0,0.0,0.0,0.0,3.36,5.135,84.22,8.48,84.217,84.787,15.78,1.52,9.37,21.34,94.567,89.678,7.3,4.67,15.03,2.15,44.329,0.0,74.533,33.915,False,,0.0,68.292,0.0,0.0,0.0,0.0,0.0,2.0,0.0,0.0,14.0,0.0,81.821,83.208,85.911,81.691,45.029,74.533,32.728,24.0,0.0,85.421,85.058,87.266,82.995,44.753,100.0,34.169,5.04,4.707,86.661,85.257,0.5,NORMAL
58,2026-06-01 14:30:00+00:00,14,0,-0.5,-0.866025,0.0,1.0,False,False,EVENING,1.0,3.0,9.0,29.0,62.0,114.0,0.0,0.0,0.0,1.68,2.812,84.09,8.32,84.095,83.186,15.91,1.68,9.14,20.84,96.81,91.727,7.22,4.65,15.13,2.14,43.947,0.0,48.933,33.274,False,,0.0,66.122,0.0,0.0,0.0,0.0,0.0,2.0,0.0,0.0,15.0,0.0,83.158,84.447,86.714,82.469,45.457,100.0,33.263,26.0,0.0,85.176,84.815,87.016,82.758,43.886,77.775,34.07,5.04,4.027,87.113,85.465,0.5,NORMAL
59,2026-06-01 14:45:00+00:00,14,0,-0.5,-0.866025,0.0,1.0,False,False,EVENING,2.0,3.0,8.0,30.0,63.0,116.0,0.0,0.0,0.0,3.36,5.168,83.69,8.27,83.693,82.68,16.31,1.73,10.26,23.29,85.866,81.664,7.26,4.63,15.11,2.14,44.042,0.0,74.533,33.072,False,,0.0,65.724,0.0,0.0,0.0,0.0,0.0,-1.0,0.0,0.0,12.0,0.0,84.726,84.837,87.039,82.78,45.635,100.0,33.89,28.0,0.0,85.134,84.619,89.681,85.206,43.654,100.0,34.054,1.68,5.596,86.227,84.575,0.18,NORMAL
60,2026-06-01 15:00:00+00:00,15,0,-0.707107,-0.707107,0.0,1.0,False,False,EVENING,2.0,4.0,7.0,28.0,63.0,118.0,0.0,0.0,0.0,3.36,5.366,83.22,8.24,83.224,82.356,16.78,1.76,10.26,23.29,85.384,81.206,7.1,4.61,15.3,2.11,43.348,0.0,74.533,32.943,False,,0.0,65.381,0.0,0.0,0.0,0.0,0.0,-5.0,0.0,0.0,11.0,0.0,85.579,84.619,100.0,98.854,45.144,100.0,34.232,29.0,0.0,85.837,85.329,87.544,83.26,45.092,100.0,34.335,6.72,3.992,87.099,85.17,0.34,NORMAL
61,2026-06-01 15:15:00+00:00,15,0,-0.707107,-0.707107,0.0,1.0,False,False,EVENING,2.0,4.0,7.0,27.0,60.0,120.0,0.0,0.0,0.0,3.36,3.64,83.21,8.18,83.208,81.821,16.79,1.82,10.2,23.15,85.911,81.691,7.57,4.59,14.84,2.19,45.029,0.0,74.533,32.728,False,,0.0,65.543,0.0,0.0,0.0,0.0,0.0,-4.0,0.0,0.0,12.0,0.0,85.421,85.058,87.266,82.995,44.753,100.0,34.169,26.0,0.0,86.305,85.504,87.723,83.431,45.744,100.0,34.522,1.68,3.985,86.363,84.667,0.02,NORMAL
62,2026-06-01 15:30:00+00:00,15,0,-0.707107,-0.707107,0.0,1.0,False,False,EVENING,5.0,7.0,11.0,27.0,65.0,125.0,0.0,0.0,0.0,8.4,2.907,84.45,8.32,84.447,83.158,15.55,1.68,10.25,23.27,86.714,82.469,7.69,4.58,14.73,2.21,45.457,0.32,100.0,33.263,False,,0.0,68.603,0.0,0.0,0.0,0.0,0.0,2.0,0.32,0.08,12.0,0.0,85.176,84.815,87.016,82.758,43.886,77.775,34.07,26.0,0.0,86.629,85.411,87.628,83.34,46.621,100.0,34.652,6.72,2.963,87.645,85.478,0.18,NORMAL
63,2026-06-01 15:45:00+00:00,15,0,-0.707107,-0.707107,0.0,1.0,False,False,EVENING,4.0,9.0,13.0,30.0,67.0,129.0,0.0,0.0,0.0,6.72,4.534,84.84,8.47,84.837,84.726,15.16,1.53,10.26,23.29,87.039,82.78,7.72,4.6,14.68,2.22,45.635,0.48,100.0,33.89,False,,0.0,69.095,0.0,0.0,0.0,0.0,0.0,5.0,0.48,0.12,13.0,0.0,85.134,84.619,89.681,85.206,43.654,100.0,34.054,27.0,0.06,87.408,86.277,88.543,84.21,46.467,100.0,35.303,6.72,4.217,87.59,86.109,0.34,NORMAL
64,2026-06-01 16:00:00+00:00,16,0,-0.866025,-0.5,0.0,1.0,False,False,EVENING,3.0,7.0,14.0,33.0,65.0,132.0,0.0,0.0,0.0,5.04,5.57,84.62,8.56,84.619,85.579,15.38,1.44,8.52,19.45,100.0,98.854,7.57,4.62,14.81,2.19,45.144,0.48,100.0,34.232,False,,0.0,72.657,0.0,0.0,0.0,0.0,0.0,7.0,0.48,0.12,15.0,0.0,85.837,85.329,87.544,83.26,45.092,100.0,34.335,22.0,0.0,85.353,85.287,100.0,96.126,47.037,53.825,34.141,5.04,5.274,87.296,86.08,0.34,MODERATE
65,2026-06-01 16:15:00+00:00,16,0,-0.866025,-0.5,0.0,1.0,False,False,EVENING,3.0,6.0,15.0,33.0,63.0,135.0,0.0,0.0,0.0,5.04,3.349,85.06,8.54,85.058,85.421,14.94,1.46,10.26,23.29,87.266,82.995,7.45,4.64,14.92,2.17,44.753,0.48,100.0,34.169,False,,0.0,69.256,0.0,0.0,0.0,0.0,0.0,8.0,0.48,0.12,12.0,0.0,86.305,85.504,87.723,83.431,45.744,100.0,34.522,24.0,0.02,87.199,85.909,98.918,93.723,47.641,100.0,34.98,5.04,5.337,87.478,85.988,0.34,NORMAL
66,2026-06-01 16:30:00+00:00,16,0,-0.866025,-0.5,0.0,1.0,False,False,EVENING,2.0,5.0,12.0,32.0,64.0,137.0,0.0,0.0,0.0,3.36,4.43,84.81,8.52,84.815,85.176,15.19,1.48,10.26,23.29,87.016,82.758,7.2,4.65,15.15,2.13,43.886,0.32,77.775,34.07,False,,0.0,67.017,0.0,0.0,0.0,0.0,0.0,1.0,0.0,0.08,14.0,0.0,86.629,85.411,87.628,83.34,46.621,100.0,34.652,22.0,0.0,87.862,86.101,100.0,95.402,47.61,100.0,35.145,1.68,4.728,86.183,85.355,0.02,NORMAL
67,2026-06-01 16:45:00+00:00,16,0,-0.866025,-0.5,0.0,1.0,False,False,EVENING,3.0,5.0,11.0,32.0,64.0,140.0,0.0,0.0,0.0,5.04,5.841,84.62,8.51,84.619,85.134,15.38,1.49,9.93,22.57,89.681,85.206,7.13,4.65,15.21,2.12,43.654,0.32,100.0,34.054,False,,0.0,69.558,0.0,0.0,0.0,0.0,0.0,-2.0,-0.16,0.08,15.0,0.06,87.408,86.277,88.543,84.21,46.467,100.0,35.303,21.0,0.0,88.161,86.443,88.686,84.347,47.333,100.0,35.264,3.36,3.78,85.996,85.269,0.0,NORMAL
68,2026-06-01 17:00:00+00:00,17,0,-0.965926,-0.258819,0.0,1.0,False,False,EVENING,4.0,7.0,12.0,33.0,66.0,144.0,0.0,0.0,0.0,6.72,3.598,85.33,8.58,85.329,85.837,14.67,1.42,10.26,23.29,87.544,83.26,7.51,4.67,14.83,2.19,45.092,0.49,100.0,34.335,False,,0.0,69.495,0.0,0.0,0.0,0.0,0.0,-2.0,0.01,0.122,14.0,0.0,85.353,85.287,100.0,96.126,47.037,53.825,34.141,18.0,0.0,86.96,85.655,100.0,100.0,45.9,57.058,34.784,0.0,4.998,83.772,84.242,0.0,NORMAL
69,2026-06-01 17:15:00+00:00,17,0,-0.965926,-0.258819,0.0,1.0,False,False,EVENING,3.0,7.0,12.0,34.0,66.0,147.0,0.0,0.0,0.0,5.04,4.154,85.5,8.63,85.504,86.305,14.5,1.37,10.26,23.29,87.723,83.431,7.67,4.68,14.65,2.22,45.744,0.49,100.0,34.522,False,,0.0,69.727,0.0,0.0,0.0,0.0,0.0,-3.0,0.01,0.122,14.0,0.02,87.199,85.909,98.918,93.723,47.641,100.0,34.98,21.0,0.0,87.064,85.89,91.083,86.536,44.914,100.0,34.826,5.04,4.758,83.982,84.291,0.0,NORMAL
70,2026-06-01 17:30:00+00:00,17,0,-0.965926,-0.258819,0.0,1.0,False,False,EVENING,3.0,6.0,13.0,36.0,65.0,150.0,0.0,0.0,0.0,5.04,5.282,85.41,8.66,85.411,86.629,14.59,1.34,10.26,23.29,87.628,83.34,7.89,4.7,14.41,2.27,46.621,0.49,100.0,34.652,False,,0.0,69.828,0.0,0.0,0.0,0.0,0.0,1.0,0.17,0.122,12.0,0.0,87.862,86.101,100.0,95.402,47.61,100.0,35.145,19.0,0.0,87.563,85.915,88.146,83.832,43.947,100.0,35.025,3.36,3.99,83.882,84.144,0.0,NORMAL
71,2026-06-01 17:45:00+00:00,17,0,-0.965926,-0.258819,0.0,1.0,False,False,EVENING,5.0,8.0,15.0,39.0,69.0,155.0,0.06,0.0,0.0,8.305,4.528,86.28,8.74,86.277,87.408,13.72,1.26,10.26,23.29,88.543,84.21,7.82,4.72,14.45,2.26,46.467,0.81,100.0,35.303,False,,0.1,70.413,0.06,0.06,0.06,0.004,0.06,4.0,0.49,0.218,12.0,0.0,88.161,86.443,88.686,84.347,47.333,100.0,35.264,19.0,0.0,85.295,85.122,87.331,83.058,43.882,28.283,34.118,0.0,4.896,83.298,82.978,0.0,MODERATE
72,2026-06-01 18:00:00+00:00,18,0,-1.0,-0.0,0.0,1.0,False,False,EVENING,1.0,6.0,12.0,38.0,66.0,156.0,0.0,0.01,0.0051,1.775,6.557,85.29,8.54,85.287,85.353,14.71,1.46,8.84,20.16,100.0,96.126,7.98,4.72,14.3,2.29,47.037,0.49,53.825,34.141,False,,0.0,68.446,-0.06,0.0,0.0,0.004,0.06,0.0,0.0,0.122,8.0,0.0,86.96,85.655,100.0,100.0,45.9,57.058,34.784,23.0,0.0,85.964,85.244,100.0,100.0,45.386,100.0,34.386,0.0,3.964,82.197,82.097,0.0,NORMAL
73,2026-06-01 18:15:00+00:00,18,0,-1.0,-0.0,0.0,1.0,False,False,EVENING,5.0,6.0,14.0,41.0,68.0,161.0,0.02,0.0,0.0,8.372,5.145,85.91,8.72,85.909,87.199,14.09,1.28,9.14,20.83,98.918,93.723,8.13,4.73,14.14,2.32,47.641,0.81,100.0,34.98,False,,0.0,72.757,0.02,-0.039999999999999994,0.02,0.005,0.06,2.0,0.32,0.208,10.0,0.0,87.064,85.89,91.083,86.536,44.914,100.0,34.826,23.0,0.0,86.661,85.257,87.47,83.19,45.208,100.0,34.664,3.36,3.337,82.437,82.079,0.0,MODERATE
74,2026-06-01 18:30:00+00:00,18,0,-1.0,-0.0,0.0,1.0,False,False,EVENING,4.0,9.0,15.0,40.0,67.0,165.0,0.0,0.0,0.0015,6.748,5.716,86.1,8.79,86.101,87.862,13.9,1.21,9.0,20.51,100.0,95.402,8.1,4.75,14.15,2.31,47.61,0.97,100.0,35.145,False,,0.0,73.248,-0.02,0.0,0.0,0.005,0.06,2.0,0.48,0.242,10.0,0.0,87.563,85.915,88.146,83.832,43.947,100.0,35.025,23.0,0.0,87.113,85.465,95.923,90.965,45.756,100.0,34.845,1.68,3.099,82.014,81.766,0.0,MODERATE
75,2026-06-01 18:45:00+00:00,18,0,-1.0,-0.0,0.0,1.0,False,False,EVENING,4.0,8.0,14.0,40.0,70.0,169.0,0.0,0.0,0.0,6.72,5.233,86.44,8.82,86.443,88.161,13.56,1.18,10.26,23.29,88.686,84.347,8.01,4.77,14.22,2.3,47.333,1.13,100.0,35.264,False,,0.0,70.674,0.0,-0.02,-0.06,0.005,0.06,-1.0,0.32,0.282,9.0,0.0,85.295,85.122,87.331,83.058,43.882,28.283,34.118,21.0,0.0,86.227,84.575,95.142,90.217,44.761,50.717,34.491,3.36,1.785,82.291,82.132,0.0,MODERATE
76,2026-06-01 19:00:00+00:00,19,0,-0.965926,0.258819,0.0,1.0,False,False,EVENING,1.0,5.0,14.0,38.0,71.0,170.0,0.0,0.0,0.0,1.68,5.312,85.65,8.7,85.655,86.96,14.35,1.3,8.13,18.61,100.0,100.0,7.62,4.77,14.61,2.23,45.9,0.81,57.058,34.784,False,,0.0,69.502,0.0,0.0,0.0,0.005,0.06,2.0,0.32,0.202,10.0,0.0,85.964,85.244,100.0,100.0,45.386,100.0,34.386,22.0,0.0,87.099,85.17,87.38,83.105,45.823,100.0,34.84,6.72,4.119,83.475,82.664,0.16,NORMAL
77,2026-06-01 19:15:00+00:00,19,0,-0.965926,0.258819,0.0,1.0,False,False,EVENING,3.0,4.0,12.0,38.0,71.0,173.0,0.0,0.0,0.0,5.04,4.058,85.89,8.71,85.89,87.064,14.11,1.29,9.93,22.56,91.083,86.536,7.35,4.78,14.87,2.18,44.914,0.81,100.0,34.826,False,,0.0,70.665,0.0,0.0,-0.02,0.005,0.06,-2.0,0.0,0.202,11.0,0.0,86.661,85.257,87.47,83.19,45.208,100.0,34.664,18.0,0.0,86.363,84.667,95.479,90.529,46.985,49.133,34.545,1.68,3.532,82.196,82.329,0.0,MODERATE
78,2026-06-01 19:30:00+00:00,19,0,-0.965926,0.258819,0.0,1.0,False,False,EVENING,4.0,7.0,12.0,40.0,72.0,177.0,0.0,0.0,0.0,6.72,6.418,85.92,8.76,85.915,87.563,14.08,1.24,10.26,23.29,88.146,83.832,7.08,4.79,15.13,2.14,43.947,0.97,100.0,35.025,False,,0.0,70.006,0.0,0.0,0.0,0.005,0.06,-3.0,0.0,0.242,9.0,0.0,87.113,85.465,95.923,90.965,45.756,100.0,34.845,20.0,0.0,87.645,85.478,96.158,91.181,48.403,100.0,35.058,1.68,3.375,81.989,81.926,0.0,MODERATE
79,2026-06-01 19:45:00+00:00,19,0,-0.965926,0.258819,0.0,1.0,False,False,EVENING,0.0,4.0,8.0,37.0,69.0,177.0,0.0,0.0,0.0,0.0,4.082,85.12,8.53,85.122,85.295,14.88,1.47,10.26,23.29,87.331,83.058,7.08,4.77,15.15,2.13,43.882,0.49,28.283,34.118,False,,0.0,62.727,0.0,0.0,0.0,0.005,0.06,-6.0,-0.64,0.122,10.0,0.0,86.227,84.575,95.142,90.217,44.761,50.717,34.491,18.0,0.0,87.59,86.109,88.344,84.021,47.953,100.0,35.036,3.36,2.78,82.202,82.049,0.0,NORMAL
80,2026-06-01 20:00:00+00:00,20,0,-0.866025,0.5,0.0,1.0,False,False,EVENING,3.0,3.0,10.0,36.0,69.0,180.0,0.0,0.0,0.0,5.04,4.285,85.24,8.6,85.244,85.964,14.76,1.4,7.61,17.46,100.0,100.0,7.5,4.76,14.75,2.21,45.386,0.5,100.0,34.386,False,,0.0,73.031,0.0,0.0,0.0,0.005,0.06,-4.0,-0.31,0.125,13.0,0.0,87.099,85.17,87.38,83.105,45.823,100.0,34.84,14.0,0.0,87.296,86.08,100.0,100.0,47.244,100.0,34.918,3.36,2.837,82.152,82.185,0.0,MODERATE
81,2026-06-01 20:15:00+00:00,20,0,-0.866025,0.5,0.0,1.0,False,False,EVENING,3.0,6.0,10.0,36.0,70.0,183.0,0.0,0.0,0.0,5.04,4.707,85.26,8.67,85.257,86.661,14.74,1.33,10.26,23.29,87.47,83.19,7.45,4.76,14.79,2.2,45.208,0.5,100.0,34.664,False,,0.0,69.637,0.0,0.0,0.0,0.005,0.06,-2.0,-0.31,0.125,12.0,0.0,86.363,84.667,95.479,90.529,46.985,49.133,34.545,11.0,0.0,87.478,85.988,100.0,100.0,47.1,100.0,34.991,1.68,3.651,81.731,81.734,0.0,NORMAL
82,2026-06-01 20:30:00+00:00,20,0,-0.866025,0.5,0.0,1.0,False,False,EVENING,3.0,6.0,9.0,36.0,72.0,186.0,0.0,0.0,0.0,5.04,4.027,85.47,8.71,85.465,87.113,14.53,1.29,9.38,21.35,95.923,90.965,7.59,4.77,14.65,2.22,45.756,0.5,100.0,34.845,False,,0.0,71.769,0.0,0.0,0.0,0.005,0.06,-3.0,-0.47,0.125,14.0,0.0,87.645,85.478,96.158,91.181,48.403,100.0,35.058,10.0,0.0,86.183,85.355,100.0,100.0,46.55,49.175,34.473,0.0,3.858,79.522,80.991,0.0,MODERATE
83,2026-06-01 20:45:00+00:00,20,0,-0.866025,0.5,0.0,1.0,False,False,EVENING,1.0,4.0,10.0,32.0,71.0,187.0,0.0,0.0,0.0,1.68,5.596,84.57,8.62,84.575,86.227,15.43,1.38,9.36,21.31,95.142,90.217,7.32,4.76,14.91,2.18,44.761,0.18,50.717,34.491,False,,0.0,66.688,0.0,0.0,0.0,0.005,0.06,2.0,-0.31,0.045,11.0,0.0,87.59,86.109,88.344,84.021,47.953,100.0,35.036,10.0,0.0,85.996,85.269,100.0,100.0,47.881,74.533,34.399,0.0,1.207,78.314,80.81,0.0,NORMAL
84,2026-06-01 21:00:00+00:00,21,0,-0.707107,0.707107,0.0,1.0,False,False,EVENING,4.0,5.0,11.0,35.0,73.0,191.0,0.0,0.0,0.0,6.72,3.992,85.17,8.71,85.17,87.099,14.83,1.29,10.26,23.29,87.38,83.105,7.6,4.77,14.63,2.23,45.823,0.34,100.0,34.84,False,,0.0,69.739,0.0,0.0,0.0,0.005,0.06,1.0,-0.16,0.085,9.0,0.0,87.296,86.08,100.0,100.0,47.244,100.0,34.918,10.0,0.0,83.772,84.242,100.0,100.0,46.968,23.333,33.509,0.0,3.8,78.035,79.888,0.0,NORMAL
85,2026-06-01 21:15:00+00:00,21,0,-0.707107,0.707107,0.0,1.0,False,False,EVENING,1.0,5.0,9.0,31.0,72.0,192.0,0.0,0.0,0.0,1.68,3.985,84.67,8.64,84.667,86.363,15.33,1.36,9.33,21.26,95.479,90.529,7.92,4.76,14.31,2.28,46.985,0.02,49.133,34.545,False,,0.0,66.871,0.0,0.0,0.0,0.005,0.06,-1.0,-0.48,0.005,6.0,0.0,87.478,85.988,100.0,100.0,47.1,100.0,34.991,14.0,0.0,83.982,84.291,100.0,100.0,45.538,100.0,33.593,1.68,1.312,77.883,79.995,0.0,NORMAL
86,2026-06-01 21:30:00+00:00,21,0,-0.707107,0.707107,0.0,1.0,False,False,EVENING,4.0,5.0,10.0,31.0,71.0,196.0,0.0,0.0,0.0,6.72,2.963,85.48,8.76,85.478,87.645,14.52,1.24,9.36,21.31,96.158,91.181,8.29,4.78,13.93,2.35,48.403,0.18,100.0,35.058,False,,0.0,72.171,0.0,0.0,0.0,0.005,0.06,1.0,-0.32,0.045,6.0,0.0,86.183,85.355,100.0,100.0,46.55,49.175,34.473,12.0,0.0,83.882,84.144,100.0,100.0,44.616,74.533,33.553,0.0,1.866,76.587,79.658,0.0,MODERATE
87,2026-06-01 21:45:00+00:00,21,0,-0.707107,0.707107,0.0,1.0,False,False,EVENING,4.0,8.0,13.0,31.0,71.0,200.0,0.0,0.0,0.0,6.72,4.217,86.11,8.76,86.109,87.59,13.89,1.24,10.26,23.29,88.344,84.021,8.16,4.78,14.05,2.33,47.953,0.34,100.0,35.036,False,,0.0,70.462,0.0,0.0,0.0,0.001,0.02,3.0,0.16,0.085,7.0,0.0,85.996,85.269,100.0,100.0,47.881,74.533,34.399,11.0,0.0,83.298,82.978,100.0,100.0,43.555,23.333,33.319,0.0,2.592,76.446,79.024,0.0,MODERATE
88,2026-06-01 22:00:00+00:00,22,0,-0.5,0.866025,0.0,1.0,False,False,NIGHT,3.0,7.0,12.0,33.0,71.0,203.0,0.0,0.0,0.0,5.04,5.274,86.08,8.73,86.08,87.296,13.92,1.27,6.27,17.99,100.0,100.0,7.97,4.79,14.24,2.3,47.244,0.34,100.0,34.918,False,,0.0,73.649,0.0,0.0,0.0,0.001,0.02,1.0,0.0,0.085,5.0,0.0,83.772,84.242,100.0,100.0,46.968,23.333,33.509,13.0,0.0,82.197,82.097,100.0,100.0,43.479,23.333,32.879,1.68,1.662,76.446,79.029,0.0,MODERATE
89,2026-06-01 22:15:00+00:00,22,0,-0.5,0.866025,0.0,1.0,False,False,NIGHT,3.0,6.0,14.0,33.0,71.0,206.0,0.0,0.0,0.0,5.04,5.337,85.99,8.75,85.988,87.478,14.01,1.25,4.18,13.4,100.0,100.0,7.93,4.79,14.28,2.29,47.1,0.34,100.0,34.991,False,,0.0,73.652,0.0,0.0,0.0,0.0,0.0,5.0,0.32,0.085,5.0,0.0,83.982,84.291,100.0,100.0,45.538,100.0,33.593,15.0,0.0,82.437,82.079,100.0,100.0,43.519,74.533,32.975,1.68,1.55,76.542,79.052,0.0,MODERATE
90,2026-06-01 22:30:00+00:00,22,0,-0.5,0.866025,0.0,1.0,False,False,NIGHT,1.0,4.0,11.0,30.0,70.0,207.0,0.0,0.0,0.0,1.68,4.728,85.36,8.62,85.355,86.183,14.64,1.38,6.27,17.99,100.0,100.0,7.79,4.78,14.43,2.26,46.55,0.02,49.175,34.473,False,,0.0,68.63,0.0,0.0,0.0,0.0,0.0,1.0,-0.16,0.005,4.0,0.0,83.882,84.144,100.0,100.0,44.616,74.533,33.553,14.0,0.0,82.014,81.766,100.0,100.0,43.893,48.933,32.806,0.0,1.084,75.656,78.869,0.0,NORMAL
91,2026-06-01 22:45:00+00:00,22,0,-0.5,0.866025,0.0,1.0,False,False,NIGHT,2.0,3.0,9.0,32.0,69.0,209.0,0.0,0.0,0.0,3.36,3.78,85.27,8.6,85.269,85.996,14.73,1.4,3.3,11.46,100.0,100.0,8.16,4.77,14.07,2.33,47.881,0.0,74.533,34.399,False,,0.0,70.976,0.0,0.0,0.0,0.0,0.0,-4.0,-0.34,0.0,3.0,0.0,83.298,82.978,100.0,100.0,43.555,23.333,33.319,13.0,0.0,82.291,82.132,100.0,100.0,44.262,74.533,32.916,0.0,0.02,75.385,78.891,0.0,MODERATE
92,2026-06-01 23:00:00+00:00,23,0,-0.258819,0.965926,0.0,1.0,False,False,NIGHT,0.0,2.0,6.0,29.0,65.0,209.0,0.0,0.0,0.0,0.0,4.998,84.24,8.38,84.242,83.772,15.76,1.62,6.27,17.99,100.0,100.0,7.94,4.74,14.32,2.28,46.968,0.0,23.333,33.509,False,,0.0,65.615,0.0,0.0,0.0,0.0,0.0,-6.0,-0.34,0.0,5.0,0.0,82.197,82.097,100.0,100.0,43.479,23.333,32.879,11.0,0.0,83.475,82.664,100.0,100.0,43.923,100.0,33.39,0.0,1.886,74.932,78.465,0.0,NORMAL
93,2026-06-01 23:15:00+00:00,23,0,-0.258819,0.965926,0.0,1.0,False,False,NIGHT,3.0,3.0,6.0,29.0,65.0,212.0,0.0,0.0,0.0,5.04,4.758,84.29,8.4,84.291,83.982,15.71,1.6,6.27,17.99,100.0,100.0,7.58,4.71,14.7,2.21,45.538,0.0,100.0,33.593,False,,0.0,72.439,0.0,0.0,0.0,0.0,0.0,-8.0,-0.34,0.0,9.0,0.0,82.437,82.079,100.0,100.0,43.519,74.533,32.975,7.0,0.0,82.196,82.329,100.0,100.0,44.192,48.933,32.878,1.68,1.406,74.443,78.583,0.0,MODERATE
94,2026-06-01 23:30:00+00:00,23,0,-0.258819,0.965926,0.0,1.0,False,False,NIGHT,2.0,5.0,7.0,28.0,64.0,214.0,0.0,0.0,0.0,3.36,3.99,84.14,8.39,84.144,83.882,15.86,1.61,6.27,17.99,100.0,100.0,7.35,4.69,14.95,2.17,44.616,0.0,74.533,33.553,False,,0.0,70.011,0.0,0.0,0.0,0.0,0.0,-4.0,-0.02,0.0,8.0,0.0,82.014,81.766,100.0,100.0,43.893,48.933,32.806,7.0,0.0,81.989,81.926,100.0,100.0,44.583,48.933,32.796,1.68,2.392,75.157,78.333,0.0,MODERATE
95,2026-06-01 23:45:00+00:00,23,0,-0.258819,0.965926,0.0,1.0,False,False,NIGHT,0.0,2.0,5.0,27.0,59.0,214.0,0.0,0.0,0.0,0.0,4.896,82.98,8.33,82.978,83.298,17.02,1.67,6.17,17.77,100.0,100.0,7.09,4.67,15.24,2.12,43.555,0.0,23.333,33.319,False,,0.0,64.935,0.0,0.0,0.0,0.0,0.0,-4.0,0.0,0.0,8.0,0.0,82.291,82.132,100.0,100.0,44.262,74.533,32.916,6.0,0.0,82.202,82.049,100.0,100.0,45.078,74.533,32.881,0.0,1.863,74.415,77.942,0.0,NORMAL
96,2026-06-02 00:00:00+00:00,0,1,0.0,1.0,0.781831,0.62349,False,False,NIGHT,0.0,0.0,5.0,23.0,58.0,213.0,0.0,0.0,0.0,0.0,3.964,82.1,8.22,82.097,82.197,17.9,1.78,5.74,16.83,100.0,100.0,7.1,4.64,15.26,2.11,43.479,0.0,23.333,32.879,False,,0.0,64.514,0.0,0.0,0.0,0.0,0.0,-1.0,0.0,0.0,8.0,0.0,83.475,82.664,100.0,100.0,43.923,100.0,33.39,4.0,0.0,82.152,82.185,100.0,100.0,45.549,74.533,32.861,3.36,3.043,75.014,77.961,0.0,NORMAL
97,2026-06-02 00:15:00+00:00,0,1,0.0,1.0,0.781831,0.62349,False,False,NIGHT,2.0,2.0,4.0,24.0,55.0,213.0,0.0,0.0,0.0,3.36,3.337,82.08,8.24,82.079,82.437,17.92,1.76,6.27,17.99,100.0,100.0,7.13,4.62,15.25,2.12,43.519,0.0,74.533,32.975,False,,0.0,69.169,0.0,0.0,0.0,0.0,0.0,-2.0,0.0,0.0,6.0,0.0,82.196,82.329,100.0,100.0,44.192,48.933,32.878,3.0,0.0,81.731,81.734,100.0,100.0,45.574,48.933,32.692,1.68,2.87,75.462,77.619,0.0,NORMAL
98,2026-06-02 00:30:00+00:00,0,1,0.0,1.0,0.781831,0.62349,False,False,NIGHT,1.0,3.0,3.0,21.0,52.0,214.0,0.0,0.0,0.0,1.68,3.099,81.77,8.2,81.766,82.014,18.23,1.8,6.27,17.99,100.0,100.0,7.25,4.6,15.15,2.13,43.893,0.0,48.933,32.806,False,,0.0,66.746,0.0,0.0,0.0,0.0,0.0,-4.0,0.0,0.0,6.0,0.0,81.989,81.926,100.0,100.0,44.583,48.933,32.796,3.0,0.0,79.522,80.991,100.0,100.0,43.217,23.333,31.809,3.36,2.493,76.23,77.759,0.0,NORMAL
99,2026-06-02 00:45:00+00:00,0,1,0.0,1.0,0.781831,0.62349,False,False,NIGHT,2.0,3.0,5.0,19.0,50.0,215.0,0.0,0.0,0.0,3.36,1.785,82.13,8.23,82.132,82.291,17.87,1.77,5.24,15.73,100.0,100.0,7.37,4.58,15.05,2.15,44.262,0.0,74.533,32.916,False,,0.0,69.219,0.0,0.0,0.0,0.0,0.0,0.0,0.0,0.0,5.0,0.0,82.202,82.049,100.0,100.0,45.078,74.533,32.881,3.0,0.0,78.314,80.81,100.0,100.0,41.852,23.333,31.326,6.72,1.396,77.461,78.967,0.16,NORMAL
100,2026-06-02 01:00:00+00:00,1,1,0.258819,0.965926,0.781831,0.62349,False,False,NIGHT,4.0,6.0,9.0,20.0,53.0,219.0,0.0,0.0,0.0,6.72,4.119,82.66,8.35,82.664,83.475,17.34,1.65,6.27,17.99,100.0,100.0,7.27,4.59,15.14,2.13,43.923,0.16,100.0,33.39,False,,0.0,71.834,0.0,0.0,0.0,0.0,0.0,4.0,0.16,0.04,3.0,0.0,82.152,82.185,100.0,100.0,45.549,74.533,32.861,3.0,0.0,78.035,79.888,100.0,100.0,42.911,23.333,31.214,1.68,2.477,77.886,78.725,0.0,MODERATE
101,2026-06-02 01:15:00+00:00,1,1,0.258819,0.965926,0.781831,0.62349,False,False,NIGHT,1.0,5.0,8.0,18.0,51.0,218.0,0.0,0.0,0.0,1.68,3.532,82.33,8.22,82.329,82.196,17.67,1.78,4.58,14.27,100.0,100.0,7.36,4.57,15.07,2.15,44.192,0.0,48.933,32.878,False,,0.0,66.933,0.0,0.0,0.0,0.0,0.0,4.0,0.0,0.0,1.0,0.0,81.731,81.734,100.0,100.0,45.574,48.933,32.692,3.0,0.0,77.883,79.995,100.0,100.0,41.647,48.933,31.153,0.0,0.0,77.587,78.755,0.0,NORMAL
102,2026-06-02 01:30:00+00:00,1,1,0.258819,0.965926,0.781831,0.62349,False,False,NIGHT,1.0,2.0,8.0,18.0,48.0,217.0,0.0,0.0,0.0,1.68,3.375,81.93,8.2,81.926,81.989,18.07,1.8,6.27,17.99,100.0,100.0,7.48,4.56,14.96,2.17,44.583,0.0,48.933,32.796,False,,0.0,66.838,0.0,0.0,0.0,0.0,0.0,5.0,0.0,0.0,1.0,0.0,79.522,80.991,100.0,100.0,43.217,23.333,31.809,3.0,0.0,76.587,79.658,100.0,100.0,43.829,23.333,30.635,5.04,0.299,78.195,79.879,0.0,NORMAL
103,2026-06-02 01:45:00+00:00,1,1,0.258819,0.965926,0.781831,0.62349,False,False,NIGHT,2.0,3.0,8.0,18.0,50.0,219.0,0.0,0.0,0.0,3.36,2.78,82.05,8.22,82.049,82.202,17.95,1.78,4.77,14.69,100.0,100.0,7.62,4.55,14.83,2.19,45.078,0.0,74.533,32.881,False,,0.0,69.256,0.0,0.0,0.0,0.0,0.0,3.0,0.0,0.0,1.0,0.0,78.314,80.81,100.0,100.0,41.852,23.333,31.326,4.0,0.0,76.446,79.024,100.0,99.811,42.73,23.333,30.578,6.72,1.526,80.695,80.928,0.16,NORMAL
104,2026-06-02 02:00:00+00:00,2,1,0.5,0.866025,0.781831,0.62349,False,False,NIGHT,2.0,4.0,6.0,20.0,49.0,220.0,0.0,0.0,0.0,3.36,2.837,82.19,8.22,82.185,82.152,17.81,1.78,4.31,13.68,100.0,100.0,7.75,4.55,14.7,2.21,45.549,0.0,74.533,32.861,False,,0.0,69.318,0.0,0.0,0.0,0.0,0.0,-3.0,-0.16,0.0,1.0,0.0,78.035,79.888,100.0,100.0,42.911,23.333,31.214,4.0,0.0,76.446,79.029,100.0,100.0,43.266,48.933,30.578,5.04,1.934,82.322,81.541,0.16,NORMAL
105,2026-06-02 02:15:00+00:00,2,1,0.5,0.866025,0.781831,0.62349,False,False,NIGHT,1.0,3.0,6.0,18.0,47.0,220.0,0.0,0.0,0.0,1.68,3.651,81.73,8.17,81.734,81.731,18.27,1.83,6.27,17.99,100.0,100.0,7.77,4.54,14.69,2.21,45.574,0.0,48.933,32.692,False,,0.0,66.833,0.0,0.0,0.0,0.0,0.0,-2.0,0.0,0.0,2.0,0.0,77.883,79.995,100.0,100.0,41.647,48.933,31.153,5.0,0.0,76.542,79.052,100.0,100.0,43.228,48.933,30.617,6.72,3.35,84.414,82.175,0.32,NORMAL
106,2026-06-02 02:30:00+00:00,2,1,0.5,0.866025,0.781831,0.62349,False,False,NIGHT,0.0,1.0,5.0,16.0,44.0,219.0,0.0,0.0,0.0,0.0,3.858,80.99,7.95,80.991,79.522,19.01,2.05,6.27,17.99,100.0,100.0,7.17,4.5,15.33,2.1,43.217,0.0,23.333,31.809,False,,0.0,63.712,0.0,0.0,0.0,0.0,0.0,-3.0,0.0,0.0,2.0,0.0,76.587,79.658,100.0,100.0,43.829,23.333,30.635,5.0,0.0,75.656,78.869,100.0,99.616,42.988,23.333,30.262,1.68,3.262,83.885,81.832,0.0,NORMAL
107,2026-06-02 02:45:00+00:00,2,1,0.5,0.866025,0.781831,0.62349,False,False,NIGHT,0.0,0.0,3.0,16.0,43.0,219.0,0.0,0.0,0.0,0.0,1.207,80.81,7.83,80.81,78.314,19.19,2.17,6.24,17.92,100.0,100.0,6.84,4.46,15.7,2.03,41.852,0.0,23.333,31.326,False,,0.0,63.308,0.0,0.0,0.0,0.0,0.0,-5.0,0.0,0.0,2.0,0.0,76.446,79.024,100.0,99.811,42.73,23.333,30.578,7.0,0.0,75.385,78.891,100.0,100.0,42.983,23.333,30.154,3.36,3.254,83.122,81.935,0.0,NORMAL
108,2026-06-02 03:00:00+00:00,3,1,0.707107,0.707107,0.781831,0.62349,False,False,NIGHT,0.0,0.0,1.0,16.0,39.0,217.0,0.0,0.0,0.0,0.0,3.8,79.89,7.8,79.888,78.035,20.11,2.2,5.39,16.05,100.0,100.0,7.16,4.43,15.41,2.09,42.911,0.0,23.333,31.214,False,,0.0,63.144,0.0,0.0,0.0,0.0,0.0,-5.0,0.0,0.0,2.0,0.0,76.446,79.029,100.0,100.0,43.266,48.933,30.578,11.0,0.0,74.932,78.465,100.0,99.105,43.085,23.333,29.973,6.72,3.305,84.007,82.7,0.16,NORMAL
109,2026-06-02 03:15:00+00:00,3,1,0.707107,0.707107,0.781831,0.62349,False,False,NIGHT,1.0,1.0,1.0,15.0,39.0,217.0,0.0,0.0,0.0,1.68,1.312,79.99,7.79,79.995,77.883,20.01,2.21,6.27,17.99,100.0,100.0,6.84,4.4,15.76,2.02,41.647,0.0,48.933,31.153,False,,0.0,65.328,0.0,0.0,0.0,0.0,0.0,-5.0,0.0,0.0,1.0,0.0,76.542,79.052,100.0,100.0,43.228,48.933,30.617,12.0,0.0,74.443,78.583,100.0,99.253,41.995,48.933,29.777,1.68,5.295,82.502,81.947,0.0,NORMAL
110,2026-06-02 03:30:00+00:00,3,1,0.707107,0.707107,0.781831,0.62349,False,False,NIGHT,0.0,1.0,1.0,14.0,35.0,217.0,0.0,0.0,0.0,0.0,1.866,79.66,7.66,79.658,76.587,20.34,2.34,5.4,16.07,100.0,100.0,7.47,4.36,15.17,2.13,43.829,0.0,23.333,30.635,False,,0.0,62.887,0.0,0.0,0.0,0.0,0.0,-4.0,0.0,0.0,1.0,0.0,75.656,78.869,100.0,99.616,42.988,23.333,30.262,11.0,0.0,75.157,78.333,100.0,100.0,40.51,48.933,30.063,6.72,3.032,83.039,82.815,0.16,NORMAL
111,2026-06-02 03:45:00+00:00,3,1,0.707107,0.707107,0.781831,0.62349,False,False,NIGHT,0.0,0.0,1.0,12.0,31.0,214.0,0.0,0.0,0.0,0.0,2.592,79.02,7.64,79.024,76.446,20.98,2.36,6.27,17.99,100.0,99.811,7.21,4.33,15.46,2.08,42.73,0.0,23.333,30.578,False,,0.0,62.597,0.0,0.0,0.0,0.0,0.0,-2.0,0.0,0.0,2.0,0.0,75.385,78.891,100.0,100.0,42.983,23.333,30.154,13.0,0.0,74.415,77.942,100.0,100.0,41.301,23.333,29.766,5.04,4.286,83.766,82.931,0.16,NORMAL
112,2026-06-02 04:00:00+00:00,4,1,0.866025,0.5,0.781831,0.62349,False,False,NIGHT,1.0,1.0,2.0,9.0,29.0,215.0,0.0,0.0,0.0,1.68,1.662,79.03,7.64,79.029,76.446,20.97,2.36,5.41,16.09,100.0,100.0,7.38,4.31,15.32,2.1,43.266,0.0,48.933,30.578,False,,0.0,64.973,0.0,0.0,0.0,0.0,0.0,1.0,0.0,0.0,2.0,0.0,74.932,78.465,100.0,99.105,43.085,23.333,29.973,17.0,0.0,75.014,77.961,74.916,70.369,40.002,74.533,30.006,6.72,2.964,85.49,83.698,0.32,NORMAL
113,2026-06-02 04:15:00+00:00,4,1,0.866025,0.5,0.781831,0.62349,False,False,NIGHT,1.0,2.0,2.0,9.0,27.0,215.0,0.0,0.0,0.0,1.68,1.55,79.05,7.65,79.052,76.542,20.95,2.35,4.49,14.08,100.0,100.0,7.38,4.29,15.33,2.1,43.228,0.0,48.933,30.617,False,,0.0,64.994,0.0,0.0,0.0,0.0,0.0,1.0,0.0,0.0,4.0,0.0,74.443,78.583,100.0,99.253,41.995,48.933,29.777,18.0,0.0,75.462,77.619,69.538,65.508,40.415,48.933,30.185,1.68,2.886,83.887,83.556,0.0,NORMAL
114,2026-06-02 04:30:00+00:00,4,1,0.866025,0.5,0.781831,0.62349,False,False,NIGHT,0.0,1.0,2.0,8.0,26.0,212.0,0.0,0.0,0.0,0.0,1.084,78.87,7.57,78.869,75.656,21.13,2.43,6.27,17.99,100.0,99.616,7.35,4.26,15.39,2.09,42.988,0.0,23.333,30.262,False,,0.0,62.405,0.0,0.0,0.0,0.0,0.0,1.0,0.0,0.0,4.0,0.0,75.157,78.333,100.0,100.0,40.51,48.933,30.063,21.0,0.0,76.23,77.759,81.102,75.902,40.232,74.533,30.492,0.0,4.209,83.178,82.575,0.0,NORMAL
115,2026-06-02 04:45:00+00:00,4,1,0.866025,0.5,0.781831,0.62349,False,False,NIGHT,0.0,0.0,2.0,6.0,24.0,210.0,0.0,0.0,0.0,0.0,0.02,78.89,7.54,78.891,75.385,21.11,2.46,6.05,17.51,100.0,100.0,7.37,4.24,15.39,2.09,42.983,0.0,23.333,30.154,False,,0.0,62.401,0.0,0.0,0.0,0.0,0.0,1.0,0.0,0.0,5.0,0.0,74.415,77.942,100.0,100.0,41.301,23.333,29.766,20.0,0.0,77.461,78.967,78.494,73.621,40.329,100.0,30.985,5.04,2.167,83.213,83.29,0.0,NORMAL
116,2026-06-02 05:00:00+00:00,5,1,0.965926,0.258819,0.781831,0.62349,False,False,NIGHT,0.0,0.0,1.0,4.0,24.0,210.0,0.0,0.0,0.0,0.0,1.886,78.47,7.49,78.465,74.932,21.53,2.51,6.27,17.99,100.0,99.105,7.42,4.21,15.37,2.09,43.085,0.0,23.333,29.973,False,,0.0,62.119,0.0,0.0,0.0,0.0,0.0,-1.0,0.0,0.0,9.0,0.0,75.014,77.961,74.916,70.369,40.002,74.533,30.006,18.0,0.0,77.886,78.725,72.603,68.315,39.119,48.933,31.155,6.72,2.561,84.881,84.163,0.16,NORMAL
117,2026-06-02 05:15:00+00:00,5,1,0.965926,0.258819,0.781831,0.62349,False,False,NIGHT,1.0,1.0,1.0,4.0,22.0,211.0,0.0,0.0,0.0,1.68,1.406,78.58,7.44,78.583,74.443,21.42,2.56,6.27,17.99,100.0,99.253,7.15,4.19,15.66,2.04,41.995,0.0,48.933,29.777,False,,0.0,64.271,0.0,0.0,0.0,0.0,0.0,-1.0,0.0,0.0,8.0,0.0,75.462,77.619,69.538,65.508,40.415,48.933,30.185,21.0,0.0,77.587,78.755,75.85,71.24,39.202,23.333,31.035,3.36,5.229,84.525,83.731,0.0,NORMAL
118,2026-06-02 05:30:00+00:00,5,1,0.965926,0.258819,0.781831,0.62349,False,False,NIGHT,1.0,2.0,2.0,5.0,21.0,210.0,0.0,0.0,0.0,1.68,2.392,78.33,7.52,78.333,75.157,21.67,2.48,5.75,16.85,100.0,100.0,6.76,4.18,16.06,1.97,40.51,0.0,48.933,30.063,False,,0.0,64.315,0.0,0.0,0.0,0.0,0.0,0.0,0.0,0.0,7.0,0.0,76.23,77.759,81.102,75.902,40.232,74.533,30.492,22.0,0.0,78.195,79.879,70.245,66.223,40.404,100.0,31.278,1.68,3.815,84.122,83.238,0.0,NORMAL
119,2026-06-02 05:45:00+00:00,5,1,0.965926,0.258819,0.781831,0.62349,False,False,NIGHT,0.0,1.0,2.0,5.0,21.0,210.0,0.0,0.0,0.0,0.0,1.863,77.94,7.44,77.942,74.415,22.06,2.56,5.28,15.82,100.0,100.0,6.99,4.16,15.85,2.01,41.301,0.0,23.333,29.766,False,,0.0,61.847,0.0,0.0,0.0,0.0,0.0,0.0,0.0,0.0,8.0,0.0,77.461,78.967,78.494,73.621,40.329,100.0,30.985,23.0,0.0,80.695,80.928,71.167,67.092,40.844,100.0,32.278,3.36,3.755,84.696,83.082,0.0,NORMAL
120,2026-06-02 06:00:00+00:00,6,1,1.0,0.0,0.781831,0.62349,False,False,MORNING,2.0,2.0,4.0,7.0,23.0,209.0,0.0,0.0,0.0,3.36,3.043,77.96,7.5,77.961,75.014,22.04,2.5,10.95,25.18,74.916,70.369,6.65,4.15,16.2,1.94,40.002,0.0,74.533,30.006,False,,0.0,59.897,0.0,0.0,0.0,0.0,0.0,3.0,0.0,0.0,8.0,0.0,77.886,78.725,72.603,68.315,39.119,48.933,31.155,22.0,0.0,82.322,81.541,71.707,67.601,40.609,100.0,32.929,8.4,3.409,86.373,84.162,0.32,NORMAL
121,2026-06-02 06:15:00+00:00,6,1,1.0,0.0,0.781831,0.62349,False,False,MORNING,1.0,3.0,4.0,7.0,22.0,209.0,0.0,0.0,0.0,1.68,2.87,77.62,7.55,77.619,75.462,22.38,2.45,11.75,26.93,69.538,65.508,6.76,4.15,16.09,1.96,40.415,0.0,48.933,30.185,False,,0.0,56.415,0.0,0.0,0.0,0.0,0.0,3.0,0.0,0.0,10.0,0.0,77.587,78.755,75.85,71.24,39.202,23.333,31.035,23.0,0.0,84.414,82.175,77.361,72.729,40.884,100.0,33.766,6.72,4.131,87.611,84.685,0.48,NORMAL
122,2026-06-02 06:30:00+00:00,6,1,1.0,0.0,0.781831,0.62349,False,False,MORNING,2.0,3.0,5.0,9.0,23.0,210.0,0.0,0.0,0.0,3.36,2.493,77.76,7.62,77.759,76.23,22.24,2.38,10.09,23.28,81.102,75.902,6.7,4.16,16.14,1.96,40.232,0.0,74.533,30.492,False,,0.0,61.522,0.0,0.0,0.0,0.0,0.0,3.0,0.0,0.0,14.0,0.0,78.195,79.879,70.245,66.223,40.404,100.0,31.278,20.0,0.0,83.885,81.832,71.962,67.842,42.946,48.975,33.554,1.68,4.193,85.32,84.286,0.16,NORMAL
123,2026-06-02 06:45:00+00:00,6,1,1.0,0.0,0.781831,0.62349,False,False,MORNING,4.0,6.0,9.0,13.0,25.0,210.0,0.0,0.0,0.0,6.72,1.396,78.97,7.75,78.967,77.461,21.03,2.25,10.59,24.38,78.494,73.621,6.71,4.18,16.11,1.96,40.329,0.16,100.0,30.985,False,,0.0,63.748,0.0,0.0,0.0,0.0,0.0,7.0,0.16,0.04,12.0,0.0,80.695,80.928,71.167,67.092,40.844,100.0,32.278,19.0,0.0,83.122,81.935,81.324,76.281,44.707,74.533,33.249,3.36,4.241,86.05,83.993,0.0,NORMAL
124,2026-06-02 07:00:00+00:00,7,1,0.965926,-0.258819,0.781831,0.62349,False,False,MORNING,1.0,5.0,8.0,13.0,22.0,211.0,0.0,0.0,0.0,1.68,2.477,78.72,7.79,78.725,77.886,21.28,2.21,11.41,26.19,72.603,68.315,6.36,4.2,16.44,1.9,39.119,0.0,48.933,31.155,False,,0.0,57.732,0.0,0.0,0.0,0.0,0.0,4.0,0.0,0.0,10.0,0.0,82.322,81.541,71.707,67.601,40.609,100.0,32.929,20.0,0.0,84.007,82.7,72.726,68.562,44.233,100.0,33.603,15.057,3.069,92.203,86.374,1.28,NORMAL
125,2026-06-02 07:15:00+00:00,7,1,0.965926,-0.258819,0.781831,0.62349,False,False,MORNING,0.0,1.0,7.0,12.0,21.0,210.0,0.0,0.0,0.0,0.0,0.0,78.75,7.76,78.755,77.587,21.25,2.24,10.93,25.12,75.85,71.24,6.37,4.21,16.42,1.91,39.202,0.0,23.333,31.035,False,,0.0,56.122,0.0,0.0,0.0,0.0,0.0,3.0,0.0,0.0,11.0,0.0,84.414,82.175,77.361,72.729,40.884,100.0,33.766,20.0,0.0,82.502,81.947,81.998,76.885,44.833,48.933,33.001,13.382,6.582,96.518,87.643,2.89,NORMAL
126,2026-06-02 07:30:00+00:00,7,1,0.965926,-0.258819,0.781831,0.62349,False,False,MORNING,3.0,3.0,8.0,15.0,23.0,210.0,0.0,0.0,0.0,5.04,0.299,79.88,7.82,79.879,78.195,20.12,2.18,11.97,27.41,70.245,66.223,6.68,4.23,16.09,1.96,40.404,0.0,100.0,31.278,False,,0.0,62.225,0.0,0.0,0.0,0.0,0.0,3.0,0.0,0.0,8.0,0.0,83.885,81.832,71.962,67.842,42.946,48.975,33.554,21.0,0.0,83.039,82.815,72.894,68.718,43.062,100.0,33.216,12.46,6.202,99.569,88.902,4.65,NORMAL
127,2026-06-02 07:45:00+00:00,7,1,0.965926,-0.258819,0.781831,0.62349,False,False,MORNING,4.0,7.0,8.0,19.0,25.0,210.0,0.0,0.0,0.0,6.72,1.526,80.93,8.07,80.928,80.695,19.07,1.93,11.97,27.41,71.167,67.092,6.75,4.27,15.97,1.99,40.844,0.16,100.0,32.278,False,,0.0,63.21,0.0,0.0,0.0,0.0,0.0,-1.0,0.0,0.04,11.0,0.0,83.122,81.935,81.324,76.281,44.707,74.533,33.249,18.0,0.0,83.766,82.931,72.929,68.753,44.263,100.0,33.506,11.579,6.451,100.0,89.975,4.81,NORMAL
128,2026-06-02 08:00:00+00:00,8,1,0.866025,-0.5,0.781831,0.62349,False,False,MORNING,3.0,7.0,10.0,22.0,26.0,210.0,0.0,0.0,0.0,5.04,1.934,81.54,8.23,81.541,82.322,18.46,1.77,11.97,27.41,71.707,67.601,6.64,4.32,16.04,1.97,40.609,0.16,100.0,32.929,False,,0.0,63.775,0.0,0.0,0.0,0.0,0.0,2.0,0.16,0.04,12.0,0.0,84.007,82.7,72.726,68.562,44.233,100.0,33.603,17.0,0.0,85.49,83.698,74.211,69.939,43.042,100.0,34.196,10.891,7.717,100.0,90.504,5.61,NORMAL
129,2026-06-02 08:15:00+00:00,8,1,0.866025,-0.5,0.781831,0.62349,False,False,MORNING,4.0,7.0,14.0,25.0,29.0,209.0,0.0,0.0,0.0,6.72,3.35,82.17,8.44,82.175,84.414,17.83,1.56,11.18,25.68,77.361,72.729,6.65,4.39,15.96,1.99,40.884,0.32,100.0,33.766,False,,0.0,65.652,0.0,0.0,0.0,0.0,0.0,7.0,0.32,0.08,12.0,0.0,82.502,81.947,81.998,76.885,44.833,48.933,33.001,18.0,0.0,83.887,83.556,98.708,91.814,44.745,48.967,33.555,10.559,7.815,100.0,91.08,7.21,NORMAL
130,2026-06-02 08:30:00+00:00,8,1,0.866025,-0.5,0.781831,0.62349,False,False,MORNING,1.0,5.0,12.0,25.0,30.0,208.0,0.0,0.0,0.0,1.68,3.262,81.83,8.39,81.832,83.885,18.17,1.61,11.97,27.41,71.962,67.842,7.16,4.43,15.4,2.09,42.946,0.0,48.975,33.554,False,,0.0,59.829,0.0,0.0,0.0,0.0,0.0,4.0,0.0,0.0,12.0,0.0,83.039,82.815,72.894,68.718,43.062,100.0,33.216,21.0,0.0,83.178,82.575,85.216,79.791,44.976,23.333,33.271,10.195,9.208,100.0,91.105,8.17,NORMAL
131,2026-06-02 08:45:00+00:00,8,1,0.866025,-0.5,0.781831,0.62349,False,False,MORNING,2.0,3.0,10.0,27.0,32.0,209.0,0.0,0.0,0.0,3.36,3.254,81.93,8.31,81.935,83.122,18.07,1.69,10.61,24.41,81.324,76.281,7.61,4.46,14.93,2.17,44.707,0.0,74.533,33.249,False,,0.0,64.294,0.0,0.0,0.0,0.0,0.0,2.0,-0.16,0.0,8.0,0.0,83.766,82.931,72.929,68.753,44.263,100.0,33.506,22.0,0.0,83.213,83.29,76.037,71.575,43.781,100.0,33.285,10.18,8.466,100.0,91.355,9.61,NORMAL
132,2026-06-02 09:00:00+00:00,9,1,0.707107,-0.707107,0.781831,0.62349,False,False,MORNING,4.0,6.0,11.0,29.0,36.0,211.0,0.0,0.0,0.0,6.72,3.305,82.7,8.4,82.7,84.007,17.3,1.6,11.97,27.41,72.726,68.562,7.45,4.49,15.06,2.15,44.233,0.16,100.0,33.603,False,,0.0,64.931,0.0,0.0,0.0,0.0,0.0,1.0,0.0,0.04,8.0,0.0,85.49,83.698,74.211,69.939,43.042,100.0,34.196,21.0,0.0,84.881,84.163,74.012,69.774,44.618,100.0,33.952,10.023,7.974,100.0,91.669,10.41,NORMAL
133,2026-06-02 09:15:00+00:00,9,1,0.707107,-0.707107,0.781831,0.62349,False,False,MORNING,1.0,5.0,8.0,29.0,36.0,207.0,0.0,0.0,0.0,1.68,5.295,81.95,8.25,81.947,82.502,18.05,1.75,10.52,24.22,81.998,76.885,7.6,4.5,14.9,2.18,44.833,0.0,48.933,33.001,False,,0.0,62.034,0.0,0.0,0.0,0.0,0.0,-6.0,-0.32,0.0,8.0,0.0,83.887,83.556,98.708,91.814,44.745,48.967,33.555,28.0,0.0,84.525,83.731,76.944,72.41,44.507,74.558,33.81,9.825,8.127,100.0,91.941,11.05,NORMAL
134,2026-06-02 09:30:00+00:00,9,1,0.707107,-0.707107,0.781831,0.62349,False,False,MORNING,4.0,5.0,11.0,31.0,40.0,211.0,0.0,0.0,0.0,6.72,3.032,82.82,8.3,82.815,83.039,17.18,1.7,11.96,27.39,72.894,68.718,7.11,4.51,15.37,2.09,43.062,0.16,100.0,33.216,False,,0.0,64.696,0.0,0.0,0.0,0.0,0.0,-1.0,0.16,0.04,9.0,0.0,83.178,82.575,85.216,79.791,44.976,23.333,33.271,39.0,0.0,84.122,83.238,73.199,69.007,43.271,48.933,33.649,9.653,8.295,100.0,92.098,11.53,NORMAL
135,2026-06-02 09:45:00+00:00,9,1,0.707107,-0.707107,0.781831,0.62349,False,False,MORNING,3.0,7.0,12.0,30.0,43.0,212.0,0.0,0.0,0.0,5.04,4.286,82.93,8.38,82.931,83.766,17.07,1.62,11.97,27.41,72.929,68.753,7.42,4.53,15.05,2.15,44.263,0.16,100.0,33.506,False,,0.0,64.984,0.0,0.0,0.0,0.0,0.0,2.0,0.16,0.04,10.0,0.0,83.213,83.29,76.037,71.575,43.781,100.0,33.285,52.0,0.0,84.696,83.082,73.061,68.878,43.113,74.533,33.879,9.555,9.317,100.0,92.065,12.49,NORMAL
136,2026-06-02 10:00:00+00:00,10,1,0.5,-0.866025,0.781831,0.62349,False,False,MORNING,4.0,7.0,12.0,33.0,46.0,211.0,0.0,0.0,0.0,6.72,2.964,83.7,8.55,83.698,85.49,16.3,1.45,11.87,27.2,74.211,69.939,7.05,4.57,15.38,2.09,43.042,0.32,100.0,34.196,False,,0.0,65.683,0.0,0.0,0.0,0.0,0.0,1.0,0.16,0.08,9.0,0.0,84.881,84.163,74.012,69.774,44.618,100.0,33.952,54.0,0.0,86.373,84.162,74.011,69.773,44.758,100.0,34.549,5.621,8.791,98.153,91.457,12.33,NORMAL
137,2026-06-02 10:15:00+00:00,10,1,0.5,-0.866025,0.781831,0.62349,False,False,MORNING,1.0,5.0,12.0,34.0,46.0,207.0,0.0,0.0,0.0,1.68,2.886,83.56,8.39,83.556,83.887,16.44,1.61,8.91,20.68,98.708,91.814,7.5,4.58,14.92,2.17,44.745,0.0,48.967,33.555,False,,0.0,66.456,0.0,0.0,0.0,0.0,0.0,4.0,0.0,0.0,10.0,0.0,84.525,83.731,76.944,72.41,44.507,74.558,33.81,57.0,0.0,87.611,84.685,74.471,70.207,46.35,100.0,35.045,5.876,7.572,96.311,91.218,11.86,NORMAL
138,2026-06-02 10:30:00+00:00,10,1,0.5,-0.866025,0.781831,0.62349,False,False,MORNING,0.0,1.0,8.0,31.0,46.0,206.0,0.0,0.0,0.0,0.0,4.209,82.58,8.32,82.575,83.178,17.42,1.68,10.2,23.52,85.216,79.791,7.57,4.58,14.86,2.19,44.976,0.0,23.333,33.271,False,,0.0,60.751,0.0,0.0,0.0,0.0,0.0,-3.0,-0.16,0.0,12.0,0.0,84.122,83.238,73.199,69.007,43.271,48.933,33.649,66.0,0.0,85.32,84.286,77.107,72.577,47.07,50.558,34.128,5.996,8.045,95.225,90.814,11.86,NORMAL
139,2026-06-02 10:45:00+00:00,10,1,0.5,-0.866025,0.781831,0.62349,False,False,MORNING,3.0,3.0,8.0,30.0,49.0,206.0,0.0,0.0,0.0,5.04,2.167,83.29,8.32,83.29,83.213,16.71,1.68,11.53,26.45,76.037,71.575,7.24,4.58,15.18,2.13,43.781,0.0,100.0,33.285,False,,0.0,65.62,0.0,0.0,0.0,0.0,0.0,-4.0,-0.16,0.0,12.0,0.0,84.696,83.082,73.061,68.878,43.113,74.533,33.879,74.0,0.0,86.05,83.993,73.862,69.633,44.017,74.567,34.42,6.163,8.905,93.504,90.301,11.7,NORMAL
140,2026-06-02 11:00:00+00:00,11,1,0.258819,-0.965926,0.781831,0.62349,False,False,MORNING,4.0,7.0,8.0,31.0,53.0,208.0,0.0,0.0,0.0,6.72,2.561,84.16,8.49,84.163,84.881,15.84,1.51,11.97,27.41,74.012,69.774,7.45,4.59,14.95,2.17,44.618,0.16,100.0,33.952,False,,0.0,65.762,0.0,0.0,0.0,0.0,0.0,-4.0,-0.16,0.04,12.0,0.0,86.373,84.162,74.011,69.773,44.758,100.0,34.549,84.0,3.9,92.203,86.374,90.189,87.099,46.608,100.0,60.266,6.382,7.905,93.267,89.944,12.18,NORMAL
141,2026-06-02 11:15:00+00:00,11,1,0.258819,-0.965926,0.781831,0.62349,False,False,MORNING,2.0,6.0,9.0,29.0,54.0,207.0,0.0,0.0,0.0,3.36,5.229,83.73,8.45,83.731,84.525,16.27,1.55,11.45,26.28,76.944,72.41,7.41,4.61,14.98,2.16,44.507,0.0,74.558,33.81,False,,0.0,63.964,0.0,0.0,0.0,0.0,0.0,-3.0,0.0,0.0,18.0,0.0,87.611,84.685,74.471,70.207,46.35,100.0,35.045,81.0,10.59,96.518,87.643,87.261,84.608,50.142,100.0,100.0,6.518,7.006,92.745,89.874,12.02,NORMAL
142,2026-06-02 11:30:00+00:00,11,1,0.258819,-0.965926,0.781831,0.62349,False,False,MORNING,1.0,3.0,10.0,29.0,54.0,204.0,0.0,0.0,0.0,1.68,3.815,83.24,8.41,83.238,84.122,16.76,1.59,11.97,27.41,73.199,69.007,7.07,4.61,15.32,2.1,43.271,0.0,48.933,33.649,False,,0.0,60.5,0.0,0.0,0.0,0.0,0.0,2.0,0.0,0.0,27.0,0.0,85.32,84.286,77.107,72.577,47.07,50.558,34.128,75.0,18.71,99.569,88.902,91.583,88.683,54.788,100.0,100.0,6.552,6.74,91.86,89.916,11.7,NORMAL
143,2026-06-02 11:45:00+00:00,11,1,0.258819,-0.965926,0.781831,0.62349,False,False,MORNING,2.0,3.0,9.0,29.0,56.0,205.0,0.0,0.0,0.0,3.36,3.755,83.08,8.47,83.082,84.696,16.92,1.53,11.97,27.41,73.061,68.878,7.02,4.62,15.36,2.1,43.113,0.0,74.533,33.879,False,,0.0,62.838,0.0,0.0,0.0,0.0,0.0,1.0,0.0,0.0,40.0,0.0,86.05,83.993,73.862,69.633,44.017,74.567,34.42,67.0,17.25,100.0,89.975,94.939,91.732,57.29,100.0,100.0,6.552,8.397,92.787,89.362,11.54,NORMAL
144,2026-06-02 12:00:00+00:00,12,1,0.0,-1.0,0.781831,0.62349,False,False,MORNING,5.0,7.0,10.0,30.0,59.0,206.0,0.0,0.0,0.0,8.4,3.409,84.16,8.64,84.162,86.373,15.84,1.36,11.97,27.41,74.011,69.773,7.44,4.65,14.92,2.18,44.758,0.32,100.0,34.549,False,,0.0,66.073,0.0,0.0,0.0,0.0,0.0,2.0,0.16,0.08,42.0,3.9,92.203,86.374,90.189,87.099,46.608,100.0,60.266,72.0,20.11,100.0,90.504,100.0,100.0,60.566,100.0,100.0,6.741,6.792,91.869,89.441,11.38,NORMAL
145,2026-06-02 12:15:00+00:00,12,1,0.0,-1.0,0.781831,0.62349,False,False,MORNING,4.0,9.0,12.0,33.0,62.0,207.0,0.0,0.0,0.0,6.72,4.131,84.69,8.76,84.685,87.611,15.31,1.24,11.97,27.41,74.471,70.207,7.83,4.68,14.49,2.25,46.35,0.48,100.0,35.045,False,,0.0,66.686,0.0,0.0,0.0,0.0,0.0,3.0,0.48,0.12,39.0,10.59,96.518,87.643,87.261,84.608,50.142,100.0,100.0,66.0,28.13,100.0,91.08,100.0,100.0,62.755,100.0,100.0,6.727,8.297,91.749,89.06,11.38,NORMAL
146,2026-06-02 12:30:00+00:00,12,1,0.0,-1.0,0.781831,0.62349,False,False,MORNING,1.0,5.0,12.0,30.0,61.0,203.0,0.0,0.0,0.0,1.68,4.193,84.29,8.53,84.286,85.32,15.71,1.47,11.51,26.39,77.107,72.577,8.03,4.68,14.29,2.29,47.07,0.16,50.558,34.128,False,,0.0,62.356,0.0,0.0,0.0,0.0,0.0,2.0,0.16,0.04,39.0,18.71,99.569,88.902,91.583,88.683,54.788,100.0,100.0,53.0,32.32,100.0,91.105,100.0,100.0,65.406,100.0,100.0,6.87,6.647,92.352,89.056,11.38,NORMAL
147,2026-06-02 12:45:00+00:00,12,1,0.0,-1.0,0.781831,0.62349,False,False,MORNING,2.0,3.0,12.0,29.0,59.0,204.0,0.0,0.0,0.0,3.36,4.241,83.99,8.61,83.993,86.05,16.01,1.39,11.97,27.41,73.862,69.633,7.19,4.69,15.12,2.14,44.017,0.0,74.567,34.42,False,,0.0,63.58,0.0,0.0,0.0,0.0,0.0,3.0,0.0,0.0,34.0,17.25,100.0,89.975,94.939,91.732,57.29,100.0,100.0,47.0,39.52,100.0,91.355,100.0,100.0,69.264,100.0,100.0,6.861,6.255,91.368,89.306,11.7,NORMAL
148,2026-06-02 13:00:00+00:00,13,1,-0.258819,-0.965926,0.781831,0.62349,False,False,MORNING,11.0,13.0,18.0,36.0,69.0,215.0,3.9,0.0,0.0,15.057,3.069,86.37,9.22,86.374,92.203,13.63,0.78,11.02,25.32,90.189,87.099,7.68,4.91,14.42,2.27,46.608,1.28,100.0,60.266,True,MASS_CASUALTY_INTAKE,5.2,74.408,3.9,3.9,3.9,0.244,3.9,8.0,0.96,1.295,42.0,20.11,100.0,90.504,100.0,100.0,60.566,100.0,100.0,37.0,42.79,100.0,91.669,100.0,100.0,70.614,100.0,100.0,6.786,7.072,92.053,89.166,12.18,MODERATE
149,2026-06-02 13:15:00+00:00,13,1,-0.258819,-0.965926,0.781831,0.62349,False,False,MORNING,13.0,24.0,27.0,48.0,82.0,225.0,10.59,0.47,0.0447,13.382,6.582,87.64,9.65,87.643,96.518,12.36,0.35,11.97,27.41,87.261,84.608,8.16,5.38,13.46,2.44,50.142,2.89,100.0,100.0,True,MASS_CASUALTY_INTAKE,15.9,79.5,6.6899999999999995,10.59,10.59,0.906,10.59,15.0,2.41,3.37,42.0,28.13,100.0,91.08,100.0,100.0,62.755,100.0,100.0,35.0,45.16,100.0,91.941,100.0,100.0,72.693,100.0,100.0,6.826,7.342,91.702,89.072,12.67,MODERATE
150,2026-06-02 13:30:00+00:00,13,1,-0.258819,-0.965926,0.781831,0.62349,False,False,MORNING,14.0,27.0,40.0,62.0,93.0,236.0,18.71,1.29,0.0687,12.46,6.202,88.9,9.96,88.902,99.569,11.1,0.04,11.97,27.41,91.583,88.683,8.7,6.1,12.21,2.66,54.788,4.65,100.0,100.0,True,MASS_CASUALTY_INTAKE,30.2,87.009,8.120000000000001,14.81,18.71,2.075,18.71,28.0,4.49,5.84,36.0,32.32,100.0,91.105,100.0,100.0,65.406,100.0,100.0,30.0,46.6,100.0,92.098,100.0,100.0,76.553,100.0,100.0,6.866,6.647,91.683,89.129,12.67,HIGH
151,2026-06-02 13:45:00+00:00,13,1,-0.258819,-0.965926,0.781831,0.62349,False,False,MORNING,4.0,18.0,42.0,63.0,93.0,237.0,17.25,2.27,0.1318,11.579,6.451,89.98,10.0,89.975,100.0,10.02,0.0,11.57,26.53,94.939,91.732,8.82,6.64,11.53,2.78,57.29,4.81,100.0,100.0,True,MASS_CASUALTY_INTAKE,30.0,87.391,-1.4600000000000009,6.66,17.25,3.153,18.71,30.0,4.81,5.515,33.0,39.52,100.0,91.355,100.0,100.0,69.264,100.0,100.0,25.0,51.1,100.0,92.065,100.0,100.0,77.344,100.0,100.0,6.846,7.855,91.951,88.85,12.51,HIGH
152,2026-06-02 14:00:00+00:00,14,1,-0.5,-0.866025,0.781831,0.62349,False,False,EVENING,8.0,12.0,39.0,67.0,98.0,242.0,20.11,2.1,0.1042,10.891,7.717,90.5,10.0,90.504,100.0,9.5,0.0,10.26,23.29,100.0,100.0,9.17,7.18,10.65,2.94,60.566,5.61,100.0,100.0,True,MASS_CASUALTY_INTAKE,37.2,91.232,2.8599999999999994,1.3999999999999986,16.21,4.41,20.11,21.0,4.33,6.43,30.0,42.79,100.0,91.669,100.0,100.0,70.614,100.0,100.0,18.0,49.75,98.153,91.457,100.0,100.0,77.276,100.0,100.0,6.944,7.043,91.207,88.899,12.51,HIGH
153,2026-06-02 14:15:00+00:00,14,1,-0.5,-0.866025,0.781831,0.62349,False,False,EVENING,13.0,21.0,39.0,78.0,107.0,253.0,28.13,2.44,0.0869,10.559,7.815,91.08,10.0,91.08,100.0,8.92,0.0,10.17,23.1,100.0,100.0,9.04,7.91,10.06,3.05,62.755,7.21,100.0,100.0,True,MASS_CASUALTY_INTAKE,53.7,94.686,8.02,10.879999999999999,17.54,6.168,28.13,12.0,4.32,8.835,24.0,45.16,100.0,91.941,100.0,100.0,72.693,100.0,100.0,18.0,46.25,96.311,91.218,100.0,100.0,76.771,100.0,100.0,6.938,6.398,91.661,88.989,12.19,HIGH
154,2026-06-02 14:30:00+00:00,14,1,-0.5,-0.866025,0.781831,0.62349,False,False,EVENING,9.0,22.0,34.0,86.0,115.0,261.0,32.32,3.42,0.1057,10.195,9.208,91.1,10.0,91.105,100.0,8.9,0.0,10.24,23.26,100.0,100.0,9.0,8.66,9.34,3.18,65.406,8.17,100.0,100.0,True,MASS_CASUALTY_INTAKE,63.8,94.93,4.190000000000001,12.21,13.61,8.188,32.32,-6.0,3.52,10.122,17.0,46.6,100.0,92.098,100.0,100.0,76.553,100.0,100.0,21.0,45.68,95.225,90.814,100.0,100.0,77.871,100.0,100.0,6.898,6.581,91.634,89.071,12.03,HIGH
155,2026-06-02 14:45:00+00:00,14,1,-0.5,-0.866025,0.781831,0.62349,False,False,EVENING,12.0,21.0,42.0,96.0,125.0,271.0,39.52,3.93,0.0994,10.18,8.466,91.35,10.0,91.355,100.0,8.65,0.0,10.26,23.29,100.0,100.0,9.38,9.32,8.3,3.37,69.264,9.61,100.0,100.0,True,MASS_CASUALTY_INTAKE,78.2,95.332,7.200000000000003,11.390000000000004,22.270000000000003,10.658,39.52,0.0,4.8,12.282,14.0,51.1,100.0,92.065,100.0,100.0,77.344,100.0,100.0,21.0,44.01,93.504,90.301,100.0,100.0,78.104,100.0,100.0,6.868,6.197,91.241,89.278,11.71,CRITICAL
156,2026-06-02 15:00:00+00:00,15,1,-0.707107,-0.707107,0.781831,0.62349,False,False,EVENING,8.0,20.0,42.0,99.0,129.0,277.0,42.79,4.8,0.1122,10.023,7.974,91.67,10.0,91.669,100.0,8.33,0.0,10.26,23.29,100.0,100.0,9.21,9.86,7.93,3.43,70.614,10.41,100.0,100.0,True,MASS_CASUALTY_INTAKE,86.0,95.522,3.269999999999996,10.469999999999999,22.68,13.332,42.79,3.0,4.8,13.3,7.0,49.75,98.153,91.457,100.0,100.0,77.276,100.0,100.0,24.0,46.22,93.267,89.944,100.0,100.0,76.129,100.0,100.0,6.798,7.208,91.319,89.168,11.39,CRITICAL
157,2026-06-02 15:15:00+00:00,15,1,-0.707107,-0.707107,0.781831,0.62349,False,False,EVENING,7.0,15.0,36.0,102.0,135.0,282.0,45.16,5.2,0.1151,9.825,8.127,91.94,10.0,91.941,100.0,8.06,0.0,10.26,23.29,100.0,100.0,9.34,10.29,7.37,3.53,72.693,11.05,100.0,100.0,True,MASS_CASUALTY_INTAKE,92.6,95.769,2.3699999999999974,5.6399999999999935,17.029999999999998,16.155,45.16,-3.0,3.84,14.052,11.0,46.25,96.311,91.218,100.0,100.0,76.771,100.0,100.0,24.0,44.34,92.745,89.874,100.0,100.0,79.113,100.0,100.0,6.837,6.357,90.916,89.328,11.07,CRITICAL
158,2026-06-02 15:30:00+00:00,15,1,-0.707107,-0.707107,0.781831,0.62349,False,False,EVENING,6.0,13.0,33.0,107.0,137.0,283.0,46.6,5.49,0.1177,9.653,8.295,92.1,10.0,92.098,100.0,7.9,0.0,9.95,22.61,100.0,100.0,10.04,10.63,6.33,3.72,76.553,11.53,100.0,100.0,True,MASS_CASUALTY_INTAKE,97.2,96.151,1.4400000000000048,3.8100000000000023,14.280000000000001,19.068,46.6,-1.0,3.36,14.532,13.0,45.68,95.225,90.814,100.0,100.0,77.871,100.0,100.0,28.0,41.44,91.86,89.916,100.0,100.0,78.558,100.0,100.0,6.785,6.884,90.596,89.336,11.07,CRITICAL
159,2026-06-02 15:45:00+00:00,15,1,-0.707107,-0.707107,0.781831,0.62349,False,False,EVENING,9.0,15.0,30.0,114.0,143.0,288.0,51.1,5.66,0.1108,9.555,9.317,92.07,10.0,92.065,100.0,7.93,0.0,8.87,20.24,100.0,100.0,9.98,10.9,6.12,3.76,77.344,12.49,100.0,100.0,True,MASS_CASUALTY_INTAKE,107.7,96.215,4.5,5.940000000000005,11.579999999999998,22.261,51.1,-12.0,2.88,15.898,11.0,44.01,93.504,90.301,100.0,100.0,78.104,100.0,100.0,30.0,39.54,92.787,89.362,100.0,100.0,78.586,100.0,100.0,6.788,6.226,91.098,89.426,10.91,CRITICAL
160,2026-06-02 16:00:00+00:00,16,1,-0.866025,-0.5,0.781831,0.62349,False,False,EVENING,2.0,11.0,24.0,105.0,141.0,287.0,49.75,4.6,0.0924,5.621,8.791,91.46,9.82,91.457,98.153,8.54,0.18,10.26,23.29,100.0,100.0,9.74,11.12,6.14,3.76,77.276,12.33,100.0,100.0,False,,141.3,95.706,-1.3500000000000014,3.1499999999999986,6.960000000000001,25.371,51.1,-18.0,1.92,15.52,11.0,46.22,93.267,89.944,100.0,100.0,76.129,100.0,100.0,30.0,37.52,91.869,89.441,100.0,100.0,79.376,100.0,100.0,6.746,7.596,90.617,89.261,10.43,CRITICAL
161,2026-06-02 16:15:00+00:00,16,1,-0.866025,-0.5,0.781831,0.62349,False,False,EVENING,0.0,2.0,17.0,92.0,140.0,284.0,46.25,4.48,0.0968,5.876,7.572,91.22,9.63,91.218,96.311,8.78,0.37,9.89,22.48,100.0,100.0,9.43,11.3,6.27,3.73,76.771,11.86,100.0,100.0,False,,125.6,95.24,-3.5,-4.850000000000001,1.0900000000000034,28.261,51.1,-19.0,0.81,14.528,7.0,44.34,92.745,89.874,100.0,100.0,79.113,100.0,100.0,31.0,36.52,91.749,89.06,100.0,100.0,79.87,100.0,100.0,6.815,7.577,90.462,89.086,10.12,CRITICAL
162,2026-06-02 16:30:00+00:00,16,1,-0.866025,-0.5,0.781831,0.62349,False,False,EVENING,3.0,3.0,14.0,81.0,143.0,285.0,45.68,4.16,0.0911,5.996,8.045,90.81,9.52,90.814,95.225,9.19,0.48,10.26,23.29,100.0,100.0,9.59,11.44,5.97,3.78,77.871,11.86,100.0,100.0,False,,121.6,95.032,-0.5700000000000003,-4.07,-0.9200000000000017,31.116,51.1,-19.0,0.33,14.385,8.0,41.44,91.86,89.916,100.0,100.0,78.558,100.0,100.0,29.0,35.43,92.352,89.056,100.0,100.0,79.209,100.0,100.0,6.882,5.795,89.885,89.416,9.64,CRITICAL
163,2026-06-02 16:45:00+00:00,16,1,-0.866025,-0.5,0.781831,0.62349,False,False,EVENING,2.0,5.0,7.0,79.0,142.0,284.0,44.01,4.11,0.0934,6.163,8.905,90.3,9.35,90.301,93.504,9.7,0.65,10.26,23.29,100.0,100.0,9.54,11.55,5.91,3.8,78.104,11.7,100.0,100.0,False,,114.0,94.596,-1.6700000000000017,-2.240000000000002,-7.090000000000003,33.867,51.1,-23.0,-0.79,13.927,10.0,39.54,92.787,89.362,100.0,100.0,78.586,100.0,100.0,28.0,36.35,91.368,89.306,100.0,100.0,79.121,100.0,100.0,6.77,6.725,89.47,89.468,9.48,HIGH
164,2026-06-02 17:00:00+00:00,17,1,-0.965926,-0.258819,0.781831,0.62349,False,False,EVENING,6.0,8.0,11.0,77.0,144.0,286.0,46.22,3.96,0.0857,6.382,7.905,89.94,9.33,89.944,93.267,10.06,0.67,9.67,21.99,100.0,100.0,8.91,11.64,6.45,3.7,76.129,12.18,100.0,100.0,False,,115.6,94.293,2.210000000000001,0.5399999999999991,-3.530000000000001,36.512,51.1,-13.0,-0.15,14.6,13.0,37.52,91.869,89.441,100.0,100.0,79.376,100.0,100.0,24.0,38.31,92.053,89.166,100.0,100.0,77.011,100.0,100.0,6.757,6.56,89.737,89.491,9.48,HIGH
165,2026-06-02 17:15:00+00:00,17,1,-0.965926,-0.258819,0.781831,0.62349,False,False,EVENING,2.0,8.0,13.0,66.0,144.0,285.0,44.34,4.16,0.0938,6.518,7.006,89.87,9.27,89.874,92.745,10.13,0.73,10.26,23.29,100.0,100.0,9.65,11.71,5.64,3.84,79.113,12.02,100.0,100.0,False,,108.6,94.441,-1.8799999999999955,0.3300000000000054,-1.9099999999999966,38.621,51.1,-4.0,0.16,14.09,17.0,36.52,91.749,89.06,100.0,100.0,79.87,100.0,100.0,19.0,40.24,91.702,89.072,100.0,100.0,74.356,100.0,100.0,6.745,7.147,88.626,89.502,9.32,HIGH
166,2026-06-02 17:30:00+00:00,17,1,-0.965926,-0.258819,0.781831,0.62349,False,False,EVENING,1.0,3.0,11.0,58.0,144.0,283.0,41.44,3.99,0.0963,6.552,6.74,89.92,9.19,89.916,91.86,10.08,0.81,9.6,21.83,100.0,100.0,9.44,11.77,5.79,3.82,78.558,11.7,100.0,100.0,False,,100.9,94.224,-2.9000000000000057,-4.780000000000001,-4.240000000000002,40.042,51.1,-3.0,-0.16,13.285,20.0,35.43,92.352,89.056,100.0,100.0,79.209,100.0,100.0,14.0,39.16,91.683,89.129,100.0,100.0,75.491,100.0,100.0,6.759,5.939,89.173,89.652,9.16,HIGH
167,2026-06-02 17:45:00+00:00,17,1,-0.965926,-0.258819,0.781831,0.62349,False,False,EVENING,2.0,3.0,11.0,48.0,144.0,280.0,39.54,3.73,0.0943,6.552,8.397,89.36,9.28,89.362,92.787,10.64,0.72,8.28,18.93,100.0,100.0,9.4,11.82,5.78,3.82,78.586,11.54,100.0,100.0,False,,96.3,94.29,-1.8999999999999986,-4.800000000000004,-4.469999999999999,41.435,51.1,4.0,-0.16,12.77,20.0,36.35,91.368,89.306,100.0,100.0,79.121,100.0,100.0,14.0,37.08,91.951,88.85,100.0,100.0,76.262,100.0,100.0,0.287,8.62,87.236,87.762,8.68,HIGH
168,2026-06-02 18:00:00+00:00,18,1,-1.0,-0.0,0.781831,0.62349,False,False,EVENING,2.0,4.0,7.0,42.0,141.0,281.0,37.52,3.56,0.0948,6.741,6.792,89.44,9.19,89.441,91.869,10.56,0.81,9.64,21.93,100.0,100.0,9.62,11.81,5.57,3.86,79.376,11.38,100.0,100.0,False,,88.8,94.195,-2.019999999999996,-3.9199999999999946,-8.699999999999996,42.523,51.1,-4.0,-0.8,12.225,17.0,38.31,92.053,89.166,100.0,100.0,77.011,100.0,100.0,14.0,35.95,91.207,88.899,100.0,100.0,75.358,100.0,100.0,1.68,6.125,85.826,86.792,8.36,HIGH
169,2026-06-02 18:15:00+00:00,18,1,-1.0,-0.0,0.781831,0.62349,False,False,EVENING,3.0,5.0,8.0,38.0,140.0,279.0,36.52,3.38,0.0925,6.727,8.297,89.06,9.17,89.06,91.749,10.94,0.83,9.89,22.48,100.0,100.0,9.79,11.78,5.44,3.88,79.87,11.38,100.0,100.0,False,,86.6,94.131,-1.0,-3.019999999999996,-7.82,43.048,51.1,-5.0,-0.64,11.975,14.0,40.24,91.702,89.072,100.0,100.0,74.356,100.0,100.0,11.0,32.82,91.661,88.989,100.0,100.0,74.815,100.0,100.0,3.36,6.82,85.384,85.971,8.2,HIGH
170,2026-06-02 18:30:00+00:00,18,1,-1.0,-0.0,0.781831,0.62349,False,False,EVENING,3.0,6.0,10.0,35.0,142.0,278.0,35.43,3.29,0.0928,6.87,6.647,89.06,9.24,89.056,92.352,10.94,0.76,10.26,23.29,100.0,100.0,9.67,11.71,5.61,3.85,79.209,11.38,100.0,100.0,False,,82.3,94.192,-1.0900000000000034,-2.0900000000000034,-6.009999999999998,43.242,51.1,-1.0,-0.32,11.702,9.0,39.16,91.683,89.129,100.0,100.0,75.491,100.0,100.0,11.0,30.71,91.634,89.071,100.0,100.0,73.282,100.0,100.0,5.04,5.372,85.866,85.84,8.2,HIGH
171,2026-06-02 18:45:00+00:00,18,1,-1.0,-0.0,0.781831,0.62349,False,False,EVENING,5.0,8.0,13.0,31.0,145.0,279.0,36.35,3.19,0.0877,6.861,6.255,89.31,9.14,89.306,91.368,10.69,0.86,10.26,23.29,100.0,100.0,9.68,11.68,5.64,3.85,79.121,11.7,100.0,100.0,False,,84.5,94.042,0.9200000000000017,-0.1700000000000017,-3.1899999999999977,43.044,51.1,2.0,0.16,12.012,8.0,37.08,91.951,88.85,100.0,100.0,76.262,100.0,100.0,9.0,27.62,91.241,89.278,100.0,100.0,72.419,100.0,100.0,1.68,4.888,84.167,85.208,7.88,HIGH
172,2026-06-02 19:00:00+00:00,19,1,-0.965926,0.258819,0.781831,0.62349,False,False,EVENING,6.0,11.0,17.0,35.0,140.0,284.0,38.31,3.27,0.0854,6.786,7.072,89.17,9.21,89.166,92.053,10.83,0.79,10.26,23.29,100.0,100.0,9.06,11.74,6.21,3.74,77.011,12.18,100.0,100.0,False,,90.1,93.958,1.9600000000000009,2.8800000000000026,0.7899999999999991,42.764,51.1,10.0,0.8,12.622,7.0,35.95,91.207,88.899,100.0,100.0,75.358,100.0,100.0,10.0,24.58,91.319,89.168,100.0,97.798,70.769,100.0,100.0,5.04,5.82,86.028,84.827,7.88,HIGH
173,2026-06-02 19:15:00+00:00,19,1,-0.965926,0.258819,0.781831,0.62349,False,False,EVENING,6.0,12.0,20.0,41.0,133.0,287.0,40.24,3.45,0.0857,6.826,7.342,89.07,9.17,89.072,91.702,10.93,0.83,8.85,20.18,100.0,100.0,8.29,11.79,6.92,3.61,74.356,12.67,100.0,100.0,False,,94.1,93.628,1.9299999999999997,3.8900000000000006,3.719999999999999,42.456,51.1,12.0,1.29,13.228,5.0,32.82,91.661,88.989,100.0,100.0,74.815,100.0,100.0,12.0,21.51,90.916,89.328,100.0,96.606,69.256,100.0,100.0,0.0,5.507,83.168,83.736,7.41,HIGH
174,2026-06-02 19:30:00+00:00,19,1,-0.965926,0.258819,0.781831,0.62349,False,False,EVENING,3.0,9.0,20.0,41.0,122.0,286.0,39.16,3.62,0.0925,6.866,6.647,89.13,9.17,89.129,91.683,10.87,0.83,9.51,21.65,100.0,100.0,8.55,11.83,6.62,3.67,75.491,12.67,100.0,100.0,False,,91.0,93.739,-1.0800000000000054,0.8499999999999943,3.729999999999997,41.991,51.1,10.0,1.29,12.958,5.0,30.71,91.634,89.071,100.0,100.0,73.282,100.0,100.0,13.0,20.47,90.596,89.336,100.0,100.0,68.306,100.0,100.0,5.04,4.979,83.74,83.694,7.41,HIGH
175,2026-06-02 19:45:00+00:00,19,1,-0.965926,0.258819,0.781831,0.62349,False,False,EVENING,2.0,5.0,17.0,41.0,120.0,288.0,37.08,3.52,0.095,6.846,7.855,88.85,9.2,88.85,91.951,11.15,0.8,9.95,22.6,100.0,100.0,8.78,11.81,6.41,3.71,76.262,12.51,100.0,100.0,False,,86.5,93.801,-2.0799999999999983,-3.1600000000000037,0.7299999999999969,41.115,49.75,4.0,0.81,12.397,6.0,27.62,91.241,89.278,100.0,100.0,72.419,100.0,100.0,12.0,18.43,91.098,89.426,100.0,96.968,68.474,100.0,100.0,1.68,4.928,83.525,82.903,7.09,HIGH
176,2026-06-02 20:00:00+00:00,20,1,-0.866025,0.5,0.781831,0.62349,False,False,EVENING,3.0,5.0,14.0,38.0,115.0,288.0,35.95,3.34,0.0928,6.944,7.043,88.9,9.12,88.899,91.207,11.1,0.88,9.85,22.38,100.0,100.0,8.6,11.75,6.65,3.66,75.358,12.51,100.0,100.0,False,,82.6,93.581,-1.1299999999999955,-3.2099999999999937,-2.3599999999999994,40.252,46.25,-3.0,0.33,12.115,7.0,24.58,91.319,89.168,100.0,97.798,70.769,100.0,100.0,10.0,14.41,90.617,89.261,100.0,100.0,67.553,100.0,100.0,1.68,4.106,82.221,82.427,6.77,HIGH
177,2026-06-02 20:15:00+00:00,20,1,-0.866025,0.5,0.781831,0.62349,False,False,EVENING,1.0,4.0,9.0,37.0,103.0,286.0,32.82,3.24,0.0986,6.938,6.398,88.99,9.17,88.989,91.661,11.01,0.83,10.26,23.29,100.0,100.0,8.61,11.59,6.8,3.64,74.815,12.19,100.0,100.0,False,,75.5,93.643,-3.1300000000000026,-4.259999999999998,-7.420000000000002,39.413,46.22,-11.0,-0.48,11.252,6.0,21.51,90.916,89.328,100.0,96.606,69.256,100.0,100.0,11.0,11.36,90.462,89.086,100.0,100.0,67.109,100.0,100.0,3.36,4.055,82.066,82.269,6.61,HIGH
178,2026-06-02 20:30:00+00:00,20,1,-0.866025,0.5,0.781831,0.62349,False,False,EVENING,2.0,3.0,8.0,38.0,96.0,285.0,30.71,2.95,0.0962,6.898,6.581,89.07,9.16,89.071,91.634,10.93,0.84,10.26,23.29,100.0,100.0,8.4,11.38,7.21,3.56,73.282,12.03,100.0,100.0,False,,71.1,93.518,-2.1099999999999994,-5.240000000000002,-8.449999999999996,38.478,46.22,-12.0,-0.64,10.685,6.0,20.47,90.596,89.336,100.0,100.0,68.306,100.0,100.0,12.0,7.26,89.885,89.416,100.0,100.0,65.956,100.0,79.518,1.68,3.892,81.63,81.76,6.29,HIGH
179,2026-06-02 20:45:00+00:00,20,1,-0.866025,0.5,0.781831,0.62349,False,False,EVENING,1.0,3.0,7.0,37.0,85.0,285.0,27.62,2.76,0.1001,6.868,6.197,89.28,9.12,89.278,91.241,10.72,0.88,7.46,17.13,100.0,100.0,8.45,11.1,7.45,3.52,72.419,11.71,100.0,100.0,False,,64.2,93.407,-3.09,-5.199999999999999,-9.459999999999997,37.453,46.22,-10.0,-0.8,9.832,3.0,18.43,91.098,89.426,100.0,96.968,68.474,100.0,100.0,15.0,5.23,89.47,89.468,100.0,100.0,62.226,100.0,67.174,1.68,3.155,80.701,81.484,5.97,HIGH
180,2026-06-02 21:00:00+00:00,21,1,-0.707107,0.707107,0.781831,0.62349,False,False,EVENING,1.0,2.0,5.0,36.0,78.0,282.0,24.58,2.49,0.1012,6.798,7.208,89.17,9.13,89.168,91.319,10.83,0.87,10.26,23.29,100.0,97.798,8.33,10.77,7.89,3.44,70.769,11.39,100.0,100.0,False,,57.7,92.717,-3.0400000000000027,-6.130000000000003,-11.370000000000005,36.101,44.34,-9.0,-1.12,8.992,3.0,14.41,90.617,89.261,100.0,100.0,67.553,100.0,100.0,14.0,4.21,89.737,89.491,100.0,100.0,61.49,100.0,61.147,1.68,3.097,79.802,81.219,5.65,HIGH
181,2026-06-02 21:15:00+00:00,21,1,-0.707107,0.707107,0.781831,0.62349,False,False,EVENING,1.0,2.0,5.0,34.0,72.0,282.0,21.51,2.21,0.1028,6.837,6.357,89.33,9.09,89.328,90.916,10.67,0.91,10.26,23.29,100.0,96.606,8.31,10.39,8.3,3.37,69.256,11.07,100.0,100.0,False,,50.2,90.428,-3.0699999999999967,-6.109999999999999,-11.309999999999999,34.674,41.44,-4.0,-1.12,8.145,6.0,11.36,90.462,89.086,100.0,100.0,67.109,100.0,100.0,14.0,2.19,88.626,89.502,100.0,100.0,58.644,100.0,48.615,1.68,3.545,78.89,80.844,5.33,HIGH
182,2026-06-02 21:30:00+00:00,21,1,-0.707107,0.707107,0.781831,0.62349,False,False,EVENING,3.0,4.0,6.0,34.0,69.0,281.0,20.47,1.94,0.0946,6.785,6.884,89.34,9.06,89.336,90.596,10.66,0.94,8.51,19.45,100.0,100.0,8.39,10.05,8.56,3.32,68.306,11.07,100.0,100.0,False,,48.1,90.021,-1.0400000000000027,-4.109999999999999,-10.240000000000002,33.363,40.24,-2.0,-0.96,7.885,7.0,7.26,89.885,89.416,100.0,100.0,65.956,100.0,79.518,12.0,0.17,89.173,89.652,100.0,100.0,55.566,100.0,36.693,1.68,2.623,78.899,80.607,5.01,HIGH
183,2026-06-02 21:45:00+00:00,21,1,-0.707107,0.707107,0.781831,0.62349,False,False,EVENING,2.0,5.0,7.0,31.0,62.0,279.0,18.43,1.84,0.1,6.788,6.226,89.43,9.11,89.426,91.098,10.57,0.89,10.08,22.9,100.0,96.968,8.78,9.7,8.51,3.33,68.474,10.91,100.0,100.0,False,,43.3,88.487,-2.039999999999999,-3.080000000000002,-9.190000000000001,32.044,40.24,0.0,-0.8,7.335,9.0,5.23,89.47,89.468,100.0,100.0,62.226,100.0,67.174,13.0,0.0,87.236,87.762,100.0,100.0,54.609,100.0,34.894,3.36,2.213,79.672,80.817,4.85,HIGH
184,2026-06-02 22:00:00+00:00,22,1,-0.5,0.866025,0.781831,0.62349,False,False,NIGHT,0.0,2.0,6.0,25.0,60.0,276.0,14.41,1.66,0.1151,6.746,7.596,89.26,9.06,89.261,90.617,10.74,0.94,6.27,17.99,100.0,100.0,8.96,9.28,8.76,3.28,67.553,10.43,100.0,100.0,False,,34.1,86.063,-4.02,-6.059999999999999,-10.169999999999998,30.599,40.24,1.0,-0.96,6.21,7.0,4.21,89.737,89.491,100.0,100.0,61.49,100.0,61.147,14.0,0.0,85.826,86.792,100.0,100.0,53.613,100.0,34.33,0.0,3.234,78.543,80.121,4.37,HIGH
185,2026-06-02 22:15:00+00:00,22,1,-0.5,0.866025,0.781831,0.62349,False,False,NIGHT,1.0,1.0,6.0,20.0,61.0,274.0,11.36,1.3,0.1142,6.815,7.577,89.09,9.05,89.086,90.462,10.91,0.95,6.27,17.99,100.0,100.0,9.29,8.83,8.88,3.26,67.109,10.12,100.0,100.0,False,,26.6,84.002,-3.0500000000000007,-7.07,-10.150000000000002,29.027,40.24,1.0,-0.95,5.37,5.0,2.19,88.626,89.502,100.0,100.0,58.644,100.0,48.615,14.0,0.0,85.384,85.971,100.0,100.0,54.141,100.0,34.153,1.68,2.572,78.018,79.951,4.06,MODERATE
186,2026-06-02 22:30:00+00:00,22,1,-0.5,0.866025,0.781831,0.62349,False,False,NIGHT,0.0,1.0,3.0,17.0,58.0,273.0,7.26,1.02,0.1408,6.882,5.795,89.42,8.99,89.416,89.885,10.58,1.01,6.27,17.99,100.0,100.0,9.5,8.31,9.19,3.21,65.956,9.64,100.0,79.518,False,,16.8,81.231,-4.1,-7.15,-13.209999999999999,27.266,40.24,-3.0,-1.43,4.225,5.0,0.17,89.173,89.652,100.0,100.0,55.566,100.0,36.693,14.0,0.0,85.866,85.84,100.0,100.0,52.266,100.0,34.346,1.68,0.857,78.138,80.145,3.74,MODERATE
187,2026-06-02 22:45:00+00:00,22,1,-0.5,0.866025,0.781831,0.62349,False,False,NIGHT,2.0,2.0,3.0,17.0,58.0,273.0,5.23,0.65,0.1249,6.77,6.725,89.47,8.95,89.468,89.47,10.53,1.05,4.33,13.72,100.0,100.0,8.98,7.82,10.2,3.02,62.226,9.48,100.0,67.174,False,,12.3,79.525,-2.0299999999999994,-6.129999999999999,-13.2,25.321,40.24,-4.0,-1.43,3.678,6.0,0.0,87.236,87.762,100.0,100.0,54.609,100.0,34.894,12.0,0.0,84.167,85.208,100.0,100.0,51.381,100.0,33.667,5.04,1.784,80.01,80.771,3.74,MODERATE
188,2026-06-02 23:00:00+00:00,23,1,-0.258819,0.965926,0.781831,0.62349,False,False,NIGHT,3.0,5.0,6.0,17.0,55.0,276.0,4.21,0.47,0.1119,6.757,6.56,89.49,8.97,89.491,89.737,10.51,1.03,5.64,16.61,100.0,100.0,9.21,7.4,10.4,2.99,61.49,9.48,100.0,61.147,False,,9.9,78.864,-1.0200000000000005,-3.05,-10.2,23.19,40.24,0.0,-0.95,3.423,7.0,0.0,85.826,86.792,100.0,100.0,53.613,100.0,34.33,12.0,0.0,86.028,84.827,100.0,100.0,51.659,100.0,34.411,3.36,2.226,79.987,81.057,3.58,MODERATE
189,2026-06-02 23:15:00+00:00,23,1,-0.258819,0.965926,0.781831,0.62349,False,False,NIGHT,2.0,5.0,7.0,18.0,55.0,275.0,2.19,0.38,0.1726,6.745,7.147,89.5,8.86,89.502,88.626,10.5,1.14,6.27,17.99,100.0,100.0,8.86,6.97,11.17,2.85,58.644,9.32,100.0,48.615,False,,5.2,77.095,-2.02,-3.0400000000000005,-9.17,20.812,39.16,1.0,-0.8,2.878,9.0,0.0,85.384,85.971,100.0,100.0,54.141,100.0,34.153,10.0,0.0,83.168,83.736,100.0,100.0,51.366,97.383,33.267,5.04,3.045,81.817,81.373,3.58,MODERATE
190,2026-06-02 23:30:00+00:00,23,1,-0.258819,0.965926,0.781831,0.62349,False,False,NIGHT,2.0,4.0,9.0,18.0,56.0,275.0,0.17,0.2,0.1975,6.759,5.939,89.65,8.92,89.652,89.173,10.35,1.08,6.27,17.99,100.0,100.0,8.44,6.56,12.0,2.7,55.566,9.16,100.0,36.693,False,,0.4,75.668,-2.02,-4.04,-7.09,18.375,37.08,6.0,-0.48,2.332,7.0,0.0,85.866,85.84,100.0,100.0,52.266,100.0,34.346,11.0,0.0,83.74,83.694,100.0,100.0,50.266,100.0,33.496,5.04,3.543,83.177,81.611,3.58,MODERATE
191,2026-06-02 23:45:00+00:00,23,1,-0.258819,0.965926,0.781831,0.62349,False,False,NIGHT,0.0,2.0,7.0,17.0,54.0,275.0,0.0,0.02,0.0154,0.287,8.62,87.76,8.72,87.762,87.236,12.24,1.28,6.01,17.43,100.0,100.0,8.53,6.21,12.26,2.65,54.609,8.68,100.0,34.894,False,,0.0,74.67,-0.17,-2.19,-5.23,16.057,35.95,4.0,-0.8,2.17,7.0,0.0,84.167,85.208,100.0,100.0,51.381,100.0,33.667,9.0,0.0,83.525,82.903,100.0,100.0,50.352,100.0,33.41,1.68,3.835,83.006,81.089,3.26,MODERATE
192,2026-06-03 00:00:00+00:00,0,2,0.0,1.0,0.974928,-0.222521,False,False,NIGHT,1.0,1.0,5.0,17.0,53.0,276.0,0.0,0.0,0.0,1.68,6.125,86.79,8.58,86.792,85.826,13.21,1.42,6.27,17.99,100.0,100.0,8.56,5.91,12.52,2.61,53.613,8.36,100.0,34.33,False,,0.0,74.085,0.0,-0.17,-4.21,13.811,32.82,-1.0,-1.12,2.09,7.0,0.0,86.028,84.827,100.0,100.0,51.659,100.0,34.411,10.0,0.0,82.221,82.427,100.0,100.0,50.047,100.0,32.888,1.68,2.396,82.704,80.941,2.94,MODERATE
193,2026-06-03 00:15:00+00:00,0,2,0.0,1.0,0.974928,-0.222521,False,False,NIGHT,2.0,3.0,5.0,18.0,52.0,276.0,0.0,0.0,0.0,3.36,6.82,85.97,8.54,85.971,85.384,14.03,1.46,6.27,17.99,100.0,100.0,8.95,5.67,12.38,2.63,54.141,8.2,100.0,34.153,False,,0.0,73.863,0.0,0.0,-2.19,11.759,30.71,-2.0,-1.12,2.05,5.0,0.0,83.168,83.736,100.0,100.0,51.366,97.383,33.267,9.0,0.0,82.066,82.269,100.0,100.0,48.679,100.0,32.826,3.36,2.513,82.869,81.136,2.78,MODERATE
194,2026-06-03 00:30:00+00:00,0,2,0.0,1.0,0.974928,-0.222521,False,False,NIGHT,3.0,5.0,6.0,18.0,52.0,278.0,0.0,0.0,0.0,5.04,5.372,85.84,8.59,85.84,85.866,14.16,1.41,6.03,17.47,100.0,100.0,8.63,5.48,12.89,2.54,52.266,8.2,100.0,34.346,False,,0.0,73.762,0.0,0.0,-0.17,9.84,27.62,-3.0,-0.96,2.05,7.0,0.0,83.74,83.694,100.0,100.0,50.266,100.0,33.496,8.0,0.0,81.63,81.76,100.0,100.0,48.812,100.0,32.652,0.0,3.363,81.634,80.418,2.3,MODERATE
195,2026-06-03 00:45:00+00:00,0,2,0.0,1.0,0.974928,-0.222521,False,False,NIGHT,1.0,4.0,7.0,17.0,48.0,277.0,0.0,0.0,0.0,1.68,4.888,85.21,8.42,85.208,84.167,14.79,1.58,6.27,17.99,100.0,100.0,8.56,5.31,13.13,2.5,51.381,7.88,100.0,33.667,False,,0.0,73.203,0.0,0.0,0.0,8.114,24.58,0.0,-0.8,1.97,5.0,0.0,83.525,82.903,100.0,100.0,50.352,100.0,33.41,8.0,0.0,80.701,81.484,100.0,100.0,47.472,100.0,32.281,0.0,1.422,80.059,80.221,1.82,MODERATE
196,2026-06-03 01:00:00+00:00,1,2,0.258819,0.965926,0.974928,-0.222521,False,False,NIGHT,3.0,4.0,9.0,20.0,45.0,276.0,0.0,0.0,0.0,5.04,5.82,84.83,8.6,84.827,86.028,15.17,1.4,5.12,15.47,100.0,100.0,8.75,5.19,13.05,2.51,51.659,7.88,100.0,34.411,False,,0.0,73.517,0.0,0.0,0.0,6.578,21.51,4.0,-0.48,1.97,5.0,0.0,82.221,82.427,100.0,100.0,50.047,100.0,32.888,10.0,0.0,79.802,81.219,100.0,100.0,44.129,100.0,31.921,3.36,2.12,80.586,80.478,1.66,MODERATE
197,2026-06-03 01:15:00+00:00,1,2,0.258819,0.965926,0.974928,-0.222521,False,False,NIGHT,0.0,3.0,7.0,19.0,39.0,275.0,0.0,0.0,0.0,0.0,5.507,83.74,8.32,83.736,83.168,16.26,1.68,6.08,17.57,100.0,100.0,8.8,5.07,13.13,2.5,51.366,7.41,97.383,33.267,False,,0.0,72.443,0.0,0.0,0.0,5.233,20.47,2.0,-0.79,1.852,5.0,0.0,82.066,82.269,100.0,100.0,48.679,100.0,32.826,11.0,0.0,78.89,80.844,100.0,100.0,44.329,100.0,31.556,6.72,1.647,81.438,81.661,1.83,MODERATE
198,2026-06-03 01:30:00+00:00,1,2,0.258819,0.965926,0.974928,-0.222521,False,False,NIGHT,3.0,3.0,7.0,22.0,39.0,277.0,0.0,0.0,0.0,5.04,4.979,83.69,8.37,83.694,83.74,16.31,1.63,6.27,17.99,100.0,100.0,8.59,4.98,13.43,2.44,50.266,7.41,100.0,33.496,False,,0.0,72.685,0.0,0.0,0.0,3.954,18.43,1.0,-0.79,1.852,4.0,0.0,81.63,81.76,100.0,100.0,48.812,100.0,32.652,13.0,0.0,78.899,80.607,100.0,100.0,45.752,99.058,31.56,1.68,2.377,80.097,81.621,1.51,MODERATE
199,2026-06-03 01:45:00+00:00,1,2,0.258819,0.965926,0.974928,-0.222521,False,False,NIGHT,1.0,4.0,7.0,21.0,38.0,276.0,0.0,0.0,0.0,1.68,4.928,82.9,8.35,82.903,83.525,17.1,1.65,6.17,17.78,100.0,100.0,8.69,4.9,13.41,2.45,50.352,7.09,100.0,33.41,False,,0.0,72.475,0.0,0.0,0.0,2.802,14.41,0.0,-0.79,1.772,4.0,0.0,80.701,81.484,100.0,100.0,47.472,100.0,32.281,15.0,0.0,79.672,80.817,100.0,100.0,45.21,100.0,31.869,3.36,3.124,80.451,81.644,1.35,MODERATE
200,2026-06-03 02:00:00+00:00,2,2,0.5,0.866025,0.974928,-0.222521,False,False,NIGHT,1.0,2.0,5.0,19.0,36.0,275.0,0.0,0.0,0.0,1.68,4.106,82.43,8.22,82.427,82.221,17.57,1.78,6.2,17.83,100.0,100.0,8.69,4.82,13.49,2.43,50.047,6.77,100.0,32.888,False,,0.0,72.082,0.0,0.0,0.0,1.901,11.36,-4.0,-1.11,1.692,5.0,0.0,79.802,81.219,100.0,100.0,44.129,100.0,31.921,14.0,0.0,78.543,80.121,100.0,100.0,43.066,67.075,31.417,1.68,2.482,79.766,81.512,1.03,MODERATE
201,2026-06-03 02:15:00+00:00,2,2,0.5,0.866025,0.974928,-0.222521,False,False,NIGHT,2.0,3.0,7.0,19.0,37.0,276.0,0.0,0.0,0.0,3.36,4.055,82.27,8.21,82.269,82.066,17.73,1.79,5.76,16.86,100.0,100.0,8.38,4.76,13.86,2.37,48.679,6.61,100.0,32.826,False,,0.0,71.893,0.0,0.0,0.0,1.191,7.26,0.0,-0.8,1.652,4.0,0.0,78.89,80.844,100.0,100.0,44.329,100.0,31.556,15.0,0.0,78.018,79.951,100.0,100.0,43.132,89.483,31.207,5.04,2.12,81.709,82.048,1.03,MODERATE
202,2026-06-03 02:30:00+00:00,2,2,0.5,0.866025,0.974928,-0.222521,False,False,NIGHT,1.0,3.0,5.0,18.0,36.0,277.0,0.0,0.0,0.0,1.68,3.892,81.76,8.16,81.76,81.63,18.24,1.84,6.27,17.99,100.0,100.0,8.47,4.71,13.82,2.37,48.812,6.29,100.0,32.652,False,,0.0,71.706,0.0,0.0,0.0,0.738,5.23,-2.0,-1.12,1.572,4.0,0.0,78.899,80.607,100.0,100.0,45.752,99.058,31.56,16.0,0.0,78.138,80.145,100.0,100.0,43.558,86.292,31.255,5.04,3.685,82.735,82.284,1.03,MODERATE
203,2026-06-03 02:45:00+00:00,2,2,0.5,0.866025,0.974928,-0.222521,False,False,NIGHT,1.0,2.0,5.0,19.0,36.0,278.0,0.0,0.0,0.0,1.68,3.155,81.48,8.07,81.484,80.701,18.52,1.93,5.13,15.48,100.0,100.0,8.16,4.65,14.18,2.31,47.472,5.97,100.0,32.281,False,,0.0,71.339,0.0,0.0,0.0,0.411,4.21,-2.0,-1.12,1.492,4.0,0.0,79.672,80.817,100.0,100.0,45.21,100.0,31.869,15.0,0.0,80.01,80.771,100.0,100.0,41.867,100.0,32.004,3.36,3.423,82.6,82.282,0.87,MODERATE
204,2026-06-03 03:00:00+00:00,3,2,0.707107,0.707107,0.974928,-0.222521,False,False,NIGHT,1.0,2.0,5.0,19.0,36.0,279.0,0.0,0.0,0.0,1.68,3.097,81.22,7.98,81.219,79.802,18.78,2.02,5.63,16.58,100.0,100.0,7.31,4.6,15.09,2.14,44.129,5.65,100.0,31.921,False,,0.0,70.8,0.0,0.0,0.0,0.148,2.19,0.0,-1.12,1.412,5.0,0.0,78.543,80.121,100.0,100.0,43.066,67.075,31.417,12.0,0.0,79.987,81.057,100.0,100.0,41.011,100.0,31.995,16.233,3.16,91.269,84.683,1.99,MODERATE
205,2026-06-03 03:15:00+00:00,3,2,0.707107,0.707107,0.974928,-0.222521,False,False,NIGHT,1.0,2.0,4.0,18.0,36.0,279.0,0.0,0.0,0.0,1.68,3.545,80.84,7.89,80.844,78.89,19.16,2.11,6.27,17.99,100.0,100.0,7.42,4.55,15.03,2.15,44.329,5.33,100.0,31.556,False,,0.0,70.553,0.0,0.0,0.0,0.011,0.17,-3.0,-1.28,1.332,7.0,0.0,78.018,79.951,100.0,100.0,43.132,89.483,31.207,12.0,0.0,81.817,81.373,100.0,100.0,41.293,100.0,32.727,14.473,4.121,97.047,86.693,3.91,MODERATE
206,2026-06-03 03:30:00+00:00,3,2,0.707107,0.707107,0.974928,-0.222521,False,False,NIGHT,1.0,2.0,4.0,16.0,34.0,280.0,0.0,0.0,0.0,1.68,2.623,80.61,7.89,80.607,78.899,19.39,2.11,4.64,14.41,100.0,100.0,7.85,4.51,14.65,2.22,45.752,5.01,99.058,31.56,False,,0.0,70.546,0.0,0.0,0.0,0.0,0.0,-1.0,-1.28,1.252,9.0,0.0,78.138,80.145,100.0,100.0,43.558,86.292,31.255,13.0,0.0,83.177,81.611,100.0,100.0,42.099,100.0,33.271,13.042,5.876,100.0,88.131,5.35,MODERATE
207,2026-06-03 03:45:00+00:00,3,2,0.707107,0.707107,0.974928,-0.222521,False,False,NIGHT,2.0,3.0,5.0,17.0,34.0,282.0,0.0,0.0,0.0,3.36,2.213,80.82,7.97,80.817,79.672,19.18,2.03,4.63,14.39,100.0,100.0,7.72,4.48,14.79,2.2,45.21,4.85,100.0,31.869,False,,0.0,70.783,0.0,0.0,0.0,0.0,0.0,0.0,-1.12,1.212,11.0,0.0,80.01,80.771,100.0,100.0,41.867,100.0,32.004,11.0,0.0,83.006,81.089,100.0,100.0,41.879,81.533,33.202,12.053,6.971,100.0,89.224,6.79,MODERATE
208,2026-06-03 04:00:00+00:00,4,2,0.866025,0.5,0.974928,-0.222521,False,False,NIGHT,0.0,2.0,4.0,14.0,34.0,281.0,0.0,0.0,0.0,0.0,3.234,80.12,7.85,80.121,78.543,19.88,2.15,5.4,16.09,100.0,100.0,7.18,4.45,15.37,2.09,43.066,4.37,67.075,31.417,False,,0.0,67.248,0.0,0.0,0.0,0.0,0.0,-1.0,-1.28,1.092,9.0,0.0,79.987,81.057,100.0,100.0,41.011,100.0,31.995,12.0,0.0,82.704,80.941,73.525,69.226,42.726,78.342,33.082,11.364,7.914,100.0,89.869,8.39,NORMAL
209,2026-06-03 04:15:00+00:00,4,2,0.866025,0.5,0.974928,-0.222521,False,False,NIGHT,1.0,1.0,4.0,15.0,34.0,281.0,0.0,0.0,0.0,1.68,2.572,79.95,7.8,79.951,78.018,20.05,2.2,5.58,16.48,100.0,100.0,7.23,4.42,15.35,2.1,43.132,4.06,89.483,31.207,False,,0.0,69.128,0.0,0.0,0.0,0.0,0.0,0.0,-1.27,1.015,8.0,0.0,81.817,81.373,100.0,100.0,41.293,100.0,32.727,12.0,0.0,82.869,81.136,71.35,67.265,43.643,100.0,33.147,10.958,8.227,100.0,90.343,10.32,NORMAL
210,2026-06-03 04:30:00+00:00,4,2,0.866025,0.5,0.974928,-0.222521,False,False,NIGHT,1.0,2.0,4.0,13.0,35.0,282.0,0.0,0.0,0.0,1.68,0.857,80.14,7.81,80.145,78.138,19.86,2.19,5.57,16.45,100.0,100.0,7.37,4.39,15.24,2.12,43.558,3.74,86.292,31.255,False,,0.0,68.946,0.0,0.0,0.0,0.0,0.0,0.0,-1.27,0.935,7.0,0.0,83.177,81.611,100.0,100.0,42.099,100.0,33.271,13.0,0.0,81.634,80.418,70.719,66.67,43.915,46.358,32.654,10.66,10.264,100.0,90.346,11.28,NORMAL
211,2026-06-03 04:45:00+00:00,4,2,0.866025,0.5,0.974928,-0.222521,False,False,NIGHT,3.0,4.0,5.0,15.0,36.0,285.0,0.0,0.0,0.0,5.04,1.784,80.77,8.0,80.771,80.01,19.23,2.0,5.53,16.37,100.0,100.0,6.91,4.4,15.7,2.03,41.867,3.74,100.0,32.004,False,,0.0,70.54,0.0,0.0,0.0,0.0,0.0,0.0,-1.11,0.935,4.0,0.0,83.006,81.089,100.0,100.0,41.879,81.533,33.202,16.0,0.0,80.059,80.221,72.568,68.336,44.266,41.567,32.024,10.658,6.48,100.0,91.186,12.72,MODERATE
212,2026-06-03 05:00:00+00:00,5,2,0.965926,0.258819,0.974928,-0.222521,False,False,NIGHT,2.0,5.0,7.0,16.0,35.0,287.0,0.0,0.0,0.0,3.36,2.226,81.06,8.0,81.057,79.987,18.94,2.0,6.27,17.99,100.0,100.0,6.68,4.4,15.93,1.99,41.011,3.58,100.0,31.995,False,,0.0,70.521,0.0,0.0,0.0,0.0,0.0,3.0,-0.79,0.895,3.0,0.0,82.704,80.941,73.525,69.226,42.726,78.342,33.082,18.0,0.0,80.586,80.478,70.771,66.719,46.08,91.175,32.234,10.129,7.972,100.0,91.595,14.48,MODERATE
213,2026-06-03 05:15:00+00:00,5,2,0.965926,0.258819,0.974928,-0.222521,False,False,NIGHT,3.0,5.0,9.0,17.0,36.0,289.0,0.0,0.0,0.0,5.04,3.045,81.37,8.18,81.373,81.817,18.63,1.82,6.27,17.99,100.0,100.0,6.73,4.42,15.85,2.01,41.293,3.58,100.0,32.727,False,,0.0,70.982,0.0,0.0,0.0,0.0,0.0,5.0,-0.48,0.895,4.0,0.0,82.869,81.136,71.35,67.265,43.643,100.0,33.147,26.0,0.0,81.438,81.661,71.812,67.7,46.349,100.0,32.575,9.871,9.028,100.0,91.672,15.6,MODERATE
214,2026-06-03 05:30:00+00:00,5,2,0.965926,0.258819,0.974928,-0.222521,False,False,NIGHT,3.0,6.0,11.0,19.0,37.0,291.0,0.0,0.0,0.0,5.04,3.543,81.61,8.32,81.611,83.177,18.39,1.68,5.68,16.69,100.0,100.0,6.92,4.45,15.63,2.05,42.099,3.58,100.0,33.271,False,,0.0,71.379,0.0,0.0,0.0,0.0,0.0,7.0,-0.16,0.895,6.0,0.0,81.634,80.418,70.719,66.67,43.915,46.358,32.654,37.0,0.0,80.097,81.621,71.776,67.667,46.517,63.992,32.039,9.823,7.512,100.0,92.193,16.08,MODERATE
215,2026-06-03 05:45:00+00:00,5,2,0.965926,0.258819,0.974928,-0.222521,False,False,NIGHT,1.0,4.0,9.0,19.0,38.0,292.0,0.0,0.0,0.0,1.68,3.835,81.09,8.3,81.089,83.006,18.91,1.7,6.27,17.99,100.0,100.0,6.84,4.47,15.69,2.04,41.879,3.26,81.533,33.202,False,,0.0,69.548,0.0,0.0,0.0,0.0,0.0,4.0,-0.48,0.815,7.0,0.0,80.059,80.221,72.568,68.336,44.266,41.567,32.024,48.0,0.0,80.451,81.644,78.228,73.49,45.569,88.0,32.18,9.495,8.725,100.0,92.205,17.04,NORMAL
216,2026-06-03 06:00:00+00:00,6,2,1.0,0.0,0.974928,-0.222521,False,False,MORNING,1.0,2.0,8.0,19.0,38.0,291.0,0.0,0.0,0.0,1.68,2.396,80.94,8.27,80.941,82.704,19.06,1.73,11.59,26.57,73.525,69.226,7.05,4.49,15.46,2.08,42.726,2.94,78.342,33.082,False,,0.0,62.374,0.0,0.0,0.0,0.0,0.0,1.0,-0.64,0.735,9.0,0.0,80.586,80.478,70.771,66.719,46.08,91.175,32.234,58.0,0.0,79.766,81.512,71.681,67.577,44.15,59.208,31.906,9.487,9.746,100.0,92.026,18.16,NORMAL
217,2026-06-03 06:15:00+00:00,6,2,1.0,0.0,0.974928,-0.222521,False,False,MORNING,2.0,3.0,7.0,20.0,38.0,292.0,0.0,0.0,0.0,3.36,2.513,81.14,8.29,81.136,82.869,18.86,1.71,11.97,27.41,71.35,67.265,7.28,4.5,15.22,2.12,43.643,2.78,100.0,33.147,False,,0.0,63.985,0.0,0.0,0.0,0.0,0.0,-2.0,-0.8,0.695,8.0,0.0,81.438,81.661,71.812,67.7,46.349,100.0,32.575,70.0,0.0,81.709,82.048,72.152,68.021,45.765,100.0,32.684,9.6,7.172,100.0,92.541,18.48,NORMAL
218,2026-06-03 06:30:00+00:00,6,2,1.0,0.0,0.974928,-0.222521,False,False,MORNING,0.0,2.0,4.0,19.0,35.0,290.0,0.0,0.0,0.0,0.0,3.363,80.42,8.16,80.418,81.634,19.58,1.84,11.97,27.41,70.719,66.67,7.36,4.5,15.14,2.13,43.915,2.3,46.358,32.654,False,,0.0,58.63,0.0,0.0,0.0,0.0,0.0,-7.0,-1.28,0.575,7.0,0.0,80.097,81.621,71.776,67.667,46.517,63.992,32.039,82.0,0.0,82.735,82.284,73.891,69.602,44.149,100.0,33.094,9.275,9.027,100.0,92.484,19.6,NORMAL
219,2026-06-03 06:45:00+00:00,6,2,1.0,0.0,0.974928,-0.222521,False,False,MORNING,0.0,0.0,3.0,17.0,34.0,286.0,0.0,0.0,0.0,0.0,1.422,80.22,8.01,80.221,80.059,19.78,1.99,11.64,26.68,72.568,68.336,7.47,4.48,15.05,2.15,44.266,1.82,41.567,32.024,False,,0.0,58.294,0.0,0.0,0.0,0.0,0.0,-6.0,-1.44,0.455,9.0,0.0,80.451,81.644,78.228,73.49,45.569,88.0,32.18,88.0,0.0,82.6,82.282,72.358,68.215,44.548,83.233,33.04,9.311,8.723,100.0,92.548,20.72,NORMAL
220,2026-06-03 07:00:00+00:00,7,2,0.965926,-0.258819,0.974928,-0.222521,False,False,MORNING,2.0,2.0,4.0,19.0,33.0,287.0,0.0,0.0,0.0,3.36,2.12,80.48,8.06,80.478,80.586,19.52,1.94,11.97,27.41,70.771,66.719,7.97,4.47,14.56,2.24,46.08,1.66,91.175,32.234,False,,0.0,62.674,0.0,0.0,0.0,0.0,0.0,-4.0,-1.28,0.415,9.0,0.0,79.766,81.512,71.681,67.577,44.15,59.208,31.906,98.0,2.34,91.269,84.683,81.397,79.079,46.088,100.0,50.564,9.271,8.413,100.0,92.701,21.52,NORMAL
221,2026-06-03 07:15:00+00:00,7,2,0.965926,-0.258819,0.974928,-0.222521,False,False,MORNING,4.0,6.0,6.0,22.0,37.0,291.0,0.0,0.0,0.0,6.72,1.647,81.66,8.14,81.661,81.438,18.34,1.86,11.97,27.41,71.812,67.7,8.04,4.47,14.49,2.25,46.349,1.83,100.0,32.575,False,,0.0,64.166,0.0,0.0,0.0,0.0,0.0,-1.0,-0.95,0.458,18.0,0.0,81.709,82.048,72.152,68.021,45.765,100.0,32.684,102.0,10.52,97.047,86.693,92.146,88.985,48.115,100.0,100.0,9.175,10.519,100.0,92.299,22.65,NORMAL
222,2026-06-03 07:30:00+00:00,7,2,0.965926,-0.258819,0.974928,-0.222521,False,False,MORNING,1.0,5.0,7.0,22.0,35.0,289.0,0.0,0.0,0.0,1.68,2.377,81.62,8.01,81.621,80.097,18.38,1.99,11.97,27.41,71.776,67.667,8.1,4.46,14.44,2.26,46.517,1.51,63.992,32.039,False,,0.0,60.655,0.0,0.0,0.0,0.0,0.0,3.0,-0.79,0.378,30.0,0.0,82.735,82.284,73.891,69.602,44.149,100.0,33.094,97.0,16.36,100.0,88.131,89.977,87.168,51.354,100.0,100.0,9.428,8.878,100.0,92.376,23.61,NORMAL
223,2026-06-03 07:45:00+00:00,7,2,0.965926,-0.258819,0.974928,-0.222521,False,False,MORNING,2.0,3.0,9.0,21.0,36.0,287.0,0.0,0.0,0.0,3.36,3.124,81.64,8.05,81.644,80.451,18.36,1.95,10.99,25.25,78.228,73.49,7.85,4.45,14.7,2.21,45.569,1.35,88.0,32.18,False,,0.0,64.279,0.0,0.0,0.0,0.0,0.0,6.0,-0.47,0.338,39.0,0.0,82.6,82.282,72.358,68.215,44.548,83.233,33.04,91.0,22.68,100.0,89.224,100.0,100.0,54.863,100.0,100.0,9.38,8.803,100.0,92.391,24.25,NORMAL
224,2026-06-03 08:00:00+00:00,8,2,0.866025,-0.5,0.974928,-0.222521,False,False,MORNING,1.0,3.0,8.0,20.0,36.0,285.0,0.0,0.0,0.0,1.68,2.482,81.51,7.98,81.512,79.766,18.49,2.02,11.97,27.41,71.681,67.577,7.48,4.44,15.08,2.15,44.15,1.03,59.208,31.906,False,,0.0,59.899,0.0,0.0,0.0,0.0,0.0,4.0,-0.63,0.258,49.0,2.34,91.269,84.683,81.397,79.079,46.088,100.0,50.564,88.0,30.32,100.0,89.869,97.181,93.955,59.099,100.0,100.0,9.37,9.089,100.0,92.234,25.21,NORMAL
225,2026-06-03 08:15:00+00:00,8,2,0.866025,-0.5,0.974928,-0.222521,False,False,MORNING,3.0,4.0,7.0,20.0,37.0,284.0,0.0,0.0,0.0,5.04,2.12,82.05,8.17,82.048,81.709,17.95,1.83,11.97,27.41,72.152,68.021,7.91,4.45,14.64,2.22,45.765,1.03,100.0,32.684,False,,0.0,64.332,0.0,0.0,0.0,0.0,0.0,1.0,-0.8,0.258,52.0,10.52,97.047,86.693,92.146,88.985,48.115,100.0,100.0,85.0,40.15,100.0,90.343,100.0,97.876,64.965,100.0,100.0,9.469,10.031,100.0,91.955,25.69,NORMAL
226,2026-06-03 08:30:00+00:00,8,2,0.866025,-0.5,0.974928,-0.222521,False,False,MORNING,3.0,6.0,9.0,20.0,39.0,286.0,0.0,0.0,0.0,5.04,3.685,82.28,8.27,82.284,82.735,17.72,1.73,11.72,26.87,73.891,69.602,7.45,4.47,15.08,2.15,44.149,1.03,100.0,33.094,False,,0.0,64.842,0.0,0.0,0.0,0.0,0.0,2.0,-0.48,0.258,52.0,16.36,100.0,88.131,89.977,87.168,51.354,100.0,100.0,75.0,44.12,100.0,90.346,100.0,99.361,68.729,100.0,100.0,9.644,9.183,100.0,91.928,26.81,NORMAL
227,2026-06-03 08:45:00+00:00,8,2,0.866025,-0.5,0.974928,-0.222521,False,False,MORNING,2.0,5.0,9.0,21.0,40.0,286.0,0.0,0.0,0.0,3.36,3.423,82.28,8.26,82.282,82.6,17.72,1.74,11.97,27.41,72.358,68.215,7.54,4.48,14.97,2.17,44.548,0.87,83.233,33.04,False,,0.0,62.991,0.0,0.0,0.0,0.0,0.0,0.0,-0.48,0.218,49.0,22.68,100.0,89.224,100.0,100.0,54.863,100.0,100.0,76.0,51.09,100.0,91.186,100.0,100.0,71.811,100.0,100.0,9.662,7.928,100.0,92.196,27.93,NORMAL
228,2026-06-03 09:00:00+00:00,9,2,0.707107,-0.707107,0.974928,-0.222521,False,False,MORNING,10.0,12.0,18.0,30.0,49.0,292.0,2.34,0.0,0.0,16.233,3.16,84.68,9.13,84.683,91.269,15.32,0.87,11.97,27.41,81.397,79.079,7.77,4.68,14.56,2.24,46.088,1.99,100.0,50.564,True,MASS_CASUALTY_INTAKE,2.9,70.787,2.34,2.34,2.34,0.146,2.34,10.0,0.96,1.082,49.0,30.32,100.0,89.869,97.181,93.955,59.099,100.0,100.0,74.0,60.0,100.0,91.595,100.0,100.0,75.552,100.0,100.0,9.493,8.955,100.0,92.284,28.89,MODERATE
229,2026-06-03 09:15:00+00:00,9,2,0.707107,-0.707107,0.974928,-0.222521,False,False,MORNING,15.0,25.0,30.0,43.0,63.0,306.0,10.52,0.28,0.0271,14.473,4.121,86.69,9.7,86.693,97.047,13.31,0.3,11.17,25.66,92.146,88.985,7.8,5.19,14.01,2.34,48.115,3.91,100.0,100.0,True,MASS_CASUALTY_INTAKE,14.6,80.281,8.18,10.52,10.52,0.804,10.52,23.0,2.88,3.608,50.0,40.15,100.0,90.343,100.0,97.876,64.965,100.0,100.0,68.0,60.0,100.0,91.672,100.0,100.0,76.6,100.0,100.0,9.438,9.262,100.0,92.217,28.89,MODERATE
230,2026-06-03 09:30:00+00:00,9,2,0.707107,-0.707107,0.974928,-0.222521,False,False,MORNING,12.0,27.0,39.0,55.0,74.0,314.0,16.36,1.28,0.0781,13.042,5.876,88.13,10.0,88.131,100.0,11.87,0.0,11.97,27.41,89.977,87.168,8.0,5.87,13.13,2.5,51.354,5.35,100.0,100.0,True,MASS_CASUALTY_INTAKE,25.3,84.738,5.84,14.02,16.36,1.826,16.36,30.0,4.32,5.428,45.0,44.12,100.0,90.346,100.0,99.361,68.729,100.0,100.0,68.0,60.0,100.0,92.193,100.0,100.0,77.831,100.0,100.0,9.48,8.689,100.0,92.374,29.69,MODERATE
231,2026-06-03 09:45:00+00:00,9,2,0.707107,-0.707107,0.974928,-0.222521,False,False,MORNING,12.0,24.0,49.0,67.0,84.0,323.0,22.68,1.99,0.0877,12.053,6.971,89.22,10.0,89.224,100.0,10.78,0.0,9.2,21.32,100.0,100.0,8.16,6.65,12.19,2.67,54.863,6.79,100.0,100.0,True,MASS_CASUALTY_INTAKE,37.9,92.082,6.32,12.16,22.68,3.244,22.68,40.0,5.92,7.368,42.0,51.09,100.0,91.186,100.0,100.0,71.811,100.0,100.0,71.0,60.0,100.0,92.205,100.0,100.0,79.635,100.0,100.0,9.381,8.983,100.0,92.421,30.33,HIGH
232,2026-06-03 10:00:00+00:00,10,2,0.5,-0.866025,0.974928,-0.222521,False,False,MORNING,13.0,25.0,52.0,78.0,97.0,332.0,30.32,2.76,0.0909,11.364,7.914,89.87,10.0,89.869,100.0,10.13,0.0,11.95,27.37,97.181,93.955,8.39,7.57,11.04,2.87,59.099,8.39,100.0,100.0,True,MASS_CASUALTY_INTAKE,53.7,93.026,7.640000000000001,13.96,27.98,5.139,30.32,34.0,6.4,9.678,39.0,60.0,100.0,91.595,100.0,100.0,75.552,100.0,100.0,69.0,60.0,100.0,92.026,100.0,100.0,81.823,100.0,100.0,5.489,8.7,98.281,91.79,30.17,HIGH
233,2026-06-03 10:15:00+00:00,10,2,0.5,-0.866025,0.974928,-0.222521,False,False,MORNING,15.0,28.0,52.0,89.0,111.0,346.0,40.15,3.68,0.0917,10.958,8.227,90.34,10.0,90.343,100.0,9.66,0.0,11.97,27.41,100.0,97.876,9.09,8.45,9.46,3.16,64.965,10.32,100.0,100.0,True,MASS_CASUALTY_INTAKE,73.8,94.467,9.829999999999998,17.47,29.63,7.648,40.15,22.0,6.41,12.618,35.0,60.0,100.0,91.672,100.0,100.0,76.6,100.0,100.0,68.0,60.0,100.0,92.541,100.0,100.0,80.644,100.0,100.0,5.751,7.22,97.38,91.513,30.02,HIGH
234,2026-06-03 10:30:00+00:00,10,2,0.5,-0.866025,0.974928,-0.222521,False,False,MORNING,9.0,24.0,49.0,97.0,119.0,355.0,44.12,4.88,0.1106,10.66,10.264,90.35,10.0,90.346,100.0,9.65,0.0,11.97,27.41,100.0,99.361,9.39,9.16,8.44,3.34,68.729,11.28,100.0,100.0,True,MASS_CASUALTY_INTAKE,83.4,94.985,3.969999999999999,13.799999999999997,27.759999999999998,10.406,44.12,10.0,5.93,13.85,30.0,60.0,100.0,92.193,100.0,100.0,77.831,100.0,100.0,69.0,60.0,100.0,92.484,100.0,100.0,82.107,100.0,100.0,5.869,8.1,95.976,91.096,30.34,HIGH
235,2026-06-03 10:45:00+00:00,10,2,0.5,-0.866025,0.974928,-0.222521,False,False,MORNING,12.0,21.0,49.0,107.0,128.0,364.0,51.09,5.36,0.1049,10.658,6.48,91.19,10.0,91.186,100.0,8.81,0.0,11.9,27.27,100.0,100.0,9.66,9.73,7.61,3.49,71.811,12.72,100.0,100.0,True,MASS_CASUALTY_INTAKE,96.6,95.524,6.970000000000006,10.940000000000005,28.410000000000004,13.599,51.09,0.0,5.93,15.952,34.0,60.0,100.0,92.205,100.0,100.0,79.635,100.0,100.0,69.0,60.0,100.0,92.548,100.0,100.0,82.921,100.0,100.0,6.047,7.978,95.388,90.672,30.34,CRITICAL
236,2026-06-03 11:00:00+00:00,11,2,0.258819,-0.965926,0.974928,-0.222521,False,False,MORNING,14.0,26.0,50.0,120.0,140.0,374.0,60.0,6.21,0.1035,10.129,7.972,91.59,10.0,91.595,100.0,8.41,0.0,11.97,27.41,100.0,100.0,10.21,10.18,6.6,3.67,75.552,14.48,100.0,100.0,True,MASS_CASUALTY_INTAKE,119.3,95.951,8.909999999999997,15.880000000000003,29.68,17.349,60.0,-2.0,6.09,18.62,35.0,60.0,100.0,92.026,100.0,100.0,81.823,100.0,100.0,69.0,60.0,100.0,92.701,100.0,100.0,82.287,100.0,100.0,6.213,8.872,94.52,90.094,30.18,CRITICAL
237,2026-06-03 11:15:00+00:00,11,2,0.258819,-0.965926,0.974928,-0.222521,False,False,MORNING,10.0,24.0,45.0,127.0,147.0,382.0,60.0,7.29,0.1215,9.871,9.028,91.67,10.0,91.672,100.0,8.33,0.0,11.29,25.92,100.0,100.0,10.13,10.55,6.32,3.72,76.6,15.6,100.0,100.0,True,MASS_CASUALTY_INTAKE,122.4,96.062,0.0,8.909999999999997,19.85,21.099,60.0,-7.0,5.28,18.9,33.0,60.0,100.0,92.541,100.0,100.0,80.644,100.0,100.0,70.0,60.0,100.0,92.299,100.0,100.0,82.875,100.0,100.0,6.441,7.634,93.604,89.887,30.18,CRITICAL
238,2026-06-03 11:30:00+00:00,11,2,0.258819,-0.965926,0.974928,-0.222521,False,False,MORNING,6.0,16.0,42.0,130.0,150.0,387.0,60.0,7.29,0.1215,9.823,7.512,92.19,10.0,92.193,100.0,7.81,0.0,11.97,27.41,100.0,100.0,10.18,10.84,5.99,3.78,77.831,16.08,100.0,100.0,True,MASS_CASUALTY_INTAKE,123.0,96.287,0.0,0.0,15.880000000000003,24.849,60.0,-7.0,4.8,19.02,38.0,60.0,100.0,92.484,100.0,100.0,82.107,100.0,100.0,63.0,60.0,100.0,92.376,100.0,100.0,84.943,100.0,100.0,6.533,7.843,93.492,89.571,30.02,CRITICAL
239,2026-06-03 11:45:00+00:00,11,2,0.258819,-0.965926,0.974928,-0.222521,False,False,MORNING,9.0,15.0,39.0,137.0,158.0,394.0,60.0,7.29,0.1215,9.495,8.725,92.2,10.0,92.205,100.0,7.8,0.0,11.97,27.41,100.0,100.0,10.43,11.07,5.5,3.87,79.635,17.04,100.0,100.0,True,MASS_CASUALTY_INTAKE,127.3,96.452,0.0,0.0,8.909999999999997,28.599,60.0,-10.0,4.32,19.26,37.0,60.0,100.0,92.548,100.0,100.0,82.921,100.0,100.0,62.0,60.0,100.0,92.391,100.0,100.0,82.403,100.0,100.0,6.652,7.684,93.519,89.31,30.02,CRITICAL
240,2026-06-03 12:00:00+00:00,12,2,0.0,-1.0,0.974928,-0.222521,False,False,MORNING,10.0,19.0,35.0,137.0,167.0,399.0,60.0,7.29,0.1215,9.487,9.746,92.03,10.0,92.026,100.0,7.97,0.0,11.97,27.41,100.0,100.0,10.84,11.26,4.91,3.98,81.823,18.16,100.0,100.0,True,MASS_CASUALTY_INTAKE,127.4,96.61,0.0,0.0,0.0,32.349,60.0,-15.0,3.68,19.54,34.0,60.0,100.0,92.701,100.0,100.0,82.287,100.0,100.0,62.0,60.0,100.0,92.234,100.0,100.0,82.343,100.0,100.0,6.748,7.652,93.378,89.098,29.86,CRITICAL
241,2026-06-03 12:15:00+00:00,12,2,0.0,-1.0,0.974928,-0.222521,False,False,MORNING,5.0,15.0,30.0,127.0,170.0,400.0,60.0,7.29,0.1215,9.6,7.172,92.54,10.0,92.541,100.0,7.46,0.0,11.97,27.41,100.0,100.0,10.37,11.4,5.23,3.92,80.644,18.48,100.0,100.0,True,MASS_CASUALTY_INTAKE,125.9,96.617,0.0,0.0,0.0,36.099,60.0,-15.0,2.88,19.62,35.0,60.0,100.0,92.299,100.0,100.0,82.875,100.0,100.0,55.0,60.0,100.0,91.955,100.0,100.0,82.17,100.0,100.0,6.829,7.407,92.875,89.004,29.7,CRITICAL
242,2026-06-03 12:30:00+00:00,12,2,0.0,-1.0,0.974928,-0.222521,False,False,MORNING,10.0,15.0,34.0,125.0,180.0,409.0,60.0,7.29,0.1215,9.275,9.027,92.48,10.0,92.484,100.0,7.52,0.0,11.97,27.41,100.0,100.0,10.64,11.52,4.83,3.99,82.107,19.6,100.0,100.0,True,MASS_CASUALTY_INTAKE,130.3,96.736,0.0,0.0,0.0,39.849,60.0,-8.0,3.52,19.9,31.0,60.0,100.0,92.376,100.0,100.0,84.943,100.0,100.0,51.0,60.0,100.0,91.928,100.0,100.0,80.995,100.0,100.0,6.872,7.608,92.042,88.903,29.54,CRITICAL
243,2026-06-03 12:45:00+00:00,12,2,0.0,-1.0,0.974928,-0.222521,False,False,MORNING,10.0,20.0,35.0,123.0,190.0,417.0,60.0,7.29,0.1215,9.311,8.723,92.55,10.0,92.548,100.0,7.45,0.0,9.63,22.28,100.0,100.0,10.77,11.62,4.61,4.03,82.921,20.72,100.0,100.0,True,MASS_CASUALTY_INTAKE,129.8,96.823,0.0,0.0,0.0,43.599,60.0,-4.0,3.68,20.18,32.0,60.0,100.0,92.391,100.0,100.0,82.403,100.0,100.0,46.0,60.0,100.0,92.196,100.0,100.0,81.906,100.0,100.0,6.923,9.019,91.727,88.411,29.38,CRITICAL
244,2026-06-03 13:00:00+00:00,13,2,-0.258819,-0.965926,0.974928,-0.222521,False,False,MORNING,8.0,18.0,33.0,118.0,196.0,414.0,60.0,7.29,0.1215,9.271,8.413,92.7,10.0,92.701,100.0,7.3,0.0,8.59,19.99,100.0,100.0,10.52,11.7,4.78,4.0,82.287,21.52,100.0,100.0,True,MASS_CASUALTY_INTAKE,130.3,96.8,0.0,0.0,0.0,47.202,60.0,-2.0,3.36,20.38,35.0,60.0,100.0,92.234,100.0,100.0,82.343,100.0,100.0,39.0,60.0,100.0,92.284,100.0,100.0,82.751,100.0,100.0,7.11,6.546,92.033,88.521,29.38,CRITICAL
245,2026-06-03 13:15:00+00:00,13,2,-0.258819,-0.965926,0.974928,-0.222521,False,False,MORNING,10.0,18.0,38.0,113.0,202.0,411.0,60.0,7.29,0.1215,9.175,10.519,92.3,10.0,92.299,100.0,7.7,0.0,11.97,27.41,100.0,100.0,10.62,11.76,4.62,4.03,82.875,22.65,100.0,100.0,True,MASS_CASUALTY_INTAKE,131.7,96.765,0.0,0.0,0.0,50.295,60.0,8.0,4.17,20.662,35.0,60.0,100.0,91.955,100.0,100.0,82.17,100.0,100.0,32.0,58.55,100.0,92.217,100.0,100.0,81.568,100.0,100.0,7.064,6.552,91.713,88.681,29.71,CRITICAL
246,2026-06-03 13:30:00+00:00,13,2,-0.258819,-0.965926,0.974928,-0.222521,False,False,MORNING,9.0,19.0,37.0,113.0,210.0,406.0,60.0,7.29,0.1215,9.428,8.878,92.38,10.0,92.376,100.0,7.62,0.0,11.97,27.41,100.0,100.0,11.13,11.81,4.07,4.13,84.943,23.61,100.0,100.0,True,MASS_CASUALTY_INTAKE,128.2,96.968,0.0,0.0,0.0,53.022,60.0,3.0,4.01,20.902,32.0,60.0,100.0,91.928,100.0,100.0,80.995,100.0,100.0,32.0,60.0,100.0,92.374,100.0,100.0,82.897,100.0,100.0,7.011,7.949,90.814,88.537,29.39,CRITICAL
247,2026-06-03 13:45:00+00:00,13,2,-0.258819,-0.965926,0.974928,-0.222521,False,False,MORNING,7.0,16.0,34.0,108.0,215.0,409.0,60.0,7.29,0.1215,9.38,8.803,92.39,10.0,92.391,100.0,7.61,0.0,11.97,27.41,100.0,100.0,10.4,11.84,4.75,4.0,82.403,24.25,100.0,100.0,True,MASS_CASUALTY_INTAKE,128.8,96.742,0.0,0.0,0.0,55.355,60.0,-1.0,3.53,21.062,30.0,60.0,100.0,92.196,100.0,100.0,81.906,100.0,100.0,26.0,60.0,100.0,92.421,100.0,100.0,82.96,100.0,100.0,7.079,6.645,91.41,88.586,29.55,CRITICAL
248,2026-06-03 14:00:00+00:00,14,2,-0.5,-0.866025,0.974928,-0.222521,False,False,EVENING,9.0,16.0,35.0,103.0,223.0,410.0,60.0,7.29,0.1215,9.37,9.089,92.23,10.0,92.234,100.0,7.77,0.0,7.94,18.19,100.0,100.0,10.36,11.88,4.77,4.0,82.343,25.21,100.0,100.0,True,FESTIVAL_ACCIDENTS,129.0,96.702,0.0,0.0,0.0,57.21,60.0,2.0,3.69,21.303,27.0,60.0,100.0,92.284,100.0,100.0,82.751,100.0,100.0,22.0,58.73,98.281,91.79,100.0,100.0,81.071,100.0,100.0,7.051,7.167,91.572,88.541,29.55,CRITICAL
249,2026-06-03 14:15:00+00:00,14,2,-0.5,-0.866025,0.974928,-0.222521,False,False,EVENING,6.0,15.0,31.0,99.0,226.0,403.0,60.0,7.29,0.1215,9.469,10.031,91.96,10.0,91.955,100.0,8.04,0.0,10.26,23.29,100.0,100.0,10.29,11.9,4.81,3.99,82.17,25.69,100.0,100.0,True,FESTIVAL_ACCIDENTS,127.6,96.625,0.0,0.0,0.0,58.451,60.0,-7.0,3.04,21.422,20.0,58.55,100.0,92.217,100.0,100.0,81.568,100.0,100.0,22.0,57.31,97.38,91.513,100.0,100.0,79.649,100.0,100.0,7.065,6.804,92.233,88.54,29.55,CRITICAL
250,2026-06-03 14:30:00+00:00,14,2,-0.5,-0.866025,0.974928,-0.222521,False,False,EVENING,10.0,16.0,32.0,103.0,233.0,404.0,60.0,7.29,0.1215,9.644,9.183,91.93,10.0,91.928,100.0,8.07,0.0,10.26,23.29,100.0,100.0,9.95,11.92,5.13,3.94,80.995,26.81,100.0,100.0,True,FESTIVAL_ACCIDENTS,125.3,96.514,0.0,0.0,0.0,59.443,60.0,-5.0,3.2,21.702,19.0,60.0,100.0,92.374,100.0,100.0,82.897,100.0,100.0,22.0,58.82,95.976,91.096,100.0,100.0,79.173,100.0,100.0,7.054,5.447,91.871,88.978,29.71,CRITICAL
251,2026-06-03 14:45:00+00:00,14,2,-0.5,-0.866025,0.974928,-0.222521,False,False,EVENING,10.0,20.0,35.0,104.0,241.0,402.0,60.0,7.29,0.1215,9.662,7.928,92.2,10.0,92.196,100.0,7.8,0.0,10.26,23.29,100.0,100.0,10.18,11.94,4.89,3.98,81.906,27.93,100.0,100.0,True,FESTIVAL_ACCIDENTS,125.1,96.655,0.0,0.0,0.0,60.0,60.0,1.0,3.68,21.982,16.0,60.0,100.0,92.421,100.0,100.0,82.96,100.0,100.0,19.0,58.22,95.388,90.672,100.0,100.0,78.826,100.0,100.0,6.898,7.449,92.059,88.821,30.03,CRITICAL
252,2026-06-03 15:00:00+00:00,15,2,-0.707107,-0.707107,0.974928,-0.222521,False,False,EVENING,9.0,19.0,35.0,103.0,240.0,403.0,60.0,7.29,0.1215,9.493,8.955,92.28,10.0,92.284,100.0,7.72,0.0,10.26,23.29,100.0,100.0,10.39,11.95,4.66,4.02,82.751,28.89,100.0,100.0,True,FESTIVAL_ACCIDENTS,127.3,96.75,0.0,0.0,0.0,60.0,60.0,0.0,3.68,22.222,12.0,58.73,98.281,91.79,100.0,100.0,81.071,100.0,100.0,18.0,56.52,94.52,90.094,100.0,100.0,79.899,100.0,100.0,6.953,7.018,90.883,88.923,30.03,CRITICAL
253,2026-06-03 15:15:00+00:00,15,2,-0.707107,-0.707107,0.974928,-0.222521,False,False,EVENING,3.0,12.0,32.0,101.0,228.0,399.0,58.55,7.29,0.1245,9.438,9.262,92.22,10.0,92.217,100.0,7.78,0.0,8.9,20.3,100.0,100.0,10.06,11.96,4.98,3.96,81.568,28.89,100.0,100.0,True,FESTIVAL_ACCIDENTS,124.9,96.629,-1.4500000000000028,-1.4500000000000028,-1.4500000000000028,59.909,60.0,1.0,3.2,21.86,12.0,57.31,97.38,91.513,100.0,100.0,79.649,100.0,100.0,19.0,55.68,93.604,89.887,100.0,100.0,78.688,100.0,100.0,6.935,7.885,91.59,88.615,29.87,CRITICAL
254,2026-06-03 15:30:00+00:00,15,2,-0.707107,-0.707107,0.974928,-0.222521,False,False,EVENING,8.0,11.0,30.0,99.0,224.0,401.0,60.0,7.11,0.1186,9.48,8.689,92.37,10.0,92.374,100.0,7.63,0.0,10.26,23.29,100.0,100.0,10.41,11.97,4.62,4.03,82.897,29.69,100.0,100.0,True,FESTIVAL_ACCIDENTS,127.5,96.783,1.4500000000000028,0.0,0.0,59.909,60.0,-2.0,2.88,22.422,13.0,58.82,95.976,91.096,100.0,100.0,79.173,100.0,100.0,21.0,53.8,93.492,89.571,100.0,100.0,79.147,100.0,100.0,7.037,5.63,91.43,88.983,30.03,CRITICAL
255,2026-06-03 15:45:00+00:00,15,2,-0.707107,-0.707107,0.974928,-0.222521,False,False,EVENING,7.0,15.0,27.0,96.0,219.0,399.0,60.0,7.29,0.1215,9.381,8.983,92.42,10.0,92.421,100.0,7.58,0.0,8.06,18.46,100.0,100.0,10.43,11.97,4.6,4.03,82.96,30.33,100.0,100.0,True,FESTIVAL_ACCIDENTS,128.8,96.799,0.0,1.4500000000000028,0.0,59.909,60.0,-8.0,2.4,22.582,10.0,58.22,95.388,90.672,100.0,100.0,78.826,100.0,100.0,20.0,52.84,93.519,89.31,100.0,100.0,78.268,100.0,100.0,6.904,6.419,91.862,89.061,29.87,CRITICAL
256,2026-06-03 16:00:00+00:00,16,2,-0.866025,-0.5,0.974928,-0.222521,False,False,EVENING,2.0,9.0,20.0,90.0,208.0,399.0,58.73,5.4,0.0919,5.489,8.7,91.79,9.83,91.79,98.281,8.21,0.17,10.26,23.29,100.0,100.0,9.91,11.98,5.11,3.94,81.071,30.17,100.0,100.0,False,,170.8,96.146,-1.2700000000000031,-1.2700000000000031,-1.2700000000000031,59.83,60.0,-15.0,1.28,22.225,10.0,56.52,94.52,90.094,100.0,100.0,79.899,100.0,100.0,21.0,50.82,93.378,89.098,100.0,100.0,78.569,100.0,100.0,6.868,8.716,91.197,88.665,29.55,CRITICAL
257,2026-06-03 16:15:00+00:00,16,2,-0.866025,-0.5,0.974928,-0.222521,False,False,EVENING,2.0,4.0,19.0,82.0,195.0,401.0,57.31,5.29,0.0922,5.751,7.22,91.51,9.74,91.513,97.38,8.49,0.26,9.98,22.67,100.0,100.0,9.52,11.98,5.49,3.87,79.649,30.02,100.0,100.0,False,,159.0,95.777,-1.4199999999999946,-2.6899999999999977,-1.2399999999999949,59.662,60.0,-13.0,1.13,21.832,10.0,55.68,93.604,89.887,100.0,100.0,78.688,100.0,100.0,22.0,48.75,92.875,89.004,100.0,100.0,79.601,100.0,100.0,7.025,6.085,91.454,88.875,29.4,CRITICAL
258,2026-06-03 16:30:00+00:00,16,2,-0.866025,-0.5,0.974928,-0.222521,False,False,EVENING,5.0,7.0,16.0,78.0,191.0,403.0,58.82,5.16,0.0877,5.869,8.1,91.1,9.6,91.096,95.976,8.9,0.4,10.26,23.29,100.0,100.0,9.39,11.99,5.62,3.85,79.173,30.34,100.0,100.0,False,,159.9,95.362,1.509999999999998,0.09000000000000341,-1.1799999999999997,59.588,60.0,-14.0,0.65,22.29,9.0,53.8,93.492,89.571,100.0,100.0,79.147,100.0,100.0,23.0,46.66,92.042,88.903,100.0,100.0,78.479,100.0,100.0,6.944,5.557,91.474,89.219,29.08,CRITICAL
259,2026-06-03 16:45:00+00:00,16,2,-0.866025,-0.5,0.974928,-0.222521,False,False,EVENING,3.0,8.0,12.0,74.0,182.0,404.0,58.22,5.29,0.0909,6.047,7.978,90.67,9.54,90.672,95.388,9.33,0.46,8.72,19.89,100.0,100.0,9.29,11.99,5.72,3.83,78.826,30.34,100.0,100.0,False,,153.7,95.12,-0.6000000000000014,0.9099999999999966,-1.7800000000000011,59.477,60.0,-15.0,0.01,22.14,9.0,52.84,93.519,89.31,100.0,100.0,78.268,100.0,100.0,25.0,44.54,91.727,88.411,100.0,100.0,78.566,100.0,100.0,6.816,6.355,91.821,89.3,28.76,CRITICAL
260,2026-06-03 17:00:00+00:00,17,2,-0.965926,-0.258819,0.974928,-0.222521,False,False,EVENING,2.0,5.0,12.0,67.0,170.0,400.0,56.52,5.24,0.0927,6.213,8.872,90.09,9.45,90.094,94.52,9.91,0.55,10.26,23.29,100.0,100.0,9.58,11.99,5.43,3.88,79.899,30.18,100.0,100.0,False,,145.2,94.916,-1.6999999999999957,-2.299999999999997,-2.2099999999999937,59.259,60.0,-8.0,0.01,21.675,8.0,50.82,93.378,89.098,100.0,100.0,78.569,100.0,100.0,28.0,43.31,92.033,88.521,100.0,100.0,78.112,100.0,100.0,6.78,6.484,91.97,89.359,29.08,HIGH
261,2026-06-03 17:15:00+00:00,17,2,-0.965926,-0.258819,0.974928,-0.222521,False,False,EVENING,3.0,5.0,13.0,64.0,163.0,401.0,55.68,5.09,0.0913,6.441,7.634,89.89,9.36,89.887,93.604,10.11,0.64,10.26,23.29,100.0,100.0,9.25,11.99,5.75,3.82,78.688,30.18,100.0,100.0,False,,138.0,94.578,-0.8400000000000034,-2.539999999999999,-1.6300000000000026,58.989,60.0,-6.0,0.16,21.465,9.0,48.75,92.875,89.004,100.0,100.0,79.601,100.0,100.0,28.0,44.11,91.713,88.681,100.0,100.0,76.609,100.0,100.0,6.756,9.547,91.121,88.746,28.76,HIGH
262,2026-06-03 17:30:00+00:00,17,2,-0.965926,-0.258819,0.974928,-0.222521,False,False,EVENING,2.0,5.0,10.0,56.0,159.0,402.0,53.8,5.01,0.0932,6.533,7.843,89.57,9.35,89.571,93.492,10.43,0.65,10.26,23.29,100.0,100.0,9.38,11.99,5.63,3.85,79.147,30.02,100.0,100.0,False,,131.4,94.527,-1.8800000000000026,-2.720000000000006,-5.020000000000003,58.602,60.0,-6.0,-0.32,20.955,12.0,46.66,92.042,88.903,100.0,100.0,78.479,100.0,100.0,25.0,40.93,90.814,88.537,100.0,100.0,76.884,100.0,100.0,6.997,7.102,90.698,88.762,28.44,HIGH
263,2026-06-03 17:45:00+00:00,17,2,-0.965926,-0.258819,0.974928,-0.222521,False,False,EVENING,3.0,5.0,10.0,49.0,153.0,403.0,52.84,4.84,0.0916,6.652,7.684,89.31,9.35,89.31,93.519,10.69,0.65,9.35,21.29,100.0,100.0,9.14,12.0,5.87,3.8,78.268,30.02,100.0,100.0,False,,126.8,94.396,-0.9599999999999937,-2.8399999999999963,-5.3799999999999955,58.154,60.0,-2.0,-0.32,20.715,11.0,44.54,91.727,88.411,100.0,100.0,78.566,100.0,100.0,28.0,40.72,91.41,88.586,100.0,100.0,76.707,100.0,100.0,6.998,4.583,90.741,89.361,28.44,HIGH
264,2026-06-03 18:00:00+00:00,18,2,-1.0,-0.0,0.974928,-0.222521,False,False,EVENING,2.0,5.0,10.0,42.0,145.0,403.0,50.82,4.76,0.0936,6.748,7.652,89.1,9.34,89.098,93.378,10.9,0.66,9.53,21.7,100.0,100.0,9.22,12.0,5.79,3.82,78.569,29.86,100.0,100.0,False,,120.2,94.348,-2.020000000000003,-2.979999999999997,-5.700000000000003,57.581,60.0,-2.0,-0.32,20.17,13.0,43.31,92.033,88.521,100.0,100.0,78.112,100.0,100.0,26.0,39.52,91.572,88.541,100.0,100.0,77.05,100.0,100.0,6.776,7.699,90.431,89.162,27.96,HIGH
265,2026-06-03 18:15:00+00:00,18,2,-1.0,-0.0,0.974928,-0.222521,False,False,EVENING,2.0,4.0,9.0,41.0,142.0,402.0,48.75,4.57,0.0938,6.829,7.407,89.0,9.29,89.004,92.875,11.0,0.71,9.73,22.13,100.0,100.0,9.5,12.0,5.51,3.87,79.601,29.7,100.0,100.0,False,,114.0,94.32,-2.0700000000000003,-4.090000000000003,-6.93,56.878,60.0,-4.0,-0.48,19.612,13.0,44.11,91.713,88.681,100.0,100.0,76.609,100.0,100.0,24.0,38.32,92.233,88.54,100.0,100.0,76.841,100.0,100.0,6.855,6.049,89.645,89.441,27.48,HIGH
266,2026-06-03 18:30:00+00:00,18,2,-1.0,-0.0,0.974928,-0.222521,False,False,EVENING,2.0,4.0,9.0,35.0,134.0,401.0,46.66,4.39,0.094,6.872,7.608,88.9,9.2,88.903,92.042,11.1,0.8,10.26,23.29,100.0,100.0,9.19,12.0,5.81,3.81,78.479,29.54,100.0,100.0,False,,108.4,94.03,-2.0900000000000034,-4.160000000000004,-7.140000000000001,56.044,60.0,-1.0,-0.48,19.05,11.0,40.93,90.814,88.537,100.0,100.0,76.884,100.0,100.0,23.0,38.12,91.871,88.978,100.0,100.0,77.258,100.0,100.0,6.764,7.598,90.344,89.163,27.16,HIGH
267,2026-06-03 18:45:00+00:00,18,2,-1.0,-0.0,0.974928,-0.222521,False,False,EVENING,2.0,4.0,8.0,30.0,126.0,398.0,44.54,4.2,0.0943,6.923,9.019,88.41,9.17,88.411,91.727,11.59,0.83,9.02,20.57,100.0,100.0,9.21,12.0,5.79,3.82,78.566,29.38,100.0,100.0,False,,102.7,93.867,-2.1199999999999974,-4.210000000000001,-8.300000000000004,55.078,60.0,-2.0,-0.64,18.48,14.0,40.72,91.41,88.586,100.0,100.0,76.707,100.0,100.0,20.0,39.01,92.059,88.821,100.0,100.0,78.304,100.0,100.0,6.855,7.646,91.404,88.86,27.0,HIGH
268,2026-06-03 19:00:00+00:00,19,2,-0.965926,0.258819,0.974928,-0.222521,False,False,EVENING,3.0,5.0,9.0,31.0,121.0,395.0,43.31,4.01,0.0926,7.11,6.546,88.52,9.2,88.521,92.033,11.48,0.8,10.21,23.19,100.0,100.0,9.09,12.0,5.91,3.8,78.112,29.38,100.0,100.0,False,,97.2,93.911,-1.2299999999999969,-3.3499999999999943,-7.509999999999998,54.034,60.0,-1.0,-0.48,18.172,15.0,39.52,91.572,88.541,100.0,100.0,77.05,100.0,100.0,16.0,37.87,90.883,88.923,100.0,100.0,77.467,100.0,100.0,6.95,5.937,91.808,89.073,27.0,HIGH
269,2026-06-03 19:15:00+00:00,19,2,-0.965926,0.258819,0.974928,-0.222521,False,False,EVENING,5.0,8.0,12.0,34.0,116.0,394.0,44.11,3.9,0.0884,7.064,6.552,88.68,9.17,88.681,91.713,11.32,0.83,9.85,22.39,100.0,100.0,8.69,12.0,6.32,3.72,76.609,29.71,100.0,100.0,False,,99.6,93.747,0.7999999999999972,-0.4299999999999997,-4.640000000000001,53.132,60.0,3.0,0.01,18.455,15.0,38.32,92.233,88.54,100.0,100.0,76.841,100.0,100.0,18.0,35.74,91.59,88.615,100.0,100.0,78.318,100.0,100.0,2.087,7.726,89.24,87.919,26.52,HIGH
270,2026-06-03 19:30:00+00:00,19,2,-0.965926,0.258819,0.974928,-0.222521,False,False,EVENING,1.0,6.0,11.0,30.0,108.0,392.0,40.93,3.97,0.097,7.011,7.949,88.54,9.08,88.537,90.814,11.46,0.92,10.08,22.9,100.0,100.0,8.76,12.0,6.24,3.74,76.884,29.39,100.0,100.0,False,,93.2,93.561,-3.1799999999999997,-2.3800000000000026,-5.729999999999997,51.94,60.0,2.0,-0.15,17.58,14.0,38.12,91.871,88.978,100.0,100.0,77.258,100.0,100.0,17.0,35.56,91.43,88.983,100.0,100.0,76.506,100.0,100.0,6.72,6.044,89.222,88.09,26.69,HIGH
271,2026-06-03 19:45:00+00:00,19,2,-0.965926,0.258819,0.974928,-0.222521,False,False,EVENING,4.0,5.0,13.0,31.0,105.0,394.0,40.72,3.68,0.0905,7.079,6.645,88.59,9.14,88.586,91.41,11.41,0.86,10.26,23.29,100.0,100.0,8.71,12.0,6.29,3.73,76.707,29.55,100.0,100.0,False,,91.8,93.675,-0.21000000000000085,-3.3900000000000006,-3.8200000000000003,50.735,58.82,5.0,0.17,17.568,14.0,39.01,92.059,88.821,100.0,100.0,78.304,100.0,100.0,14.0,33.45,91.862,89.061,100.0,100.0,75.598,100.0,100.0,1.68,7.759,87.914,86.701,26.37,HIGH
272,2026-06-03 20:00:00+00:00,20,2,-0.866025,0.5,0.974928,-0.222521,False,False,EVENING,3.0,7.0,13.0,32.0,99.0,394.0,39.52,3.66,0.0927,7.051,7.167,88.54,9.16,88.541,91.572,11.46,0.84,10.26,23.29,100.0,100.0,8.8,12.0,6.2,3.74,77.05,29.55,100.0,100.0,False,,89.5,93.728,-1.1999999999999957,-1.4099999999999966,-3.789999999999999,49.534,58.82,4.0,0.17,17.268,11.0,37.87,90.883,88.923,100.0,100.0,77.467,100.0,100.0,15.0,30.36,91.197,88.665,100.0,100.0,73.495,100.0,100.0,1.68,5.471,86.351,85.91,26.05,HIGH
273,2026-06-03 20:15:00+00:00,20,2,-0.866025,0.5,0.974928,-0.222521,False,False,EVENING,3.0,6.0,11.0,32.0,96.0,396.0,38.32,3.56,0.0928,7.065,6.804,88.54,9.22,88.54,92.233,11.46,0.78,9.58,21.79,100.0,100.0,8.75,11.99,6.25,3.73,76.841,29.55,100.0,100.0,False,,86.6,93.841,-1.2000000000000028,-2.3999999999999986,-5.789999999999999,48.348,58.82,-1.0,-0.16,16.968,9.0,35.74,91.59,88.615,100.0,100.0,78.318,100.0,100.0,14.0,28.18,91.454,88.875,100.0,100.0,72.75,100.0,100.0,1.68,3.22,85.377,85.622,25.73,HIGH
274,2026-06-03 20:30:00+00:00,20,2,-0.866025,0.5,0.974928,-0.222521,False,False,EVENING,4.0,7.0,14.0,34.0,90.0,398.0,38.12,3.45,0.0905,7.054,5.447,88.98,9.19,88.978,91.871,11.02,0.81,9.72,22.1,100.0,100.0,8.88,11.98,6.14,3.75,77.258,29.71,100.0,100.0,False,,86.2,93.903,-0.20000000000000284,-1.4000000000000057,-2.8100000000000023,47.054,58.22,3.0,0.32,16.958,9.0,35.56,91.43,88.983,100.0,100.0,76.506,100.0,100.0,12.0,25.04,91.474,89.219,100.0,100.0,74.251,100.0,100.0,1.68,5.805,84.306,84.698,25.41,HIGH
275,2026-06-03 20:45:00+00:00,20,2,-0.866025,0.5,0.974928,-0.222521,False,False,EVENING,5.0,9.0,15.0,36.0,85.0,402.0,39.01,3.43,0.0879,6.898,7.449,88.82,9.21,88.821,92.059,11.18,0.79,10.02,22.76,100.0,100.0,9.16,11.98,5.86,3.81,78.304,30.03,100.0,100.0,False,,90.3,94.0,0.8900000000000006,0.6899999999999977,-1.7100000000000009,45.853,56.52,2.0,0.48,17.26,6.0,33.45,91.862,89.061,100.0,100.0,75.598,100.0,100.0,12.0,21.99,91.821,89.3,100.0,100.0,73.863,100.0,100.0,0.0,5.449,83.084,83.458,24.93,HIGH
276,2026-06-03 21:00:00+00:00,21,2,-0.707107,0.707107,0.974928,-0.222521,False,False,EVENING,3.0,8.0,15.0,37.0,79.0,404.0,37.87,3.51,0.0927,6.953,7.018,88.92,9.09,88.923,90.883,11.08,0.91,9.81,22.3,100.0,100.0,8.97,11.95,6.08,3.76,77.467,30.03,100.0,100.0,False,,86.9,93.712,-1.1400000000000006,-0.25,-1.6500000000000057,44.688,55.68,2.0,0.48,16.975,5.0,30.36,91.197,88.665,100.0,100.0,73.495,100.0,100.0,13.0,22.95,91.97,89.359,100.0,100.0,73.369,100.0,100.0,0.0,4.808,81.812,82.383,24.45,HIGH
277,2026-06-03 21:15:00+00:00,21,2,-0.707107,0.707107,0.974928,-0.222521,False,False,EVENING,2.0,5.0,14.0,37.0,78.0,405.0,35.74,3.41,0.0954,6.935,7.885,88.61,9.16,88.615,91.59,11.39,0.84,10.26,23.29,100.0,100.0,9.29,11.85,5.85,3.81,78.318,29.87,100.0,100.0,False,,82.3,93.862,-2.1299999999999955,-3.269999999999996,-2.5799999999999983,43.441,53.8,3.0,0.32,16.402,9.0,28.18,91.454,88.875,100.0,100.0,72.75,100.0,100.0,11.0,19.93,91.121,88.746,100.0,100.0,72.552,100.0,100.0,0.0,3.855,80.07,81.594,23.97,HIGH
278,2026-06-03 21:30:00+00:00,21,2,-0.707107,0.707107,0.974928,-0.222521,False,False,EVENING,4.0,6.0,14.0,39.0,74.0,406.0,35.56,3.22,0.0905,7.037,5.63,88.98,9.14,88.983,91.43,11.02,0.86,10.2,23.16,100.0,100.0,8.89,11.77,6.34,3.72,76.506,30.03,100.0,100.0,False,,80.6,93.748,-0.17999999999999972,-2.309999999999995,-2.559999999999995,42.301,52.84,0.0,0.32,16.398,8.0,25.04,91.474,89.219,100.0,100.0,74.251,100.0,100.0,10.0,16.76,90.698,88.762,100.0,100.0,69.536,100.0,100.0,1.68,2.918,79.87,81.304,23.65,HIGH
279,2026-06-03 21:45:00+00:00,21,2,-0.707107,0.707107,0.974928,-0.222521,False,False,EVENING,2.0,6.0,11.0,39.0,69.0,406.0,33.45,3.2,0.0957,6.904,6.419,89.06,9.19,89.061,91.862,10.94,0.81,9.9,22.51,100.0,100.0,8.78,11.63,6.59,3.67,75.598,29.87,100.0,100.0,False,,77.3,93.77,-2.1099999999999994,-2.289999999999999,-5.559999999999995,41.089,50.82,-4.0,-0.16,15.83,8.0,21.99,91.821,89.3,100.0,100.0,73.863,100.0,100.0,13.0,15.6,90.741,89.361,100.0,100.0,69.779,100.0,100.0,0.0,1.876,79.18,80.904,23.17,HIGH
280,2026-06-03 22:00:00+00:00,22,2,-0.5,0.866025,0.974928,-0.222521,False,False,NIGHT,1.0,3.0,9.0,37.0,68.0,407.0,30.36,3.01,0.0992,6.868,8.716,88.67,9.12,88.665,91.197,11.33,0.88,5.75,16.84,100.0,100.0,8.44,11.4,7.16,3.57,73.495,29.55,100.0,100.0,False,,70.5,93.36,-3.0900000000000034,-5.200000000000003,-7.509999999999998,39.811,48.75,-6.0,-0.48,14.978,10.0,22.95,91.97,89.359,100.0,100.0,73.369,100.0,100.0,11.0,11.57,90.431,89.162,100.0,100.0,66.06,100.0,100.0,5.04,0.728,81.322,81.768,23.17,HIGH
281,2026-06-03 22:15:00+00:00,22,2,-0.5,0.866025,0.974928,-0.222521,False,False,NIGHT,2.0,3.0,9.0,34.0,68.0,408.0,28.18,2.73,0.097,7.025,6.085,88.87,9.15,88.875,91.454,11.13,0.85,6.27,17.99,100.0,100.0,8.5,11.14,7.36,3.54,72.75,29.4,100.0,100.0,False,,64.0,93.391,-2.1799999999999997,-5.270000000000003,-7.560000000000002,38.525,46.66,-5.0,-0.47,14.395,5.0,19.93,91.121,88.746,100.0,100.0,72.552,100.0,100.0,12.0,7.49,89.645,89.441,100.0,100.0,63.547,100.0,80.775,1.68,1.285,80.61,81.938,22.85,HIGH
282,2026-06-03 22:30:00+00:00,22,2,-0.5,0.866025,0.974928,-0.222521,False,False,NIGHT,1.0,3.0,6.0,34.0,64.0,409.0,25.04,2.54,0.1013,6.944,5.557,89.22,9.15,89.219,91.474,10.78,0.85,4.86,14.89,100.0,100.0,9.23,10.82,6.95,3.61,74.251,29.08,100.0,100.0,False,,57.6,93.606,-3.1400000000000006,-5.32,-10.520000000000003,37.174,44.54,-8.0,-0.95,13.53,4.0,16.76,90.698,88.762,100.0,100.0,69.536,100.0,100.0,13.0,4.46,90.344,89.163,100.0,100.0,61.427,100.0,62.896,3.36,3.703,80.358,81.877,22.7,HIGH
283,2026-06-03 22:45:00+00:00,22,2,-0.5,0.866025,0.974928,-0.222521,False,False,NIGHT,1.0,2.0,5.0,31.0,62.0,408.0,21.99,2.25,0.1025,6.816,6.355,89.3,9.18,89.3,91.821,10.7,0.82,6.27,17.99,100.0,100.0,9.49,10.46,7.06,3.59,73.863,28.76,100.0,100.0,False,,51.5,91.731,-3.0500000000000007,-6.190000000000001,-11.460000000000004,35.764,44.11,-6.0,-1.11,12.688,4.0,15.6,90.741,89.361,100.0,100.0,69.779,100.0,100.0,13.0,2.38,91.404,88.86,100.0,100.0,59.809,100.0,50.836,3.36,0.882,79.627,82.57,22.54,HIGH
284,2026-06-03 23:00:00+00:00,23,2,-0.258819,0.965926,0.974928,-0.222521,False,False,NIGHT,5.0,6.0,9.0,33.0,65.0,410.0,22.95,1.98,0.0862,6.78,6.484,89.36,9.2,89.359,91.97,10.64,0.8,6.27,17.99,100.0,100.0,9.61,10.2,7.19,3.57,73.369,29.08,100.0,100.0,False,,54.0,92.344,0.9600000000000009,-2.09,-7.41,34.492,44.11,0.0,-0.47,13.008,3.0,11.57,90.431,89.162,100.0,100.0,66.06,100.0,100.0,11.0,1.24,91.808,89.073,100.0,100.0,56.223,100.0,44.176,1.68,3.688,79.843,82.047,22.22,HIGH
285,2026-06-03 23:15:00+00:00,23,2,-0.258819,0.965926,0.974928,-0.222521,False,False,NIGHT,1.0,6.0,8.0,31.0,63.0,409.0,19.93,2.07,0.1036,6.756,9.547,88.75,9.11,88.746,91.121,11.25,0.89,6.27,17.99,100.0,100.0,9.71,9.88,7.41,3.53,72.552,28.76,100.0,100.0,False,,47.1,90.033,-3.0199999999999996,-2.0599999999999987,-8.25,32.981,40.93,-1.0,-0.64,12.172,6.0,7.49,89.645,89.441,100.0,100.0,63.547,100.0,80.775,8.0,0.0,89.24,87.919,100.0,100.0,53.836,100.0,35.696,1.68,1.997,80.234,81.928,21.9,HIGH
286,2026-06-03 23:30:00+00:00,23,2,-0.258819,0.965926,0.974928,-0.222521,False,False,NIGHT,1.0,2.0,8.0,28.0,62.0,408.0,16.76,1.79,0.107,6.997,7.102,88.76,9.07,88.762,90.698,11.24,0.93,6.27,17.99,100.0,100.0,9.27,9.51,8.23,3.38,69.536,28.44,100.0,100.0,False,,38.2,87.652,-3.169999999999998,-6.189999999999998,-8.279999999999998,31.47,40.72,2.0,-0.64,11.3,6.0,4.46,90.344,89.163,100.0,100.0,61.427,100.0,62.896,8.0,0.0,89.222,88.09,100.0,100.0,52.697,100.0,35.689,0.0,3.02,79.267,81.27,21.42,HIGH
287,2026-06-03 23:45:00+00:00,23,2,-0.258819,0.965926,0.974928,-0.222521,False,False,NIGHT,3.0,4.0,10.0,26.0,62.0,411.0,15.6,1.51,0.0967,6.998,4.583,89.36,9.07,89.361,90.741,10.64,0.93,6.27,17.99,100.0,100.0,9.67,9.17,8.16,3.39,69.779,28.44,100.0,100.0,False,,35.6,87.072,-1.160000000000002,-4.33,-6.389999999999999,29.9,39.52,5.0,-0.32,11.01,9.0,2.38,91.404,88.86,100.0,100.0,59.809,100.0,50.836,5.0,0.0,87.914,86.701,100.0,100.0,52.147,100.0,35.166,6.72,2.161,81.448,82.191,21.58,HIGH
288,2026-06-04 00:00:00+00:00,0,3,0.0,1.0,0.433884,-0.900969,False,False,NIGHT,0.0,3.0,5.0,23.0,60.0,410.0,11.57,1.4,0.1214,6.776,7.699,89.16,9.04,89.162,90.431,10.84,0.96,5.77,16.89,100.0,100.0,9.09,8.74,9.16,3.21,66.06,27.96,100.0,100.0,False,,27.2,84.052,-4.029999999999999,-5.190000000000001,-11.379999999999999,28.153,39.01,-4.0,-1.12,9.882,8.0,1.24,91.808,89.073,100.0,100.0,56.223,100.0,44.176,4.0,0.0,86.351,85.91,100.0,100.0,50.983,100.0,34.54,5.04,2.927,82.858,82.579,21.58,MODERATE
289,2026-06-04 00:15:00+00:00,0,3,0.0,1.0,0.433884,-0.900969,False,False,NIGHT,0.0,0.0,4.0,21.0,58.0,408.0,7.49,1.04,0.1391,6.855,6.049,89.44,8.96,89.441,89.645,10.56,1.04,5.97,17.33,100.0,100.0,8.91,8.25,9.84,3.09,63.547,27.48,100.0,80.775,False,,17.4,81.119,-4.08,-8.11,-12.44,26.226,39.01,-4.0,-1.28,8.742,6.0,0.0,89.24,87.919,100.0,100.0,53.836,100.0,35.696,6.0,0.0,85.377,85.622,100.0,100.0,49.663,100.0,34.151,3.36,2.982,81.882,82.771,21.42,MODERATE
290,2026-06-04 00:30:00+00:00,0,3,0.0,1.0,0.433884,-0.900969,False,False,NIGHT,1.0,1.0,4.0,18.0,57.0,406.0,4.46,0.67,0.1511,6.764,7.598,89.16,9.03,89.163,90.344,10.84,0.97,6.27,17.99,100.0,100.0,8.83,7.75,10.41,2.99,61.427,27.16,100.0,62.896,False,,10.5,79.067,-3.0300000000000002,-7.11,-12.3,24.122,39.01,-4.0,-1.28,7.905,7.0,0.0,89.222,88.09,100.0,100.0,52.697,100.0,35.689,6.0,0.0,84.306,84.698,100.0,100.0,49.87,100.0,33.722,0.0,2.446,80.431,82.304,20.94,MODERATE
291,2026-06-04 00:45:00+00:00,0,3,0.0,1.0,0.433884,-0.900969,False,False,NIGHT,2.0,3.0,3.0,18.0,57.0,407.0,2.38,0.4,0.1687,6.855,7.646,88.86,9.14,88.86,91.404,11.14,0.86,5.99,17.38,100.0,100.0,8.85,7.29,10.85,2.91,59.809,27.0,100.0,50.836,False,,5.5,77.736,-2.08,-5.11,-13.219999999999999,21.833,37.87,-7.0,-1.44,7.345,4.0,0.0,87.914,86.701,100.0,100.0,52.147,100.0,35.166,7.0,0.0,83.084,83.458,100.0,100.0,48.459,100.0,33.234,0.0,4.139,79.713,81.341,20.46,MODERATE
292,2026-06-04 01:00:00+00:00,1,3,0.258819,0.965926,0.433884,-0.900969,False,False,NIGHT,3.0,5.0,6.0,20.0,57.0,407.0,1.24,0.21,0.1724,6.95,5.937,89.07,9.18,89.073,91.808,10.93,0.82,6.27,17.99,100.0,100.0,8.29,6.89,11.82,2.73,56.223,27.0,100.0,44.176,False,,2.9,76.811,-1.14,-3.2199999999999998,-10.33,19.544,35.74,1.0,-0.96,7.06,3.0,0.0,86.351,85.91,100.0,100.0,50.983,100.0,34.54,9.0,0.0,81.812,82.383,100.0,100.0,46.986,100.0,32.725,3.36,1.546,80.437,81.723,20.3,MODERATE
293,2026-06-04 01:15:00+00:00,1,3,0.258819,0.965926,0.433884,-0.900969,False,False,NIGHT,0.0,3.0,6.0,18.0,52.0,407.0,0.0,0.11,0.1118,2.087,7.726,87.92,8.92,87.919,89.24,12.08,1.08,6.27,17.99,100.0,100.0,8.04,6.49,12.46,2.62,53.836,26.52,100.0,35.696,False,,0.0,75.035,-1.24,-2.38,-7.49,17.31,35.56,2.0,-0.96,6.63,2.0,0.0,85.377,85.622,100.0,100.0,49.663,100.0,34.151,10.0,0.0,80.07,81.594,100.0,100.0,45.442,100.0,32.028,3.36,2.283,80.641,81.971,20.14,MODERATE
294,2026-06-04 01:30:00+00:00,1,3,0.258819,0.965926,0.433884,-0.900969,False,False,NIGHT,4.0,4.0,9.0,21.0,55.0,408.0,0.0,0.0,0.0,6.72,6.044,88.09,8.92,88.09,89.222,11.91,1.08,6.27,17.99,100.0,100.0,8.05,6.18,12.77,2.56,52.697,26.69,100.0,35.689,False,,0.0,74.967,0.0,-1.24,-4.46,15.088,33.45,5.0,-0.47,6.672,1.0,0.0,84.306,84.698,100.0,100.0,49.87,100.0,33.722,11.0,0.0,79.87,81.304,100.0,100.0,42.991,100.0,31.948,6.72,3.516,82.122,82.625,20.31,MODERATE
295,2026-06-04 01:45:00+00:00,1,3,0.258819,0.965926,0.433884,-0.900969,False,False,NIGHT,1.0,5.0,8.0,21.0,52.0,408.0,0.0,0.0,0.0,1.68,7.759,86.7,8.79,86.701,87.914,13.3,1.21,6.27,17.99,100.0,100.0,8.17,5.91,12.92,2.53,52.147,26.37,100.0,35.166,False,,0.0,74.35,0.0,0.0,-2.38,12.997,30.36,5.0,-0.63,6.592,1.0,0.0,83.084,83.458,100.0,100.0,48.459,100.0,33.234,10.0,0.0,79.18,80.904,100.0,100.0,43.967,100.0,31.672,5.04,3.076,83.153,83.012,20.31,MODERATE
296,2026-06-04 02:00:00+00:00,2,3,0.5,0.866025,0.433884,-0.900969,False,False,NIGHT,1.0,2.0,6.0,17.0,50.0,408.0,0.0,0.0,0.0,1.68,5.471,85.91,8.64,85.91,86.351,14.09,1.36,5.97,17.33,100.0,100.0,8.09,5.68,13.23,2.48,50.983,26.05,100.0,34.54,False,,0.0,73.759,0.0,0.0,-1.24,11.099,28.18,0.0,-0.95,6.512,1.0,0.0,81.812,82.383,100.0,100.0,46.986,100.0,32.725,14.0,0.0,81.322,81.768,100.0,100.0,42.555,100.0,32.529,1.68,3.488,82.411,82.635,19.99,MODERATE
297,2026-06-04 02:15:00+00:00,2,3,0.5,0.866025,0.433884,-0.900969,False,False,NIGHT,1.0,2.0,7.0,17.0,48.0,407.0,0.0,0.0,0.0,1.68,3.22,85.62,8.54,85.622,85.377,14.38,1.46,6.27,17.99,100.0,100.0,7.93,5.48,13.59,2.41,49.663,25.73,100.0,34.151,False,,0.0,73.382,0.0,0.0,0.0,9.338,25.04,1.0,-0.79,6.432,4.0,0.0,80.07,81.594,100.0,100.0,45.442,100.0,32.028,14.0,0.0,80.61,81.938,100.0,100.0,43.523,100.0,32.244,3.36,3.431,83.377,82.52,19.83,MODERATE
298,2026-06-04 02:30:00+00:00,2,3,0.5,0.866025,0.433884,-0.900969,False,False,NIGHT,1.0,2.0,4.0,17.0,45.0,407.0,0.0,0.0,0.0,1.68,5.805,84.7,8.43,84.698,84.306,15.3,1.57,5.87,17.12,100.0,100.0,8.15,5.31,13.54,2.42,49.87,25.41,100.0,33.722,False,,0.0,72.983,0.0,0.0,0.0,7.773,22.95,-5.0,-1.28,6.352,5.0,0.0,79.87,81.304,100.0,100.0,42.991,100.0,31.948,15.0,0.0,80.358,81.877,100.0,100.0,42.259,100.0,32.143,3.36,4.514,82.256,82.344,19.67,MODERATE
299,2026-06-04 02:45:00+00:00,2,3,0.5,0.866025,0.433884,-0.900969,False,False,NIGHT,0.0,1.0,3.0,14.0,40.0,406.0,0.0,0.0,0.0,0.0,5.449,83.46,8.31,83.458,83.084,16.54,1.69,6.27,17.99,100.0,100.0,7.92,5.16,13.92,2.36,48.459,24.93,100.0,33.234,False,,0.0,72.339,0.0,0.0,0.0,6.399,22.95,-5.0,-1.44,6.232,6.0,0.0,79.18,80.904,100.0,100.0,43.967,100.0,31.672,13.0,0.0,79.627,82.57,100.0,100.0,43.433,100.0,31.851,9.512,4.927,84.555,83.26,20.15,MODERATE
300,2026-06-04 03:00:00+00:00,3,3,0.707107,0.707107,0.433884,-0.900969,False,False,NIGHT,0.0,0.0,2.0,14.0,37.0,405.0,0.0,0.0,0.0,0.0,4.808,82.38,8.18,82.383,81.812,17.62,1.82,5.64,16.61,100.0,100.0,7.66,5.03,14.31,2.28,46.986,24.45,100.0,32.725,False,,0.0,71.715,0.0,0.0,0.0,4.964,19.93,-4.0,-1.6,6.112,8.0,0.0,81.322,81.768,100.0,100.0,42.555,100.0,32.529,11.0,0.0,79.843,82.047,100.0,100.0,42.982,100.0,31.937,7.288,3.333,86.224,84.082,20.31,MODERATE
301,2026-06-04 03:15:00+00:00,3,3,0.707107,0.707107,0.433884,-0.900969,False,False,NIGHT,0.0,0.0,1.0,14.0,35.0,404.0,0.0,0.0,0.0,0.0,3.855,81.59,8.01,81.594,80.07,18.41,1.99,5.56,16.43,100.0,100.0,7.36,4.91,14.73,2.21,45.442,23.97,100.0,32.028,False,,0.0,71.054,0.0,0.0,0.0,3.719,16.76,-6.0,-1.76,5.992,6.0,0.0,80.61,81.938,100.0,100.0,43.523,100.0,32.244,12.0,0.0,80.234,81.928,100.0,100.0,44.539,100.0,32.094,8.803,4.047,87.874,85.106,20.95,MODERATE
302,2026-06-04 03:30:00+00:00,3,3,0.707107,0.707107,0.433884,-0.900969,False,False,NIGHT,1.0,1.0,1.0,14.0,32.0,404.0,0.0,0.0,0.0,1.68,2.918,81.3,7.99,81.304,79.87,18.7,2.01,6.27,17.99,100.0,100.0,6.8,4.8,15.39,2.09,42.991,23.65,100.0,31.948,False,,0.0,70.73,0.0,0.0,0.0,2.671,15.6,-3.0,-1.76,5.912,6.0,0.0,80.358,81.877,100.0,100.0,42.259,100.0,32.143,13.0,0.0,79.267,81.27,100.0,100.0,43.892,100.0,31.707,6.317,4.642,87.094,85.603,20.79,MODERATE
303,2026-06-04 03:45:00+00:00,3,3,0.707107,0.707107,0.433884,-0.900969,False,False,NIGHT,0.0,1.0,1.0,12.0,30.0,402.0,0.0,0.0,0.0,0.0,1.876,80.9,7.92,80.904,79.18,19.1,2.08,6.27,17.99,100.0,100.0,7.16,4.71,15.13,2.14,43.967,23.17,100.0,31.672,False,,0.0,70.592,0.0,0.0,0.0,1.696,11.57,-2.0,-1.76,5.792,4.0,0.0,79.627,82.57,100.0,100.0,43.433,100.0,31.851,17.0,0.0,81.448,82.191,100.0,100.0,44.83,100.0,32.579,8.226,6.052,88.492,86.007,21.27,MODERATE
304,2026-06-04 04:00:00+00:00,4,3,0.866025,0.5,0.433884,-0.900969,False,False,NIGHT,3.0,3.0,4.0,12.0,32.0,405.0,0.0,0.0,0.0,5.04,0.728,81.77,8.13,81.768,81.322,18.23,1.87,4.93,15.04,100.0,100.0,6.82,4.67,15.51,2.07,42.555,23.17,100.0,32.529,False,,0.0,71.083,0.0,0.0,0.0,0.973,7.49,2.0,-1.28,5.792,6.0,0.0,79.843,82.047,100.0,100.0,42.982,100.0,31.937,16.0,0.0,82.858,82.579,74.984,70.6,45.268,100.0,33.143,13.719,4.985,92.765,87.763,22.71,MODERATE
305,2026-06-04 04:15:00+00:00,4,3,0.866025,0.5,0.433884,-0.900969,False,False,NIGHT,1.0,4.0,5.0,13.0,31.0,405.0,0.0,0.0,0.0,1.68,1.285,81.94,8.06,81.938,80.61,18.06,1.94,5.22,15.68,100.0,100.0,7.13,4.62,15.25,2.12,43.523,22.85,100.0,32.244,False,,0.0,71.065,0.0,0.0,0.0,0.505,4.46,4.0,-1.12,5.712,8.0,0.0,80.234,81.928,100.0,100.0,44.539,100.0,32.094,14.0,0.0,81.882,82.771,75.879,71.415,43.407,100.0,32.753,12.491,7.088,97.349,88.655,24.95,MODERATE
306,2026-06-04 04:30:00+00:00,4,3,0.866025,0.5,0.433884,-0.900969,False,False,NIGHT,2.0,3.0,6.0,11.0,32.0,406.0,0.0,0.0,0.0,3.36,3.703,81.88,8.04,81.877,80.358,18.12,1.96,6.27,17.99,100.0,100.0,6.83,4.58,15.59,2.05,42.259,22.7,100.0,32.143,False,,0.0,70.888,0.0,0.0,0.0,0.226,2.38,5.0,-0.95,5.675,9.0,0.0,79.267,81.27,100.0,100.0,43.892,100.0,31.707,14.0,0.0,80.431,82.304,72.378,68.234,43.124,100.0,32.172,11.798,6.058,100.0,89.765,27.36,MODERATE
307,2026-06-04 04:45:00+00:00,4,3,0.866025,0.5,0.433884,-0.900969,False,False,NIGHT,2.0,4.0,8.0,12.0,33.0,405.0,0.0,0.0,0.0,3.36,0.882,82.57,7.96,82.57,79.627,17.43,2.04,5.34,15.94,100.0,100.0,7.19,4.54,15.27,2.11,43.433,22.54,100.0,31.851,False,,0.0,71.0,0.0,0.0,0.0,0.078,1.24,7.0,-0.63,5.635,9.0,0.0,81.448,82.191,100.0,100.0,44.83,100.0,32.579,16.0,0.0,79.713,81.341,71.531,67.435,43.085,100.0,31.885,11.023,6.519,100.0,90.649,28.64,MODERATE
308,2026-06-04 05:00:00+00:00,5,3,0.965926,0.258819,0.433884,-0.900969,False,False,NIGHT,1.0,3.0,6.0,12.0,29.0,404.0,0.0,0.0,0.0,1.68,3.688,82.05,7.98,82.047,79.843,17.95,2.02,6.27,17.99,100.0,100.0,7.1,4.51,15.39,2.09,42.982,22.22,100.0,31.937,False,,0.0,70.887,0.0,0.0,0.0,0.0,0.0,2.0,-0.95,5.555,5.0,0.0,82.858,82.579,74.984,70.6,45.268,100.0,33.143,22.0,0.0,80.437,81.723,72.111,67.973,43.177,100.0,32.175,10.467,7.978,100.0,91.204,30.24,MODERATE
309,2026-06-04 05:15:00+00:00,5,3,0.965926,0.258819,0.433884,-0.900969,False,False,NIGHT,1.0,2.0,6.0,12.0,29.0,402.0,0.0,0.0,0.0,1.68,1.997,81.93,8.02,81.928,80.234,18.07,1.98,6.27,17.99,100.0,100.0,7.54,4.49,14.97,2.16,44.539,21.9,100.0,32.094,False,,0.0,71.079,0.0,0.0,0.0,0.0,0.0,1.0,-0.95,5.475,4.0,0.0,81.882,82.771,75.879,71.415,43.407,100.0,32.753,24.0,0.0,80.641,81.971,75.76,71.279,43.668,100.0,32.256,10.117,8.347,100.0,91.559,31.36,MODERATE
310,2026-06-04 05:30:00+00:00,5,3,0.965926,0.258819,0.433884,-0.900969,False,False,NIGHT,0.0,1.0,4.0,11.0,28.0,399.0,0.0,0.0,0.0,0.0,3.02,81.27,7.93,81.27,79.267,18.73,2.07,6.27,17.99,100.0,100.0,7.39,4.46,15.15,2.13,43.892,21.42,100.0,31.707,False,,0.0,70.683,0.0,0.0,0.0,0.0,0.0,-2.0,-1.28,5.355,4.0,0.0,80.431,82.304,72.378,68.234,43.124,100.0,32.172,29.0,0.0,82.122,82.625,73.299,69.078,46.826,100.0,32.849,9.894,9.047,100.0,91.77,31.84,MODERATE
311,2026-06-04 05:45:00+00:00,5,3,0.965926,0.258819,0.433884,-0.900969,False,False,NIGHT,4.0,4.0,6.0,15.0,29.0,402.0,0.0,0.0,0.0,6.72,2.161,82.19,8.14,82.191,81.448,17.81,1.86,6.27,17.99,100.0,100.0,7.64,4.47,14.9,2.18,44.83,21.58,100.0,32.579,False,,0.0,71.406,0.0,0.0,0.0,0.0,0.0,-2.0,-0.96,5.395,8.0,0.0,79.713,81.341,71.531,67.435,43.085,100.0,31.885,27.0,0.0,83.153,83.012,74.011,69.735,45.453,100.0,33.261,9.761,9.001,100.0,91.805,32.8,MODERATE
312,2026-06-04 06:00:00+00:00,6,3,1.0,0.0,0.433884,-0.900969,False,False,MORNING,3.0,7.0,8.0,18.0,32.0,404.0,0.0,0.0,0.0,5.04,2.927,82.58,8.29,82.579,82.858,17.42,1.71,11.59,26.58,74.984,70.6,7.74,4.49,14.78,2.2,45.268,21.58,100.0,33.143,False,,0.0,65.283,0.0,0.0,0.0,0.0,0.0,2.0,-0.64,5.395,11.0,0.0,80.437,81.723,72.111,67.973,43.177,100.0,32.175,30.0,0.0,82.411,82.635,72.668,68.507,44.023,100.0,32.964,9.739,9.096,100.0,91.853,33.44,NORMAL
313,2026-06-04 06:15:00+00:00,6,3,1.0,0.0,0.433884,-0.900969,False,False,MORNING,2.0,5.0,9.0,20.0,34.0,404.0,0.0,0.0,0.0,3.36,2.982,82.77,8.19,82.771,81.882,17.23,1.81,11.48,26.34,75.879,71.415,7.23,4.49,15.28,2.11,43.407,21.42,100.0,32.753,False,,0.0,65.168,0.0,0.0,0.0,0.0,0.0,3.0,-0.48,5.355,10.0,0.0,80.641,81.971,75.76,71.279,43.668,100.0,32.256,41.0,0.0,83.377,82.52,72.568,68.412,45.32,100.0,33.351,9.709,7.819,100.0,92.179,34.4,NORMAL
314,2026-06-04 06:30:00+00:00,6,3,1.0,0.0,0.433884,-0.900969,False,False,MORNING,0.0,2.0,9.0,19.0,33.0,404.0,0.0,0.0,0.0,0.0,2.446,82.3,8.04,82.304,80.431,17.7,1.96,11.97,27.41,72.378,68.234,7.17,4.48,15.36,2.1,43.124,20.94,100.0,32.172,False,,0.0,63.948,0.0,0.0,0.0,0.0,0.0,5.0,-0.48,5.235,10.0,0.0,82.122,82.625,73.299,69.078,46.826,100.0,32.849,56.0,0.0,82.256,82.344,78.874,74.097,44.935,100.0,32.903,9.504,10.072,100.0,91.91,35.52,NORMAL
315,2026-06-04 06:45:00+00:00,6,3,1.0,0.0,0.433884,-0.900969,False,False,MORNING,0.0,0.0,5.0,19.0,31.0,404.0,0.0,0.0,0.0,0.0,4.139,81.34,7.97,81.341,79.713,18.66,2.03,11.97,27.41,71.531,67.435,7.18,4.46,15.37,2.09,43.085,20.46,100.0,31.885,False,,0.0,63.391,0.0,0.0,0.0,0.0,0.0,-1.0,-1.12,5.115,8.0,0.0,83.153,83.012,74.011,69.735,45.453,100.0,33.261,72.0,0.34,84.555,83.26,75.902,71.458,44.923,100.0,35.851,9.673,8.402,100.0,92.128,35.84,NORMAL
316,2026-06-04 07:00:00+00:00,7,3,0.965926,-0.258819,0.433884,-0.900969,False,False,MORNING,2.0,2.0,4.0,18.0,30.0,404.0,0.0,0.0,0.0,3.36,1.546,81.72,8.04,81.723,80.437,18.28,1.96,11.93,27.32,72.111,67.973,7.21,4.45,15.34,2.1,43.177,20.3,100.0,32.175,False,,0.0,63.762,0.0,0.0,0.0,0.0,0.0,-4.0,-1.28,5.075,11.0,0.0,82.411,82.635,72.668,68.507,44.023,100.0,32.964,77.0,0.0,86.224,84.082,74.964,70.633,45.624,100.0,34.49,5.598,7.412,98.59,91.815,36.32,NORMAL
317,2026-06-04 07:15:00+00:00,7,3,0.965926,-0.258819,0.433884,-0.900969,False,False,MORNING,2.0,4.0,4.0,19.0,32.0,402.0,0.0,0.0,0.0,3.36,2.283,81.97,8.06,81.971,80.641,18.03,1.94,11.39,26.14,75.76,71.279,7.34,4.45,15.21,2.12,43.668,20.14,100.0,32.256,False,,0.0,64.737,0.0,0.0,0.0,0.0,0.0,-5.0,-1.28,5.035,14.0,0.0,83.377,82.52,72.568,68.412,45.32,100.0,33.351,86.0,1.76,87.874,85.106,76.277,71.882,46.316,100.0,45.712,5.737,7.562,96.742,91.544,36.16,NORMAL
318,2026-06-04 07:30:00+00:00,7,3,0.965926,-0.258819,0.433884,-0.900969,False,False,MORNING,4.0,6.0,8.0,21.0,32.0,405.0,0.0,0.0,0.0,6.72,3.516,82.62,8.21,82.625,82.122,17.38,1.79,11.87,27.18,73.299,69.078,8.18,4.46,14.36,2.28,46.826,20.31,100.0,32.849,False,,0.0,64.901,0.0,0.0,0.0,0.0,0.0,-1.0,-0.63,5.078,19.0,0.0,82.256,82.344,78.874,74.097,44.935,100.0,32.903,89.0,0.0,87.094,85.603,75.278,70.968,47.871,100.0,34.838,5.868,7.729,96.141,91.139,36.01,NORMAL
319,2026-06-04 07:45:00+00:00,7,3,0.965926,-0.258819,0.433884,-0.900969,False,False,MORNING,3.0,7.0,11.0,22.0,34.0,406.0,0.0,0.0,0.0,5.04,3.076,83.01,8.32,83.012,83.153,16.99,1.68,11.81,27.05,74.011,69.735,7.79,4.48,14.73,2.21,45.453,20.31,100.0,33.261,False,,0.0,65.234,0.0,0.0,0.0,0.0,0.0,6.0,-0.15,5.078,19.0,0.34,84.555,83.26,75.902,71.458,44.923,100.0,35.851,93.0,1.1,88.492,86.007,79.175,74.522,48.358,100.0,42.018,6.028,7.71,94.731,90.859,35.85,NORMAL
320,2026-06-04 08:00:00+00:00,8,3,0.866025,-0.5,0.433884,-0.900969,False,False,MORNING,1.0,4.0,10.0,22.0,34.0,406.0,0.0,0.0,0.0,1.68,3.488,82.63,8.24,82.635,82.411,17.37,1.76,11.97,27.41,72.668,68.507,7.39,4.49,15.11,2.14,44.023,19.99,100.0,32.964,False,,0.0,64.565,0.0,0.0,0.0,0.0,0.0,6.0,-0.31,4.998,19.0,0.0,86.224,84.082,74.964,70.633,45.624,100.0,34.49,96.0,6.63,92.765,87.763,85.803,83.233,52.118,100.0,76.899,6.155,8.675,94.401,90.262,36.01,NORMAL
321,2026-06-04 08:15:00+00:00,8,3,0.866025,-0.5,0.433884,-0.900969,False,False,MORNING,2.0,3.0,10.0,23.0,35.0,405.0,0.0,0.0,0.0,3.36,3.431,82.52,8.34,82.52,83.377,17.48,1.66,11.97,27.41,72.568,68.412,7.72,4.51,14.76,2.2,45.32,19.83,100.0,33.351,False,,0.0,64.826,0.0,0.0,0.0,0.0,0.0,6.0,-0.31,4.958,27.0,1.76,87.874,85.106,76.277,71.882,46.316,100.0,45.712,91.0,17.74,97.349,88.655,90.983,88.117,55.554,100.0,100.0,6.381,7.174,94.785,90.025,36.17,NORMAL
322,2026-06-04 08:30:00+00:00,8,3,0.866025,-0.5,0.433884,-0.900969,False,False,MORNING,2.0,4.0,8.0,25.0,36.0,404.0,0.0,0.0,0.0,3.36,4.514,82.34,8.23,82.344,82.256,17.66,1.77,10.99,25.26,78.874,74.097,7.62,4.51,14.87,2.18,44.935,19.67,100.0,32.903,False,,0.0,65.968,0.0,0.0,0.0,0.0,0.0,0.0,-0.64,4.918,37.0,0.0,87.094,85.603,75.278,70.968,47.871,100.0,34.838,83.0,30.17,100.0,89.765,100.0,99.326,60.356,100.0,100.0,6.462,7.016,94.101,89.955,36.65,NORMAL
323,2026-06-04 08:45:00+00:00,8,3,0.866025,-0.5,0.433884,-0.900969,False,False,MORNING,6.0,8.0,11.0,27.0,42.0,408.0,0.34,0.0,0.0,9.512,4.927,83.26,8.46,83.26,84.555,16.74,1.54,11.57,26.53,75.902,71.458,7.58,4.55,14.87,2.18,44.923,20.15,100.0,35.851,False,,0.6,66.172,0.34,0.34,0.34,0.021,0.34,0.0,-0.16,5.122,53.0,1.1,88.492,86.007,79.175,74.522,48.358,100.0,42.018,75.0,35.98,100.0,90.649,99.953,96.573,63.083,100.0,100.0,6.5,8.099,94.133,89.552,36.33,NORMAL
324,2026-06-04 09:00:00+00:00,9,3,0.707107,-0.707107,0.433884,-0.900969,False,False,MORNING,4.0,10.0,14.0,28.0,46.0,402.0,0.0,0.03,0.0304,7.288,3.333,84.08,8.62,84.082,86.224,15.92,1.38,11.81,27.05,74.964,70.633,7.73,4.59,14.68,2.22,45.624,20.31,100.0,34.49,False,,0.0,66.321,-0.34,0.0,0.0,0.021,0.34,4.0,0.32,5.078,58.0,6.63,92.765,87.763,85.803,83.233,52.118,100.0,76.899,69.0,44.04,100.0,91.204,100.0,100.0,67.256,100.0,100.0,6.648,6.662,93.008,89.661,36.01,NORMAL
325,2026-06-04 09:15:00+00:00,9,3,0.707107,-0.707107,0.433884,-0.900969,False,False,MORNING,7.0,11.0,19.0,33.0,53.0,394.0,1.76,0.0,0.0,8.803,4.047,85.11,8.79,85.106,87.874,14.89,1.21,11.85,27.16,76.277,71.882,7.8,4.7,14.49,2.25,46.316,20.95,100.0,45.712,False,,3.2,68.372,1.76,1.42,1.76,0.131,1.76,9.0,1.12,5.678,59.0,17.74,97.349,88.655,90.983,88.117,55.554,100.0,100.0,62.0,49.27,100.0,91.559,100.0,100.0,71.116,100.0,100.0,6.627,8.227,92.176,89.344,35.85,NORMAL
326,2026-06-04 09:30:00+00:00,9,3,0.707107,-0.707107,0.433884,-0.900969,False,False,MORNING,2.0,9.0,19.0,35.0,54.0,384.0,0.0,0.16,0.1584,6.317,4.642,85.6,8.71,85.603,87.094,14.4,1.29,11.97,27.41,75.278,70.968,8.2,4.72,14.07,2.33,47.871,20.79,100.0,34.838,False,,0.0,67.109,-1.76,0.0,0.0,0.131,1.76,11.0,1.12,5.198,52.0,30.17,100.0,89.765,100.0,99.326,60.356,100.0,100.0,54.0,50.6,100.0,91.77,100.0,100.0,74.039,100.0,100.0,6.758,7.059,91.714,89.315,36.17,NORMAL
327,2026-06-04 09:45:00+00:00,9,3,0.707107,-0.707107,0.433884,-0.900969,False,False,MORNING,6.0,8.0,19.0,41.0,60.0,378.0,1.1,0.0,0.0,8.226,6.052,86.01,8.85,86.007,88.492,13.99,1.15,11.5,26.38,79.175,74.522,8.27,4.79,13.94,2.35,48.358,21.27,100.0,42.018,False,,2.1,69.12,1.1,-0.6599999999999999,0.76,0.2,1.76,8.0,1.12,5.592,40.0,35.98,100.0,90.649,99.953,96.573,63.083,100.0,100.0,50.0,54.99,100.0,91.805,100.0,100.0,75.121,100.0,100.0,6.776,7.03,91.322,89.291,36.17,NORMAL
328,2026-06-04 10:00:00+00:00,10,3,0.5,-0.866025,0.433884,-0.900969,False,False,MORNING,12.0,18.0,27.0,51.0,69.0,377.0,6.63,0.13,0.0202,13.719,4.985,87.76,9.28,87.763,92.765,12.24,0.72,11.97,27.41,85.803,83.233,8.98,5.09,12.93,2.53,52.118,22.71,100.0,76.899,True,FESTIVAL_ACCIDENTS,9.7,76.079,5.529999999999999,6.63,6.63,0.614,6.63,13.0,2.4,7.335,38.0,44.04,100.0,91.204,100.0,100.0,67.256,100.0,100.0,43.0,57.4,100.0,91.853,100.0,100.0,76.835,100.0,100.0,6.792,8.232,90.886,88.974,36.01,MODERATE
329,2026-06-04 10:15:00+00:00,10,3,0.5,-0.866025,0.433884,-0.900969,False,False,MORNING,17.0,29.0,37.0,66.0,85.0,379.0,17.74,0.81,0.0454,12.491,7.088,88.66,9.73,88.655,97.349,11.34,0.27,11.97,27.41,90.983,88.117,9.2,5.8,12.0,2.7,55.554,24.95,100.0,100.0,True,FESTIVAL_ACCIDENTS,28.6,85.819,11.11,16.639999999999997,15.979999999999999,1.723,17.74,18.0,4.0,10.672,32.0,49.27,100.0,91.559,100.0,100.0,71.116,100.0,100.0,40.0,60.0,100.0,92.179,100.0,100.0,77.102,100.0,100.0,6.916,6.34,91.471,89.06,35.53,HIGH
330,2026-06-04 10:30:00+00:00,10,3,0.5,-0.866025,0.433884,-0.900969,False,False,MORNING,18.0,35.0,53.0,80.0,101.0,388.0,30.17,2.16,0.0714,11.798,6.058,89.77,10.0,89.765,100.0,10.23,0.0,11.2,25.72,100.0,99.326,9.43,6.87,10.7,2.93,60.356,27.36,100.0,100.0,True,FESTIVAL_ACCIDENTS,51.5,94.099,12.430000000000003,23.540000000000003,30.17,3.609,30.17,34.0,6.57,14.382,31.0,50.6,100.0,91.77,100.0,100.0,74.039,100.0,100.0,35.0,60.0,100.0,91.91,100.0,100.0,77.561,100.0,100.0,6.875,6.615,91.303,89.142,35.7,HIGH
331,2026-06-04 10:45:00+00:00,10,3,0.5,-0.866025,0.433884,-0.900969,False,False,MORNING,11.0,29.0,58.0,88.0,110.0,387.0,35.98,3.67,0.1019,11.023,6.519,90.65,10.0,90.649,100.0,9.35,0.0,11.97,27.41,99.953,96.573,9.14,7.9,9.97,3.07,63.083,28.64,100.0,100.0,True,FESTIVAL_ACCIDENTS,65.7,94.203,5.809999999999995,18.24,34.879999999999995,5.858,35.98,39.0,7.37,16.155,35.0,54.99,100.0,91.805,100.0,100.0,75.121,100.0,100.0,31.0,60.0,100.0,92.128,100.0,100.0,79.48,100.0,100.0,6.847,9.23,91.989,88.478,35.7,HIGH
332,2026-06-04 11:00:00+00:00,11,3,0.258819,-0.965926,0.433884,-0.900969,False,False,MORNING,13.0,24.0,59.0,100.0,122.0,386.0,44.04,4.37,0.0993,10.467,7.978,91.2,10.0,91.204,100.0,8.8,0.0,10.49,24.16,100.0,100.0,9.44,8.72,8.84,3.27,67.256,30.24,100.0,100.0,True,FESTIVAL_ACCIDENTS,84.7,95.118,8.060000000000002,13.869999999999997,37.41,8.61,44.04,32.0,7.53,18.57,31.0,57.4,100.0,91.853,100.0,100.0,76.835,100.0,100.0,27.0,60.0,98.59,91.815,100.0,100.0,79.298,100.0,100.0,7.081,6.291,91.688,88.705,35.54,CRITICAL
333,2026-06-04 11:15:00+00:00,11,3,0.258819,-0.965926,0.433884,-0.900969,False,False,MORNING,10.0,23.0,52.0,108.0,131.0,386.0,49.27,5.35,0.1086,10.117,8.347,91.56,10.0,91.559,100.0,8.44,0.0,11.25,25.83,100.0,100.0,9.83,9.37,7.8,3.46,71.116,31.36,100.0,100.0,True,FESTIVAL_ACCIDENTS,98.1,95.543,5.230000000000004,13.290000000000006,31.530000000000005,11.689,49.27,15.0,6.41,20.158,30.0,60.0,100.0,92.179,100.0,100.0,77.102,100.0,100.0,22.0,58.59,96.742,91.544,100.0,100.0,78.215,100.0,100.0,7.002,6.45,91.819,88.83,35.22,CRITICAL
334,2026-06-04 11:30:00+00:00,11,3,0.258819,-0.965926,0.433884,-0.900969,False,False,MORNING,6.0,16.0,40.0,112.0,137.0,386.0,50.6,5.99,0.1183,9.894,9.047,91.77,10.0,91.77,100.0,8.23,0.0,11.97,27.41,100.0,100.0,10.09,9.9,7.01,3.6,74.039,31.84,100.0,100.0,True,FESTIVAL_ACCIDENTS,103.0,95.853,1.3299999999999983,6.560000000000002,20.43,14.852,50.6,-13.0,4.48,20.61,23.0,60.0,100.0,91.91,100.0,100.0,77.561,100.0,100.0,22.0,57.09,96.141,91.139,100.0,100.0,77.491,100.0,100.0,6.954,6.723,92.304,88.84,35.54,CRITICAL
335,2026-06-04 11:45:00+00:00,11,3,0.258819,-0.965926,0.433884,-0.900969,False,False,MORNING,9.0,15.0,38.0,115.0,142.0,386.0,54.99,6.15,0.1118,9.761,9.001,91.8,10.0,91.805,100.0,8.2,0.0,9.27,21.48,100.0,100.0,9.96,10.32,6.72,3.65,75.121,32.8,100.0,100.0,True,FESTIVAL_ACCIDENTS,113.5,95.958,4.390000000000001,5.719999999999999,19.010000000000005,18.289,54.99,-20.0,4.16,21.947,15.0,60.0,100.0,92.128,100.0,100.0,79.48,100.0,100.0,25.0,55.5,94.731,90.859,100.0,96.032,78.254,100.0,100.0,6.942,7.056,91.848,88.857,35.7,CRITICAL
336,2026-06-04 12:00:00+00:00,12,3,0.0,-1.0,0.433884,-0.900969,False,False,MORNING,7.0,16.0,32.0,118.0,146.0,383.0,57.4,6.68,0.1164,9.739,9.096,91.85,10.0,91.853,100.0,8.15,0.0,11.97,27.41,100.0,100.0,10.09,10.65,6.25,3.73,76.835,33.44,100.0,100.0,True,FESTIVAL_ACCIDENTS,118.7,96.123,2.4099999999999966,6.799999999999997,13.36,21.876,57.4,-27.0,3.2,22.71,12.0,60.0,98.59,91.815,100.0,100.0,79.298,100.0,100.0,26.0,55.84,94.401,90.262,100.0,100.0,79.216,100.0,100.0,6.944,6.386,92.033,88.978,35.22,CRITICAL
337,2026-06-04 12:15:00+00:00,12,3,0.0,-1.0,0.433884,-0.900969,False,False,MORNING,9.0,16.0,31.0,120.0,153.0,387.0,60.0,6.97,0.1162,9.709,7.819,92.18,10.0,92.179,100.0,7.82,0.0,10.98,25.23,100.0,100.0,9.89,10.92,6.18,3.75,77.102,34.4,100.0,100.0,True,FESTIVAL_ACCIDENTS,124.5,96.219,2.6000000000000014,5.009999999999998,10.729999999999997,25.626,60.0,-21.0,3.04,23.6,10.0,58.59,96.742,91.544,100.0,100.0,78.215,100.0,100.0,24.0,56.04,94.785,90.025,100.0,100.0,78.794,100.0,100.0,6.896,7.891,91.753,88.757,35.22,CRITICAL
338,2026-06-04 12:30:00+00:00,12,3,0.0,-1.0,0.433884,-0.900969,False,False,MORNING,10.0,19.0,35.0,128.0,163.0,387.0,60.0,7.29,0.1215,9.504,10.072,91.91,10.0,91.91,100.0,8.09,0.0,11.97,27.41,100.0,100.0,9.8,11.14,6.06,3.77,77.561,35.52,100.0,100.0,True,FESTIVAL_ACCIDENTS,127.2,96.201,0.0,2.6000000000000014,9.399999999999999,29.376,60.0,-5.0,3.68,23.88,12.0,57.09,96.141,91.139,100.0,100.0,77.491,100.0,100.0,20.0,58.2,94.101,89.955,100.0,100.0,78.951,100.0,100.0,6.982,6.545,91.645,88.877,35.54,CRITICAL
339,2026-06-04 12:45:00+00:00,12,3,0.0,-1.0,0.433884,-0.900969,False,False,MORNING,5.0,15.0,31.0,127.0,168.0,382.0,60.0,7.29,0.1215,9.673,8.402,92.13,10.0,92.128,100.0,7.87,0.0,11.61,26.63,100.0,100.0,10.15,11.31,5.54,3.86,79.48,35.84,100.0,100.0,True,FESTIVAL_ACCIDENTS,124.9,96.421,0.0,0.0,5.009999999999998,33.105,60.0,-7.0,3.04,23.96,16.0,55.5,94.731,90.859,100.0,96.032,78.254,100.0,100.0,18.0,55.33,94.133,89.552,100.0,100.0,78.264,100.0,100.0,6.939,7.315,91.568,88.791,35.38,CRITICAL
340,2026-06-04 13:00:00+00:00,13,3,-0.258819,-0.965926,0.433884,-0.900969,False,False,MORNING,6.0,11.0,30.0,121.0,172.0,380.0,60.0,5.4,0.09,5.598,7.412,91.82,9.86,91.815,98.59,8.18,0.14,11.21,25.74,100.0,100.0,9.96,11.45,5.59,3.85,79.298,36.32,100.0,100.0,False,,171.1,96.054,0.0,0.0,2.6000000000000014,36.855,60.0,-2.0,2.88,24.08,15.0,55.84,94.401,90.262,100.0,100.0,79.216,100.0,100.0,20.0,52.37,93.008,89.661,100.0,100.0,74.77,100.0,100.0,6.973,7.164,92.567,88.643,35.86,CRITICAL
341,2026-06-04 13:15:00+00:00,13,3,-0.258819,-0.965926,0.433884,-0.900969,False,False,MORNING,2.0,8.0,23.0,106.0,172.0,372.0,58.59,5.4,0.0922,5.737,7.562,91.54,9.67,91.544,96.742,8.46,0.33,11.4,26.15,100.0,100.0,9.56,11.56,5.88,3.8,78.215,36.16,100.0,100.0,False,,163.0,95.527,-1.4099999999999966,-1.4099999999999966,-1.4099999999999966,40.407,60.0,-8.0,1.76,23.688,12.0,56.04,94.785,90.025,100.0,100.0,78.794,100.0,100.0,21.0,50.43,92.176,89.344,100.0,100.0,74.961,100.0,100.0,7.01,6.554,92.558,88.758,35.87,CRITICAL
342,2026-06-04 13:30:00+00:00,13,3,-0.258819,-0.965926,0.433884,-0.900969,False,False,MORNING,2.0,4.0,15.0,90.0,170.0,365.0,57.09,5.27,0.0924,5.868,7.729,91.14,9.61,91.139,96.141,8.86,0.39,11.04,25.36,100.0,100.0,9.28,11.65,6.08,3.77,77.491,36.01,100.0,100.0,False,,155.3,95.253,-1.5,-2.9099999999999966,-2.9099999999999966,43.975,60.0,-20.0,0.49,23.275,10.0,58.2,94.101,89.955,100.0,100.0,78.951,100.0,100.0,20.0,51.4,91.714,89.315,100.0,100.0,73.537,100.0,100.0,6.968,8.354,93.173,88.35,35.87,CRITICAL
343,2026-06-04 13:45:00+00:00,13,3,-0.258819,-0.965926,0.433884,-0.900969,False,False,MORNING,2.0,4.0,12.0,81.0,169.0,360.0,55.5,5.14,0.0926,6.028,7.71,90.86,9.47,90.859,94.731,9.14,0.53,11.97,27.41,100.0,96.032,9.41,11.72,5.87,3.8,78.254,35.85,100.0,100.0,False,,147.0,94.502,-1.5900000000000034,-3.0900000000000034,-4.5,47.375,60.0,-19.0,0.01,22.838,9.0,55.33,94.133,89.552,100.0,100.0,78.264,100.0,100.0,20.0,50.37,91.322,89.291,100.0,100.0,74.177,100.0,100.0,7.109,6.389,93.317,88.515,36.03,HIGH
344,2026-06-04 14:00:00+00:00,14,3,-0.5,-0.866025,0.433884,-0.900969,False,False,EVENING,4.0,6.0,10.0,72.0,172.0,355.0,55.84,5.0,0.0895,6.155,8.675,90.26,9.44,90.262,94.401,9.74,0.56,9.78,22.24,100.0,100.0,9.61,11.77,5.61,3.85,79.216,36.01,100.0,100.0,False,,144.8,94.867,0.3400000000000034,-1.25,-4.159999999999997,50.451,60.0,-20.0,-0.31,22.962,11.0,52.37,93.008,89.661,100.0,100.0,74.77,100.0,100.0,21.0,48.33,90.886,88.974,100.0,100.0,74.439,100.0,100.0,7.045,5.835,93.642,88.785,35.87,HIGH
345,2026-06-04 14:15:00+00:00,14,3,-0.5,-0.866025,0.433884,-0.900969,False,False,EVENING,4.0,8.0,12.0,66.0,174.0,353.0,56.04,5.03,0.0897,6.381,7.174,90.03,9.48,90.025,94.785,9.97,0.52,8.64,19.72,100.0,100.0,9.45,11.82,5.73,3.83,78.794,36.17,100.0,100.0,False,,140.2,94.854,0.19999999999999574,0.5399999999999991,-2.5500000000000043,52.844,60.0,-11.0,0.01,23.053,12.0,50.43,92.176,89.344,100.0,100.0,74.961,100.0,100.0,19.0,44.21,91.471,89.06,100.0,100.0,73.913,100.0,100.0,6.94,5.659,93.202,89.149,36.03,HIGH
346,2026-06-04 14:30:00+00:00,14,3,-0.5,-0.866025,0.433884,-0.900969,False,False,EVENING,6.0,10.0,16.0,66.0,178.0,349.0,58.2,5.04,0.0867,6.462,7.016,89.96,9.41,89.955,94.101,10.04,0.59,9.67,21.99,100.0,100.0,9.46,11.86,5.68,3.84,78.951,36.65,100.0,100.0,False,,143.7,94.716,2.1600000000000037,2.3599999999999994,1.1099999999999994,54.596,60.0,1.0,0.64,23.712,10.0,51.4,91.714,89.315,100.0,100.0,73.537,100.0,100.0,22.0,44.12,91.303,89.142,100.0,100.0,73.86,100.0,100.0,6.813,7.054,92.336,89.176,35.71,HIGH
347,2026-06-04 14:45:00+00:00,14,3,-0.5,-0.866025,0.433884,-0.900969,False,False,EVENING,1.0,7.0,15.0,58.0,173.0,340.0,55.33,5.24,0.0947,6.5,8.099,89.55,9.41,89.552,94.133,10.45,0.59,9.22,21.01,100.0,100.0,9.25,11.88,5.87,3.8,78.264,36.33,100.0,100.0,False,,135.9,94.572,-2.8700000000000045,-0.7100000000000009,-0.1700000000000017,55.806,60.0,3.0,0.48,22.915,9.0,50.37,91.322,89.291,100.0,100.0,74.177,100.0,100.0,23.0,43.04,91.989,88.478,100.0,100.0,73.852,100.0,100.0,6.817,5.222,92.076,89.601,35.55,HIGH
348,2026-06-04 15:00:00+00:00,15,3,-0.707107,-0.707107,0.433884,-0.900969,False,False,EVENING,1.0,2.0,12.0,52.0,170.0,332.0,52.37,4.98,0.0951,6.648,6.662,89.66,9.3,89.661,93.008,10.34,0.7,10.26,23.29,100.0,100.0,8.28,11.91,6.81,3.63,74.77,36.01,100.0,100.0,False,,125.7,94.056,-2.960000000000001,-5.830000000000005,-3.470000000000006,56.326,60.0,2.0,0.0,22.095,9.0,48.33,90.886,88.974,100.0,100.0,74.439,100.0,100.0,22.0,40.83,91.688,88.705,100.0,100.0,73.802,100.0,100.0,6.665,6.766,92.664,89.516,35.55,HIGH
349,2026-06-04 15:15:00+00:00,15,3,-0.707107,-0.707107,0.433884,-0.900969,False,False,EVENING,2.0,3.0,10.0,45.0,165.0,331.0,50.43,4.71,0.0935,6.627,8.227,89.34,9.22,89.344,92.176,10.66,0.78,7.9,18.11,100.0,100.0,8.31,11.93,6.76,3.64,74.961,35.85,100.0,100.0,False,,121.4,93.837,-1.9399999999999977,-4.899999999999999,-5.609999999999999,56.399,60.0,-2.0,-0.32,21.57,9.0,44.21,91.471,89.06,100.0,100.0,73.913,100.0,100.0,26.0,37.66,91.819,88.83,100.0,100.0,73.02,100.0,100.0,6.686,6.803,92.57,89.496,36.03,HIGH
350,2026-06-04 15:30:00+00:00,15,3,-0.707107,-0.707107,0.433884,-0.900969,False,False,EVENING,5.0,7.0,9.0,40.0,168.0,328.0,51.4,4.54,0.0883,6.758,7.059,89.32,9.17,89.315,91.714,10.68,0.83,8.32,19.02,100.0,100.0,7.91,11.94,7.14,3.57,73.537,36.17,100.0,100.0,False,,121.4,93.61,0.9699999999999989,-0.9699999999999989,-6.800000000000004,56.449,60.0,-7.0,-0.48,21.892,10.0,44.12,91.303,89.142,100.0,100.0,73.86,100.0,100.0,28.0,38.52,92.304,88.84,100.0,100.0,74.805,100.0,100.0,6.695,8.04,92.936,89.124,36.35,HIGH
351,2026-06-04 15:45:00+00:00,15,3,-0.707107,-0.707107,0.433884,-0.900969,False,False,EVENING,3.0,8.0,11.0,38.0,165.0,324.0,50.37,4.63,0.0918,6.776,7.03,89.29,9.13,89.291,91.322,10.71,0.87,8.76,19.99,100.0,100.0,8.08,11.95,6.97,3.6,74.177,36.17,100.0,100.0,False,,118.6,93.584,-1.0300000000000011,-0.060000000000002274,-4.960000000000001,56.16,60.0,-4.0,-0.16,21.635,11.0,43.04,91.989,88.478,100.0,100.0,73.852,100.0,100.0,26.0,38.39,91.848,88.857,100.0,100.0,75.254,100.0,100.0,6.827,6.361,92.719,89.262,36.19,HIGH
352,2026-06-04 16:00:00+00:00,16,3,-0.866025,-0.5,0.433884,-0.900969,False,False,EVENING,2.0,5.0,12.0,34.0,155.0,324.0,48.33,4.53,0.0938,6.792,8.232,88.97,9.09,88.974,90.886,11.03,0.91,10.26,23.29,100.0,100.0,8.14,11.96,6.9,3.62,74.439,36.01,100.0,100.0,False,,113.6,93.451,-2.039999999999999,-3.0700000000000003,-4.039999999999999,55.593,60.0,0.0,0.0,21.085,12.0,40.83,91.688,88.705,100.0,100.0,73.802,100.0,100.0,26.0,34.25,92.033,88.978,100.0,100.0,73.409,100.0,100.0,6.779,7.688,91.939,89.113,36.35,HIGH
353,2026-06-04 16:15:00+00:00,16,3,-0.866025,-0.5,0.433884,-0.900969,False,False,EVENING,0.0,2.0,10.0,32.0,138.0,322.0,44.21,4.35,0.0984,6.916,6.34,89.06,9.15,89.06,91.471,10.94,0.85,9.7,22.07,100.0,100.0,7.99,11.97,7.04,3.59,73.913,35.53,100.0,100.0,False,,102.0,93.54,-4.119999999999997,-6.159999999999997,-6.219999999999999,54.606,60.0,0.0,-0.32,19.935,10.0,37.66,91.819,88.83,100.0,100.0,73.02,100.0,100.0,28.0,33.15,91.753,88.757,100.0,100.0,75.893,100.0,100.0,6.847,5.947,91.401,89.392,36.04,HIGH
354,2026-06-04 16:30:00+00:00,16,3,-0.866025,-0.5,0.433884,-0.900969,False,False,EVENING,4.0,4.0,9.0,34.0,124.0,321.0,44.12,3.98,0.0902,6.875,6.615,89.14,9.13,89.142,91.303,10.86,0.87,10.02,22.75,100.0,100.0,7.97,11.98,7.06,3.59,73.86,35.7,100.0,100.0,False,,102.4,93.519,-0.09000000000000341,-4.210000000000001,-7.280000000000001,53.614,60.0,0.0,-0.47,19.955,12.0,38.52,92.304,88.84,100.0,100.0,74.805,100.0,100.0,29.0,33.99,91.645,88.877,100.0,100.0,77.012,100.0,100.0,6.753,7.176,92.195,89.206,35.72,HIGH
355,2026-06-04 16:45:00+00:00,16,3,-0.866025,-0.5,0.433884,-0.900969,False,False,EVENING,3.0,7.0,9.0,35.0,116.0,321.0,43.04,3.97,0.0922,6.847,9.23,88.48,9.2,88.478,91.989,11.52,0.8,10.26,23.29,100.0,100.0,7.96,11.98,7.06,3.59,73.852,35.7,100.0,100.0,False,,100.3,93.51,-1.0799999999999983,-1.1700000000000017,-7.329999999999998,52.554,60.0,-2.0,-0.47,19.685,12.0,38.39,91.848,88.857,100.0,100.0,75.254,100.0,100.0,25.0,31.86,91.568,88.791,100.0,100.0,76.632,100.0,100.0,6.808,6.833,91.975,89.222,35.56,HIGH
356,2026-06-04 17:00:00+00:00,17,3,-0.965926,-0.258819,0.433884,-0.900969,False,False,EVENING,2.0,5.0,9.0,33.0,105.0,321.0,40.83,3.87,0.0949,7.081,6.291,88.71,9.17,88.705,91.688,11.29,0.83,10.26,23.29,100.0,100.0,7.94,11.98,7.07,3.59,73.802,35.54,100.0,100.0,False,,92.0,93.495,-2.210000000000001,-3.289999999999999,-7.5,51.356,58.59,-3.0,-0.47,19.092,10.0,34.25,92.033,88.978,100.0,100.0,73.409,100.0,100.0,25.0,33.71,92.567,88.643,100.0,100.0,76.961,100.0,100.0,6.806,6.91,91.162,89.278,35.24,HIGH
357,2026-06-04 17:15:00+00:00,17,3,-0.965926,-0.258819,0.433884,-0.900969,False,False,EVENING,1.0,3.0,10.0,30.0,96.0,319.0,37.66,3.67,0.0976,7.002,6.45,88.83,9.18,88.83,91.819,11.17,0.82,9.44,21.49,100.0,100.0,7.76,11.95,7.28,3.55,73.02,35.22,100.0,100.0,False,,85.8,93.478,-3.1700000000000017,-5.380000000000003,-6.550000000000004,50.048,58.2,0.0,-0.31,18.22,16.0,33.15,91.753,88.757,100.0,100.0,75.893,100.0,100.0,22.0,32.54,92.558,88.758,100.0,100.0,76.247,100.0,100.0,6.799,6.38,90.772,89.421,35.08,HIGH
358,2026-06-04 17:30:00+00:00,17,3,-0.965926,-0.258819,0.433884,-0.900969,False,False,EVENING,5.0,6.0,11.0,29.0,95.0,322.0,38.52,3.39,0.088,6.954,6.723,88.84,9.23,88.84,92.304,11.16,0.77,9.86,22.42,100.0,100.0,8.23,11.96,6.8,3.64,74.805,35.54,100.0,100.0,False,,88.4,93.738,0.8600000000000065,-2.309999999999995,-5.599999999999994,48.887,58.2,2.0,-0.16,18.515,16.0,33.99,91.645,88.877,100.0,100.0,77.012,100.0,100.0,25.0,31.39,93.173,88.35,100.0,99.991,75.99,100.0,100.0,6.753,6.902,91.039,89.357,34.6,HIGH
359,2026-06-04 17:45:00+00:00,17,3,-0.965926,-0.258819,0.433884,-0.900969,False,False,EVENING,4.0,9.0,12.0,32.0,90.0,323.0,38.39,3.47,0.0903,6.942,7.056,88.86,9.18,88.857,91.848,11.14,0.82,10.26,23.29,100.0,100.0,8.36,11.96,6.68,3.66,75.254,35.7,100.0,100.0,False,,88.3,93.691,-0.13000000000000256,0.730000000000004,-4.649999999999999,47.818,58.2,3.0,0.0,18.522,14.0,31.86,91.568,88.791,100.0,100.0,76.632,100.0,100.0,27.0,31.16,93.317,88.515,100.0,100.0,74.068,100.0,100.0,6.772,8.005,91.021,89.051,34.12,HIGH
360,2026-06-04 18:00:00+00:00,18,3,-1.0,-0.0,0.433884,-0.900969,False,False,EVENING,0.0,4.0,10.0,31.0,83.0,321.0,34.25,3.45,0.1009,6.944,6.386,88.98,9.2,88.978,92.033,11.02,0.8,10.26,23.29,100.0,100.0,8.0,11.82,7.18,3.57,73.409,35.22,100.0,100.0,False,,78.7,93.589,-4.140000000000001,-4.270000000000003,-6.579999999999998,46.468,58.2,1.0,-0.32,17.368,16.0,33.71,92.567,88.643,100.0,100.0,76.961,100.0,100.0,25.0,28.97,93.642,88.785,100.0,99.876,75.219,100.0,100.0,5.704,6.189,90.126,89.019,33.8,HIGH
361,2026-06-04 18:15:00+00:00,18,3,-1.0,-0.0,0.433884,-0.900969,False,False,EVENING,3.0,3.0,12.0,32.0,77.0,322.0,33.15,3.08,0.093,6.896,7.891,88.76,9.18,88.757,91.753,11.24,0.82,10.15,23.06,100.0,100.0,8.84,11.66,6.51,3.69,75.893,35.22,100.0,100.0,False,,76.7,93.708,-1.1000000000000014,-5.240000000000002,-4.509999999999998,45.038,58.2,2.0,0.0,17.092,12.0,32.54,92.558,88.758,100.0,100.0,76.247,100.0,100.0,27.0,28.84,93.202,89.149,100.0,99.65,75.367,100.0,100.0,1.68,7.665,88.399,87.696,33.48,HIGH
362,2026-06-04 18:30:00+00:00,18,3,-1.0,-0.0,0.433884,-0.900969,False,False,EVENING,5.0,8.0,12.0,32.0,72.0,325.0,33.99,2.98,0.0878,6.982,6.545,88.88,9.16,88.877,91.645,11.12,0.84,9.86,22.4,100.0,100.0,9.24,11.56,6.21,3.74,77.012,35.54,100.0,100.0,False,,77.7,93.813,0.8400000000000034,-0.259999999999998,-4.530000000000001,43.524,55.33,1.0,0.0,17.382,13.0,31.39,93.173,88.35,100.0,99.991,75.99,100.0,100.0,24.0,25.78,92.336,89.176,100.0,99.311,75.498,100.0,100.0,0.0,6.136,85.767,86.425,33.0,HIGH
363,2026-06-04 18:45:00+00:00,18,3,-1.0,-0.0,0.433884,-0.900969,False,False,EVENING,2.0,7.0,10.0,31.0,69.0,325.0,31.86,3.06,0.096,6.939,7.315,88.79,9.16,88.791,91.568,11.21,0.84,10.26,23.29,100.0,100.0,9.29,11.4,6.31,3.72,76.632,35.38,100.0,100.0,False,,73.3,93.745,-2.1300000000000026,-1.2899999999999991,-6.530000000000001,42.058,52.37,-2.0,-0.32,16.81,11.0,31.16,93.317,88.515,100.0,100.0,74.068,100.0,100.0,24.0,23.72,92.076,89.601,100.0,97.845,73.477,100.0,100.0,3.36,4.834,86.006,86.033,32.84,HIGH
364,2026-06-04 19:00:00+00:00,19,3,-0.965926,0.258819,0.433884,-0.900969,False,False,EVENING,6.0,8.0,16.0,35.0,69.0,328.0,33.71,2.87,0.0851,6.973,7.164,88.64,9.26,88.643,92.567,11.36,0.74,8.31,19.01,100.0,100.0,9.43,11.35,6.22,3.74,76.961,35.86,100.0,100.0,False,,77.2,93.941,1.8500000000000014,-0.28000000000000114,-0.5399999999999991,40.891,51.4,6.0,0.64,17.392,9.0,28.97,93.642,88.785,100.0,99.876,75.219,100.0,100.0,24.0,22.76,92.664,89.516,100.0,97.338,70.468,100.0,100.0,1.68,5.633,85.112,85.134,32.52,HIGH
365,2026-06-04 19:15:00+00:00,19,3,-0.965926,0.258819,0.433884,-0.900969,False,False,EVENING,3.0,9.0,16.0,38.0,70.0,326.0,32.54,3.03,0.0932,7.01,6.554,88.76,9.26,88.758,92.558,11.24,0.74,9.86,22.41,100.0,100.0,9.32,11.27,6.41,3.71,76.247,35.87,100.0,100.0,False,,74.1,93.901,-1.1700000000000017,0.6799999999999997,-0.6099999999999994,39.773,51.4,4.0,0.65,17.102,10.0,28.84,93.202,89.149,100.0,99.65,75.367,100.0,100.0,22.0,24.78,92.57,89.496,100.0,98.206,70.776,100.0,100.0,0.0,2.093,83.469,84.775,32.05,HIGH
366,2026-06-04 19:30:00+00:00,19,3,-0.965926,0.258819,0.433884,-0.900969,False,False,EVENING,3.0,6.0,14.0,37.0,71.0,328.0,31.39,2.93,0.0933,6.968,8.354,88.35,9.32,88.35,93.173,11.65,0.68,10.26,23.29,100.0,99.991,9.35,11.17,6.48,3.69,75.99,35.87,100.0,100.0,False,,71.9,93.91,-1.1499999999999986,-2.3200000000000003,-2.6000000000000014,38.522,50.37,2.0,0.33,16.815,12.0,25.78,92.336,89.176,100.0,99.311,75.498,100.0,100.0,18.0,25.79,92.936,89.124,100.0,98.288,70.142,100.0,100.0,1.68,6.646,82.876,83.593,31.73,HIGH
367,2026-06-04 19:45:00+00:00,19,3,-0.965926,0.258819,0.433884,-0.900969,False,False,EVENING,4.0,7.0,16.0,38.0,73.0,328.0,31.16,2.83,0.0907,7.109,6.389,88.52,9.33,88.515,93.317,11.48,0.67,8.87,20.24,100.0,100.0,8.91,11.09,7.0,3.6,74.068,36.03,100.0,100.0,False,,70.0,93.803,-0.23000000000000043,-1.379999999999999,-0.6999999999999993,37.322,48.33,6.0,0.65,16.798,16.0,23.72,92.076,89.601,100.0,97.845,73.477,100.0,100.0,13.0,23.73,92.719,89.262,100.0,97.516,68.622,100.0,100.0,0.0,4.782,82.054,82.479,31.25,HIGH
368,2026-06-04 20:00:00+00:00,20,3,-0.866025,0.5,0.433884,-0.900969,False,False,EVENING,2.0,6.0,12.0,38.0,71.0,327.0,28.97,2.8,0.0968,7.045,5.835,88.79,9.36,88.785,93.642,11.21,0.64,10.2,23.17,100.0,99.876,9.37,10.94,6.69,3.66,75.219,35.87,100.0,100.0,False,,65.6,94.016,-2.1900000000000013,-2.4200000000000017,-4.740000000000002,36.112,44.21,-4.0,0.01,16.21,16.0,22.76,92.664,89.516,100.0,97.338,70.468,100.0,100.0,11.0,23.69,91.939,89.113,100.0,100.0,67.441,100.0,100.0,1.68,3.189,81.034,82.204,30.93,HIGH
369,2026-06-04 20:15:00+00:00,20,3,-0.866025,0.5,0.433884,-0.900969,False,False,EVENING,4.0,6.0,13.0,41.0,71.0,328.0,28.84,2.61,0.0904,6.94,5.659,89.15,9.32,89.149,93.202,10.85,0.68,10.26,23.29,100.0,99.65,9.53,10.82,6.65,3.66,75.367,36.03,100.0,100.0,False,,66.3,93.994,-0.129999999999999,-2.3200000000000003,-3.6999999999999993,35.151,44.12,-3.0,0.16,16.218,17.0,24.78,92.57,89.496,100.0,98.206,70.776,100.0,100.0,8.0,20.62,91.401,89.392,100.0,100.0,66.169,100.0,100.0,1.68,4.064,80.466,81.665,30.61,HIGH
370,2026-06-04 20:30:00+00:00,20,3,-0.866025,0.5,0.433884,-0.900969,False,False,EVENING,1.0,5.0,11.0,37.0,66.0,325.0,25.78,2.6,0.1007,6.813,7.054,89.18,9.23,89.176,92.336,10.82,0.77,10.16,23.06,100.0,99.311,9.79,10.6,6.62,3.67,75.498,35.71,100.0,100.0,False,,60.4,93.798,-3.0599999999999987,-3.1899999999999977,-5.609999999999999,34.005,43.04,-3.0,-0.16,15.372,12.0,25.79,92.936,89.124,100.0,98.288,70.142,100.0,100.0,8.0,17.6,92.195,89.206,100.0,100.0,64.898,100.0,100.0,0.0,2.977,79.657,81.002,30.13,HIGH
371,2026-06-04 20:45:00+00:00,20,3,-0.866025,0.5,0.433884,-0.900969,False,False,EVENING,2.0,3.0,9.0,35.0,67.0,322.0,23.72,2.32,0.0978,6.817,5.222,89.6,9.21,89.601,92.076,10.4,0.79,10.26,23.29,100.0,97.845,9.49,10.34,7.16,3.57,73.477,35.55,100.0,100.0,False,,55.5,92.663,-2.0600000000000023,-5.120000000000001,-7.440000000000001,32.798,40.83,-7.0,-0.48,14.817,8.0,23.73,92.719,89.262,100.0,97.516,68.622,100.0,100.0,7.0,15.54,91.975,89.222,100.0,100.0,64.061,100.0,100.0,1.68,2.15,79.263,80.924,29.81,HIGH
372,2026-06-04 21:00:00+00:00,21,3,-0.707107,0.707107,0.433884,-0.900969,False,False,EVENING,3.0,5.0,10.0,38.0,69.0,322.0,22.76,2.14,0.0938,6.665,6.766,89.52,9.27,89.516,92.664,10.48,0.73,10.26,23.29,100.0,97.338,8.91,10.11,7.97,3.42,70.468,35.55,100.0,100.0,False,,54.5,91.815,-0.9599999999999973,-3.0199999999999996,-6.209999999999997,31.668,38.52,-2.0,-0.32,14.578,8.0,23.69,91.939,89.113,100.0,100.0,67.441,100.0,100.0,7.0,12.49,91.162,89.278,100.0,100.0,61.111,100.0,100.0,1.68,2.278,79.147,80.786,29.49,HIGH
373,2026-06-04 21:15:00+00:00,21,3,-0.707107,0.707107,0.433884,-0.900969,False,False,EVENING,6.0,9.0,12.0,41.0,73.0,326.0,24.78,2.05,0.0827,6.686,6.803,89.5,9.26,89.496,92.57,10.5,0.74,10.26,23.29,100.0,98.206,9.11,10.0,7.89,3.44,70.776,36.03,100.0,100.0,False,,59.1,93.217,2.0199999999999996,1.0600000000000023,-4.059999999999999,30.863,38.52,-1.0,0.0,15.202,5.0,20.62,91.401,89.392,100.0,100.0,66.169,100.0,100.0,7.0,10.45,90.772,89.421,100.0,100.0,59.64,100.0,98.983,3.36,0.777,79.42,81.404,29.33,HIGH
374,2026-06-04 21:30:00+00:00,21,3,-0.707107,0.707107,0.433884,-0.900969,False,False,EVENING,5.0,11.0,16.0,41.0,73.0,327.0,25.79,2.23,0.0865,6.695,8.04,89.12,9.29,89.124,92.936,10.88,0.71,10.26,23.29,100.0,98.288,8.99,9.95,8.06,3.41,70.142,36.35,100.0,100.0,False,,61.5,93.302,1.009999999999998,3.0299999999999976,0.00999999999999801,30.068,38.39,5.0,0.64,15.535,6.0,17.6,92.195,89.206,100.0,100.0,64.898,100.0,100.0,5.0,6.43,91.039,89.357,100.0,100.0,57.11,100.0,74.972,1.68,2.531,79.358,81.198,29.01,HIGH
375,2026-06-04 21:45:00+00:00,21,3,-0.707107,0.707107,0.433884,-0.900969,False,False,EVENING,2.0,7.0,16.0,41.0,72.0,327.0,23.73,2.32,0.0978,6.827,6.361,89.26,9.27,89.262,92.719,10.74,0.73,10.26,23.29,100.0,97.516,8.69,9.84,8.47,3.34,68.622,36.19,100.0,100.0,False,,55.5,92.247,-2.0599999999999987,-1.0500000000000007,0.010000000000001563,29.151,34.25,7.0,0.64,14.98,5.0,15.54,91.975,89.222,100.0,100.0,64.061,100.0,100.0,6.0,2.4,91.021,89.051,100.0,100.0,55.288,100.0,50.779,5.04,2.542,80.378,81.72,29.01,HIGH
376,2026-06-04 22:00:00+00:00,22,3,-0.5,0.866025,0.433884,-0.900969,False,False,NIGHT,4.0,6.0,17.0,39.0,74.0,330.0,23.69,2.14,0.0901,6.779,7.688,89.11,9.19,89.113,91.939,10.89,0.81,6.27,17.99,100.0,100.0,8.48,9.73,8.79,3.28,67.441,36.35,100.0,100.0,False,,55.8,92.224,-0.03999999999999915,-2.099999999999998,0.9299999999999997,28.491,33.99,7.0,0.8,15.01,3.0,12.49,91.162,89.278,100.0,100.0,61.111,100.0,100.0,6.0,0.0,90.126,89.019,100.0,100.0,54.192,100.0,36.05,6.72,2.062,82.937,82.629,29.17,HIGH
377,2026-06-04 22:15:00+00:00,22,3,-0.5,0.866025,0.433884,-0.900969,False,False,NIGHT,1.0,5.0,12.0,37.0,75.0,329.0,20.62,2.13,0.1034,6.847,5.947,89.39,9.14,89.392,91.401,10.61,0.86,6.27,17.99,100.0,100.0,8.33,9.53,9.13,3.22,66.169,36.04,100.0,100.0,False,,48.1,90.098,-3.0700000000000003,-3.1099999999999994,-4.16,27.708,33.99,0.0,0.01,14.165,3.0,10.45,90.772,89.421,100.0,100.0,59.64,100.0,98.983,6.0,0.0,88.399,87.696,100.0,100.0,49.58,100.0,35.359,3.36,4.61,83.88,82.222,29.02,HIGH
378,2026-06-04 22:30:00+00:00,22,3,-0.5,0.866025,0.433884,-0.900969,False,False,NIGHT,1.0,2.0,8.0,35.0,72.0,329.0,17.6,1.86,0.1054,6.753,7.176,89.21,9.22,89.206,92.195,10.79,0.78,6.27,17.99,100.0,100.0,8.25,9.27,9.48,3.15,64.898,35.72,100.0,100.0,False,,41.6,88.169,-3.0199999999999996,-6.09,-8.189999999999998,26.684,33.71,-8.0,-0.63,13.33,2.0,6.43,91.039,89.357,100.0,100.0,57.11,100.0,74.972,6.0,0.0,85.767,86.425,100.0,100.0,46.5,100.0,34.307,1.68,3.582,82.929,81.841,28.7,HIGH
379,2026-06-04 22:45:00+00:00,22,3,-0.5,0.866025,0.433884,-0.900969,False,False,NIGHT,2.0,3.0,8.0,33.0,71.0,330.0,15.54,1.58,0.1019,6.808,6.833,89.22,9.2,89.222,91.975,10.78,0.8,6.27,17.99,100.0,100.0,8.31,8.99,9.7,3.11,64.061,35.56,100.0,100.0,False,,36.4,86.735,-2.0600000000000023,-5.080000000000002,-8.190000000000001,25.664,33.71,-8.0,-0.63,12.775,2.0,2.4,91.021,89.051,100.0,100.0,55.288,100.0,50.779,6.0,0.0,86.006,86.033,100.0,100.0,45.404,100.0,34.402,3.36,4.046,82.361,81.727,28.54,HIGH
380,2026-06-04 23:00:00+00:00,23,3,-0.258819,0.965926,0.433884,-0.900969,False,False,NIGHT,1.0,3.0,5.0,32.0,70.0,326.0,12.49,1.4,0.112,6.806,6.91,89.28,9.12,89.278,91.162,10.72,0.88,6.27,17.99,100.0,100.0,7.85,8.65,10.5,2.97,61.111,35.24,100.0,100.0,False,,29.3,84.367,-3.049999999999999,-5.110000000000001,-11.200000000000001,24.338,32.54,-12.0,-1.11,11.933,4.0,0.0,90.126,89.019,100.0,100.0,54.192,100.0,36.05,5.0,0.0,85.112,85.134,100.0,100.0,45.315,100.0,34.045,1.68,3.896,81.632,81.246,28.22,MODERATE
381,2026-06-04 23:15:00+00:00,23,3,-0.258819,0.965926,0.433884,-0.900969,False,False,NIGHT,2.0,3.0,6.0,30.0,71.0,327.0,10.45,1.12,0.1076,6.799,6.38,89.42,9.08,89.421,90.772,10.58,0.92,5.73,16.8,100.0,100.0,7.81,8.29,10.9,2.9,59.64,35.08,100.0,98.983,False,,24.5,82.883,-2.040000000000001,-5.09,-10.170000000000002,22.957,31.39,-6.0,-0.96,11.382,4.0,0.0,88.399,87.696,100.0,100.0,49.58,100.0,35.359,5.0,0.0,83.469,84.775,100.0,100.0,46.025,100.0,33.388,1.68,2.951,81.935,80.898,27.9,MODERATE
382,2026-06-04 23:30:00+00:00,23,3,-0.258819,0.965926,0.433884,-0.900969,False,False,NIGHT,0.0,2.0,5.0,29.0,66.0,326.0,6.43,0.94,0.1463,6.753,6.902,89.36,9.1,89.357,91.039,10.64,0.9,5.24,15.72,100.0,100.0,7.55,7.87,11.58,2.78,57.11,34.6,100.0,74.972,False,,15.2,80.121,-4.02,-6.0600000000000005,-11.170000000000002,21.397,31.16,-3.0,-1.12,10.258,3.0,0.0,85.767,86.425,100.0,100.0,46.5,100.0,34.307,7.0,0.0,82.876,83.593,100.0,100.0,45.342,100.0,33.15,0.0,1.796,80.211,80.621,27.42,MODERATE
383,2026-06-04 23:45:00+00:00,23,3,-0.258819,0.965926,0.433884,-0.900969,False,False,NIGHT,0.0,0.0,3.0,27.0,62.0,323.0,2.4,0.58,0.2415,6.772,8.005,89.05,9.1,89.051,91.021,10.95,0.9,6.27,17.99,100.0,100.0,7.55,7.38,12.07,2.69,55.288,34.12,100.0,50.779,False,,5.6,77.307,-4.029999999999999,-8.049999999999999,-13.139999999999999,19.599,28.97,-5.0,-1.44,9.13,4.0,0.0,86.006,86.033,100.0,100.0,45.404,100.0,34.402,7.0,0.0,82.054,82.479,100.0,100.0,44.916,100.0,32.822,0.0,3.468,79.593,79.816,26.94,MODERATE
384,2026-06-05 00:00:00+00:00,0,4,0.0,1.0,-0.433884,-0.900969,False,False,NIGHT,1.0,1.0,3.0,25.0,63.0,324.0,0.0,0.22,0.2156,5.704,6.189,89.02,9.01,89.019,90.126,10.98,0.99,6.27,17.99,100.0,100.0,7.74,6.9,12.37,2.63,54.192,33.8,100.0,36.05,False,,0.0,75.487,-2.4,-6.43,-12.49,17.789,28.84,-2.0,-1.44,8.45,2.0,0.0,85.112,85.134,100.0,100.0,45.315,100.0,34.045,10.0,0.0,81.034,82.204,100.0,100.0,44.11,100.0,32.413,1.68,2.962,79.081,79.546,26.62,MODERATE
385,2026-06-05 00:15:00+00:00,0,4,0.0,1.0,-0.433884,-0.900969,False,False,NIGHT,1.0,2.0,2.0,20.0,61.0,325.0,0.0,0.0,0.0,1.68,7.665,87.7,8.84,87.696,88.399,12.3,1.16,6.27,17.99,100.0,100.0,6.9,6.49,13.61,2.41,49.58,33.48,100.0,35.359,False,,0.0,74.435,0.0,-2.4,-10.45,15.986,25.79,-4.0,-1.6,8.37,2.0,0.0,83.469,84.775,100.0,100.0,46.025,100.0,33.388,13.0,0.0,80.466,81.665,100.0,100.0,44.544,100.0,32.187,6.72,1.431,81.243,80.652,26.78,MODERATE
386,2026-06-05 00:30:00+00:00,0,4,0.0,1.0,-0.433884,-0.900969,False,False,NIGHT,0.0,1.0,2.0,15.0,56.0,324.0,0.0,0.0,0.0,0.0,6.136,86.43,8.58,86.425,85.767,13.57,1.42,6.27,17.99,100.0,100.0,6.42,6.13,14.44,2.26,46.5,33.0,100.0,34.307,False,,0.0,73.352,0.0,0.0,-6.43,14.375,25.79,-3.0,-1.6,8.25,3.0,0.0,82.876,83.593,100.0,100.0,45.342,100.0,33.15,14.0,0.0,79.657,81.002,100.0,100.0,42.932,100.0,31.863,1.68,2.457,81.647,80.418,26.46,MODERATE
387,2026-06-05 00:45:00+00:00,0,4,0.0,1.0,-0.433884,-0.900969,False,False,NIGHT,2.0,2.0,4.0,15.0,56.0,324.0,0.0,0.0,0.0,3.36,4.834,86.03,8.6,86.033,86.006,13.97,1.4,6.17,17.77,100.0,100.0,6.41,5.85,14.74,2.21,45.404,32.84,100.0,34.402,False,,0.0,73.215,0.0,0.0,-2.4,12.893,25.79,1.0,-1.28,8.21,2.0,0.0,82.054,82.479,100.0,100.0,44.916,100.0,32.822,15.0,0.0,79.263,80.924,100.0,100.0,42.151,100.0,31.705,0.0,3.142,80.342,79.763,25.98,MODERATE
388,2026-06-05 01:00:00+00:00,1,4,0.258819,0.965926,-0.433884,-0.900969,False,False,NIGHT,1.0,3.0,4.0,12.0,51.0,322.0,0.0,0.0,0.0,1.68,5.633,85.13,8.51,85.134,85.112,14.87,1.49,6.27,17.99,100.0,100.0,6.62,5.62,14.76,2.2,45.315,32.52,100.0,34.045,False,,0.0,72.83,0.0,0.0,0.0,11.47,25.79,1.0,-1.28,8.13,3.0,0.0,81.034,82.204,100.0,100.0,44.11,100.0,32.413,16.0,0.0,79.147,80.786,100.0,100.0,42.799,100.0,31.659,3.36,2.127,80.51,80.054,25.82,MODERATE
389,2026-06-05 01:15:00+00:00,1,4,0.258819,0.965926,-0.433884,-0.900969,False,False,NIGHT,0.0,1.0,3.0,11.0,48.0,322.0,0.0,0.0,0.0,0.0,2.093,84.77,8.35,84.775,83.469,15.23,1.65,6.27,17.99,100.0,100.0,7.01,5.41,14.57,2.24,46.025,32.05,100.0,33.388,False,,0.0,72.487,0.0,0.0,0.0,9.921,25.79,1.0,-1.43,8.012,3.0,0.0,80.466,81.665,100.0,100.0,44.544,100.0,32.187,16.0,0.0,79.42,81.404,100.0,100.0,42.225,100.0,31.768,1.68,0.374,80.205,80.411,25.51,MODERATE
390,2026-06-05 01:30:00+00:00,1,4,0.258819,0.965926,-0.433884,-0.900969,False,False,NIGHT,1.0,1.0,4.0,11.0,46.0,319.0,0.0,0.0,0.0,1.68,6.646,83.59,8.29,83.593,82.876,16.41,1.71,5.44,16.16,100.0,100.0,7.0,5.24,14.76,2.2,45.342,31.73,100.0,33.15,False,,0.0,72.046,0.0,0.0,0.0,8.309,23.73,2.0,-1.27,7.932,4.0,0.0,79.657,81.002,100.0,100.0,42.932,100.0,31.863,15.0,0.0,79.358,81.198,100.0,100.0,43.819,100.0,31.743,1.68,3.181,80.167,80.04,25.19,MODERATE
391,2026-06-05 01:45:00+00:00,1,4,0.258819,0.965926,-0.433884,-0.900969,False,False,NIGHT,0.0,1.0,2.0,9.0,42.0,318.0,0.0,0.0,0.0,0.0,4.782,82.48,8.21,82.479,82.054,17.52,1.79,6.27,17.99,100.0,100.0,7.03,5.1,14.87,2.18,44.916,31.25,100.0,32.822,False,,0.0,71.599,0.0,0.0,0.0,6.826,23.69,-2.0,-1.59,7.812,5.0,0.0,79.263,80.924,100.0,100.0,42.151,100.0,31.705,14.0,0.0,80.378,81.72,100.0,100.0,44.359,100.0,32.151,0.0,2.859,79.783,79.363,24.71,MODERATE
392,2026-06-05 02:00:00+00:00,2,4,0.5,0.866025,-0.433884,-0.900969,False,False,NIGHT,1.0,1.0,2.0,9.0,41.0,318.0,0.0,0.0,0.0,1.68,3.189,82.2,8.1,82.204,81.034,17.8,1.9,6.27,17.99,100.0,100.0,6.94,4.97,15.09,2.14,44.11,30.93,100.0,32.413,False,,0.0,71.262,0.0,0.0,0.0,5.346,20.62,-2.0,-1.59,7.732,7.0,0.0,79.147,80.786,100.0,100.0,42.799,100.0,31.659,11.0,0.0,82.937,82.629,100.0,100.0,46.788,100.0,33.175,3.36,2.001,79.615,79.72,24.55,MODERATE
393,2026-06-05 02:15:00+00:00,2,4,0.5,0.866025,-0.433884,-0.900969,False,False,NIGHT,1.0,2.0,3.0,8.0,38.0,318.0,0.0,0.0,0.0,1.68,4.064,81.66,8.05,81.665,80.466,18.34,1.95,6.19,17.83,100.0,100.0,7.17,4.86,14.97,2.16,44.544,30.61,100.0,32.187,False,,0.0,71.068,0.0,0.0,0.0,4.057,17.6,0.0,-1.44,7.652,10.0,0.0,79.42,81.404,100.0,100.0,42.225,100.0,31.768,8.0,0.0,83.88,82.222,100.0,100.0,48.536,100.0,33.552,1.68,3.417,79.258,79.321,24.23,MODERATE
394,2026-06-05 02:30:00+00:00,2,4,0.5,0.866025,-0.433884,-0.900969,False,False,NIGHT,0.0,1.0,2.0,8.0,37.0,317.0,0.0,0.0,0.0,0.0,2.977,81.0,7.97,81.002,79.657,19.0,2.03,5.13,15.48,100.0,100.0,6.83,4.76,15.41,2.09,42.932,30.13,100.0,31.863,False,,0.0,70.616,0.0,0.0,0.0,2.957,15.54,-2.0,-1.6,7.532,10.0,0.0,79.358,81.198,100.0,100.0,43.819,100.0,31.743,10.0,0.0,82.929,81.841,100.0,100.0,46.305,100.0,33.172,6.72,0.389,81.667,80.663,24.39,MODERATE
395,2026-06-05 02:45:00+00:00,2,4,0.5,0.866025,-0.433884,-0.900969,False,False,NIGHT,1.0,1.0,3.0,9.0,36.0,318.0,0.0,0.0,0.0,1.68,2.15,80.92,7.93,80.924,79.263,19.08,2.07,6.27,17.99,100.0,100.0,6.7,4.68,15.62,2.05,42.151,29.81,100.0,31.705,False,,0.0,70.449,0.0,0.0,0.0,1.986,12.49,1.0,-1.44,7.452,10.0,0.0,80.378,81.72,100.0,100.0,44.359,100.0,32.151,10.0,0.0,82.361,81.727,100.0,100.0,46.266,100.0,32.944,1.68,2.451,81.406,80.497,24.07,MODERATE
396,2026-06-05 03:00:00+00:00,3,4,0.707107,0.707107,-0.433884,-0.900969,False,False,NIGHT,1.0,2.0,3.0,9.0,34.0,319.0,0.0,0.0,0.0,1.68,2.278,80.79,7.91,80.786,79.147,19.21,2.09,6.27,17.99,100.0,100.0,6.94,4.62,15.44,2.08,42.799,29.49,100.0,31.659,False,,0.0,70.454,0.0,0.0,0.0,1.205,10.45,1.0,-1.44,7.372,9.0,0.0,82.937,82.629,100.0,100.0,46.788,100.0,33.175,8.0,0.0,81.632,81.246,100.0,100.0,45.198,100.0,32.653,5.04,2.92,83.015,80.866,24.07,MODERATE
397,2026-06-05 03:15:00+00:00,3,4,0.707107,0.707107,-0.433884,-0.900969,False,False,NIGHT,2.0,3.0,4.0,10.0,30.0,321.0,0.0,0.0,0.0,3.36,0.777,81.4,7.94,81.404,79.42,18.6,2.06,6.27,17.99,100.0,100.0,6.83,4.57,15.6,2.05,42.225,29.33,100.0,31.768,False,,0.0,70.593,0.0,0.0,0.0,0.552,6.43,1.0,-1.28,7.332,6.0,0.0,83.88,82.222,100.0,100.0,48.536,100.0,33.552,9.0,0.0,81.935,80.898,100.0,100.0,46.531,100.0,32.774,3.36,3.323,83.382,80.838,23.91,MODERATE
398,2026-06-05 03:30:00+00:00,3,4,0.707107,0.707107,-0.433884,-0.900969,False,False,NIGHT,1.0,3.0,5.0,11.0,26.0,321.0,0.0,0.0,0.0,1.68,2.531,81.2,7.94,81.198,79.358,18.8,2.06,6.2,17.83,100.0,100.0,7.3,4.53,15.17,2.13,43.819,29.01,100.0,31.743,False,,0.0,70.679,0.0,0.0,0.0,0.15,2.4,3.0,-1.12,7.252,5.0,0.0,82.929,81.841,100.0,100.0,46.305,100.0,33.172,9.0,0.0,80.211,80.621,100.0,100.0,46.652,100.0,32.085,8.4,1.581,84.933,82.388,24.23,MODERATE
399,2026-06-05 03:45:00+00:00,3,4,0.707107,0.707107,-0.433884,-0.900969,False,False,NIGHT,3.0,4.0,7.0,12.0,27.0,324.0,0.0,0.0,0.0,5.04,2.542,81.72,8.04,81.72,80.378,18.28,1.96,6.27,17.99,100.0,100.0,7.47,4.51,15.02,2.16,44.359,29.01,100.0,32.151,False,,0.0,71.046,0.0,0.0,0.0,0.0,0.0,4.0,-0.8,7.252,4.0,0.0,82.361,81.727,100.0,100.0,46.266,100.0,32.944,10.0,0.0,79.593,79.816,100.0,100.0,46.965,100.0,31.837,3.36,4.044,83.781,82.332,24.07,MODERATE
400,2026-06-05 04:00:00+00:00,4,4,0.866025,0.5,-0.433884,-0.900969,False,False,NIGHT,4.0,7.0,10.0,15.0,27.0,325.0,0.0,0.0,0.0,6.72,2.062,82.63,8.29,82.629,82.937,17.37,1.71,6.14,17.71,100.0,100.0,8.12,4.52,14.37,2.27,46.788,29.17,100.0,33.175,False,,0.0,71.977,0.0,0.0,0.0,0.0,0.0,7.0,-0.32,7.292,2.0,0.0,81.632,81.246,100.0,100.0,45.198,100.0,32.653,10.0,0.0,79.081,79.546,69.952,65.947,45.166,100.0,31.632,5.04,3.185,84.563,82.718,24.07,MODERATE
401,2026-06-05 04:15:00+00:00,4,4,0.866025,0.5,-0.433884,-0.900969,False,False,NIGHT,2.0,6.0,10.0,17.0,28.0,326.0,0.0,0.0,0.0,3.36,4.61,82.22,8.39,82.222,83.88,17.78,1.61,5.25,15.74,100.0,100.0,8.57,4.54,13.9,2.36,48.536,29.02,100.0,33.552,False,,0.0,72.233,0.0,0.0,0.0,0.0,0.0,6.0,-0.31,7.255,2.0,0.0,81.935,80.898,100.0,100.0,46.531,100.0,32.774,11.0,0.0,81.243,80.652,84.694,79.238,44.335,100.0,32.497,1.68,1.474,83.595,82.866,23.75,MODERATE
402,2026-06-05 04:30:00+00:00,4,4,0.866025,0.5,-0.433884,-0.900969,False,False,NIGHT,1.0,3.0,10.0,17.0,28.0,325.0,0.0,0.0,0.0,1.68,3.582,81.84,8.29,81.841,82.929,18.16,1.71,5.46,16.21,100.0,100.0,7.96,4.54,14.5,2.25,46.305,28.7,100.0,33.172,False,,0.0,71.758,0.0,0.0,0.0,0.0,0.0,5.0,-0.31,7.175,5.0,0.0,80.211,80.621,100.0,100.0,46.652,100.0,32.085,8.0,0.0,81.647,80.418,70.719,66.669,44.229,100.0,32.659,5.04,4.787,84.085,82.88,23.76,MODERATE
403,2026-06-05 04:45:00+00:00,4,4,0.866025,0.5,-0.433884,-0.900969,False,False,NIGHT,2.0,3.0,9.0,19.0,28.0,325.0,0.0,0.0,0.0,3.36,4.046,81.73,8.24,81.727,82.361,18.27,1.76,6.27,17.99,100.0,100.0,7.95,4.54,14.51,2.25,46.266,28.54,100.0,32.944,False,,0.0,71.616,0.0,0.0,0.0,0.0,0.0,2.0,-0.47,7.135,6.0,0.0,79.593,79.816,100.0,100.0,46.965,100.0,31.837,11.0,0.0,80.342,79.763,70.219,66.195,43.671,100.0,32.137,5.04,4.106,84.915,83.031,23.76,MODERATE
404,2026-06-05 05:00:00+00:00,5,4,0.965926,0.258819,-0.433884,-0.900969,False,False,NIGHT,1.0,3.0,6.0,19.0,28.0,325.0,0.0,0.0,0.0,1.68,3.896,81.25,8.16,81.246,81.632,18.75,1.84,6.27,17.99,100.0,100.0,7.67,4.53,14.8,2.2,45.198,28.22,100.0,32.653,False,,0.0,71.268,0.0,0.0,0.0,0.0,0.0,-4.0,-0.95,7.055,6.0,0.0,79.081,79.546,69.952,65.947,45.166,100.0,31.632,12.0,0.0,80.51,80.054,70.399,66.368,45.188,100.0,32.204,5.04,4.015,84.48,83.331,23.76,MODERATE
405,2026-06-05 05:15:00+00:00,5,4,0.965926,0.258819,-0.433884,-0.900969,False,False,NIGHT,1.0,2.0,5.0,19.0,27.0,325.0,0.0,0.0,0.0,1.68,2.951,80.9,8.19,80.898,81.935,19.1,1.81,5.5,16.3,100.0,100.0,8.04,4.52,14.44,2.26,46.531,27.9,100.0,32.774,False,,0.0,71.372,0.0,0.0,0.0,0.0,0.0,-5.0,-1.12,6.975,7.0,0.0,81.243,80.652,84.694,79.238,44.335,100.0,32.497,13.0,0.0,80.205,80.411,70.713,66.664,44.171,100.0,32.082,5.04,2.373,85.112,83.934,23.76,MODERATE
406,2026-06-05 05:30:00+00:00,5,4,0.965926,0.258819,-0.433884,-0.900969,False,False,NIGHT,0.0,1.0,4.0,19.0,27.0,325.0,0.0,0.0,0.0,0.0,1.796,80.62,8.02,80.621,80.211,19.38,1.98,5.15,15.53,100.0,100.0,8.09,4.5,14.4,2.27,46.652,27.42,100.0,32.085,False,,0.0,70.977,0.0,0.0,0.0,0.0,0.0,-6.0,-1.28,6.855,4.0,0.0,81.647,80.418,70.719,66.669,44.229,100.0,32.659,14.0,0.0,80.167,80.04,70.386,66.356,43.476,100.0,32.067,5.04,2.968,85.415,84.422,23.76,MODERATE
407,2026-06-05 05:45:00+00:00,5,4,0.965926,0.258819,-0.433884,-0.900969,False,False,NIGHT,0.0,0.0,2.0,18.0,27.0,321.0,0.0,0.0,0.0,0.0,3.468,79.82,7.96,79.816,79.593,20.18,2.04,6.27,17.99,100.0,100.0,8.2,4.48,14.32,2.28,46.965,26.94,100.0,31.837,False,,0.0,70.705,0.0,0.0,0.0,0.0,0.0,-7.0,-1.6,6.735,4.0,0.0,80.342,79.763,70.219,66.195,43.671,100.0,32.137,18.0,0.0,79.783,79.363,69.791,65.795,41.79,100.0,31.913,8.4,5.937,86.813,84.898,24.08,MODERATE
408,2026-06-05 06:00:00+00:00,6,4,1.0,0.0,-0.433884,-0.900969,False,False,MORNING,1.0,1.0,2.0,18.0,27.0,319.0,0.0,0.0,0.0,1.68,2.962,79.55,7.91,79.546,79.081,20.45,2.09,11.97,27.41,69.952,65.947,7.74,4.45,14.81,2.2,45.166,26.62,100.0,31.632,False,,0.0,62.689,0.0,0.0,0.0,0.0,0.0,-4.0,-1.6,6.655,4.0,0.0,80.51,80.054,70.399,66.368,45.188,100.0,32.204,20.0,0.0,79.615,79.72,70.105,66.091,38.739,100.0,31.846,5.04,4.34,86.459,85.108,24.08,NORMAL
409,2026-06-05 06:15:00+00:00,6,4,1.0,0.0,-0.433884,-0.900969,False,False,MORNING,4.0,5.0,5.0,20.0,30.0,321.0,0.0,0.0,0.0,6.72,1.431,80.65,8.12,80.652,81.243,19.35,1.88,10.02,23.13,84.694,79.238,7.52,4.45,15.03,2.15,44.335,26.78,100.0,32.497,False,,0.0,66.654,0.0,0.0,0.0,0.0,0.0,0.0,-1.12,6.695,4.0,0.0,80.205,80.411,70.713,66.664,44.171,100.0,32.082,21.0,0.0,79.258,79.321,69.755,65.761,41.339,100.0,31.703,0.0,4.836,84.292,84.116,23.6,NORMAL
410,2026-06-05 06:30:00+00:00,6,4,1.0,0.0,-0.433884,-0.900969,False,False,MORNING,1.0,5.0,6.0,20.0,31.0,322.0,0.0,0.0,0.0,1.68,2.457,80.42,8.16,80.418,81.647,19.58,1.84,11.97,27.41,70.719,66.669,7.48,4.46,15.06,2.15,44.229,26.46,100.0,32.659,False,,0.0,63.489,0.0,0.0,0.0,0.0,0.0,2.0,-0.96,6.615,4.0,0.0,80.167,80.04,70.386,66.356,43.476,100.0,32.067,21.0,0.0,81.667,80.663,70.935,66.873,41.796,100.0,32.667,3.36,2.302,83.501,84.46,23.44,NORMAL
411,2026-06-05 06:45:00+00:00,6,4,1.0,0.0,-0.433884,-0.900969,False,False,MORNING,0.0,1.0,6.0,17.0,29.0,322.0,0.0,0.0,0.0,0.0,3.142,79.76,8.03,79.763,80.342,20.24,1.97,11.96,27.39,70.219,66.195,7.34,4.45,15.21,2.12,43.671,25.98,100.0,32.137,False,,0.0,62.916,0.0,0.0,0.0,0.0,0.0,4.0,-0.96,6.495,7.0,0.0,79.783,79.363,69.791,65.795,41.79,100.0,31.913,20.0,0.0,81.406,80.497,74.357,69.961,41.99,100.0,32.562,8.4,5.848,87.071,84.741,23.76,NORMAL
412,2026-06-05 07:00:00+00:00,7,4,0.965926,-0.258819,-0.433884,-0.900969,False,False,MORNING,2.0,2.0,7.0,15.0,30.0,322.0,0.0,0.0,0.0,3.36,2.127,80.05,8.05,80.054,80.51,19.95,1.95,11.97,27.41,70.399,66.368,7.75,4.45,14.8,2.2,45.188,25.82,100.0,32.204,False,,0.0,63.193,0.0,0.0,0.0,0.0,0.0,5.0,-0.8,6.455,8.0,0.0,79.615,79.72,70.105,66.091,38.739,100.0,31.846,22.0,0.0,83.015,80.866,71.113,67.041,42.643,100.0,33.206,8.4,4.76,89.643,85.393,24.08,NORMAL
413,2026-06-05 07:15:00+00:00,7,4,0.965926,-0.258819,-0.433884,-0.900969,False,False,MORNING,1.0,3.0,4.0,14.0,31.0,321.0,0.0,0.0,0.0,1.68,0.374,80.41,8.02,80.411,80.205,19.59,1.98,11.97,27.41,70.713,66.664,7.49,4.44,15.07,2.15,44.171,25.51,100.0,32.082,False,,0.0,63.192,0.0,0.0,0.0,0.0,0.0,-1.0,-1.27,6.378,9.0,0.0,79.258,79.321,69.755,65.761,41.339,100.0,31.703,22.0,0.0,83.382,80.838,88.862,82.956,41.943,100.0,33.353,3.36,5.451,89.443,84.891,23.92,NORMAL
414,2026-06-05 07:30:00+00:00,7,4,0.965926,-0.258819,-0.433884,-0.900969,False,False,MORNING,1.0,2.0,4.0,14.0,31.0,318.0,0.0,0.0,0.0,1.68,3.181,80.04,8.02,80.04,80.167,19.96,1.98,11.97,27.41,70.386,66.356,7.3,4.43,15.26,2.11,43.476,25.19,100.0,32.067,False,,0.0,62.964,0.0,0.0,0.0,0.0,0.0,-2.0,-1.27,6.298,10.0,0.0,81.667,80.663,70.935,66.873,41.796,100.0,32.667,23.0,0.0,84.933,82.388,72.451,68.303,41.577,100.0,33.973,5.04,5.592,88.51,84.846,23.93,NORMAL
415,2026-06-05 07:45:00+00:00,7,4,0.965926,-0.258819,-0.433884,-0.900969,False,False,MORNING,0.0,1.0,4.0,12.0,31.0,315.0,0.0,0.0,0.0,0.0,2.859,79.36,7.98,79.363,79.783,20.64,2.02,11.97,27.41,69.791,65.795,6.86,4.43,15.72,2.03,41.79,24.71,100.0,31.913,False,,0.0,62.448,0.0,0.0,0.0,0.0,0.0,-2.0,-1.27,6.178,11.0,0.0,81.406,80.497,74.357,69.961,41.99,100.0,32.562,21.0,0.0,83.781,82.332,77.807,73.136,40.51,100.0,33.512,3.36,4.142,87.954,84.706,23.77,NORMAL
416,2026-06-05 08:00:00+00:00,8,4,0.866025,-0.5,-0.433884,-0.900969,False,False,MORNING,2.0,2.0,4.0,13.0,32.0,316.0,0.0,0.0,0.0,3.36,2.001,79.72,7.96,79.72,79.615,20.28,2.04,11.97,27.41,70.105,66.091,6.04,4.42,16.54,1.88,38.739,24.55,100.0,31.846,False,,0.0,62.291,0.0,0.0,0.0,0.0,0.0,-3.0,-1.27,6.138,12.0,0.0,83.015,80.866,71.113,67.041,42.643,100.0,33.206,24.0,0.0,84.563,82.718,72.741,68.576,40.116,100.0,33.825,1.68,3.299,87.054,84.391,23.45,NORMAL
417,2026-06-05 08:15:00+00:00,8,4,0.866025,-0.5,-0.433884,-0.900969,False,False,MORNING,1.0,3.0,4.0,13.0,32.0,315.0,0.0,0.0,0.0,1.68,3.417,79.32,7.93,79.321,79.258,20.68,2.07,11.97,27.41,69.755,65.761,6.76,4.4,15.84,2.01,41.339,24.23,100.0,31.703,False,,0.0,62.285,0.0,0.0,0.0,0.0,0.0,0.0,-1.28,6.058,12.0,0.0,83.382,80.838,88.862,82.956,41.943,100.0,33.353,24.0,0.0,83.595,82.866,78.783,74.035,40.282,100.0,33.438,1.68,4.087,85.526,83.942,23.13,NORMAL
418,2026-06-05 08:30:00+00:00,8,4,0.866025,-0.5,-0.433884,-0.900969,False,False,MORNING,4.0,5.0,7.0,17.0,36.0,317.0,0.0,0.0,0.0,6.72,0.389,80.66,8.17,80.663,81.667,19.34,1.83,11.97,27.41,70.935,66.873,6.86,4.42,15.72,2.03,41.796,24.39,100.0,32.667,False,,0.0,63.378,0.0,0.0,0.0,0.0,0.0,3.0,-0.8,6.098,11.0,0.0,84.933,82.388,72.451,68.303,41.577,100.0,33.973,23.0,0.0,84.085,82.88,81.719,76.673,42.504,100.0,33.634,3.36,4.185,85.205,83.768,22.97,NORMAL
419,2026-06-05 08:45:00+00:00,8,4,0.866025,-0.5,-0.433884,-0.900969,False,False,MORNING,1.0,5.0,8.0,18.0,36.0,312.0,0.0,0.0,0.0,1.68,2.451,80.5,8.14,80.497,81.406,19.5,1.86,11.4,26.15,74.357,69.961,6.9,4.43,15.66,2.04,41.99,24.07,100.0,32.562,False,,0.0,64.088,0.0,0.0,0.0,0.0,0.0,4.0,-0.64,6.018,9.0,0.0,83.781,82.332,77.807,73.136,40.51,100.0,33.512,22.0,0.0,84.915,83.031,81.377,76.373,43.147,100.0,33.966,5.04,4.431,86.46,83.795,22.97,NORMAL
420,2026-06-05 09:00:00+00:00,9,4,0.707107,-0.707107,-0.433884,-0.900969,False,False,MORNING,3.0,4.0,9.0,20.0,38.0,311.0,0.0,0.0,0.0,5.04,2.92,80.87,8.3,80.866,83.015,19.13,1.7,11.97,27.41,71.113,67.041,7.05,4.46,15.49,2.07,42.643,24.07,100.0,33.206,False,,0.0,63.81,0.0,0.0,0.0,0.0,0.0,5.0,-0.48,6.018,10.0,0.0,84.563,82.718,72.741,68.576,40.116,100.0,33.825,24.0,0.0,84.48,83.331,73.28,69.084,43.178,100.0,33.792,3.36,4.572,85.518,83.586,22.81,NORMAL
421,2026-06-05 09:15:00+00:00,9,4,0.707107,-0.707107,-0.433884,-0.900969,False,False,MORNING,2.0,5.0,10.0,18.0,38.0,306.0,0.0,0.0,0.0,3.36,3.323,80.84,8.34,80.838,83.382,19.16,1.66,9.58,22.15,88.862,82.956,6.84,4.48,15.68,2.04,41.943,23.91,100.0,33.353,False,,0.0,67.854,0.0,0.0,0.0,0.0,0.0,6.0,-0.32,5.978,10.0,0.0,83.595,82.866,78.783,74.035,40.282,100.0,33.438,26.0,0.0,85.112,83.934,73.811,69.585,43.863,100.0,34.045,5.04,5.14,84.717,83.641,22.81,NORMAL
422,2026-06-05 09:30:00+00:00,9,4,0.707107,-0.707107,-0.433884,-0.900969,False,False,MORNING,5.0,7.0,11.0,22.0,42.0,309.0,0.0,0.0,0.0,8.4,1.581,82.39,8.49,82.388,84.933,17.61,1.51,11.97,27.41,72.451,68.303,6.7,4.52,15.77,2.02,41.577,24.23,100.0,33.973,False,,0.0,64.744,0.0,0.0,0.0,0.0,0.0,4.0,-0.16,6.058,12.0,0.0,84.085,82.88,81.719,76.673,42.504,100.0,33.634,25.0,0.0,85.415,84.422,77.033,72.514,42.986,100.0,34.166,1.68,5.032,83.588,82.916,22.49,NORMAL
423,2026-06-05 09:45:00+00:00,9,4,0.707107,-0.707107,-0.433884,-0.900969,False,False,MORNING,2.0,7.0,12.0,24.0,41.0,305.0,0.0,0.0,0.0,3.36,4.044,82.33,8.38,82.332,83.781,17.67,1.62,11.14,25.58,77.807,73.136,6.4,4.54,16.06,1.97,40.51,24.07,100.0,33.512,False,,0.0,65.628,0.0,0.0,0.0,0.0,0.0,4.0,0.0,6.018,12.0,0.0,84.915,83.031,81.377,76.373,43.147,100.0,33.966,25.0,0.0,86.813,84.898,74.658,70.384,44.878,100.0,34.725,1.68,2.814,83.332,82.658,22.17,NORMAL
424,2026-06-05 10:00:00+00:00,10,4,0.5,-0.866025,-0.433884,-0.900969,False,False,MORNING,3.0,5.0,12.0,25.0,40.0,296.0,0.0,0.0,0.0,5.04,3.185,82.72,8.46,82.718,84.563,17.28,1.54,11.97,27.41,72.741,68.576,6.27,4.56,16.17,1.95,40.116,24.07,100.0,33.825,False,,0.0,64.679,0.0,0.0,0.0,0.0,0.0,3.0,0.0,6.018,14.0,0.0,84.48,83.331,73.28,69.084,43.178,100.0,33.792,22.0,0.0,86.459,85.108,76.563,72.114,45.046,100.0,34.584,15.975,3.57,91.75,84.918,23.29,NORMAL
425,2026-06-05 10:15:00+00:00,10,4,0.5,-0.866025,-0.433884,-0.900969,False,False,MORNING,1.0,4.0,11.0,25.0,39.0,280.0,0.0,0.0,0.0,1.68,1.474,82.87,8.36,82.866,83.595,17.13,1.64,11.07,25.44,78.783,74.035,6.31,4.57,16.12,1.96,40.282,23.75,100.0,33.438,False,,0.0,65.913,0.0,0.0,0.0,0.0,0.0,1.0,-0.16,5.938,14.0,0.0,85.112,83.934,73.811,69.585,43.863,100.0,34.045,20.0,0.0,84.292,84.116,88.059,82.398,47.113,100.0,33.717,14.312,4.938,96.634,86.773,24.57,NORMAL
426,2026-06-05 10:30:00+00:00,10,4,0.5,-0.866025,-0.433884,-0.900969,False,False,MORNING,3.0,4.0,9.0,27.0,41.0,265.0,0.0,0.0,0.0,5.04,4.787,82.88,8.41,82.88,84.085,17.12,1.59,10.68,24.57,81.719,76.673,6.9,4.58,15.52,2.07,42.504,23.76,100.0,33.634,False,,0.0,66.883,0.0,0.0,0.0,0.0,0.0,-2.0,-0.47,5.94,11.0,0.0,85.415,84.422,77.033,72.514,42.986,100.0,34.166,21.0,0.0,83.501,84.46,75.769,71.374,46.375,100.0,33.401,13.004,5.472,99.693,88.35,25.7,NORMAL
427,2026-06-05 10:45:00+00:00,10,4,0.5,-0.866025,-0.433884,-0.900969,False,False,MORNING,3.0,6.0,10.0,30.0,42.0,257.0,0.0,0.0,0.0,5.04,4.106,83.03,8.49,83.031,84.915,16.97,1.51,10.74,24.71,81.377,76.373,7.05,4.6,15.35,2.1,43.147,23.76,100.0,33.966,False,,0.0,67.063,0.0,0.0,0.0,0.0,0.0,-2.0,-0.31,5.94,10.0,0.0,86.813,84.898,74.658,70.384,44.878,100.0,34.725,21.0,0.0,87.071,84.741,76.267,71.834,45.62,100.0,34.829,11.923,6.432,100.0,89.452,27.46,NORMAL
428,2026-06-05 11:00:00+00:00,11,4,0.258819,-0.965926,-0.433884,-0.900969,False,False,MORNING,3.0,6.0,10.0,31.0,44.0,247.0,0.0,0.0,0.0,5.04,4.015,83.33,8.45,83.331,84.48,16.67,1.55,11.97,27.41,73.28,69.084,7.05,4.61,15.34,2.1,43.178,23.76,100.0,33.792,False,,0.0,65.199,0.0,0.0,0.0,0.0,0.0,-2.0,-0.31,5.94,10.0,0.0,86.459,85.108,76.563,72.114,45.046,100.0,34.584,19.0,0.0,89.643,85.393,75.094,70.794,45.525,100.0,35.857,11.22,6.241,100.0,90.473,28.26,NORMAL
429,2026-06-05 11:15:00+00:00,11,4,0.258819,-0.965926,-0.433884,-0.900969,False,False,MORNING,3.0,6.0,12.0,33.0,46.0,240.0,0.0,0.0,0.0,5.04,2.373,83.93,8.51,83.934,85.112,16.07,1.49,11.97,27.41,73.811,69.585,7.22,4.62,15.16,2.13,43.863,23.76,100.0,34.045,False,,0.0,65.643,0.0,0.0,0.0,0.0,0.0,1.0,0.01,5.94,12.0,0.0,84.292,84.116,88.059,82.398,47.113,100.0,33.717,16.0,0.0,89.443,84.891,74.652,70.378,45.26,100.0,35.777,10.578,8.462,100.0,90.843,30.82,NORMAL
430,2026-06-05 11:30:00+00:00,11,4,0.258819,-0.965926,-0.433884,-0.900969,False,False,MORNING,3.0,6.0,12.0,32.0,49.0,237.0,0.0,0.0,0.0,5.04,2.968,84.42,8.54,84.422,85.415,15.58,1.46,11.54,26.46,77.033,72.514,6.97,4.64,15.39,2.09,42.986,23.76,100.0,34.166,False,,0.0,66.47,0.0,0.0,0.0,0.0,0.0,3.0,0.0,5.94,14.0,0.0,83.501,84.46,75.769,71.374,46.375,100.0,33.401,17.0,0.0,88.51,84.846,74.613,70.341,47.476,100.0,35.404,10.345,7.597,100.0,91.382,34.02,NORMAL
431,2026-06-05 11:45:00+00:00,11,4,0.258819,-0.965926,-0.433884,-0.900969,False,False,MORNING,5.0,8.0,14.0,36.0,54.0,233.0,0.0,0.0,0.0,8.4,5.937,84.9,8.68,84.898,86.813,15.1,1.32,11.97,27.41,74.658,70.384,7.45,4.66,14.88,2.18,44.878,24.08,100.0,34.725,False,,0.0,66.484,0.0,0.0,0.0,0.0,0.0,4.0,0.32,6.02,15.0,0.0,87.071,84.741,76.267,71.834,45.62,100.0,34.829,15.0,0.0,87.954,84.706,84.279,79.044,47.827,100.0,35.182,10.005,9.896,100.0,91.333,35.46,NORMAL
432,2026-06-05 12:00:00+00:00,12,4,0.0,-1.0,-0.433884,-0.900969,False,False,MORNING,3.0,8.0,14.0,36.0,56.0,229.0,0.0,0.0,0.0,5.04,4.34,85.11,8.65,85.108,86.459,14.89,1.35,11.7,26.82,76.563,72.114,7.48,4.68,14.84,2.19,45.046,24.08,100.0,34.584,False,,0.0,66.911,0.0,0.0,0.0,0.0,0.0,4.0,0.32,6.02,12.0,0.0,89.643,85.393,75.094,70.794,45.525,100.0,35.857,14.0,0.0,87.054,84.391,87.507,83.197,46.129,100.0,34.822,10.036,6.18,100.0,92.183,36.74,NORMAL
433,2026-06-05 12:15:00+00:00,12,4,0.0,-1.0,-0.433884,-0.900969,False,False,MORNING,0.0,3.0,11.0,34.0,52.0,220.0,0.0,0.0,0.0,0.0,4.836,84.12,8.43,84.116,84.292,15.88,1.57,10.06,23.2,88.059,82.398,8.05,4.67,14.28,2.29,47.113,23.6,100.0,33.717,False,,0.0,69.059,0.0,0.0,0.0,0.0,0.0,-1.0,-0.16,5.9,8.0,0.0,89.443,84.891,74.652,70.378,45.26,100.0,35.777,23.0,0.0,85.526,83.942,86.121,81.907,45.226,100.0,34.211,9.501,9.655,100.0,92.019,38.98,NORMAL
434,2026-06-05 12:30:00+00:00,12,4,0.0,-1.0,-0.433884,-0.900969,False,False,MORNING,2.0,2.0,10.0,31.0,53.0,212.0,0.0,0.0,0.0,3.36,2.302,84.46,8.35,84.46,83.501,15.54,1.65,11.73,26.89,75.769,71.374,7.86,4.66,14.48,2.25,46.375,23.44,100.0,33.401,False,,0.0,66.112,0.0,0.0,0.0,0.0,0.0,-2.0,-0.32,5.86,7.0,0.0,88.51,84.846,74.613,70.341,47.476,100.0,35.404,33.0,0.0,85.205,83.768,89.261,84.792,44.237,100.0,34.082,9.604,9.304,100.0,91.964,39.62,NORMAL
435,2026-06-05 12:45:00+00:00,12,4,0.0,-1.0,-0.433884,-0.900969,False,False,MORNING,5.0,7.0,10.0,34.0,58.0,212.0,0.0,0.0,0.0,8.4,5.848,84.74,8.71,84.741,87.071,15.26,1.29,11.7,26.81,76.267,71.834,7.63,4.68,14.68,2.22,45.62,23.76,100.0,34.829,False,,0.0,66.935,0.0,0.0,0.0,0.0,0.0,-4.0,-0.32,5.94,6.0,0.0,87.954,84.706,84.279,79.044,47.827,100.0,35.182,41.0,0.0,86.46,83.795,85.97,81.763,45.217,100.0,34.584,9.639,9.661,100.0,91.817,39.78,NORMAL
436,2026-06-05 13:00:00+00:00,13,4,-0.258819,-0.965926,-0.433884,-0.900969,False,False,MORNING,5.0,10.0,12.0,36.0,61.0,211.0,0.0,0.0,0.0,8.4,4.76,85.39,8.96,85.393,89.643,14.61,1.04,11.97,27.41,75.094,70.794,7.56,4.73,14.71,2.21,45.525,24.08,100.0,35.857,False,,0.0,67.319,0.0,0.0,0.0,0.0,0.0,-2.0,0.0,6.02,7.0,0.0,87.054,84.391,87.507,83.197,46.129,100.0,34.822,52.0,0.0,85.518,83.586,85.888,81.682,43.79,100.0,34.207,9.732,8.353,100.0,91.995,41.86,NORMAL
437,2026-06-05 13:15:00+00:00,13,4,-0.258819,-0.965926,-0.433884,-0.900969,False,False,MORNING,2.0,7.0,14.0,37.0,62.0,211.0,0.0,0.0,0.0,3.36,5.451,84.89,8.94,84.891,89.443,15.11,1.06,11.97,27.41,74.652,70.378,7.45,4.77,14.78,2.2,45.26,23.92,100.0,35.777,False,,0.0,67.042,0.0,0.0,0.0,0.0,0.0,3.0,0.32,5.98,8.0,0.0,85.526,83.942,86.121,81.907,45.226,100.0,34.211,58.0,0.0,84.717,83.641,85.813,81.614,43.942,100.0,33.887,9.62,9.858,100.0,91.823,42.18,NORMAL
438,2026-06-05 13:30:00+00:00,13,4,-0.258819,-0.965926,-0.433884,-0.900969,False,False,MORNING,3.0,5.0,15.0,37.0,64.0,212.0,0.0,0.0,0.0,5.04,5.592,84.85,8.85,84.846,88.51,15.15,1.15,11.97,27.41,74.613,70.341,8.03,4.79,14.18,2.31,47.476,23.93,100.0,35.404,False,,0.0,67.035,0.0,0.0,0.0,0.0,0.0,5.0,0.49,5.982,10.0,0.0,85.205,83.768,89.261,84.792,44.237,100.0,34.082,74.0,0.0,83.588,82.916,85.069,80.906,45.699,100.0,33.435,9.728,8.536,100.0,92.003,43.15,NORMAL
439,2026-06-05 13:45:00+00:00,13,4,-0.258819,-0.965926,-0.433884,-0.900969,False,False,MORNING,2.0,5.0,12.0,36.0,66.0,212.0,0.0,0.0,0.0,3.36,4.142,84.71,8.8,84.706,87.954,15.29,1.2,10.58,24.36,84.279,79.044,8.11,4.8,14.09,2.32,47.827,23.77,100.0,35.182,False,,0.0,69.129,0.0,0.0,0.0,0.0,0.0,2.0,0.01,5.942,9.0,0.0,86.46,83.795,85.97,81.763,45.217,100.0,34.584,96.0,0.0,83.332,82.658,84.804,80.654,45.138,100.0,33.333,9.614,8.718,100.0,92.107,43.47,NORMAL
440,2026-06-05 14:00:00+00:00,14,4,-0.5,-0.866025,-0.433884,-0.900969,False,False,EVENING,1.0,3.0,8.0,34.0,65.0,209.0,0.0,0.0,0.0,1.68,3.299,84.39,8.71,84.391,87.054,15.61,1.29,10.15,23.05,87.507,83.197,7.66,4.8,14.55,2.24,46.129,23.45,100.0,34.822,False,,0.0,69.613,0.0,0.0,0.0,0.0,0.0,-4.0,-0.63,5.862,7.0,0.0,85.518,83.586,85.888,81.682,43.79,100.0,34.207,107.0,2.46,91.75,84.918,94.26,91.941,47.759,100.0,51.487,5.605,9.892,97.926,91.242,43.63,NORMAL
441,2026-06-05 14:15:00+00:00,14,4,-0.5,-0.866025,-0.433884,-0.900969,False,False,EVENING,1.0,2.0,7.0,32.0,65.0,206.0,0.0,0.0,0.0,1.68,4.087,83.94,8.55,83.942,85.526,16.06,1.45,10.26,23.29,86.121,81.907,7.43,4.78,14.79,2.2,45.226,23.13,100.0,34.211,False,,0.0,68.806,0.0,0.0,0.0,0.0,0.0,-7.0,-0.79,5.782,15.0,0.0,84.717,83.641,85.813,81.614,43.942,100.0,33.887,108.0,6.71,96.634,86.773,100.0,99.863,48.367,100.0,78.936,5.96,8.294,95.695,90.882,43.79,NORMAL
442,2026-06-05 14:30:00+00:00,14,4,-0.5,-0.866025,-0.433884,-0.900969,False,False,EVENING,2.0,3.0,6.0,31.0,63.0,202.0,0.0,0.0,0.0,3.36,4.185,83.77,8.52,83.768,85.205,16.23,1.48,9.88,22.45,89.261,84.792,7.18,4.76,15.06,2.15,44.237,22.97,100.0,34.082,False,,0.0,69.338,0.0,0.0,0.0,0.0,0.0,-9.0,-0.96,5.742,23.0,0.0,83.588,82.916,85.069,80.906,45.699,100.0,33.435,114.0,10.58,99.693,88.35,100.0,100.0,53.055,100.0,100.0,6.13,8.56,94.535,90.39,43.31,NORMAL
443,2026-06-05 14:45:00+00:00,14,4,-0.5,-0.866025,-0.433884,-0.900969,False,False,EVENING,3.0,5.0,7.0,29.0,65.0,204.0,0.0,0.0,0.0,5.04,4.431,83.8,8.65,83.795,86.46,16.2,1.35,10.26,23.29,85.97,81.763,7.45,4.76,14.79,2.2,45.217,22.97,100.0,34.584,False,,0.0,68.924,0.0,0.0,0.0,0.0,0.0,-5.0,-0.8,5.742,32.0,0.0,83.332,82.658,84.804,80.654,45.138,100.0,33.333,111.0,18.96,100.0,89.452,100.0,100.0,56.206,100.0,100.0,6.332,8.869,93.704,89.839,43.79,NORMAL
444,2026-06-05 15:00:00+00:00,15,4,-0.707107,-0.707107,-0.433884,-0.900969,False,False,EVENING,2.0,5.0,8.0,28.0,64.0,205.0,0.0,0.0,0.0,3.36,4.572,83.59,8.55,83.586,85.518,16.41,1.45,10.24,23.26,85.888,81.682,7.08,4.75,15.18,2.13,43.79,22.81,100.0,34.207,False,,0.0,68.542,0.0,0.0,0.0,0.0,0.0,0.0,-0.64,5.702,45.0,2.46,91.75,84.918,94.26,91.941,47.759,100.0,51.487,101.0,21.66,100.0,90.473,100.0,100.0,56.699,100.0,100.0,6.549,9.901,93.745,88.997,43.95,NORMAL
445,2026-06-05 15:15:00+00:00,15,4,-0.707107,-0.707107,-0.433884,-0.900969,False,False,EVENING,3.0,5.0,10.0,31.0,65.0,206.0,0.0,0.0,0.0,5.04,5.14,83.64,8.47,83.641,84.717,16.36,1.53,10.26,23.29,85.813,81.614,7.13,4.73,15.14,2.14,43.942,22.81,100.0,33.887,False,,0.0,68.39,0.0,0.0,0.0,0.0,0.0,3.0,-0.32,5.702,43.0,6.71,96.634,86.773,100.0,99.863,48.367,100.0,78.936,109.0,35.67,100.0,90.843,100.0,100.0,62.284,100.0,100.0,6.86,6.932,93.621,88.992,43.63,NORMAL
446,2026-06-05 15:30:00+00:00,15,4,-0.707107,-0.707107,-0.433884,-0.900969,False,False,EVENING,1.0,4.0,9.0,30.0,61.0,202.0,0.0,0.0,0.0,1.68,5.032,82.92,8.36,82.916,83.588,17.08,1.64,10.26,23.29,85.069,80.906,7.64,4.7,14.66,2.22,45.699,22.49,100.0,33.435,False,,0.0,67.989,0.0,0.0,0.0,0.0,0.0,3.0,-0.48,5.622,51.0,10.58,99.693,88.35,100.0,100.0,53.055,100.0,100.0,95.0,53.79,100.0,91.382,100.0,100.0,64.694,100.0,100.0,6.864,7.403,93.103,88.909,43.63,NORMAL
447,2026-06-05 15:45:00+00:00,15,4,-0.707107,-0.707107,-0.433884,-0.900969,False,False,EVENING,1.0,2.0,7.0,26.0,60.0,200.0,0.0,0.0,0.0,1.68,2.814,82.66,8.33,82.658,83.332,17.34,1.67,10.26,23.29,84.804,80.654,7.51,4.68,14.81,2.19,45.138,22.17,100.0,33.333,False,,0.0,67.769,0.0,0.0,0.0,0.0,0.0,0.0,-0.8,5.542,64.0,18.96,100.0,89.452,100.0,100.0,56.206,100.0,100.0,81.0,60.0,100.0,91.333,100.0,100.0,68.902,100.0,100.0,6.903,8.54,92.584,88.551,43.31,NORMAL
448,2026-06-05 16:00:00+00:00,16,4,-0.866025,-0.5,-0.433884,-0.900969,False,False,EVENING,10.0,11.0,15.0,31.0,67.0,208.0,2.46,0.0,0.0,15.975,3.57,84.92,9.18,84.918,91.75,15.08,0.82,10.26,23.29,94.26,91.941,8.05,4.84,14.1,2.32,47.759,23.29,100.0,51.487,True,MASS_CASUALTY_INTAKE,3.1,74.249,2.46,2.46,2.46,0.154,2.46,7.0,0.48,6.438,62.0,21.66,100.0,90.473,100.0,100.0,56.699,100.0,100.0,74.0,60.0,100.0,92.183,100.0,100.0,72.051,100.0,100.0,7.044,5.998,92.125,88.859,43.31,MODERATE
449,2026-06-05 16:15:00+00:00,16,4,-0.866025,-0.5,-0.433884,-0.900969,False,False,EVENING,11.0,21.0,23.0,40.0,77.0,219.0,6.71,0.3,0.0446,14.312,4.938,86.77,9.66,86.773,96.634,13.23,0.34,9.77,22.22,100.0,99.863,7.88,5.18,13.94,2.35,48.367,24.57,100.0,78.936,True,MASS_CASUALTY_INTAKE,9.4,80.048,4.25,6.71,6.71,0.573,6.71,13.0,1.76,7.82,65.0,35.67,100.0,90.843,100.0,100.0,62.284,100.0,100.0,67.0,60.0,100.0,92.019,100.0,100.0,75.762,100.0,100.0,6.938,6.348,91.635,89.055,43.0,MODERATE
450,2026-06-05 16:30:00+00:00,16,4,-0.866025,-0.5,-0.433884,-0.900969,False,False,EVENING,10.0,21.0,32.0,47.0,84.0,225.0,10.58,0.82,0.0771,13.004,5.472,88.35,9.97,88.35,99.693,11.65,0.03,10.01,22.74,100.0,100.0,8.68,5.64,12.68,2.58,53.055,25.7,100.0,100.0,True,MASS_CASUALTY_INTAKE,16.4,83.922,3.87,8.120000000000001,10.58,1.234,10.58,23.0,3.21,9.07,63.0,53.79,100.0,91.382,100.0,100.0,64.694,100.0,100.0,54.0,60.0,100.0,91.964,100.0,100.0,77.435,100.0,100.0,6.874,6.547,91.784,89.122,42.84,MODERATE
451,2026-06-05 16:45:00+00:00,16,4,-0.866025,-0.5,-0.433884,-0.900969,False,False,EVENING,14.0,24.0,45.0,59.0,95.0,236.0,18.96,1.29,0.0678,11.923,6.432,89.45,10.0,89.452,100.0,10.55,0.0,9.75,22.17,100.0,100.0,8.86,6.32,11.82,2.73,56.206,27.46,100.0,100.0,True,MASS_CASUALTY_INTAKE,32.0,89.872,8.38,12.25,18.96,2.419,18.96,38.0,5.29,11.605,47.0,60.0,100.0,91.333,100.0,100.0,68.902,100.0,100.0,47.0,59.45,100.0,91.817,100.0,100.0,78.988,100.0,100.0,6.846,6.821,91.607,89.146,42.84,HIGH
452,2026-06-05 17:00:00+00:00,17,4,-0.965926,-0.258819,-0.433884,-0.900969,False,False,EVENING,8.0,22.0,43.0,66.0,100.0,242.0,21.66,2.3,0.1063,11.22,6.241,90.47,10.0,90.473,100.0,9.53,0.0,9.34,21.27,100.0,100.0,8.33,6.98,11.69,2.76,56.699,28.26,100.0,100.0,True,MASS_CASUALTY_INTAKE,38.9,91.869,2.6999999999999993,11.08,19.2,3.773,21.66,28.0,4.97,12.48,39.0,60.0,100.0,92.183,100.0,100.0,72.051,100.0,100.0,49.0,60.0,100.0,91.995,100.0,100.0,80.028,100.0,100.0,6.841,6.433,91.103,89.299,42.68,HIGH
453,2026-06-05 17:15:00+00:00,17,4,-0.965926,-0.258819,-0.433884,-0.900969,False,False,EVENING,19.0,27.0,51.0,84.0,116.0,260.0,35.67,2.63,0.0738,10.578,8.462,90.84,10.0,90.843,100.0,9.16,0.0,10.09,22.91,100.0,100.0,8.83,7.99,10.18,3.03,62.284,30.82,100.0,100.0,True,MASS_CASUALTY_INTAKE,67.9,94.591,14.010000000000002,16.71,28.96,6.002,35.67,28.0,6.25,16.623,44.0,60.0,100.0,92.019,100.0,100.0,75.762,100.0,100.0,37.0,60.0,100.0,91.823,100.0,100.0,80.464,100.0,100.0,6.793,6.933,90.455,89.328,42.52,HIGH
454,2026-06-05 17:30:00+00:00,17,4,-0.965926,-0.258819,-0.433884,-0.900969,False,False,EVENING,23.0,42.0,64.0,105.0,136.0,278.0,53.79,4.33,0.0806,10.345,7.597,91.38,10.0,91.382,100.0,8.62,0.0,9.23,21.02,100.0,100.0,8.68,8.79,9.53,3.14,64.694,34.02,100.0,100.0,True,MASS_CASUALTY_INTAKE,104.7,94.927,18.119999999999997,32.129999999999995,43.21,9.364,53.79,32.0,8.32,21.952,32.0,60.0,100.0,91.964,100.0,100.0,77.435,100.0,100.0,33.0,60.0,100.0,92.003,100.0,100.0,78.425,100.0,100.0,6.793,6.075,90.752,89.478,42.2,HIGH
455,2026-06-05 17:45:00+00:00,17,4,-0.965926,-0.258819,-0.433884,-0.900969,False,False,EVENING,12.0,35.0,62.0,114.0,143.0,286.0,60.0,6.54,0.1089,10.005,9.896,91.33,10.0,91.333,100.0,8.67,0.0,9.53,21.69,100.0,100.0,9.17,9.43,8.4,3.35,68.902,35.46,100.0,100.0,True,MASS_CASUALTY_INTAKE,120.8,95.294,6.210000000000001,24.33,41.04,13.114,60.0,17.0,8.0,23.865,34.0,59.45,100.0,91.817,100.0,100.0,78.988,100.0,100.0,27.0,60.0,100.0,92.107,100.0,100.0,80.28,100.0,100.0,6.732,8.74,91.563,88.895,42.2,CRITICAL
456,2026-06-05 18:00:00+00:00,18,4,-1.0,-0.0,-0.433884,-0.900969,False,False,EVENING,11.0,23.0,65.0,123.0,151.0,297.0,60.0,7.29,0.1215,10.036,6.18,92.18,10.0,92.183,100.0,7.82,0.0,9.55,21.74,100.0,100.0,9.51,9.94,7.55,3.5,72.051,36.74,100.0,100.0,True,MASS_CASUALTY_INTAKE,120.4,95.765,0.0,6.210000000000001,38.34,16.864,60.0,22.0,8.48,24.185,35.0,60.0,100.0,91.995,100.0,100.0,80.028,100.0,100.0,23.0,60.0,97.926,91.242,100.0,100.0,80.819,100.0,100.0,6.934,6.926,92.286,88.825,42.1,CRITICAL
457,2026-06-05 18:15:00+00:00,18,4,-1.0,-0.0,-0.433884,-0.900969,False,False,EVENING,17.0,28.0,63.0,137.0,168.0,311.0,60.0,7.29,0.1215,9.501,9.655,92.02,10.0,92.019,100.0,7.98,0.0,9.66,21.98,100.0,100.0,10.1,10.36,6.54,3.68,75.762,38.98,100.0,100.0,True,MASS_CASUALTY_INTAKE,127.2,96.063,0.0,0.0,24.33,20.614,60.0,12.0,8.16,24.745,23.0,60.0,100.0,91.823,100.0,100.0,80.464,100.0,100.0,22.0,60.0,95.695,90.882,100.0,100.0,80.837,100.0,100.0,6.948,8.427,92.96,88.388,41.51,CRITICAL
458,2026-06-05 18:30:00+00:00,18,4,-1.0,-0.0,-0.433884,-0.900969,False,False,EVENING,7.0,24.0,47.0,143.0,173.0,313.0,60.0,7.29,0.1215,9.604,9.304,91.96,10.0,91.964,100.0,8.04,0.0,9.22,21.0,100.0,100.0,10.22,10.68,6.09,3.76,77.435,39.62,100.0,100.0,True,MASS_CASUALTY_INTAKE,125.8,96.201,0.0,0.0,6.210000000000001,24.364,60.0,-17.0,5.6,24.905,22.0,60.0,100.0,92.003,100.0,100.0,78.425,100.0,100.0,19.0,56.35,94.535,90.39,100.0,100.0,81.075,100.0,100.0,7.098,5.825,92.078,88.794,41.25,CRITICAL
459,2026-06-05 18:45:00+00:00,18,4,-1.0,-0.0,-0.433884,-0.900969,False,False,EVENING,4.0,11.0,39.0,146.0,172.0,315.0,59.45,7.29,0.1226,9.639,9.661,91.82,10.0,91.817,100.0,8.18,0.0,9.55,21.72,100.0,100.0,10.38,10.95,5.67,3.84,78.988,39.78,100.0,100.0,True,MASS_CASUALTY_INTAKE,124.2,96.309,-0.5499999999999972,-0.5499999999999972,-0.5499999999999972,28.08,60.0,-23.0,4.32,24.808,13.0,60.0,100.0,92.107,100.0,100.0,80.28,100.0,100.0,21.0,58.58,93.704,89.839,100.0,100.0,80.658,100.0,100.0,6.963,7.365,91.607,88.741,40.67,CRITICAL
460,2026-06-05 19:00:00+00:00,19,4,-0.965926,0.258819,-0.433884,-0.900969,False,False,EVENING,16.0,20.0,44.0,152.0,183.0,325.0,60.0,7.22,0.1204,9.732,8.353,91.99,10.0,91.995,100.0,8.01,0.0,9.59,21.82,100.0,100.0,10.45,11.16,5.39,3.89,80.028,41.86,100.0,100.0,True,MASS_CASUALTY_INTAKE,124.2,96.441,0.5499999999999972,0.0,0.0,31.83,60.0,-21.0,5.12,25.465,14.0,60.0,97.926,91.242,100.0,100.0,80.819,100.0,100.0,18.0,58.68,93.745,88.997,100.0,100.0,81.045,100.0,100.0,6.99,6.382,91.594,88.894,40.24,CRITICAL
461,2026-06-05 19:15:00+00:00,19,4,-0.965926,0.258819,-0.433884,-0.900969,False,False,EVENING,5.0,21.0,32.0,146.0,186.0,327.0,60.0,7.29,0.1215,9.62,9.858,91.82,10.0,91.823,100.0,8.18,0.0,10.26,23.29,100.0,100.0,10.4,11.33,5.27,3.91,80.464,42.18,100.0,100.0,True,MASS_CASUALTY_INTAKE,125.6,96.443,0.0,0.5499999999999972,0.0,35.58,60.0,-31.0,3.2,25.545,14.0,60.0,95.695,90.882,100.0,100.0,80.837,100.0,100.0,16.0,55.6,93.621,88.992,100.0,100.0,80.731,100.0,100.0,6.934,6.733,92.226,88.881,39.66,CRITICAL
462,2026-06-05 19:30:00+00:00,19,4,-0.965926,0.258819,-0.433884,-0.900969,False,False,EVENING,9.0,14.0,34.0,145.0,192.0,333.0,60.0,7.29,0.1215,9.728,8.536,92.0,10.0,92.003,100.0,8.0,0.0,9.39,21.37,100.0,100.0,9.71,11.46,5.83,3.81,78.425,43.15,100.0,100.0,True,MASS_CASUALTY_INTAKE,124.2,96.299,0.0,0.0,0.0,39.33,60.0,-13.0,3.53,25.788,11.0,56.35,94.535,90.39,100.0,100.0,81.075,100.0,100.0,17.0,54.51,93.103,88.909,100.0,100.0,81.286,100.0,100.0,6.928,5.93,91.963,89.157,39.08,CRITICAL
463,2026-06-05 19:45:00+00:00,19,4,-0.965926,0.258819,-0.433884,-0.900969,False,False,EVENING,5.0,14.0,35.0,136.0,195.0,334.0,60.0,7.29,0.1215,9.614,8.718,92.11,10.0,92.107,100.0,7.89,0.0,10.26,23.29,100.0,100.0,10.11,11.57,5.32,3.9,80.28,43.47,100.0,100.0,True,MASS_CASUALTY_INTAKE,125.7,96.489,0.0,0.0,0.5499999999999972,43.08,60.0,-4.0,3.69,25.868,14.0,58.58,93.704,89.839,100.0,100.0,80.658,100.0,100.0,15.0,51.41,92.584,88.551,100.0,100.0,80.399,100.0,100.0,6.831,8.593,92.088,88.704,38.49,CRITICAL
464,2026-06-05 20:00:00+00:00,20,4,-0.866025,0.5,-0.433884,-0.900969,False,False,EVENING,4.0,9.0,23.0,132.0,198.0,336.0,60.0,5.4,0.09,5.605,9.892,91.24,9.79,91.242,97.926,8.76,0.21,8.53,19.49,100.0,100.0,10.17,11.66,5.18,3.93,80.819,43.63,100.0,100.0,False,,170.8,95.932,0.0,0.0,0.0,46.676,60.0,-21.0,1.77,25.908,9.0,58.68,93.745,88.997,100.0,100.0,81.045,100.0,100.0,17.0,50.21,92.125,88.859,100.0,100.0,79.575,100.0,100.0,6.996,7.081,92.547,88.637,38.07,CRITICAL
465,2026-06-05 20:15:00+00:00,20,4,-0.866025,0.5,-0.433884,-0.900969,False,False,EVENING,4.0,8.0,22.0,117.0,201.0,336.0,60.0,5.4,0.09,5.96,8.294,90.88,9.57,90.882,95.695,9.12,0.43,10.26,23.29,100.0,100.0,10.1,11.72,5.17,3.93,80.837,43.79,100.0,100.0,False,,160.7,95.408,0.0,0.0,0.0,50.007,60.0,-10.0,1.61,25.947,8.0,55.6,93.621,88.992,100.0,100.0,80.731,100.0,100.0,17.0,47.08,91.635,89.055,100.0,100.0,79.496,100.0,100.0,7.013,6.646,91.993,88.784,37.81,CRITICAL
466,2026-06-05 20:30:00+00:00,20,4,-0.866025,0.5,-0.433884,-0.900969,False,False,EVENING,0.0,4.0,13.0,94.0,199.0,335.0,56.35,5.4,0.0958,6.13,8.56,90.39,9.45,90.39,94.535,9.61,0.55,9.59,21.81,100.0,100.0,10.11,11.78,5.11,3.94,81.075,43.31,100.0,100.0,False,,146.7,95.09,-3.6499999999999986,-3.6499999999999986,-3.6499999999999986,52.868,60.0,-21.0,0.16,24.915,8.0,54.51,93.103,88.909,100.0,100.0,81.286,100.0,100.0,16.0,44.99,91.784,89.122,100.0,100.0,79.83,100.0,100.0,5.546,7.546,91.685,88.315,37.22,CRITICAL
467,2026-06-05 20:45:00+00:00,20,4,-0.866025,0.5,-0.433884,-0.900969,False,False,EVENING,6.0,6.0,14.0,88.0,202.0,339.0,58.58,5.07,0.0866,6.332,8.869,89.84,9.37,89.839,93.704,10.16,0.63,10.26,23.29,100.0,100.0,9.95,11.82,5.22,3.92,80.658,43.79,100.0,100.0,False,,147.7,94.765,2.229999999999997,-1.4200000000000017,-1.4200000000000017,55.344,60.0,-21.0,0.32,25.592,7.0,51.41,92.584,88.551,100.0,100.0,80.399,100.0,100.0,16.0,43.92,91.607,89.146,100.0,100.0,80.988,100.0,100.0,0.0,6.336,88.698,87.029,36.64,HIGH
468,2026-06-05 21:00:00+00:00,21,4,-0.707107,0.707107,-0.433884,-0.900969,False,False,EVENING,4.0,10.0,14.0,81.0,204.0,340.0,58.68,5.27,0.0898,6.549,9.901,89.0,9.37,88.997,93.745,11.0,0.63,10.06,22.86,100.0,100.0,10.02,11.86,5.12,3.94,81.045,43.95,100.0,100.0,False,,143.0,94.622,0.10000000000000142,2.3299999999999983,-1.3200000000000003,57.658,60.0,-9.0,0.32,25.658,9.0,50.21,92.125,88.859,100.0,100.0,79.575,100.0,100.0,13.0,41.84,91.103,89.299,100.0,100.0,79.833,100.0,100.0,1.68,5.335,86.641,86.321,36.22,HIGH
469,2026-06-05 21:15:00+00:00,21,4,-0.707107,0.707107,-0.433884,-0.900969,False,False,EVENING,1.0,5.0,11.0,65.0,202.0,335.0,55.6,5.28,0.095,6.86,6.932,88.99,9.36,88.992,93.621,11.01,0.64,10.26,23.29,100.0,100.0,9.91,11.89,5.2,3.92,80.731,43.63,100.0,100.0,False,,129.4,94.568,-3.0799999999999983,-2.979999999999997,-4.399999999999999,58.903,60.0,-11.0,-0.16,24.808,8.0,47.08,91.635,89.055,100.0,100.0,79.496,100.0,100.0,12.0,39.8,90.455,89.328,100.0,100.0,79.409,100.0,100.0,0.0,5.756,84.19,85.127,35.63,HIGH
470,2026-06-05 21:30:00+00:00,21,4,-0.707107,0.707107,-0.433884,-0.900969,False,False,EVENING,3.0,4.0,14.0,61.0,204.0,333.0,54.51,5.0,0.0918,6.864,7.403,88.91,9.31,88.909,93.103,11.09,0.69,7.86,18.02,100.0,100.0,10.04,11.91,5.05,3.95,81.286,43.63,100.0,100.0,False,,126.8,94.496,-1.0900000000000034,-4.170000000000002,-1.8400000000000034,58.948,60.0,1.0,0.32,24.535,9.0,44.99,91.784,89.122,100.0,100.0,79.83,100.0,100.0,10.0,36.76,90.752,89.478,100.0,100.0,78.55,100.0,100.0,1.68,4.88,83.398,84.407,35.21,HIGH
471,2026-06-05 21:45:00+00:00,21,4,-0.707107,0.707107,-0.433884,-0.900969,False,False,EVENING,1.0,4.0,9.0,58.0,204.0,332.0,51.41,4.91,0.0954,6.903,8.54,88.55,9.26,88.551,92.584,11.45,0.74,10.26,23.29,100.0,100.0,9.78,11.93,5.29,3.91,80.399,43.31,100.0,100.0,False,,118.8,94.234,-3.1000000000000014,-4.190000000000005,-7.170000000000002,58.411,60.0,-5.0,-0.48,23.68,8.0,43.92,91.607,89.146,100.0,100.0,80.988,100.0,100.0,9.0,35.75,91.563,88.895,100.0,100.0,76.367,100.0,100.0,1.68,4.421,82.137,83.847,34.79,HIGH
472,2026-06-05 22:00:00+00:00,22,4,-0.5,0.866025,-0.433884,-0.900969,False,False,NIGHT,3.0,4.0,8.0,45.0,197.0,331.0,50.21,4.63,0.0921,7.044,5.998,88.86,9.21,88.859,92.125,11.14,0.79,6.27,17.99,100.0,100.0,9.54,11.94,5.51,3.87,79.575,43.31,100.0,100.0,False,,113.8,94.136,-1.1999999999999957,-4.299999999999997,-8.469999999999999,57.799,60.0,-6.0,-0.64,23.38,8.0,41.84,91.103,89.299,100.0,100.0,79.833,100.0,100.0,6.0,34.62,92.286,88.825,100.0,100.0,75.904,100.0,100.0,0.0,4.476,80.866,82.856,34.2,HIGH
473,2026-06-05 22:15:00+00:00,22,4,-0.5,0.866025,-0.433884,-0.900969,False,False,NIGHT,1.0,4.0,8.0,41.0,187.0,331.0,47.08,4.52,0.096,6.938,6.348,89.06,9.16,89.055,91.635,10.94,0.84,6.27,17.99,100.0,100.0,9.51,11.95,5.54,3.86,79.496,43.0,100.0,100.0,False,,108.3,94.074,-3.1300000000000026,-4.329999999999998,-8.520000000000003,56.992,60.0,-3.0,-0.63,22.52,9.0,39.8,90.455,89.328,100.0,100.0,79.409,100.0,100.0,4.0,30.49,92.96,88.388,100.0,100.0,76.052,100.0,100.0,0.0,5.495,79.855,81.583,33.62,HIGH
474,2026-06-05 22:30:00+00:00,22,4,-0.5,0.866025,-0.433884,-0.900969,False,False,NIGHT,2.0,3.0,7.0,34.0,179.0,332.0,44.99,4.24,0.0942,6.874,6.547,89.12,9.18,89.122,91.784,10.88,0.82,5.37,16.02,100.0,100.0,9.59,11.96,5.45,3.88,79.83,42.84,100.0,100.0,False,,104.5,94.148,-2.0899999999999963,-5.219999999999999,-9.519999999999996,56.054,60.0,-7.0,-0.79,21.958,7.0,36.76,90.752,89.478,100.0,100.0,78.55,100.0,100.0,6.0,28.26,92.078,88.794,100.0,100.0,75.294,100.0,100.0,0.0,2.433,79.169,81.043,33.04,HIGH
475,2026-06-05 22:45:00+00:00,22,4,-0.5,0.866025,-0.433884,-0.900969,False,False,NIGHT,3.0,5.0,9.0,32.0,168.0,333.0,43.92,4.05,0.0922,6.846,6.821,89.15,9.16,89.146,91.607,10.85,0.84,6.27,17.99,100.0,100.0,9.9,11.97,5.13,3.94,80.988,42.84,100.0,100.0,False,,102.4,94.222,-1.0700000000000003,-3.1599999999999966,-7.489999999999995,55.083,60.0,0.0,-0.47,21.69,8.0,35.75,91.563,88.895,100.0,100.0,76.367,100.0,100.0,4.0,24.12,91.607,88.741,100.0,100.0,74.191,100.0,100.0,3.36,1.819,80.258,81.32,32.77,HIGH
476,2026-06-05 23:00:00+00:00,23,4,-0.258819,0.965926,-0.433884,-0.900969,False,False,NIGHT,2.0,5.0,8.0,30.0,162.0,334.0,41.84,3.95,0.0945,6.841,6.433,89.3,9.11,89.299,91.103,10.7,0.89,6.27,17.99,100.0,100.0,9.58,11.98,5.44,3.88,79.833,42.68,100.0,100.0,False,,97.6,94.051,-2.0799999999999983,-3.1499999999999986,-8.369999999999997,53.948,60.0,0.0,-0.63,21.13,5.0,34.62,92.286,88.825,100.0,100.0,75.904,100.0,100.0,4.0,20.96,91.594,88.894,100.0,100.0,72.228,100.0,100.0,3.36,4.976,79.995,80.942,32.51,HIGH
477,2026-06-05 23:15:00+00:00,23,4,-0.258819,0.965926,-0.433884,-0.900969,False,False,NIGHT,2.0,4.0,9.0,28.0,145.0,334.0,39.8,3.77,0.0946,6.793,6.933,89.33,9.05,89.328,90.455,10.67,0.95,4.9,14.98,100.0,100.0,9.46,11.98,5.56,3.86,79.409,42.52,100.0,100.0,False,,93.5,93.89,-2.0400000000000063,-4.1200000000000045,-7.280000000000001,52.686,60.0,1.0,-0.48,20.58,3.0,30.49,92.96,88.388,100.0,100.0,76.052,100.0,100.0,4.0,16.83,92.226,88.881,100.0,100.0,70.004,100.0,100.0,0.0,1.366,78.338,80.766,31.93,HIGH
478,2026-06-05 23:30:00+00:00,23,4,-0.258819,0.965926,-0.433884,-0.900969,False,False,NIGHT,1.0,3.0,8.0,29.0,123.0,335.0,36.76,3.58,0.0975,6.793,6.075,89.48,9.08,89.478,90.752,10.52,0.92,6.03,17.47,100.0,100.0,9.3,11.91,5.79,3.82,78.55,42.2,100.0,100.0,False,,86.4,93.905,-3.039999999999999,-5.080000000000005,-8.230000000000004,51.233,60.0,1.0,-0.64,19.74,3.0,28.26,92.078,88.794,100.0,100.0,75.294,100.0,100.0,4.0,12.71,91.963,89.157,100.0,100.0,67.952,100.0,100.0,0.0,2.47,76.741,80.309,31.34,HIGH
479,2026-06-05 23:45:00+00:00,23,4,-0.258819,0.965926,-0.433884,-0.900969,False,False,NIGHT,3.0,4.0,8.0,26.0,114.0,338.0,35.75,3.31,0.0925,6.732,8.74,88.9,9.16,88.895,91.563,11.1,0.84,6.27,17.99,100.0,100.0,8.8,11.82,6.38,3.71,76.367,42.2,100.0,100.0,False,,84.8,93.743,-1.009999999999998,-4.049999999999997,-8.170000000000002,49.718,60.0,-1.0,-0.64,19.488,1.0,24.12,91.607,88.741,100.0,100.0,74.191,100.0,100.0,5.0,8.64,92.088,88.704,100.0,100.0,65.201,100.0,88.676,1.68,0.0,77.147,80.688,30.92,HIGH
480,2026-06-06 00:00:00+00:00,0,5,0.0,1.0,-0.974928,-0.222521,True,False,NIGHT,3.0,6.0,9.0,25.0,106.0,340.0,34.62,3.22,0.0929,6.934,6.926,88.82,9.23,88.825,92.286,11.18,0.77,6.27,17.99,100.0,100.0,8.78,11.72,6.51,3.69,75.904,42.1,100.0,100.0,False,,79.7,93.83,-1.1300000000000026,-2.1400000000000006,-7.220000000000006,48.131,60.0,1.0,-0.58,19.18,1.0,20.96,91.594,88.894,100.0,100.0,72.228,100.0,100.0,6.0,5.48,92.547,88.637,100.0,100.0,64.228,100.0,69.874,1.68,3.383,77.412,80.236,30.5,HIGH
481,2026-06-06 00:15:00+00:00,0,5,0.0,1.0,-0.974928,-0.222521,True,False,NIGHT,0.0,3.0,7.0,24.0,89.0,339.0,30.49,3.12,0.1022,6.948,8.427,88.39,9.3,88.388,92.96,11.61,0.7,6.27,17.99,100.0,100.0,9.04,11.49,6.47,3.7,76.052,41.51,100.0,100.0,False,,70.0,93.882,-4.129999999999999,-5.260000000000002,-9.309999999999999,46.287,58.68,-2.0,-1.01,18.0,1.0,16.83,92.226,88.881,100.0,100.0,70.004,100.0,100.0,5.0,3.3,91.993,88.784,100.0,100.0,61.114,100.0,56.606,3.36,1.859,78.026,80.55,30.23,HIGH
482,2026-06-06 00:30:00+00:00,0,5,0.0,1.0,-0.974928,-0.222521,True,False,NIGHT,2.0,2.0,8.0,23.0,84.0,341.0,28.26,2.74,0.0971,7.098,5.825,88.79,9.21,88.794,92.078,11.21,0.79,4.97,15.13,100.0,100.0,9.1,11.23,6.67,3.66,75.294,41.25,100.0,100.0,False,,63.5,93.727,-2.229999999999997,-6.359999999999996,-8.499999999999996,44.531,58.68,0.0,-0.95,17.378,3.0,12.71,91.963,89.157,100.0,100.0,67.952,100.0,100.0,3.0,0.0,91.685,88.315,100.0,100.0,58.446,100.0,36.674,1.68,1.139,78.285,80.659,29.81,HIGH
483,2026-06-06 00:45:00+00:00,0,5,0.0,1.0,-0.974928,-0.222521,True,False,NIGHT,0.0,2.0,5.0,22.0,80.0,339.0,24.12,2.54,0.1055,6.963,7.365,88.74,9.16,88.741,91.607,11.26,0.84,5.99,17.37,100.0,100.0,9.18,10.86,6.97,3.61,74.191,40.67,100.0,100.0,False,,55.3,92.958,-4.140000000000001,-6.369999999999997,-11.629999999999999,42.378,58.68,-3.0,-1.53,16.198,3.0,8.64,92.088,88.704,100.0,100.0,65.201,100.0,88.676,3.0,0.0,88.698,87.029,100.0,100.0,55.53,100.0,35.479,8.4,2.533,81.012,81.853,30.03,HIGH
484,2026-06-06 01:00:00+00:00,1,5,0.258819,0.965926,-0.974928,-0.222521,True,False,NIGHT,1.0,1.0,3.0,20.0,65.0,339.0,20.96,2.17,0.1036,6.99,6.382,88.89,9.16,88.894,91.594,11.11,0.84,5.42,16.13,100.0,100.0,9.05,10.45,7.5,3.51,72.228,40.24,100.0,100.0,False,,47.8,90.79,-3.16,-7.300000000000001,-13.659999999999997,40.02,55.6,-6.0,-1.86,15.3,3.0,5.48,92.547,88.637,100.0,100.0,64.228,100.0,69.874,5.0,0.0,86.641,86.321,100.0,100.0,53.297,100.0,34.656,0.0,2.721,79.521,81.322,29.44,HIGH
485,2026-06-06 01:15:00+00:00,1,5,0.258819,0.965926,-0.974928,-0.222521,True,False,NIGHT,0.0,1.0,3.0,19.0,60.0,339.0,16.83,1.89,0.1121,6.934,6.733,88.88,9.22,88.881,92.226,11.12,0.78,6.27,17.99,100.0,100.0,8.92,9.98,8.1,3.4,70.004,39.66,100.0,100.0,False,,38.7,88.071,-4.130000000000003,-7.290000000000003,-13.66,37.597,54.51,-4.0,-1.85,14.122,3.0,3.3,91.993,88.784,100.0,100.0,61.114,100.0,56.606,6.0,0.0,84.19,85.127,100.0,100.0,51.709,100.0,33.676,3.36,0.296,80.043,82.036,29.18,HIGH
486,2026-06-06 01:30:00+00:00,1,5,0.258819,0.965926,-0.974928,-0.222521,True,False,NIGHT,0.0,0.0,1.0,17.0,51.0,338.0,12.71,1.51,0.1192,6.928,5.93,89.16,9.2,89.157,91.963,10.84,0.8,6.27,17.99,100.0,100.0,8.9,9.45,8.65,3.3,67.952,39.08,100.0,100.0,False,,29.3,85.257,-4.119999999999997,-8.25,-15.55,34.984,51.41,-7.0,-2.17,12.948,1.0,0.0,91.685,88.315,100.0,100.0,58.446,100.0,36.674,6.0,0.0,83.398,84.407,100.0,100.0,50.991,100.0,33.359,3.36,3.763,81.471,81.792,28.92,HIGH
487,2026-06-06 01:45:00+00:00,1,5,0.258819,0.965926,-0.974928,-0.222521,True,False,NIGHT,0.0,0.0,1.0,14.0,46.0,338.0,8.64,1.14,0.1324,6.831,8.593,88.7,9.21,88.704,92.088,11.3,0.79,5.52,16.34,100.0,100.0,8.72,8.89,9.4,3.17,65.201,38.49,100.0,88.676,False,,20.2,82.33,-4.07,-8.189999999999998,-15.48,32.311,50.21,-4.0,-2.18,11.782,2.0,0.0,88.698,87.029,100.0,100.0,55.53,100.0,35.479,5.0,0.0,82.137,83.847,100.0,100.0,48.507,100.0,32.855,5.04,3.032,83.236,82.118,28.81,MODERATE
488,2026-06-06 02:00:00+00:00,2,5,0.5,0.866025,-0.974928,-0.222521,True,False,NIGHT,1.0,1.0,1.0,13.0,43.0,338.0,5.48,0.78,0.142,6.996,7.081,88.64,9.25,88.637,92.547,11.36,0.75,5.94,17.26,100.0,100.0,9.02,8.32,9.66,3.12,64.228,38.07,100.0,69.874,False,,12.5,80.297,-3.16,-7.23,-15.48,29.516,47.08,-2.0,-2.17,10.888,3.0,0.0,86.641,86.321,100.0,100.0,53.297,100.0,34.656,5.0,0.0,80.866,82.856,100.0,100.0,47.881,100.0,32.346,1.68,3.366,81.704,81.849,28.39,MODERATE
489,2026-06-06 02:15:00+00:00,2,5,0.5,0.866025,-0.974928,-0.222521,True,False,NIGHT,2.0,3.0,3.0,13.0,41.0,339.0,3.3,0.49,0.1493,7.013,6.646,88.78,9.2,88.784,91.993,11.22,0.8,5.48,16.26,100.0,100.0,8.71,7.79,10.5,2.97,61.114,37.81,100.0,56.606,False,,7.5,78.543,-2.1800000000000006,-5.340000000000001,-13.529999999999998,26.779,44.99,0.0,-1.85,10.278,2.0,0.0,84.19,85.127,100.0,100.0,51.709,100.0,33.676,6.0,0.0,79.855,81.583,100.0,100.0,49.927,100.0,31.942,1.68,3.621,81.818,81.352,27.97,MODERATE
490,2026-06-06 02:30:00+00:00,2,5,0.5,0.866025,-0.974928,-0.222521,True,False,NIGHT,0.0,2.0,3.0,12.0,41.0,339.0,0.0,0.3,0.2971,5.546,7.546,88.31,9.17,88.315,91.685,11.69,0.83,5.55,16.41,100.0,100.0,8.54,7.24,11.22,2.84,58.446,37.22,100.0,36.674,False,,0.0,76.026,-3.3,-5.48,-12.71,23.968,43.92,2.0,-1.86,9.305,2.0,0.0,83.398,84.407,100.0,100.0,50.991,100.0,33.359,8.0,0.0,79.169,81.043,100.0,100.0,49.48,100.0,31.668,1.68,1.793,81.793,81.327,27.54,MODERATE
491,2026-06-06 02:45:00+00:00,2,5,0.5,0.866025,-0.974928,-0.222521,True,False,NIGHT,0.0,0.0,3.0,9.0,35.0,338.0,0.0,0.0,0.0,0.0,6.336,87.03,8.87,87.029,88.698,12.97,1.13,6.27,17.99,100.0,100.0,8.23,6.77,12.01,2.7,55.53,36.64,100.0,35.479,False,,0.0,74.884,0.0,-3.3,-8.64,21.222,41.84,2.0,-1.85,9.16,1.0,0.0,82.137,83.847,100.0,100.0,48.507,100.0,32.855,9.0,0.0,80.258,81.32,100.0,100.0,48.755,100.0,32.103,5.04,2.455,82.983,81.854,27.44,MODERATE
492,2026-06-06 03:00:00+00:00,3,5,0.707107,0.707107,-0.974928,-0.222521,True,False,NIGHT,1.0,1.0,3.0,7.0,32.0,338.0,0.0,0.0,0.0,1.68,5.335,86.32,8.66,86.321,86.641,13.68,1.34,3.39,11.66,100.0,100.0,8.02,6.37,12.61,2.59,53.297,36.22,100.0,34.656,False,,0.0,74.116,0.0,0.0,-5.48,18.608,39.8,2.0,-1.85,9.055,2.0,0.0,80.866,82.856,100.0,100.0,47.881,100.0,32.346,12.0,0.0,79.995,80.942,100.0,100.0,49.367,100.0,31.998,3.36,2.989,82.613,81.984,27.18,MODERATE
493,2026-06-06 03:15:00+00:00,3,5,0.707107,0.707107,-0.974928,-0.222521,True,False,NIGHT,0.0,1.0,1.0,7.0,31.0,336.0,0.0,0.0,0.0,0.0,5.756,85.13,8.42,85.127,84.19,14.87,1.58,4.41,13.9,100.0,100.0,7.94,6.02,13.04,2.51,51.709,35.63,100.0,33.676,False,,0.0,73.22,0.0,0.0,-3.3,16.12,36.76,-2.0,-2.18,8.908,4.0,0.0,79.855,81.583,100.0,100.0,49.927,100.0,31.942,10.0,0.0,78.338,80.766,100.0,100.0,48.257,100.0,31.335,1.68,3.282,81.245,81.72,26.75,MODERATE
494,2026-06-06 03:30:00+00:00,3,5,0.707107,0.707107,-0.974928,-0.222521,True,False,NIGHT,1.0,1.0,2.0,6.0,29.0,336.0,0.0,0.0,0.0,1.68,4.88,84.41,8.34,84.407,83.398,15.59,1.66,5.65,16.62,100.0,100.0,8.03,5.73,13.23,2.48,50.991,35.21,100.0,33.359,False,,0.0,72.838,0.0,0.0,0.0,13.823,35.75,-1.0,-2.01,8.802,4.0,0.0,79.169,81.043,100.0,100.0,49.48,100.0,31.668,12.0,0.0,76.741,80.309,100.0,100.0,47.21,100.0,30.696,3.36,2.51,80.898,81.967,26.49,MODERATE
495,2026-06-06 03:45:00+00:00,3,5,0.707107,0.707107,-0.974928,-0.222521,True,False,NIGHT,1.0,2.0,3.0,7.0,29.0,334.0,0.0,0.0,0.0,1.68,4.421,83.85,8.21,83.847,82.137,16.15,1.79,5.88,17.14,100.0,100.0,7.61,5.49,13.9,2.36,48.507,34.79,100.0,32.855,False,,0.0,72.239,0.0,0.0,0.0,11.588,34.62,0.0,-1.85,8.698,4.0,0.0,80.258,81.32,100.0,100.0,48.755,100.0,32.103,14.0,0.0,77.147,80.688,100.0,100.0,44.639,100.0,30.859,3.36,3.29,82.326,81.842,26.23,MODERATE
496,2026-06-06 04:00:00+00:00,4,5,0.866025,0.5,-0.974928,-0.222521,True,False,NIGHT,0.0,1.0,2.0,6.0,26.0,330.0,0.0,0.0,0.0,0.0,4.476,82.86,8.09,82.856,80.866,17.14,1.91,6.0,17.41,100.0,100.0,7.65,5.28,14.07,2.33,47.881,34.2,100.0,32.346,False,,0.0,71.711,0.0,0.0,0.0,9.424,30.49,-1.0,-2.02,8.55,3.0,0.0,79.995,80.942,100.0,100.0,49.367,100.0,31.998,16.0,0.0,77.412,80.236,70.559,66.519,45.38,100.0,30.965,8.4,3.102,83.991,83.0,26.44,MODERATE
497,2026-06-06 04:15:00+00:00,4,5,0.866025,0.5,-0.974928,-0.222521,True,False,NIGHT,0.0,0.0,2.0,6.0,25.0,328.0,0.0,0.0,0.0,0.0,5.495,81.58,7.99,81.583,79.855,18.42,2.01,6.27,17.99,100.0,100.0,8.38,5.1,13.52,2.43,49.927,33.62,100.0,31.942,False,,0.0,71.413,0.0,0.0,0.0,7.519,28.26,1.0,-2.01,8.405,2.0,0.0,78.338,80.766,100.0,100.0,48.257,100.0,31.335,16.0,0.0,78.026,80.55,70.835,66.779,44.928,100.0,31.21,8.4,3.495,85.981,84.027,26.66,MODERATE
498,2026-06-06 04:30:00+00:00,4,5,0.866025,0.5,-0.974928,-0.222521,True,False,NIGHT,0.0,0.0,1.0,6.0,23.0,327.0,0.0,0.0,0.0,0.0,2.433,81.04,7.92,81.043,79.169,18.96,2.08,5.78,16.92,100.0,100.0,8.41,4.95,13.64,2.4,49.48,33.04,100.0,31.668,False,,0.0,71.116,0.0,0.0,0.0,5.752,24.12,-1.0,-2.17,8.26,4.0,0.0,76.741,80.309,100.0,100.0,47.21,100.0,30.696,15.0,0.0,78.285,80.659,70.931,66.87,44.725,100.0,31.314,3.36,5.214,85.074,83.655,26.4,MODERATE
499,2026-06-06 04:45:00+00:00,4,5,0.866025,0.5,-0.974928,-0.222521,True,False,NIGHT,2.0,2.0,2.0,8.0,22.0,327.0,0.0,0.0,0.0,3.36,1.819,81.32,8.03,81.32,80.258,18.68,1.97,6.27,17.99,100.0,100.0,8.32,4.85,13.84,2.37,48.755,32.77,100.0,32.103,False,,0.0,71.33,0.0,0.0,0.0,4.245,20.96,-1.0,-2.02,8.192,5.0,0.0,77.147,80.688,100.0,100.0,44.639,100.0,30.859,15.0,0.0,81.012,81.853,76.822,72.232,43.621,100.0,32.405,1.68,4.954,83.503,82.993,25.97,MODERATE
500,2026-06-06 05:00:00+00:00,5,5,0.965926,0.258819,-0.974928,-0.222521,True,False,NIGHT,2.0,4.0,4.0,9.0,22.0,328.0,0.0,0.0,0.0,3.36,4.976,80.94,8.0,80.942,79.995,19.06,2.0,6.27,17.99,100.0,100.0,8.57,4.76,13.67,2.4,49.367,32.51,100.0,31.998,False,,0.0,71.249,0.0,0.0,0.0,2.935,16.83,2.0,-1.69,8.127,9.0,0.0,77.412,80.236,70.559,66.519,45.38,100.0,30.965,13.0,0.0,79.521,81.322,71.514,67.419,45.038,100.0,31.808,9.251,2.902,86.327,84.298,26.35,MODERATE
501,2026-06-06 05:15:00+00:00,5,5,0.965926,0.258819,-0.974928,-0.222521,True,False,NIGHT,0.0,2.0,4.0,7.0,20.0,327.0,0.0,0.0,0.0,0.0,1.366,80.77,7.83,80.766,78.338,19.23,2.17,6.27,17.99,100.0,100.0,8.36,4.67,13.97,2.35,48.257,31.93,100.0,31.335,False,,0.0,70.779,0.0,0.0,0.0,1.883,12.71,2.0,-1.69,7.982,8.0,0.0,78.026,80.55,70.835,66.779,44.928,100.0,31.21,15.0,0.0,80.043,82.036,72.142,68.011,47.987,100.0,32.017,5.869,4.194,87.012,84.648,26.25,MODERATE
502,2026-06-06 05:30:00+00:00,5,5,0.965926,0.258819,-0.974928,-0.222521,True,False,NIGHT,0.0,0.0,4.0,7.0,19.0,327.0,0.0,0.0,0.0,0.0,2.47,80.31,7.67,80.309,76.741,19.69,2.33,6.27,17.99,100.0,100.0,8.17,4.58,14.25,2.29,47.21,31.34,100.0,30.696,False,,0.0,70.265,0.0,0.0,0.0,1.089,8.64,3.0,-1.7,7.835,8.0,0.0,78.285,80.659,70.931,66.87,44.725,100.0,31.314,14.0,0.0,81.471,81.792,71.927,67.809,48.558,100.0,32.588,8.58,4.287,88.549,85.568,26.78,MODERATE
503,2026-06-06 05:45:00+00:00,5,5,0.965926,0.258819,-0.974928,-0.222521,True,False,NIGHT,1.0,1.0,3.0,8.0,17.0,328.0,0.0,0.0,0.0,1.68,0.0,80.69,7.71,80.688,77.147,19.31,2.29,6.21,17.87,100.0,100.0,7.54,4.51,14.95,2.17,44.639,30.92,100.0,30.859,False,,0.0,70.198,0.0,0.0,0.0,0.549,5.48,1.0,-1.85,7.73,9.0,0.0,81.012,81.853,76.822,72.232,43.621,100.0,32.405,14.0,0.0,83.236,82.118,72.214,68.079,46.674,100.0,33.294,4.86,6.454,87.876,85.237,26.36,MODERATE
504,2026-06-06 06:00:00+00:00,6,5,1.0,0.0,-0.974928,-0.222521,True,False,MORNING,1.0,2.0,2.0,8.0,15.0,328.0,0.0,0.0,0.0,1.68,3.383,80.24,7.74,80.236,77.412,19.76,2.26,11.97,27.41,70.559,66.519,7.79,4.46,14.75,2.21,45.38,30.5,100.0,30.965,False,,0.0,62.668,0.0,0.0,0.0,0.206,3.3,-2.0,-2.01,7.625,7.0,0.0,79.521,81.322,71.514,67.419,45.038,100.0,31.808,13.0,0.0,81.704,81.849,78.446,73.693,47.087,100.0,32.682,6.72,5.658,88.704,85.419,26.42,NORMAL
505,2026-06-06 06:15:00+00:00,6,5,1.0,0.0,-0.974928,-0.222521,True,False,MORNING,2.0,3.0,4.0,10.0,17.0,326.0,0.0,0.0,0.0,3.36,1.859,80.55,7.8,80.55,78.026,19.45,2.2,11.97,27.41,70.835,66.779,7.7,4.43,14.87,2.18,44.928,30.23,100.0,31.21,False,,0.0,62.883,0.0,0.0,0.0,0.0,0.0,0.0,-1.7,7.558,8.0,0.0,80.043,82.036,72.142,68.011,47.987,100.0,32.017,17.0,0.0,81.818,81.352,71.541,67.444,47.086,100.0,32.727,8.267,5.416,91.135,85.889,26.95,NORMAL
506,2026-06-06 06:30:00+00:00,6,5,1.0,0.0,-0.974928,-0.222521,True,False,MORNING,1.0,3.0,5.0,10.0,16.0,326.0,0.0,0.0,0.0,1.68,1.139,80.66,7.83,80.659,78.285,19.34,2.17,11.97,27.41,70.931,66.87,7.67,4.4,14.92,2.17,44.725,29.81,100.0,31.314,False,,0.0,62.963,0.0,0.0,0.0,0.0,0.0,1.0,-1.53,7.452,7.0,0.0,81.471,81.792,71.927,67.809,48.558,100.0,32.588,21.0,0.0,81.793,81.327,71.518,67.423,46.391,100.0,32.717,6.853,5.734,91.7,86.112,26.69,NORMAL
507,2026-06-06 06:45:00+00:00,6,5,1.0,0.0,-0.974928,-0.222521,True,False,MORNING,5.0,6.0,9.0,14.0,21.0,331.0,0.0,0.0,0.0,8.4,2.533,81.85,8.1,81.853,81.012,18.15,1.9,11.22,25.75,76.822,72.232,7.36,4.41,15.22,2.12,43.621,30.03,100.0,32.405,False,,0.0,65.022,0.0,0.0,0.0,0.0,0.0,6.0,-0.89,7.508,6.0,0.0,83.236,82.118,72.214,68.079,46.674,100.0,33.294,22.0,0.0,82.983,81.854,81.796,76.701,46.631,100.0,33.193,1.68,3.883,89.686,85.763,26.27,NORMAL
508,2026-06-06 07:00:00+00:00,7,5,0.965926,-0.258819,-0.974928,-0.222521,True,False,MORNING,0.0,5.0,8.0,14.0,20.0,329.0,0.0,0.0,0.0,0.0,2.721,81.32,7.95,81.322,79.521,18.68,2.05,11.97,27.41,71.514,67.419,7.76,4.41,14.84,2.19,45.038,29.44,100.0,31.808,False,,0.0,63.52,0.0,0.0,0.0,0.0,0.0,6.0,-1.06,7.36,6.0,0.0,81.704,81.849,78.446,73.693,47.087,100.0,32.682,20.0,0.0,82.613,81.984,73.262,69.023,47.143,100.0,33.045,5.04,4.104,89.777,85.988,26.16,NORMAL
509,2026-06-06 07:15:00+00:00,7,5,0.965926,-0.258819,-0.974928,-0.222521,True,False,MORNING,2.0,2.0,8.0,16.0,22.0,330.0,0.0,0.0,0.0,3.36,0.296,82.04,8.0,82.036,80.043,17.96,2.0,11.97,27.41,72.142,68.011,8.55,4.4,14.04,2.33,47.987,29.18,100.0,32.017,False,,0.0,64.194,0.0,0.0,0.0,0.0,0.0,4.0,-1.05,7.295,7.0,0.0,81.818,81.352,71.541,67.444,47.086,100.0,32.727,24.0,0.0,81.245,81.72,71.864,67.749,45.734,100.0,32.498,8.039,5.677,90.646,86.491,26.38,NORMAL
510,2026-06-06 07:30:00+00:00,7,5,0.965926,-0.258819,-0.974928,-0.222521,True,False,MORNING,2.0,4.0,9.0,18.0,24.0,331.0,0.0,0.0,0.0,3.36,3.763,81.79,8.15,81.792,81.471,18.21,1.85,11.97,27.41,71.927,67.809,8.69,4.42,13.89,2.36,48.558,28.92,100.0,32.588,False,,0.0,64.427,0.0,0.0,0.0,0.0,0.0,4.0,-0.89,7.23,7.0,0.0,81.793,81.327,71.518,67.423,46.391,100.0,32.717,26.0,0.0,80.898,81.967,95.422,88.825,44.939,100.0,32.359,2.041,6.17,89.345,85.589,25.96,NORMAL
511,2026-06-06 07:45:00+00:00,7,5,0.965926,-0.258819,-0.974928,-0.222521,True,False,MORNING,3.0,5.0,7.0,19.0,27.0,334.0,0.0,0.0,0.0,5.04,3.032,82.12,8.32,82.118,83.236,17.88,1.68,11.97,27.41,72.214,68.079,8.15,4.45,14.4,2.27,46.674,28.81,100.0,33.294,False,,0.0,64.749,0.0,0.0,0.0,0.0,0.0,-2.0,-1.22,7.202,8.0,0.0,82.983,81.854,81.796,76.701,46.631,100.0,33.193,31.0,0.0,82.326,81.842,75.255,70.819,43.658,100.0,32.93,5.04,2.725,88.95,86.207,25.85,NORMAL
512,2026-06-06 08:00:00+00:00,8,5,0.866025,-0.5,-0.974928,-0.222521,True,False,MORNING,1.0,4.0,8.0,18.0,27.0,333.0,0.0,0.0,0.0,1.68,3.366,81.85,8.17,81.849,81.704,18.15,1.83,10.98,25.24,78.446,73.693,8.25,4.46,14.29,2.29,47.087,28.39,100.0,32.682,False,,0.0,65.842,0.0,0.0,0.0,0.0,0.0,0.0,-1.05,7.098,7.0,0.0,82.613,81.984,73.262,69.023,47.143,100.0,33.045,30.0,0.0,83.991,83.0,72.99,68.81,42.461,100.0,33.596,6.72,4.669,89.469,86.668,25.91,NORMAL
513,2026-06-06 08:15:00+00:00,8,5,0.866025,-0.5,-0.974928,-0.222521,True,False,MORNING,1.0,2.0,7.0,19.0,26.0,333.0,0.0,0.0,0.0,1.68,3.621,81.35,8.18,81.352,81.818,18.65,1.82,11.97,27.41,71.541,67.444,8.25,4.47,14.29,2.29,47.086,27.97,100.0,32.727,False,,0.0,64.177,0.0,0.0,0.0,0.0,0.0,-1.0,-1.21,6.992,10.0,0.0,81.245,81.72,71.864,67.749,45.734,100.0,32.498,29.0,0.0,85.981,84.027,73.893,69.662,42.764,100.0,34.392,1.68,6.353,87.643,85.683,25.49,NORMAL
514,2026-06-06 08:30:00+00:00,8,5,0.866025,-0.5,-0.974928,-0.222521,True,False,MORNING,1.0,2.0,6.0,20.0,27.0,330.0,0.0,0.0,0.0,1.68,1.793,81.33,8.18,81.327,81.793,18.67,1.82,11.97,27.41,71.518,67.423,8.05,4.47,14.47,2.25,46.391,27.54,100.0,32.717,False,,0.0,64.099,0.0,0.0,0.0,0.0,0.0,-3.0,-1.38,6.885,14.0,0.0,80.898,81.967,95.422,88.825,44.939,100.0,32.359,31.0,0.0,85.074,83.655,73.565,69.353,43.452,100.0,34.029,6.72,5.743,88.29,85.862,25.54,NORMAL
515,2026-06-06 08:45:00+00:00,8,5,0.866025,-0.5,-0.974928,-0.222521,True,False,MORNING,3.0,4.0,6.0,22.0,30.0,332.0,0.0,0.0,0.0,5.04,2.455,81.85,8.3,81.854,82.983,18.15,1.7,10.53,24.25,81.796,76.701,8.1,4.49,14.41,2.27,46.631,27.44,100.0,33.193,False,,0.0,66.821,0.0,0.0,0.0,0.0,0.0,-1.0,-1.37,6.86,14.0,0.0,82.326,81.842,75.255,70.819,43.658,100.0,32.93,31.0,0.0,83.503,82.993,72.984,68.805,43.949,100.0,33.401,0.0,5.434,85.993,84.733,24.96,NORMAL
516,2026-06-06 09:00:00+00:00,9,5,0.707107,-0.707107,-0.974928,-0.222521,True,False,MORNING,2.0,5.0,7.0,23.0,31.0,331.0,0.0,0.0,0.0,3.36,2.989,81.98,8.26,81.984,82.613,18.02,1.74,11.78,26.99,73.262,69.023,8.23,4.5,14.27,2.29,47.143,27.18,100.0,33.045,False,,0.0,64.876,0.0,0.0,0.0,0.0,0.0,-1.0,-1.21,6.795,13.0,0.0,83.991,83.0,72.99,68.81,42.461,100.0,33.596,31.0,0.49,86.327,84.298,80.406,75.559,45.618,100.0,37.492,5.04,5.646,86.058,84.575,24.86,NORMAL
517,2026-06-06 09:15:00+00:00,9,5,0.707107,-0.707107,-0.974928,-0.222521,True,False,MORNING,1.0,3.0,7.0,22.0,32.0,330.0,0.0,0.0,0.0,1.68,3.282,81.72,8.12,81.72,81.245,18.28,1.88,11.97,27.41,71.864,67.749,7.85,4.5,14.65,2.22,45.734,26.75,100.0,32.498,False,,0.0,64.097,0.0,0.0,0.0,0.0,0.0,0.0,-1.22,6.688,14.0,0.0,85.981,84.027,73.893,69.662,42.764,100.0,34.392,28.0,0.0,87.012,84.648,93.349,87.132,46.95,100.0,34.805,8.623,4.307,88.908,85.37,25.23,NORMAL
518,2026-06-06 09:30:00+00:00,9,5,0.707107,-0.707107,-0.974928,-0.222521,True,False,MORNING,2.0,3.0,8.0,23.0,33.0,327.0,0.0,0.0,0.0,3.36,2.51,81.97,8.09,81.967,80.898,18.03,1.91,9.04,20.97,95.422,88.825,7.65,4.49,14.87,2.18,44.939,26.49,100.0,32.359,False,,0.0,69.366,0.0,0.0,0.0,0.0,0.0,2.0,-1.05,6.622,12.0,0.0,85.074,83.655,73.565,69.353,43.452,100.0,34.029,30.0,1.89,88.549,85.568,78.331,73.757,45.598,100.0,46.776,3.137,5.867,88.017,84.776,24.81,NORMAL
519,2026-06-06 09:45:00+00:00,9,5,0.707107,-0.707107,-0.974928,-0.222521,True,False,MORNING,2.0,4.0,7.0,20.0,34.0,327.0,0.0,0.0,0.0,3.36,3.29,81.84,8.23,81.842,82.326,18.16,1.77,11.45,26.26,75.255,70.819,7.29,4.49,15.21,2.12,43.658,26.23,100.0,32.93,False,,0.0,64.929,0.0,0.0,0.0,0.0,0.0,1.0,-1.21,6.558,17.0,0.0,83.503,82.993,72.984,68.805,43.949,100.0,33.401,24.0,0.0,87.876,85.237,80.624,75.781,45.813,100.0,35.15,1.68,5.799,87.185,83.83,24.39,NORMAL
520,2026-06-06 10:00:00+00:00,10,5,0.5,-0.866025,-0.974928,-0.222521,True,False,MORNING,5.0,7.0,10.0,25.0,39.0,329.0,0.0,0.0,0.0,8.4,3.102,83.0,8.4,83.0,83.991,17.0,1.6,11.97,27.41,72.99,68.81,6.94,4.52,15.54,2.06,42.461,26.44,100.0,33.596,False,,0.0,64.896,0.0,0.0,0.0,0.0,0.0,3.0,-0.74,6.61,17.0,0.49,86.327,84.298,80.406,75.559,45.618,100.0,37.492,26.0,0.0,88.704,85.419,75.117,70.816,46.342,100.0,35.481,5.04,4.292,87.405,83.995,24.28,NORMAL
521,2026-06-06 10:15:00+00:00,10,5,0.5,-0.866025,-0.974928,-0.222521,True,False,MORNING,5.0,10.0,14.0,28.0,44.0,333.0,0.0,0.0,0.0,8.4,3.495,84.03,8.6,84.027,85.981,15.97,1.4,11.97,27.41,73.893,69.662,6.98,4.56,15.45,2.08,42.764,26.66,100.0,34.392,False,,0.0,65.757,0.0,0.0,0.0,0.0,0.0,7.0,-0.09,6.665,15.0,0.0,87.012,84.648,93.349,87.132,46.95,100.0,34.805,26.0,2.08,91.135,85.889,80.193,75.452,47.264,100.0,48.93,3.36,4.297,86.273,83.873,24.02,NORMAL
522,2026-06-06 10:30:00+00:00,10,5,0.5,-0.866025,-0.974928,-0.222521,True,False,MORNING,2.0,7.0,14.0,28.0,46.0,332.0,0.0,0.0,0.0,3.36,5.214,83.65,8.51,83.655,85.074,16.35,1.49,11.97,27.41,73.565,69.353,7.15,4.59,15.27,2.11,43.452,26.4,100.0,34.029,False,,0.0,65.48,0.0,0.0,0.0,0.0,0.0,6.0,-0.09,6.6,19.0,1.89,88.549,85.568,78.331,73.757,45.598,100.0,46.776,20.0,0.0,91.7,86.112,75.726,71.39,47.83,100.0,36.68,3.36,5.336,86.288,83.378,23.76,NORMAL
523,2026-06-06 10:45:00+00:00,10,5,0.5,-0.866025,-0.974928,-0.222521,True,False,MORNING,1.0,3.0,13.0,26.0,45.0,330.0,0.0,0.0,0.0,1.68,4.954,82.99,8.35,82.993,83.503,17.01,1.65,11.97,27.41,72.984,68.805,7.28,4.59,15.13,2.14,43.949,25.97,100.0,33.401,False,,0.0,64.929,0.0,0.0,0.0,0.0,0.0,6.0,-0.26,6.492,14.0,0.0,87.876,85.237,80.624,75.781,45.813,100.0,35.15,22.0,0.0,89.686,85.763,75.419,71.101,47.706,100.0,35.874,5.04,3.744,86.651,83.666,23.65,NORMAL
524,2026-06-06 11:00:00+00:00,11,5,0.258819,-0.965926,-0.974928,-0.222521,True,False,MORNING,6.0,7.0,14.0,31.0,49.0,333.0,0.49,0.0,0.0,9.251,2.902,84.3,8.63,84.298,86.327,15.7,1.37,11.06,25.42,80.406,75.559,7.68,4.64,14.68,2.22,45.618,26.35,100.0,37.492,False,,0.9,67.946,0.49,0.49,0.49,0.031,0.49,4.0,-0.09,6.71,14.0,0.0,88.704,85.419,75.117,70.816,46.342,100.0,35.481,21.0,0.0,89.777,85.988,75.617,71.287,47.662,100.0,35.911,8.949,5.262,88.567,84.396,24.03,NORMAL
525,2026-06-06 11:15:00+00:00,11,5,0.258819,-0.965926,-0.974928,-0.222521,True,False,MORNING,3.0,9.0,12.0,33.0,52.0,333.0,0.0,0.04,0.0444,5.869,4.194,84.65,8.7,84.648,87.012,15.35,1.3,9.55,22.08,93.349,87.132,8.01,4.67,14.32,2.28,46.95,26.25,100.0,34.805,False,,0.0,70.908,-0.49,0.0,0.0,0.031,0.49,-2.0,-0.41,6.562,13.0,2.08,91.135,85.889,80.193,75.452,47.264,100.0,48.93,21.0,0.22,90.646,86.491,76.145,71.785,47.902,100.0,37.549,4.491,4.731,88.918,84.301,23.77,MODERATE
526,2026-06-06 11:30:00+00:00,11,5,0.258819,-0.965926,-0.974928,-0.222521,True,False,MORNING,7.0,10.0,17.0,39.0,59.0,337.0,1.89,0.0,0.0,8.58,4.287,85.57,8.85,85.568,88.549,14.43,1.15,11.61,26.63,78.331,73.757,7.54,4.78,14.69,2.22,45.598,26.78,100.0,46.776,False,,3.5,69.099,1.89,1.4,1.89,0.149,1.89,3.0,0.38,7.168,11.0,0.0,91.7,86.112,75.726,71.39,47.83,100.0,36.68,22.0,0.0,89.345,85.589,75.266,70.957,46.819,100.0,35.738,8.677,4.973,90.348,85.084,24.3,NORMAL
527,2026-06-06 11:45:00+00:00,11,5,0.258819,-0.965926,-0.974928,-0.222521,True,False,MORNING,1.0,8.0,17.0,37.0,59.0,333.0,0.0,0.17,0.1703,4.86,6.454,85.24,8.79,85.237,87.876,14.76,1.21,11.13,25.56,80.624,75.781,7.58,4.79,14.63,2.23,45.813,26.36,100.0,35.15,False,,0.0,68.219,-1.89,0.0,0.0,0.149,1.89,4.0,0.39,6.59,10.0,0.0,89.686,85.763,75.419,71.101,47.706,100.0,35.874,22.0,0.0,88.95,86.207,75.81,71.469,47.149,100.0,35.58,8.363,5.287,91.102,85.778,24.36,NORMAL
528,2026-06-06 12:00:00+00:00,12,5,0.0,-1.0,-0.974928,-0.222521,True,False,MORNING,4.0,5.0,15.0,39.0,62.0,334.0,0.0,0.0,0.0,6.72,5.658,85.42,8.87,85.419,88.704,14.58,1.13,11.97,27.41,75.117,70.816,7.71,4.81,14.49,2.25,46.342,26.42,100.0,35.481,False,,0.0,67.216,0.0,-1.89,-0.49,0.149,1.89,1.0,0.07,6.605,12.0,0.0,89.777,85.988,75.617,71.287,47.662,100.0,35.911,20.0,0.0,89.469,86.668,95.432,90.557,48.312,100.0,35.787,8.094,5.562,91.205,86.4,24.42,NORMAL
529,2026-06-06 12:15:00+00:00,12,5,0.0,-1.0,-0.974928,-0.222521,True,False,MORNING,7.0,11.0,19.0,45.0,67.0,341.0,2.08,0.0,0.0,8.267,5.416,85.89,9.11,85.889,91.135,14.11,0.89,11.4,26.15,80.193,75.452,7.84,4.92,14.24,2.3,47.264,26.95,100.0,48.93,False,,4.0,70.385,2.08,2.08,2.08,0.279,2.08,7.0,0.7,7.258,13.0,0.22,90.646,86.491,76.145,71.785,47.902,100.0,37.549,19.0,0.0,87.643,85.683,87.907,83.605,48.925,100.0,35.057,6.786,5.671,91.653,86.634,24.47,MODERATE
530,2026-06-06 12:30:00+00:00,12,5,0.0,-1.0,-0.974928,-0.222521,True,False,MORNING,2.0,9.0,14.0,45.0,68.0,341.0,0.0,0.19,0.1871,6.853,5.734,86.11,9.17,86.112,91.7,13.89,0.83,11.97,27.41,75.726,71.39,7.97,4.95,14.09,2.32,47.83,26.69,100.0,36.68,False,,0.0,68.243,-2.08,0.0,-1.89,0.279,2.08,-3.0,-0.09,6.672,9.0,0.0,89.345,85.589,75.266,70.957,46.819,100.0,35.738,20.0,0.0,88.29,85.862,88.091,83.78,47.508,100.0,35.316,6.72,6.385,92.043,86.679,24.53,NORMAL
531,2026-06-06 12:45:00+00:00,12,5,0.0,-1.0,-0.974928,-0.222521,True,False,MORNING,1.0,3.0,14.0,44.0,64.0,337.0,0.0,0.0,0.0,1.68,3.883,85.76,8.97,85.763,89.686,14.24,1.03,11.97,27.41,75.419,71.101,7.94,4.94,14.12,2.32,47.706,26.27,100.0,35.874,False,,0.0,67.681,0.0,-2.08,0.0,0.279,2.08,-3.0,-0.09,6.568,12.0,0.0,88.95,86.207,75.81,71.469,47.149,100.0,35.58,18.0,0.0,85.993,84.733,94.387,89.531,47.721,100.0,34.397,7.745,5.048,92.824,87.275,24.75,NORMAL
532,2026-06-06 13:00:00+00:00,13,5,-0.258819,-0.965926,-0.974928,-0.222521,True,False,MORNING,3.0,4.0,13.0,42.0,67.0,335.0,0.0,0.0,0.0,5.04,4.104,85.99,8.98,85.988,89.777,14.01,1.02,11.97,27.41,75.617,71.287,7.93,4.94,14.13,2.32,47.662,26.16,100.0,35.911,False,,0.0,67.791,0.0,0.0,0.0,0.279,2.08,-2.0,-0.26,6.54,9.0,0.0,89.469,86.668,95.432,90.557,48.312,100.0,35.787,21.0,0.0,86.058,84.575,86.771,82.525,48.38,100.0,34.423,7.512,5.268,92.408,87.878,24.96,NORMAL
533,2026-06-06 13:15:00+00:00,13,5,-0.258819,-0.965926,-0.974928,-0.222521,True,False,MORNING,5.0,8.0,11.0,42.0,70.0,338.0,0.22,0.0,0.0,8.039,5.677,86.49,9.06,86.491,90.646,13.51,0.94,11.97,27.41,76.145,71.785,7.98,4.96,14.07,2.33,47.902,26.38,100.0,37.549,False,,0.4,68.361,0.22,0.22,-1.86,0.292,2.08,-8.0,-0.57,6.65,8.0,0.0,87.643,85.683,87.907,83.605,48.925,100.0,35.057,24.0,0.87,88.908,85.37,96.477,91.483,47.883,100.0,40.766,6.583,6.646,92.244,87.879,24.86,NORMAL
534,2026-06-06 13:30:00+00:00,13,5,-0.258819,-0.965926,-0.974928,-0.222521,True,False,MORNING,1.0,6.0,10.0,41.0,69.0,336.0,0.0,0.02,0.0194,2.041,6.17,85.59,8.93,85.589,89.345,14.41,1.07,11.97,27.41,75.266,70.957,7.69,4.95,14.36,2.28,46.819,25.96,100.0,35.738,False,,0.0,67.459,-0.22,0.0,0.0,0.292,2.08,-4.0,-0.73,6.49,13.0,0.0,88.29,85.862,88.091,83.78,47.508,100.0,35.316,20.0,0.0,88.017,84.776,86.977,82.721,48.19,100.0,35.207,5.04,7.577,91.904,87.278,24.76,NORMAL
535,2026-06-06 13:45:00+00:00,13,5,-0.258819,-0.965926,-0.974928,-0.222521,True,False,MORNING,3.0,4.0,12.0,43.0,69.0,337.0,0.0,0.0,0.0,5.04,2.725,86.21,8.9,86.207,88.95,13.79,1.1,11.97,27.41,75.81,71.469,7.79,4.94,14.27,2.29,47.149,25.85,100.0,35.58,False,,0.0,67.672,0.0,-0.22,0.0,0.292,2.08,-2.0,-0.42,6.462,10.0,0.0,85.993,84.733,94.387,89.531,47.721,100.0,34.397,26.0,0.0,87.185,83.83,93.898,89.051,47.869,100.0,34.874,7.526,6.547,93.667,87.347,24.97,NORMAL
536,2026-06-06 14:00:00+00:00,14,5,-0.5,-0.866025,-0.974928,-0.222521,True,False,EVENING,4.0,7.0,13.0,41.0,72.0,340.0,0.0,0.0,0.0,6.72,4.669,86.67,8.95,86.668,89.469,13.33,1.05,9.56,21.75,95.432,90.557,8.11,4.93,13.96,2.35,48.312,25.91,100.0,35.787,False,,0.0,72.628,0.0,0.0,0.0,0.292,2.08,0.0,-0.25,6.478,11.0,0.0,86.058,84.575,86.771,82.525,48.38,100.0,34.423,29.0,0.0,87.405,83.995,86.175,81.958,47.856,100.0,34.962,7.471,5.904,93.616,87.744,25.03,MODERATE
537,2026-06-06 14:15:00+00:00,14,5,-0.5,-0.866025,-0.974928,-0.222521,True,False,EVENING,1.0,5.0,9.0,39.0,72.0,340.0,0.0,0.0,0.0,1.68,6.353,85.68,8.76,85.683,87.643,14.32,1.24,10.26,23.29,87.907,83.605,8.3,4.91,13.79,2.38,48.925,25.49,100.0,35.057,False,,0.0,70.364,0.0,0.0,-0.22,0.292,2.08,-2.0,-0.89,6.372,11.0,0.87,88.908,85.37,96.477,91.483,47.883,100.0,40.766,30.0,0.0,86.273,83.873,86.051,81.84,49.374,100.0,34.509,7.325,7.124,93.866,87.769,25.41,MODERATE
538,2026-06-06 14:30:00+00:00,14,5,-0.5,-0.866025,-0.974928,-0.222521,True,False,EVENING,4.0,5.0,12.0,36.0,75.0,342.0,0.0,0.0,0.0,6.72,5.743,85.86,8.83,85.862,88.29,14.14,1.17,10.26,23.29,88.091,83.78,7.93,4.9,14.17,2.31,47.508,25.54,100.0,35.316,False,,0.0,70.448,0.0,0.0,0.0,0.292,2.08,2.0,-0.42,6.385,7.0,0.0,88.017,84.776,86.977,82.721,48.19,100.0,35.207,32.0,0.0,86.288,83.378,100.0,97.715,48.921,100.0,34.515,7.312,5.299,93.746,88.284,25.78,MODERATE
539,2026-06-06 14:45:00+00:00,14,5,-0.5,-0.866025,-0.974928,-0.222521,True,False,EVENING,0.0,4.0,9.0,35.0,72.0,339.0,0.0,0.0,0.0,0.0,5.434,84.73,8.6,84.733,85.993,15.27,1.4,9.45,21.51,94.387,89.531,8.02,4.87,14.12,2.32,47.721,24.96,100.0,34.397,False,,0.0,71.205,0.0,0.0,0.0,0.292,2.08,-3.0,-0.89,6.24,8.0,0.0,87.185,83.83,93.898,89.051,47.869,100.0,34.874,34.0,0.0,86.651,83.666,85.837,81.637,47.171,100.0,34.66,7.123,6.629,93.217,88.461,25.84,MODERATE
540,2026-06-06 15:00:00+00:00,15,5,-0.707107,-0.707107,-0.974928,-0.222521,True,False,EVENING,3.0,3.0,8.0,34.0,73.0,340.0,0.0,0.0,0.0,5.04,5.646,84.58,8.61,84.575,86.058,15.42,1.39,10.26,23.29,86.771,82.525,8.22,4.84,13.94,2.35,48.38,24.86,100.0,34.423,False,,0.0,69.488,0.0,0.0,0.0,0.262,2.08,-5.0,-1.05,6.215,10.0,0.0,87.405,83.995,86.175,81.958,47.856,100.0,34.962,36.0,0.67,88.567,84.396,97.478,92.36,46.161,100.0,39.465,6.923,7.606,92.95,88.316,25.42,NORMAL
541,2026-06-06 15:15:00+00:00,15,5,-0.707107,-0.707107,-0.974928,-0.222521,True,False,EVENING,6.0,9.0,13.0,33.0,78.0,343.0,0.87,0.0,0.0,8.623,4.307,85.37,8.89,85.37,88.908,14.63,1.11,9.36,21.31,96.477,91.483,8.05,4.88,14.07,2.33,47.883,25.23,100.0,40.766,False,,1.6,72.984,0.87,0.87,0.87,0.316,2.08,4.0,-0.26,6.525,13.0,0.0,86.273,83.873,86.051,81.84,49.374,100.0,34.509,35.0,0.0,88.918,84.301,96.559,91.505,46.816,100.0,35.567,5.04,6.172,92.096,88.119,25.31,MODERATE
542,2026-06-06 15:30:00+00:00,15,5,-0.707107,-0.707107,-0.974928,-0.222521,True,False,EVENING,1.0,7.0,10.0,32.0,77.0,343.0,0.0,0.08,0.078,3.137,5.867,84.78,8.8,84.776,88.017,15.22,1.2,10.26,23.29,86.977,82.721,8.14,4.87,13.99,2.34,48.19,24.81,100.0,35.207,False,,0.0,69.955,-0.87,0.0,0.0,0.198,2.08,-2.0,-0.73,6.202,13.0,0.0,86.288,83.378,100.0,97.715,48.921,100.0,34.515,36.0,1.84,90.348,85.084,89.357,84.948,45.846,100.0,47.152,3.36,6.2,90.704,87.548,25.05,NORMAL
543,2026-06-06 15:45:00+00:00,15,5,-0.707107,-0.707107,-0.974928,-0.222521,True,False,EVENING,1.0,2.0,11.0,32.0,76.0,343.0,0.0,0.0,0.0,1.68,5.799,83.83,8.72,83.83,87.185,16.17,1.28,9.4,21.39,93.898,89.051,8.07,4.86,14.08,2.33,47.869,24.39,100.0,34.874,False,,0.0,71.142,0.0,-0.87,0.0,0.198,2.08,2.0,-0.57,6.098,18.0,0.0,86.651,83.666,85.837,81.637,47.171,100.0,34.66,32.0,0.86,91.102,85.778,100.0,100.0,47.281,100.0,41.585,6.72,7.057,90.926,87.442,25.11,MODERATE
544,2026-06-06 16:00:00+00:00,16,5,-0.866025,-0.5,-0.974928,-0.222521,True,False,EVENING,3.0,4.0,11.0,32.0,74.0,336.0,0.0,0.0,0.0,5.04,4.292,83.99,8.74,83.995,87.405,16.01,1.26,10.26,23.29,86.175,81.958,8.07,4.85,14.08,2.33,47.856,24.28,100.0,34.962,False,,0.0,69.443,0.0,0.0,0.0,0.198,2.08,3.0,-0.58,6.07,19.0,0.67,88.567,84.396,97.478,92.36,46.161,100.0,39.465,33.0,0.04,91.205,86.4,88.661,84.323,46.065,100.0,36.719,1.68,6.654,88.206,86.47,24.68,NORMAL
545,2026-06-06 16:15:00+00:00,16,5,-0.866025,-0.5,-0.974928,-0.222521,True,False,EVENING,2.0,5.0,7.0,29.0,71.0,327.0,0.0,0.0,0.0,3.36,4.297,83.87,8.63,83.873,86.273,16.13,1.37,10.26,23.29,86.051,81.84,8.5,4.83,13.67,2.4,49.374,24.02,100.0,34.509,False,,0.0,69.297,0.0,0.0,-0.87,0.068,0.87,-6.0,-1.21,6.005,17.0,0.0,88.918,84.301,96.559,91.505,46.816,100.0,35.567,33.0,0.0,91.653,86.634,88.883,84.534,46.34,100.0,36.661,6.72,4.299,89.16,86.98,24.74,NORMAL
546,2026-06-06 16:30:00+00:00,16,5,-0.866025,-0.5,-0.974928,-0.222521,True,False,EVENING,2.0,4.0,8.0,30.0,71.0,319.0,0.0,0.0,0.0,3.36,5.336,83.38,8.63,83.378,86.288,16.62,1.37,8.49,19.39,100.0,97.715,8.4,4.81,13.79,2.38,48.921,23.76,100.0,34.515,False,,0.0,72.729,0.0,0.0,0.0,0.068,0.87,-2.0,-1.05,5.94,19.0,1.84,90.348,85.084,89.357,84.948,45.846,100.0,47.152,35.0,0.0,92.043,86.679,88.929,84.578,45.436,100.0,36.817,1.68,5.919,86.732,86.163,24.32,MODERATE
547,2026-06-06 16:45:00+00:00,16,5,-0.866025,-0.5,-0.974928,-0.222521,True,False,EVENING,3.0,5.0,10.0,30.0,73.0,308.0,0.0,0.0,0.0,5.04,3.744,83.67,8.67,83.666,86.651,16.33,1.33,10.26,23.29,85.837,81.637,7.93,4.8,14.26,2.29,47.171,23.65,100.0,34.66,False,,0.0,69.079,0.0,0.0,0.0,0.068,0.87,-1.0,-0.74,5.912,16.0,0.86,91.102,85.778,100.0,100.0,47.281,100.0,41.585,37.0,0.39,92.824,87.275,100.0,95.502,46.791,100.0,39.469,0.0,6.337,84.35,84.817,23.73,NORMAL
548,2026-06-06 17:00:00+00:00,17,5,-0.965926,-0.258819,-0.974928,-0.222521,True,False,EVENING,6.0,9.0,13.0,32.0,73.0,306.0,0.67,0.0,0.0,8.949,5.262,84.4,8.86,84.396,88.567,15.6,1.14,9.15,20.84,97.478,92.36,7.62,4.84,14.54,2.24,46.161,24.03,100.0,39.465,False,,1.2,72.644,0.67,0.67,0.67,0.11,0.87,2.0,-0.25,6.175,17.0,0.04,91.205,86.4,88.661,84.323,46.065,100.0,36.719,36.0,0.92,92.408,87.878,100.0,100.0,48.699,100.0,42.475,5.04,4.042,85.541,84.947,23.63,MODERATE
549,2026-06-06 17:15:00+00:00,17,5,-0.965926,-0.258819,-0.974928,-0.222521,True,False,EVENING,2.0,8.0,13.0,33.0,72.0,289.0,0.0,0.06,0.0606,4.491,4.731,84.3,8.89,84.301,88.918,15.7,1.11,9.19,20.94,96.559,91.505,7.79,4.85,14.36,2.28,46.816,23.77,100.0,35.567,False,,0.0,72.111,-0.67,0.0,0.0,0.096,0.87,6.0,-0.25,5.942,18.0,0.0,91.653,86.634,88.883,84.534,46.34,100.0,36.661,32.0,0.0,92.244,87.879,98.252,93.186,47.467,100.0,36.898,0.0,4.124,82.543,84.216,23.05,MODERATE
550,2026-06-06 17:30:00+00:00,17,5,-0.965926,-0.258819,-0.974928,-0.222521,True,False,EVENING,7.0,9.0,18.0,36.0,72.0,273.0,1.84,0.0,0.0,8.677,4.973,85.08,9.03,85.084,90.348,14.92,0.97,10.12,22.98,89.357,84.948,7.44,4.94,14.62,2.23,45.846,24.3,100.0,47.152,False,,3.4,72.008,1.84,1.17,1.84,0.211,1.84,10.0,0.54,6.535,17.0,0.0,92.043,86.679,88.929,84.578,45.436,100.0,36.817,32.0,0.0,91.904,87.278,92.084,87.501,46.876,100.0,36.762,3.36,4.415,82.613,83.945,22.78,MODERATE
551,2026-06-06 17:45:00+00:00,17,5,-0.965926,-0.258819,-0.974928,-0.222521,True,False,EVENING,4.0,11.0,19.0,40.0,75.0,265.0,0.86,0.17,0.1652,8.363,5.287,85.78,9.11,85.778,91.102,14.22,0.89,8.06,18.45,100.0,100.0,7.78,4.98,14.23,2.3,47.281,24.36,100.0,41.585,False,,1.6,74.897,-0.9800000000000001,0.86,0.86,0.265,1.84,9.0,0.71,6.305,16.0,0.39,92.824,87.275,100.0,95.502,46.791,100.0,39.469,31.0,0.52,93.667,87.347,100.0,96.743,49.215,100.0,40.589,5.04,4.893,82.942,83.949,22.68,MODERATE
552,2026-06-06 18:00:00+00:00,18,5,-1.0,-0.0,-0.974928,-0.222521,True,False,EVENING,4.0,8.0,17.0,41.0,75.0,258.0,0.04,0.08,0.0772,8.094,5.562,86.4,9.12,86.4,91.205,13.6,0.88,10.26,23.29,88.661,84.323,7.44,4.99,14.56,2.24,46.065,24.42,100.0,36.719,False,,0.1,71.179,-0.82,-1.8,-0.63,0.268,1.84,4.0,0.39,6.115,16.0,0.92,92.408,87.878,100.0,100.0,48.699,100.0,42.475,30.0,0.07,93.616,87.744,90.055,85.649,47.38,100.0,37.886,,,,,,MODERATE
553,2026-06-06 18:15:00+00:00,18,5,-1.0,-0.0,-0.974928,-0.222521,True,False,EVENING,4.0,8.0,19.0,39.0,72.0,245.0,0.0,0.0,0.0035,6.786,5.671,86.63,9.17,86.634,91.653,13.37,0.83,10.26,23.29,88.883,84.534,7.51,5.0,14.49,2.25,46.34,24.47,100.0,36.661,False,,0.0,71.371,-0.04,-0.86,0.0,0.268,1.84,6.0,0.7,6.118,15.0,0.0,92.244,87.879,98.252,93.186,47.467,100.0,36.898,27.0,1.71,93.866,87.769,90.838,86.393,45.766,100.0,47.825,,,,,,MODERATE
554,2026-06-06 18:30:00+00:00,18,5,-1.0,-0.0,-0.974928,-0.222521,True,False,EVENING,4.0,8.0,16.0,42.0,74.0,242.0,0.0,0.0,0.0,6.72,6.385,86.68,9.2,86.679,92.043,13.32,0.8,10.26,23.29,88.929,84.578,7.25,5.01,14.73,2.21,45.436,24.53,100.0,36.817,False,,0.0,71.388,0.0,-0.04,-1.84,0.268,1.84,-2.0,0.23,6.132,18.0,0.0,91.904,87.278,92.084,87.501,46.876,100.0,36.762,25.0,3.36,93.746,88.284,92.127,87.619,47.28,100.0,57.664,,,,,,MODERATE
555,2026-06-06 18:45:00+00:00,18,5,-1.0,-0.0,-0.974928,-0.222521,True,False,EVENING,5.0,9.0,17.0,46.0,78.0,243.0,0.39,0.0,0.0,7.745,5.048,87.28,9.28,87.275,92.824,12.72,0.72,9.13,20.81,100.0,95.502,7.59,5.05,14.37,2.27,46.791,24.75,100.0,39.469,False,,0.8,74.686,0.39,0.39,-0.47,0.292,1.84,-2.0,0.39,6.285,21.0,0.52,93.667,87.347,100.0,96.743,49.215,100.0,40.589,20.0,3.12,93.217,88.461,100.0,95.682,46.974,100.0,56.012,,,,,,MODERATE
556,2026-06-06 19:00:00+00:00,19,5,-0.965926,0.258819,-0.974928,-0.222521,True,False,EVENING,5.0,10.0,18.0,48.0,80.0,232.0,0.92,0.04,0.0351,7.512,5.268,87.88,9.24,87.878,92.408,12.12,0.76,8.61,19.66,100.0,100.0,8.06,5.09,13.85,2.37,48.699,24.96,100.0,42.475,False,,2.0,75.786,0.53,0.92,0.88,0.349,1.84,1.0,0.54,6.47,20.0,0.07,93.616,87.744,90.055,85.649,47.38,100.0,37.886,16.0,0.0,92.95,88.316,100.0,98.761,47.705,100.0,37.18,,,,,,MODERATE
557,2026-06-06 19:15:00+00:00,19,5,-0.965926,0.258819,-0.974928,-0.222521,True,False,EVENING,3.0,8.0,17.0,49.0,78.0,230.0,0.0,0.08,0.0827,6.583,6.646,87.88,9.22,87.879,92.244,12.12,0.78,9.41,21.43,98.252,93.186,7.73,5.08,14.18,2.31,47.467,24.86,100.0,36.898,False,,0.0,74.027,-0.92,-0.39,0.0,0.295,1.84,-2.0,0.39,6.215,17.0,1.71,93.866,87.769,90.838,86.393,45.766,100.0,47.825,18.0,0.0,92.096,88.119,90.406,85.982,46.761,100.0,36.838,,,,,,MODERATE
558,2026-06-06 19:30:00+00:00,19,5,-0.965926,0.258819,-0.974928,-0.222521,True,False,EVENING,3.0,6.0,16.0,50.0,80.0,224.0,0.0,0.0,0.0,5.04,7.577,87.28,9.19,87.278,91.904,12.72,0.81,9.98,22.67,92.084,87.501,7.58,5.08,14.34,2.28,46.876,24.76,100.0,36.762,False,,0.0,72.351,0.0,-0.92,0.0,0.295,1.84,0.0,0.23,6.19,14.0,3.36,93.746,88.284,92.127,87.619,47.28,100.0,57.664,15.0,0.0,90.704,87.548,89.821,85.426,46.164,100.0,36.282,,,,,,MODERATE
559,2026-06-06 19:45:00+00:00,19,5,-0.965926,0.258819,-0.974928,-0.222521,True,False,EVENING,5.0,8.0,16.0,52.0,82.0,224.0,0.52,0.0,0.0,7.526,6.547,87.35,9.37,87.347,93.667,12.65,0.63,9.02,20.57,100.0,96.743,8.18,5.11,13.71,2.39,49.215,24.97,100.0,40.589,False,,1.1,75.321,0.52,0.52,0.13,0.328,1.84,-1.0,0.22,6.372,10.0,3.12,93.217,88.461,100.0,95.682,46.974,100.0,56.012,15.0,0.0,90.926,87.442,89.711,85.322,47.878,100.0,36.37,,,,,,MODERATE
560,2026-06-06 20:00:00+00:00,20,5,-0.866025,0.5,-0.974928,-0.222521,True,False,EVENING,4.0,9.0,15.0,50.0,82.0,224.0,0.07,0.05,0.0468,7.471,5.904,87.74,9.36,87.744,93.616,12.26,0.64,10.26,23.29,90.055,85.649,7.67,5.12,14.21,2.3,47.38,25.03,100.0,37.886,False,,0.2,72.42,-0.45,0.07,-0.8500000000000001,0.332,1.84,-3.0,0.07,6.275,10.0,0.0,92.95,88.316,100.0,98.761,47.705,100.0,37.18,14.0,0.0,88.206,86.47,100.0,100.0,45.905,100.0,35.282,,,,,,MODERATE
561,2026-06-06 20:15:00+00:00,20,5,-0.866025,0.5,-0.974928,-0.222521,True,False,EVENING,6.0,10.0,18.0,54.0,87.0,226.0,1.71,0.01,0.0038,7.325,7.124,87.77,9.39,87.769,93.866,12.23,0.61,10.26,23.29,90.838,86.393,7.17,5.19,14.64,2.22,45.766,25.41,100.0,47.825,False,,3.7,73.563,1.64,1.19,1.71,0.439,1.84,1.0,0.55,6.78,10.0,0.0,92.096,88.119,90.406,85.982,46.761,100.0,36.838,13.0,0.0,89.16,86.98,100.0,100.0,45.172,100.0,35.664,,,,,,MODERATE
562,2026-06-06 20:30:00+00:00,20,5,-0.866025,0.5,-0.974928,-0.222521,True,False,EVENING,6.0,12.0,21.0,53.0,89.0,232.0,3.36,0.15,0.0459,7.312,5.299,88.28,9.37,88.284,93.746,11.72,0.63,10.26,23.29,92.127,87.619,7.46,5.31,14.23,2.3,47.28,25.78,100.0,57.664,False,,7.3,75.147,1.65,3.29,3.36,0.649,3.36,5.0,1.02,7.285,11.0,0.0,90.704,87.548,89.821,85.426,46.164,100.0,36.282,9.0,0.0,86.732,86.163,100.0,100.0,47.689,100.0,34.693,,,,,,MODERATE
563,2026-06-06 20:45:00+00:00,20,5,-0.866025,0.5,-0.974928,-0.222521,True,False,EVENING,4.0,10.0,20.0,53.0,93.0,230.0,3.12,0.3,0.0969,7.123,6.629,88.46,9.32,88.461,93.217,11.54,0.68,9.38,21.35,100.0,95.682,7.3,5.38,14.32,2.28,46.974,25.84,100.0,56.012,False,,7.0,76.811,-0.23999999999999977,1.4100000000000001,2.6,0.844,3.36,4.0,0.87,7.24,10.0,0.0,90.926,87.442,89.711,85.322,47.878,100.0,36.37,8.0,0.0,84.35,84.817,100.0,100.0,46.938,100.0,33.74,,,,,,MODERATE
564,2026-06-06 21:00:00+00:00,21,5,-0.707107,0.707107,-0.974928,-0.222521,True,False,EVENING,1.0,5.0,17.0,50.0,91.0,227.0,0.0,0.28,0.2809,6.923,7.606,88.32,9.3,88.316,92.95,11.68,0.7,8.91,20.32,100.0,98.761,7.55,5.33,14.12,2.32,47.705,25.42,100.0,37.18,False,,0.0,75.164,-3.12,-3.36,-0.07,0.802,3.36,2.0,0.39,6.355,6.0,0.0,88.206,86.47,100.0,100.0,45.905,100.0,35.282,8.0,0.0,85.541,84.947,100.0,100.0,47.025,100.0,34.216,,,,,,MODERATE
565,2026-06-06 21:15:00+00:00,21,5,-0.707107,0.707107,-0.974928,-0.222521,True,False,EVENING,3.0,4.0,14.0,49.0,88.0,229.0,0.0,0.0,0.0,5.04,6.172,88.12,9.21,88.119,92.096,11.88,0.79,10.26,23.29,90.406,85.982,7.35,5.28,14.37,2.27,46.761,25.31,100.0,36.838,False,,0.0,72.18,0.0,-3.12,-1.71,0.802,3.36,-4.0,-0.1,6.328,8.0,0.0,89.16,86.98,100.0,100.0,45.172,100.0,35.664,5.0,0.0,82.543,84.216,100.0,100.0,48.695,100.0,33.017,,,,,,MODERATE
566,2026-06-06 21:30:00+00:00,21,5,-0.707107,0.707107,-0.974928,-0.222521,True,False,EVENING,2.0,5.0,10.0,47.0,89.0,228.0,0.0,0.0,0.0,3.36,6.2,87.55,9.07,87.548,90.704,12.45,0.93,10.26,23.29,89.821,85.426,7.25,5.22,14.54,2.24,46.164,25.05,100.0,36.282,False,,0.0,71.586,0.0,0.0,-3.36,0.687,3.36,-11.0,-0.73,6.262,4.0,0.0,86.732,86.163,100.0,100.0,47.689,100.0,34.693,5.0,0.0,82.613,83.945,100.0,100.0,48.397,100.0,33.045,,,,,,MODERATE
567,2026-06-06 21:45:00+00:00,21,5,-0.707107,0.707107,-0.974928,-0.222521,True,False,EVENING,4.0,6.0,10.0,46.0,92.0,231.0,0.0,0.0,0.0,6.72,7.057,87.44,9.09,87.442,90.926,12.56,0.91,10.26,23.29,89.711,85.322,7.75,5.17,14.07,2.33,47.878,25.11,100.0,36.37,False,,0.0,71.735,0.0,0.0,-3.12,0.633,3.36,-10.0,-0.73,6.278,5.0,0.0,84.35,84.817,100.0,100.0,46.938,100.0,33.74,3.0,0.0,82.942,83.949,100.0,100.0,47.286,100.0,33.177,,,,,,MODERATE
568,2026-06-06 22:00:00+00:00,22,5,-0.5,0.866025,-0.974928,-0.222521,True,False,NIGHT,1.0,5.0,10.0,42.0,90.0,229.0,0.0,0.0,0.0,1.68,6.654,86.47,8.82,86.47,88.206,13.53,1.18,5.6,16.51,100.0,100.0,7.28,5.11,14.61,2.23,45.905,24.68,100.0,35.282,False,,0.0,73.796,0.0,0.0,0.0,0.631,3.36,-7.0,-0.74,6.17,8.0,0.0,85.541,84.947,100.0,100.0,47.025,100.0,34.216,,,,,,,,,,,,,,,MODERATE
569,2026-06-06 22:15:00+00:00,22,5,-0.5,0.866025,-0.974928,-0.222521,True,False,NIGHT,4.0,5.0,11.0,43.0,92.0,232.0,0.0,0.0,0.0,6.72,4.299,86.98,8.92,86.98,89.16,13.02,1.08,5.51,16.31,100.0,100.0,7.13,5.07,14.8,2.2,45.172,24.74,100.0,35.664,False,,0.0,74.033,0.0,0.0,0.0,0.631,3.36,-3.0,-0.57,6.185,5.0,0.0,82.543,84.216,100.0,100.0,48.695,100.0,33.017,,,,,,,,,,,,,,,MODERATE
570,2026-06-06 22:30:00+00:00,22,5,-0.5,0.866025,-0.974928,-0.222521,True,False,NIGHT,1.0,5.0,10.0,41.0,91.0,231.0,0.0,0.0,0.0,1.68,5.919,86.16,8.67,86.163,86.732,13.84,1.33,5.29,15.83,100.0,100.0,7.87,5.01,14.12,2.32,47.689,24.32,100.0,34.693,False,,0.0,73.594,0.0,0.0,0.0,0.631,3.36,0.0,-0.73,6.08,5.0,0.0,82.613,83.945,100.0,100.0,48.397,100.0,33.045,,,,,,,,,,,,,,,MODERATE
571,2026-06-06 22:45:00+00:00,22,5,-0.5,0.866025,-0.974928,-0.222521,True,False,NIGHT,0.0,1.0,6.0,36.0,88.0,228.0,0.0,0.0,0.0,0.0,6.337,84.82,8.43,84.817,84.35,15.18,1.57,6.07,17.56,100.0,100.0,7.74,4.94,14.33,2.28,46.938,23.73,100.0,33.74,False,,0.0,72.754,0.0,0.0,0.0,0.606,3.36,-4.0,-1.38,5.932,3.0,0.0,82.942,83.949,100.0,100.0,47.286,100.0,33.177,,,,,,,,,,,,,,,MODERATE
572,2026-06-06 23:00:00+00:00,23,5,-0.258819,0.965926,-0.974928,-0.222521,True,False,NIGHT,3.0,3.0,8.0,35.0,85.0,229.0,0.0,0.0,0.0,5.04,4.042,84.95,8.55,84.947,85.541,15.05,1.45,5.97,17.32,100.0,100.0,7.81,4.89,14.3,2.29,47.025,23.63,100.0,34.216,False,,0.0,73.029,0.0,0.0,0.0,0.549,3.36,-2.0,-1.05,5.908,,,,,,,,,,,,,,,,,,,,,,,,MODERATE
573,2026-06-06 23:15:00+00:00,23,5,-0.258819,0.965926,-0.974928,-0.222521,True,False,NIGHT,0.0,3.0,4.0,29.0,83.0,227.0,0.0,0.0,0.0,0.0,4.124,84.22,8.25,84.216,82.543,15.78,1.75,6.27,17.99,100.0,100.0,8.33,4.82,13.85,2.37,48.695,23.05,100.0,33.017,False,,0.0,72.419,0.0,0.0,0.0,0.549,3.36,-7.0,-1.69,5.762,,,,,,,,,,,,,,,,,,,,,,,,MODERATE
574,2026-06-06 23:30:00+00:00,23,5,-0.258819,0.965926,-0.974928,-0.222521,True,False,NIGHT,2.0,2.0,5.0,25.0,78.0,228.0,0.0,0.0,0.0,3.36,4.415,83.95,8.26,83.945,82.613,16.05,1.74,6.27,17.99,100.0,100.0,8.3,4.76,13.93,2.35,48.397,22.78,100.0,33.045,False,,0.0,72.346,0.0,0.0,0.0,0.549,3.36,-5.0,-1.54,5.695,,,,,,,,,,,,,,,,,,,,,,,,MODERATE
575,2026-06-06 23:45:00+00:00,23,5,-0.258819,0.965926,-0.974928,-0.222521,True,False,NIGHT,3.0,5.0,8.0,24.0,77.0,228.0,0.0,0.0,0.0,5.04,4.893,83.95,8.29,83.949,82.942,16.05,1.71,5.89,17.17,100.0,100.0,8.04,4.72,14.23,2.3,47.286,22.68,100.0,33.177,False,,0.0,72.313,0.0,0.0,0.0,0.516,3.36,2.0,-1.05,5.67,,,,,,,,,,,,,,,,,,,,,,,,MODERATE
